run,window_id,context_index,boundary_sample,predeclared_before_open,crn_bank,fold_id,stage,noise_seed,channel_index,direct_actuated,time_w1_free,time_w1_controlled,occupation_w1_free,occupation_w1_controlled,time_relative_reduction,occupation_relative_reduction,mean_absolute_error,symmetric_sd_ratio,time_relative_reduction_pass,occupation_relative_reduction_pass,time_absolute_pass,occupation_absolute_pass,mean_absolute_error_pass,symmetric_sd_ratio_pass,both_improved,full_gate_b_pass,gate_b_pass
run-04,outer-context-00,0,512,True,0,sealed-run04-retrospective,outer_once,521071309,0,True,0.36760380063987014,0.07765042668069787,0.3642959575221518,0.07284915306248015,0.7887659851570208,0.8000275557324833,0.0003825146952674905,2.019946485338269,True,True,True,True,True,False,True,False,False
run-04,outer-context-00,0,512,True,0,sealed-run04-retrospective,outer_once,521071309,1,True,0.39531540133733517,0.07163084917242649,0.3911674432130942,0.06484875070099018,0.8188007628083743,0.8342174129617866,0.002768563545247419,1.9105615407859582,True,True,True,True,True,True,True,True,True
run-04,outer-context-00,0,512,True,0,sealed-run04-retrospective,outer_once,521071309,2,True,0.3676049729805405,0.03339037138940793,0.36246078652601466,0.018798377091665156,0.9091677919406834,0.9481367977158656,0.003811752904489631,1.2697056657846195,True,True,True,True,True,True,True,True,True
run-04,outer-context-00,0,512,True,0,sealed-run04-retrospective,outer_once,521071309,3,True,0.3137475153050692,0.05687635475456741,0.30801076812870787,0.04221031295030439,0.8187193460344562,0.8629583205588901,0.02782987197789056,1.3574907442129918,True,True,True,True,True,True,True,True,True
run-04,outer-context-00,0,512,True,0,sealed-run04-retrospective,outer_once,521071309,4,False,0.2204983489335787,0.07626995823204318,0.2165228598422277,0.06804720243854047,0.6541019077878983,0.6857273985383161,0.012614753132524624,1.7413390302435576,True,True,True,True,True,True,True,True,True
run-04,outer-context-00,0,512,True,0,sealed-run04-retrospective,outer_once,521071309,5,True,0.3175461622087081,0.10919757591500161,0.3138425267214565,0.10225060698695022,0.6561206246188823,0.6741977320438147,0.03476008907413473,2.151286657414309,True,True,True,True,True,False,True,False,False
run-04,outer-context-00,0,512,True,0,sealed-run04-retrospective,outer_once,521071309,6,True,0.3247253665765264,0.1272367622992056,0.32023563718603976,0.11974135133029953,0.6081711643268856,0.6260836164816466,0.03991132797174442,2.163221427083567,True,True,True,True,True,False,True,False,False
run-04,outer-context-00,0,512,True,0,sealed-run04-retrospective,outer_once,521071309,7,True,0.2856635392709035,0.07774946839066005,0.2819006457842302,0.06884090479415388,0.7278285195615117,0.755797278851055,0.010206215863143952,1.8341844828946758,True,True,True,True,True,True,True,True,True
run-04,outer-context-00,0,512,True,0,sealed-run04-retrospective,outer_once,521071309,8,True,0.3374034561445286,0.06583804055591704,0.3345151653029009,0.05760353900844035,0.8048685057697959,0.8277999176620863,0.005766596947342775,1.7402024567073495,True,True,True,True,True,True,True,True,True
run-04,outer-context-00,0,512,True,0,sealed-run04-retrospective,outer_once,521071309,9,False,0.2580341677033729,0.09311993993294801,0.2535685692250925,0.08223738783896331,0.6391177929583517,0.6756798837873267,0.005079320392718022,1.6768562563994656,True,True,True,True,True,True,True,True,True
run-04,outer-context-00,0,512,True,0,sealed-run04-retrospective,outer_once,521071309,10,True,0.32288062430254705,0.08815875056615934,0.31940309507425946,0.07936578608634663,0.7269617811332264,0.7515184188559771,0.02969949313255425,1.7375830456370156,True,True,True,True,True,True,True,True,True
run-04,outer-context-00,0,512,True,0,sealed-run04-retrospective,outer_once,521071309,11,False,0.3139206394000492,0.13662644353547965,0.3092686320561725,0.12545842766174645,0.5647739384177037,0.5943383367797889,0.0030538478467721803,1.7518238948114215,True,True,True,True,True,True,True,True,True
run-04,outer-context-00,0,512,True,0,sealed-run04-retrospective,outer_once,521071309,12,True,0.33764707697277657,0.08991559817447038,0.3329344271081939,0.07665205722925357,0.7336994622295516,0.76976830574405,0.03743050722737388,1.6439134766386478,True,True,True,True,True,True,True,True,True
run-04,outer-context-00,0,512,True,0,sealed-run04-retrospective,outer_once,521071309,13,True,0.31557377559522537,0.0935039166226404,0.3111056695102227,0.08294075955478626,0.7037018793900848,0.7334000383684397,0.008544749676587454,1.8779133809875859,True,True,True,True,True,True,True,True,True
run-04,outer-context-00,0,512,True,0,sealed-run04-retrospective,outer_once,521071309,14,True,0.28090856797445707,0.10249943684158482,0.27369123506600973,0.09038086434530772,0.6351145941162427,0.6697707022897194,0.02772289740701284,1.7990279384550387,True,True,True,True,True,True,True,True,True
run-04,outer-context-00,0,512,True,0,sealed-run04-retrospective,outer_once,521071309,15,True,0.34172307620017883,0.09940855371941776,0.33591810382492426,0.08963010806455078,0.7090961639910295,0.7331786913417898,0.001567925271161483,1.9648819089090044,True,True,True,True,True,True,True,True,True
run-04,outer-context-00,0,512,True,0,sealed-run04-retrospective,outer_once,521071309,16,True,0.30713371783234783,0.07494743323489948,0.3035040048996097,0.0677228381001434,0.7559778399979831,0.776863444940227,0.005227301005871841,1.7855488075250028,True,True,True,True,True,True,True,True,True
run-04,outer-context-00,0,512,True,0,sealed-run04-retrospective,outer_once,521071309,17,True,0.2989645043036972,0.08704779626062861,0.29298230944842063,0.07501647658523018,0.7088356811342298,0.7439556104037168,0.027136511915476044,1.6714469507077547,True,True,True,True,True,True,True,True,True
run-04,outer-context-00,0,512,True,0,sealed-run04-retrospective,outer_once,521071309,18,True,0.335223143228032,0.093692948866887,0.33069125829314067,0.08191856321347882,0.7205057265298853,0.7522808324710469,0.017643084316268258,1.6753836344692474,True,True,True,True,True,True,True,True,True
run-04,outer-context-00,0,512,True,0,sealed-run04-retrospective,outer_once,521071309,19,False,0.28014669674746084,0.10660597743313492,0.2736106436703988,0.08898173740485939,0.6194637357111683,0.6747870031253245,0.001620925781007878,1.4575020209960903,True,True,True,True,True,True,True,True,True
run-04,outer-context-00,0,512,True,0,sealed-run04-retrospective,outer_once,521071309,20,True,0.2956032070612523,0.06314874820581652,0.2899670065983917,0.04049325991478313,0.7863732642361645,0.8603521814781263,0.009431038055917702,1.2911264326016487,True,True,True,True,True,True,True,True,True
run-04,outer-context-00,0,512,True,0,sealed-run04-retrospective,outer_once,521071309,21,True,0.3357124514684724,0.06838962352406963,0.33129866037708033,0.052964102191130444,0.7962851147613978,0.840131855254569,0.006932956714324029,1.4826185219214472,True,True,True,True,True,True,True,True,True
run-04,outer-context-00,0,512,True,0,sealed-run04-retrospective,outer_once,521071309,22,False,0.27967387599678056,0.05883188675272136,0.27578064735347974,0.0463120918293188,0.7896411077257763,0.8320691017526018,0.005806832118102244,1.5121118961602384,True,True,True,True,True,True,True,True,True
run-04,outer-context-00,0,512,True,0,sealed-run04-retrospective,outer_once,521071309,23,True,0.27228005633643815,0.09268579946366666,0.2655168042280314,0.07793431871526857,0.6595938729014326,0.706480654051798,0.028446555499481684,1.5796523712804924,True,True,True,True,True,True,True,True,True
run-04,outer-context-00,0,512,True,0,sealed-run04-retrospective,outer_once,521071309,24,False,0.21922499904221732,0.07424891381820856,0.21390843653528147,0.06293927515047176,0.6613118296608589,0.7057653444159939,0.019553182798908903,1.5530955483835287,True,True,True,True,True,True,True,True,True
run-04,outer-context-00,0,512,True,0,sealed-run04-retrospective,outer_once,521071309,25,True,0.3057164890368375,0.0799153010504538,0.3006123494843946,0.062359474523876,0.7385966936156186,0.7925585072242243,0.011276272769214963,1.4972517162257017,True,True,True,True,True,True,True,True,True
run-04,outer-context-00,0,512,True,0,sealed-run04-retrospective,outer_once,521071309,26,True,0.25692855181075863,0.061032775316434196,0.2505419946099713,0.02859530862533795,0.7624523437107603,0.8858662051052423,0.013704071310025209,1.0568177229783617,True,True,True,True,True,True,True,True,True
run-04,outer-context-00,0,512,True,0,sealed-run04-retrospective,outer_once,521071309,27,False,0.22404441153923657,0.09713468545087643,0.21520716785877272,0.078378806003856,0.5664489697219457,0.6357983482441849,0.014543518843967086,1.4832223067946808,True,True,True,True,True,True,True,True,True
run-04,outer-context-00,0,512,True,0,sealed-run04-retrospective,outer_once,521071309,28,True,0.26874482576862735,0.07562293594494249,0.2602628792237083,0.04742130208554962,0.7186069137195253,0.8177945997255,0.005434523696162349,1.240439434744409,True,True,True,True,True,True,True,True,True
run-04,outer-context-00,0,512,True,0,sealed-run04-retrospective,outer_once,521071309,29,True,0.25590500418144907,0.07163885126095469,0.24729982123797842,0.047900880153630476,0.7200568566835869,0.806304428713941,0.01640288049704145,1.1938694233715215,True,True,True,True,True,True,True,True,True
run-04,outer-context-00,0,512,True,0,sealed-run04-retrospective,outer_once,521071309,30,False,0.24555171638388334,0.09874508250442934,0.2406629588852132,0.09189659656596358,0.5978644174897308,0.6181523031560721,0.021075176118679206,1.9204686353838691,True,True,True,True,True,True,True,True,True
run-04,outer-context-00,0,512,True,0,sealed-run04-retrospective,outer_once,521071309,31,True,0.35110805887573426,0.057630109379984945,0.34737784844661374,0.04103201791662517,0.8358621856629568,0.881880729873508,0.002077770303493053,1.4775541630949511,True,True,True,True,True,True,True,True,True
run-04,outer-context-00,0,512,True,0,sealed-run04-retrospective,outer_once,521071309,32,True,0.3325281182264015,0.06575843368637588,0.3288197256064464,0.05366847436177162,0.8022469978264986,0.8367845047532042,0.018982190161292878,1.6402310244439504,True,True,True,True,True,True,True,True,True
run-04,outer-context-00,0,512,True,0,sealed-run04-retrospective,outer_once,521071309,33,True,0.3350298842379567,0.08952784404600977,0.3272811614511155,0.07665922302257303,0.7327765424578598,0.7657695215860347,0.020114361172028052,1.6095115587637296,True,True,True,True,True,True,True,True,True
run-04,outer-context-00,0,512,True,0,sealed-run04-retrospective,outer_once,521071309,34,True,0.35359602078737,0.05403108599720311,0.35044571513635625,0.041602399363165475,0.8471954354099082,0.8812871792512053,0.00765809096514551,1.4039033929644185,True,True,True,True,True,True,True,True,True
run-04,outer-context-00,0,512,True,0,sealed-run04-retrospective,outer_once,521071309,35,True,0.20110010174611295,0.07076914671444638,0.18449142671854815,0.01808724358153948,0.6480899507261724,0.9019616038357567,0.015385085554116147,1.0655341819042197,True,True,True,True,True,True,True,True,True
run-04,outer-context-00,0,512,True,0,sealed-run04-retrospective,outer_once,521071309,36,True,0.3024255483100113,0.06969148331090404,0.29664257557564244,0.05127200399002483,0.7695582145743042,0.8271589845438396,0.03115574571319626,1.3704418984915867,True,True,True,True,True,True,True,True,True
run-04,outer-context-00,0,512,True,0,sealed-run04-retrospective,outer_once,521071309,37,True,0.33399756469903946,0.07431726467182169,0.3289051333951271,0.05659601708500112,0.7774915971654226,0.8279260147119382,0.031826089590376645,1.4332066296395911,True,True,True,True,True,True,True,True,True
run-04,outer-context-00,0,512,True,0,sealed-run04-retrospective,outer_once,521071309,38,False,0.30970956258450244,0.0652447616077359,0.3060870466262441,0.05170035882702635,0.789335656725374,0.8310926274179892,0.008146371505380553,1.5828053786770582,True,True,True,True,True,True,True,True,True
run-04,outer-context-00,0,512,True,0,sealed-run04-retrospective,outer_once,521071309,39,False,0.2559363627173255,0.07293825880343081,0.25081719691452403,0.06469490427457264,0.7150140838565052,0.7420635224760126,0.024398940250666624,1.717365382517143,True,True,True,True,True,True,True,True,True
run-04,outer-context-00,0,512,True,0,sealed-run04-retrospective,outer_once,521071309,40,True,0.33956982695336274,0.09758804619445469,0.3325151611865612,0.08800861471346326,0.7126127280800552,0.7353245055070283,0.020218639862565137,1.821015090645022,True,True,True,True,True,True,True,True,True
run-04,outer-context-00,0,512,True,0,sealed-run04-retrospective,outer_once,521071309,41,False,0.35004987058704,0.07378493575960084,0.3472653026040237,0.06712207448173073,0.7892159319017541,0.806712406974134,0.0054889395145950445,1.8998828264711154,True,True,True,True,True,True,True,True,True
run-04,outer-context-00,0,512,True,0,sealed-run04-retrospective,outer_once,521071309,42,True,0.21069068660963639,0.0865727427720568,0.19017705070945606,0.05534913591421785,0.5891002864665912,0.7089599627939452,0.018938828689285918,1.3424803614029734,True,True,True,True,True,True,True,True,True
run-04,outer-context-00,0,512,True,0,sealed-run04-retrospective,outer_once,521071309,43,True,0.27424961510737766,0.06147187504624077,0.2657476173514851,0.03125770061176068,0.7758542887209795,0.8823782469875604,0.02672044377014175,1.1654576446606908,True,True,True,True,True,True,True,True,True
run-04,outer-context-00,0,512,True,0,sealed-run04-retrospective,outer_once,521071309,44,True,0.30218415881398747,0.06287796020082613,0.29229267132800135,0.022721500236803204,0.791921719366066,0.9222645571865677,0.006062517310490471,1.1413954834384028,True,True,True,True,True,True,True,True,True
run-04,outer-context-00,0,512,True,0,sealed-run04-retrospective,outer_once,521071309,45,True,0.3057890936010187,0.058826744525114244,0.29815369772985467,0.015864481509726712,0.8076231436760495,0.9467909282007266,0.011021273023601461,1.0608802268343336,True,True,True,True,True,True,True,True,True
run-04,outer-context-00,0,512,True,0,sealed-run04-retrospective,outer_once,521071309,46,True,0.346415581324064,0.05481794560021858,0.33916206886275874,0.037976985278130614,0.841756697574935,0.8880270267088802,0.000640006856010669,1.3508707310678663,True,True,True,True,True,True,True,True,True
run-04,outer-context-00,0,512,True,0,sealed-run04-retrospective,outer_once,521071309,47,True,0.3866886928875979,0.06742217505706805,0.38068180535640705,0.058036098910386295,0.8256422380659932,0.8475469589200594,0.0034786538223968914,1.6079947214997146,True,True,True,True,True,True,True,True,True
run-04,outer-context-00,0,512,True,0,sealed-run04-retrospective,outer_once,521071309,48,True,0.3764609248220518,0.05484388760516137,0.37227649857107886,0.04703541318892605,0.8543171840979634,0.8736546266834903,0.0002086656107664824,1.6241611647031704,True,True,True,True,True,True,True,True,True
run-04,outer-context-00,0,512,True,0,sealed-run04-retrospective,outer_once,521071309,49,False,0.3182955158270369,0.07236396775354995,0.3146729642648193,0.06079193675931231,0.7726516266950088,0.806809152157884,0.000527395500654384,1.541249053328574,True,True,True,True,True,True,True,True,True
run-04,outer-context-00,0,512,True,0,sealed-run04-retrospective,outer_once,521071309,50,True,0.2681855076277737,0.0618923785593127,0.2592336266649942,0.025290546458956304,0.7692180345359458,0.9024411038632766,0.025013923499507495,1.0498289701018215,True,True,True,True,True,True,True,True,True
run-04,outer-context-00,0,512,True,0,sealed-run04-retrospective,outer_once,521071309,51,True,0.26221153242223566,0.06215025427497738,0.25721095511525854,0.04080101706173822,0.7629766559050588,0.8413713869867833,0.013901879178858694,1.306088677045376,True,True,True,True,True,True,True,True,True
run-04,outer-context-00,0,512,True,0,sealed-run04-retrospective,outer_once,521071309,52,True,0.30967232265472605,0.06731749005419466,0.3055541814977716,0.05360165265461108,0.7826170273239067,0.8245756206252344,0.02498691718028138,1.504797210930941,True,True,True,True,True,True,True,True,True
run-04,outer-context-00,0,512,True,0,sealed-run04-retrospective,outer_once,521071309,53,True,0.292521000960003,0.06364318911304122,0.2897135290386685,0.0506820090913648,0.7824320684526056,0.8250616418931537,0.009847222189028327,1.4569460227977855,True,True,True,True,True,True,True,True,True
run-04,outer-context-00,0,512,True,0,sealed-run04-retrospective,outer_once,521071309,54,True,0.2798383921032504,0.05711014584641468,0.2700402342922348,0.016529837415531008,0.7959174028367663,0.938787501577848,0.011498341261151714,1.0836988921047295,True,True,True,True,True,True,True,True,True
run-04,outer-context-00,0,512,True,0,sealed-run04-retrospective,outer_once,521071309,55,True,0.37029511345605504,0.04918428276504276,0.36332383919589395,0.036049498935151185,0.8671754474262601,0.9007786028713786,0.005556332984460229,1.396866641994768,True,True,True,True,True,True,True,True,True
run-04,outer-context-00,0,512,True,0,sealed-run04-retrospective,outer_once,521071309,56,True,0.3539542511570782,0.04991435569237121,0.3498545570835987,0.04020162563916117,0.8589807707374586,0.885090461664174,0.0007179404349905458,1.5349804918040775,True,True,True,True,True,True,True,True,True
run-04,outer-context-00,0,512,True,0,sealed-run04-retrospective,outer_once,521071309,57,True,0.31241401267273883,0.05113843546742918,0.30805980703111835,0.020965536796805205,0.8363119661953258,0.9319432904965517,0.020965536796805306,1.0165568351950713,True,True,True,True,True,True,True,True,True
run-04,outer-context-00,0,512,True,0,sealed-run04-retrospective,outer_once,521071309,58,True,0.28729048329805124,0.07692020301663029,0.2791111925753466,0.03210989208006671,0.7322563485793264,0.8849566304246341,0.031858068875357276,1.1033986836493517,True,True,True,True,True,True,True,True,True
run-04,outer-context-00,0,512,True,0,sealed-run04-retrospective,outer_once,521071309,59,True,0.29504919523350925,0.06541753333185557,0.2870095586625469,0.01727256590849846,0.7782826240888998,0.9398188478844122,0.008114249387920356,1.0442076004610448,True,True,True,True,True,True,True,True,True
run-04,outer-context-00,0,512,True,0,sealed-run04-retrospective,outer_once,521071309,60,True,0.26538424485463047,0.06680347847643847,0.25613872992532627,0.03792247511141188,0.7482763963134609,0.8519455643335638,0.03710583826811346,1.0602527351061446,True,True,True,True,True,True,True,True,True
run-04,outer-context-00,0,512,True,0,sealed-run04-retrospective,outer_once,521071309,61,True,0.33963753602689184,0.07901122278894047,0.33582013099886165,0.06637308980043634,0.7673660464234303,0.8023552381954693,0.035544326019680425,1.513344716080118,True,True,True,True,True,True,True,True,True
run-04,outer-context-00,0,512,True,0,sealed-run04-retrospective,outer_once,521071309,62,False,0.28979674022686003,0.11150262886293431,0.28522350788286793,0.09996282127656456,0.6152384986261498,0.6495281121161441,0.018635227017857497,1.7612350962436087,True,True,True,True,True,True,True,True,True
run-04,outer-context-00,0,512,True,0,sealed-run04-retrospective,outer_once,521071309,63,True,0.29388581360869204,0.0706095569881295,0.28770249208372695,0.046140246930103886,0.7597381237253396,0.8396251398591424,0.037587417641498595,1.2566610544313128,True,True,True,True,True,True,True,True,True
run-04,outer-context-00,0,512,True,0,sealed-run04-retrospective,outer_once,521071309,64,False,0.25273099305444696,0.04714825292543494,0.249099916708811,0.033274470304887865,0.8134449109085817,0.8664211905627229,0.006976839506452008,1.3745171365375821,True,True,True,True,True,True,True,True,True
run-04,outer-context-00,0,512,True,0,sealed-run04-retrospective,outer_once,521071309,65,True,0.28143675931597706,0.045553290298472,0.2788501879714945,0.03159512722103722,0.838140225856822,0.8866949760698493,0.004716014900017694,1.365798892347011,True,True,True,True,True,True,True,True,True
run-04,outer-context-00,0,512,True,0,sealed-run04-retrospective,outer_once,521071309,66,True,0.282877925020978,0.07286852107727114,0.2624425663716352,0.03807560349315431,0.7424029426408325,0.8549183388214667,0.026620255643788643,1.1496843744712597,True,True,True,True,True,True,True,True,True
run-04,outer-context-00,0,512,True,0,sealed-run04-retrospective,outer_once,521071309,67,True,0.30578567099587506,0.08863662428740006,0.2882167480467348,0.06287486135795227,0.7101348012850618,0.7818486892796492,0.016080769936241707,1.4120114678754152,True,True,True,True,True,True,True,True,True
run-04,outer-context-00,0,512,True,0,sealed-run04-retrospective,outer_once,521071309,68,True,0.33378921945329926,0.08381990557795439,0.32217442761798243,0.06245162212357735,0.7488837245395767,0.8061558684675333,0.022672562063646446,1.5047868400443833,True,True,True,True,True,True,True,True,True
run-04,outer-context-00,0,512,True,0,sealed-run04-retrospective,outer_once,521071309,69,True,0.3259946428575343,0.07552646571771798,0.31256620369288735,0.04803938682775779,0.768319917604522,0.8463065223937039,0.007236316887409492,1.32875404466021,True,True,True,True,True,True,True,True,True
run-04,outer-context-00,0,512,True,0,sealed-run04-retrospective,outer_once,521071309,70,True,0.3603194588302492,0.15027269762730566,0.35349821604266557,0.1451888040934611,0.582945927718822,0.5892799524738266,0.037740854016045,2.8360833310523814,True,True,True,True,True,False,True,False,False
run-04,outer-context-00,0,512,True,0,sealed-run04-retrospective,outer_once,521071309,71,True,0.3719715301270046,0.1370421177637717,0.36228626059255015,0.1279123796419351,0.6315790143482741,0.6469300838714571,0.030699529720361197,2.2680379445256946,True,True,True,True,True,False,True,False,False
run-04,outer-context-00,0,512,True,0,sealed-run04-retrospective,outer_once,521071309,72,True,0.33447844396803245,0.12808156317122069,0.3264876902639329,0.12229262952945089,0.617070799386217,0.625429585321917,0.008441121580484613,2.5448731450908677,True,True,True,True,True,False,True,False,False
run-04,outer-context-00,0,512,True,0,sealed-run04-retrospective,outer_once,521071309,73,True,0.39275132237323046,0.18917825187097284,0.3833990974364951,0.182262786716649,0.518325614468085,0.5246134173624695,0.04836902350944079,2.8773268802576917,True,True,True,True,True,False,True,False,False
run-04,outer-context-00,0,512,True,0,sealed-run04-retrospective,outer_once,521071309,74,True,0.4079245544949637,0.18358688725970337,0.40038573359415247,0.17744516346622277,0.5499489176693579,0.5568144702026558,0.05883773997060973,2.9403289841442013,True,True,True,True,True,False,True,False,False
run-04,outer-context-00,0,512,True,0,sealed-run04-retrospective,outer_once,521071309,75,True,0.3581731656414061,0.11795984353089652,0.3523398664874805,0.10974206929105723,0.6706625318519955,0.688533487893126,0.04143568585541081,2.053688621802546,True,True,True,True,True,False,True,False,False
run-04,outer-context-00,0,512,True,0,sealed-run04-retrospective,outer_once,521071309,76,True,0.34633431356504163,0.08029801509712112,0.33287495300377845,0.06253621203431504,0.7681488320618248,0.8121330203128705,0.02446012339574033,1.4748643091236227,True,True,True,True,True,True,True,True,True
run-04,outer-context-00,0,512,True,0,sealed-run04-retrospective,outer_once,521071309,77,True,0.3673502333069018,0.09080590989187032,0.35382970561843763,0.07393445514566419,0.7528083511083365,0.7910450875896962,0.02914869615104055,1.5541039488994115,True,True,True,True,True,True,True,True,True
run-04,outer-context-00,0,512,True,0,sealed-run04-retrospective,outer_once,521071309,78,True,0.3606433193511097,0.07513622517701668,0.3498329269551042,0.05877760967244366,0.7916605655909387,0.8319837695552686,0.006928401625577081,1.5256544978406001,True,True,True,True,True,True,True,True,True
run-04,outer-context-00,0,512,True,0,sealed-run04-retrospective,outer_once,521071309,79,True,0.30429480482588306,0.06647515625262686,0.2913171548616829,0.04479796859594591,0.781543571568158,0.8462226894354506,0.00587112888221202,1.3283758129790777,True,True,True,True,True,True,True,True,True
run-04,outer-context-00,0,512,True,0,sealed-run04-retrospective,outer_once,521071309,80,True,0.3146061434915008,0.08185790614949594,0.31026337661512327,0.07372679867858904,0.7398083036744406,0.7623735051074173,0.009263829063666537,1.7138801394978203,True,True,True,True,True,True,True,True,True
run-04,outer-context-00,0,512,True,0,sealed-run04-retrospective,outer_once,521071309,81,False,0.224491495304563,0.0785553000242008,0.21979406153083564,0.06808140359554586,0.6500744942803893,0.6902491217398314,0.005350001716284292,1.679528448215528,True,True,True,True,True,True,True,True,True
run-04,outer-context-00,0,512,True,0,sealed-run04-retrospective,outer_once,521071309,82,True,0.39842645936891186,0.20688765392591665,0.39422525232310934,0.2014497364200888,0.48073816620106846,0.48899839563047726,0.06398368662246605,3.2660890707784436,True,True,True,True,True,False,True,False,False
run-04,outer-context-00,0,512,True,0,sealed-run04-retrospective,outer_once,521071309,83,True,0.423047649683309,0.2229709926843033,0.4188870573271819,0.2176651784089211,0.47294118558224335,0.4803726336216007,0.06672591705084982,3.512428839551765,True,True,True,True,True,False,True,False,False
run-04,outer-context-00,0,512,True,0,sealed-run04-retrospective,outer_once,521071309,84,True,0.42884823923036897,0.2265981160853018,0.42469583525476806,0.22075996266411116,0.4716123435834426,0.48019277718680503,0.06844198364262781,3.4736622441276324,True,True,True,True,True,False,True,False,False
run-04,outer-context-00,0,512,True,0,sealed-run04-retrospective,outer_once,521071309,85,True,0.41790097449185615,0.21198734459879887,0.41389268764395853,0.20544803877002712,0.49273306946325396,0.5036200326719495,0.06393072064161144,3.255030740124821,True,True,True,True,True,False,True,False,False
run-04,outer-context-00,0,512,True,0,sealed-run04-retrospective,outer_once,521071309,86,True,0.37826504488632423,0.16981407763190548,0.37383437282946175,0.16204095875285107,0.5510711869162063,0.5665434466969895,0.05091328809662303,2.6157668532145935,True,True,True,True,True,False,True,False,False
run-04,outer-context-00,0,512,True,0,sealed-run04-retrospective,outer_once,521071309,87,True,0.36227338368459916,0.14971498844470446,0.3559091225984631,0.13562221569939772,0.5867347832126452,0.618941445756627,0.02315353417951152,1.9840362427345208,True,True,True,True,True,True,True,True,True
run-04,outer-context-00,0,512,True,0,sealed-run04-retrospective,outer_once,521071309,88,True,0.34880820779340455,0.11943784853813581,0.3440748235519759,0.10712849653838392,0.6575830331123469,0.6886476742690211,0.030600996741310293,1.9321532392752852,True,True,True,True,True,True,True,True,True
run-04,outer-context-00,0,512,True,0,sealed-run04-retrospective,outer_once,521071309,89,True,0.35276647749197865,0.11260366840887308,0.34769504945079355,0.0968539278567056,0.6807982742310499,0.7214400147206796,0.049016921199986796,1.8228941383884087,True,True,True,True,True,True,True,True,True
run-04,outer-context-00,0,512,True,0,sealed-run04-retrospective,outer_once,521071309,90,False,0.14252573794758094,0.06776619062901507,0.11544758223401741,0.03280653831036044,0.5245336624467185,0.7158317422026204,0.02680956373737767,1.094171274829609,True,True,True,True,True,True,True,True,True
run-04,outer-context-00,0,512,True,0,sealed-run04-retrospective,outer_once,521071309,91,True,0.2975157987752872,0.06492156480245095,0.2908000739021361,0.04117948458733314,0.7817878409492935,0.8583924548754021,0.008887261511876222,1.3201144868469052,True,True,True,True,True,True,True,True,True
run-04,outer-context-00,0,512,True,0,sealed-run04-retrospective,outer_once,521071309,92,False,0.30162040954960295,0.11110285750094848,0.2954439679887885,0.09896157815192981,0.6316467520654399,0.6650411283547167,0.010201066981814489,1.742667978107195,True,True,True,True,True,True,True,True,True
run-04,outer-context-00,0,512,True,0,sealed-run04-retrospective,outer_once,521071309,93,False,0.2352102193426067,0.09560562617894133,0.23028205995872955,0.08837610704520181,0.5935311550401542,0.6162266958136458,0.005812571091799248,2.04512274455254,True,True,True,True,True,False,True,False,False
run-04,outer-context-00,0,512,True,0,sealed-run04-retrospective,outer_once,521071309,94,False,0.34836481399735936,0.10719063983343873,0.34503586498119004,0.10175552294825155,0.6923034832264913,0.705087113324295,0.009657003391186563,2.1212643832637803,True,True,True,True,True,False,True,False,False
run-04,outer-context-00,0,512,True,0,sealed-run04-retrospective,outer_once,521071309,95,False,0.3303513314133826,0.09459567856970028,0.3271434319259163,0.08734722547998305,0.713651287055572,0.7330002165540546,0.007451550379527704,1.895365242707407,True,True,True,True,True,True,True,True,True
run-04,outer-context-00,0,512,True,1,sealed-run04-retrospective,outer_once,2123543140,0,True,0.3414096028830718,0.07069949246494411,0.3374723936269447,0.06495788232208727,0.792918852112201,0.8075164560159719,0.00020831710118045168,1.918616613276126,True,True,True,True,True,True,True,True,True
run-04,outer-context-00,0,512,True,1,sealed-run04-retrospective,outer_once,2123543140,1,True,0.38666312885956,0.0663354667864422,0.3823556587878819,0.05842384225342804,0.8284411886333856,0.8472002678379617,0.0033044126170554623,1.833108911372149,True,True,True,True,True,True,True,True,True
run-04,outer-context-00,0,512,True,1,sealed-run04-retrospective,outer_once,2123543140,2,True,0.38152286057721463,0.03343788636705786,0.37692438352840535,0.01728414362179806,0.9123567947764154,0.9541442677175713,0.00404664509935987,1.2516463649738587,True,True,True,True,True,True,True,True,True
run-04,outer-context-00,0,512,True,1,sealed-run04-retrospective,outer_once,2123543140,3,True,0.33237022795047994,0.056236688638194594,0.3271528031568624,0.039258127946765656,0.8308010648698254,0.8800006371091913,0.028039923996428618,1.3164032823190825,True,True,True,True,True,True,True,True,True
run-04,outer-context-00,0,512,True,1,sealed-run04-retrospective,outer_once,2123543140,4,False,0.21054962250780285,0.07439342273984766,0.20670775492551136,0.06628903516184045,0.6466703580193277,0.679310361695292,0.012964372697745488,1.7440405833480672,True,True,True,True,True,True,True,True,True
run-04,outer-context-00,0,512,True,1,sealed-run04-retrospective,outer_once,2123543140,5,True,0.31447973019091047,0.10993050791431111,0.3108179166467673,0.1030117179843,0.65043690463746,0.668578571352536,0.03504372428987813,2.1657080401485986,True,True,True,True,True,False,True,False,False
run-04,outer-context-00,0,512,True,1,sealed-run04-retrospective,outer_once,2123543140,6,True,0.3423254647066231,0.1318411126002637,0.33840007034153446,0.1257715480754368,0.6148661838135441,0.6283347460640292,0.03997360855892104,2.2197228533586357,True,True,True,True,True,False,True,False,False
run-04,outer-context-00,0,512,True,1,sealed-run04-retrospective,outer_once,2123543140,7,True,0.2989617535017384,0.0777881185467496,0.2950666452227213,0.06903643419778427,0.7398057857380834,0.7660310464923122,0.01065245819155364,1.8374823302568557,True,True,True,True,True,True,True,True,True
run-04,outer-context-00,0,512,True,1,sealed-run04-retrospective,outer_once,2123543140,8,True,0.3649028720453928,0.06442883309761627,0.3618126379256876,0.057083071271763576,0.8234356645743213,0.8422303001934172,0.006353546702709127,1.7481209149084558,True,True,True,True,True,True,True,True,True
run-04,outer-context-00,0,512,True,1,sealed-run04-retrospective,outer_once,2123543140,9,False,0.26943143724072843,0.08901208835218082,0.2643563085210828,0.07870422628477593,0.6696299093240135,0.7022797499137451,0.005436109971388929,1.6351725848474643,True,True,True,True,True,True,True,True,True
run-04,outer-context-00,0,512,True,1,sealed-run04-retrospective,outer_once,2123543140,10,True,0.3297386163156621,0.09082276469972196,0.32561123298496836,0.082541905303227,0.7245613337178063,0.7465016653555147,0.028684378682090745,1.787932864603162,True,True,True,True,True,True,True,True,True
run-04,outer-context-00,0,512,True,1,sealed-run04-retrospective,outer_once,2123543140,11,False,0.32089727849897726,0.1366506153108888,0.31604437646939465,0.1260996967689035,0.5741608780539275,0.601006358102009,0.002278495860736574,1.7910889611635417,True,True,True,True,True,True,True,True,True
run-04,outer-context-00,0,512,True,1,sealed-run04-retrospective,outer_once,2123543140,12,True,0.32461595633597096,0.08635295959702667,0.3200237625791468,0.07265680795931118,0.73398424226672,0.7729643343551964,0.03750015685228818,1.6119844509885455,True,True,True,True,True,True,True,True,True
run-04,outer-context-00,0,512,True,1,sealed-run04-retrospective,outer_once,2123543140,13,True,0.3216662709113669,0.10034023345770789,0.3174184707185075,0.09159386277211805,0.688061066603542,0.7114412952567427,0.009211940081743813,1.9598677521040717,True,True,True,True,True,True,True,True,True
run-04,outer-context-00,0,512,True,1,sealed-run04-retrospective,outer_once,2123543140,14,True,0.2900276117498983,0.1043394001644335,0.28260074174841493,0.09314822976461921,0.6402432184477342,0.6703892948464221,0.02852747071511006,1.838959616808227,True,True,True,True,True,True,True,True,True
run-04,outer-context-00,0,512,True,1,sealed-run04-retrospective,outer_once,2123543140,15,True,0.3653908018442214,0.10900696844865082,0.3604607087918432,0.1013942965101232,0.7016701901129843,0.7187091573726117,0.0024005670747178423,2.0715043513512894,True,True,True,True,True,False,True,False,False
run-04,outer-context-00,0,512,True,1,sealed-run04-retrospective,outer_once,2123543140,16,True,0.3409797166915725,0.08622445586823434,0.3379996038594604,0.08101158213331631,0.7471273168244572,0.7603204820115683,0.004606799675055685,1.944840356201604,True,True,True,True,True,True,True,True,True
run-04,outer-context-00,0,512,True,1,sealed-run04-retrospective,outer_once,2123543140,17,True,0.32246221983896145,0.09199947110152186,0.3170627100628541,0.08190452061254747,0.7146968995392184,0.741677220268789,0.02642543750534948,1.7417212096226389,True,True,True,True,True,True,True,True,True
run-04,outer-context-00,0,512,True,1,sealed-run04-retrospective,outer_once,2123543140,18,True,0.3193840271474197,0.09226428976078807,0.3146346596476256,0.07950658573120299,0.7111180211958403,0.7473050622577747,0.01672888061268229,1.660102746777185,True,True,True,True,True,True,True,True,True
run-04,outer-context-00,0,512,True,1,sealed-run04-retrospective,outer_once,2123543140,19,False,0.26973787424748025,0.10832445039614093,0.26322673536455277,0.09126456101966991,0.5984084522859592,0.6532853667266202,0.001080464185976278,1.4665953006458523,True,True,True,True,True,True,True,True,True
run-04,outer-context-00,0,512,True,1,sealed-run04-retrospective,outer_once,2123543140,20,True,0.2975199697223342,0.06137555128462141,0.2921091929624742,0.03978967686236052,0.793709473209811,0.863784920772856,0.008554289134761235,1.287206050104502,True,True,True,True,True,True,True,True,True
run-04,outer-context-00,0,512,True,1,sealed-run04-retrospective,outer_once,2123543140,21,True,0.3324743530309694,0.07032533636825822,0.3273233297511006,0.05533914729822845,0.7884789135548523,0.8309343017489501,0.00638686926520885,1.5089316522252616,True,True,True,True,True,True,True,True,True
run-04,outer-context-00,0,512,True,1,sealed-run04-retrospective,outer_once,2123543140,22,False,0.2790123583452947,0.05751449038211315,0.2749031242179995,0.04557066111825745,0.793864004006104,0.8342301083412945,0.005714894607545809,1.4989429694456342,True,True,True,True,True,True,True,True,True
run-04,outer-context-00,0,512,True,1,sealed-run04-retrospective,outer_once,2123543140,23,True,0.2841758632288589,0.10875946305075619,0.2779483824048847,0.09701381031651833,0.617281137760924,0.6509646522238101,0.029379023000657586,1.726099074849995,True,True,True,True,True,True,True,True,True
run-04,outer-context-00,0,512,True,1,sealed-run04-retrospective,outer_once,2123543140,24,False,0.21079047047568558,0.08139565326894418,0.20528446017016572,0.06896910361267032,0.613855156330072,0.6640315416203446,0.02007472391873484,1.6116150967145866,True,True,True,True,True,True,True,True,True
run-04,outer-context-00,0,512,True,1,sealed-run04-retrospective,outer_once,2123543140,25,True,0.31168813868572304,0.08107537773866826,0.30733608564322895,0.061236654336063435,0.7398830187105162,0.8007501975958984,0.011340049809014702,1.4971554036721706,True,True,True,True,True,True,True,True,True
run-04,outer-context-00,0,512,True,1,sealed-run04-retrospective,outer_once,2123543140,26,True,0.2672676656141774,0.06384236567666668,0.26050336928569146,0.027643537120192966,0.7611294821992111,0.8938841474642251,0.013547571742469991,1.0736678709082392,True,True,True,True,True,True,True,True,True
run-04,outer-context-00,0,512,True,1,sealed-run04-retrospective,outer_once,2123543140,27,False,0.23505633046209418,0.09453021895404073,0.225920050405313,0.07250956363384996,0.597840148494597,0.6790476830021779,0.015165604224930245,1.454570697553928,True,True,True,True,True,True,True,True,True
run-04,outer-context-00,0,512,True,1,sealed-run04-retrospective,outer_once,2123543140,28,True,0.2592609573734388,0.07714513514011469,0.2499327605909654,0.046846561386972976,0.7024421419959697,0.8125633419316283,0.006212626316821879,1.2479712352732968,True,True,True,True,True,True,True,True,True
run-04,outer-context-00,0,512,True,1,sealed-run04-retrospective,outer_once,2123543140,29,True,0.2664613344762779,0.07913017510965978,0.25774127864984525,0.05610578951621076,0.7030331801603116,0.7823174083324335,0.01731630865445443,1.2540673054557288,True,True,True,True,True,True,True,True,True
run-04,outer-context-00,0,512,True,1,sealed-run04-retrospective,outer_once,2123543140,30,False,0.2670275973132869,0.11385610765621149,0.26261274083038083,0.10762508850307531,0.5736167017874516,0.5901756778335847,0.021373380597444896,2.080791371330114,True,True,True,True,True,False,True,False,False
run-04,outer-context-00,0,512,True,1,sealed-run04-retrospective,outer_once,2123543140,31,True,0.3394607642645283,0.059005810414200936,0.3358048835915758,0.04232135254178122,0.8261778189828735,0.8739704077881882,0.0013192242780962226,1.5055442317193457,True,True,True,True,True,True,True,True,True
run-04,outer-context-00,0,512,True,1,sealed-run04-retrospective,outer_once,2123543140,32,True,0.31521508130606457,0.06436665686759577,0.31132674250742937,0.053051584873025935,0.7958008335105716,0.8295951563757491,0.020077820070335695,1.6473528167074194,True,True,True,True,True,True,True,True,True
run-04,outer-context-00,0,512,True,1,sealed-run04-retrospective,outer_once,2123543140,33,True,0.3295972122829527,0.0916529156954412,0.32220230433329045,0.07860559617179762,0.7219244815191004,0.7560365176951468,0.020471955266692047,1.6454945648006059,True,True,True,True,True,True,True,True,True
run-04,outer-context-00,0,512,True,1,sealed-run04-retrospective,outer_once,2123543140,34,True,0.3327130113408124,0.05327616529710931,0.32950804161706143,0.04124724828514679,0.8398735141664291,0.8748217248880306,0.007431339762899922,1.4018587973978722,True,True,True,True,True,True,True,True,True
run-04,outer-context-00,0,512,True,1,sealed-run04-retrospective,outer_once,2123543140,35,True,0.21440167889159373,0.07375216631067916,0.19701272022483923,0.017920978637531775,0.6560093806542909,0.9090364387787773,0.015244793653204464,1.0645334175235215,True,True,True,True,True,True,True,True,True
run-04,outer-context-00,0,512,True,1,sealed-run04-retrospective,outer_once,2123543140,36,True,0.30665055482003123,0.06960893209970528,0.30081037362630414,0.04869976817860627,0.7730024257071448,0.8381047581852817,0.030962611322119374,1.3560028419610688,True,True,True,True,True,True,True,True,True
run-04,outer-context-00,0,512,True,1,sealed-run04-retrospective,outer_once,2123543140,37,True,0.3204268861704246,0.07545737366382299,0.31501273467604674,0.055785819797076155,0.7645098556939143,0.822909318715495,0.03149967857225652,1.431552776922502,True,True,True,True,True,True,True,True,True
run-04,outer-context-00,0,512,True,1,sealed-run04-retrospective,outer_once,2123543140,38,False,0.29224871680813813,0.0633835265565431,0.2885699907041262,0.049334318206689085,0.7831178619061157,0.829038639512339,0.008897605147471142,1.5684579271881744,True,True,True,True,True,True,True,True,True
run-04,outer-context-00,0,512,True,1,sealed-run04-retrospective,outer_once,2123543140,39,False,0.24352110505964475,0.07302277840968506,0.23833911418213688,0.0647386718384557,0.7001377831633941,0.7283757973985633,0.024855397721433515,1.723395733068547,True,True,True,True,True,True,True,True,True
run-04,outer-context-00,0,512,True,1,sealed-run04-retrospective,outer_once,2123543140,40,True,0.3308088159185579,0.0974412688086143,0.3234196691693457,0.08850271472608406,0.7054453686850852,0.7263533323332194,0.020590358635487253,1.8310388610870874,True,True,True,True,True,True,True,True,True
run-04,outer-context-00,0,512,True,1,sealed-run04-retrospective,outer_once,2123543140,41,False,0.32592528990990643,0.07044297914873722,0.3232637712135185,0.06332508396692323,0.78386771039397,0.8041070803288487,0.005283584367867713,1.8399462416128791,True,True,True,True,True,True,True,True,True
run-04,outer-context-00,0,512,True,1,sealed-run04-retrospective,outer_once,2123543140,42,True,0.22184894129942434,0.08812401621188416,0.200166325154577,0.05811253699604244,0.6027746821971748,0.709678753650668,0.019094308305350468,1.3580541445638783,True,True,True,True,True,True,True,True,True
run-04,outer-context-00,0,512,True,1,sealed-run04-retrospective,outer_once,2123543140,43,True,0.30524962173243386,0.0608937302628301,0.29766548823114886,0.031728333351904434,0.8005116929638445,0.8934094323784484,0.026775230559765686,1.1600766485499718,True,True,True,True,True,True,True,True,True
run-04,outer-context-00,0,512,True,1,sealed-run04-retrospective,outer_once,2123543140,44,True,0.32574660496974783,0.06102237694221313,0.31668478794648547,0.020218206709172806,0.8126691851542696,0.9361566848844368,0.006332959451278836,1.1291212653991936,True,True,True,True,True,True,True,True,True
run-04,outer-context-00,0,512,True,1,sealed-run04-retrospective,outer_once,2123543140,45,True,0.3252066252927852,0.05693158295498897,0.31797732646375315,0.012819109760347657,0.8249371983005169,0.9596854596429568,0.010848709911850775,1.0449364129788474,True,True,True,True,True,True,True,True,True
run-04,outer-context-00,0,512,True,1,sealed-run04-retrospective,outer_once,2123543140,46,True,0.35014014543267746,0.05286928217660347,0.3428589801095626,0.03367541184473127,0.8490053686609643,0.9017805751100055,0.0007026264507495243,1.3257546991814495,True,True,True,True,True,True,True,True,True
run-04,outer-context-00,0,512,True,1,sealed-run04-retrospective,outer_once,2123543140,47,True,0.36459839525324644,0.06407800993617238,0.35813576009732034,0.053636601548727215,0.8242504334346714,0.8502338846750407,0.0033212596390718194,1.5565026022397588,True,True,True,True,True,True,True,True,True
run-04,outer-context-00,0,512,True,1,sealed-run04-retrospective,outer_once,2123543140,48,True,0.34610619065196674,0.054305474383961314,0.3417604784690562,0.04571009321399813,0.8430959172337684,0.8662510849154935,3.0252049045645808e-06,1.5893757877648669,True,True,True,True,True,True,True,True,True
run-04,outer-context-00,0,512,True,1,sealed-run04-retrospective,outer_once,2123543140,49,False,0.3096932457363913,0.0709480277194434,0.3055496821652487,0.05809616056076645,0.7709087017679621,0.8098634560865077,0.0006626818727839049,1.538610430592489,True,True,True,True,True,True,True,True,True
run-04,outer-context-00,0,512,True,1,sealed-run04-retrospective,outer_once,2123543140,50,True,0.27977591529155865,0.060690573194704424,0.2705834284473333,0.025406737457994964,0.7830743467268872,0.9061038674696955,0.025081464771667568,1.0637265436606347,True,True,True,True,True,True,True,True,True
run-04,outer-context-00,0,512,True,1,sealed-run04-retrospective,outer_once,2123543140,51,True,0.27169102440704557,0.059383054554312,0.266190090806206,0.03934194844242209,0.781431666048177,0.8522035575281269,0.013807987262324187,1.2989545683578105,True,True,True,True,True,True,True,True,True
run-04,outer-context-00,0,512,True,1,sealed-run04-retrospective,outer_once,2123543140,52,True,0.309069845156179,0.07011620824739562,0.3040544529268978,0.05725373476512174,0.773137983707325,0.8116990749058789,0.024557939745475956,1.547973760507244,True,True,True,True,True,True,True,True,True
run-04,outer-context-00,0,512,True,1,sealed-run04-retrospective,outer_once,2123543140,53,True,0.2843600365891689,0.06880869135363772,0.2809301928479831,0.05786403928219065,0.7580226385571559,0.7940269833741153,0.009131529921574509,1.5182457889781622,True,True,True,True,True,True,True,True,True
run-04,outer-context-00,0,512,True,1,sealed-run04-retrospective,outer_once,2123543140,54,True,0.30660909465696895,0.055908248729919494,0.2959198095681472,0.015438752610857432,0.8176562610040349,0.9478279178626531,0.012152604072515446,1.0820167386709951,True,True,True,True,True,True,True,True,True
run-04,outer-context-00,0,512,True,1,sealed-run04-retrospective,outer_once,2123543140,55,True,0.3602394288902471,0.048091406333746825,0.3531336605699709,0.03361413143840123,0.8665015473683791,0.904811873826622,0.0055473704121775085,1.3722323418776647,True,True,True,True,True,True,True,True,True
run-04,outer-context-00,0,512,True,1,sealed-run04-retrospective,outer_once,2123543140,56,True,0.3221978282017128,0.04953810316076268,0.3175811801835778,0.04046677406728263,0.8462494193792355,0.872578173417295,0.0006401519697902605,1.5212687083216858,True,True,True,True,True,True,True,True,True
run-04,outer-context-00,0,512,True,1,sealed-run04-retrospective,outer_once,2123543140,57,True,0.29859684289012706,0.050017802557241496,0.2930704800265456,0.021735463649623976,0.8324905177391769,0.9258353702233837,0.02173546364962389,1.0044259069843846,True,True,True,True,True,True,True,True,True
run-04,outer-context-00,0,512,True,1,sealed-run04-retrospective,outer_once,2123543140,58,True,0.3030289751529809,0.07459059743000135,0.29473149791584785,0.03265909994596299,0.7538499498526664,0.8891903302602293,0.0320492428430394,1.110497124703495,True,True,True,True,True,True,True,True,True
run-04,outer-context-00,0,512,True,1,sealed-run04-retrospective,outer_once,2123543140,59,True,0.29875377197792213,0.064106135675148,0.28966046530148304,0.01620644439642217,0.7854215019588592,0.9440502024342389,0.008824348164063,1.0449165933751707,True,True,True,True,True,True,True,True,True
run-04,outer-context-00,0,512,True,1,sealed-run04-retrospective,outer_once,2123543140,60,True,0.2660139893915938,0.06839287612545,0.2558617931605691,0.037724275306733696,0.7428974458002273,0.8525599510550629,0.03673455143108407,1.0882932893317738,True,True,True,True,True,True,True,True,True
run-04,outer-context-00,0,512,True,1,sealed-run04-retrospective,outer_once,2123543140,61,True,0.342936884398628,0.0842256443306214,0.3385664288279443,0.07112197017640767,0.7543989924609044,0.7899320070728246,0.03667494954035941,1.551415904395297,True,True,True,True,True,True,True,True,True
run-04,outer-context-00,0,512,True,1,sealed-run04-retrospective,outer_once,2123543140,62,False,0.2907665578229889,0.1130174891760476,0.28619446831414996,0.10117046963697636,0.6113119403337652,0.6464974664502476,0.01922406950138364,1.7572134668711994,True,True,True,True,True,True,True,True,True
run-04,outer-context-00,0,512,True,1,sealed-run04-retrospective,outer_once,2123543140,63,True,0.30649430658570986,0.07204596626763853,0.3006251609889653,0.047011425168834116,0.7649353847051277,0.8436211226825432,0.03817964966721084,1.2468103937497168,True,True,True,True,True,True,True,True,True
run-04,outer-context-00,0,512,True,1,sealed-run04-retrospective,outer_once,2123543140,64,False,0.2590666868928972,0.05015570168870758,0.2550331808879182,0.03650921998222938,0.8063984903259953,0.8568452157671419,0.0070626834230573705,1.4047147248666894,True,True,True,True,True,True,True,True,True
run-04,outer-context-00,0,512,True,1,sealed-run04-retrospective,outer_once,2123543140,65,True,0.2615956051312454,0.04394083033832248,0.2585496821027494,0.028308550685467077,0.8320276431392001,0.8905102088881429,0.004140189645560631,1.3310515801747596,True,True,True,True,True,True,True,True,True
run-04,outer-context-00,0,512,True,1,sealed-run04-retrospective,outer_once,2123543140,66,True,0.30650506150614604,0.07122189090491256,0.28888140024494086,0.036943383109816895,0.7676322519604316,0.8721157434210275,0.02667193878316497,1.145656467439403,True,True,True,True,True,True,True,True,True
run-04,outer-context-00,0,512,True,1,sealed-run04-retrospective,outer_once,2123543140,67,True,0.33491828240765514,0.08980908120065441,0.3195007592202783,0.06258688822456569,0.7318477792402484,0.8041103614986547,0.016423617001233987,1.399784128377019,True,True,True,True,True,True,True,True,True
run-04,outer-context-00,0,512,True,1,sealed-run04-retrospective,outer_once,2123543140,68,True,0.3569698735074366,0.08392273934439848,0.346186036393917,0.06200803100945215,0.7649024593593606,0.8208823450669319,0.023032021478059207,1.4826009084014806,True,True,True,True,True,True,True,True,True
run-04,outer-context-00,0,512,True,1,sealed-run04-retrospective,outer_once,2123543140,69,True,0.3505742200915737,0.07525700865533759,0.3384828518416379,0.04755507267015992,0.7853321655092618,0.8595052233475953,0.006914034980949109,1.3150183461715934,True,True,True,True,True,True,True,True,True
run-04,outer-context-00,0,512,True,1,sealed-run04-retrospective,outer_once,2123543140,70,True,0.37676759265148363,0.15627091999060813,0.36944288298082245,0.15084830175931566,0.5852325862453851,0.5916870815260877,0.039393006673099654,2.8985084331398,True,True,True,True,True,False,True,False,False
run-04,outer-context-00,0,512,True,1,sealed-run04-retrospective,outer_once,2123543140,71,True,0.390628121813024,0.1422352956686571,0.38137351150335086,0.13295710998280091,0.6358805530730869,0.65137298220138,0.03236482054795002,2.3117799718127254,True,True,True,True,True,False,True,False,False
run-04,outer-context-00,0,512,True,1,sealed-run04-retrospective,outer_once,2123543140,72,True,0.34762756341842327,0.1274938595406961,0.34050838402535916,0.12168712488644716,0.6332458269793825,0.6426310464138686,0.009872636462336581,2.5453223721831,True,True,True,True,True,False,True,False,False
run-04,outer-context-00,0,512,True,1,sealed-run04-retrospective,outer_once,2123543140,73,True,0.3974198512266781,0.19110845826883965,0.3882311888905285,0.1838949954876909,0.5191270449149349,0.5263260635673846,0.04802910801553578,2.9110243614453175,True,True,True,True,True,False,True,False,False
run-04,outer-context-00,0,512,True,1,sealed-run04-retrospective,outer_once,2123543140,74,True,0.41068641390501287,0.18752734339625957,0.40303634893393636,0.1817944230934418,0.5433806986377872,0.5489378971045596,0.0591584212785767,3.010065604977597,True,True,True,True,True,False,True,False,False
run-04,outer-context-00,0,512,True,1,sealed-run04-retrospective,outer_once,2123543140,75,True,0.3510970951746647,0.12272435358495047,0.34467591465812747,0.11526464788557331,0.6504546597746779,0.6655854297220029,0.042322390936509136,2.1170528686536483,True,True,True,True,True,False,True,False,False
run-04,outer-context-00,0,512,True,1,sealed-run04-retrospective,outer_once,2123543140,76,True,0.3803866598487686,0.08031782691730344,0.36866786921104916,0.0625076856515501,0.788852145999979,0.8304498686437827,0.024428940404613835,1.4770171377273147,True,True,True,True,True,True,True,True,True
run-04,outer-context-00,0,512,True,1,sealed-run04-retrospective,outer_once,2123543140,77,True,0.4066977726892702,0.09300988544089397,0.3942438263756373,0.07475962988718042,0.7713046599053878,0.8103720974543578,0.02905593672764395,1.5562276135149478,True,True,True,True,True,True,True,True,True
run-04,outer-context-00,0,512,True,1,sealed-run04-retrospective,outer_once,2123543140,78,True,0.39328366192707065,0.07618154175326715,0.3837944862068277,0.05976287366063044,0.8062936523221399,0.8442841786204711,0.006541393862997135,1.5229353320411498,True,True,True,True,True,True,True,True,True
run-04,outer-context-00,0,512,True,1,sealed-run04-retrospective,outer_once,2123543140,79,True,0.3214180614542624,0.06679002869907084,0.3098544777993539,0.04632233269580032,0.7922020050868391,0.85050294246257,0.005435336917846315,1.3215695566228165,True,True,True,True,True,True,True,True,True
run-04,outer-context-00,0,512,True,1,sealed-run04-retrospective,outer_once,2123543140,80,True,0.3280291911107751,0.07892058916182959,0.3236811184568268,0.07057914070491668,0.7594098595475968,0.7819485392246299,0.008179086983367338,1.6999145698689475,True,True,True,True,True,True,True,True,True
run-04,outer-context-00,0,512,True,1,sealed-run04-retrospective,outer_once,2123543140,81,False,0.2324488211858732,0.08040161010954702,0.22734120713912256,0.06982624417892522,0.654110484624676,0.6928570712823096,0.0051047051091379645,1.6707877229735848,True,True,True,True,True,True,True,True,True
run-04,outer-context-00,0,512,True,1,sealed-run04-retrospective,outer_once,2123543140,82,True,0.4099489057915637,0.2221085555821536,0.40557802719673786,0.2173813519519319,0.45820429706163557,0.46402088531663843,0.06433866866946417,3.4441820428638925,True,True,True,True,True,False,True,False,False
run-04,outer-context-00,0,512,True,1,sealed-run04-retrospective,outer_once,2123543140,83,True,0.43222270733879375,0.23685010005344934,0.42757734719426466,0.23210467492922582,0.45201837841481896,0.4571633028450129,0.06691911561437656,3.681328845210491,True,True,True,True,True,False,True,False,False
run-04,outer-context-00,0,512,True,1,sealed-run04-retrospective,outer_once,2123543140,84,True,0.43317868386298997,0.24021839891272065,0.42851808152141274,0.23491836879231204,0.44545193966954455,0.4517889001130205,0.0685987587890454,3.6383613533424954,True,True,True,True,True,False,True,False,False
run-04,outer-context-00,0,512,True,1,sealed-run04-retrospective,outer_once,2123543140,85,True,0.41436522961781996,0.22516567733102427,0.40959947318955203,0.21917593683431824,0.4566009374418299,0.4649018097421007,0.06401794991936047,3.4132225419008906,True,True,True,True,True,False,True,False,False
run-04,outer-context-00,0,512,True,1,sealed-run04-retrospective,outer_once,2123543140,86,True,0.365072711679815,0.17972765999155868,0.3594046475744656,0.172863880518221,0.5076935244911215,0.5190271420115539,0.05086789404223305,2.741872111889112,True,True,True,True,True,False,True,False,False
run-04,outer-context-00,0,512,True,1,sealed-run04-retrospective,outer_once,2123543140,87,True,0.34036121447946127,0.15833988936880763,0.33238141959621165,0.14558664455782927,0.5347886814572332,0.5619892208935959,0.0229576504820413,2.0730489746511602,True,True,True,True,True,False,True,False,False
run-04,outer-context-00,0,512,True,1,sealed-run04-retrospective,outer_once,2123543140,88,True,0.3240636014859723,0.1281086967622961,0.31853083744727245,0.11724732265654263,0.604680389359181,0.6319121765535464,0.0307187182414007,2.0354399793027085,True,True,True,True,True,False,True,False,False
run-04,outer-context-00,0,512,True,1,sealed-run04-retrospective,outer_once,2123543140,89,True,0.33648718591673576,0.1174397033305504,0.3313365281580686,0.104382495125651,0.6509831332489107,0.6849653260208789,0.04952440782784545,1.8795599963399132,True,True,True,True,True,True,True,True,True
run-04,outer-context-00,0,512,True,1,sealed-run04-retrospective,outer_once,2123543140,90,False,0.14346960369226633,0.07028931011357753,0.11823866584080828,0.034279948608454465,0.5100752472674012,0.7100783541095805,0.027243874393392802,1.1008817355396774,True,True,True,True,True,True,True,True,True
run-04,outer-context-00,0,512,True,1,sealed-run04-retrospective,outer_once,2123543140,91,True,0.2985831520231423,0.06826651883809332,0.2929029311254299,0.046166653100748696,0.7713651343837304,0.8423824134386053,0.00878541968420288,1.354499906611539,True,True,True,True,True,True,True,True,True
run-04,outer-context-00,0,512,True,1,sealed-run04-retrospective,outer_once,2123543140,92,False,0.3017137836751022,0.11191357357469522,0.29626057425127156,0.09997365948111672,0.6290737128032295,0.662548215422263,0.010744222599014988,1.743148760651175,True,True,True,True,True,True,True,True,True
run-04,outer-context-00,0,512,True,1,sealed-run04-retrospective,outer_once,2123543140,93,False,0.23161762847913075,0.09657840580535497,0.22705655187211093,0.08968685126287589,0.583026531963404,0.6050021436360409,0.0060189714429688046,2.050583024583339,True,True,True,True,True,False,True,False,False
run-04,outer-context-00,0,512,True,1,sealed-run04-retrospective,outer_once,2123543140,94,False,0.36036254072087603,0.10667351484681778,0.35668632731828387,0.10172437701928316,0.7039827873523534,0.7148071870764172,0.009305147733738063,2.1287363768683965,True,True,True,True,True,False,True,False,False
run-04,outer-context-00,0,512,True,1,sealed-run04-retrospective,outer_once,2123543140,95,False,0.343051621416371,0.09574114389449771,0.3395743416595697,0.08819188455847357,0.7209133030789727,0.7402869600586967,0.007105688870455501,1.909673864365659,True,True,True,True,True,True,True,True,True
run-04,outer-context-00,0,512,True,2,sealed-run04-retrospective,outer_once,754962341,0,True,0.3357834210456166,0.0765203892590554,0.3325675644587956,0.07142091479256464,0.7721138553512443,0.7852438949998278,8.616618595218013e-05,2.0060809281623033,True,True,True,True,True,False,True,False,False
run-04,outer-context-00,0,512,True,2,sealed-run04-retrospective,outer_once,754962341,1,True,0.3637615586073263,0.07161642672468566,0.3594007686640325,0.06490653121284708,0.8031226086701639,0.8194034713556174,0.0031351460775864235,1.9196267065004367,True,True,True,True,True,True,True,True,True
run-04,outer-context-00,0,512,True,2,sealed-run04-retrospective,outer_once,754962341,2,True,0.3727915742117971,0.033471228975322724,0.36827335668753275,0.01883089329293764,0.910214631202189,0.9488670767217217,0.00409056652649237,1.2725403378667988,True,True,True,True,True,True,True,True,True
run-04,outer-context-00,0,512,True,2,sealed-run04-retrospective,outer_once,754962341,3,True,0.32898685868070093,0.05572019213121929,0.3242075999166306,0.04106058017606348,0.8306309487416375,0.8733509634363223,0.028151569864394727,1.34081722351359,True,True,True,True,True,True,True,True,True
run-04,outer-context-00,0,512,True,2,sealed-run04-retrospective,outer_once,754962341,4,False,0.21356067075371224,0.07985057068276268,0.2097666441285843,0.07189043170811288,0.6260988954522908,0.657283778330148,0.01280622802715305,1.7923090346533246,True,True,True,True,True,True,True,True,True
run-04,outer-context-00,0,512,True,2,sealed-run04-retrospective,outer_once,754962341,5,True,0.3213804261223903,0.11640013569984872,0.3173336044696385,0.10933955853921987,0.6378119940150916,0.6554428620254079,0.035518203018617016,2.2284265377026857,True,True,True,True,True,False,True,False,False
run-04,outer-context-00,0,512,True,2,sealed-run04-retrospective,outer_once,754962341,6,True,0.3088330983387372,0.13678871109375282,0.3038686244044444,0.13061019556581638,0.5570788499368712,0.5701754472946958,0.040261373835547266,2.259746370605783,True,True,True,True,True,False,True,False,False
run-04,outer-context-00,0,512,True,2,sealed-run04-retrospective,outer_once,754962341,7,True,0.2676837362919147,0.08030100445358794,0.2633561795194302,0.07226887185731803,0.7000153779756794,0.725585053712453,0.010675286496050998,1.8688470930859369,True,True,True,True,True,True,True,True,True
run-04,outer-context-00,0,512,True,2,sealed-run04-retrospective,outer_once,754962341,8,True,0.3246072317078878,0.06277743602467353,0.3214770108329642,0.05552579468021425,0.8066049370053266,0.8272791123186571,0.0061250630266987145,1.712445087893743,True,True,True,True,True,True,True,True,True
run-04,outer-context-00,0,512,True,2,sealed-run04-retrospective,outer_once,754962341,9,False,0.25346202663912265,0.08619307003945237,0.24854195758690079,0.07555527459227389,0.6599369492055178,0.6960059567976301,0.005306677067874906,1.6171215085603203,True,True,True,True,True,True,True,True,True
run-04,outer-context-00,0,512,True,2,sealed-run04-retrospective,outer_once,754962341,10,True,0.3203503068979994,0.09373524394525144,0.31687209465559324,0.08536391250210942,0.7073976770838648,0.7306045122247478,0.029483461199868985,1.8236180177744203,True,True,True,True,True,True,True,True,True
run-04,outer-context-00,0,512,True,2,sealed-run04-retrospective,outer_once,754962341,11,False,0.3187087406251714,0.1380995012361565,0.31411421645188503,0.12618772868093,0.5666905747069759,0.5982743789622174,0.002869330386363049,1.8060382123599525,True,True,True,True,True,True,True,True,True
run-04,outer-context-00,0,512,True,2,sealed-run04-retrospective,outer_once,754962341,12,True,0.3339829560980983,0.09427196503499968,0.328808577038744,0.08112360341403127,0.717734203755865,0.7532801481499299,0.03786749467341181,1.6772149363490012,True,True,True,True,True,True,True,True,True
run-04,outer-context-00,0,512,True,2,sealed-run04-retrospective,outer_once,754962341,13,True,0.32325063183244374,0.09968319410008068,0.3187766819911931,0.0914270586495508,0.6916225854378182,0.7131940200943659,0.009105483723621202,1.9506475161489683,True,True,True,True,True,True,True,True,True
run-04,outer-context-00,0,512,True,2,sealed-run04-retrospective,outer_once,754962341,14,True,0.27719103552716107,0.11097742448289614,0.2708158437781448,0.10002859883597742,0.5996355932945681,0.6306397829592204,0.028568730634875937,1.889951539073013,True,True,True,True,True,True,True,True,True
run-04,outer-context-00,0,512,True,2,sealed-run04-retrospective,outer_once,754962341,15,True,0.32775640119243127,0.10353478479912025,0.3224074976436315,0.09488251546100888,0.6841105637527023,0.7057062377442416,0.0018440871716161934,2.002598518206235,True,True,True,True,True,False,True,False,False
run-04,outer-context-00,0,512,True,2,sealed-run04-retrospective,outer_once,754962341,16,True,0.307143701164494,0.0775021188761596,0.30421096394501423,0.07011209694530787,0.7476682133401378,0.7695280405541841,0.005091906744407224,1.824072864210832,True,True,True,True,True,True,True,True,True
run-04,outer-context-00,0,512,True,2,sealed-run04-retrospective,outer_once,754962341,17,True,0.3098136534889567,0.09123743013419527,0.30378574577346734,0.08146018426361105,0.7055086852799164,0.731849879736109,0.027118594309735365,1.7309826402615287,True,True,True,True,True,True,True,True,True
run-04,outer-context-00,0,512,True,2,sealed-run04-retrospective,outer_once,754962341,18,True,0.3560258321249555,0.10055596141291395,0.35165805806134853,0.09081269169225878,0.7175599286918554,0.741758536139058,0.01774871776248122,1.7456455484510245,True,True,True,True,True,True,True,True,True
run-04,outer-context-00,0,512,True,2,sealed-run04-retrospective,outer_once,754962341,19,False,0.29386718718710847,0.11720357992112752,0.28735396112511424,0.10164967606221423,0.6011681976371771,0.6462562211976753,0.0016000826214995025,1.5261749639180897,True,True,True,True,True,True,True,True,True
run-04,outer-context-00,0,512,True,2,sealed-run04-retrospective,outer_once,754962341,20,True,0.29256056968032956,0.0647363244378457,0.28642323714755225,0.04370000673178213,0.7787250533843957,0.8474285565410677,0.008927729466858006,1.3160406168666607,True,True,True,True,True,True,True,True,True
run-04,outer-context-00,0,512,True,2,sealed-run04-retrospective,outer_once,754962341,21,True,0.3234914183141043,0.06615887625652368,0.3194222343947187,0.0499296542667293,0.795484910847667,0.8436876056504261,0.006267086341338597,1.4566297688870378,True,True,True,True,True,True,True,True,True
run-04,outer-context-00,0,512,True,2,sealed-run04-retrospective,outer_once,754962341,22,False,0.2675992973494875,0.05537809039886824,0.2634218269400619,0.04239456198049627,0.7930559199991326,0.8390620759374561,0.005824935296970477,1.4750133940740664,True,True,True,True,True,True,True,True,True
run-04,outer-context-00,0,512,True,2,sealed-run04-retrospective,outer_once,754962341,23,True,0.2764624212373196,0.10055821159364009,0.27066796367270796,0.08796465567017388,0.6362680644132848,0.6750089871125612,0.02869611958821231,1.6673771303749303,True,True,True,True,True,True,True,True,True
run-04,outer-context-00,0,512,True,2,sealed-run04-retrospective,outer_once,754962341,24,False,0.22984722160347137,0.07930004641085,0.22477645881973407,0.06804632584727388,0.6549880139614777,0.6972711190283251,0.019685624495959824,1.5860459969979568,True,True,True,True,True,True,True,True,True
run-04,outer-context-00,0,512,True,2,sealed-run04-retrospective,outer_once,754962341,25,True,0.3120351299257458,0.08646434510232168,0.30709884388425274,0.06843979568068949,0.7229018888902112,0.7771408227558003,0.011047400110539271,1.5494743878480979,True,True,True,True,True,True,True,True,True
run-04,outer-context-00,0,512,True,2,sealed-run04-retrospective,outer_once,754962341,26,True,0.26841607317513594,0.06547654701907216,0.2619138527092086,0.03467524116614885,0.7560632407570091,0.8676082200026005,0.01348934659564228,1.1038493069567485,True,True,True,True,True,True,True,True,True
run-04,outer-context-00,0,512,True,2,sealed-run04-retrospective,outer_once,754962341,27,False,0.22894996270808488,0.09690071471129445,0.2203652431551596,0.07718003074657215,0.5767602948472871,0.6497631403141486,0.01471326692588035,1.4926369271891178,True,True,True,True,True,True,True,True,True
run-04,outer-context-00,0,512,True,2,sealed-run04-retrospective,outer_once,754962341,28,True,0.25774585760349544,0.07654901718092004,0.24957430924155202,0.05025100014121795,0.7030058294916243,0.7986531534678828,0.005966878902016043,1.2465300311668803,True,True,True,True,True,True,True,True,True
run-04,outer-context-00,0,512,True,2,sealed-run04-retrospective,outer_once,754962341,29,True,0.26166613706283365,0.07673386337239899,0.2535553978846513,0.05575469444299389,0.7067489732002542,0.7801084303148691,0.016783678666583108,1.244618577439547,True,True,True,True,True,True,True,True,True
run-04,outer-context-00,0,512,True,2,sealed-run04-retrospective,outer_once,754962341,30,False,0.25822676341456813,0.10423582628223362,0.2533992588475296,0.09719851033411023,0.5963399575477426,0.6164214892491277,0.02092480102779474,1.9823951840207807,True,True,True,True,True,True,True,True,True
run-04,outer-context-00,0,512,True,2,sealed-run04-retrospective,outer_once,754962341,31,True,0.34615038154438,0.058139926480247815,0.34255850654498043,0.039490487273797656,0.832038531285589,0.8847189997641693,0.0013413230578388983,1.4765493886474814,True,True,True,True,True,True,True,True,True
run-04,outer-context-00,0,512,True,2,sealed-run04-retrospective,outer_once,754962341,32,True,0.31972392113242876,0.06548186994632527,0.3155384838140378,0.05264093512552806,0.7951924594368938,0.8331711096242957,0.019937635139579076,1.6303419662667158,True,True,True,True,True,True,True,True,True
run-04,outer-context-00,0,512,True,2,sealed-run04-retrospective,outer_once,754962341,33,True,0.3284158117690105,0.09209064368002923,0.319390874247887,0.08029342283257684,0.7195913217942117,0.7486045178289622,0.0204092179932043,1.6440901146516889,True,True,True,True,True,True,True,True,True
run-04,outer-context-00,0,512,True,2,sealed-run04-retrospective,outer_once,754962341,34,True,0.3389013072179281,0.055302413313401855,0.33597040420851654,0.04280367088543136,0.8368185305409872,0.8725969003541583,0.006671593630290207,1.4259272828724379,True,True,True,True,True,True,True,True,True
run-04,outer-context-00,0,512,True,2,sealed-run04-retrospective,outer_once,754962341,35,True,0.21371247660853995,0.07067167445446507,0.20024143868047276,0.020233130371288204,0.6693142320187729,0.8989563273984741,0.015813314694601076,1.0811350348086395,True,True,True,True,True,True,True,True,True
run-04,outer-context-00,0,512,True,2,sealed-run04-retrospective,outer_once,754962341,36,True,0.3037292703789728,0.06441620622636562,0.2986005538968299,0.04479911342901375,0.7879157114294864,0.8499697577771661,0.030959475973514426,1.3091472614037107,True,True,True,True,True,True,True,True,True
run-04,outer-context-00,0,512,True,2,sealed-run04-retrospective,outer_once,754962341,37,True,0.32354395737918795,0.06881859893209544,0.3186384893832715,0.050273305608266046,0.7872975298641068,0.8422246298444026,0.03165239793471694,1.3714109297555153,True,True,True,True,True,True,True,True,True
run-04,outer-context-00,0,512,True,2,sealed-run04-retrospective,outer_once,754962341,38,False,0.3104055097303552,0.06796490042657302,0.307009626051882,0.05492002552472202,0.7810448001209348,0.8211130177545605,0.00855181127988128,1.6283878426302785,True,True,True,True,True,True,True,True,True
run-04,outer-context-00,0,512,True,2,sealed-run04-retrospective,outer_once,754962341,39,False,0.2733640873606673,0.07624312869849187,0.2684663667409366,0.0680283883984901,0.7210931054089074,0.7466036836408048,0.024714975855857614,1.7385710271679857,True,True,True,True,True,True,True,True,True
run-04,outer-context-00,0,512,True,2,sealed-run04-retrospective,outer_once,754962341,40,True,0.34651871969290965,0.09850583770302099,0.3384082543141729,0.0901903482784229,0.7157272259625154,0.7334865591230774,0.020175661336249907,1.8442614905003731,True,True,True,True,True,True,True,True,True
run-04,outer-context-00,0,512,True,2,sealed-run04-retrospective,outer_once,754962341,41,False,0.34387473557281323,0.07232742107127454,0.3410716315511128,0.06574671326591744,0.7896692789867382,0.8072348821069726,0.004767146173192365,1.880680516202858,True,True,True,True,True,True,True,True,True
run-04,outer-context-00,0,512,True,2,sealed-run04-retrospective,outer_once,754962341,42,True,0.20929685007302,0.08681267466847661,0.18880555580890968,0.06176663612646434,0.5852174811126436,0.6728558338136066,0.019550479076776123,1.3934217859847553,True,True,True,True,True,True,True,True,True
run-04,outer-context-00,0,512,True,2,sealed-run04-retrospective,outer_once,754962341,43,True,0.3162068817267377,0.058530183933420854,0.30999167911375064,0.03160906203990425,0.8148990824810639,0.8980325467758591,0.02721153392268771,1.149391391919966,True,True,True,True,True,True,True,True,True
run-04,outer-context-00,0,512,True,2,sealed-run04-retrospective,outer_once,754962341,44,True,0.32307839824491447,0.05904141083475234,0.31382796112679745,0.017274550695441027,0.8172536104069852,0.9449553486776103,0.006487908215396781,1.1075413890412118,True,True,True,True,True,True,True,True,True
run-04,outer-context-00,0,512,True,2,sealed-run04-retrospective,outer_once,754962341,45,True,0.32524988803959237,0.05634283599985886,0.31693457314480394,0.011356004675316144,0.8267706213845021,0.9641692461550172,0.011051211975099976,1.0241908428940687,True,True,True,True,True,True,True,True,True
run-04,outer-context-00,0,512,True,2,sealed-run04-retrospective,outer_once,754962341,46,True,0.3658228166207985,0.05480190081521867,0.3578588345014295,0.0364896956956839,0.8501955090679192,0.8980332684911314,4.906599054909294e-05,1.3376894899052094,True,True,True,True,True,True,True,True,True
run-04,outer-context-00,0,512,True,2,sealed-run04-retrospective,outer_once,754962341,47,True,0.38666073407441254,0.06733989590783884,0.38009126886469236,0.057433095845018024,0.8258424247058939,0.8488965662995445,0.002966608617795577,1.5990688071826793,True,True,True,True,True,True,True,True,True
run-04,outer-context-00,0,512,True,2,sealed-run04-retrospective,outer_once,754962341,48,True,0.37367283984305455,0.055377473784149686,0.3692424810097907,0.046908996554398126,0.8518022508475364,0.8729588306683642,8.591600723287505e-05,1.6361616555558016,True,True,True,True,True,True,True,True,True
run-04,outer-context-00,0,512,True,2,sealed-run04-retrospective,outer_once,754962341,49,False,0.3293556148506178,0.07394217142859189,0.3259400756455048,0.06289134699562239,0.7754944257983001,0.8070462895025418,0.0001481841815350886,1.5707448871287195,True,True,True,True,True,True,True,True,True
run-04,outer-context-00,0,512,True,2,sealed-run04-retrospective,outer_once,754962341,50,True,0.2538258913504082,0.06172636579106737,0.24539920273590937,0.025280387132927105,0.7568161172894149,0.8969826028321166,0.02525433990566666,1.0424947875087356,True,True,True,True,True,True,True,True,True
run-04,outer-context-00,0,512,True,2,sealed-run04-retrospective,outer_once,754962341,51,True,0.2572753147368509,0.06121140878001802,0.2523801094313625,0.04192966066584824,0.7620781891079331,0.833863053786925,0.014611290066127517,1.3037432953384516,True,True,True,True,True,True,True,True,True
run-04,outer-context-00,0,512,True,2,sealed-run04-retrospective,outer_once,754962341,52,True,0.315946406002095,0.07222688606082392,0.31196172429507407,0.06027335224182303,0.771395133197543,0.8067924762949045,0.024132928327351793,1.5785292687418706,True,True,True,True,True,True,True,True,True
run-04,outer-context-00,0,512,True,2,sealed-run04-retrospective,outer_once,754962341,53,True,0.29705263304984647,0.06779621892881094,0.2941319603324265,0.056293562830948655,0.7717703484640229,0.8086112003356386,0.00894136009277951,1.5071085739746672,True,True,True,True,True,True,True,True,True
run-04,outer-context-00,0,512,True,2,sealed-run04-retrospective,outer_once,754962341,54,True,0.3137827417322902,0.05384870944997698,0.30558568833901073,0.0157575028469911,0.8283885558756476,0.9484350758288456,0.011513346605047152,1.0798415264263932,True,True,True,True,True,True,True,True,True
run-04,outer-context-00,0,512,True,2,sealed-run04-retrospective,outer_once,754962341,55,True,0.3755988858479623,0.049994130213970346,0.36863828653604136,0.03580938277467834,0.8668948921371206,0.9028603808053527,0.0047814007724602476,1.3863197598002757,True,True,True,True,True,True,True,True,True
run-04,outer-context-00,0,512,True,2,sealed-run04-retrospective,outer_once,754962341,56,True,0.34506506816059634,0.04987693743086896,0.3409144209252965,0.03927878661227041,0.855456428270926,0.8847840273061448,9.74391987885201e-05,1.526066226830153,True,True,True,True,True,True,True,True,True
run-04,outer-context-00,0,512,True,2,sealed-run04-retrospective,outer_once,754962341,57,True,0.30017673665026257,0.049555264219555493,0.29496578818425084,0.02114673394732513,0.8349130423211557,0.9283078418093836,0.021146733947325195,1.003949232737498,True,True,True,True,True,True,True,True,True
run-04,outer-context-00,0,512,True,2,sealed-run04-retrospective,outer_once,754962341,58,True,0.28030854637579344,0.07602295221247668,0.270800603266772,0.0332162454166673,0.7287883184604828,0.8773405782115441,0.032040246225090434,1.1142908849959363,True,True,True,True,True,True,True,True,True
run-04,outer-context-00,0,512,True,2,sealed-run04-retrospective,outer_once,754962341,59,True,0.28696464813801664,0.06564132165804032,0.27801606283218233,0.020065044980980787,0.7712564175275349,0.9278277493157201,0.00893257450347877,1.0694927014429514,True,True,True,True,True,True,True,True,True
run-04,outer-context-00,0,512,True,2,sealed-run04-retrospective,outer_once,754962341,60,True,0.27516088652236514,0.070510502123758,0.2663823896705542,0.03999973320041666,0.7437480921983187,0.8498409251081277,0.03642984066655548,1.1045487535923129,True,True,True,True,True,True,True,True,True
run-04,outer-context-00,0,512,True,2,sealed-run04-retrospective,outer_once,754962341,61,True,0.3377891179809899,0.07761360058109522,0.3340574719304866,0.06269607312800855,0.7702306070574387,0.8123195006964105,0.03672579612172953,1.4779892111667259,True,True,True,True,True,True,True,True,True
run-04,outer-context-00,0,512,True,2,sealed-run04-retrospective,outer_once,754962341,62,False,0.2805361428722943,0.10044589084807168,0.27653566225282317,0.08750906987236334,0.6419502677279032,0.6835523159672692,0.01901535812032268,1.6485822050557999,True,True,True,True,True,True,True,True,True
run-04,outer-context-00,0,512,True,2,sealed-run04-retrospective,outer_once,754962341,63,True,0.30649835643541096,0.07017406784599199,0.30127452175531766,0.04478483311928889,0.7710458592270464,0.851348753759997,0.037529425977743794,1.2358461449133884,True,True,True,True,True,True,True,True,True
run-04,outer-context-00,0,512,True,2,sealed-run04-retrospective,outer_once,754962341,64,False,0.2554434462274321,0.05199759022113324,0.251842697725958,0.03842422347121878,0.7964418700535476,0.8474276847485569,0.0067022106172204875,1.4281404297851024,True,True,True,True,True,True,True,True,True
run-04,outer-context-00,0,512,True,2,sealed-run04-retrospective,outer_once,754962341,65,True,0.2499980985457542,0.04324846753060495,0.2468618406619275,0.02867631279624144,0.8270048141078574,0.8838365916767464,0.004112301681578328,1.3257023611156606,True,True,True,True,True,True,True,True,True
run-04,outer-context-00,0,512,True,2,sealed-run04-retrospective,outer_once,754962341,66,True,0.3048804874086859,0.0741397753244771,0.28733310186661015,0.04170562598879766,0.7568234820318485,0.8548526928576478,0.02708760193905952,1.1760627302394235,True,True,True,True,True,True,True,True,True
run-04,outer-context-00,0,512,True,2,sealed-run04-retrospective,outer_once,754962341,67,True,0.3245100650168586,0.09205560481321552,0.30892409605200455,0.06761108374765362,0.7163243463390476,0.781140142152356,0.015857479353717382,1.4290117929013768,True,True,True,True,True,True,True,True,True
run-04,outer-context-00,0,512,True,2,sealed-run04-retrospective,outer_once,754962341,68,True,0.346593603393368,0.08583454129721138,0.33557787825499363,0.06354568393291052,0.7523481666804074,0.8106380424617132,0.0226985358603878,1.5030599312142177,True,True,True,True,True,True,True,True,True
run-04,outer-context-00,0,512,True,2,sealed-run04-retrospective,outer_once,754962341,69,True,0.3479118532038198,0.07585471837679827,0.3358188725446754,0.046170633274305733,0.7819714457030594,0.8625132860328941,0.007265412447279144,1.317867970578612,True,True,True,True,True,True,True,True,True
run-04,outer-context-00,0,512,True,2,sealed-run04-retrospective,outer_once,754962341,70,True,0.3554810821832146,0.15042035149790167,0.34885036191849556,0.14546487146763898,0.576854130818767,0.5830164238108918,0.03889300568177544,2.8060167830766716,True,True,True,True,True,False,True,False,False
run-04,outer-context-00,0,512,True,2,sealed-run04-retrospective,outer_once,754962341,71,True,0.36862803624797835,0.1359814493173696,0.3599889432337359,0.1273893333879064,0.6311147391244706,0.6461298720911152,0.03192405270922278,2.237768855515692,True,True,True,True,True,False,True,False,False
run-04,outer-context-00,0,512,True,2,sealed-run04-retrospective,outer_once,754962341,72,True,0.33957509128308816,0.1271996319743142,0.33197962572015227,0.12156171453698152,0.6254153050693766,0.633827786047768,0.009563100642003846,2.5134884788304075,True,True,True,True,True,False,True,False,False
run-04,outer-context-00,0,512,True,2,sealed-run04-retrospective,outer_once,754962341,73,True,0.3967241930991482,0.1906146974862058,0.38835100080915863,0.18367767061859502,0.5195284260403854,0.52703180824592,0.04796674432098604,2.884371102121131,True,True,True,True,True,False,True,False,False
run-04,outer-context-00,0,512,True,2,sealed-run04-retrospective,outer_once,754962341,74,True,0.4079884830763035,0.18524446488837915,0.400776037887245,0.17964778557695754,0.5459566321784283,0.551750183159653,0.059100695105402924,2.959281598363499,True,True,True,True,True,False,True,False,False
run-04,outer-context-00,0,512,True,2,sealed-run04-retrospective,outer_once,754962341,75,True,0.3430477876551314,0.11899923536094176,0.3367755472896016,0.11180513107578592,0.6531117831298402,0.6680129184686857,0.04228818178158771,2.061321107195592,True,True,True,True,True,False,True,False,False
run-04,outer-context-00,0,512,True,2,sealed-run04-retrospective,outer_once,754962341,76,True,0.3728332366653783,0.0826488229552082,0.3600113588647826,0.06711055900172733,0.7783222770200974,0.8135876623078065,0.02485653040118017,1.50968658887116,True,True,True,True,True,True,True,True,True
run-04,outer-context-00,0,512,True,2,sealed-run04-retrospective,outer_once,754962341,77,True,0.39254340674337224,0.09261085004018657,0.37915570056028647,0.07614097722272144,0.7640748807666726,0.7991828235466161,0.029439324691391672,1.571194921529012,True,True,True,True,True,True,True,True,True
run-04,outer-context-00,0,512,True,2,sealed-run04-retrospective,outer_once,754962341,78,True,0.3788760835015668,0.07578153010694319,0.3691833340663095,0.057836390992202995,0.7999833364867704,0.8433396482035808,0.0068394178525397415,1.5198477877946999,True,True,True,True,True,True,True,True,True
run-04,outer-context-00,0,512,True,2,sealed-run04-retrospective,outer_once,754962341,79,True,0.3115610390053868,0.06710543300182233,0.29950082857016386,0.042813718883561905,0.7846154537934312,0.8570497481160325,0.005535453490716202,1.3079386728629812,True,True,True,True,True,True,True,True,True
run-04,outer-context-00,0,512,True,2,sealed-run04-retrospective,outer_once,754962341,80,True,0.33395154669569,0.08253652934879983,0.33014997079351605,0.07473370483683155,0.75284878849802,0.7736370999603333,0.008759602903401295,1.7396350184171685,True,True,True,True,True,True,True,True,True
run-04,outer-context-00,0,512,True,2,sealed-run04-retrospective,outer_once,754962341,81,False,0.22433630907386523,0.0783916317855722,0.21965069537521112,0.06834225306853792,0.6505619972567129,0.6888593821576823,0.005092755655053423,1.6646003224149748,True,True,True,True,True,True,True,True,True
run-04,outer-context-00,0,512,True,2,sealed-run04-retrospective,outer_once,754962341,82,True,0.4219587389381533,0.21445019351099442,0.41787373579804343,0.2087011065144448,0.49177449422981023,0.5005641928754547,0.06363052828549658,3.3363266894264783,True,True,True,True,True,False,True,False,False
run-04,outer-context-00,0,512,True,2,sealed-run04-retrospective,outer_once,754962341,83,True,0.44708190154851923,0.2292135244721065,0.4428115536948688,0.22392083665999568,0.4873120032857531,0.4943202479890704,0.06624342368449833,3.574877427668057,True,True,True,True,True,False,True,False,False
run-04,outer-context-00,0,512,True,2,sealed-run04-retrospective,outer_once,754962341,84,True,0.4502017548517351,0.23212511088889085,0.44566893740616226,0.22632489892808402,0.48439758755419204,0.4921681097064616,0.06786243335233166,3.5357474489550635,True,True,True,True,True,False,True,False,False
run-04,outer-context-00,0,512,True,2,sealed-run04-retrospective,outer_once,754962341,85,True,0.43273292492281307,0.21666589847058543,0.4282154435180159,0.2104109842767537,0.49930803506751353,0.5086328915460956,0.06324064031881828,3.3160044095857635,True,True,True,True,True,False,True,False,False
run-04,outer-context-00,0,512,True,2,sealed-run04-retrospective,outer_once,754962341,86,True,0.3835489846192072,0.1726471507917381,0.3782730901316605,0.1651958758903935,0.5498693577219489,0.5632893795514348,0.05013853951331816,2.66418866703242,True,True,True,True,True,False,True,False,False
run-04,outer-context-00,0,512,True,2,sealed-run04-retrospective,outer_once,754962341,87,True,0.3628065480430853,0.15263245322899877,0.3555960631230442,0.13874640177470515,0.5793007208599973,0.6098201972312168,0.02221119566104855,2.0204248941975065,True,True,True,True,True,False,True,False,False
run-04,outer-context-00,0,512,True,2,sealed-run04-retrospective,outer_once,754962341,88,True,0.3367146725143829,0.12186161833601263,0.33164234872033815,0.1111120309872411,0.6380864028703495,0.6649642863284092,0.03005530989298022,1.9740714322418964,True,True,True,True,True,True,True,True,True
run-04,outer-context-00,0,512,True,2,sealed-run04-retrospective,outer_once,754962341,89,True,0.35499989465751913,0.1162336812953983,0.34925164109918827,0.10467689435204054,0.6725810822914947,0.700282312138622,0.04990256109820735,1.8820993598246099,True,True,True,True,True,True,True,True,True
run-04,outer-context-00,0,512,True,2,sealed-run04-retrospective,outer_once,754962341,90,False,0.14042193326528862,0.06968539767443804,0.11416353202189353,0.03555274539196138,0.5037427839510894,0.6885805408933624,0.027044518467239143,1.1156173810670669,True,True,True,True,True,True,True,True,True
run-04,outer-context-00,0,512,True,2,sealed-run04-retrospective,outer_once,754962341,91,True,0.29964794974770487,0.067033991448174,0.2940817491751519,0.04217894279835363,0.776290838950793,0.8565740889509186,0.00886904098935263,1.3169784015771213,True,True,True,True,True,True,True,True,True
run-04,outer-context-00,0,512,True,2,sealed-run04-retrospective,outer_once,754962341,92,False,0.3060971445358019,0.11153042066339455,0.3003260291948126,0.09941212061956815,0.6356371738373088,0.6689859986958291,0.01050578702546359,1.7272238999590432,True,True,True,True,True,True,True,True,True
run-04,outer-context-00,0,512,True,2,sealed-run04-retrospective,outer_once,754962341,93,False,0.24034039433375917,0.09642909126752054,0.23573051977344683,0.08940426692865833,0.5987811722834652,0.6207352912360183,0.00589258461968342,2.0290275427584383,True,True,True,True,True,False,True,False,False
run-04,outer-context-00,0,512,True,2,sealed-run04-retrospective,outer_once,754962341,94,False,0.36611291314567024,0.10552309813924327,0.363021730428128,0.1007818938591956,0.7117744434836217,0.7223805480175004,0.009387743433060662,2.130524704471175,True,True,True,True,True,False,True,False,False
run-04,outer-context-00,0,512,True,2,sealed-run04-retrospective,outer_once,754962341,95,False,0.3455736092624892,0.09568978726144065,0.34219806417102233,0.08911740751501694,0.723098683763328,0.7395736070836502,0.007179573108846393,1.9254831052469543,True,True,True,True,True,True,True,True,True
run-04,outer-context-01,1,1573,True,0,sealed-run04-retrospective,outer_once,659658339,0,True,0.3428984355000672,0.07581013833040001,0.3390849644940827,0.06952733286001474,0.7789137234766265,0.7949560135650662,0.0005717765741474687,1.9863683881111964,True,True,True,True,True,True,True,True,True
run-04,outer-context-01,1,1573,True,0,sealed-run04-retrospective,outer_once,659658339,1,True,0.37012089841487994,0.06887744590217448,0.3663025080529721,0.06174663380415473,0.8139055476273928,0.8314326753252114,0.0017391051806051475,1.8817131770342603,True,True,True,True,True,True,True,True,True
run-04,outer-context-01,1,1573,True,0,sealed-run04-retrospective,outer_once,659658339,2,True,0.35907472186302325,0.03164655126468743,0.35624158446052107,0.015195701348516747,0.9118663906484632,0.9573443920885077,0.0031851852715784096,1.2229143758092165,True,True,True,True,True,True,True,True,True
run-04,outer-context-01,1,1573,True,0,sealed-run04-retrospective,outer_once,659658339,3,True,0.31483450476298225,0.05146177126913814,0.31201527356263276,0.03670377183076591,0.8365434204618701,0.8823654643194955,0.027670496173485257,1.2951224471453282,True,True,True,True,True,True,True,True,True
run-04,outer-context-01,1,1573,True,0,sealed-run04-retrospective,outer_once,659658339,4,False,0.22262996813421387,0.08470605774313125,0.2157869576672716,0.07311107973178427,0.6195208648097831,0.6611886069383468,0.00601253632550118,1.809911984733761,True,True,True,True,True,True,True,True,True
run-04,outer-context-01,1,1573,True,0,sealed-run04-retrospective,outer_once,659658339,5,True,0.3293681754411204,0.11649148016522097,0.32439428599247266,0.10851347510078999,0.6463183487317656,0.6654889442062861,0.031121722166714563,2.2483130722338363,True,True,True,True,True,False,True,False,False
run-04,outer-context-01,1,1573,True,0,sealed-run04-retrospective,outer_once,659658339,6,True,0.3377775558152682,0.13955397847696743,0.33260017876215553,0.1321478490013969,0.5868465027519767,0.6026825677207569,0.03913142949357591,2.2768575072729895,True,True,True,True,True,False,True,False,False
run-04,outer-context-01,1,1573,True,0,sealed-run04-retrospective,outer_once,659658339,7,True,0.28935272317929245,0.07941606976071348,0.28524965347131465,0.07138290894009323,0.7255388893938121,0.7497528636006856,0.00853442114813789,1.8638222581091493,True,True,True,True,True,True,True,True,True
run-04,outer-context-01,1,1573,True,0,sealed-run04-retrospective,outer_once,659658339,8,True,0.35156528963927763,0.07028914172003321,0.3486244071096254,0.06238303462344981,0.8000680277846737,0.8210594744623448,0.004434292920627888,1.8409409086188768,True,True,True,True,True,True,True,True,True
run-04,outer-context-01,1,1573,True,0,sealed-run04-retrospective,outer_once,659658339,9,False,0.2659292361406964,0.09659130937919262,0.26017579051803197,0.08512306537400689,0.6367781490257483,0.6728248035510158,0.0023818682578788477,1.698109394584665,True,True,True,True,True,True,True,True,True
run-04,outer-context-01,1,1573,True,0,sealed-run04-retrospective,outer_once,659658339,10,True,0.34239809097577417,0.09712757385371,0.33852720495722904,0.08870498566158509,0.7163314387153458,0.7379679258782395,0.030189080408142593,1.8248161755553622,True,True,True,True,True,True,True,True,True
run-04,outer-context-01,1,1573,True,0,sealed-run04-retrospective,outer_once,659658339,11,False,0.33957859960016057,0.15424696476794003,0.3348191573104822,0.1435865424059497,0.5457694773770806,0.5711519509237638,0.008339334093575979,1.874139206840286,True,True,True,True,True,True,True,True,True
run-04,outer-context-01,1,1573,True,0,sealed-run04-retrospective,outer_once,659658339,12,True,0.32886853236313573,0.08733310332529888,0.3216991651364335,0.07203249081290249,0.7344437222444077,0.7760874176271073,0.030400960285024283,1.6157623217577912,True,True,True,True,True,True,True,True,True
run-04,outer-context-01,1,1573,True,0,sealed-run04-retrospective,outer_once,659658339,13,True,0.3337248310078308,0.10563894566124057,0.32884241189666624,0.09592459328147375,0.6834549429773723,0.7082961631128755,0.009429242224998446,2.013799192563901,True,True,True,True,True,False,True,False,False
run-04,outer-context-01,1,1573,True,0,sealed-run04-retrospective,outer_once,659658339,14,True,0.2691839580823764,0.10843988171062684,0.2632159251157671,0.0953690597548629,0.5971532535477401,0.6376774706434731,0.027232519709821646,1.8508477773816714,True,True,True,True,True,True,True,True,True
run-04,outer-context-01,1,1573,True,0,sealed-run04-retrospective,outer_once,659658339,15,True,0.34074048562793813,0.1109979008056762,0.3345602933873388,0.10058313670292333,0.6742450472208424,0.6993572199362201,0.0033924168728691165,2.0449154273624788,True,True,True,True,True,False,True,False,False
run-04,outer-context-01,1,1573,True,0,sealed-run04-retrospective,outer_once,659658339,16,True,0.3283641054493123,0.08483765196894566,0.3250879854668781,0.07737213071771916,0.741635426768528,0.7619963389092942,0.0026046211796580307,1.8901184149104762,True,True,True,True,True,True,True,True,True
run-04,outer-context-01,1,1573,True,0,sealed-run04-retrospective,outer_once,659658339,17,True,0.32343775700040833,0.09343325819834766,0.3190439779543901,0.08289119659063282,0.7111244553979834,0.7401888068155833,0.025337955274308793,1.7505245623245758,True,True,True,True,True,True,True,True,True
run-04,outer-context-01,1,1573,True,0,sealed-run04-retrospective,outer_once,659658339,18,True,0.32390908364667503,0.08998874880441705,0.3194265189795258,0.07805585508375676,0.7221789898841549,0.7556375239816583,0.01990160848550294,1.644692768448587,True,True,True,True,True,True,True,True,True
run-04,outer-context-01,1,1573,True,0,sealed-run04-retrospective,outer_once,659658339,19,False,0.2723470515387931,0.10701552510224364,0.26596769156426026,0.09162143767165017,0.6070619288969964,0.655516663949713,0.008945211809663539,1.4526093506945625,True,True,True,True,True,True,True,True,True
run-04,outer-context-01,1,1573,True,0,sealed-run04-retrospective,outer_once,659658339,20,True,0.29537076295209413,0.062467756455865664,0.2884714083897302,0.0380593915800475,0.7885106981086099,0.868065290101026,0.0021600963707807267,1.2715815064265026,True,True,True,True,True,True,True,True,True
run-04,outer-context-01,1,1573,True,0,sealed-run04-retrospective,outer_once,659658339,21,True,0.34259856968619995,0.08076743660389124,0.3377652221399311,0.06459818055222058,0.7642505143034618,0.8087482774485927,0.007841806435526916,1.5950176860690597,True,True,True,True,True,True,True,True,True
run-04,outer-context-01,1,1573,True,0,sealed-run04-retrospective,outer_once,659658339,22,False,0.28023181056710594,0.07034738122319283,0.27463325463683147,0.0546281703624621,0.7489671815600426,0.8010868332944563,0.008651122723910932,1.6663504678014378,True,True,True,True,True,True,True,True,True
run-04,outer-context-01,1,1573,True,0,sealed-run04-retrospective,outer_once,659658339,23,True,0.2916346909698493,0.10061207287860785,0.2835479380299928,0.08646635768128327,0.6550064995902368,0.6950555934843824,0.034250335573447845,1.6373701958130664,True,True,True,True,True,True,True,True,True
run-04,outer-context-01,1,1573,True,0,sealed-run04-retrospective,outer_once,659658339,24,False,0.23622467996056146,0.08226617678658729,0.23029444762003967,0.06995007494966547,0.6517460546445786,0.6962580918795084,0.02205410313269403,1.5996727790974614,True,True,True,True,True,True,True,True,True
run-04,outer-context-01,1,1573,True,0,sealed-run04-retrospective,outer_once,659658339,25,True,0.3044876962045752,0.0833031168319731,0.2983651824234509,0.06504731465549586,0.7264154911008145,0.7819875827093716,0.010154662086295061,1.5030349216864294,True,True,True,True,True,True,True,True,True
run-04,outer-context-01,1,1573,True,0,sealed-run04-retrospective,outer_once,659658339,26,True,0.25026381574822054,0.06652282043833893,0.2427658654198217,0.030705837287561752,0.7341892185274413,0.8735166608597905,0.013357471742783672,1.0705135854970542,True,True,True,True,True,True,True,True,True
run-04,outer-context-01,1,1573,True,0,sealed-run04-retrospective,outer_once,659658339,27,False,0.22971291458870327,0.09932218378571671,0.21859168570006798,0.07586216159148228,0.5676247286159282,0.6529503793864622,0.018619087388023613,1.4798844661554034,True,True,True,True,True,True,True,True,True
run-04,outer-context-01,1,1573,True,0,sealed-run04-retrospective,outer_once,659658339,28,True,0.26727581166257186,0.08145433949809804,0.2589968274481526,0.05199765367026017,0.6952423827976927,0.7992343991909734,0.003740270807069886,1.2881142006123445,True,True,True,True,True,True,True,True,True
run-04,outer-context-01,1,1573,True,0,sealed-run04-retrospective,outer_once,659658339,29,True,0.2693605245724017,0.0809854102851995,0.26251806493907265,0.056300303819293365,0.6993419491821959,0.7855374111783127,0.017458449291041123,1.265175800952771,True,True,True,True,True,True,True,True,True
run-04,outer-context-01,1,1573,True,0,sealed-run04-retrospective,outer_once,659658339,30,False,0.2675582208758106,0.10420231692940247,0.2637469167284745,0.09780201117395723,0.6105433928050791,0.6291823525859691,0.02381646394002442,1.9860653314392203,True,True,True,True,True,True,True,True,True
run-04,outer-context-01,1,1573,True,0,sealed-run04-retrospective,outer_once,659658339,31,True,0.3292544162589245,0.05884988688828798,0.32578078550075573,0.04062290172221756,0.821263181350896,0.8753060231597872,0.00033884575750812627,1.4760587700881254,True,True,True,True,True,True,True,True,True
run-04,outer-context-01,1,1573,True,0,sealed-run04-retrospective,outer_once,659658339,32,True,0.3084089431515416,0.0645798370014413,0.30591353791677284,0.050866449485612815,0.7906032284877388,0.8337227903282541,0.0195191773115729,1.6008812451494983,True,True,True,True,True,True,True,True,True
run-04,outer-context-01,1,1573,True,0,sealed-run04-retrospective,outer_once,659658339,33,True,0.3488845450568763,0.09592427908863253,0.342940829526699,0.08516804763011511,0.7250543755872171,0.7516538122694297,0.0161855967725721,1.6915073859939467,True,True,True,True,True,True,True,True,True
run-04,outer-context-01,1,1573,True,0,sealed-run04-retrospective,outer_once,659658339,34,True,0.339402233437693,0.05281963741043403,0.33516145885738713,0.03849885457513488,0.8443745143470583,0.8851334079211167,0.003044844052351088,1.3749653848946919,True,True,True,True,True,True,True,True,True
run-04,outer-context-01,1,1573,True,0,sealed-run04-retrospective,outer_once,659658339,35,True,0.2085167808365575,0.07187496265853047,0.19396010406597392,0.024321905992718863,0.6553037008811847,0.8746035628829836,0.018508334264694008,1.1057176701307418,True,True,True,True,True,True,True,True,True
run-04,outer-context-01,1,1573,True,0,sealed-run04-retrospective,outer_once,659658339,36,True,0.29510515787509445,0.06286465303481446,0.29013473146141777,0.04472763339483435,0.7869754175512499,0.8458384035253558,0.027168568668370585,1.3279107224673,True,True,True,True,True,True,True,True,True
run-04,outer-context-01,1,1573,True,0,sealed-run04-retrospective,outer_once,659658339,37,True,0.317355158858842,0.06882891848141676,0.3120910047803256,0.05345497200387053,0.7831170643990334,0.8287199208400884,0.026458100832768065,1.4171519886658734,True,True,True,True,True,True,True,True,True
run-04,outer-context-01,1,1573,True,0,sealed-run04-retrospective,outer_once,659658339,38,False,0.2846589822302087,0.07101821103370631,0.2811097273218837,0.05722025279465625,0.7505147721765103,0.796448691620207,0.014760023735539925,1.6489406359549745,True,True,True,True,True,True,True,True,True
run-04,outer-context-01,1,1573,True,0,sealed-run04-retrospective,outer_once,659658339,39,False,0.276209866401261,0.08282526661014925,0.27203897236102914,0.07300818172695495,0.7001364661976784,0.731626020002516,0.0270808008357203,1.8175576123872568,True,True,True,True,True,True,True,True,True
run-04,outer-context-01,1,1573,True,0,sealed-run04-retrospective,outer_once,659658339,40,True,0.3606555626522674,0.10502396626655035,0.35488384496745845,0.09767374943021014,0.7087970431006186,0.7247726240140167,0.023448954331113273,1.925302256558483,True,True,True,True,True,True,True,True,True
run-04,outer-context-01,1,1573,True,0,sealed-run04-retrospective,outer_once,659658339,41,False,0.3467026291353424,0.07343227793191659,0.34311042665327446,0.06536034984376532,0.7881980932332335,0.8095063723906755,0.0035268350910191695,1.8754974021513655,True,True,True,True,True,True,True,True,True
run-04,outer-context-01,1,1573,True,0,sealed-run04-retrospective,outer_once,659658339,42,True,0.20938281507989437,0.08958565656562237,0.1893668328884691,0.06359012874919692,0.57214417748926,0.6641960591554623,0.02312173379162021,1.4123409117639487,True,True,True,True,True,True,True,True,True
run-04,outer-context-01,1,1573,True,0,sealed-run04-retrospective,outer_once,659658339,43,True,0.3043723224740334,0.05796693484128797,0.2970690453889232,0.03240079847339615,0.8095525428524033,0.8909317582012727,0.02982576822797229,1.1311408277657875,True,True,True,True,True,True,True,True,True
run-04,outer-context-01,1,1573,True,0,sealed-run04-retrospective,outer_once,659658339,44,True,0.3159651917275288,0.05849175574087584,0.3078574079074696,0.02096066097597057,0.8148791155725914,0.9319143849146209,0.010116073621550136,1.11676316962325,True,True,True,True,True,True,True,True,True
run-04,outer-context-01,1,1573,True,0,sealed-run04-retrospective,outer_once,659658339,45,True,0.307836806829664,0.05295626386503705,0.30011573875113556,0.011181647162798878,0.8279729301690053,0.9627422166883722,0.00683297499103565,1.039949596836888,True,True,True,True,True,True,True,True,True
run-04,outer-context-01,1,1573,True,0,sealed-run04-retrospective,outer_once,659658339,46,True,0.3553970122967104,0.059975365253525,0.34815326992766454,0.04071658787351506,0.8312440364483049,0.8830498191731052,0.0015325465684515437,1.3721132883037996,True,True,True,True,True,True,True,True,True
run-04,outer-context-01,1,1573,True,0,sealed-run04-retrospective,outer_once,659658339,47,True,0.3953031532479479,0.07151393384045443,0.38909903360194975,0.060587599370244785,0.8190909097160721,0.8442874586210712,0.0018870866247920875,1.6766150432329632,True,True,True,True,True,True,True,True,True
run-04,outer-context-01,1,1573,True,0,sealed-run04-retrospective,outer_once,659658339,48,True,0.3735158461303129,0.0596419881717222,0.369013569316173,0.050467174530285916,0.8403227365328051,0.8632376185412158,0.0009557512054548351,1.7101716170565693,True,True,True,True,True,True,True,True,True
run-04,outer-context-01,1,1573,True,0,sealed-run04-retrospective,outer_once,659658339,49,False,0.3298662193043324,0.07689847596801458,0.3272257974872946,0.06512513207739876,0.7668798092445211,0.8009780018033957,0.00345061207831037,1.6010456270889653,True,True,True,True,True,True,True,True,True
run-04,outer-context-01,1,1573,True,0,sealed-run04-retrospective,outer_once,659658339,50,True,0.2671894811406721,0.06111695229299618,0.2576217097901145,0.026375493487082024,0.7712598863096005,0.8976192902819788,0.02637549348708203,1.0303366378700556,True,True,True,True,True,True,True,True,True
run-04,outer-context-01,1,1573,True,0,sealed-run04-retrospective,outer_once,659658339,51,True,0.24653460239754799,0.059523277246122046,0.24068768479200514,0.037639209204420584,0.758560150716133,0.8436180511813588,0.018095482791188108,1.254598172551534,True,True,True,True,True,True,True,True,True
run-04,outer-context-01,1,1573,True,0,sealed-run04-retrospective,outer_once,659658339,52,True,0.32391980900295947,0.07169778075146097,0.3191055890947328,0.05869126499775945,0.7786557698581321,0.816075722257764,0.02386531609110882,1.5625223654661666,True,True,True,True,True,True,True,True,True
run-04,outer-context-01,1,1573,True,0,sealed-run04-retrospective,outer_once,659658339,53,True,0.29674812701689735,0.06821718389193336,0.29265708214892416,0.05649227072520156,0.7701175586929687,0.8069676964234394,0.008304618649675315,1.5126095748299098,True,True,True,True,True,True,True,True,True
run-04,outer-context-01,1,1573,True,0,sealed-run04-retrospective,outer_once,659658339,54,True,0.2846746466264636,0.05636193530342004,0.27419151594702523,0.018326113476530907,0.8020128031374165,0.9331630907206058,0.013728432818816525,1.0918125416725868,True,True,True,True,True,True,True,True,True
run-04,outer-context-01,1,1573,True,0,sealed-run04-retrospective,outer_once,659658339,55,True,0.3782781585606459,0.05743857463862772,0.37090473372540006,0.04151101596308789,0.8481578348134549,0.8880817304590655,0.004437730620524925,1.4847718883578607,True,True,True,True,True,True,True,True,True
run-04,outer-context-01,1,1573,True,0,sealed-run04-retrospective,outer_once,659658339,56,True,0.3423317483371707,0.05315136452718973,0.33793690037337315,0.04266807696663444,0.8447372620700092,0.8737395149227795,0.00031220209067401406,1.55952725946564,True,True,True,True,True,True,True,True,True
run-04,outer-context-01,1,1573,True,0,sealed-run04-retrospective,outer_once,659658339,57,True,0.30855590504394936,0.0515294662794294,0.3028470603184844,0.022615430818683755,0.8329979577863216,0.925323921602869,0.02261543081868369,1.003399531914384,True,True,True,True,True,True,True,True,True
run-04,outer-context-01,1,1573,True,0,sealed-run04-retrospective,outer_once,659658339,58,True,0.28618513825870145,0.07235320371720719,0.2788593693744848,0.031106593687243844,0.7471804295728229,0.8884506059200389,0.030684856100470826,1.0935375014392448,True,True,True,True,True,True,True,True,True
run-04,outer-context-01,1,1573,True,0,sealed-run04-retrospective,outer_once,659658339,59,True,0.2968733116140246,0.059970107615360466,0.28920264207225643,0.017446164561234073,0.7979942781339344,0.9396749475169899,0.008362848682546779,1.0389130382568648,True,True,True,True,True,True,True,True,True
run-04,outer-context-01,1,1573,True,0,sealed-run04-retrospective,outer_once,659658339,60,True,0.2736757973925126,0.07012853204982711,0.2653351533906921,0.038131807700549254,0.7437532557939457,0.856288142700782,0.03673716858303588,1.0856731699042141,True,True,True,True,True,True,True,True,True
run-04,outer-context-01,1,1573,True,0,sealed-run04-retrospective,outer_once,659658339,61,True,0.33369604001298264,0.08318535030527309,0.33004428748109216,0.0699933530695284,0.7507152008695197,0.787927391188256,0.03591086080683317,1.5411252069688182,True,True,True,True,True,True,True,True,True
run-04,outer-context-01,1,1573,True,0,sealed-run04-retrospective,outer_once,659658339,62,False,0.2912777143832663,0.11735359602563615,0.28602927968228525,0.10606693517157059,0.597107536104801,0.629174554124713,0.01590557231747961,1.8064573984567598,True,True,True,True,True,True,True,True,True
run-04,outer-context-01,1,1573,True,0,sealed-run04-retrospective,outer_once,659658339,63,True,0.3062956126300791,0.07784924361251332,0.3004132227046055,0.05403810390117319,0.7458362431507178,0.8201207542908039,0.03869192070186812,1.3108598772784334,True,True,True,True,True,True,True,True,True
run-04,outer-context-01,1,1573,True,0,sealed-run04-retrospective,outer_once,659658339,64,False,0.2679329639504219,0.05008217909723465,0.2637095562556418,0.03725541136464075,0.8130794421155965,0.8587255923007769,0.008097028989284471,1.4137904290014651,True,True,True,True,True,True,True,True,True
run-04,outer-context-01,1,1573,True,0,sealed-run04-retrospective,outer_once,659658339,65,True,0.27495395550790386,0.04933308385239181,0.2706678418588034,0.03426936295849927,0.8205769261938344,0.873389602831443,0.001219374387269201,1.4112788223982327,True,True,True,True,True,True,True,True,True
run-04,outer-context-01,1,1573,True,0,sealed-run04-retrospective,outer_once,659658339,66,True,0.2893171757985451,0.06670318630373642,0.2803768920372931,0.033091278775774724,0.7694461584604205,0.8819757272601009,0.022361880253631155,1.1288781538222292,True,True,True,True,True,True,True,True,True
run-04,outer-context-01,1,1573,True,0,sealed-run04-retrospective,outer_once,659658339,67,True,0.32023064497060566,0.08711838307658291,0.31161820009814184,0.06215232092812312,0.7279511363299423,0.8005497724184637,0.018898967870335914,1.394334135007007,True,True,True,True,True,True,True,True,True
run-04,outer-context-01,1,1573,True,0,sealed-run04-retrospective,outer_once,659658339,68,True,0.3632975639216637,0.08244259488994266,0.35502689450517266,0.06119679673580586,0.773071434886584,0.8276277158633281,0.022400103339193875,1.4792150049293986,True,True,True,True,True,True,True,True,True
run-04,outer-context-01,1,1573,True,0,sealed-run04-retrospective,outer_once,659658339,69,True,0.3677351624189813,0.07376334391276292,0.357809151456983,0.046529873269344955,0.7994117738767658,0.8699589625366557,0.0076439584660613945,1.3123094911781255,True,True,True,True,True,True,True,True,True
run-04,outer-context-01,1,1573,True,0,sealed-run04-retrospective,outer_once,659658339,70,True,0.34395327658371794,0.1481065860676979,0.3364084421947522,0.14068429977199648,0.5693991127552208,0.5818050853475547,0.03577247834491493,2.7919883744839042,True,True,True,True,True,False,True,False,False
run-04,outer-context-01,1,1573,True,0,sealed-run04-retrospective,outer_once,659658339,71,True,0.3559249848476189,0.13490547839331712,0.3462269231565771,0.12299177833836113,0.6209721594816565,0.644765412183906,0.028486325378182346,2.224974019122616,True,True,True,True,True,False,True,False,False
run-04,outer-context-01,1,1573,True,0,sealed-run04-retrospective,outer_once,659658339,72,True,0.33256937203044146,0.1279059037964784,0.32651782624852255,0.12112710922348033,0.6154008319660578,0.6290337020335091,0.006258131352741529,2.520880770395399,True,True,True,True,True,False,True,False,False
run-04,outer-context-01,1,1573,True,0,sealed-run04-retrospective,outer_once,659658339,73,True,0.394484730511918,0.194115471666983,0.3879509467828485,0.18843553493915424,0.5079265262939792,0.5142799972476184,0.048319435985597715,2.9461722414024987,True,True,True,True,True,False,True,False,False
run-04,outer-context-01,1,1573,True,0,sealed-run04-retrospective,outer_once,659658339,74,True,0.41156354943950363,0.19363635058230766,0.40691814151597594,0.188869144927868,0.5295104465737664,0.5358546949412605,0.05738630034695116,3.086148733100561,True,True,True,True,True,False,True,False,False
run-04,outer-context-01,1,1573,True,0,sealed-run04-retrospective,outer_once,659658339,75,True,0.353314454585024,0.12990934311885272,0.34910434443187244,0.12330259232915203,0.6323124020741403,0.6468030424261464,0.03845681556772988,2.2080475905840364,True,True,True,True,True,False,True,False,False
run-04,outer-context-01,1,1573,True,0,sealed-run04-retrospective,outer_once,659658339,76,True,0.3669283873170194,0.07636964460107216,0.3608510305131124,0.06052060331443725,0.7918677124997413,0.8322836899526657,0.02029554463520377,1.4614064143943282,True,True,True,True,True,True,True,True,True
run-04,outer-context-01,1,1573,True,0,sealed-run04-retrospective,outer_once,659658339,77,True,0.4032046778573929,0.09059553996631675,0.3962138201813857,0.07352782563467788,0.7753112874390833,0.8144238744599644,0.026506791871218648,1.5537831240448756,True,True,True,True,True,True,True,True,True
run-04,outer-context-01,1,1573,True,0,sealed-run04-retrospective,outer_once,659658339,78,True,0.4030949879546439,0.07652883642546333,0.3957842957803926,0.06051904468925371,0.8101468916451169,0.8470908387865048,0.006522149347200039,1.5309606092744525,True,True,True,True,True,True,True,True,True
run-04,outer-context-01,1,1573,True,0,sealed-run04-retrospective,outer_once,659658339,79,True,0.333700067935759,0.07130908751954856,0.32557658734753014,0.04944010395961467,0.7863078423667677,0.8481460096304749,0.004925540152989476,1.3516682750509283,True,True,True,True,True,True,True,True,True
run-04,outer-context-01,1,1573,True,0,sealed-run04-retrospective,outer_once,659658339,80,True,0.3429673686744681,0.08419555405413824,0.3406531092917839,0.07894051293776629,0.7545085575355317,0.7682671586298355,0.0017441605683289154,1.7831078355255316,True,True,True,True,True,True,True,True,True
run-04,outer-context-01,1,1573,True,0,sealed-run04-retrospective,outer_once,659658339,81,False,0.24863572093141884,0.08833092106820381,0.24403487856325226,0.07927512415306819,0.6447376075436557,0.6751483860839975,0.0018408315259723796,1.7667292508106958,True,True,True,True,True,True,True,True,True
run-04,outer-context-01,1,1573,True,0,sealed-run04-retrospective,outer_once,659658339,82,True,0.405517762355004,0.21304061853722625,0.4013803772281025,0.2068236149089901,0.4746454081320283,0.4847191675455194,0.06423534429186646,3.3420423516953335,True,True,True,True,True,False,True,False,False
run-04,outer-context-01,1,1573,True,0,sealed-run04-retrospective,outer_once,659658339,83,True,0.4241197974585053,0.228004207712611,0.4201107202281504,0.22221800736845493,0.46240611949995497,0.47104894812545,0.0667210428030362,3.5887942284059178,True,True,True,True,True,False,True,False,False
run-04,outer-context-01,1,1573,True,0,sealed-run04-retrospective,outer_once,659658339,84,True,0.4245579586703665,0.23220311059361742,0.4200356721190068,0.2260334474734867,0.45307088030846787,0.4618708303197504,0.06896293890159662,3.56065171842748,True,True,True,True,True,False,True,False,False
run-04,outer-context-01,1,1573,True,0,sealed-run04-retrospective,outer_once,659658339,85,True,0.4069878705776522,0.21924509689146265,0.40262381909991535,0.21220202027243656,0.4612982038499565,0.47295214489092013,0.06456052133968526,3.3595141943573856,True,True,True,True,True,False,True,False,False
run-04,outer-context-01,1,1573,True,0,sealed-run04-retrospective,outer_once,659658339,86,True,0.3617317296822573,0.17615419389352635,0.35685273847269766,0.16738376134883914,0.5130253183809477,0.5309444392518079,0.05147969068638693,2.7099206202537736,True,True,True,True,True,False,True,False,False
run-04,outer-context-01,1,1573,True,0,sealed-run04-retrospective,outer_once,659658339,87,True,0.34242528889040763,0.16020337563939122,0.33595269108007947,0.14381299677181175,0.5321508637445761,0.571924855522197,0.024781211018674126,2.0757908973148678,True,True,True,True,True,False,True,False,False
run-04,outer-context-01,1,1573,True,0,sealed-run04-retrospective,outer_once,659658339,88,True,0.33748334057603263,0.13459877068049148,0.3304204221595499,0.12034050758605165,0.6011691408211384,0.6357957937359486,0.030225285795270545,2.0758538929119466,True,True,True,True,True,False,True,False,False
run-04,outer-context-01,1,1573,True,0,sealed-run04-retrospective,outer_once,659658339,89,True,0.34549008310755164,0.12355846218048198,0.34013065610286186,0.1075769788497396,0.6423675577917586,0.6837186624624441,0.04688910154161529,1.9241376594416872,True,True,True,True,True,True,True,True,True
run-04,outer-context-01,1,1573,True,0,sealed-run04-retrospective,outer_once,659658339,90,False,0.14312988868537227,0.06975770018527537,0.1250180730223438,0.03050941906968869,0.5126266021304847,0.755959931775337,0.022393699197333004,1.0959360426012716,True,True,True,True,True,True,True,True,True
run-04,outer-context-01,1,1573,True,0,sealed-run04-retrospective,outer_once,659658339,91,True,0.30019331536950006,0.06567587826104095,0.29449081805291694,0.040480228826078136,0.7812213833602449,0.8625416266159976,0.013482512909769153,1.3065930704606366,True,True,True,True,True,True,True,True,True
run-04,outer-context-01,1,1573,True,0,sealed-run04-retrospective,outer_once,659658339,92,False,0.30132828332627326,0.10852892547215809,0.2956044937774461,0.096335199466938,0.639831600690982,0.6741077977675584,0.004980638042656917,1.6971726574366626,True,True,True,True,True,True,True,True,True
run-04,outer-context-01,1,1573,True,0,sealed-run04-retrospective,outer_once,659658339,93,False,0.23279987397952234,0.09123263761970937,0.22870026596959983,0.08366138981960683,0.6081070145779613,0.6341876146714776,0.004735473797885017,1.9734385636853422,True,True,True,True,True,True,True,True,True
run-04,outer-context-01,1,1573,True,0,sealed-run04-retrospective,outer_once,659658339,94,False,0.3712782185369176,0.10971758094836126,0.3690740657826793,0.10504639589323701,0.7044868902336332,0.7153785496402472,5.278540449447466e-05,2.1867667796327255,True,True,True,True,True,False,True,False,False
run-04,outer-context-01,1,1573,True,0,sealed-run04-retrospective,outer_once,659658339,95,False,0.3502314171369797,0.09791704110707512,0.3473631573105723,0.0917678111127296,0.7204218801742204,0.7358159344726323,0.0021056198276706694,1.9645487809647326,True,True,True,True,True,True,True,True,True
run-04,outer-context-01,1,1573,True,1,sealed-run04-retrospective,outer_once,77182503,0,True,0.35485587672511043,0.07888092923958143,0.3512707966232467,0.07343325962667765,0.7777099537774129,0.7909497164791696,0.001545475523538915,2.0404644145637145,True,True,True,True,True,False,True,False,False
run-04,outer-context-01,1,1573,True,1,sealed-run04-retrospective,outer_once,77182503,1,True,0.3614147589104653,0.07149412838304783,0.3575345318481753,0.06472234300105048,0.8021825987445096,0.8189759666947795,0.0009635612269720184,1.9311976870930976,True,True,True,True,True,True,True,True,True
run-04,outer-context-01,1,1573,True,1,sealed-run04-retrospective,outer_once,77182503,2,True,0.3282066433363011,0.03284783444544329,0.32512924434361506,0.017581114441854725,0.8999172164477324,0.9459257672211301,0.0026931525206809657,1.2600871478834748,True,True,True,True,True,True,True,True,True
run-04,outer-context-01,1,1573,True,1,sealed-run04-retrospective,outer_once,77182503,3,True,0.29445578092553165,0.052514819061207765,0.2911738211461863,0.03848588515718809,0.8216546508404641,0.8678250503232365,0.027599553135611705,1.3203420149025695,True,True,True,True,True,True,True,True,True
run-04,outer-context-01,1,1573,True,1,sealed-run04-retrospective,outer_once,77182503,4,False,0.22794686209515852,0.0889288320230994,0.22278497053334884,0.0787516528933747,0.6098703390530762,0.6465127216398724,0.006267411647631042,1.8543996550420176,True,True,True,True,True,True,True,True,True
run-04,outer-context-01,1,1573,True,1,sealed-run04-retrospective,outer_once,77182503,5,True,0.34803542211637534,0.11511716862758267,0.34327764463746907,0.10707414644752403,0.6692372060074677,0.6880829610660968,0.031182909867907588,2.245279099136247,True,True,True,True,True,False,True,False,False
run-04,outer-context-01,1,1573,True,1,sealed-run04-retrospective,outer_once,77182503,6,True,0.37096906527807816,0.1405695984371061,0.36611651933702816,0.1323743312965526,0.6210746081166223,0.6384366060939863,0.038782879775248906,2.300859307042515,True,True,True,True,True,False,True,False,False
run-04,outer-context-01,1,1573,True,1,sealed-run04-retrospective,outer_once,77182503,7,True,0.3140746997883083,0.08185137403226447,0.3097186587134415,0.07363210493910767,0.7393888330150958,0.7622613204997969,0.009161462339049806,1.8919007797393494,True,True,True,True,True,True,True,True,True
run-04,outer-context-01,1,1573,True,1,sealed-run04-retrospective,outer_once,77182503,8,True,0.36366728986897273,0.06706208438329299,0.3604769493585067,0.05849592754081414,0.8155949510678976,0.8377263022090272,0.004998141610567468,1.786254164086989,True,True,True,True,True,True,True,True,True
run-04,outer-context-01,1,1573,True,1,sealed-run04-retrospective,outer_once,77182503,9,False,0.27013047813193025,0.0925376776217781,0.2639683546586631,0.0803181593241112,0.6574334067680315,0.6957280753294446,0.0027917542261182778,1.6664295771182092,True,True,True,True,True,True,True,True,True
run-04,outer-context-01,1,1573,True,1,sealed-run04-retrospective,outer_once,77182503,10,True,0.3523781512348405,0.0950162612189823,0.34827940220533576,0.08621093354430759,0.7303571152580931,0.7524661722788877,0.030782387887504037,1.79951819706922,True,True,True,True,True,True,True,True,True
run-04,outer-context-01,1,1573,True,1,sealed-run04-retrospective,outer_once,77182503,11,False,0.3324907041617223,0.14348107677558658,0.3268469475049396,0.13207017753853864,0.5684659000096499,0.5959265382567396,0.00850109178629581,1.7956965674719751,True,True,True,True,True,True,True,True,True
run-04,outer-context-01,1,1573,True,1,sealed-run04-retrospective,outer_once,77182503,12,True,0.3460403389910673,0.09246474217341571,0.3398343023355664,0.07779600194575027,0.7327920136623072,0.7710766646830982,0.030739503338165934,1.6586109719273625,True,True,True,True,True,True,True,True,True
run-04,outer-context-01,1,1573,True,1,sealed-run04-retrospective,outer_once,77182503,13,True,0.3650068438825122,0.10774741439978282,0.3604227982248767,0.09751376304489036,0.7048071393574626,0.7294461850772018,0.009905694684278737,2.032829270387835,True,True,True,True,True,False,True,False,False
run-04,outer-context-01,1,1573,True,1,sealed-run04-retrospective,outer_once,77182503,14,True,0.2987223879332157,0.11172476847098418,0.2922639889392854,0.09735237943279955,0.6259913117192875,0.6669025842488469,0.027538303719060256,1.8736833832326398,True,True,True,True,True,True,True,True,True
run-04,outer-context-01,1,1573,True,1,sealed-run04-retrospective,outer_once,77182503,15,True,0.3766020763962667,0.11400821213879127,0.37129377964526367,0.10437642506875694,0.6972714191335737,0.7188845308195607,0.0037593441704779746,2.0899144078593768,True,True,True,True,True,False,True,False,False
run-04,outer-context-01,1,1573,True,1,sealed-run04-retrospective,outer_once,77182503,16,True,0.34097970729928384,0.08879988237810195,0.33792269404467534,0.08137955340463164,0.7395742899733305,0.7591770104855023,0.002087375868999872,1.9383285856938317,True,True,True,True,True,True,True,True,True
run-04,outer-context-01,1,1573,True,1,sealed-run04-retrospective,outer_once,77182503,17,True,0.3092542435116986,0.09499983652671727,0.3050842948383387,0.08486350676380218,0.6928099176652895,0.72183587225042,0.024864682874866623,1.7611717457773535,True,True,True,True,True,True,True,True,True
run-04,outer-context-01,1,1573,True,1,sealed-run04-retrospective,outer_once,77182503,18,True,0.325773486077176,0.09519425881384927,0.3210332213999187,0.08212329693458426,0.7077900354625616,0.7441906585976618,0.019842259640985703,1.6812728453827206,True,True,True,True,True,True,True,True,True
run-04,outer-context-01,1,1573,True,1,sealed-run04-retrospective,outer_once,77182503,19,False,0.2760513909070954,0.11330915537084198,0.2693044276920935,0.09809698144321065,0.5895360099490462,0.6357394407366787,0.008662480130196434,1.495155307139762,True,True,True,True,True,True,True,True,True
run-04,outer-context-01,1,1573,True,1,sealed-run04-retrospective,outer_once,77182503,20,True,0.30569980781437,0.06619953293921427,0.2990576996768334,0.044725854280992926,0.7834492163651847,0.8504440637063537,0.002411366348731846,1.3199387197503585,True,True,True,True,True,True,True,True,True
run-04,outer-context-01,1,1573,True,1,sealed-run04-retrospective,outer_once,77182503,21,True,0.3755276705025563,0.07977547684438337,0.3706488218387953,0.06346266570856889,0.7875643178633882,0.8287795293838262,0.007291951400771675,1.5948234783648632,True,True,True,True,True,True,True,True,True
run-04,outer-context-01,1,1573,True,1,sealed-run04-retrospective,outer_once,77182503,22,False,0.2808894898869049,0.06867021492396919,0.27509210995365635,0.05199828191241497,0.7555258655223518,0.8109786503103456,0.00872549554690581,1.6489743094773792,True,True,True,True,True,True,True,True,True
run-04,outer-context-01,1,1573,True,1,sealed-run04-retrospective,outer_once,77182503,23,True,0.31232307143821314,0.10733139659627695,0.304274394987044,0.09404424648401206,0.6563449632394183,0.6909229036902154,0.0339799210794331,1.704883384291916,True,True,True,True,True,True,True,True,True
run-04,outer-context-01,1,1573,True,1,sealed-run04-retrospective,outer_once,77182503,24,False,0.22946721476264093,0.07839367095260066,0.22307249299699117,0.06620365553022553,0.6583665730475247,0.7032190986850249,0.022207915999261568,1.573411145441384,True,True,True,True,True,True,True,True,True
run-04,outer-context-01,1,1573,True,1,sealed-run04-retrospective,outer_once,77182503,25,True,0.3128499288783488,0.08148048595209197,0.30678626069058795,0.06391568922657362,0.7395540851032908,0.7916605225974042,0.010188434860918867,1.4968832751297971,True,True,True,True,True,True,True,True,True
run-04,outer-context-01,1,1573,True,1,sealed-run04-retrospective,outer_once,77182503,26,True,0.26357069852087645,0.06610344889777141,0.25700184258221487,0.03176967228268953,0.7492003122170441,0.876383484400403,0.013131158184078293,1.077831788188901,True,True,True,True,True,True,True,True,True
run-04,outer-context-01,1,1573,True,1,sealed-run04-retrospective,outer_once,77182503,27,False,0.2306429820626436,0.10512565008707928,0.21893353586717554,0.08518286874905716,0.544206161631544,0.610919047136129,0.018581649914446715,1.5365706077758379,True,True,True,True,True,True,True,True,True
run-04,outer-context-01,1,1573,True,1,sealed-run04-retrospective,outer_once,77182503,28,True,0.27116047723831666,0.07899282217519697,0.26293957248799066,0.05251636898945538,0.7086860777805313,0.8002720986706785,0.004323655830240129,1.275822408519556,True,True,True,True,True,True,True,True,True
run-04,outer-context-01,1,1573,True,1,sealed-run04-retrospective,outer_once,77182503,29,True,0.27337341592586833,0.08270545882271554,0.26564091690057107,0.06069302586647876,0.697463418150567,0.771522299446075,0.017426844679596452,1.291055394067423,True,True,True,True,True,True,True,True,True
run-04,outer-context-01,1,1573,True,1,sealed-run04-retrospective,outer_once,77182503,30,False,0.28929162497309896,0.11421425430109064,0.2848994546878638,0.10853542107114796,0.6051933604655463,0.6190395619041831,0.023819695634205804,2.0821618273148084,True,True,True,True,True,False,True,False,False
run-04,outer-context-01,1,1573,True,1,sealed-run04-retrospective,outer_once,77182503,31,True,0.3672139240036988,0.06100703988400391,0.36399994684433484,0.046531378724102006,0.8338651235801466,0.8721665232989684,3.4876232618791345e-06,1.543135814821017,True,True,True,True,True,True,True,True,True
run-04,outer-context-01,1,1573,True,1,sealed-run04-retrospective,outer_once,77182503,32,True,0.3441169571665022,0.06665256810933745,0.34156053312094925,0.05483868547895094,0.8063083881184984,0.8394466568550175,0.02022438511269557,1.649846180607157,True,True,True,True,True,True,True,True,True
run-04,outer-context-01,1,1573,True,1,sealed-run04-retrospective,outer_once,77182503,33,True,0.3270511491489634,0.08935208606747025,0.32117965639648394,0.07578687030675739,0.7267947649779617,0.764035894561138,0.016857776811318434,1.6086614360781217,True,True,True,True,True,True,True,True,True
run-04,outer-context-01,1,1573,True,1,sealed-run04-retrospective,outer_once,77182503,34,True,0.34946846200941006,0.052917897904079206,0.34601264394709286,0.040111424489018645,0.8485760414550533,0.8840752637491712,0.0023278906252649514,1.38996242750231,True,True,True,True,True,True,True,True,True
run-04,outer-context-01,1,1573,True,1,sealed-run04-retrospective,outer_once,77182503,35,True,0.21491213746912127,0.07190912906326347,0.1968512487567745,0.020991134678855567,0.665402196869428,0.8933654990180336,0.018327613429162535,1.0697499137895607,True,True,True,True,True,True,True,True,True
run-04,outer-context-01,1,1573,True,1,sealed-run04-retrospective,outer_once,77182503,36,True,0.2770788838923483,0.062389222124866583,0.27070354700583715,0.0425520047095359,0.7748322743024103,0.8428095782999904,0.027883895152224364,1.2960603116522125,True,True,True,True,True,True,True,True,True
run-04,outer-context-01,1,1573,True,1,sealed-run04-retrospective,outer_once,77182503,37,True,0.29493744757001644,0.0665859906628665,0.28881114469508407,0.04896485865789018,0.7742369061254611,0.8304606329870495,0.027143514406344313,1.380171649124072,True,True,True,True,True,True,True,True,True
run-04,outer-context-01,1,1573,True,1,sealed-run04-retrospective,outer_once,77182503,38,False,0.3099874394825271,0.07169316811491902,0.30569091884935207,0.05745072232954041,0.768722344896945,0.8120627117554226,0.014655619812020392,1.6715341476111027,True,True,True,True,True,True,True,True,True
run-04,outer-context-01,1,1573,True,1,sealed-run04-retrospective,outer_once,77182503,39,False,0.25083831361702014,0.08243922102041701,0.24514129478530527,0.07157397836567017,0.671345179164754,0.7080296959826591,0.0274837400202899,1.794291505758381,True,True,True,True,True,True,True,True,True
run-04,outer-context-01,1,1573,True,1,sealed-run04-retrospective,outer_once,77182503,40,True,0.33613983795323804,0.0963168474192028,0.3301574165924387,0.08760430423063387,0.7134619686685222,0.7346589843875093,0.022451641070830065,1.8195880348470428,True,True,True,True,True,True,True,True,True
run-04,outer-context-01,1,1573,True,1,sealed-run04-retrospective,outer_once,77182503,41,False,0.3567030221443041,0.07304822816124663,0.3531658756889979,0.06537687750164996,0.7952127578787517,0.8148833678392484,0.004059651708428848,1.8746663820192857,True,True,True,True,True,True,True,True,True
run-04,outer-context-01,1,1573,True,1,sealed-run04-retrospective,outer_once,77182503,42,True,0.21805205611373135,0.0874021617283202,0.19934725698021372,0.05917343779735167,0.5991683670126317,0.7031640229530474,0.023251422396830316,1.3724068642018918,True,True,True,True,True,True,True,True,True
run-04,outer-context-01,1,1573,True,1,sealed-run04-retrospective,outer_once,77182503,43,True,0.31146572892945285,0.060357090885676666,0.3051594891637671,0.034754323915431526,0.8062159484026329,0.8861109513236199,0.029507970737869028,1.1727313512505455,True,True,True,True,True,True,True,True,True
run-04,outer-context-01,1,1573,True,1,sealed-run04-retrospective,outer_once,77182503,44,True,0.3229952954660542,0.05966572723981882,0.31518566361104006,0.02587041528311985,0.8152736956935352,0.9179200761014129,0.009748017951731356,1.1538157656468135,True,True,True,True,True,True,True,True,True
run-04,outer-context-01,1,1573,True,1,sealed-run04-retrospective,outer_once,77182503,45,True,0.31383981084812473,0.053250126225598125,0.30605626162766764,0.012299491273698582,0.830327050982811,0.9598129729210981,0.00734479895913482,1.0589159670290542,True,True,True,True,True,True,True,True,True
run-04,outer-context-01,1,1573,True,1,sealed-run04-retrospective,outer_once,77182503,46,True,0.3437565824633257,0.06114743912154431,0.3344695360870584,0.041239380193595056,0.8221199469596544,0.8767021335453972,0.0015931522543170377,1.3862607745364262,True,True,True,True,True,True,True,True,True
run-04,outer-context-01,1,1573,True,1,sealed-run04-retrospective,outer_once,77182503,47,True,0.3709333611801244,0.06997546867225203,0.3635644582095462,0.05742006528553938,0.8113529922204218,0.8420635901311222,0.0027019477342064696,1.629427119204025,True,True,True,True,True,True,True,True,True
run-04,outer-context-01,1,1573,True,1,sealed-run04-retrospective,outer_once,77182503,48,True,0.3717357204412228,0.05950843415112472,0.3676751900516947,0.0493961424594473,0.839917363656921,0.8656527723491426,0.0003572984875231137,1.6862735424469282,True,True,True,True,True,True,True,True,True
run-04,outer-context-01,1,1573,True,1,sealed-run04-retrospective,outer_once,77182503,49,False,0.3346735235917546,0.07006371112558503,0.3310162294437999,0.05702108017985737,0.7906505708200241,0.8277393217980014,0.004085650914999142,1.534100048632717,True,True,True,True,True,True,True,True,True
run-04,outer-context-01,1,1573,True,1,sealed-run04-retrospective,outer_once,77182503,50,True,0.2725784993527808,0.059315328690481194,0.26291397271168376,0.026922073002940673,0.7823917556545309,0.89760120877081,0.026920450868268473,1.0308913770782329,True,True,True,True,True,True,True,True,True
run-04,outer-context-01,1,1573,True,1,sealed-run04-retrospective,outer_once,77182503,51,True,0.2634050110540909,0.06040017861188265,0.25794302642749806,0.04078645777685469,0.770694648631877,0.8418780366279108,0.018441500134212675,1.2814333006083056,True,True,True,True,True,True,True,True,True
run-04,outer-context-01,1,1573,True,1,sealed-run04-retrospective,outer_once,77182503,52,True,0.31835964288466273,0.07518196575548321,0.3135665765893428,0.06095753240713607,0.7638458032109284,0.8055993943290451,0.02331998688483103,1.5988354404389777,True,True,True,True,True,True,True,True,True
run-04,outer-context-01,1,1573,True,1,sealed-run04-retrospective,outer_once,77182503,53,True,0.30697811303507555,0.0724373519600829,0.3030632794970874,0.06010348734816066,0.7640308905286478,0.8016800733896292,0.007759785684482833,1.5547407817383927,True,True,True,True,True,True,True,True,True
run-04,outer-context-01,1,1573,True,1,sealed-run04-retrospective,outer_once,77182503,54,True,0.29713860406326426,0.058537288724330463,0.2883222098765748,0.022408732183815734,0.8029966893434446,0.9222788553354648,0.013817288017569198,1.1157619580999893,True,True,True,True,True,True,True,True,True
run-04,outer-context-01,1,1573,True,1,sealed-run04-retrospective,outer_once,77182503,55,True,0.35425625236873654,0.055190255607620135,0.34579225159454957,0.03702066458703003,0.8442080972781986,0.8929395774014112,0.004808380710735491,1.4425280227784456,True,True,True,True,True,True,True,True,True
run-04,outer-context-01,1,1573,True,1,sealed-run04-retrospective,outer_once,77182503,56,True,0.3373540645298015,0.05143782887116028,0.33295855448655315,0.038957249526714574,0.8475256880546157,0.8829967003347021,0.0004831555909981806,1.524934527096987,True,True,True,True,True,True,True,True,True
run-04,outer-context-01,1,1573,True,1,sealed-run04-retrospective,outer_once,77182503,57,True,0.3234974743944481,0.05146466578495099,0.31790089520775,0.022251298511415264,0.8409116921815627,0.9300055493808096,0.02225129851141545,1.0002396757019636,True,True,True,True,True,True,True,True,True
run-04,outer-context-01,1,1573,True,1,sealed-run04-retrospective,outer_once,77182503,58,True,0.2914062625505723,0.07368045621370672,0.28304741440318787,0.032501766147448166,0.7471555498882945,0.8851720083153598,0.030960269579631456,1.1120314154549256,True,True,True,True,True,True,True,True,True
run-04,outer-context-01,1,1573,True,1,sealed-run04-retrospective,outer_once,77182503,59,True,0.3001696751729838,0.06251283672159245,0.2917025077447041,0.020164043971111604,0.7917416651579906,0.9308746293372321,0.008802690359272156,1.0755351832801965,True,True,True,True,True,True,True,True,True
run-04,outer-context-01,1,1573,True,1,sealed-run04-retrospective,outer_once,77182503,60,True,0.2772881210863134,0.07530882836656791,0.2682408444976516,0.039601983630534326,0.7284094678432834,0.8523640808516727,0.036248660634642375,1.1253694402130516,True,True,True,True,True,True,True,True,True
run-04,outer-context-01,1,1573,True,1,sealed-run04-retrospective,outer_once,77182503,61,True,0.3481952876955537,0.08136090555317642,0.34401591406089826,0.06748507442376082,0.7663354202992122,0.8038315331778095,0.03658936120831956,1.5150412542561253,True,True,True,True,True,True,True,True,True
run-04,outer-context-01,1,1573,True,1,sealed-run04-retrospective,outer_once,77182503,62,False,0.28946621248239257,0.10420652487314448,0.28403875680322,0.09167982268467993,0.6400045311696505,0.677227770898198,0.015977654408969397,1.6817649558882786,True,True,True,True,True,True,True,True,True
run-04,outer-context-01,1,1573,True,1,sealed-run04-retrospective,outer_once,77182503,63,True,0.3083984180612612,0.07068873177110654,0.3032636505153679,0.04499277624509665,0.7707876317411436,0.8516380839951123,0.038686878988929176,1.222216216458083,True,True,True,True,True,True,True,True,True
run-04,outer-context-01,1,1573,True,1,sealed-run04-retrospective,outer_once,77182503,64,False,0.2820884594435992,0.052139799785342264,0.2778836460488721,0.03964538904739826,0.8151650730831578,0.8573309742724993,0.008052031022075436,1.442591554350301,True,True,True,True,True,True,True,True,True
run-04,outer-context-01,1,1573,True,1,sealed-run04-retrospective,outer_once,77182503,65,True,0.288029441529432,0.050271740254929934,0.2837730846966416,0.035423165685902674,0.8254631888046314,0.8751708051390051,0.001308963452424759,1.4259800280739778,True,True,True,True,True,True,True,True,True
run-04,outer-context-01,1,1573,True,1,sealed-run04-retrospective,outer_once,77182503,66,True,0.2849238906478779,0.07058208868329546,0.27443119943945393,0.038696507826561616,0.7522773940689864,0.8589937736467206,0.022004241136661783,1.1775782353965945,True,True,True,True,True,True,True,True,True
run-04,outer-context-01,1,1573,True,1,sealed-run04-retrospective,outer_once,77182503,67,True,0.32018200932541235,0.08622747935952758,0.3111799295049112,0.06379911382337038,0.7306923036019444,0.7949767713975798,0.019298177881250225,1.4088767719462165,True,True,True,True,True,True,True,True,True
run-04,outer-context-01,1,1573,True,1,sealed-run04-retrospective,outer_once,77182503,68,True,0.34195431743432214,0.07908766706611278,0.33391814885594634,0.0592510622501781,0.7687186181490372,0.8225581255371079,0.02297844479385403,1.4660988051765407,True,True,True,True,True,True,True,True,True
run-04,outer-context-01,1,1573,True,1,sealed-run04-retrospective,outer_once,77182503,69,True,0.34470224328592025,0.07013805933651455,0.3352889555171956,0.041947767150717574,0.7965256661287895,0.8748906981263025,0.007173205802651987,1.285647140585176,True,True,True,True,True,True,True,True,True
run-04,outer-context-01,1,1573,True,1,sealed-run04-retrospective,outer_once,77182503,70,True,0.3761289823746548,0.1485153917542477,0.36943069322665445,0.14179858521046843,0.6051477054051784,0.6161699939656295,0.03644465681621262,2.794633254074452,True,True,True,True,True,False,True,False,False
run-04,outer-context-01,1,1573,True,1,sealed-run04-retrospective,outer_once,77182503,71,True,0.391114697354826,0.13501447137936817,0.3823494171001106,0.12391430179396278,0.6547957100756029,0.6759134544161779,0.029175076307522838,2.2283477472539994,True,True,True,True,True,False,True,False,False
run-04,outer-context-01,1,1573,True,1,sealed-run04-retrospective,outer_once,77182503,72,True,0.3534863059377809,0.1260822111670274,0.3486228904507172,0.11979696612080734,0.643317975692049,0.6563709113709435,0.006896060943046839,2.517914124755358,True,True,True,True,True,False,True,False,False
run-04,outer-context-01,1,1573,True,1,sealed-run04-retrospective,outer_once,77182503,73,True,0.41662333956149505,0.19187905758639906,0.4102283756873456,0.18634672022135276,0.539442370683419,0.5457488285418453,0.04833007669763403,2.9273749176861186,True,True,True,True,True,False,True,False,False
run-04,outer-context-01,1,1573,True,1,sealed-run04-retrospective,outer_once,77182503,74,True,0.4458497684745434,0.19459154283150107,0.44064578496676315,0.1898063384373994,0.5635490773107543,0.5692541607955786,0.05784407762004509,3.0855495257028576,True,True,True,True,True,False,True,False,False
run-04,outer-context-01,1,1573,True,1,sealed-run04-retrospective,outer_once,77182503,75,True,0.3956866039199687,0.13043025202090425,0.3914790450182892,0.12426341299622638,0.6703698059808844,0.6825796563634178,0.039170297219589374,2.2044219421423215,True,True,True,True,True,False,True,False,False
run-04,outer-context-01,1,1573,True,1,sealed-run04-retrospective,outer_once,77182503,76,True,0.3611764397292566,0.07946835217720849,0.3542979673398719,0.06454621427221807,0.779973598951307,0.8178194056352008,0.019927290282131714,1.500257431736546,True,True,True,True,True,True,True,True,True
run-04,outer-context-01,1,1573,True,1,sealed-run04-retrospective,outer_once,77182503,77,True,0.3902784070053918,0.0881020581543439,0.3823066112105866,0.07354890044940145,0.7742584355861462,0.8076180262315988,0.026048437175543022,1.5474517111706598,True,True,True,True,True,True,True,True,True
run-04,outer-context-01,1,1573,True,1,sealed-run04-retrospective,outer_once,77182503,78,True,0.37937854583275266,0.0710245737026077,0.3716612533199078,0.05535227387230591,0.8127870579853016,0.8510679459376913,0.005915133089544835,1.4909181287555073,True,True,True,True,True,True,True,True,True
run-04,outer-context-01,1,1573,True,1,sealed-run04-retrospective,outer_once,77182503,79,True,0.31599942951288207,0.0653254172152716,0.3074067942409084,0.04255022030900719,0.7932736229430168,0.861583344590421,0.004154027369521788,1.309792110261559,True,True,True,True,True,True,True,True,True
run-04,outer-context-01,1,1573,True,1,sealed-run04-retrospective,outer_once,77182503,80,True,0.32323228199906784,0.07506706575349453,0.3208010400643335,0.068576985442624,0.7677612356994992,0.7862320351926803,0.001991949359264801,1.682436871620614,True,True,True,True,True,True,True,True,True
run-04,outer-context-01,1,1573,True,1,sealed-run04-retrospective,outer_once,77182503,81,False,0.2462311175985092,0.08045818674223437,0.24071326810805949,0.07018506425400799,0.6732411909309325,0.7084287675305835,0.0019836268371803455,1.6786219649770293,True,True,True,True,True,True,True,True,True
run-04,outer-context-01,1,1573,True,1,sealed-run04-retrospective,outer_once,77182503,82,True,0.43563728288764736,0.21891962390246575,0.4319452033362756,0.214170168036067,0.49747270837026586,0.5041728293731452,0.06403391956228609,3.3920737993227723,True,True,True,True,True,False,True,False,False
run-04,outer-context-01,1,1573,True,1,sealed-run04-retrospective,outer_once,77182503,83,True,0.4629607273110727,0.23443445331184531,0.45940149831563315,0.23009407971884954,0.4936191355291265,0.49914381959467896,0.06642542409563237,3.6387153087911708,True,True,True,True,True,False,True,False,False
run-04,outer-context-01,1,1573,True,1,sealed-run04-retrospective,outer_once,77182503,84,True,0.47015539411979224,0.23830606193095044,0.4662496200114425,0.23326558983978046,0.49313340884432827,0.4996980590910599,0.06865169551658014,3.605841156091494,True,True,True,True,True,False,True,False,False
run-04,outer-context-01,1,1573,True,1,sealed-run04-retrospective,outer_once,77182503,85,True,0.4557398079118182,0.22366614640262056,0.45198099907622563,0.2178768390679948,0.5092240297650319,0.5179513308893537,0.06426508923235022,3.390086003106502,True,True,True,True,True,False,True,False,False
run-04,outer-context-01,1,1573,True,1,sealed-run04-retrospective,outer_once,77182503,86,True,0.40748346082168013,0.17946240699617802,0.40301555624850455,0.1720472395829762,0.5595835800690006,0.5731002515523503,0.05118564284174645,2.730252702834523,True,True,True,True,True,False,True,False,False
run-04,outer-context-01,1,1573,True,1,sealed-run04-retrospective,outer_once,77182503,87,True,0.38275613074520626,0.1612155035013085,0.37644437432876476,0.14719047637072952,0.5788036022115953,0.608998071406476,0.024576717340823315,2.0862172936401984,True,True,True,True,True,False,True,False,False
run-04,outer-context-01,1,1573,True,1,sealed-run04-retrospective,outer_once,77182503,88,True,0.3567373430456057,0.13454079910126865,0.3503643413913874,0.12171532074715705,0.6228575400807737,0.6526035718595276,0.030489151988218142,2.0858439460336604,True,True,True,True,True,False,True,False,False
run-04,outer-context-01,1,1573,True,1,sealed-run04-retrospective,outer_once,77182503,89,True,0.3418044416763659,0.12551515181468403,0.3373131031168332,0.10997488021620727,0.6327866566066254,0.6739679567736333,0.04672123305789648,1.9652987543444385,True,True,True,True,True,True,True,True,True
run-04,outer-context-01,1,1573,True,1,sealed-run04-retrospective,outer_once,77182503,90,False,0.14057167064080803,0.06931239252662673,0.12114966679436516,0.031424337519620156,0.5069248859982937,0.7406155679077628,0.022393232859120968,1.111871886815097,True,True,True,True,True,True,True,True,True
run-04,outer-context-01,1,1573,True,1,sealed-run04-retrospective,outer_once,77182503,91,True,0.28981428556314953,0.06414805757724908,0.28416577053532516,0.03714176385367855,0.7786580552694273,0.8692954334939457,0.013381317522592445,1.291643715899947,True,True,True,True,True,True,True,True,True
run-04,outer-context-01,1,1573,True,1,sealed-run04-retrospective,outer_once,77182503,92,False,0.29537599234451434,0.1049386542733677,0.28869915036210747,0.092074992668842,0.6447285595541171,0.6810694019938928,0.005172713893819461,1.6748126373192858,True,True,True,True,True,True,True,True,True
run-04,outer-context-01,1,1573,True,1,sealed-run04-retrospective,outer_once,77182503,93,False,0.22959352065692873,0.09034368340307745,0.2252629356892731,0.08355341010465737,0.606505953893734,0.6290849630943697,0.004856699306015168,1.971736459223992,True,True,True,True,True,True,True,True,True
run-04,outer-context-01,1,1573,True,1,sealed-run04-retrospective,outer_once,77182503,94,False,0.3550515506699221,0.10420722324543402,0.35253327028253767,0.09915450500724002,0.7065011459636984,0.718737170742005,0.0003016157491630758,2.1179174533365597,True,True,True,True,True,False,True,False,False
run-04,outer-context-01,1,1573,True,1,sealed-run04-retrospective,outer_once,77182503,95,False,0.33567681617268563,0.09342207618148005,0.3325839839701936,0.08724395427246745,0.7216904126812858,0.7376784256686085,0.001802111496622077,1.909234173577572,True,True,True,True,True,True,True,True,True
run-04,outer-context-01,1,1573,True,2,sealed-run04-retrospective,outer_once,1036318538,0,True,0.36908576374266144,0.08504786081778301,0.364794747633878,0.07899836629754758,0.7695715490205655,0.7834443428532217,0.0013335252391256465,2.108750816998099,True,True,True,True,True,False,True,False,False
run-04,outer-context-01,1,1573,True,2,sealed-run04-retrospective,outer_once,1036318538,1,True,0.39335378045921326,0.07721294127422736,0.38899581310519243,0.07014620001439886,0.8037061161987903,0.8196736374758103,0.0011064974273092272,1.9963817957388352,True,True,True,True,True,True,True,True,True
run-04,outer-context-01,1,1573,True,2,sealed-run04-retrospective,outer_once,1036318538,2,True,0.36122208430884467,0.03212518230980472,0.35865899409021423,0.015198983304958644,0.9110652872421341,0.9576227459637172,0.0026381459794525292,1.2248044551691224,True,True,True,True,True,True,True,True,True
run-04,outer-context-01,1,1573,True,2,sealed-run04-retrospective,outer_once,1036318538,3,True,0.31350607872088826,0.05195024326210135,0.3104950367993031,0.03678390797883731,0.8342927082177817,0.881531413970351,0.02703067993152335,1.2988416529958482,True,True,True,True,True,True,True,True,True
run-04,outer-context-01,1,1573,True,2,sealed-run04-retrospective,outer_once,1036318538,4,False,0.22471403580432375,0.08622728977508987,0.21932680176333272,0.07518277308977162,0.6162799111926646,0.6572111913121383,0.006152065056063893,1.847181985603141,True,True,True,True,True,True,True,True,True
run-04,outer-context-01,1,1573,True,2,sealed-run04-retrospective,outer_once,1036318538,5,True,0.3334141549092934,0.11371731486425084,0.3286086015011556,0.10544396289863418,0.6589307526694897,0.6791198939499965,0.030862451253655714,2.223674872198184,True,True,True,True,True,False,True,False,False
run-04,outer-context-01,1,1573,True,2,sealed-run04-retrospective,outer_once,1036318538,6,True,0.35467195589723605,0.1388593356593519,0.3499965280862908,0.13111686589488047,0.608485155506387,0.6253766669863824,0.0385326078864139,2.278741086432205,True,True,True,True,True,False,True,False,False
run-04,outer-context-01,1,1573,True,2,sealed-run04-retrospective,outer_once,1036318538,7,True,0.30449873960747936,0.08062567180749934,0.3006549193756899,0.07331610344160337,0.7352183726230472,0.756145339002454,0.00883953717482995,1.894765138017135,True,True,True,True,True,True,True,True,True
run-04,outer-context-01,1,1573,True,2,sealed-run04-retrospective,outer_once,1036318538,8,True,0.3549336516498656,0.06541528838548985,0.35139242036844115,0.05749122425069838,0.8156971364044663,0.836390255115868,0.0046528384108072115,1.7614653834473684,True,True,True,True,True,True,True,True,True
run-04,outer-context-01,1,1573,True,2,sealed-run04-retrospective,outer_once,1036318538,9,False,0.2650400728042847,0.09207492634950977,0.25834500181958286,0.07969563698127899,0.6525999809187297,0.6915146938397708,0.002504891676218888,1.6506875768310139,True,True,True,True,True,True,True,True,True
run-04,outer-context-01,1,1573,True,2,sealed-run04-retrospective,outer_once,1036318538,10,True,0.3397207063672369,0.094920595963733,0.335707508352333,0.08597510668889571,0.7205922565664156,0.7438987673797787,0.0305837495422181,1.8164367102360304,True,True,True,True,True,True,True,True,True
run-04,outer-context-01,1,1573,True,2,sealed-run04-retrospective,outer_once,1036318538,11,False,0.3257017792557111,0.14639062117096965,0.32099879910912893,0.13467767013202725,0.5505378524320642,0.5804418256211565,0.008510293509753195,1.842202102029531,True,True,True,True,True,True,True,True,True
run-04,outer-context-01,1,1573,True,2,sealed-run04-retrospective,outer_once,1036318538,12,True,0.3222902349955333,0.08743755925694664,0.31576794377740125,0.07229759997588643,0.728699322031403,0.7710419901684125,0.03049448333349292,1.6478948086035963,True,True,True,True,True,True,True,True,True
run-04,outer-context-01,1,1573,True,2,sealed-run04-retrospective,outer_once,1036318538,13,True,0.3334319777542878,0.10136132654399214,0.3280054412991508,0.09044641190039572,0.6960059823095696,0.7242533186578882,0.009497018230980188,1.9651159077443638,True,True,True,True,True,True,True,True,True
run-04,outer-context-01,1,1573,True,2,sealed-run04-retrospective,outer_once,1036318538,14,True,0.27978716034207807,0.11058978131051946,0.2731339918810566,0.09724091482938858,0.6047360387256216,0.6439809114944042,0.027177960402582118,1.868320617992295,True,True,True,True,True,True,True,True,True
run-04,outer-context-01,1,1573,True,2,sealed-run04-retrospective,outer_once,1036318538,15,True,0.35582735892674233,0.10779589121473275,0.3504505876215488,0.09726825864476515,0.6970556408594603,0.7224480081345874,0.00352814466140317,2.0355080935343324,True,True,True,True,True,False,True,False,False
run-04,outer-context-01,1,1573,True,2,sealed-run04-retrospective,outer_once,1036318538,16,True,0.32885339988442214,0.0779361552994746,0.3258067717425952,0.06987211654911543,0.7630063872629389,0.7855412391356982,0.0023228550814387403,1.8156872903994743,True,True,True,True,True,True,True,True,True
run-04,outer-context-01,1,1573,True,2,sealed-run04-retrospective,outer_once,1036318538,17,True,0.3098187459500376,0.08574991564527748,0.30492772827928616,0.07441617960551615,0.7232255414941684,0.7559546977723269,0.02509340841041989,1.675752619536824,True,True,True,True,True,True,True,True,True
run-04,outer-context-01,1,1573,True,2,sealed-run04-retrospective,outer_once,1036318538,18,True,0.3334649056921729,0.09731841271862372,0.32918592543117103,0.08496534915956223,0.7081599560930708,0.7418925215339212,0.020006349625839186,1.7037176835802388,True,True,True,True,True,True,True,True,True
run-04,outer-context-01,1,1573,True,2,sealed-run04-retrospective,outer_once,1036318538,19,False,0.27699179308463606,0.10681191059198993,0.2703584311862998,0.08990365048102116,0.6143860097712243,0.6674649646155479,0.008683812015059984,1.4629583625313083,True,True,True,True,True,True,True,True,True
run-04,outer-context-01,1,1573,True,2,sealed-run04-retrospective,outer_once,1036318538,20,True,0.2827909895791624,0.06680931743361831,0.27594537794499385,0.04481801995559123,0.7637501904390903,0.8375837265716944,0.0027291748359282116,1.3313846019014104,True,True,True,True,True,True,True,True,True
run-04,outer-context-01,1,1573,True,2,sealed-run04-retrospective,outer_once,1036318538,21,True,0.3511920484549858,0.07532826155330682,0.34579286457182556,0.05819665639585587,0.785506927378619,0.8317008175749454,0.007417962263487672,1.5285128433627109,True,True,True,True,True,True,True,True,True
run-04,outer-context-01,1,1573,True,2,sealed-run04-retrospective,outer_once,1036318538,22,False,0.28423257941680236,0.07184381668029766,0.27821104502294025,0.05556773421807824,0.7472358136153529,0.800267691696078,0.008774466275966002,1.6790833285229265,True,True,True,True,True,True,True,True,True
run-04,outer-context-01,1,1573,True,2,sealed-run04-retrospective,outer_once,1036318538,23,True,0.27960983736584666,0.0985584400435685,0.2719605943270978,0.08430048385367356,0.6475144044570477,0.6900268435496871,0.033931575423019646,1.6103489295122724,True,True,True,True,True,True,True,True,True
run-04,outer-context-01,1,1573,True,2,sealed-run04-retrospective,outer_once,1036318538,24,False,0.22756908480603377,0.07767339367234095,0.22133580507620362,0.06521430124786205,0.6586821371692685,0.7053603630672883,0.022149532162947197,1.562077236243207,True,True,True,True,True,True,True,True,True
run-04,outer-context-01,1,1573,True,2,sealed-run04-retrospective,outer_once,1036318538,25,True,0.3032431002318216,0.0845361240196439,0.2973874453004721,0.06662668331392606,0.7212265540254067,0.7759599997686241,0.010233809441301764,1.529418018260027,True,True,True,True,True,True,True,True,True
run-04,outer-context-01,1,1573,True,2,sealed-run04-retrospective,outer_once,1036318538,26,True,0.2458149551308799,0.06734798587634243,0.2383927454868991,0.030710454528275682,0.7260216090575768,0.8711770592450206,0.012952268864318838,1.0832472851509667,True,True,True,True,True,True,True,True,True
run-04,outer-context-01,1,1573,True,2,sealed-run04-retrospective,outer_once,1036318538,27,False,0.22805868912068,0.10414935270164527,0.21718569349738928,0.08477583627195202,0.5433221461404902,0.6096619675689131,0.018380479964151743,1.5349621509684257,True,True,True,True,True,True,True,True,True
run-04,outer-context-01,1,1573,True,2,sealed-run04-retrospective,outer_once,1036318538,28,True,0.2630330856457483,0.07756004752834882,0.25461164509358053,0.050549417144503846,0.7051319709916405,0.8014646300803532,0.003924898833148174,1.2658526497502496,True,True,True,True,True,True,True,True,True
run-04,outer-context-01,1,1573,True,2,sealed-run04-retrospective,outer_once,1036318538,29,True,0.2517677593978239,0.07717473573408039,0.24390729839040565,0.051351122359526324,0.6934685524522032,0.7894645929072114,0.017177418336150788,1.223924526380256,True,True,True,True,True,True,True,True,True
run-04,outer-context-01,1,1573,True,2,sealed-run04-retrospective,outer_once,1036318538,30,False,0.2561310462822083,0.10249660557667108,0.25134734401750275,0.09594935968881696,0.59982748259366,0.6182599021928179,0.023699951857167657,1.9476928945565184,True,True,True,True,True,True,True,True,True
run-04,outer-context-01,1,1573,True,2,sealed-run04-retrospective,outer_once,1036318538,31,True,0.34564450027622,0.06009694158655094,0.34270989551153136,0.04415905694409298,0.8261307744271216,0.8711474120752164,0.0004109870471098963,1.5025210964955846,True,True,True,True,True,True,True,True,True
run-04,outer-context-01,1,1573,True,2,sealed-run04-retrospective,outer_once,1036318538,32,True,0.3175247164387986,0.06525303417896694,0.3149601249562884,0.05366630748431221,0.7944946304942401,0.8296092005559107,0.01949484226756166,1.629144644288528,True,True,True,True,True,True,True,True,True
run-04,outer-context-01,1,1573,True,2,sealed-run04-retrospective,outer_once,1036318538,33,True,0.3313173616759049,0.09370420635768754,0.3254455252553559,0.08024167665473823,0.7171768908103611,0.7534405286667321,0.016392459313551686,1.6613482153325176,True,True,True,True,True,True,True,True,True
run-04,outer-context-01,1,1573,True,2,sealed-run04-retrospective,outer_once,1036318538,34,True,0.3223661456306916,0.05217814940708168,0.3182895655032777,0.0373212204620671,0.838140108338616,0.8827444424605784,0.002384004181974622,1.3682100694776593,True,True,True,True,True,True,True,True,True
run-04,outer-context-01,1,1573,True,2,sealed-run04-retrospective,outer_once,1036318538,35,True,0.20390709288826012,0.07180972580292252,0.18848910620039633,0.020725558711537327,0.6478311529738014,0.8900437318138561,0.01808996601700361,1.0680919201656778,True,True,True,True,True,True,True,True,True
run-04,outer-context-01,1,1573,True,2,sealed-run04-retrospective,outer_once,1036318538,36,True,0.2954217755448896,0.06262917325735894,0.29061686021656585,0.04070010632836835,0.7880008230881329,0.8599527009615379,0.02739086314037827,1.2857497596885128,True,True,True,True,True,True,True,True,True
run-04,outer-context-01,1,1573,True,2,sealed-run04-retrospective,outer_once,1036318538,37,True,0.3179011593476387,0.06627338649226049,0.3126116796339306,0.04789658515947438,0.7915283271433821,0.8467856824301592,0.026736880214922893,1.3702990604217358,True,True,True,True,True,True,True,True,True
run-04,outer-context-01,1,1573,True,2,sealed-run04-retrospective,outer_once,1036318538,38,False,0.29947679568795754,0.07080914913943767,0.29527665665098374,0.05662974446873162,0.7635571431276502,0.8082146245117242,0.01465062504010237,1.6530548498411226,True,True,True,True,True,True,True,True,True
run-04,outer-context-01,1,1573,True,2,sealed-run04-retrospective,outer_once,1036318538,39,False,0.2693306625136239,0.08330914987946672,0.2644711714728765,0.07247892696888057,0.6906807821212982,0.7259477221459132,0.027335706388602252,1.8209102461017859,True,True,True,True,True,True,True,True,True
run-04,outer-context-01,1,1573,True,2,sealed-run04-retrospective,outer_once,1036318538,40,True,0.3466592777474853,0.10156147732777718,0.34057698747504084,0.0934005532758003,0.7070279555542232,0.7257578852633279,0.02249576383393184,1.8709726660107078,True,True,True,True,True,True,True,True,True
run-04,outer-context-01,1,1573,True,2,sealed-run04-retrospective,outer_once,1036318538,41,False,0.3345232600972129,0.07027258741643934,0.3308943189828784,0.0627878563751101,0.7899321338790671,0.8102480073755545,0.003728741235904276,1.8395897907452712,True,True,True,True,True,True,True,True,True
run-04,outer-context-01,1,1573,True,2,sealed-run04-retrospective,outer_once,1036318538,42,True,0.2097160372050784,0.08792357466368524,0.18850397807777208,0.05869632650201604,0.5807493988754613,0.6886202238246697,0.022579342014706738,1.3640077105517983,True,True,True,True,True,True,True,True,True
run-04,outer-context-01,1,1573,True,2,sealed-run04-retrospective,outer_once,1036318538,43,True,0.2873994751521173,0.05769822090173547,0.2805997196244012,0.03187441436847681,0.7992403400486502,0.8864061075643891,0.029409774705132927,1.127091030047226,True,True,True,True,True,True,True,True,True
run-04,outer-context-01,1,1573,True,2,sealed-run04-retrospective,outer_once,1036318538,44,True,0.3051740750726923,0.05850317004635778,0.2967411788218554,0.017468070420993614,0.808295740611576,0.9411336488911087,0.010036157281457585,1.0915385906855783,True,True,True,True,True,True,True,True,True
run-04,outer-context-01,1,1573,True,2,sealed-run04-retrospective,outer_once,1036318538,45,True,0.29402828798753383,0.05477485537438618,0.2862969846039939,0.009190100961568195,0.8137088926059097,0.9679001126250772,0.006773891052681067,1.0053206765128997,True,True,True,True,True,True,True,True,True
run-04,outer-context-01,1,1573,True,2,sealed-run04-retrospective,outer_once,1036318538,46,True,0.3453104496944112,0.05934758076278116,0.3368551304938475,0.04033436056022193,0.8281326822999364,0.8802619971941955,0.001883664491967388,1.3752243162479254,True,True,True,True,True,True,True,True,True
run-04,outer-context-01,1,1573,True,2,sealed-run04-retrospective,outer_once,1036318538,47,True,0.39630779625026974,0.07034106181720651,0.3897212707028127,0.05914723812894509,0.8225090132398357,0.8482319478680737,0.002513206448249217,1.6540184833721185,True,True,True,True,True,True,True,True,True
run-04,outer-context-01,1,1573,True,2,sealed-run04-retrospective,outer_once,1036318538,48,True,0.37493536508718533,0.0578852083231363,0.3705597759675357,0.04768464116521378,0.8456128343356567,0.8713172765697285,0.0005115450017053187,1.6575774458680412,True,True,True,True,True,True,True,True,True
run-04,outer-context-01,1,1573,True,2,sealed-run04-retrospective,outer_once,1036318538,49,False,0.3328849368289506,0.07640766838454559,0.32973336329892955,0.06436061598927965,0.7704682311179287,0.8048101188628229,0.003689174632267124,1.577776398903603,True,True,True,True,True,True,True,True,True
run-04,outer-context-01,1,1573,True,2,sealed-run04-retrospective,outer_once,1036318538,50,True,0.2830759347960148,0.061418994386886125,0.27418324969155516,0.02625756785888689,0.7830299688627901,0.9042335084713397,0.026159112206839308,1.046859957989612,True,True,True,True,True,True,True,True,True
run-04,outer-context-01,1,1573,True,2,sealed-run04-retrospective,outer_once,1036318538,51,True,0.24475932217516785,0.05922428307184348,0.23877891299913354,0.0395173619327226,0.7580305316033756,0.8345022957162638,0.017863453989117175,1.271048234231955,True,True,True,True,True,True,True,True,True
run-04,outer-context-01,1,1573,True,2,sealed-run04-retrospective,outer_once,1036318538,52,True,0.3232962506759413,0.07280503033989455,0.31846207867632637,0.058205668971709056,0.7748039756487269,0.8172288857322092,0.023171151556080318,1.5659596235334068,True,True,True,True,True,True,True,True,True
run-04,outer-context-01,1,1573,True,2,sealed-run04-retrospective,outer_once,1036318538,53,True,0.305595223915607,0.06906139176404585,0.30154499969641413,0.05642653658584802,0.7740102385136823,0.8128752370536522,0.007820042643762043,1.518659623357992,True,True,True,True,True,True,True,True,True
run-04,outer-context-01,1,1573,True,2,sealed-run04-retrospective,outer_once,1036318538,54,True,0.28737475552634273,0.058187781352724066,0.27675928105094066,0.02024186526584736,0.7975195098603914,0.9268611148685503,0.013846418132972056,1.1059750342272325,True,True,True,True,True,True,True,True,True
run-04,outer-context-01,1,1573,True,2,sealed-run04-retrospective,outer_once,1036318538,55,True,0.3737226528473769,0.05572911493066436,0.3659615887972168,0.03925351213966692,0.850881089208624,0.8927387099048317,0.004815351982092924,1.4661329910960086,True,True,True,True,True,True,True,True,True
run-04,outer-context-01,1,1573,True,2,sealed-run04-retrospective,outer_once,1036318538,56,True,0.3535004751421417,0.05034551951108044,0.3493027436017811,0.03861490186368035,0.8575800513681442,0.8894514784925284,0.0006678327202734467,1.5186232470931507,True,True,True,True,True,True,True,True,True
run-04,outer-context-01,1,1573,True,2,sealed-run04-retrospective,outer_once,1036318538,57,True,0.32352425212074637,0.05251957086797804,0.31818836077165613,0.02208999664897254,0.837664192023612,0.9305757237775736,0.022089996648972533,1.0243753174019627,True,True,True,True,True,True,True,True,True
run-04,outer-context-01,1,1573,True,2,sealed-run04-retrospective,outer_once,1036318538,58,True,0.31038010027042034,0.07130813786876493,0.302247470491374,0.030631467495756293,0.7702554454791485,0.8986543462350316,0.030474074735954843,1.0864153496064755,True,True,True,True,True,True,True,True,True
run-04,outer-context-01,1,1573,True,2,sealed-run04-retrospective,outer_once,1036318538,59,True,0.3197401679188936,0.06109958249585521,0.31177198839427883,0.014429341696792749,0.8089086432476198,0.9537182869727704,0.008368974047687756,1.0254332001995656,True,True,True,True,True,True,True,True,True
run-04,outer-context-01,1,1573,True,2,sealed-run04-retrospective,outer_once,1036318538,60,True,0.28279373845935907,0.07249943015096165,0.2735811768671038,0.037541924464426044,0.7436314165018872,0.8627759230575186,0.03599171221777281,1.0981246345644917,True,True,True,True,True,True,True,True,True
run-04,outer-context-01,1,1573,True,2,sealed-run04-retrospective,outer_once,1036318538,61,True,0.3315448087855246,0.08026246666547504,0.32806593652802485,0.06754248322484943,0.7579136679609525,0.7941191824434364,0.03608368930596406,1.5113260486892315,True,True,True,True,True,True,True,True,True
run-04,outer-context-01,1,1573,True,2,sealed-run04-retrospective,outer_once,1036318538,62,False,0.2736143624971381,0.1048133846319221,0.26898396577232087,0.09242445089823359,0.616930252946724,0.6563941994354211,0.01589014854604187,1.7009027903599065,True,True,True,True,True,True,True,True,True
run-04,outer-context-01,1,1573,True,2,sealed-run04-retrospective,outer_once,1036318538,63,True,0.27531295894356295,0.07170039958905342,0.2697505404631722,0.044632963737803184,0.7395676547003679,0.83453985426251,0.038564895598361536,1.223901304458456,True,True,True,True,True,True,True,True,True
run-04,outer-context-01,1,1573,True,2,sealed-run04-retrospective,outer_once,1036318538,64,False,0.2712920286416031,0.05041781836815082,0.2668749482618109,0.036805778260458576,0.8141566539179207,0.8620860500388698,0.008095242973887098,1.4174062081095673,True,True,True,True,True,True,True,True,True
run-04,outer-context-01,1,1573,True,2,sealed-run04-retrospective,outer_once,1036318538,65,True,0.28759468431002994,0.050855051729153146,0.2831471925376664,0.03616128548667448,0.8231710998026275,0.8722880309616208,0.0013614079470155467,1.4301922374075755,True,True,True,True,True,True,True,True,True
run-04,outer-context-01,1,1573,True,2,sealed-run04-retrospective,outer_once,1036318538,66,True,0.27243436261211296,0.06518489912460348,0.2623560143449892,0.029925598046592505,0.7607317281872679,0.8859351552457976,0.022140613460188648,1.109463040665605,True,True,True,True,True,True,True,True,True
run-04,outer-context-01,1,1573,True,2,sealed-run04-retrospective,outer_once,1036318538,67,True,0.3087235346390056,0.08339890470349094,0.300056196238411,0.059274088321271665,0.7298589341398597,0.8024567095619143,0.018850995724522958,1.3766001687919793,True,True,True,True,True,True,True,True,True
run-04,outer-context-01,1,1573,True,2,sealed-run04-retrospective,outer_once,1036318538,68,True,0.3470182856036942,0.08190317796611428,0.3392996311335794,0.06146326150711471,0.7639802242016425,0.8188525542990728,0.022360949417821525,1.4774006515610798,True,True,True,True,True,True,True,True,True
run-04,outer-context-01,1,1573,True,2,sealed-run04-retrospective,outer_once,1036318538,69,True,0.3444692310595564,0.07317350554506002,0.335113857333654,0.04375199788499281,0.7875760766208787,0.8694413945364504,0.007560983005538028,1.2961707594830039,True,True,True,True,True,True,True,True,True
run-04,outer-context-01,1,1573,True,2,sealed-run04-retrospective,outer_once,1036318538,70,True,0.36619002947194484,0.15061154539260366,0.35981931701786973,0.14419422330238943,0.5887065914662143,0.5992593602326572,0.03534402450301495,2.8293896995837957,True,True,True,True,True,False,True,False,False
run-04,outer-context-01,1,1573,True,2,sealed-run04-retrospective,outer_once,1036318538,71,True,0.3774639283410415,0.13780519865846422,0.3691537254334027,0.12655505113210153,0.6349182310900018,0.6571752025974535,0.028085668380614208,2.2611651923853406,True,True,True,True,True,False,True,False,False
run-04,outer-context-01,1,1573,True,2,sealed-run04-retrospective,outer_once,1036318538,72,True,0.33367957800282266,0.12400997548411445,0.3281495185761149,0.11771062905763074,0.6283561126924422,0.641289648790609,0.005958245160301072,2.4965035284864414,True,True,True,True,True,False,True,False,False
run-04,outer-context-01,1,1573,True,2,sealed-run04-retrospective,outer_once,1036318538,73,True,0.40277755251000363,0.1815880779946774,0.3959188094086288,0.17579856840923808,0.5491603817961842,0.5559731838155839,0.0485859660797418,2.8324795722160157,True,True,True,True,True,False,True,False,False
run-04,outer-context-01,1,1573,True,2,sealed-run04-retrospective,outer_once,1036318538,74,True,0.42504149695818944,0.17959624373927846,0.4200479562287175,0.17479771509414213,0.5774618595488689,0.5838624792666193,0.05766026971799561,2.9331326765592287,True,True,True,True,True,False,True,False,False
run-04,outer-context-01,1,1573,True,2,sealed-run04-retrospective,outer_once,1036318538,75,True,0.3765677945819492,0.12266233054588314,0.3722301964105328,0.11512049986045754,0.6742622913835261,0.6907276707516466,0.03875650585149342,2.1121423356769973,True,True,True,True,True,False,True,False,False
run-04,outer-context-01,1,1573,True,2,sealed-run04-retrospective,outer_once,1036318538,76,True,0.3468849716702229,0.07251163239897021,0.3407961189000772,0.05544579750114084,0.7909634653532767,0.837305079412017,0.020127750546162993,1.4259662490533116,True,True,True,True,True,True,True,True,True
run-04,outer-context-01,1,1573,True,2,sealed-run04-retrospective,outer_once,1036318538,77,True,0.3800678758976771,0.08736135989445035,0.37276403966235094,0.06974632615178161,0.7701427417718144,0.8128941670045272,0.02633922380109519,1.5284513049883885,True,True,True,True,True,True,True,True,True
run-04,outer-context-01,1,1573,True,2,sealed-run04-retrospective,outer_once,1036318538,78,True,0.37790995201819283,0.07413673579716676,0.37044709392371566,0.056579501113220035,0.8038243359264649,0.8472669861870447,0.006451093291901216,1.5006749560829553,True,True,True,True,True,True,True,True,True
run-04,outer-context-01,1,1573,True,2,sealed-run04-retrospective,outer_once,1036318538,79,True,0.31503319324118995,0.06790547487304462,0.3057260184358378,0.04329710610802635,0.7844497775792912,0.8583793871076333,0.004822355992389789,1.3090927420867884,True,True,True,True,True,True,True,True,True
run-04,outer-context-01,1,1573,True,2,sealed-run04-retrospective,outer_once,1036318538,80,True,0.3067918460064167,0.07683378616169136,0.30419048553775707,0.0700468815830743,0.7495572742175021,0.769726914833502,0.0021847113676341694,1.685071674002817,True,True,True,True,True,True,True,True,True
run-04,outer-context-01,1,1573,True,2,sealed-run04-retrospective,outer_once,1036318538,81,False,0.22860751969142007,0.07879255548609058,0.22249983815447721,0.06766716388983662,0.6553369915720765,0.6958776938846281,0.0018648046896820396,1.672654138277385,True,True,True,True,True,True,True,True,True
run-04,outer-context-01,1,1573,True,2,sealed-run04-retrospective,outer_once,1036318538,82,True,0.42959997716671666,0.21962563409964528,0.425862829760434,0.21282292483623247,0.4887671187784672,0.5002547534943248,0.0639861285997038,3.3964013226213776,True,True,True,True,True,False,True,False,False
run-04,outer-context-01,1,1573,True,2,sealed-run04-retrospective,outer_once,1036318538,83,True,0.45592915269876183,0.2337732520676237,0.4523018134194179,0.22743184468807218,0.4872596966351905,0.49716795745593123,0.06650103240009556,3.629835407486555,True,True,True,True,True,False,True,False,False
run-04,outer-context-01,1,1573,True,2,sealed-run04-retrospective,outer_once,1036318538,84,True,0.45595291259730925,0.2358734512633194,0.45201608453771697,0.22928748918211725,0.48268024011584876,0.4927448446516838,0.06872720916792027,3.571821622832422,True,True,True,True,True,False,True,False,False
run-04,outer-context-01,1,1573,True,2,sealed-run04-retrospective,outer_once,1036318538,85,True,0.4350592058246279,0.2192675757367861,0.43135150783107595,0.2122376532041437,0.49600520388672636,0.507970531339236,0.06436636633322022,3.3312022518165256,True,True,True,True,True,False,True,False,False
run-04,outer-context-01,1,1573,True,2,sealed-run04-retrospective,outer_once,1036318538,86,True,0.3809621419639719,0.1731963998096766,0.37601301791405506,0.16455423909417383,0.5453710992992683,0.5623708987336554,0.051380234122046085,2.650693923437952,True,True,True,True,True,False,True,False,False
run-04,outer-context-01,1,1573,True,2,sealed-run04-retrospective,outer_once,1036318538,87,True,0.34845253831510337,0.15189319660607717,0.3416694242898151,0.1354735748964534,0.5640921505679458,0.6034951761397874,0.02477647693107114,1.9932001741939351,True,True,True,True,True,True,True,True,True
run-04,outer-context-01,1,1573,True,2,sealed-run04-retrospective,outer_once,1036318538,88,True,0.3348275610814865,0.12333374681886031,0.3283713965988321,0.1086333783892486,0.6316499561132461,0.6691752707012881,0.030319086966670284,1.9575254107475983,True,True,True,True,True,True,True,True,True
run-04,outer-context-01,1,1573,True,2,sealed-run04-retrospective,outer_once,1036318538,89,True,0.3311474619786138,0.11778478419825684,0.3258112110670376,0.10122339717051054,0.6443131905813501,0.6893188640163668,0.04647099408247483,1.8641979947240666,True,True,True,True,True,True,True,True,True
run-04,outer-context-01,1,1573,True,2,sealed-run04-retrospective,outer_once,1036318538,90,False,0.14124841139248287,0.06958832313359122,0.12014080415689442,0.02975619539977309,0.5073337643406965,0.7523223220570936,0.02235314489037361,1.0882040900409617,True,True,True,True,True,True,True,True,True
run-04,outer-context-01,1,1573,True,2,sealed-run04-retrospective,outer_once,1036318538,91,True,0.3009088717431403,0.06701218836315029,0.2950304542656971,0.04106590877046949,0.7773007223916191,0.860807899060188,0.01303899634623683,1.3151579231834258,True,True,True,True,True,True,True,True,True
run-04,outer-context-01,1,1573,True,2,sealed-run04-retrospective,outer_once,1036318538,92,False,0.3067262040312633,0.10810708943560753,0.30065329475495023,0.09659078854774035,0.6475453090907465,0.6787303175025327,0.005133067851611936,1.7074257207409316,True,True,True,True,True,True,True,True,True
run-04,outer-context-01,1,1573,True,2,sealed-run04-retrospective,outer_once,1036318538,93,False,0.23759710114476967,0.09287769423478004,0.23356926776885073,0.08581347945797604,0.6090958442367991,0.6325994413661458,0.004884702083947191,2.007773075123396,True,True,True,True,True,False,True,False,False
run-04,outer-context-01,1,1573,True,2,sealed-run04-retrospective,outer_once,1036318538,94,False,0.33901715801646065,0.10214971237044723,0.33643947739007396,0.09760739155997336,0.6986886652931961,0.7098812769620207,0.00041187639729946144,2.110570560834746,True,True,True,True,True,False,True,False,False
run-04,outer-context-01,1,1573,True,2,sealed-run04-retrospective,outer_once,1036318538,95,False,0.3187204926690631,0.09132573270573255,0.31537066080951087,0.0843745833889892,0.713461371934566,0.7324589954803917,0.0017472373243153513,1.891715322441241,True,True,True,True,True,True,True,True,True
run-04,outer-context-02,2,2633,True,0,sealed-run04-retrospective,outer_once,201850290,0,True,0.3548103833731593,0.08201570143730914,0.3510426487213774,0.07599111090081988,0.7688463887172884,0.7835274113341879,0.004092374753179414,2.0565018579750234,True,True,True,True,True,False,True,False,False
run-04,outer-context-02,2,2633,True,0,sealed-run04-retrospective,outer_once,201850290,1,True,0.38053370538575326,0.07654096813340579,0.37425271042917874,0.06812844139873588,0.7988588998816414,0.8179613948002975,0.0069174424022647755,1.9580210109536547,True,True,True,True,True,True,True,True,True
run-04,outer-context-02,2,2633,True,0,sealed-run04-retrospective,outer_once,201850290,2,True,0.35528099953745096,0.038173626874365506,0.3502618165130655,0.020511417867310644,0.8925537055906039,0.9414397547768513,0.0065657048982384544,1.3219187805882504,True,True,True,True,True,True,True,True,True
run-04,outer-context-02,2,2633,True,0,sealed-run04-retrospective,outer_once,201850290,3,True,0.306650665821472,0.05506236422707972,0.3014299769850923,0.03927825110371013,0.8204394434312551,0.8696936134336344,0.027663283377210357,1.3300680644652019,True,True,True,True,True,True,True,True,True
run-04,outer-context-02,2,2633,True,0,sealed-run04-retrospective,outer_once,201850290,4,False,0.23222745909070305,0.08545531721260852,0.22759528278033306,0.07644883276513251,0.6320188941169463,0.6641018573354254,0.007209298049817684,1.853528743446538,True,True,True,True,True,True,True,True,True
run-04,outer-context-02,2,2633,True,0,sealed-run04-retrospective,outer_once,201850290,5,True,0.3463722901235981,0.11771471900076605,0.3381692527829585,0.10997760457921929,0.6601497222576287,0.6747853222190949,0.021895055494210138,2.2719854572336766,True,True,True,True,True,False,True,False,False
run-04,outer-context-02,2,2633,True,0,sealed-run04-retrospective,outer_once,201850290,6,True,0.36291345585330254,0.1374708408036238,0.35589046010169806,0.13020097236137831,0.6212021390047536,0.6341543622041105,0.029750877627500956,2.292158711451374,True,True,True,True,True,False,True,False,False
run-04,outer-context-02,2,2633,True,0,sealed-run04-retrospective,outer_once,201850290,7,True,0.30342325823306865,0.08275118728438752,0.2991591968227708,0.07315417502586125,0.7272747390352529,0.755467403968197,0.01581507175376807,1.8860710990831693,True,True,True,True,True,True,True,True,True
run-04,outer-context-02,2,2633,True,0,sealed-run04-retrospective,outer_once,201850290,8,True,0.3631030315727414,0.06878965380127104,0.3594680019638853,0.060967787067426615,0.810550593578588,0.8303943974586314,0.011863172416628768,1.7985180324230048,True,True,True,True,True,True,True,True,True
run-04,outer-context-02,2,2633,True,0,sealed-run04-retrospective,outer_once,201850290,9,False,0.2693585856639624,0.09478522039430805,0.26310226724119684,0.08338034720126551,0.6481076697048109,0.6830876902903035,0.008419984699940831,1.6901683445743083,True,True,True,True,True,True,True,True,True
run-04,outer-context-02,2,2633,True,0,sealed-run04-retrospective,outer_once,201850290,10,True,0.3362998548998729,0.09725957985100966,0.3329571012306073,0.08781628689231577,0.7107950585349884,0.7362534495652823,0.029413843159916336,1.836023933302274,True,True,True,True,True,True,True,True,True
run-04,outer-context-02,2,2633,True,0,sealed-run04-retrospective,outer_once,201850290,11,False,0.3282572124137852,0.14814716720090923,0.323069507626522,0.136297642697012,0.5486857208360069,0.5781166607200325,0.0047705245485976005,1.8651573011776759,True,True,True,True,True,True,True,True,True
run-04,outer-context-02,2,2633,True,0,sealed-run04-retrospective,outer_once,201850290,12,True,0.3425113736713201,0.09124538125562848,0.33495060294715734,0.07719200315437258,0.7335989743126337,0.7695421280774628,0.02603020620720723,1.6723367831163574,True,True,True,True,True,True,True,True,True
run-04,outer-context-02,2,2633,True,0,sealed-run04-retrospective,outer_once,201850290,13,True,0.35266373071492174,0.11221095131791826,0.34629301464580337,0.10399864279099867,0.6818188502388844,0.6996802176406274,0.016873469815651104,2.0723933929432117,True,True,True,True,True,False,True,False,False
run-04,outer-context-02,2,2633,True,0,sealed-run04-retrospective,outer_once,201850290,14,True,0.2966368999033811,0.11207296699284365,0.2905732833811288,0.09978623225858113,0.6221880452858447,0.6565884134375248,0.029801169248819846,1.8948825224024692,True,True,True,True,True,True,True,True,True
run-04,outer-context-02,2,2633,True,0,sealed-run04-retrospective,outer_once,201850290,15,True,0.3679357037510795,0.11194614482846175,0.3612929173976892,0.10274978485012067,0.6957453607052035,0.7156053166217483,0.010249708507603062,2.0723905398462015,True,True,True,True,True,False,True,False,False
run-04,outer-context-02,2,2633,True,0,sealed-run04-retrospective,outer_once,201850290,16,True,0.33748741086947853,0.08432582902107985,0.33326745441710703,0.07673713951250723,0.7501363715943394,0.7697430742323088,0.0013592147529671427,1.8866619668344398,True,True,True,True,True,True,True,True,True
run-04,outer-context-02,2,2633,True,0,sealed-run04-retrospective,outer_once,201850290,17,True,0.3212709956695381,0.09232944042713284,0.314905493693908,0.08048956062988348,0.7126119641310427,0.7444009004551685,0.0223367773751801,1.7300107998104695,True,True,True,True,True,True,True,True,True
run-04,outer-context-02,2,2633,True,0,sealed-run04-retrospective,outer_once,201850290,18,True,0.32952460008927503,0.10034895539763147,0.3251628643268281,0.08991234502469886,0.6954735538092001,0.7234851980688483,0.01987705369500232,1.7562392350934888,True,True,True,True,True,True,True,True,True
run-04,outer-context-02,2,2633,True,0,sealed-run04-retrospective,outer_once,201850290,19,False,0.2812709296726879,0.11825178849860744,0.2752510975295233,0.1033045310738773,0.5795804826463373,0.6246898486470271,0.007406375038002109,1.5539076083637324,True,True,True,True,True,True,True,True,True
run-04,outer-context-02,2,2633,True,0,sealed-run04-retrospective,outer_once,201850290,20,True,0.302327671576955,0.06680769924274702,0.2956808395583736,0.04156055260990862,0.779022214889312,0.8594411708517092,0.001403715332931883,1.3009522322231182,True,True,True,True,True,True,True,True,True
run-04,outer-context-02,2,2633,True,0,sealed-run04-retrospective,outer_once,201850290,21,True,0.3681309303725246,0.08109240863533188,0.3627939831678191,0.06696528999031373,0.7797185676485493,0.8154178594540327,0.004028892218658596,1.6028140790579481,True,True,True,True,True,True,True,True,True
run-04,outer-context-02,2,2633,True,0,sealed-run04-retrospective,outer_once,201850290,22,False,0.2726172093814532,0.06242891010256508,0.2686887749053234,0.04918755485658965,0.7710015804056857,0.8169348352050746,0.013434833561250812,1.5273423827619916,True,True,True,True,True,True,True,True,True
run-04,outer-context-02,2,2633,True,0,sealed-run04-retrospective,outer_once,201850290,23,True,0.29240335506330606,0.1048291764500688,0.286302200249141,0.09145090023617111,0.6414911982546404,0.6805791217930205,0.029585402913370383,1.682482025184837,True,True,True,True,True,True,True,True,True
run-04,outer-context-02,2,2633,True,0,sealed-run04-retrospective,outer_once,201850290,24,False,0.23154670915553807,0.07851364756902457,0.22646232359343127,0.06751039582004163,0.660916590629305,0.7018912693784626,0.01732231181424311,1.595971571626948,True,True,True,True,True,True,True,True,True
run-04,outer-context-02,2,2633,True,0,sealed-run04-retrospective,outer_once,201850290,25,True,0.3087484632330547,0.08811941469695354,0.3021995369811986,0.07238220439660464,0.7145915682487535,0.7604820804172578,0.009237378668337489,1.5740193826086224,True,True,True,True,True,True,True,True,True
run-04,outer-context-02,2,2633,True,0,sealed-run04-retrospective,outer_once,201850290,26,True,0.2590902287716323,0.06961042292557648,0.2502224831876393,0.036751249658632405,0.7313274867384806,0.8531257096067062,0.014539476170497442,1.1254176877458477,True,True,True,True,True,True,True,True,True
run-04,outer-context-02,2,2633,True,0,sealed-run04-retrospective,outer_once,201850290,27,False,0.2402493388741157,0.09599509252830435,0.23236842895495757,0.07479639028367155,0.6004355600803412,0.6781129406431967,0.013374752983239807,1.482961570421435,True,True,True,True,True,True,True,True,True
run-04,outer-context-02,2,2633,True,0,sealed-run04-retrospective,outer_once,201850290,28,True,0.278208099538276,0.08277685685120019,0.27129057424977,0.05669803157006015,0.7024642453308169,0.7910062606234901,0.0036187968673346803,1.3057276626331111,True,True,True,True,True,True,True,True,True
run-04,outer-context-02,2,2633,True,0,sealed-run04-retrospective,outer_once,201850290,29,True,0.2551251915076749,0.08051556195139581,0.24687391042249718,0.05616501791909377,0.6844076373815337,0.7724951258601056,0.015295567747008796,1.2610539903217892,True,True,True,True,True,True,True,True,True
run-04,outer-context-02,2,2633,True,0,sealed-run04-retrospective,outer_once,201850290,30,False,0.263275858261438,0.10811210476616724,0.2592056186521992,0.10088641807118648,0.5893580768092689,0.6107861450080858,0.016272873278848837,2.013809706779139,True,True,True,True,True,False,True,False,False
run-04,outer-context-02,2,2633,True,0,sealed-run04-retrospective,outer_once,201850290,31,True,0.3614923775469327,0.06194443860606701,0.35495802550235767,0.04362052550938637,0.8286424764294656,0.8771107500734713,0.00445078244153369,1.5115682153679237,True,True,True,True,True,True,True,True,True
run-04,outer-context-02,2,2633,True,0,sealed-run04-retrospective,outer_once,201850290,32,True,0.3408040708117678,0.0682237248161856,0.33584198161981155,0.056859819884859386,0.7998154052160169,0.8306947225280867,0.021973388680877854,1.6682509721368284,True,True,True,True,True,True,True,True,True
run-04,outer-context-02,2,2633,True,0,sealed-run04-retrospective,outer_once,201850290,33,True,0.3482107676103206,0.09612631585773657,0.34206020287349803,0.0838539668759723,0.7239421499874161,0.7548561154687046,0.01389891685153721,1.677941774653324,True,True,True,True,True,True,True,True,True
run-04,outer-context-02,2,2633,True,0,sealed-run04-retrospective,outer_once,201850290,34,True,0.370852430064486,0.059377701098129704,0.3666531444350726,0.04572394688809839,0.839888601814461,0.87529372764947,0.00661075250541649,1.453201278891494,True,True,True,True,True,True,True,True,True
run-04,outer-context-02,2,2633,True,0,sealed-run04-retrospective,outer_once,201850290,35,True,0.22072174314994136,0.07121540075040111,0.20539706760284376,0.020323152974746933,0.6773521279141818,0.9010543178053358,0.019448713037290923,1.0444176496281203,True,True,True,True,True,True,True,True,True
run-04,outer-context-02,2,2633,True,0,sealed-run04-retrospective,outer_once,201850290,36,True,0.30907753768732144,0.06459276978842798,0.3041447258748279,0.04552492159516759,0.7910143510533162,0.8503182277311507,0.023277288063006957,1.3464232766487576,True,True,True,True,True,True,True,True,True
run-04,outer-context-02,2,2633,True,0,sealed-run04-retrospective,outer_once,201850290,37,True,0.3342953953769002,0.0691157863933521,0.3273806250411958,0.05024652828868413,0.7932493616448778,0.8465195419479653,0.022952657727750764,1.4207612145213913,True,True,True,True,True,True,True,True,True
run-04,outer-context-02,2,2633,True,0,sealed-run04-retrospective,outer_once,201850290,38,False,0.3211987484431225,0.07756769650461198,0.3169951557755462,0.06359267416430882,0.7585056078811354,0.7993891294372439,0.015003040860187505,1.7118364333461331,True,True,True,True,True,True,True,True,True
run-04,outer-context-02,2,2633,True,0,sealed-run04-retrospective,outer_once,201850290,39,False,0.2702451747379341,0.07732649376085876,0.2665545363194056,0.06654769812881692,0.7138654044948448,0.7503411532675082,0.021010590128033208,1.7276405302091855,True,True,True,True,True,True,True,True,True
run-04,outer-context-02,2,2633,True,0,sealed-run04-retrospective,outer_once,201850290,40,True,0.3514224888739524,0.1041347004272585,0.34661466683429665,0.09672557283389324,0.7036766179622348,0.7209420659624479,0.029648983433084072,1.8887476559313134,True,True,True,True,True,True,True,True,True
run-04,outer-context-02,2,2633,True,0,sealed-run04-retrospective,outer_once,201850290,41,False,0.37815390862798387,0.07748592397876096,0.37340807017798305,0.06974372527416445,0.7950942137292855,0.8132238404999618,0.0049117955860089125,1.9462517140007258,True,True,True,True,True,True,True,True,True
run-04,outer-context-02,2,2633,True,0,sealed-run04-retrospective,outer_once,201850290,42,True,0.21894639579596653,0.08748804588231132,0.19925618883792226,0.055128968138675745,0.6004133999819738,0.7233261939807631,0.020065143578385392,1.3284865929205285,True,True,True,True,True,True,True,True,True
run-04,outer-context-02,2,2633,True,0,sealed-run04-retrospective,outer_once,201850290,43,True,0.3204893171393374,0.06401978067602412,0.31356465381700804,0.03720120140098201,0.8002436360517109,0.8813603480234986,0.029899078753316502,1.1936211187738952,True,True,True,True,True,True,True,True,True
run-04,outer-context-02,2,2633,True,0,sealed-run04-retrospective,outer_once,201850290,44,True,0.3349420063687383,0.06364845755396369,0.3266919420730404,0.026376573091265638,0.8099717075083948,0.9192616355215506,0.011352365735434118,1.162901584216589,True,True,True,True,True,True,True,True,True
run-04,outer-context-02,2,2633,True,0,sealed-run04-retrospective,outer_once,201850290,45,True,0.31950949487771935,0.056298280906374405,0.31270446451394285,0.012881954598116708,0.8237977843884717,0.958804698813175,0.005808507790467194,1.0687681913583884,True,True,True,True,True,True,True,True,True
run-04,outer-context-02,2,2633,True,0,sealed-run04-retrospective,outer_once,201850290,46,True,0.34255389659143964,0.05438536840788792,0.3388907836471991,0.03582581555525042,0.84123558672359,0.8942850697511244,0.00039882396748240135,1.3434117157797827,True,True,True,True,True,True,True,True,True
run-04,outer-context-02,2,2633,True,0,sealed-run04-retrospective,outer_once,201850290,47,True,0.37574287629152664,0.06940456395255644,0.37236740422960374,0.059865632888234564,0.8152870797244132,0.8392296634768787,0.0030426788318271385,1.6251460283845582,True,True,True,True,True,True,True,True,True
run-04,outer-context-02,2,2633,True,0,sealed-run04-retrospective,outer_once,201850290,48,True,0.3869089353952042,0.06146469617661774,0.3834975280963443,0.053624224594968836,0.8411391142625454,0.8601706121519065,0.008115166186969176,1.695633930285964,True,True,True,True,True,True,True,True,True
run-04,outer-context-02,2,2633,True,0,sealed-run04-retrospective,outer_once,201850290,49,False,0.34632322089354867,0.07574431363267714,0.34214040166146076,0.06425515787035256,0.7812901097499347,0.812196520614565,0.006836283095926228,1.5895406272052024,True,True,True,True,True,True,True,True,True
run-04,outer-context-02,2,2633,True,0,sealed-run04-retrospective,outer_once,201850290,50,True,0.2612691695514553,0.06020680004816413,0.25030188043276563,0.025839008189126784,0.7695602579074804,0.8967686213765083,0.025828240106465887,1.0127980598099706,True,True,True,True,True,True,True,True,True
run-04,outer-context-02,2,2633,True,0,sealed-run04-retrospective,outer_once,201850290,51,True,0.2725651896207987,0.06227342863667418,0.2654940491246205,0.042269440333999056,0.7715283131961533,0.8407894999026583,0.011470221903128628,1.3173533445786723,True,True,True,True,True,True,True,True,True
run-04,outer-context-02,2,2633,True,0,sealed-run04-retrospective,outer_once,201850290,52,True,0.33129487939204555,0.07439022966293686,0.325184130143036,0.0616643186880879,0.7754561440869557,0.8103710698890375,0.026749161195815163,1.5866834393540175,True,True,True,True,True,True,True,True,True
run-04,outer-context-02,2,2633,True,0,sealed-run04-retrospective,outer_once,201850290,53,True,0.309049872904945,0.06761480187723963,0.3047730185156695,0.05413092285661541,0.7812171827100669,0.8223893863037868,0.009701890819823224,1.492445401086225,True,True,True,True,True,True,True,True,True
run-04,outer-context-02,2,2633,True,0,sealed-run04-retrospective,outer_once,201850290,54,True,0.2891883670623669,0.06042111097280082,0.27842745118029566,0.01748789364467485,0.7910665923855427,0.9371904832999007,0.012958346157594532,1.0942892813511116,True,True,True,True,True,True,True,True,True
run-04,outer-context-02,2,2633,True,0,sealed-run04-retrospective,outer_once,201850290,55,True,0.3576210425465714,0.05004438194653319,0.3535594569384982,0.03526004076434681,0.8600630947491963,0.9002712554497437,0.0023372621966930946,1.3820233788658327,True,True,True,True,True,True,True,True,True
run-04,outer-context-02,2,2633,True,0,sealed-run04-retrospective,outer_once,201850290,56,True,0.3584215305628542,0.05381042321041868,0.3547598445729824,0.04397314085430822,0.8498683292660559,0.8760481448873172,0.004529764495821472,1.5723346106801908,True,True,True,True,True,True,True,True,True
run-04,outer-context-02,2,2633,True,0,sealed-run04-retrospective,outer_once,201850290,57,True,0.3389098483535197,0.0524429363508859,0.33362069471607286,0.01974102571268014,0.8452599220540142,0.9408279341619359,0.019739771941543964,1.0462959278504793,True,True,True,True,True,True,True,True,True
run-04,outer-context-02,2,2633,True,0,sealed-run04-retrospective,outer_once,201850290,58,True,0.29490810424496344,0.07135203062406867,0.2850582144644001,0.032344959054062324,0.7580533406949014,0.8865320926996062,0.03234495905406224,1.076029154058595,True,True,True,True,True,True,True,True,True
run-04,outer-context-02,2,2633,True,0,sealed-run04-retrospective,outer_once,201850290,59,True,0.30126082282794603,0.06478140403967515,0.29346032159127294,0.016218645109855583,0.784965720296553,0.9447330902456903,0.008866510480006855,1.0479418626782449,True,True,True,True,True,True,True,True,True
run-04,outer-context-02,2,2633,True,0,sealed-run04-retrospective,outer_once,201850290,60,True,0.28542331541064986,0.07215669508594598,0.27612279830073866,0.04018767621633712,0.7471941106768686,0.8544572325659007,0.0376572020349304,1.1175678359413816,True,True,True,True,True,True,True,True,True
run-04,outer-context-02,2,2633,True,0,sealed-run04-retrospective,outer_once,201850290,61,True,0.3519291774910167,0.07793316885363843,0.34746214094496075,0.06374188475291835,0.7785543971964991,0.8165501295203977,0.03591832223289202,1.4757476260915212,True,True,True,True,True,True,True,True,True
run-04,outer-context-02,2,2633,True,0,sealed-run04-retrospective,outer_once,201850290,62,False,0.28582725687452193,0.10817278076347223,0.28085480221366027,0.096832700884183,0.6215449081157434,0.655221487683456,0.018346768127574613,1.7233725468163055,True,True,True,True,True,True,True,True,True
run-04,outer-context-02,2,2633,True,0,sealed-run04-retrospective,outer_once,201850290,63,True,0.2869824332386448,0.07022584443039595,0.28093611717839373,0.043407584275927336,0.7552956686655502,0.8454894845422682,0.03930842061663278,1.2078154384025894,True,True,True,True,True,True,True,True,True
run-04,outer-context-02,2,2633,True,0,sealed-run04-retrospective,outer_once,201850290,64,False,0.28020003269344607,0.05140367926824014,0.2758188614239833,0.03787653407430638,0.8165464908261502,0.8626760552967285,0.0066170178908472755,1.4349589976321342,True,True,True,True,True,True,True,True,True
run-04,outer-context-02,2,2633,True,0,sealed-run04-retrospective,outer_once,201850290,65,True,0.2926009312933657,0.048487071271963895,0.28783289898952163,0.03552133423700024,0.8342894157662468,0.8765904302055013,0.005967717253359997,1.4272150504191101,True,True,True,True,True,True,True,True,True
run-04,outer-context-02,2,2633,True,0,sealed-run04-retrospective,outer_once,201850290,66,True,0.2927724580321644,0.07367269321815759,0.2754137371197215,0.036867140122658,0.748361940486684,0.8661390658715328,0.023669827922055693,1.1600142297377412,True,True,True,True,True,True,True,True,True
run-04,outer-context-02,2,2633,True,0,sealed-run04-retrospective,outer_once,201850290,67,True,0.3126999577668816,0.09166335923357267,0.297190851117132,0.06477220370130454,0.7068648173534201,0.7820518247522504,0.01715413025916041,1.4316024627421735,True,True,True,True,True,True,True,True,True
run-04,outer-context-02,2,2633,True,0,sealed-run04-retrospective,outer_once,201850290,68,True,0.3362828477849753,0.08196821685428697,0.3241146601299088,0.061719656731463166,0.7562521627427791,0.8095746218121537,0.02296540223726378,1.5001910125110989,True,True,True,True,True,True,True,True,True
run-04,outer-context-02,2,2633,True,0,sealed-run04-retrospective,outer_once,201850290,69,True,0.3373941832717912,0.07277501658092773,0.3240061396312482,0.044959936877423785,0.7843026934394328,0.8612373922031454,0.007138031088650325,1.3067574053409499,True,True,True,True,True,True,True,True,True
run-04,outer-context-02,2,2633,True,0,sealed-run04-retrospective,outer_once,201850290,70,True,0.3952176720535717,0.1609233410246354,0.3849331101829548,0.15322584610473192,0.5928235187751871,0.6019416307630558,0.042954820374600425,2.967711632851555,True,True,True,True,True,False,True,False,False
run-04,outer-context-02,2,2633,True,0,sealed-run04-retrospective,outer_once,201850290,71,True,0.4147818923104147,0.1487759308841436,0.3989530860510211,0.13565838626590293,0.6413152704052891,0.6599640634223496,0.03513995207727411,2.3733231705032645,True,True,True,True,True,False,True,False,False
run-04,outer-context-02,2,2633,True,0,sealed-run04-retrospective,outer_once,201850290,72,True,0.37118763005238214,0.1349064776414352,0.36190550369774716,0.12667518453050128,0.63655448964612,0.6499771812359707,0.008267722607464185,2.6122504204751698,True,True,True,True,True,False,True,False,False
run-04,outer-context-02,2,2633,True,0,sealed-run04-retrospective,outer_once,201850290,73,True,0.4225723423847645,0.19969901559547817,0.4114630057360075,0.19152183991480293,0.5274205252797961,0.5345344848871242,0.05111751030590885,2.9788371628701538,True,True,True,True,True,False,True,False,False
run-04,outer-context-02,2,2633,True,0,sealed-run04-retrospective,outer_once,201850290,74,True,0.4301635487956562,0.1963388280219657,0.42114793480408974,0.19114069975307887,0.5435716750718133,0.5461435662934119,0.06262529681169114,3.0986680796385553,True,True,True,True,True,False,True,False,False
run-04,outer-context-02,2,2633,True,0,sealed-run04-retrospective,outer_once,201850290,75,True,0.376185704479819,0.13066702070511693,0.3696256683614167,0.12518103211498735,0.6526528808802017,0.6613302515760717,0.04227521097917227,2.217091266573127,True,True,True,True,True,False,True,False,False
run-04,outer-context-02,2,2633,True,0,sealed-run04-retrospective,outer_once,201850290,76,True,0.35527354918884385,0.07931793387458747,0.34410872358185995,0.06196623183459937,0.776741234871875,0.8199225198664333,0.02097416331259046,1.4868315729421766,True,True,True,True,True,True,True,True,True
run-04,outer-context-02,2,2633,True,0,sealed-run04-retrospective,outer_once,201850290,77,True,0.3736257703178425,0.0894090064899057,0.3625302669514481,0.07270946255589297,0.7606990373981815,0.7994389181148548,0.02625007008189037,1.5630297640534476,True,True,True,True,True,True,True,True,True
run-04,outer-context-02,2,2633,True,0,sealed-run04-retrospective,outer_once,201850290,78,True,0.36723380243326936,0.07354673542989498,0.3577580834847601,0.05709900987194415,0.7997277621434119,0.840397708653377,0.006330543348376376,1.5091821562566154,True,True,True,True,True,True,True,True,True
run-04,outer-context-02,2,2633,True,0,sealed-run04-retrospective,outer_once,201850290,79,True,0.30732473749088285,0.06546029301087858,0.29833190950206856,0.04400842730246781,0.7869995967609977,0.8524850145064263,0.006636971680930659,1.310613416073159,True,True,True,True,True,True,True,True,True
run-04,outer-context-02,2,2633,True,0,sealed-run04-retrospective,outer_once,201850290,80,True,0.29944041918621367,0.07701872194716751,0.2963158806589716,0.06832922378015405,0.7427911630751768,0.7694041114900831,0.005459924371738471,1.6744496854147095,True,True,True,True,True,True,True,True,True
run-04,outer-context-02,2,2633,True,0,sealed-run04-retrospective,outer_once,201850290,81,False,0.23005510303968352,0.07696812017805413,0.2248636381989429,0.06667755995895525,0.6654361535080686,0.7034755797201688,0.004401263739864859,1.6413589047578194,True,True,True,True,True,True,True,True,True
run-04,outer-context-02,2,2633,True,0,sealed-run04-retrospective,outer_once,201850290,82,True,0.43627510184265694,0.22611307441677858,0.4258050627073291,0.21997362890015276,0.48171904960479156,0.483393580382701,0.07375462631089523,3.420916341180557,True,True,True,True,True,False,True,False,False
run-04,outer-context-02,2,2633,True,0,sealed-run04-retrospective,outer_once,201850290,83,True,0.46623528491223265,0.24268415842505836,0.45562454592240753,0.23667964770486177,0.47948135570489286,0.4805379784232079,0.07570990703501419,3.675422231711853,True,True,True,True,True,False,True,False,False
run-04,outer-context-02,2,2633,True,0,sealed-run04-retrospective,outer_once,201850290,84,True,0.4690296494428218,0.2461875034471089,0.45784715869839865,0.2396845777842383,0.4751131325289043,0.4764965267762475,0.07831200809012151,3.6343130210770926,True,True,True,True,True,False,True,False,False
run-04,outer-context-02,2,2633,True,0,sealed-run04-retrospective,outer_once,201850290,85,True,0.45047575758217745,0.2296807673330034,0.4392273752827724,0.2228563906700003,0.4901373415391744,0.4926172565484415,0.07413019926109639,3.4041163473558016,True,True,True,True,True,False,True,False,False
run-04,outer-context-02,2,2633,True,0,sealed-run04-retrospective,outer_once,201850290,86,True,0.39843932529377163,0.18292116513751333,0.3866902505262865,0.17513457445131023,0.5409058455697251,0.547093379745283,0.06123426953180584,2.728928739139065,True,True,True,True,True,False,True,False,False
run-04,outer-context-02,2,2633,True,0,sealed-run04-retrospective,outer_once,201850290,87,True,0.368673592139727,0.16004401699264614,0.35286351697640145,0.14577090481795033,0.5658923763327491,0.5868915379322167,0.03613336490060194,2.0531173091854287,True,True,True,True,True,False,True,False,False
run-04,outer-context-02,2,2633,True,0,sealed-run04-retrospective,outer_once,201850290,88,True,0.3361179686142107,0.1281608762203577,0.32557350240804855,0.11753527071646466,0.6187026931384971,0.638990059549886,0.040876031316694414,2.0097236128397116,True,True,True,True,True,False,True,False,False
run-04,outer-context-02,2,2633,True,0,sealed-run04-retrospective,outer_once,201850290,89,True,0.3407550244239052,0.11268695042115763,0.3341274545609966,0.09989923465596254,0.6693021603667593,0.7010145880193588,0.0379812281982827,1.8736567702538245,True,True,True,True,True,True,True,True,True
run-04,outer-context-02,2,2633,True,0,sealed-run04-retrospective,outer_once,201850290,90,False,0.15499348233467275,0.06752028256066174,0.1332311299004408,0.027145210515858404,0.5643669556706441,0.7962547451474508,0.02134288787626219,1.0628393260776094,True,True,True,True,True,True,True,True,True
run-04,outer-context-02,2,2633,True,0,sealed-run04-retrospective,outer_once,201850290,91,True,0.32688004941487914,0.07317250438463235,0.3187292141212077,0.047992088189581276,0.7761487600249315,0.8494267671010206,0.014379319751985555,1.3672500024173901,True,True,True,True,True,True,True,True,True
run-04,outer-context-02,2,2633,True,0,sealed-run04-retrospective,outer_once,201850290,92,False,0.3312075730575413,0.11652681052450294,0.3241253156434829,0.10437039367410186,0.648175887257691,0.6779936998537238,0.00546726071787949,1.7730347991399416,True,True,True,True,True,True,True,True,True
run-04,outer-context-02,2,2633,True,0,sealed-run04-retrospective,outer_once,201850290,93,False,0.25535653741626607,0.10085323327460105,0.2513240454255505,0.09545096869892766,0.6050493388771305,0.620207574896756,0.0024309488465919897,2.1095239328168014,True,True,True,True,True,False,True,False,False
run-04,outer-context-02,2,2633,True,0,sealed-run04-retrospective,outer_once,201850290,94,False,0.33146450481046597,0.10028073882714653,0.3286853170930315,0.0954262641469839,0.6974616063807862,0.7096728719403844,0.0067007771360792015,2.0597760914172696,True,True,True,True,True,False,True,False,False
run-04,outer-context-02,2,2633,True,0,sealed-run04-retrospective,outer_once,201850290,95,False,0.31121326737122046,0.08967779497816196,0.3078047515085303,0.08159230049117198,0.7118445632615246,0.73492189418359,0.0038706825957716988,1.8497879466731735,True,True,True,True,True,True,True,True,True
run-04,outer-context-02,2,2633,True,1,sealed-run04-retrospective,outer_once,1092957109,0,True,0.36188591307305623,0.07933342111456024,0.3580690020912735,0.07318064995241622,0.7807778135355473,0.7956241687356056,0.0033505590952863725,2.039827143199522,True,True,True,True,True,False,True,False,False
run-04,outer-context-02,2,2633,True,1,sealed-run04-retrospective,outer_once,1092957109,1,True,0.3912798916639366,0.07546412199132588,0.3854940442751252,0.06697869079006116,0.8071351899265483,0.8262523331170875,0.006195964639811215,1.963131673993591,True,True,True,True,True,True,True,True,True
run-04,outer-context-02,2,2633,True,1,sealed-run04-retrospective,outer_once,1092957109,2,True,0.37320584701228005,0.03922675951395912,0.3677040520412608,0.02199744270788705,0.8948924304696964,0.9401762298082625,0.006427463520817589,1.345198557127728,True,True,True,True,True,True,True,True,True
run-04,outer-context-02,2,2633,True,1,sealed-run04-retrospective,outer_once,1092957109,3,True,0.3118540291022101,0.058427314824482615,0.30698838318342414,0.04140896085067457,0.8126453103950981,0.865112287242697,0.027973732208295795,1.352503874225761,True,True,True,True,True,True,True,True,True
run-04,outer-context-02,2,2633,True,1,sealed-run04-retrospective,outer_once,1092957109,4,False,0.21483344948705066,0.0791606701668947,0.20920894141712537,0.07049089633555267,0.6315253962737019,0.6630598297660406,0.0070630921769721565,1.7774975647703366,True,True,True,True,True,True,True,True,True
run-04,outer-context-02,2,2633,True,1,sealed-run04-retrospective,outer_once,1092957109,5,True,0.34151942209492614,0.112421768272704,0.33461836498411845,0.10457871811164,0.6708188143939406,0.6874686835655196,0.02142966245071695,2.2091281232112716,True,True,True,True,True,False,True,False,False
run-04,outer-context-02,2,2633,True,1,sealed-run04-retrospective,outer_once,1092957109,6,True,0.3473850071171775,0.13183297317386827,0.3404549060346448,0.12405376012276997,0.6204989551279072,0.6356235204020052,0.029737111526476068,2.216921412178314,True,True,True,True,True,False,True,False,False
run-04,outer-context-02,2,2633,True,1,sealed-run04-retrospective,outer_once,1092957109,7,True,0.2834175146263619,0.07754809552742475,0.2786949585332587,0.06751358279091613,0.7263821340411555,0.7577509720798942,0.014961077173757149,1.8089255130364528,True,True,True,True,True,True,True,True,True
run-04,outer-context-02,2,2633,True,1,sealed-run04-retrospective,outer_once,1092957109,8,True,0.3350718025403691,0.0635817300318461,0.3312243791299282,0.05510438043264832,0.8102444623815046,0.8336342856845307,0.011080399966352333,1.72216317871661,True,True,True,True,True,True,True,True,True
run-04,outer-context-02,2,2633,True,1,sealed-run04-retrospective,outer_once,1092957109,9,False,0.26312705270925224,0.096884148025653,0.25684739664645323,0.08555140489908751,0.6317970842294686,0.6669173757799546,0.008098399278580458,1.7070962197417232,True,True,True,True,True,True,True,True,True
run-04,outer-context-02,2,2633,True,1,sealed-run04-retrospective,outer_once,1092957109,10,True,0.3405167333107875,0.09573646558579685,0.3371367256772415,0.0877229987077721,0.718849453725909,0.7397999327081503,0.029548170838327843,1.8127557983913083,True,True,True,True,True,True,True,True,True
run-04,outer-context-02,2,2633,True,1,sealed-run04-retrospective,outer_once,1092957109,11,False,0.3273248138813583,0.1411925913868486,0.32195691364926377,0.13054628791775055,0.5686468443604613,0.5945224892422525,0.0047309953818331545,1.785797850432535,True,True,True,True,True,True,True,True,True
run-04,outer-context-02,2,2633,True,1,sealed-run04-retrospective,outer_once,1092957109,12,True,0.33376600855117894,0.0855832130448124,0.3269488640965943,0.07169023938440526,0.7435831964545627,0.7807295046505346,0.025756262112841793,1.6229202847574378,True,True,True,True,True,True,True,True,True
run-04,outer-context-02,2,2633,True,1,sealed-run04-retrospective,outer_once,1092957109,13,True,0.34604773563617014,0.10274408940190484,0.33966493634444983,0.09356347620174622,0.7030927273284384,0.7245418464187169,0.016672739399481044,1.972792289871939,True,True,True,True,True,True,True,True,True
run-04,outer-context-02,2,2633,True,1,sealed-run04-retrospective,outer_once,1092957109,14,True,0.285261124909335,0.1072423451030656,0.2793220182937302,0.09626130771026549,0.6240555205790813,0.6553751533864447,0.029344169480968893,1.840035009082641,True,True,True,True,True,True,True,True,True
run-04,outer-context-02,2,2633,True,1,sealed-run04-retrospective,outer_once,1092957109,15,True,0.3490976794506347,0.10932770546146507,0.34182240303088457,0.09996888447664772,0.6868277508074214,0.7075414496234314,0.00981635402804393,2.0379666819869007,True,True,True,True,True,False,True,False,False
run-04,outer-context-02,2,2633,True,1,sealed-run04-retrospective,outer_once,1092957109,16,True,0.3098338372023582,0.08115415189319804,0.30530022986451133,0.07415993544168581,0.7380720174853118,0.7570917798699427,0.0008820303377299432,1.848969599141514,True,True,True,True,True,True,True,True,True
run-04,outer-context-02,2,2633,True,1,sealed-run04-retrospective,outer_once,1092957109,17,True,0.30575142680833084,0.09105230958277266,0.29917764184517087,0.07967927686309785,0.7022015218923199,0.7336723547532569,0.02257098060765945,1.7314821169458243,True,True,True,True,True,True,True,True,True
run-04,outer-context-02,2,2633,True,1,sealed-run04-retrospective,outer_once,1092957109,18,True,0.3260559835368269,0.09190017577161406,0.32197868149990944,0.07981070544338792,0.7181460227328285,0.7521242553339347,0.019945781330156117,1.6488347516732924,True,True,True,True,True,True,True,True,True
run-04,outer-context-02,2,2633,True,1,sealed-run04-retrospective,outer_once,1092957109,19,False,0.27278093417366295,0.10815436013899886,0.2660867583738185,0.09136359731444035,0.6035120252570746,0.6566398197610196,0.0074053285031095714,1.4505802626394988,True,True,True,True,True,True,True,True,True
run-04,outer-context-02,2,2633,True,1,sealed-run04-retrospective,outer_once,1092957109,20,True,0.2902023484790114,0.06376962518833934,0.28328409338989935,0.0378428679335407,0.7802580664058567,0.8664137210081349,0.0017135406419263764,1.2629307437969015,True,True,True,True,True,True,True,True,True
run-04,outer-context-02,2,2633,True,1,sealed-run04-retrospective,outer_once,1092957109,21,True,0.370737363632717,0.07876245000084713,0.36523155376737004,0.06498625548875396,0.7875518959592221,0.8220683431690948,0.004280866194366021,1.592086751246503,True,True,True,True,True,True,True,True,True
run-04,outer-context-02,2,2633,True,1,sealed-run04-retrospective,outer_once,1092957109,22,False,0.2763931184783566,0.06098270612818235,0.272495256922151,0.04816673369381571,0.779362429629529,0.8232382675652353,0.013093367196109167,1.525002752696139,True,True,True,True,True,True,True,True,True
run-04,outer-context-02,2,2633,True,1,sealed-run04-retrospective,outer_once,1092957109,23,True,0.2686866733360898,0.10184975659866392,0.26185106320266116,0.0873302475622397,0.6209348408163736,0.6664888563211602,0.02890492076062205,1.6477993365609842,True,True,True,True,True,True,True,True,True
run-04,outer-context-02,2,2633,True,1,sealed-run04-retrospective,outer_once,1092957109,24,False,0.2160773302746714,0.07243443630580557,0.21126421618875227,0.05936926044845748,0.6647754014096298,0.7189809920511361,0.017042400412946187,1.5103790958089844,True,True,True,True,True,True,True,True,True
run-04,outer-context-02,2,2633,True,1,sealed-run04-retrospective,outer_once,1092957109,25,True,0.32011011946325185,0.08194086027585291,0.3127047492555994,0.06447289920735674,0.7440228993283682,0.7938218099954161,0.008954515434955946,1.4942726658135532,True,True,True,True,True,True,True,True,True
run-04,outer-context-02,2,2633,True,1,sealed-run04-retrospective,outer_once,1092957109,26,True,0.2727923637172881,0.06268921903002887,0.264691281133026,0.028837460706540318,0.770194377233383,0.8910524722117784,0.015380566974351967,1.0542324781426147,True,True,True,True,True,True,True,True,True
run-04,outer-context-02,2,2633,True,1,sealed-run04-retrospective,outer_once,1092957109,27,False,0.2230165170217922,0.09387175347970425,0.2145486478566273,0.07190057545900841,0.5790816091413915,0.664875187155427,0.012946286626317617,1.4442257221293835,True,True,True,True,True,True,True,True,True
run-04,outer-context-02,2,2633,True,1,sealed-run04-retrospective,outer_once,1092957109,28,True,0.26844330475162104,0.08230751015127134,0.26084285549422376,0.05802166319060493,0.6933895958871952,0.7775608494981769,0.003202060964967643,1.3124527908544996,True,True,True,True,True,True,True,True,True
run-04,outer-context-02,2,2633,True,1,sealed-run04-retrospective,outer_once,1092957109,29,True,0.24937875516437513,0.07776820970227902,0.24191469803620608,0.05337568237182345,0.6881522259142765,0.7793615567590069,0.014859688845696493,1.2213822093960636,True,True,True,True,True,True,True,True,True
run-04,outer-context-02,2,2633,True,1,sealed-run04-retrospective,outer_once,1092957109,30,False,0.23828796399604255,0.10358054227036385,0.23337932313244172,0.09569725065270256,0.5653135788592154,0.5899497463260925,0.016109487952481395,1.962995978670845,True,True,True,True,True,True,True,True,True
run-04,outer-context-02,2,2633,True,1,sealed-run04-retrospective,outer_once,1092957109,31,True,0.35788532433355097,0.05992594171501539,0.35177846617516884,0.04258031652504453,0.832555465003745,0.8789570123833517,0.0038926817086211425,1.5051265365766167,True,True,True,True,True,True,True,True,True
run-04,outer-context-02,2,2633,True,1,sealed-run04-retrospective,outer_once,1092957109,32,True,0.33270875579813225,0.06580271176062213,0.32806356940715037,0.05424475244865896,0.8022212802823041,0.8346517031845821,0.021543993666034482,1.6349126719209819,True,True,True,True,True,True,True,True,True
run-04,outer-context-02,2,2633,True,1,sealed-run04-retrospective,outer_once,1092957109,33,True,0.335707770916861,0.08323648698046053,0.32879046517378135,0.06956685900155812,0.7520567166106075,0.7884158259735764,0.014394406116618515,1.5763368985129254,True,True,True,True,True,True,True,True,True
run-04,outer-context-02,2,2633,True,1,sealed-run04-retrospective,outer_once,1092957109,34,True,0.3703016232433466,0.056450415894463236,0.36652377058775665,0.04218326706560618,0.8475555807721469,0.8849098736544122,0.007521576990746522,1.4058107762586474,True,True,True,True,True,True,True,True,True
run-04,outer-context-02,2,2633,True,1,sealed-run04-retrospective,outer_once,1092957109,35,True,0.2104880207130312,0.07221686349234555,0.1959844820680394,0.021241396758530488,0.6569074893302247,0.891616945717385,0.019642712681524555,1.0396048774086875,True,True,True,True,True,True,True,True,True
run-04,outer-context-02,2,2633,True,1,sealed-run04-retrospective,outer_once,1092957109,36,True,0.288749588841798,0.06323032919853422,0.28340617370096494,0.043783696924794537,0.7810201931294273,0.845509022075882,0.023796985120002626,1.330721449980508,True,True,True,True,True,True,True,True,True
run-04,outer-context-02,2,2633,True,1,sealed-run04-retrospective,outer_once,1092957109,37,True,0.32171074161823127,0.06653642392539037,0.3156345033488305,0.0482086068949369,0.7931793523874685,0.8472644581519084,0.023543888415752817,1.3981988641577987,True,True,True,True,True,True,True,True,True
run-04,outer-context-02,2,2633,True,1,sealed-run04-retrospective,outer_once,1092957109,38,False,0.3041940775462113,0.07427582608809771,0.29951294990996674,0.05843264349672436,0.7558275075989467,0.8049077894151516,0.01428547978045723,1.672584006581996,True,True,True,True,True,True,True,True,True
run-04,outer-context-02,2,2633,True,1,sealed-run04-retrospective,outer_once,1092957109,39,False,0.25084953577144964,0.07376397231553998,0.2467107758082639,0.06346141273117134,0.7059433572851147,0.7427700005268857,0.020611491403909145,1.7001564305545374,True,True,True,True,True,True,True,True,True
run-04,outer-context-02,2,2633,True,1,sealed-run04-retrospective,outer_once,1092957109,40,True,0.32586267701969424,0.09219002072973578,0.3206758941676952,0.08367431729555093,0.7170893531812357,0.7390688891264336,0.02901520022585338,1.7690728426711917,True,True,True,True,True,True,True,True,True
run-04,outer-context-02,2,2633,True,1,sealed-run04-retrospective,outer_once,1092957109,41,False,0.3756687840113594,0.07721800382088412,0.3714177480839504,0.0696263341445718,0.7944519025606631,0.8125390224248671,0.004556722187710518,1.9329377479065049,True,True,True,True,True,True,True,True,True
run-04,outer-context-02,2,2633,True,1,sealed-run04-retrospective,outer_once,1092957109,42,True,0.22641092502413918,0.08922622247144299,0.20586048339594326,0.05465752186532771,0.6059102604614597,0.7344924049352309,0.02049676178263595,1.3403623132891604,True,True,True,True,True,True,True,True,True
run-04,outer-context-02,2,2633,True,1,sealed-run04-retrospective,outer_once,1092957109,43,True,0.3064644172445339,0.0631890182258554,0.3004932453097865,0.03611336765489552,0.7938128713473589,0.8798197023774518,0.02994569460317465,1.1858852706353014,True,True,True,True,True,True,True,True,True
run-04,outer-context-02,2,2633,True,1,sealed-run04-retrospective,outer_once,1092957109,44,True,0.30687293014054134,0.06281354462745412,0.2982805455357799,0.022920321659802616,0.7953108975800283,0.9231585096552894,0.010921515958343897,1.1350341445006946,True,True,True,True,True,True,True,True,True
run-04,outer-context-02,2,2633,True,1,sealed-run04-retrospective,outer_once,1092957109,45,True,0.28884739561557415,0.05548522520141556,0.28100738791965246,0.009203476181925027,0.8079081686605871,0.967248276815567,0.006361050583994957,1.040196948794791,True,True,True,True,True,True,True,True,True
run-04,outer-context-02,2,2633,True,1,sealed-run04-retrospective,outer_once,1092957109,46,True,0.3105582834812037,0.052791784362798994,0.3063617028113861,0.034963091929884574,0.8300100587528066,0.885876427735454,2.13286313480883e-05,1.3282899467427374,True,True,True,True,True,True,True,True,True
run-04,outer-context-02,2,2633,True,1,sealed-run04-retrospective,outer_once,1092957109,47,True,0.3434048178472244,0.06430135207293121,0.3396287225534888,0.05243516457612126,0.8127534946188848,0.8456103353630136,0.0030657010166882646,1.5435726088313209,True,True,True,True,True,True,True,True,True
run-04,outer-context-02,2,2633,True,1,sealed-run04-retrospective,outer_once,1092957109,48,True,0.3506654432103976,0.05476888863410996,0.3472016564051278,0.04547388323627309,0.8438144114438763,0.8690274588344346,0.007957850997321231,1.5854058233406068,True,True,True,True,True,True,True,True,True
run-04,outer-context-02,2,2633,True,1,sealed-run04-retrospective,outer_once,1092957109,49,False,0.33458239386942173,0.07418124775926996,0.33033221261866624,0.06342460146258878,0.7782870553905449,0.8079975278226778,0.007186165126459581,1.5623021661416303,True,True,True,True,True,True,True,True,True
run-04,outer-context-02,2,2633,True,1,sealed-run04-retrospective,outer_once,1092957109,50,True,0.2485589003525398,0.06209097126670697,0.23852191600341108,0.026328294798929557,0.7501961459491445,0.889618969862069,0.02623197479420956,1.0581789019604517,True,True,True,True,True,True,True,True,True
run-04,outer-context-02,2,2633,True,1,sealed-run04-retrospective,outer_once,1092957109,51,True,0.26991679346961767,0.061914127462741005,0.263423499429399,0.041484045582358575,0.7706177275342071,0.8425195714421186,0.011745919340139688,1.3193665281650322,True,True,True,True,True,True,True,True,True
run-04,outer-context-02,2,2633,True,1,sealed-run04-retrospective,outer_once,1092957109,52,True,0.327886616491401,0.07314343922973708,0.3210598704045352,0.059515169292795135,0.7769245966413048,0.8146290621191428,0.02702569619028666,1.5654910768075943,True,True,True,True,True,True,True,True,True
run-04,outer-context-02,2,2633,True,1,sealed-run04-retrospective,outer_once,1092957109,53,True,0.30403405959479457,0.06743231388014985,0.2988228936768613,0.05436219817565813,0.7782080271860949,0.8180788710437833,0.01003276816229023,1.4885776483846176,True,True,True,True,True,True,True,True,True
run-04,outer-context-02,2,2633,True,1,sealed-run04-retrospective,outer_once,1092957109,54,True,0.2808964455018045,0.055443921389300724,0.2710106920624799,0.016256561203139154,0.8026179317069908,0.9400150559395962,0.012502630191486576,1.076121309526698,True,True,True,True,True,True,True,True,True
run-04,outer-context-02,2,2633,True,1,sealed-run04-retrospective,outer_once,1092957109,55,True,0.3202721983699371,0.04871054846466035,0.3156219954798206,0.03335970643585384,0.8479089077585305,0.8943048744586412,0.002203907577408031,1.3658323343416168,True,True,True,True,True,True,True,True,True
run-04,outer-context-02,2,2633,True,1,sealed-run04-retrospective,outer_once,1092957109,56,True,0.33051896438524025,0.05013527728611372,0.3270046348673439,0.038900097023855496,0.8483134624986965,0.8810411447543056,0.004713166126956994,1.4960925332309452,True,True,True,True,True,True,True,True,True
run-04,outer-context-02,2,2633,True,1,sealed-run04-retrospective,outer_once,1092957109,57,True,0.3122959598530909,0.052358501105820174,0.3066332133311527,0.018779371237492216,0.8323433286474455,0.9387562389818118,0.018777595029718396,1.0128095150868577,True,True,True,True,True,True,True,True,True
run-04,outer-context-02,2,2633,True,1,sealed-run04-retrospective,outer_once,1092957109,58,True,0.26442330639668515,0.07481097028765973,0.25312687052503124,0.03522868877025658,0.7170787578934926,0.860825961711667,0.03276444508214978,1.1145049419821806,True,True,True,True,True,True,True,True,True
run-04,outer-context-02,2,2633,True,1,sealed-run04-retrospective,outer_once,1092957109,59,True,0.2716732025266362,0.06457942732010356,0.2632639830329631,0.017541344283569696,0.7622900355298315,0.9333697527421617,0.008893842053323116,1.0467257156962775,True,True,True,True,True,True,True,True,True
run-04,outer-context-02,2,2633,True,1,sealed-run04-retrospective,outer_once,1092957109,60,True,0.2825901393985145,0.07016293037016443,0.2722734728391411,0.03919110648236734,0.7517148669111232,0.8560597693425631,0.03783034071571321,1.0955794749181795,True,True,True,True,True,True,True,True,True
run-04,outer-context-02,2,2633,True,1,sealed-run04-retrospective,outer_once,1092957109,61,True,0.35403004701395746,0.07750604863868454,0.34957959327071436,0.06345751069201928,0.7810749418237122,0.8184747853892095,0.0351703291879123,1.491997382337103,True,True,True,True,True,True,True,True,True
run-04,outer-context-02,2,2633,True,1,sealed-run04-retrospective,outer_once,1092957109,62,False,0.2857091893181984,0.1049352519716719,0.28014653038897486,0.09156714863965262,0.6327200667850972,0.6731455195518058,0.01819331686196261,1.7090597875587417,True,True,True,True,True,True,True,True,True
run-04,outer-context-02,2,2633,True,1,sealed-run04-retrospective,outer_once,1092957109,63,True,0.2958314230364644,0.06890717300325115,0.28909616318042497,0.043720570641464465,0.7670728406875236,0.8487680702487275,0.03898870613106791,1.2261262124743357,True,True,True,True,True,True,True,True,True
run-04,outer-context-02,2,2633,True,1,sealed-run04-retrospective,outer_once,1092957109,64,False,0.27450300575592446,0.05030719610941856,0.2705255731732111,0.037216149932303974,0.8167335327681278,0.8624301965401423,0.00649376266894322,1.430166515358849,True,True,True,True,True,True,True,True,True
run-04,outer-context-02,2,2633,True,1,sealed-run04-retrospective,outer_once,1092957109,65,True,0.27405376331227643,0.04444381647190724,0.2685150841983102,0.029990483353347454,0.8378281110438,0.8883098748702023,0.006698845256280173,1.3425918210906371,True,True,True,True,True,True,True,True,True
run-04,outer-context-02,2,2633,True,1,sealed-run04-retrospective,outer_once,1092957109,66,True,0.2951388563933608,0.07300014915539532,0.27720220175960847,0.03703485766468057,0.7526582909228977,0.8663976785552467,0.02366081103371091,1.166239234712535,True,True,True,True,True,True,True,True,True
run-04,outer-context-02,2,2633,True,1,sealed-run04-retrospective,outer_once,1092957109,67,True,0.3245669657488799,0.08692794204135222,0.3091739116900952,0.06138159307966687,0.7321725523089461,0.8014658069171322,0.017039022841851163,1.3992287185556103,True,True,True,True,True,True,True,True,True
run-04,outer-context-02,2,2633,True,1,sealed-run04-retrospective,outer_once,1092957109,68,True,0.3485699778521591,0.0793830656625422,0.3372038009939778,0.058257706099512994,0.7722607490418714,0.8272329495462792,0.02267729384527579,1.450718561234182,True,True,True,True,True,True,True,True,True
run-04,outer-context-02,2,2633,True,1,sealed-run04-retrospective,outer_once,1092957109,69,True,0.3453738937420474,0.07123361967237933,0.3314949765984504,0.04331377704435195,0.7937492643101095,0.8693380590897484,0.0073318752775628215,1.2834086367744453,True,True,True,True,True,True,True,True,True
run-04,outer-context-02,2,2633,True,1,sealed-run04-retrospective,outer_once,1092957109,70,True,0.4126344203438357,0.16132903952947725,0.40322204859616745,0.15431562125241238,0.6090267036011037,0.6172936926696644,0.04282597189609469,2.9634858395132286,True,True,True,True,True,False,True,False,False
run-04,outer-context-02,2,2633,True,1,sealed-run04-retrospective,outer_once,1092957109,71,True,0.43175842776770623,0.14934161101585852,0.41781523409969895,0.13822556893929405,0.6541084055081676,0.6691705862828575,0.035011959842344315,2.384301252341477,True,True,True,True,True,False,True,False,False
run-04,outer-context-02,2,2633,True,1,sealed-run04-retrospective,outer_once,1092957109,72,True,0.37775773090847387,0.13945501882895484,0.3688855137390923,0.13208454485440388,0.6308347720810958,0.6419362107349504,0.00822602830204077,2.6763610855237885,True,True,True,True,True,False,True,False,False
run-04,outer-context-02,2,2633,True,1,sealed-run04-retrospective,outer_once,1092957109,73,True,0.4392363420041062,0.20230081659660665,0.4289856903384122,0.19543512350982922,0.5394260509648006,0.5444250754479547,0.05036518804883218,3.020136784811223,True,True,True,True,True,False,True,False,False
run-04,outer-context-02,2,2633,True,1,sealed-run04-retrospective,outer_once,1092957109,74,True,0.44834700768847124,0.19707431292367994,0.44068608125165665,0.19204097378067997,0.5604424484960213,0.5642227382466075,0.06152078211343188,3.1059059994016285,True,True,True,True,True,False,True,False,False
run-04,outer-context-02,2,2633,True,1,sealed-run04-retrospective,outer_once,1092957109,75,True,0.3866276455917695,0.13151739750522287,0.38047584814303553,0.1255748209365562,0.659834471216037,0.6699532400034292,0.04112117079593977,2.218603264054011,True,True,True,True,True,False,True,False,False
run-04,outer-context-02,2,2633,True,1,sealed-run04-retrospective,outer_once,1092957109,76,True,0.3659906001495212,0.07810925370676283,0.35481492845132895,0.06083273188564662,0.7865812573469039,0.8285508105559001,0.020957728244437614,1.4834495757482722,True,True,True,True,True,True,True,True,True
run-04,outer-context-02,2,2633,True,1,sealed-run04-retrospective,outer_once,1092957109,77,True,0.39099949592129546,0.08560273933586171,0.3797381284169477,0.07020269713359678,0.781066880574463,0.81512865872527,0.02624370316602053,1.5295194493973774,True,True,True,True,True,True,True,True,True
run-04,outer-context-02,2,2633,True,1,sealed-run04-retrospective,outer_once,1092957109,78,True,0.37626629789260485,0.06972141018345557,0.3666169201779696,0.054637228100400864,0.814701952914859,0.850969158559627,0.006476351705940296,1.4725972938637024,True,True,True,True,True,True,True,True,True
run-04,outer-context-02,2,2633,True,1,sealed-run04-retrospective,outer_once,1092957109,79,True,0.30926737776241947,0.06202277826596844,0.29978039462060385,0.04134131375730696,0.7994525684709798,0.8620946716357897,0.006827203668906571,1.287726194141775,True,True,True,True,True,True,True,True,True
run-04,outer-context-02,2,2633,True,1,sealed-run04-retrospective,outer_once,1092957109,80,True,0.31798811752557493,0.07480162724915582,0.31461118791456666,0.06680893842354649,0.7647659672593278,0.7876460183555564,0.006017818110468719,1.6621907929260658,True,True,True,True,True,True,True,True,True
run-04,outer-context-02,2,2633,True,1,sealed-run04-retrospective,outer_once,1092957109,81,False,0.2399948448783924,0.0804309088283139,0.234693479636845,0.06912659362393857,0.6648640146038597,0.7054601016998758,0.004630510835068345,1.674437208483495,True,True,True,True,True,True,True,True,True
run-04,outer-context-02,2,2633,True,1,sealed-run04-retrospective,outer_once,1092957109,82,True,0.4348626303453649,0.2253676060494761,0.42658721096380336,0.2191857028081777,0.4817498899123829,0.4861878247288197,0.07244745057534403,3.421065980109108,True,True,True,True,True,False,True,False,False
run-04,outer-context-02,2,2633,True,1,sealed-run04-retrospective,outer_once,1092957109,83,True,0.4620250405748667,0.24176387597150986,0.453410981658944,0.2356495886102823,0.4767299285971615,0.4802737513147883,0.07442829883789143,3.6815897855773163,True,True,True,True,True,False,True,False,False
run-04,outer-context-02,2,2633,True,1,sealed-run04-retrospective,outer_once,1092957109,84,True,0.46564444810078576,0.24487100037889203,0.45659121926051227,0.2384123349299076,0.47412451414884843,0.47784292629184516,0.077073366597058,3.6422439186536386,True,True,True,True,True,False,True,False,False
run-04,outer-context-02,2,2633,True,1,sealed-run04-retrospective,outer_once,1092957109,85,True,0.4479286816427838,0.2289948955743488,0.4382057330614523,0.22192957235962768,0.48876929529382385,0.49354936365356694,0.07304969355431865,3.4161727898007705,True,True,True,True,True,False,True,False,False
run-04,outer-context-02,2,2633,True,1,sealed-run04-retrospective,outer_once,1092957109,86,True,0.39195699192590316,0.18262082434218702,0.3814877949528666,0.17430813678327042,0.5340794319170858,0.5430833198613695,0.0604483734576701,2.737656272882262,True,True,True,True,True,False,True,False,False
run-04,outer-context-02,2,2633,True,1,sealed-run04-retrospective,outer_once,1092957109,87,True,0.36547528455459694,0.16068729734235646,0.35230310325791103,0.14569413979916584,0.5603333409037896,0.5864522950497335,0.03583298607675819,2.0701852247935792,True,True,True,True,True,False,True,False,False
run-04,outer-context-02,2,2633,True,1,sealed-run04-retrospective,outer_once,1092957109,88,True,0.3371250529798286,0.12729166311792722,0.32750696301099397,0.11704295791076964,0.6224200426731752,0.6426245206064805,0.04079680737912863,2.015319866817181,True,True,True,True,True,False,True,False,False
run-04,outer-context-02,2,2633,True,1,sealed-run04-retrospective,outer_once,1092957109,89,True,0.3489926666981802,0.11336043144225785,0.34294115769478917,0.10030924587289944,0.6751781849321908,0.7075030406173275,0.03715685222551873,1.8777942297386339,True,True,True,True,True,True,True,True,True
run-04,outer-context-02,2,2633,True,1,sealed-run04-retrospective,outer_once,1092957109,90,False,0.14828512111866998,0.0703305049923311,0.12477696433321268,0.02743444829559155,0.5257076066583456,0.7801321065775508,0.021058325476792435,1.0786130830870158,True,True,True,True,True,True,True,True,True
run-04,outer-context-02,2,2633,True,1,sealed-run04-retrospective,outer_once,1092957109,91,True,0.31363583513877386,0.07031244843551075,0.305437459464073,0.0441146042012344,0.7758150040335801,0.8555691097004315,0.014211555420902085,1.3385239854294881,True,True,True,True,True,True,True,True,True
run-04,outer-context-02,2,2633,True,1,sealed-run04-retrospective,outer_once,1092957109,92,False,0.31551728573826043,0.11351770743948779,0.3086997604854213,0.10093163499845641,0.6402171526866607,0.6730427168464777,0.005265307880824542,1.7419462825390066,True,True,True,True,True,True,True,True,True
run-04,outer-context-02,2,2633,True,1,sealed-run04-retrospective,outer_once,1092957109,93,False,0.2438935588841722,0.09580067533276146,0.2403237260406687,0.08951921622098426,0.607202929954135,0.6275057078391195,0.002391434682371574,2.0441856986681297,True,True,True,True,True,False,True,False,False
run-04,outer-context-02,2,2633,True,1,sealed-run04-retrospective,outer_once,1092957109,94,False,0.348453201616124,0.10291775792643579,0.34519439252017975,0.0978277983281449,0.7046439595070333,0.7166008473836203,0.006910529151616722,2.0892250515945543,True,True,True,True,True,False,True,False,False
run-04,outer-context-02,2,2633,True,1,sealed-run04-retrospective,outer_once,1092957109,95,False,0.32994655567496883,0.09374741223077593,0.32621079143560067,0.08557813852802233,0.7158709172187063,0.7376600015241469,0.004128239620632347,1.8869704228024722,True,True,True,True,True,True,True,True,True
run-04,outer-context-02,2,2633,True,2,sealed-run04-retrospective,outer_once,814096606,0,True,0.3411183415356495,0.07702822221050754,0.3367703851589672,0.07047052181247092,0.7741891512964644,0.7907460842223213,0.003957239642612171,2.0106133502223074,True,True,True,True,True,False,True,False,False
run-04,outer-context-02,2,2633,True,2,sealed-run04-retrospective,outer_once,814096606,1,True,0.3862262966001025,0.0727178152641114,0.3800940818024528,0.06383628712238427,0.8117222573806174,0.8320513520766628,0.006805354719054098,1.9320183391287076,True,True,True,True,True,True,True,True,True
run-04,outer-context-02,2,2633,True,2,sealed-run04-retrospective,outer_once,814096606,2,True,0.3698939718802616,0.037572740331645774,0.36521336507994934,0.020126296663348447,0.8984229449843307,0.9448916754211812,0.006879260563946516,1.3188259030245097,True,True,True,True,True,True,True,True,True
run-04,outer-context-02,2,2633,True,2,sealed-run04-retrospective,outer_once,814096606,3,True,0.2998798726091132,0.05534448517330721,0.29528050842499143,0.03727115730101107,0.8154444821795442,0.8737771162078622,0.027984256116615522,1.3067985652761596,True,True,True,True,True,True,True,True,True
run-04,outer-context-02,2,2633,True,2,sealed-run04-retrospective,outer_once,814096606,4,False,0.2086600209536329,0.07651680164305602,0.2035628775017925,0.06641079752030933,0.6332943834024675,0.6737578170669917,0.007018653785399652,1.7475424598403146,True,True,True,True,True,True,True,True,True
run-04,outer-context-02,2,2633,True,2,sealed-run04-retrospective,outer_once,814096606,5,True,0.3456674645079201,0.11134759169045078,0.3378232299723388,0.1032332811598881,0.6778765631039032,0.6944162745458893,0.021939614509495418,2.2067744175323067,True,True,True,True,True,False,True,False,False
run-04,outer-context-02,2,2633,True,2,sealed-run04-retrospective,outer_once,814096606,6,True,0.35114195338539816,0.13592686020025205,0.34455789706978524,0.1282259838890794,0.6129005409642275,0.6278535915747446,0.030206676936348507,2.284870843516389,True,True,True,True,True,False,True,False,False
run-04,outer-context-02,2,2633,True,2,sealed-run04-retrospective,outer_once,814096606,7,True,0.2834105334757529,0.08308910857704113,0.2783271199523835,0.07369664512520097,0.706824204598063,0.7352157233624627,0.015175611813125421,1.8758309674219256,True,True,True,True,True,True,True,True,True
run-04,outer-context-02,2,2633,True,2,sealed-run04-retrospective,outer_once,814096606,8,True,0.33374289746216507,0.06803166098871063,0.33002551465274627,0.060484780874374616,0.796155479244549,0.8167269553748991,0.011486752335159412,1.7951128545688961,True,True,True,True,True,True,True,True,True
run-04,outer-context-02,2,2633,True,2,sealed-run04-retrospective,outer_once,814096606,9,False,0.25343766949355573,0.09167029102961116,0.246665524664639,0.08039598468250242,0.6382925584314446,0.674068823392296,0.008456880476843218,1.6664797098504196,True,True,True,True,True,True,True,True,True
run-04,outer-context-02,2,2633,True,2,sealed-run04-retrospective,outer_once,814096606,10,True,0.31778218606290626,0.09039525519042987,0.31400842287174746,0.08058411453462143,0.7155433527902796,0.7433695765303246,0.029156483584733574,1.7556555872084656,True,True,True,True,True,True,True,True,True
run-04,outer-context-02,2,2633,True,2,sealed-run04-retrospective,outer_once,814096606,11,False,0.29716050458630494,0.1316895265262044,0.29143646897075315,0.11787483576274536,0.5568404128619403,0.595538485011721,0.004473742212760563,1.7240272726488404,True,True,True,True,True,True,True,True,True
run-04,outer-context-02,2,2633,True,2,sealed-run04-retrospective,outer_once,814096606,12,True,0.3342794690285413,0.08493662965031862,0.32640443289176707,0.07107663394998508,0.7459113181639444,0.782243662194522,0.025974606082808036,1.6113796561827811,True,True,True,True,True,True,True,True,True
run-04,outer-context-02,2,2633,True,2,sealed-run04-retrospective,outer_once,814096606,13,True,0.35207740803778986,0.1023267950508315,0.3457063621975219,0.09311860091775083,0.7093627914920109,0.7306425015558528,0.016414622475465993,1.962360737141372,True,True,True,True,True,True,True,True,True
run-04,outer-context-02,2,2633,True,2,sealed-run04-retrospective,outer_once,814096606,14,True,0.28403478058365794,0.10646226257177852,0.27744947127972425,0.09532843083984197,0.6251787814400366,0.6564115606342895,0.029201200094364672,1.8413189866706634,True,True,True,True,True,True,True,True,True
run-04,outer-context-02,2,2633,True,2,sealed-run04-retrospective,outer_once,814096606,15,True,0.3601541972630418,0.11325831533759967,0.352522256509746,0.10376339194620456,0.6855282648424046,0.7056543522285781,0.00967292842889239,2.088163317667015,True,True,True,True,True,False,True,False,False
run-04,outer-context-02,2,2633,True,2,sealed-run04-retrospective,outer_once,814096606,16,True,0.32928025877711764,0.08341113087784689,0.32458785975592547,0.07590421095170452,0.7466865120076754,0.7661520335086444,0.0008432323555196328,1.8890963146319744,True,True,True,True,True,True,True,True,True
run-04,outer-context-02,2,2633,True,2,sealed-run04-retrospective,outer_once,814096606,17,True,0.3147270589226474,0.0887861898919909,0.3075948425042675,0.07676107484340916,0.717894641166483,0.7504474580312763,0.02246229102279069,1.7081221214787141,True,True,True,True,True,True,True,True,True
run-04,outer-context-02,2,2633,True,2,sealed-run04-retrospective,outer_once,814096606,18,True,0.3198519026049408,0.09501492853862031,0.31529567438152983,0.08264370255199414,0.7029408680555005,0.7378850733867364,0.019638559308883398,1.667172113612925,True,True,True,True,True,True,True,True,True
run-04,outer-context-02,2,2633,True,2,sealed-run04-retrospective,outer_once,814096606,19,False,0.25291258547279566,0.10592666159955874,0.24578234644004118,0.09035337463002086,0.5811728332872835,0.632384603944439,0.00726301095670881,1.446685171312627,True,True,True,True,True,True,True,True,True
run-04,outer-context-02,2,2633,True,2,sealed-run04-retrospective,outer_once,814096606,20,True,0.2997900988637426,0.0652560318060124,0.2923902796845808,0.04160920899248933,0.782327595029508,0.8576929129197601,0.0015045496814246803,1.288658802566712,True,True,True,True,True,True,True,True,True
run-04,outer-context-02,2,2633,True,2,sealed-run04-retrospective,outer_once,814096606,21,True,0.3496316465907312,0.07502076939048631,0.344057715291231,0.05985982514202931,0.7854291219859069,0.8260180705688859,0.004256918185633419,1.5449755690329088,True,True,True,True,True,True,True,True,True
run-04,outer-context-02,2,2633,True,2,sealed-run04-retrospective,outer_once,814096606,22,False,0.2788733117768773,0.06477147813752412,0.27462102869535604,0.05090025065504777,0.7677386992508379,0.8146527565756346,0.013294338024633569,1.545571115993125,True,True,True,True,True,True,True,True,True
run-04,outer-context-02,2,2633,True,2,sealed-run04-retrospective,outer_once,814096606,23,True,0.2970778716380019,0.09643912149573576,0.28999378619125976,0.08284658432778465,0.675374268154009,0.7143160016775505,0.02883630336166871,1.614038918458302,True,True,True,True,True,True,True,True,True
run-04,outer-context-02,2,2633,True,2,sealed-run04-retrospective,outer_once,814096606,24,False,0.22733984268654192,0.07360731404869485,0.22161824395333812,0.059836915848394054,0.676223431938478,0.7300000452084046,0.016979835929670072,1.5336948819202532,True,True,True,True,True,True,True,True,True
run-04,outer-context-02,2,2633,True,2,sealed-run04-retrospective,outer_once,814096606,25,True,0.3067898493952882,0.08378003606674722,0.2994818964081251,0.06579800003866472,0.7269139241996253,0.7802938981360091,0.009180779651457069,1.5135144225865056,True,True,True,True,True,True,True,True,True
run-04,outer-context-02,2,2633,True,2,sealed-run04-retrospective,outer_once,814096606,26,True,0.2609474346663534,0.0639423500807887,0.252933868495695,0.03008926528971684,0.7549608021150115,0.8810390025318853,0.015092366346470215,1.075607453544127,True,True,True,True,True,True,True,True,True
run-04,outer-context-02,2,2633,True,2,sealed-run04-retrospective,outer_once,814096606,27,False,0.21934769945772056,0.09300257465348917,0.2110805750715849,0.07192599589707593,0.5760038747458325,0.659248626394526,0.013169121255919809,1.4364724562929296,True,True,True,True,True,True,True,True,True
run-04,outer-context-02,2,2633,True,2,sealed-run04-retrospective,outer_once,814096606,28,True,0.25499582413328875,0.07647465461184752,0.24726882673273326,0.049732188953710954,0.7000944824419028,0.7988740044151815,0.0036031593039769303,1.2611222375233715,True,True,True,True,True,True,True,True,True
run-04,outer-context-02,2,2633,True,2,sealed-run04-retrospective,outer_once,814096606,29,True,0.2661180614430023,0.07937625385163634,0.25901464513352385,0.056622191032758805,0.7017254168273082,0.7813938628699173,0.015006941271208055,1.2476803036696835,True,True,True,True,True,True,True,True,True
run-04,outer-context-02,2,2633,True,2,sealed-run04-retrospective,outer_once,814096606,30,False,0.26933894468942765,0.10678297748675694,0.2640173260339527,0.0991455069372118,0.6035368089457415,0.6244734827574852,0.015923109625298266,2.0114022019211606,True,True,True,True,True,False,True,False,False
run-04,outer-context-02,2,2633,True,2,sealed-run04-retrospective,outer_once,814096606,31,True,0.3563615058613582,0.06315080816953779,0.3494696098465189,0.04664949548916484,0.8227900400833235,0.8665134415846559,0.004261819203069687,1.5581314512581688,True,True,True,True,True,True,True,True,True
run-04,outer-context-02,2,2633,True,2,sealed-run04-retrospective,outer_once,814096606,32,True,0.3218744416676459,0.06586942688366311,0.3167057372369896,0.05322255338147015,0.7953567653822072,0.8319495129902117,0.021821730880924203,1.6359344218586247,True,True,True,True,True,True,True,True,True
run-04,outer-context-02,2,2633,True,2,sealed-run04-retrospective,outer_once,814096606,33,True,0.346525471498367,0.09119519073031955,0.3402108062022094,0.07908443622348778,0.7368297622221133,0.7675428446664838,0.014186483508777253,1.6468042833388703,True,True,True,True,True,True,True,True,True
run-04,outer-context-02,2,2633,True,2,sealed-run04-retrospective,outer_once,814096606,34,True,0.3516161674777081,0.05549304910164897,0.3472904837556673,0.041120010402414454,0.8421771970847525,0.881597647140415,0.007578076764656836,1.4132466659927765,True,True,True,True,True,True,True,True,True
run-04,outer-context-02,2,2633,True,2,sealed-run04-retrospective,outer_once,814096606,35,True,0.1980837340437947,0.07300503086867832,0.18151575635662556,0.02375941512433576,0.6314435851025633,0.8691054947447348,0.01957399760161566,1.0907122304632269,True,True,True,True,True,True,True,True,True
run-04,outer-context-02,2,2633,True,2,sealed-run04-retrospective,outer_once,814096606,36,True,0.3039427976240686,0.06178442354706964,0.299082911763684,0.041994880256325536,0.7967235149836067,0.85958783131847,0.02331792183387953,1.3189390322658796,True,True,True,True,True,True,True,True,True
run-04,outer-context-02,2,2633,True,2,sealed-run04-retrospective,outer_once,814096606,37,True,0.33091549937135595,0.06737931476661838,0.3245676092209361,0.049757204982577755,0.7963851348920808,0.8466969482814055,0.02303962303491909,1.4070033111908196,True,True,True,True,True,True,True,True,True
run-04,outer-context-02,2,2633,True,2,sealed-run04-retrospective,outer_once,814096606,38,False,0.30646755112603064,0.07543780497673448,0.3017722686146073,0.05987821663384015,0.7538473332672284,0.8015781340388487,0.014742164620483928,1.6711400127982323,True,True,True,True,True,True,True,True,True
run-04,outer-context-02,2,2633,True,2,sealed-run04-retrospective,outer_once,814096606,39,False,0.26299676256154353,0.07868950315011074,0.25912770458780515,0.06841050880208206,0.7007966851618688,0.735996932821588,0.0207094018774555,1.754331705756263,True,True,True,True,True,True,True,True,True
run-04,outer-context-02,2,2633,True,2,sealed-run04-retrospective,outer_once,814096606,40,True,0.3536895909453107,0.10224669843477245,0.34915028835897843,0.09338828387766662,0.71091403012032,0.732526974797599,0.0296113457460303,1.8611149672709448,True,True,True,True,True,True,True,True,True
run-04,outer-context-02,2,2633,True,2,sealed-run04-retrospective,outer_once,814096606,41,False,0.35546118125492127,0.07729017149595359,0.35049916499025663,0.06952348637819293,0.782563679040597,0.8016443594662327,0.004525132613642526,1.9384765405241704,True,True,True,True,True,True,True,True,True
run-04,outer-context-02,2,2633,True,2,sealed-run04-retrospective,outer_once,814096606,42,True,0.2002021159207085,0.09030772031046205,0.17979616025985287,0.05944832537251726,0.548917253470842,0.6693570914606922,0.020374130400165832,1.382508723367779,True,True,True,True,True,True,True,True,True
run-04,outer-context-02,2,2633,True,2,sealed-run04-retrospective,outer_once,814096606,43,True,0.28645321203431856,0.06282929816994955,0.28002639234518856,0.034330164889054916,0.7806647105691303,0.8774038239697917,0.030095185029495035,1.171228728580833,True,True,True,True,True,True,True,True,True
run-04,outer-context-02,2,2633,True,2,sealed-run04-retrospective,outer_once,814096606,44,True,0.31330893637457613,0.06124775694567191,0.30513394607520444,0.0212433521094681,0.8045132141636483,0.9303802399480248,0.011428156218622008,1.1258229177495396,True,True,True,True,True,True,True,True,True
run-04,outer-context-02,2,2633,True,2,sealed-run04-retrospective,outer_once,814096606,45,True,0.31666227851710604,0.05379231574303351,0.3100405852992771,0.011011976239915488,0.8301271752513849,0.9644821460090915,0.005858236373169782,1.0429747227363324,True,True,True,True,True,True,True,True,True
run-04,outer-context-02,2,2633,True,2,sealed-run04-retrospective,outer_once,814096606,46,True,0.35659986165495533,0.05622847218269035,0.35249854489797516,0.039218999885808695,0.8423205440357215,0.8887399665801174,0.00012886241953121458,1.3636742554197911,True,True,True,True,True,True,True,True,True
run-04,outer-context-02,2,2633,True,2,sealed-run04-retrospective,outer_once,814096606,47,True,0.3805102958875489,0.06759984543604353,0.3768454073587047,0.056234562595613886,0.8223442409662914,0.8507755129888412,0.0033716473302829357,1.59621681972521,True,True,True,True,True,True,True,True,True
run-04,outer-context-02,2,2633,True,2,sealed-run04-retrospective,outer_once,814096606,48,True,0.3657145278929871,0.056926214412439294,0.3625016506711107,0.04732600273499564,0.8443424855435422,0.8694461041835823,0.008164555754026203,1.634399854800822,True,True,True,True,True,True,True,True,True
run-04,outer-context-02,2,2633,True,2,sealed-run04-retrospective,outer_once,814096606,49,False,0.32484563640408004,0.07626760825713699,0.32073786848761854,0.0644556361310404,0.7652189233588268,0.7990395196084289,0.0069070484738983405,1.5906711899996488,True,True,True,True,True,True,True,True,True
run-04,outer-context-02,2,2633,True,2,sealed-run04-retrospective,outer_once,814096606,50,True,0.26443236340414616,0.06110172096461567,0.25396257629114755,0.02620601829232913,0.7689325157555295,0.8968114961068672,0.02620601750349573,1.0292161010229228,True,True,True,True,True,True,True,True,True
run-04,outer-context-02,2,2633,True,2,sealed-run04-retrospective,outer_once,814096606,51,True,0.259039300624238,0.058618585361293926,0.25169073793759933,0.036648426653775476,0.7737077531477513,0.854391039757444,0.011573535309022961,1.27071215176112,True,True,True,True,True,True,True,True,True
run-04,outer-context-02,2,2633,True,2,sealed-run04-retrospective,outer_once,814096606,52,True,0.3211591856290993,0.07325622268414185,0.31541112723750603,0.060161174428316685,0.7719005840027753,0.8092610905796768,0.026797128360985845,1.566598925261979,True,True,True,True,True,True,True,True,True
run-04,outer-context-02,2,2633,True,2,sealed-run04-retrospective,outer_once,814096606,53,True,0.3010058946535473,0.06731821141196588,0.2964743094984337,0.053565504520162927,0.7763558368534677,0.8193249708186067,0.009818740460180898,1.48958664340674,True,True,True,True,True,True,True,True,True
run-04,outer-context-02,2,2633,True,2,sealed-run04-retrospective,outer_once,814096606,54,True,0.2909851951132535,0.05771600012527551,0.2811847252197738,0.02056701210548675,0.8016531387350754,0.9268558699644457,0.01293320412329845,1.1019406919672332,True,True,True,True,True,True,True,True,True
run-04,outer-context-02,2,2633,True,2,sealed-run04-retrospective,outer_once,814096606,55,True,0.3598457978034964,0.05066397049692521,0.35516230446265035,0.03547973081834441,0.8592064411862559,0.9001027688678163,0.0021084045892657563,1.3886520825456121,True,True,True,True,True,True,True,True,True
run-04,outer-context-02,2,2633,True,2,sealed-run04-retrospective,outer_once,814096606,56,True,0.3187017367841622,0.05158237201008642,0.31493307809015303,0.039553476623369534,0.838148443963391,0.8744067251898927,0.004740445506933571,1.5199598659103084,True,True,True,True,True,True,True,True,True
run-04,outer-context-02,2,2633,True,2,sealed-run04-retrospective,outer_once,814096606,57,True,0.3054381445887948,0.05170938862035556,0.299728300732539,0.01932652722751465,0.8307042210134858,0.9355198452055398,0.01932652722751472,1.0164352172397233,True,True,True,True,True,True,True,True,True
run-04,outer-context-02,2,2633,True,2,sealed-run04-retrospective,outer_once,814096606,58,True,0.28934980862440984,0.07444237727619724,0.2805375636939104,0.0329611094324813,0.7427253274156228,0.8825073227325643,0.03287635224981314,1.096481916419348,True,True,True,True,True,True,True,True,True
run-04,outer-context-02,2,2633,True,2,sealed-run04-retrospective,outer_once,814096606,59,True,0.2885954312892627,0.06494749529871403,0.28105212154896964,0.01895515336571893,0.7749531411201851,0.9325564480308814,0.009151699041026454,1.0588246586050347,True,True,True,True,True,True,True,True,True
run-04,outer-context-02,2,2633,True,2,sealed-run04-retrospective,outer_once,814096606,60,True,0.2804211375838588,0.07052127482927827,0.27151945884227013,0.0396158493046522,0.7485165510813564,0.8540957267903747,0.03766159393763404,1.098694382309362,True,True,True,True,True,True,True,True,True
run-04,outer-context-02,2,2633,True,2,sealed-run04-retrospective,outer_once,814096606,61,True,0.3310314233998943,0.07785474946693483,0.3274539481675978,0.06259344876213432,0.7648116040848354,0.8088480865404083,0.035760609398498504,1.4687066782443983,True,True,True,True,True,True,True,True,True
run-04,outer-context-02,2,2633,True,2,sealed-run04-retrospective,outer_once,814096606,62,False,0.26846822783559593,0.10511156902726398,0.263482841496176,0.0926591247590685,0.6084766906137139,0.6483295677513281,0.018335869040465837,1.686897025697274,True,True,True,True,True,True,True,True,True
run-04,outer-context-02,2,2633,True,2,sealed-run04-retrospective,outer_once,814096606,63,True,0.28763839476151887,0.07220159093594032,0.2814241771464488,0.04702726470936233,0.7489848634574579,0.8328954349757588,0.03943858287179457,1.2489849679992253,True,True,True,True,True,True,True,True,True
run-04,outer-context-02,2,2633,True,2,sealed-run04-retrospective,outer_once,814096606,64,False,0.26572068672692006,0.04979546407590744,0.2618743855201704,0.03675822367828154,0.8126022302242429,0.8596341386910851,0.006734071502800798,1.4070695403816265,True,True,True,True,True,True,True,True,True
run-04,outer-context-02,2,2633,True,2,sealed-run04-retrospective,outer_once,814096606,65,True,0.2758200797315505,0.046704284621088346,0.2705307728779016,0.03410604012490012,0.8306711945462978,0.8739291661274587,0.006400194101709041,1.3992537078066485,True,True,True,True,True,True,True,True,True
run-04,outer-context-02,2,2633,True,2,sealed-run04-retrospective,outer_once,814096606,66,True,0.2670612611256159,0.07034321800929944,0.2506546460955909,0.03534027683391632,0.7366026891627215,0.8590080918729958,0.024137574647137935,1.1448753335766557,True,True,True,True,True,True,True,True,True
run-04,outer-context-02,2,2633,True,2,sealed-run04-retrospective,outer_once,814096606,67,True,0.28736474915553645,0.090060119977521,0.27100755168283774,0.06420505960071837,0.6865999735800028,0.7630875626821718,0.016715250349653033,1.4041683634068114,True,True,True,True,True,True,True,True,True
run-04,outer-context-02,2,2633,True,2,sealed-run04-retrospective,outer_once,814096606,68,True,0.30881289519215704,0.08199312136638451,0.2974639387155129,0.06048046792045121,0.7344893213887174,0.7966796641582387,0.022593965469831393,1.4799007375091193,True,True,True,True,True,True,True,True,True
run-04,outer-context-02,2,2633,True,2,sealed-run04-retrospective,outer_once,814096606,69,True,0.30707923856919817,0.07216308388136387,0.29356293501745684,0.04663030613969715,0.7650017493282847,0.84115737861483,0.007527709886811812,1.3032588123631037,True,True,True,True,True,True,True,True,True
run-04,outer-context-02,2,2633,True,2,sealed-run04-retrospective,outer_once,814096606,70,True,0.4012282181274145,0.15772413053705983,0.39166713473036363,0.1506971870721348,0.6068967151084753,0.6152416843045061,0.04263005334575691,2.9104299179006596,True,True,True,True,True,False,True,False,False
run-04,outer-context-02,2,2633,True,2,sealed-run04-retrospective,outer_once,814096606,71,True,0.4196705172238828,0.14453396788720071,0.4049490025498742,0.1330682626814877,0.6556013301975755,0.6713950106221122,0.03485977704736731,2.3314541849695534,True,True,True,True,True,False,True,False,False
run-04,outer-context-02,2,2633,True,2,sealed-run04-retrospective,outer_once,814096606,72,True,0.36892420268539255,0.13111376059351984,0.3591757647196374,0.12339721106142738,0.6446051529307506,0.6564433818140604,0.008259282451086663,2.5653957696614857,True,True,True,True,True,False,True,False,False
run-04,outer-context-02,2,2633,True,2,sealed-run04-retrospective,outer_once,814096606,73,True,0.42346895291236636,0.18874167688768895,0.4115236073403875,0.18059259514375306,0.5542963053380029,0.5611610320222097,0.050561257147467044,2.8671635035859615,True,True,True,True,True,False,True,False,False
run-04,outer-context-02,2,2633,True,2,sealed-run04-retrospective,outer_once,814096606,74,True,0.43219511021639767,0.18259385421499566,0.42331147460014473,0.17632270785842882,0.5775198518012572,0.5834681589366759,0.06178995691639106,2.948899449376924,True,True,True,True,True,False,True,False,False
run-04,outer-context-02,2,2633,True,2,sealed-run04-retrospective,outer_once,814096606,75,True,0.3630645755433775,0.11676899372057958,0.3562118872076243,0.11003788187779566,0.6783795457163005,0.6910886867353245,0.0415166766218479,2.0790180935426545,True,True,True,True,True,False,True,False,False
run-04,outer-context-02,2,2633,True,2,sealed-run04-retrospective,outer_once,814096606,76,True,0.32711796092894113,0.07810699042032633,0.31626755458173605,0.0612692044572446,0.7612268363420948,0.8062741385588125,0.021467877580863017,1.4689615274692795,True,True,True,True,True,True,True,True,True
run-04,outer-context-02,2,2633,True,2,sealed-run04-retrospective,outer_once,814096606,77,True,0.3389260432413049,0.08898264817745584,0.32810696252795757,0.07382428461450753,0.7374570353860269,0.7749993354431879,0.026690880934410514,1.5473553777691573,True,True,True,True,True,True,True,True,True
run-04,outer-context-02,2,2633,True,2,sealed-run04-retrospective,outer_once,814096606,78,True,0.33407798901904523,0.07290995842744676,0.32477303652599104,0.0582708810980375,0.7817576708913611,0.8205796832109423,0.006811767775601436,1.5024470418317202,True,True,True,True,True,True,True,True,True
run-04,outer-context-02,2,2633,True,2,sealed-run04-retrospective,outer_once,814096606,79,True,0.27883808982275504,0.06321514252600087,0.26963583465279867,0.04334290726060548,0.7732908636471297,0.83925390586004,0.00708000034595383,1.2967490107422879,True,True,True,True,True,True,True,True,True
run-04,outer-context-02,2,2633,True,2,sealed-run04-retrospective,outer_once,814096606,80,True,0.32423795562966146,0.07828775184035262,0.32135710901195874,0.07067413487002176,0.758548465776254,0.7800760185846962,0.005841872189834768,1.6967370343162842,True,True,True,True,True,True,True,True,True
run-04,outer-context-02,2,2633,True,2,sealed-run04-retrospective,outer_once,814096606,81,False,0.2309690210480678,0.08199001434724136,0.22569291525207408,0.07137894146927536,0.6450172669252552,0.6837342395548706,0.004568666530839206,1.700736850214754,True,True,True,True,True,True,True,True,True
run-04,outer-context-02,2,2633,True,2,sealed-run04-retrospective,outer_once,814096606,82,True,0.4261369785184218,0.22017214700480406,0.4160044511605428,0.21351687754926796,0.4833301072103836,0.4867437669149642,0.07234415434334968,3.365115714965856,True,True,True,True,True,False,True,False,False
run-04,outer-context-02,2,2633,True,2,sealed-run04-retrospective,outer_once,814096606,83,True,0.46064667322246455,0.23574194858090422,0.4499568050262419,0.22940162329569486,0.48823694539729134,0.49016967688194885,0.07434880251432334,3.6128807491750368,True,True,True,True,True,False,True,False,False
run-04,outer-context-02,2,2633,True,2,sealed-run04-retrospective,outer_once,814096606,84,True,0.4687686746934795,0.24032032042738607,0.457199001133725,0.23343624826105927,0.48733707391064945,0.48942091368921853,0.07697046669645327,3.584794648116477,True,True,True,True,True,False,True,False,False
run-04,outer-context-02,2,2633,True,2,sealed-run04-retrospective,outer_once,814096606,85,True,0.456708577232845,0.22605765082443163,0.4443309476284809,0.21849184254660825,0.5050286723448594,0.5082677816776874,0.07289369513828436,3.3715187411844036,True,True,True,True,True,False,True,False,False
run-04,outer-context-02,2,2633,True,2,sealed-run04-retrospective,outer_once,814096606,86,True,0.4108165178069619,0.1821885160985652,0.3983492314389022,0.17364121932950213,0.5565209571632327,0.5640980184591249,0.060271574500785935,2.714910367806772,True,True,True,True,True,False,True,False,False
run-04,outer-context-02,2,2633,True,2,sealed-run04-retrospective,outer_once,814096606,87,True,0.3868728847722804,0.1630105866326415,0.37035068208919414,0.14726738809601675,0.5786456144927495,0.6023569140867701,0.035497476083243794,2.067993813553759,True,True,True,True,True,False,True,False,False
run-04,outer-context-02,2,2633,True,2,sealed-run04-retrospective,outer_once,814096606,88,True,0.3524141983328393,0.1298432100589158,0.34096230237671454,0.11750162626088613,0.631560786503032,0.6553823532929349,0.04052439028613117,2.0103911323980985,True,True,True,True,True,False,True,False,False
run-04,outer-context-02,2,2633,True,2,sealed-run04-retrospective,outer_once,814096606,89,True,0.34966758191849806,0.11533571823383176,0.34327271145641475,0.10046406363541951,0.6701561019725453,0.7073345468995271,0.03768282656765447,1.8926773617521953,True,True,True,True,True,True,True,True,True
run-04,outer-context-02,2,2633,True,2,sealed-run04-retrospective,outer_once,814096606,90,False,0.14111943400146953,0.06897983932432676,0.11126929185840691,0.02810768502686312,0.5111953232209786,0.7473904564555791,0.021278899929172614,1.09871517987132,True,True,True,True,True,True,True,True,True
run-04,outer-context-02,2,2633,True,2,sealed-run04-retrospective,outer_once,814096606,91,True,0.2926679109764916,0.06986135363795092,0.2812355396101207,0.041033127643072126,0.7612947951661072,0.8540969334816051,0.01405851373077306,1.3238216028509886,True,True,True,True,True,True,True,True,True
run-04,outer-context-02,2,2633,True,2,sealed-run04-retrospective,outer_once,814096606,92,False,0.2967280486221843,0.11148076025912386,0.2880191677477233,0.0964210655541102,0.6242998908368476,0.6652269142081347,0.005434077470669513,1.7151471973728387,True,True,True,True,True,True,True,True,True
run-04,outer-context-02,2,2633,True,2,sealed-run04-retrospective,outer_once,814096606,93,False,0.2270178979717515,0.09448489554929664,0.22259462250126905,0.08752326202279267,0.5837997955515662,0.6068042388477121,0.0024175670537772472,2.0001629295776877,True,True,True,True,True,False,True,False,False
run-04,outer-context-02,2,2633,True,2,sealed-run04-retrospective,outer_once,814096606,94,False,0.35483540896611687,0.10607526290011209,0.3519447152061355,0.10095703836890828,0.7010578419747246,0.7131451787540628,0.006836325141008603,2.1352427914870056,True,True,True,True,True,False,True,False,False
run-04,outer-context-02,2,2633,True,2,sealed-run04-retrospective,outer_once,814096606,95,False,0.33556217339066385,0.09515693987510403,0.33192757941172973,0.08696563339558175,0.7164253082711988,0.737998169511224,0.0040357186711861585,1.9147839308548753,True,True,True,True,True,True,True,True,True
run-04,outer-context-03,3,3694,True,0,sealed-run04-retrospective,outer_once,350137467,0,True,0.40673484382989444,0.11952521905423912,0.3977371161420837,0.10783962184189548,0.7061347930539552,0.7288670896799786,0.000993578636158215,2.9306807958690193,True,True,True,True,True,False,True,False,False
run-04,outer-context-03,3,3694,True,0,sealed-run04-retrospective,outer_once,350137467,1,True,0.4433307671948216,0.10762719517982443,0.4343636806963312,0.09611306987034268,0.757230485353326,0.7787267348958292,0.00543186450552534,2.763849343903451,True,True,True,True,True,False,True,False,False
run-04,outer-context-03,3,3694,True,0,sealed-run04-retrospective,outer_once,350137467,2,True,0.41066296359539434,0.04498499626782255,0.402967190603905,0.025943873018040974,0.8904576252166143,0.9356179023429667,0.010547658720396421,1.4424631289839833,True,True,True,True,True,True,True,True,True
run-04,outer-context-03,3,3694,True,0,sealed-run04-retrospective,outer_once,350137467,3,True,0.3433861923343578,0.060008602619532905,0.33539259574563174,0.04334819468836945,0.825244567314745,0.8707538710209166,0.03275737304130105,1.3590062467201613,True,True,True,True,True,True,True,True,True
run-04,outer-context-03,3,3694,True,0,sealed-run04-retrospective,outer_once,350137467,4,False,0.21964710000993942,0.07807680803998075,0.21550728986557563,0.07069359135604511,0.6445352201943589,0.6719665891574211,0.012976450451208873,1.7738679615778854,True,True,True,True,True,True,True,True,True
run-04,outer-context-03,3,3694,True,0,sealed-run04-retrospective,outer_once,350137467,5,True,0.3221802312860724,0.11379558209452637,0.31818657383362337,0.10291253903677747,0.6467952684735513,0.6765654257599524,0.0383123620439218,2.158404828824594,True,True,True,True,True,False,True,False,False
run-04,outer-context-03,3,3694,True,0,sealed-run04-retrospective,outer_once,350137467,6,True,0.3176279378729156,0.1346936536757909,0.3139531806012237,0.12694039481340733,0.5759388970069678,0.5956709386720812,0.04427529320752582,2.215748416149945,True,True,True,True,True,False,True,False,False
run-04,outer-context-03,3,3694,True,0,sealed-run04-retrospective,outer_once,350137467,7,True,0.27417749136706937,0.07914953966177309,0.27000313063683595,0.06924955222909839,0.7113200676425786,0.7435231507658273,0.006978528899313479,1.8458102103563576,True,True,True,True,True,True,True,True,True
run-04,outer-context-03,3,3694,True,0,sealed-run04-retrospective,outer_once,350137467,8,True,0.3404126096206471,0.07185091561510862,0.3359618009307367,0.06261104004461601,0.7889299233210584,0.8136364316682414,0.0039179812839125975,1.8252372825069982,True,True,True,True,True,True,True,True,True
run-04,outer-context-03,3,3694,True,0,sealed-run04-retrospective,outer_once,350137467,9,False,0.263465108540607,0.0979073918877504,0.25570805028244165,0.087147558139704,0.6283857379442703,0.6591911829000089,0.003582605654614083,1.7136824624988725,True,True,True,True,True,True,True,True,True
run-04,outer-context-03,3,3694,True,0,sealed-run04-retrospective,outer_once,350137467,10,True,0.35704252652014146,0.09762560682637918,0.35282490878990747,0.08803934617241917,0.7265714877780198,0.7504729853842521,0.028322638774680976,1.8264526225491213,True,True,True,True,True,True,True,True,True
run-04,outer-context-03,3,3694,True,0,sealed-run04-retrospective,outer_once,350137467,11,False,0.33843540849330767,0.14691238617114613,0.3331591161601026,0.13533681931434963,0.5659071643088692,0.593777229108411,0.004599965642799235,1.8287388735394623,True,True,True,True,True,True,True,True,True
run-04,outer-context-03,3,3694,True,0,sealed-run04-retrospective,outer_once,350137467,12,True,0.3357009435084449,0.08954841220734558,0.33038131180540004,0.07374726857124578,0.733249447346004,0.7767813555547474,0.040184357445423195,1.6051230179330438,True,True,True,True,True,True,True,True,True
run-04,outer-context-03,3,3694,True,0,sealed-run04-retrospective,outer_once,350137467,13,True,0.3210461746232446,0.0969358083794877,0.3162431158885242,0.08635724236684406,0.6980627210610928,0.7269276767520688,0.0020836459209159913,1.9016604983738303,True,True,True,True,True,True,True,True,True
run-04,outer-context-03,3,3694,True,0,sealed-run04-retrospective,outer_once,350137467,14,True,0.26045619593988123,0.10291310489554018,0.25493576700649445,0.09224876444932494,0.6048736543810435,0.6381489912830673,0.023787948003548363,1.8168743596576367,True,True,True,True,True,True,True,True,True
run-04,outer-context-03,3,3694,True,0,sealed-run04-retrospective,outer_once,350137467,15,True,0.33024924810581824,0.1075775855391234,0.3262577404212146,0.09847054952033382,0.6742533521086066,0.6981817216253519,0.00044280171879061475,2.0271377767831886,True,True,True,True,True,False,True,False,False
run-04,outer-context-03,3,3694,True,0,sealed-run04-retrospective,outer_once,350137467,16,True,0.31800176913310646,0.08362439943533365,0.31492075763071425,0.07471510266673027,0.7370316534297932,0.7627495144212009,0.004693546234079728,1.8732473018387779,True,True,True,True,True,True,True,True,True
run-04,outer-context-03,3,3694,True,0,sealed-run04-retrospective,outer_once,350137467,17,True,0.31749806084502535,0.09296152391326773,0.31333091073857305,0.08015424924980245,0.7072060104371996,0.7441865883552135,0.02461321724028432,1.7389190218105992,True,True,True,True,True,True,True,True,True
run-04,outer-context-03,3,3694,True,0,sealed-run04-retrospective,outer_once,350137467,18,True,0.33767474911569184,0.09294535880433125,0.33293280296419464,0.08071321043430695,0.7247488624845712,0.7575690658424328,0.01625284278844532,1.6719673461390296,True,True,True,True,True,True,True,True,True
run-04,outer-context-03,3,3694,True,0,sealed-run04-retrospective,outer_once,350137467,19,False,0.2876894961806717,0.11250940959489518,0.2800184381101371,0.09630577705067088,0.6089206902283348,0.6560734439466025,0.0028486243259593824,1.4869901551579425,True,True,True,True,True,True,True,True,True
run-04,outer-context-03,3,3694,True,0,sealed-run04-retrospective,outer_once,350137467,20,True,0.2840519454725694,0.06292546064691922,0.2782806135833186,0.039830043627695225,0.7784719955280297,0.8568709364449856,0.011308942818626867,1.287819530379163,True,True,True,True,True,True,True,True,True
run-04,outer-context-03,3,3694,True,0,sealed-run04-retrospective,outer_once,350137467,21,True,0.3411122646752529,0.07544833112118715,0.3326830395545967,0.05925311460838179,0.7788167153912927,0.8218931909251787,0.009760183577956192,1.5414524720062888,True,True,True,True,True,True,True,True,True
run-04,outer-context-03,3,3694,True,0,sealed-run04-retrospective,outer_once,350137467,22,False,0.2709164894540627,0.06763087955831114,0.26642861299904175,0.052800085912269194,0.7503626313237799,0.8018227647626605,0.0005442353440237,1.5907782526173198,True,True,True,True,True,True,True,True,True
run-04,outer-context-03,3,3694,True,0,sealed-run04-retrospective,outer_once,350137467,23,True,0.296953423038822,0.10286462311342628,0.289345119410635,0.08805867706020218,0.6536001435485108,0.6956621309543142,0.03242714567757148,1.6627034138928651,True,True,True,True,True,True,True,True,True
run-04,outer-context-03,3,3694,True,0,sealed-run04-retrospective,outer_once,350137467,24,False,0.22592778745299896,0.08114964428752044,0.2186231112112634,0.06777848247741529,0.6408160093879445,0.6899756750240441,0.023063309700228688,1.5838063647623284,True,True,True,True,True,True,True,True,True
run-04,outer-context-03,3,3694,True,0,sealed-run04-retrospective,outer_once,350137467,25,True,0.3214992118840782,0.08729058641837198,0.31561461578963546,0.07070982285813919,0.7284889567634585,0.7759615071018481,0.012831952095252439,1.5521337208292052,True,True,True,True,True,True,True,True,True
run-04,outer-context-03,3,3694,True,0,sealed-run04-retrospective,outer_once,350137467,26,True,0.27357707066238546,0.0686555687833325,0.26608577469735184,0.036122147907823296,0.7490448720095457,0.8642462268082203,0.01251876031148096,1.1147962315132627,True,True,True,True,True,True,True,True,True
run-04,outer-context-03,3,3694,True,0,sealed-run04-retrospective,outer_once,350137467,27,False,0.22136976171359266,0.10404360678535139,0.2097137621158951,0.08148725261994902,0.530000818630493,0.6114358361712269,0.019051437890652716,1.5092967890914701,True,True,True,True,True,True,True,True,True
run-04,outer-context-03,3,3694,True,0,sealed-run04-retrospective,outer_once,350137467,28,True,0.26767080609320565,0.08232850682882661,0.25768021414689174,0.05761457480215038,0.6924262752802448,0.7764105599147518,0.009071767193846909,1.3152243494093965,True,True,True,True,True,True,True,True,True
run-04,outer-context-03,3,3694,True,0,sealed-run04-retrospective,outer_once,350137467,29,True,0.2705778002131296,0.08208496549457023,0.2597001261303215,0.05839810286814532,0.6966308195649706,0.7751325587002593,0.022886145650565924,1.271362259538237,True,True,True,True,True,True,True,True,True
run-04,outer-context-03,3,3694,True,0,sealed-run04-retrospective,outer_once,350137467,30,False,0.2694760609076399,0.11321193585839087,0.26312198097587075,0.10509647786370688,0.5798812871277903,0.6005788742015263,0.029883952333313375,2.039925985064558,True,True,True,True,True,False,True,False,False
run-04,outer-context-03,3,3694,True,0,sealed-run04-retrospective,outer_once,350137467,31,True,0.3495702467345425,0.061697668135886306,0.3446243072166237,0.044261584474033014,0.8235042349506981,0.8715656918355121,0.0059055195834038544,1.5209848642206294,True,True,True,True,True,True,True,True,True
run-04,outer-context-03,3,3694,True,0,sealed-run04-retrospective,outer_once,350137467,32,True,0.33301737145936755,0.06697547349516965,0.32958697318587404,0.054699457126189295,0.7988829435483623,0.8340363498063955,0.016380896868840384,1.667005380681839,True,True,True,True,True,True,True,True,True
run-04,outer-context-03,3,3694,True,0,sealed-run04-retrospective,outer_once,350137467,33,True,0.3464866619125661,0.09664433493562345,0.3413436313922814,0.08323540168272248,0.7210734335279807,0.7561536410003616,0.016898480400599217,1.6751764607833817,True,True,True,True,True,True,True,True,True
run-04,outer-context-03,3,3694,True,0,sealed-run04-retrospective,outer_once,350137467,34,True,0.3544751409748677,0.05935463533366406,0.35110768274202825,0.04552772990030866,0.8325562825916971,0.8703311487098402,0.005069111300409345,1.4417833101562165,True,True,True,True,True,True,True,True,True
run-04,outer-context-03,3,3694,True,0,sealed-run04-retrospective,outer_once,350137467,35,True,0.21868165694451502,0.07533609496572759,0.19543740662909692,0.014351939933612745,0.655498792087339,0.9265650308139322,0.012155872665496732,1.0538226752294697,True,True,True,True,True,True,True,True,True
run-04,outer-context-03,3,3694,True,0,sealed-run04-retrospective,outer_once,350137467,36,True,0.30379983900657154,0.06743795484606678,0.29639560305017154,0.04793384852639456,0.778018464174999,0.838277464196118,0.036558663474266936,1.312706911233859,True,True,True,True,True,True,True,True,True
run-04,outer-context-03,3,3694,True,0,sealed-run04-retrospective,outer_once,350137467,37,True,0.3197872825531891,0.07043499355966354,0.31206873119741113,0.0522154333525779,0.7797442318615396,0.8326797011920204,0.03661489923124404,1.367017846675272,True,True,True,True,True,True,True,True,True
run-04,outer-context-03,3,3694,True,0,sealed-run04-retrospective,outer_once,350137467,38,False,0.3100754731413695,0.07161059371294307,0.3063570241129374,0.05731128851462288,0.7690543112376567,0.8129264746562648,0.00419693803854965,1.653213873823956,True,True,True,True,True,True,True,True,True
run-04,outer-context-03,3,3694,True,0,sealed-run04-retrospective,outer_once,350137467,39,False,0.26912751136573154,0.07909821519000317,0.26398312880361174,0.06818859856200174,0.7060939077220075,0.7416933465746967,0.022819124032420136,1.750698102269769,True,True,True,True,True,True,True,True,True
run-04,outer-context-03,3,3694,True,0,sealed-run04-retrospective,outer_once,350137467,40,True,0.353452623165097,0.10075919278116706,0.34855191265938923,0.09138032078913615,0.7149287169553622,0.7378286634782161,0.022320857096698656,1.864399541574841,True,True,True,True,True,True,True,True,True
run-04,outer-context-03,3,3694,True,0,sealed-run04-retrospective,outer_once,350137467,41,False,0.3537856173488303,0.07330604685161499,0.34959616838627233,0.06579755421520574,0.7927952882851771,0.8117898301948626,0.000803220864375486,1.8799012006544409,True,True,True,True,True,True,True,True,True
run-04,outer-context-03,3,3694,True,0,sealed-run04-retrospective,outer_once,350137467,42,True,0.23706208328693243,0.09361340367009492,0.21079466353318974,0.05140827380071804,0.6051101788522282,0.7561215595354777,0.02195344557940339,1.3003711443605135,True,True,True,True,True,True,True,True,True
run-04,outer-context-03,3,3694,True,0,sealed-run04-retrospective,outer_once,350137467,43,True,0.32901820652774916,0.0687924166017562,0.3221849951423028,0.038104818258998495,0.7909160793022733,0.8817300034653435,0.02605502973456545,1.231567733845061,True,True,True,True,True,True,True,True,True
run-04,outer-context-03,3,3694,True,0,sealed-run04-retrospective,outer_once,350137467,44,True,0.33738492791283314,0.06630994884488725,0.3294042067995759,0.028196349206378396,0.8034590660137043,0.9144019759786057,0.004261859118793608,1.1817864531844036,True,True,True,True,True,True,True,True,True
run-04,outer-context-03,3,3694,True,0,sealed-run04-retrospective,outer_once,350137467,45,True,0.3251222703121861,0.05866790181912034,0.3177571641716581,0.019563631229577248,0.8195512667809967,0.938432131717387,0.012766661215145856,1.090434822719024,True,True,True,True,True,True,True,True,True
run-04,outer-context-03,3,3694,True,0,sealed-run04-retrospective,outer_once,350137467,46,True,0.34883232019491256,0.06306345947952488,0.3430139479689264,0.043849845059779576,0.8192155490515106,0.8721630845642699,0.0014995671568241783,1.406728059845725,True,True,True,True,True,True,True,True,True
run-04,outer-context-03,3,3694,True,0,sealed-run04-retrospective,outer_once,350137467,47,True,0.36449893918765014,0.066880973898298,0.36029895166622006,0.05479748757521916,0.8165125691521792,0.8479110546344764,0.0008953526212852176,1.58244883667089,True,True,True,True,True,True,True,True,True
run-04,outer-context-03,3,3694,True,0,sealed-run04-retrospective,outer_once,350137467,48,True,0.3710604111970798,0.0570626245239469,0.36812037700938655,0.04847732922422435,0.8462174276693736,0.8683112040195801,0.003864764109746509,1.6453407415887924,True,True,True,True,True,True,True,True,True
run-04,outer-context-03,3,3694,True,0,sealed-run04-retrospective,outer_once,350137467,49,False,0.3327248227767013,0.07599148231544875,0.32563320518780087,0.0641049214720283,0.7716086173514974,0.8031376393723196,0.007053427220495651,1.5866516413276333,True,True,True,True,True,True,True,True,True
run-04,outer-context-03,3,3694,True,0,sealed-run04-retrospective,outer_once,350137467,50,True,0.25627367210446894,0.06900736382752752,0.24335239486603055,0.021508095548283267,0.730727845506514,0.9116174896896996,0.020994496325404347,1.0548188144592225,True,True,True,True,True,True,True,True,True
run-04,outer-context-03,3,3694,True,0,sealed-run04-retrospective,outer_once,350137467,51,True,0.2677805323374471,0.0690394609626372,0.26030449067905675,0.04725612652723983,0.7421789389990597,0.818458273985352,0.01479617269403914,1.3534825239788897,True,True,True,True,True,True,True,True,True
run-04,outer-context-03,3,3694,True,0,sealed-run04-retrospective,outer_once,350137467,52,True,0.3264326520298746,0.07798063495736904,0.31852308349719943,0.06302371222345016,0.7611126384800735,0.8021376927176322,0.021551899740700754,1.614485197921455,True,True,True,True,True,True,True,True,True
run-04,outer-context-03,3,3694,True,0,sealed-run04-retrospective,outer_once,350137467,53,True,0.3039686234735586,0.07177927557223829,0.2973093443015236,0.05705141197313238,0.763859589348431,0.8081075719057378,0.0060076569374696315,1.5247970632722552,True,True,True,True,True,True,True,True,True
run-04,outer-context-03,3,3694,True,0,sealed-run04-retrospective,outer_once,350137467,54,True,0.30840578281276054,0.0592359498589071,0.29714498960181746,0.023449892822111417,0.8079285371413725,0.9210826578178722,0.013586908979015978,1.1219640256632475,True,True,True,True,True,True,True,True,True
run-04,outer-context-03,3,3694,True,0,sealed-run04-retrospective,outer_once,350137467,55,True,0.34269725534599754,0.051160449518104195,0.33676860781192547,0.03478138022786865,0.8507124036740502,0.89672024226411,0.0039874413086220094,1.3866311145209687,True,True,True,True,True,True,True,True,True
run-04,outer-context-03,3,3694,True,0,sealed-run04-retrospective,outer_once,350137467,56,True,0.33597075346443955,0.04844751631798333,0.3329447204052349,0.03874120994834771,0.8557984115628946,0.8836407139864092,0.0012085558254259574,1.5099370328390933,True,True,True,True,True,True,True,True,True
run-04,outer-context-03,3,3694,True,0,sealed-run04-retrospective,outer_once,350137467,57,True,0.3111478894695723,0.050199659839144525,0.30484888853077124,0.018326724467548836,0.8386630231536453,0.9398825937799049,0.01832672446754877,1.0101999625332627,True,True,True,True,True,True,True,True,True
run-04,outer-context-03,3,3694,True,0,sealed-run04-retrospective,outer_once,350137467,58,True,0.28956368633743096,0.07807286291563272,0.2772136658697835,0.03091358460829934,0.7303775763351288,0.8884846296761557,0.028427270514818664,1.1160596582312068,True,True,True,True,True,True,True,True,True
run-04,outer-context-03,3,3694,True,0,sealed-run04-retrospective,outer_once,350137467,59,True,0.29493337272415865,0.06576238355447554,0.2849398777481794,0.019576158447942832,0.7770263061549806,0.9312972315330198,0.007902642755146712,1.066076744424102,True,True,True,True,True,True,True,True,True
run-04,outer-context-03,3,3694,True,0,sealed-run04-retrospective,outer_once,350137467,60,True,0.2816025063931812,0.07392759572878345,0.26901043414851156,0.04076520055201401,0.7374753631433817,0.8484623814646947,0.03526173029440943,1.1224098700796632,True,True,True,True,True,True,True,True,True
run-04,outer-context-03,3,3694,True,0,sealed-run04-retrospective,outer_once,350137467,61,True,0.3563345723526889,0.08615881252888496,0.34940023916555135,0.07117018053607822,0.7582081021214869,0.7963075792219001,0.039398963750103454,1.5508324732666068,True,True,True,True,True,True,True,True,True
run-04,outer-context-03,3,3694,True,0,sealed-run04-retrospective,outer_once,350137467,62,False,0.29269038883287124,0.11529104253768517,0.2878007583022364,0.10354317684279671,0.6060989805732316,0.6402261847619596,0.020817557461086662,1.7651118561774408,True,True,True,True,True,True,True,True,True
run-04,outer-context-03,3,3694,True,0,sealed-run04-retrospective,outer_once,350137467,63,True,0.2962706732328104,0.07613353001597813,0.2874639135346965,0.05038704023610436,0.7430271137361201,0.8247187286343588,0.041603347722198265,1.2624802368324806,True,True,True,True,True,True,True,True,True
run-04,outer-context-03,3,3694,True,0,sealed-run04-retrospective,outer_once,350137467,64,False,0.27124847375546385,0.054716186681637656,0.265712336379417,0.039475678110695814,0.7982802044041529,0.8514345301065452,0.011990105055675082,1.4595607536226585,True,True,True,True,True,True,True,True,True
run-04,outer-context-03,3,3694,True,0,sealed-run04-retrospective,outer_once,350137467,65,True,0.27649713198541875,0.04640281849296716,0.27286720247552126,0.03182606151317528,0.8321761308706297,0.8833642840750332,0.0046549205193159434,1.3703898759820765,True,True,True,True,True,True,True,True,True
run-04,outer-context-03,3,3694,True,0,sealed-run04-retrospective,outer_once,350137467,66,True,0.3290031687674506,0.07429505903792122,0.3118952910989878,0.04157134779774676,0.7741813268356841,0.8667137690624735,0.029971690924824122,1.1648694665377417,True,True,True,True,True,True,True,True,True
run-04,outer-context-03,3,3694,True,0,sealed-run04-retrospective,outer_once,350137467,67,True,0.3485646655441063,0.09208852950169882,0.3319089839477937,0.06449765964890761,0.7358064697752726,0.8056766680981059,0.014527942305183594,1.4181713793002058,True,True,True,True,True,True,True,True,True
run-04,outer-context-03,3,3694,True,0,sealed-run04-retrospective,outer_once,350137467,68,True,0.3734972444646205,0.08664494516080044,0.3601746432202897,0.06159843716484673,0.7680171769807852,0.8289761971745135,0.02464113256092094,1.4946347554744668,True,True,True,True,True,True,True,True,True
run-04,outer-context-03,3,3694,True,0,sealed-run04-retrospective,outer_once,350137467,69,True,0.3659043848954623,0.07663721446735933,0.3526643126419941,0.04418041992597523,0.7905539872410812,0.8747238709950649,0.004006674568355244,1.3045904253947493,True,True,True,True,True,True,True,True,True
run-04,outer-context-03,3,3694,True,0,sealed-run04-retrospective,outer_once,350137467,70,True,0.35665702218703865,0.15315941192822707,0.35134949648901936,0.14586399147179846,0.5705694759939229,0.5848464479687759,0.03930119465305922,2.8398181512584157,True,True,True,True,True,False,True,False,False
run-04,outer-context-03,3,3694,True,0,sealed-run04-retrospective,outer_once,350137467,71,True,0.3679249120925152,0.138802466392877,0.3614886995760743,0.1275788511032746,0.6227424079455242,0.6470737501534928,0.033232435770336737,2.2590847203224964,True,True,True,True,True,False,True,False,False
run-04,outer-context-03,3,3694,True,0,sealed-run04-retrospective,outer_once,350137467,72,True,0.33255800019957193,0.12754595366188126,0.3284343466436326,0.12162018662766441,0.6164700485769717,0.6296971133788626,0.012554382264842756,2.5370838782805896,True,True,True,True,True,False,True,False,False
run-04,outer-context-03,3,3694,True,0,sealed-run04-retrospective,outer_once,350137467,73,True,0.381456440029961,0.18924279294048868,0.37653364340864093,0.18271317703352108,0.5038940935808428,0.5147493982756068,0.04004553107915876,2.910116779829158,True,True,True,True,True,False,True,False,False
run-04,outer-context-03,3,3694,True,0,sealed-run04-retrospective,outer_once,350137467,74,True,0.3961407597768708,0.1859442009398144,0.3916083120374167,0.18008757458899127,0.5306107832868578,0.5401334214484584,0.049878768225413234,3.0057872091774716,True,True,True,True,True,False,True,False,False
run-04,outer-context-03,3,3694,True,0,sealed-run04-retrospective,outer_once,350137467,75,True,0.3503226504678369,0.12472111706875183,0.3443228868508991,0.11731282894663041,0.6439821493066648,0.6592941293576283,0.03642147684097272,2.142467073265803,True,True,True,True,True,False,True,False,False
run-04,outer-context-03,3,3694,True,0,sealed-run04-retrospective,outer_once,350137467,76,True,0.3982124176159266,0.08233518859325237,0.3856276500599577,0.06410539147261891,0.7932380183265302,0.8337634983833453,0.026388567445310648,1.4919741339138148,True,True,True,True,True,True,True,True,True
run-04,outer-context-03,3,3694,True,0,sealed-run04-retrospective,outer_once,350137467,77,True,0.4162977521956458,0.09256669927243262,0.40406750832244615,0.07383706332538023,0.7776430480726463,0.8172655266642765,0.02788915468536331,1.5597153834242816,True,True,True,True,True,True,True,True,True
run-04,outer-context-03,3,3694,True,0,sealed-run04-retrospective,outer_once,350137467,78,True,0.3950722631349243,0.0758171962535957,0.3856236270747312,0.05645732860775702,0.8080928393909982,0.8535947368266001,0.0038738241317086675,1.5004530929840703,True,True,True,True,True,True,True,True,True
run-04,outer-context-03,3,3694,True,0,sealed-run04-retrospective,outer_once,350137467,79,True,0.313715021178017,0.06797718090144075,0.30493677888826975,0.04182338275142146,0.7833155051161313,0.8628457252552479,0.002374587937206695,1.2998021862822635,True,True,True,True,True,True,True,True,True
run-04,outer-context-03,3,3694,True,0,sealed-run04-retrospective,outer_once,350137467,80,True,0.34151872199677613,0.08598929750169837,0.3368107117861379,0.07799797322643398,0.748214982186218,0.7684219340507206,0.006618157725398599,1.7629132842251194,True,True,True,True,True,True,True,True,True
run-04,outer-context-03,3,3694,True,0,sealed-run04-retrospective,outer_once,350137467,81,False,0.26052547268200316,0.09014376842825753,0.25500091162864863,0.07973257525360855,0.6539924963948273,0.6873243521194894,0.0009062517418071091,1.7817218565949535,True,True,True,True,True,True,True,True,True
run-04,outer-context-03,3,3694,True,0,sealed-run04-retrospective,outer_once,350137467,82,True,0.3995049355847356,0.21214632371721073,0.3951141211290293,0.20673858956210164,0.4689769641851792,0.4767623364830622,0.06144867328938139,3.3648076867922434,True,True,True,True,True,False,True,False,False
run-04,outer-context-03,3,3694,True,0,sealed-run04-retrospective,outer_once,350137467,83,True,0.4184351938188628,0.2263293720400206,0.41427309532791706,0.22111168390420188,0.4591053157493326,0.46626588499747645,0.06408176176503556,3.6036937039072643,True,True,True,True,True,False,True,False,False
run-04,outer-context-03,3,3694,True,0,sealed-run04-retrospective,outer_once,350137467,84,True,0.42247075444157645,0.22962510924866886,0.41796484898873604,0.22418248675520253,0.4564709939456324,0.46363315647808423,0.06554610080582153,3.5691493321185392,True,True,True,True,True,False,True,False,False
run-04,outer-context-03,3,3694,True,0,sealed-run04-retrospective,outer_once,350137467,85,True,0.4061792117696936,0.2150398018933142,0.4018104014979027,0.20881803005269256,0.47057900635435956,0.480307057074075,0.06065946200732436,3.347307366128693,True,True,True,True,True,False,True,False,False
run-04,outer-context-03,3,3694,True,0,sealed-run04-retrospective,outer_once,350137467,86,True,0.3590627580987929,0.17287569253635332,0.3544956548174303,0.16483584460455752,0.518536276355377,0.5350130745905756,0.04758692650477875,2.6893909951126247,True,True,True,True,True,False,True,False,False
run-04,outer-context-03,3,3694,True,0,sealed-run04-retrospective,outer_once,350137467,87,True,0.3433030628568518,0.15440794046383777,0.33559726266442413,0.13860493266908755,0.5502284798192385,0.5869902764740854,0.020861918957058932,2.037371436806167,True,True,True,True,True,False,True,False,False
run-04,outer-context-03,3,3694,True,0,sealed-run04-retrospective,outer_once,350137467,88,True,0.32112073132036384,0.12943610297491562,0.31457319868659567,0.11412547178472653,0.5969238658534799,0.6372053555063731,0.02863486052142658,2.0140829856669686,True,True,True,True,True,False,True,False,False
run-04,outer-context-03,3,3694,True,0,sealed-run04-retrospective,outer_once,350137467,89,True,0.3355808877212023,0.11982959586283116,0.3297261870949941,0.09892141525299597,0.6429188900579328,0.699989205817927,0.04805303813647594,1.8508499587122933,True,True,True,True,True,True,True,True,True
run-04,outer-context-03,3,3694,True,0,sealed-run04-retrospective,outer_once,350137467,90,False,0.14340080857548754,0.07170334142163216,0.12277429557565286,0.026909870761813184,0.49997951801027085,0.7808183656388281,0.022154520450088512,1.0574263476689236,True,True,True,True,True,True,True,True,True
run-04,outer-context-03,3,3694,True,0,sealed-run04-retrospective,outer_once,350137467,91,True,0.3044789715696524,0.06963321983805021,0.2976876516268981,0.04410790499430563,0.7713036815676416,0.8518315934394635,0.012593886565637728,1.3367877484899562,True,True,True,True,True,True,True,True,True
run-04,outer-context-03,3,3694,True,0,sealed-run04-retrospective,outer_once,350137467,92,False,0.3103952169236636,0.11388264350222983,0.30300289565196975,0.1003115350696301,0.6331043866238528,0.6689419919443664,0.004154833846715534,1.7351004080628434,True,True,True,True,True,True,True,True,True
run-04,outer-context-03,3,3694,True,0,sealed-run04-retrospective,outer_once,350137467,93,False,0.2391326584528053,0.09554077312383086,0.23497725749043694,0.08725407128942655,0.600469573073029,0.6286701435649464,0.0028594795140139727,2.0086392286514365,True,True,True,True,True,False,True,False,False
run-04,outer-context-03,3,3694,True,0,sealed-run04-retrospective,outer_once,350137467,94,False,0.3741409638203573,0.11237812027351939,0.3711021305162106,0.10732823367401718,0.699636952003263,0.7107851859413434,0.005691366754593072,2.1974989108662615,True,True,True,True,True,False,True,False,False
run-04,outer-context-03,3,3694,True,0,sealed-run04-retrospective,outer_once,350137467,95,False,0.3503731037933642,0.10191794426732136,0.3463003029916785,0.09430592124812119,0.7091159590622332,0.727675891607905,0.004480373480277571,1.9791116380081435,True,True,True,True,True,True,True,True,True
run-04,outer-context-03,3,3694,True,1,sealed-run04-retrospective,outer_once,1444252198,0,True,0.39274207263342603,0.1142258280991799,0.38449254071233324,0.10290114080639942,0.7091581573288814,0.7323715549441902,0.00014782929269370698,2.8616399519140776,True,True,True,True,True,False,True,False,False
run-04,outer-context-03,3,3694,True,1,sealed-run04-retrospective,outer_once,1444252198,1,True,0.43090139912093384,0.10384909912276245,0.4220822138844684,0.09233033377033885,0.7589956789775545,0.7812503566056178,0.006445798865931868,2.712188015971401,True,True,True,True,True,False,True,False,False
run-04,outer-context-03,3,3694,True,1,sealed-run04-retrospective,outer_once,1444252198,2,True,0.39959783429666046,0.04517513874292914,0.3913986834800067,0.027040815568361052,0.8869484895421349,0.9309123491986852,0.011298401370606176,1.4573543684732355,True,True,True,True,True,True,True,True,True
run-04,outer-context-03,3,3694,True,1,sealed-run04-retrospective,outer_once,1444252198,3,True,0.33237284461622374,0.061433515927503395,0.32469774997619427,0.04516390638630904,0.8151668617860826,0.860904775627117,0.03312546616136162,1.377263053428608,True,True,True,True,True,True,True,True,True
run-04,outer-context-03,3,3694,True,1,sealed-run04-retrospective,outer_once,1444252198,4,False,0.20994608401766154,0.0774388162537839,0.20543624313202852,0.0694651701541291,0.6311490323045539,0.6618650677451998,0.012938717076882286,1.763161571585676,True,True,True,True,True,True,True,True,True
run-04,outer-context-03,3,3694,True,1,sealed-run04-retrospective,outer_once,1444252198,5,True,0.32945574697139085,0.11826290285795334,0.32563865431726763,0.10865688876482361,0.6410355443936967,0.6663268094120058,0.03834939975540353,2.218431265617219,True,True,True,True,True,False,True,False,False
run-04,outer-context-03,3,3694,True,1,sealed-run04-retrospective,outer_once,1444252198,6,True,0.33864257756324856,0.13600610282648545,0.33504543776895124,0.12785214173266574,0.5983786096682321,0.6184035736047445,0.044656791224136363,2.2297285507806426,True,True,True,True,True,False,True,False,False
run-04,outer-context-03,3,3694,True,1,sealed-run04-retrospective,outer_once,1444252198,7,True,0.28896380416399375,0.07998088434733264,0.2848750294475901,0.07037396649019412,0.7232148691469275,0.752965478839411,0.006589008239742289,1.864497114034927,True,True,True,True,True,True,True,True,True
run-04,outer-context-03,3,3694,True,1,sealed-run04-retrospective,outer_once,1444252198,8,True,0.35358687752069246,0.07259953320672251,0.3492643586416768,0.06325283071874341,0.7946769582746354,0.8188969783096681,0.0042256158709586935,1.8317100628440375,True,True,True,True,True,True,True,True,True
run-04,outer-context-03,3,3694,True,1,sealed-run04-retrospective,outer_once,1444252198,9,False,0.2709317122902356,0.09392574706406379,0.2638610289001854,0.08206770965022682,0.6533231703660964,0.6889737374545304,0.003997767241882615,1.6630878536244031,True,True,True,True,True,True,True,True,True
run-04,outer-context-03,3,3694,True,1,sealed-run04-retrospective,outer_once,1444252198,10,True,0.33842865975706155,0.09652962805609658,0.3345459637671637,0.08654637693171288,0.7147711186003288,0.741301984465288,0.02761455924678627,1.820191532192481,True,True,True,True,True,True,True,True,True
run-04,outer-context-03,3,3694,True,1,sealed-run04-retrospective,outer_once,1444252198,11,False,0.3248197516706612,0.14607441687173459,0.3192189885035183,0.1343112084627841,0.5502908424736398,0.5792505668524672,0.004818531928807193,1.8266939168677407,True,True,True,True,True,True,True,True,True
run-04,outer-context-03,3,3694,True,1,sealed-run04-retrospective,outer_once,1444252198,12,True,0.3269041271815008,0.09439245973143125,0.3218419095906529,0.07973042464885165,0.7112533862901539,0.7522683582437729,0.0398148836955529,1.6582268493259777,True,True,True,True,True,True,True,True,True
run-04,outer-context-03,3,3694,True,1,sealed-run04-retrospective,outer_once,1444252198,13,True,0.33731105098010483,0.09813407389199313,0.33254463192373346,0.08808671962776234,0.709069496517085,0.735113091081367,0.0025279876857448712,1.9273872255755116,True,True,True,True,True,True,True,True,True
run-04,outer-context-03,3,3694,True,1,sealed-run04-retrospective,outer_once,1444252198,14,True,0.28598643149865294,0.10250566143917295,0.28118229505433706,0.09203596915281552,0.6415715916940075,0.672682203781607,0.023990017319666095,1.8142529855849396,True,True,True,True,True,True,True,True,True
run-04,outer-context-03,3,3694,True,1,sealed-run04-retrospective,outer_once,1444252198,15,True,0.3594955970197252,0.10983182829475703,0.3556705827023551,0.10025258917228333,0.694483523010351,0.718130781549116,0.0002897758874019116,2.045250957390554,True,True,True,True,True,False,True,False,False
run-04,outer-context-03,3,3694,True,1,sealed-run04-retrospective,outer_once,1444252198,16,True,0.3234013934009339,0.08673780556611453,0.3206153131163574,0.07833217182294198,0.7317952014554799,0.7556817512502475,0.003986806734877869,1.9100728985265154,True,True,True,True,True,True,True,True,True
run-04,outer-context-03,3,3694,True,1,sealed-run04-retrospective,outer_once,1444252198,17,True,0.30336158173350264,0.0948346230686635,0.2989231910032596,0.08217759533445677,0.6873874980254622,0.7250879228920024,0.02359350456636738,1.740965744725447,True,True,True,True,True,True,True,True,True
run-04,outer-context-03,3,3694,True,1,sealed-run04-retrospective,outer_once,1444252198,18,True,0.31756595730348136,0.09153334424644513,0.31256437488814587,0.07981337454283267,0.7117658799964776,0.7446498035120137,0.01589249181952443,1.6778782118867361,True,True,True,True,True,True,True,True,True
run-04,outer-context-03,3,3694,True,1,sealed-run04-retrospective,outer_once,1444252198,19,False,0.27329172921585626,0.11081765167534138,0.2644512458552725,0.09210659034201991,0.594507847005449,0.6517067255851481,0.003320030649373226,1.4731520904510005,True,True,True,True,True,True,True,True,True
run-04,outer-context-03,3,3694,True,1,sealed-run04-retrospective,outer_once,1444252198,20,True,0.2961649355874482,0.06710975716972148,0.2907648274719566,0.046634097295826335,0.7734041099882127,0.8396157551059917,0.010311020252398542,1.3242548160496581,True,True,True,True,True,True,True,True,True
run-04,outer-context-03,3,3694,True,1,sealed-run04-retrospective,outer_once,1444252198,21,True,0.36865526188577685,0.08117617100986839,0.3625032493499116,0.06466248321356759,0.7798046592509513,0.821622334890711,0.008788652785665617,1.5838323524450924,True,True,True,True,True,True,True,True,True
run-04,outer-context-03,3,3694,True,1,sealed-run04-retrospective,outer_once,1444252198,22,False,0.2651955735274768,0.0636393492466159,0.26091338482732307,0.04932297698487952,0.7600286143538431,0.8109603421935508,2.9772980877165202e-05,1.5378841236030547,True,True,True,True,True,True,True,True,True
run-04,outer-context-03,3,3694,True,1,sealed-run04-retrospective,outer_once,1444252198,23,True,0.28946348476931927,0.10375046482823046,0.2822860166661483,0.08981844546923816,0.6415766744779162,0.6818175886641105,0.033678482069048034,1.6506683761699505,True,True,True,True,True,True,True,True,True
run-04,outer-context-03,3,3694,True,1,sealed-run04-retrospective,outer_once,1444252198,24,False,0.22302721142467632,0.08106909868515727,0.21511375375797948,0.06725512970329008,0.6365057960089457,0.6873508619120766,0.023242296502582045,1.5814494387587759,True,True,True,True,True,True,True,True,True
run-04,outer-context-03,3,3694,True,1,sealed-run04-retrospective,outer_once,1444252198,25,True,0.30097089251454273,0.08541007479238076,0.29394324539071837,0.06548892013812015,0.7162181562515924,0.7772055620768892,0.012580174378896325,1.524457445173124,True,True,True,True,True,True,True,True,True
run-04,outer-context-03,3,3694,True,1,sealed-run04-retrospective,outer_once,1444252198,26,True,0.2595060956665752,0.06814113784257413,0.2513583351227251,0.03009359014634421,0.7374198950219464,0.8802761399113695,0.013286136038401944,1.0900215511490297,True,True,True,True,True,True,True,True,True
run-04,outer-context-03,3,3694,True,1,sealed-run04-retrospective,outer_once,1444252198,27,False,0.24441755074287513,0.11101082255560306,0.2329763910143143,0.09058218073303033,0.545814847509108,0.6111958798114231,0.02018359758027451,1.5526777773035578,True,True,True,True,True,True,True,True,True
run-04,outer-context-03,3,3694,True,1,sealed-run04-retrospective,outer_once,1444252198,28,True,0.2959296816745312,0.08279958808853334,0.2869541624301501,0.058280646285708435,0.7202051932742664,0.796899108233375,0.01049067845907501,1.3219683626740455,True,True,True,True,True,True,True,True,True
run-04,outer-context-03,3,3694,True,1,sealed-run04-retrospective,outer_once,1444252198,29,True,0.29402533057109387,0.08473192959664474,0.2839813067576613,0.0633358509671191,0.7118209868786901,0.7769717602533343,0.024529309396661304,1.2839942120603798,True,True,True,True,True,True,True,True,True
run-04,outer-context-03,3,3694,True,1,sealed-run04-retrospective,outer_once,1444252198,30,False,0.2816994597704313,0.11090216814629686,0.2754641923378486,0.10296886346015854,0.6063103271952467,0.6261987353555183,0.030798250827015802,2.0048404387724506,True,True,True,True,True,False,True,False,False
run-04,outer-context-03,3,3694,True,1,sealed-run04-retrospective,outer_once,1444252198,31,True,0.36596771261681366,0.06070856730321034,0.3606640791185882,0.04192803815960399,0.8341149636695541,0.8837476738407934,0.005999402729837683,1.4936471318328144,True,True,True,True,True,True,True,True,True
run-04,outer-context-03,3,3694,True,1,sealed-run04-retrospective,outer_once,1444252198,32,True,0.33175170496091283,0.06661537163781958,0.32842231413178,0.05342441358088648,0.7992011174572012,0.8373301347622506,0.01656183175362158,1.6476745127796175,True,True,True,True,True,True,True,True,True
run-04,outer-context-03,3,3694,True,1,sealed-run04-retrospective,outer_once,1444252198,33,True,0.3517058126886426,0.09695344697918458,0.34668586656264333,0.08286304375838849,0.7243336803619583,0.7609852268280576,0.016955816137129133,1.6737056218600608,True,True,True,True,True,True,True,True,True
run-04,outer-context-03,3,3694,True,1,sealed-run04-retrospective,outer_once,1444252198,34,True,0.3580792994719639,0.058293831549610126,0.3545905383427441,0.04322391536840493,0.8372041287067634,0.8781018930442384,0.006047906131084602,1.4241708521644296,True,True,True,True,True,True,True,True,True
run-04,outer-context-03,3,3694,True,1,sealed-run04-retrospective,outer_once,1444252198,35,True,0.22978412191264158,0.07469014129485459,0.20634204153276073,0.013034687286040335,0.674955168037024,0.9368297066888773,0.011545686885708131,1.0456806251635609,True,True,True,True,True,True,True,True,True
run-04,outer-context-03,3,3694,True,1,sealed-run04-retrospective,outer_once,1444252198,36,True,0.3254150976078833,0.07125856786377918,0.31708749094179983,0.04960239371070577,0.7810225512350262,0.8435687463943189,0.03606486637622829,1.343502921758278,True,True,True,True,True,True,True,True,True
run-04,outer-context-03,3,3694,True,1,sealed-run04-retrospective,outer_once,1444252198,37,True,0.34120122369402883,0.07243438415166056,0.3330206401650068,0.053916637203103676,0.7877077245871313,0.83809821164121,0.03625559726112024,1.396761116274524,True,True,True,True,True,True,True,True,True
run-04,outer-context-03,3,3694,True,1,sealed-run04-retrospective,outer_once,1444252198,38,False,0.31695999766814265,0.07324323725538207,0.31286257169992027,0.0584595905027892,0.7689196182665682,0.8131461037823973,0.003929781978729867,1.6659126223418776,True,True,True,True,True,True,True,True,True
run-04,outer-context-03,3,3694,True,1,sealed-run04-retrospective,outer_once,1444252198,39,False,0.2603300264103926,0.08089853658229872,0.25533722620247723,0.07066563103301143,0.6892462321854196,0.7232458733730622,0.02220636842933709,1.8002747299215316,True,True,True,True,True,True,True,True,True
run-04,outer-context-03,3,3694,True,1,sealed-run04-retrospective,outer_once,1444252198,40,True,0.35669736116006373,0.1043685065282547,0.35182087218358277,0.09433597321042654,0.7074031997634528,0.7318636253019084,0.02314228048773917,1.8901177255106278,True,True,True,True,True,True,True,True,True
run-04,outer-context-03,3,3694,True,1,sealed-run04-retrospective,outer_once,1444252198,41,False,0.36795846740621063,0.07803633973188953,0.3639222853078695,0.07068946388014904,0.7879207936646266,0.8057567048405747,0.0005091398699961918,1.9384536946078768,True,True,True,True,True,True,True,True,True
run-04,outer-context-03,3,3694,True,1,sealed-run04-retrospective,outer_once,1444252198,42,True,0.21612038094319164,0.09282261747360378,0.1883955478346505,0.0548589615502279,0.5705050256319755,0.7088096710312067,0.021713421032344096,1.3160408112713653,True,True,True,True,True,True,True,True,True
run-04,outer-context-03,3,3694,True,1,sealed-run04-retrospective,outer_once,1444252198,43,True,0.3174578812906323,0.06673635577488432,0.3094146522977068,0.035549842282472925,0.7897788660859005,0.8851061447204244,0.026339074126896705,1.205136355140167,True,True,True,True,True,True,True,True,True
run-04,outer-context-03,3,3694,True,1,sealed-run04-retrospective,outer_once,1444252198,44,True,0.3480920774991287,0.06578481155125802,0.33852824223116645,0.02366966417919672,0.8110131893150522,0.930080680940547,0.004945879059881732,1.1475179071766368,True,True,True,True,True,True,True,True,True
run-04,outer-context-03,3,3694,True,1,sealed-run04-retrospective,outer_once,1444252198,45,True,0.34466831900444034,0.061478817230652114,0.33627856926544086,0.015608500276954807,0.8216290449663867,0.9535846119749776,0.012285104218034325,1.065882842699854,True,True,True,True,True,True,True,True,True
run-04,outer-context-03,3,3694,True,1,sealed-run04-retrospective,outer_once,1444252198,46,True,0.35475701412208904,0.06418828757916291,0.34867658733900136,0.04354636147000339,0.819064077596863,0.8751095913771079,0.0017804245873272908,1.4003163680748794,True,True,True,True,True,True,True,True,True
run-04,outer-context-03,3,3694,True,1,sealed-run04-retrospective,outer_once,1444252198,47,True,0.3686310547374095,0.06791368070693059,0.36500123652806704,0.05670357961451097,0.8157678800140477,0.8446482533761206,8.007992351606076e-05,1.5931012048326727,True,True,True,True,True,True,True,True,True
run-04,outer-context-03,3,3694,True,1,sealed-run04-retrospective,outer_once,1444252198,48,True,0.3788348378064354,0.05598110279736754,0.37579443126003076,0.04728695819986414,0.8522282081513028,0.8741680177609019,0.004631155474659695,1.6251957876737952,True,True,True,True,True,True,True,True,True
run-04,outer-context-03,3,3694,True,1,sealed-run04-retrospective,outer_once,1444252198,49,False,0.3499900632525833,0.07664206849244122,0.34404515792984797,0.06495303265906333,0.7810164443522226,0.8112078279203467,0.007069281747516143,1.6033707991136004,True,True,True,True,True,True,True,True,True
run-04,outer-context-03,3,3694,True,1,sealed-run04-retrospective,outer_once,1444252198,50,True,0.27912291280775003,0.06761137666968868,0.2664611617261524,0.020794739306092106,0.7577720295708686,0.921959586262469,0.02077099339177089,1.0265076339715165,True,True,True,True,True,True,True,True,True
run-04,outer-context-03,3,3694,True,1,sealed-run04-retrospective,outer_once,1444252198,51,True,0.2540425946852077,0.0660705787034033,0.2470762970274917,0.04270352938008678,0.7399232251376054,0.8271646050477467,0.014325310607825385,1.3233195689361639,True,True,True,True,True,True,True,True,True
run-04,outer-context-03,3,3694,True,1,sealed-run04-retrospective,outer_once,1444252198,52,True,0.3361657213457366,0.07620257170891528,0.3286481252637153,0.061506407971049955,0.7733184353126143,0.8128502698084898,0.020953484642220983,1.590912858734298,True,True,True,True,True,True,True,True,True
run-04,outer-context-03,3,3694,True,1,sealed-run04-retrospective,outer_once,1444252198,53,True,0.31647502231314467,0.07225095265481427,0.3106318905942152,0.05830382783493136,0.7717009319511995,0.8123057239119893,0.0053710484076849585,1.5272282335636478,True,True,True,True,True,True,True,True,True
run-04,outer-context-03,3,3694,True,1,sealed-run04-retrospective,outer_once,1444252198,54,True,0.3214023487471669,0.060258961659737445,0.3091307068730308,0.021496956258044916,0.8125123792821424,0.9304599776725695,0.014104832521946865,1.1132538468165463,True,True,True,True,True,True,True,True,True
run-04,outer-context-03,3,3694,True,1,sealed-run04-retrospective,outer_once,1444252198,55,True,0.34820721637757845,0.05243525851974598,0.342912807955742,0.036714942275675615,0.8494136363248492,0.8929321348638158,0.0034206740365573343,1.3981856008860805,True,True,True,True,True,True,True,True,True
run-04,outer-context-03,3,3694,True,1,sealed-run04-retrospective,outer_once,1444252198,56,True,0.3409031279307515,0.05023252144971406,0.3378693921304885,0.04028854173102056,0.8526486930330603,0.8807570538515642,0.0018388537308007304,1.5330034774575003,True,True,True,True,True,True,True,True,True
run-04,outer-context-03,3,3694,True,1,sealed-run04-retrospective,outer_once,1444252198,57,True,0.323503735870631,0.0533021911892733,0.31703511196204504,0.018286928943586415,0.8352346966076805,0.9423189159383214,0.018286928943586384,1.0277581357203045,True,True,True,True,True,True,True,True,True
run-04,outer-context-03,3,3694,True,1,sealed-run04-retrospective,outer_once,1444252198,58,True,0.3130347179153623,0.07930363909993321,0.29920648788837484,0.029657697916706072,0.7466618411272351,0.9008788274411667,0.028768689555920674,1.0929173065712672,True,True,True,True,True,True,True,True,True
run-04,outer-context-03,3,3694,True,1,sealed-run04-retrospective,outer_once,1444252198,59,True,0.31725864134629084,0.06747401982259195,0.30522323384519146,0.0178295798126196,0.7873217273570071,0.9415851159559409,0.00847767353909268,1.0328228367452892,True,True,True,True,True,True,True,True,True
run-04,outer-context-03,3,3694,True,1,sealed-run04-retrospective,outer_once,1444252198,60,True,0.29433177791242093,0.07337753621091055,0.2834616391258688,0.03929691997757705,0.7506978800204707,0.8613677670856634,0.03477136645598279,1.113332012292212,True,True,True,True,True,True,True,True,True
run-04,outer-context-03,3,3694,True,1,sealed-run04-retrospective,outer_once,1444252198,61,True,0.35284412283970645,0.08408090937951439,0.34666985268597095,0.06835077287438995,0.7617052292019852,0.8028361210390419,0.04018338149967284,1.513850501486117,True,True,True,True,True,True,True,True,True
run-04,outer-context-03,3,3694,True,1,sealed-run04-retrospective,outer_once,1444252198,62,False,0.29339803125335473,0.10735602526548665,0.2879163731278614,0.09549333654328371,0.634094254801653,0.6683296072888641,0.021101322994560873,1.7089216882872444,True,True,True,True,True,True,True,True,True
run-04,outer-context-03,3,3694,True,1,sealed-run04-retrospective,outer_once,1444252198,63,True,0.3043715778677546,0.0741723226084655,0.2960657093492449,0.048538363868391186,0.7563099579531293,0.8360554352103831,0.042035995566565544,1.2447814680735165,True,True,True,True,True,True,True,True,True
run-04,outer-context-03,3,3694,True,1,sealed-run04-retrospective,outer_once,1444252198,64,False,0.27789574088752517,0.057424335784515994,0.27233707177384403,0.042084710004505,0.7933601443436379,0.8454683024591919,0.011839131920852178,1.4899415235889917,True,True,True,True,True,True,True,True,True
run-04,outer-context-03,3,3694,True,1,sealed-run04-retrospective,outer_once,1444252198,65,True,0.2764748707995237,0.04594585714938782,0.27333439000838705,0.030855568366869538,0.8338154313391328,0.887114210670956,0.004446087612212145,1.372607041122249,True,True,True,True,True,True,True,True,True
run-04,outer-context-03,3,3694,True,1,sealed-run04-retrospective,outer_once,1444252198,66,True,0.29439793606209685,0.07437192481593097,0.27293302585370494,0.042778867036253464,0.7473762017127599,0.8432624014538153,0.03055085181133683,1.1750989565679038,True,True,True,True,True,True,True,True,True
run-04,outer-context-03,3,3694,True,1,sealed-run04-retrospective,outer_once,1444252198,67,True,0.3156109727824612,0.09188724048427746,0.2981861607740022,0.06517349958471852,0.7088591702810919,0.7814335198670938,0.014358761907184815,1.419188848816092,True,True,True,True,True,True,True,True,True
run-04,outer-context-03,3,3694,True,1,sealed-run04-retrospective,outer_once,1444252198,68,True,0.36105664617677474,0.08361389195488989,0.34670988613030307,0.06059859616799838,0.7684189092202662,0.8252181475286119,0.024690725780996993,1.4669904491765444,True,True,True,True,True,True,True,True,True
run-04,outer-context-03,3,3694,True,1,sealed-run04-retrospective,outer_once,1444252198,69,True,0.36164652679436726,0.07407116031564812,0.34781504539005326,0.04335481499572706,0.7951835429688364,0.8753509499650675,0.003966806501060704,1.293876038775791,True,True,True,True,True,True,True,True,True
run-04,outer-context-03,3,3694,True,1,sealed-run04-retrospective,outer_once,1444252198,70,True,0.3608147594894256,0.1560012231999103,0.3560798135665408,0.1503698468906377,0.5676417909825492,0.5777074656816006,0.040469691676801936,2.888132292785282,True,True,True,True,True,False,True,False,False
run-04,outer-context-03,3,3694,True,1,sealed-run04-retrospective,outer_once,1444252198,71,True,0.3731949790775272,0.14240972822130402,0.3674148447610166,0.132714664147516,0.6184039544869655,0.6387879639598131,0.03441864207148949,2.3057390203694736,True,True,True,True,True,False,True,False,False
run-04,outer-context-03,3,3694,True,1,sealed-run04-retrospective,outer_once,1444252198,72,True,0.3284274749288729,0.1325457351604736,0.3244385058561396,0.12762800706706942,0.5964231214541997,0.6066188052177093,0.013565356764850565,2.6000909085989483,True,True,True,True,True,False,True,False,False
run-04,outer-context-03,3,3694,True,1,sealed-run04-retrospective,outer_once,1444252198,73,True,0.38224880263120864,0.19446639463168006,0.3773764345969518,0.18805642085690355,0.4912570208380742,0.5016741809600462,0.03962338848180927,2.9791814329298325,True,True,True,True,True,False,True,False,False
run-04,outer-context-03,3,3694,True,1,sealed-run04-retrospective,outer_once,1444252198,74,True,0.4009406285045225,0.1925689443880982,0.39658549289085326,0.18667069029708236,0.5197070820526085,0.5293052982438338,0.049938500656448746,3.0772653785101536,True,True,True,True,True,False,True,False,False
run-04,outer-context-03,3,3694,True,1,sealed-run04-retrospective,outer_once,1444252198,75,True,0.36834934831198535,0.13120159069473175,0.36384449431883,0.1232160030977384,0.6438120732506187,0.6613498210865696,0.037179881569458915,2.19641061017821,True,True,True,True,True,False,True,False,False
run-04,outer-context-03,3,3694,True,1,sealed-run04-retrospective,outer_once,1444252198,76,True,0.356901183804207,0.08239250568616399,0.3415413605559115,0.0646574834835077,0.7691447677255008,0.8106891552511601,0.026825221946514374,1.502305008872233,True,True,True,True,True,True,True,True,True
run-04,outer-context-03,3,3694,True,1,sealed-run04-retrospective,outer_once,1444252198,77,True,0.3877905268165149,0.09002768205412358,0.37456671326313984,0.07213669894521371,0.7678445556852898,0.8074129483723335,0.0282208628127697,1.5465362181261393,True,True,True,True,True,True,True,True,True
run-04,outer-context-03,3,3694,True,1,sealed-run04-retrospective,outer_once,1444252198,78,True,0.38945482036629236,0.07419246931436185,0.3798727117079043,0.055908832632270464,0.8094965951516997,0.8528221930422302,0.003929487868757336,1.4860751407621937,True,True,True,True,True,True,True,True,True
run-04,outer-context-03,3,3694,True,1,sealed-run04-retrospective,outer_once,1444252198,79,True,0.3178562076569651,0.06889322802637,0.3085603561302347,0.04344634009101895,0.7832566224387836,0.8591966231958799,0.002627305512100349,1.3054724874823462,True,True,True,True,True,True,True,True,True
run-04,outer-context-03,3,3694,True,1,sealed-run04-retrospective,outer_once,1444252198,80,True,0.3211050507623507,0.08343012412289054,0.3161324958592104,0.07555308942069511,0.7401781008277039,0.7610081519289853,0.006897643779024799,1.7432348958024695,True,True,True,True,True,True,True,True,True
run-04,outer-context-03,3,3694,True,1,sealed-run04-retrospective,outer_once,1444252198,81,False,0.24512973645247535,0.08830068709940682,0.23972857367958994,0.07709663316125799,0.6397797820154465,0.678400317584579,0.0006414716467791533,1.7595416108424065,True,True,True,True,True,True,True,True,True
run-04,outer-context-03,3,3694,True,1,sealed-run04-retrospective,outer_once,1444252198,82,True,0.38939311843075164,0.2095409625585649,0.38462231148159737,0.20485265398750946,0.46187810559413117,0.46739269181135157,0.06190826978753108,3.2897750025433927,True,True,True,True,True,False,True,False,False
run-04,outer-context-03,3,3694,True,1,sealed-run04-retrospective,outer_once,1444252198,83,True,0.4109826554745163,0.22464595944958599,0.40675946124343404,0.21991836468497927,0.45339308981248344,0.45934050553438915,0.06445661633522698,3.5324983091900988,True,True,True,True,True,False,True,False,False
run-04,outer-context-03,3,3694,True,1,sealed-run04-retrospective,outer_once,1444252198,84,True,0.4149299339239518,0.2291556368179785,0.4100826986468763,0.22389195211028773,0.44772449977065754,0.4540321919236054,0.0659391161579716,3.5128817135695036,True,True,True,True,True,False,True,False,False
run-04,outer-context-03,3,3694,True,1,sealed-run04-retrospective,outer_once,1444252198,85,True,0.4021108970365455,0.21614562412708124,0.3971097543804108,0.21034575667107192,0.46247260216020203,0.47030826024592826,0.06100039571653207,3.319939654497718,True,True,True,True,True,False,True,False,False
run-04,outer-context-03,3,3694,True,1,sealed-run04-retrospective,outer_once,1444252198,86,True,0.3643269843185134,0.176232602610749,0.35933083139418376,0.16873631292357935,0.5162790290145586,0.5304151545557841,0.04786461134062365,2.7129291302984995,True,True,True,True,True,False,True,False,False
run-04,outer-context-03,3,3694,True,1,sealed-run04-retrospective,outer_once,1444252198,87,True,0.3543068373233038,0.16474044818972733,0.3458052188702922,0.14957136118200853,0.5350345213930991,0.5674693352788549,0.02107438306701361,2.107304416658397,True,True,True,True,True,False,True,False,False
run-04,outer-context-03,3,3694,True,1,sealed-run04-retrospective,outer_once,1444252198,88,True,0.3481107745968885,0.14196574993636785,0.34191419107242527,0.12854997414950844,0.5921822583608224,0.6240285501274248,0.028918852903067234,2.1472385543404795,True,True,True,True,True,False,True,False,False
run-04,outer-context-03,3,3694,True,1,sealed-run04-retrospective,outer_once,1444252198,89,True,0.3561390586646887,0.13634283769275696,0.3502347997901601,0.11980743188851857,0.6171640420346981,0.6579225366516975,0.04785715435102362,2.042800843456282,True,True,True,True,True,False,True,False,False
run-04,outer-context-03,3,3694,True,1,sealed-run04-retrospective,outer_once,1444252198,90,False,0.13489904571504935,0.06976529602806836,0.11388511224966141,0.02941185038793022,0.48283328723143565,0.7417410422931057,0.021992999965882262,1.0804410792757067,True,True,True,True,True,True,True,True,True
run-04,outer-context-03,3,3694,True,1,sealed-run04-retrospective,outer_once,1444252198,91,True,0.29926386157118523,0.06731839982746379,0.29338421255792385,0.04210821589861011,0.7750533610238438,0.8564741588121532,0.012999010124726084,1.325706754032837,True,True,True,True,True,True,True,True,True
run-04,outer-context-03,3,3694,True,1,sealed-run04-retrospective,outer_once,1444252198,92,False,0.3105625650756269,0.11222576018547838,0.30344193263463143,0.09967702019882993,0.6386371932555696,0.6715120440560564,0.00391974641602214,1.7355612775337297,True,True,True,True,True,True,True,True,True
run-04,outer-context-03,3,3694,True,1,sealed-run04-retrospective,outer_once,1444252198,93,False,0.2337791749565651,0.09296719025671248,0.22977586067698977,0.08534577630578243,0.6023290343377024,0.6285694413054195,0.0025303209152243208,1.990814088606464,True,True,True,True,True,True,True,True,True
run-04,outer-context-03,3,3694,True,1,sealed-run04-retrospective,outer_once,1444252198,94,False,0.3467518913835675,0.10996718852403574,0.3430613658651046,0.10453777087628802,0.6828649208364576,0.695279675073079,0.005941731021390718,2.162355079260945,True,True,True,True,True,False,True,False,False
run-04,outer-context-03,3,3694,True,1,sealed-run04-retrospective,outer_once,1444252198,95,False,0.33305020235822097,0.10140581341018695,0.3287320920116725,0.09333322550318932,0.695523939958105,0.7160811865612583,0.004713639584981882,1.9610265951567343,True,True,True,True,True,True,True,True,True
run-04,outer-context-03,3,3694,True,2,sealed-run04-retrospective,outer_once,1859686398,0,True,0.42602939525428213,0.11613123880643722,0.416827842241879,0.10444335757514521,0.7274102676949732,0.7494328665441252,7.2665627844381055e-06,2.8818805343484866,True,True,True,True,True,False,True,False,False
run-04,outer-context-03,3,3694,True,2,sealed-run04-retrospective,outer_once,1859686398,1,True,0.4814599565852015,0.10742634317441095,0.47196887809138427,0.09533440044650288,0.7768737738100961,0.798007019377994,0.006506459593219222,2.7429938528323046,True,True,True,True,True,False,True,False,False
run-04,outer-context-03,3,3694,True,2,sealed-run04-retrospective,outer_once,1859686398,2,True,0.4354478339082362,0.04583661849142151,0.4266486865274396,0.028109511819875303,0.8947368320103278,0.9341155552389883,0.011018911105998057,1.472711430698498,True,True,True,True,True,True,True,True,True
run-04,outer-context-03,3,3694,True,2,sealed-run04-retrospective,outer_once,1859686398,3,True,0.33066396774757045,0.060374112438464585,0.32328674284609643,0.04280179818756148,0.8174155084095698,0.867604227099601,0.032451378002460986,1.3577227091628434,True,True,True,True,True,True,True,True,True
run-04,outer-context-03,3,3694,True,2,sealed-run04-retrospective,outer_once,1859686398,4,False,0.21868012835148487,0.07933400480207527,0.21447961956751663,0.07198739422772409,0.6372143852295459,0.6643625423577229,0.012705743453819343,1.7789182232901697,True,True,True,True,True,True,True,True,True
run-04,outer-context-03,3,3694,True,2,sealed-run04-retrospective,outer_once,1859686398,5,True,0.31797462429652895,0.12102558255777114,0.31407939577551114,0.11171187797652261,0.6193860348902934,0.6443196227479727,0.038314693903784273,2.264163933614066,True,True,True,True,True,False,True,False,False
run-04,outer-context-03,3,3694,True,2,sealed-run04-retrospective,outer_once,1859686398,6,True,0.3092405388866412,0.1412209883746509,0.3050309399842335,0.1341738928805869,0.5433296394997601,0.56013021863447,0.04493458265770198,2.287026368366669,True,True,True,True,True,False,True,False,False
run-04,outer-context-03,3,3694,True,2,sealed-run04-retrospective,outer_once,1859686398,7,True,0.27082014995021225,0.08101987728874244,0.26664105355672674,0.07158891206277006,0.7008351213761709,0.7315157920813576,0.006126618888318498,1.8622194575555162,True,True,True,True,True,True,True,True,True
run-04,outer-context-03,3,3694,True,2,sealed-run04-retrospective,outer_once,1859686398,8,True,0.33785732635330834,0.07280319795914322,0.33385115574601926,0.06427100030359088,0.7845149645119414,0.8074860631829421,0.0038616007952703407,1.8447684989744866,True,True,True,True,True,True,True,True,True
run-04,outer-context-03,3,3694,True,2,sealed-run04-retrospective,outer_once,1859686398,9,False,0.26573993873583523,0.101423509369242,0.25907033985681505,0.0899666179618493,0.6183354679325628,0.6527328523536399,0.0037339261888314225,1.7460659035014336,True,True,True,True,True,True,True,True,True
run-04,outer-context-03,3,3694,True,2,sealed-run04-retrospective,outer_once,1859686398,10,True,0.343121301371634,0.09558450707443929,0.33922185135350297,0.08599645982938202,0.721426484766937,0.7464890322181363,0.02710960217513534,1.8076676014650543,True,True,True,True,True,True,True,True,True
run-04,outer-context-03,3,3694,True,2,sealed-run04-retrospective,outer_once,1859686398,11,False,0.33231656063245985,0.1451859527982681,0.3269955672991362,0.13436259395111727,0.5631094865631963,0.5890996472493399,0.0045146720269961345,1.8249286399883018,True,True,True,True,True,True,True,True,True
run-04,outer-context-03,3,3694,True,2,sealed-run04-retrospective,outer_once,1859686398,12,True,0.3291672446613934,0.0922873400468723,0.3240407871677001,0.07687925038749621,0.7196338896301602,0.7627482297538394,0.039534547742774984,1.6300569786782129,True,True,True,True,True,True,True,True,True
run-04,outer-context-03,3,3694,True,2,sealed-run04-retrospective,outer_once,1859686398,13,True,0.3265596904444211,0.1029956436411122,0.322005336571794,0.0936162737235476,0.684603927995695,0.7092710489825221,0.001615561351199888,1.9998843187096322,True,True,True,True,True,True,True,True,True
run-04,outer-context-03,3,3694,True,2,sealed-run04-retrospective,outer_once,1859686398,14,True,0.2826580321565723,0.10780489290612338,0.2779323419066575,0.09687656491532165,0.6186031152781564,0.65143831678338,0.023194420055283844,1.878238636732792,True,True,True,True,True,True,True,True,True
run-04,outer-context-03,3,3694,True,2,sealed-run04-retrospective,outer_once,1859686398,15,True,0.3264242030543987,0.11333937381699039,0.32273975863545806,0.1048485020025943,0.6527850179108736,0.6751298865504108,0.0005221454498080565,2.0906526435706634,True,True,True,True,True,False,True,False,False
run-04,outer-context-03,3,3694,True,2,sealed-run04-retrospective,outer_once,1859686398,16,True,0.30451397871471064,0.0904211774434854,0.3011908649359397,0.08198836965717671,0.70306395185819,0.7277860014957133,0.004555601369221972,1.9681552837842782,True,True,True,True,True,True,True,True,True
run-04,outer-context-03,3,3694,True,2,sealed-run04-retrospective,outer_once,1859686398,17,True,0.2893519754609468,0.09673308721223102,0.2846732109937871,0.08560659264034623,0.6656905934091787,0.6992811780866358,0.02389613199448103,1.7809226547716428,True,True,True,True,True,True,True,True,True
run-04,outer-context-03,3,3694,True,2,sealed-run04-retrospective,outer_once,1859686398,18,True,0.3168885772904373,0.0890009694526145,0.3120658234624208,0.0775078159326475,0.7191411245756498,0.7516299123284769,0.015837356676146813,1.6555373007083691,True,True,True,True,True,True,True,True,True
run-04,outer-context-03,3,3694,True,2,sealed-run04-retrospective,outer_once,1859686398,19,False,0.2773627203611094,0.1115087903974367,0.26883690163969826,0.09469212376337614,0.5979676351159988,0.6477711088551198,0.0030554685883593465,1.4760935958010548,True,True,True,True,True,True,True,True,True
run-04,outer-context-03,3,3694,True,2,sealed-run04-retrospective,outer_once,1859686398,20,True,0.29352425672873295,0.06256377715454249,0.2877045476575083,0.03931023907824851,0.7868531280794206,0.8633659446876574,0.010325466301886145,1.2865641175668614,True,True,True,True,True,True,True,True,True
run-04,outer-context-03,3,3694,True,2,sealed-run04-retrospective,outer_once,1859686398,21,True,0.3520340563786052,0.07677143484629279,0.34485742160981053,0.06204776232848856,0.7819204322557738,0.8200770566605563,0.00955737955398965,1.5609512416723694,True,True,True,True,True,True,True,True,True
run-04,outer-context-03,3,3694,True,2,sealed-run04-retrospective,outer_once,1859686398,22,False,0.2886415389446727,0.06838732890913891,0.2836574465181376,0.05447188048522082,0.7630717700606235,0.8079659774356116,3.3762323372162983e-05,1.597017678608386,True,True,True,True,True,True,True,True,True
run-04,outer-context-03,3,3694,True,2,sealed-run04-retrospective,outer_once,1859686398,23,True,0.28886690296074574,0.10448384927570893,0.2813545594305356,0.09039772879353764,0.6382976097129851,0.678705299901649,0.03325147723056417,1.6719979310616357,True,True,True,True,True,True,True,True,True
run-04,outer-context-03,3,3694,True,2,sealed-run04-retrospective,outer_once,1859686398,24,False,0.21923404288188889,0.07695005970172794,0.21118639219895938,0.06257340383852956,0.649004968889871,0.703705323117699,0.02288140219182459,1.530316053120959,True,True,True,True,True,True,True,True,True
run-04,outer-context-03,3,3694,True,2,sealed-run04-retrospective,outer_once,1859686398,25,True,0.3146231476027895,0.0850583332765959,0.3071765570249534,0.06512608543587936,0.7296501102201746,0.7879848447204619,0.012645781231633398,1.5328245664590863,True,True,True,True,True,True,True,True,True
run-04,outer-context-03,3,3694,True,2,sealed-run04-retrospective,outer_once,1859686398,26,True,0.25354011878303906,0.0667377432787373,0.24627054414701124,0.030385383529577824,0.7367763981531991,0.8766178731004092,0.012580840546366226,1.0906544861232776,True,True,True,True,True,True,True,True,True
run-04,outer-context-03,3,3694,True,2,sealed-run04-retrospective,outer_once,1859686398,27,False,0.21953647813317054,0.1001882632212354,0.20864424771553716,0.07824216627102897,0.5436372849141666,0.6249972518882797,0.020122387476673047,1.4862757913982683,True,True,True,True,True,True,True,True,True
run-04,outer-context-03,3,3694,True,2,sealed-run04-retrospective,outer_once,1859686398,28,True,0.258726113874465,0.07758477694187671,0.24886445845268623,0.05036217379775335,0.700127769168592,0.7976321162496246,0.010122045618810858,1.2693980406220224,True,True,True,True,True,True,True,True,True
run-04,outer-context-03,3,3694,True,2,sealed-run04-retrospective,outer_once,1859686398,29,True,0.27294119493168756,0.08168934083177723,0.26210371554745066,0.05655548462303002,0.7007071766787617,0.7842247886303186,0.023919822322290268,1.2376510141948343,True,True,True,True,True,True,True,True,True
run-04,outer-context-03,3,3694,True,2,sealed-run04-retrospective,outer_once,1859686398,30,False,0.27666828295066126,0.10830797020310046,0.2703309410537273,0.09969867414572607,0.6085276958818759,0.6311976951024953,0.03029914989375317,1.982465845137466,True,True,True,True,True,True,True,True,True
run-04,outer-context-03,3,3694,True,2,sealed-run04-retrospective,outer_once,1859686398,31,True,0.3796200395083883,0.06320150663629355,0.37472631551061847,0.04588193430962173,0.8335137767802244,0.8775588144987869,0.005602763319842773,1.542377401892033,True,True,True,True,True,True,True,True,True
run-04,outer-context-03,3,3694,True,2,sealed-run04-retrospective,outer_once,1859686398,32,True,0.3397325917720962,0.06926992153954915,0.3361464457574012,0.05623396761430331,0.796104573958516,0.832709914609992,0.01635556699430975,1.682094450904873,True,True,True,True,True,True,True,True,True
run-04,outer-context-03,3,3694,True,2,sealed-run04-retrospective,outer_once,1859686398,33,True,0.3137126524407245,0.09042602476538063,0.30818373412756134,0.07558045829680066,0.7117552509857201,0.7547551998136381,0.016610033385034126,1.610874296025249,True,True,True,True,True,True,True,True,True
run-04,outer-context-03,3,3694,True,2,sealed-run04-retrospective,outer_once,1859686398,34,True,0.3395133986045412,0.058048343912456925,0.3364214877268608,0.04395686727091094,0.829024880458192,0.8693398939291318,0.005430305088038836,1.4290384077504685,True,True,True,True,True,True,True,True,True
run-04,outer-context-03,3,3694,True,2,sealed-run04-retrospective,outer_once,1859686398,35,True,0.21029127140361836,0.07476937570697902,0.18523137378975155,0.016221031153708716,0.6444485060748342,0.9124282737754754,0.011220397705448274,1.07219886977668,True,True,True,True,True,True,True,True,True
run-04,outer-context-03,3,3694,True,2,sealed-run04-retrospective,outer_once,1859686398,36,True,0.3049509513568564,0.07080471162089874,0.29664474467258883,0.049716774553038,0.7678160658103919,0.8324029822004394,0.03515702137176096,1.3546699367711637,True,True,True,True,True,True,True,True,True
run-04,outer-context-03,3,3694,True,2,sealed-run04-retrospective,outer_once,1859686398,37,True,0.33491037916623534,0.07300556795439297,0.32692991109472497,0.05493881737458163,0.7820146149661248,0.8319553656298411,0.03519783435687278,1.417493581440649,True,True,True,True,True,True,True,True,True
run-04,outer-context-03,3,3694,True,2,sealed-run04-retrospective,outer_once,1859686398,38,False,0.31982396902600657,0.07321370948964555,0.3156382618667907,0.0598509730918042,0.7710812303636562,0.8103811219279138,0.004263636424738035,1.6922632839736007,True,True,True,True,True,True,True,True,True
run-04,outer-context-03,3,3694,True,2,sealed-run04-retrospective,outer_once,1859686398,39,False,0.26292881504034454,0.08133015994079901,0.2581858992918719,0.07028181654625691,0.6906761249111495,0.7277859993941601,0.022216905088412505,1.7962945404670254,True,True,True,True,True,True,True,True,True
run-04,outer-context-03,3,3694,True,2,sealed-run04-retrospective,outer_once,1859686398,40,True,0.3262678951945907,0.09471802773132196,0.3207199554903334,0.08519940592198813,0.709692467060448,0.7343495330942821,0.022740026494948305,1.787076337125554,True,True,True,True,True,True,True,True,True
run-04,outer-context-03,3,3694,True,2,sealed-run04-retrospective,outer_once,1859686398,41,False,0.35077648907545794,0.07562301067021106,0.34732183585733567,0.06815560992446697,0.784412544667601,0.8037681398400122,0.000801005264200447,1.9070614771353516,True,True,True,True,True,True,True,True,True
run-04,outer-context-03,3,3694,True,2,sealed-run04-retrospective,outer_once,1859686398,42,True,0.21703887289860196,0.0945106368783657,0.19048357236599328,0.05578354265793648,0.564545117581218,0.7071477505117632,0.020903483875189564,1.3281701176335936,True,True,True,True,True,True,True,True,True
run-04,outer-context-03,3,3694,True,2,sealed-run04-retrospective,outer_once,1859686398,43,True,0.31305123155025955,0.06885231278283335,0.3048491092633324,0.03569016703243765,0.7800605592833156,0.8829251391985926,0.026153129674987882,1.210652015644035,True,True,True,True,True,True,True,True,True
run-04,outer-context-03,3,3694,True,2,sealed-run04-retrospective,outer_once,1859686398,44,True,0.33527339444958626,0.06640029059301192,0.3244604944109,0.027601891488404667,0.8019518050275944,0.9149298852591607,0.005361342475410918,1.1817404466642722,True,True,True,True,True,True,True,True,True
run-04,outer-context-03,3,3694,True,2,sealed-run04-retrospective,outer_once,1859686398,45,True,0.3231394166152308,0.06141412163613974,0.31317666583832265,0.019165118923775933,0.8099454338333881,0.9388041287416032,0.011502713310057523,1.091144380034883,True,True,True,True,True,True,True,True,True
run-04,outer-context-03,3,3694,True,2,sealed-run04-retrospective,outer_once,1859686398,46,True,0.33909449525543667,0.06418367267929216,0.33298603363290774,0.04521414225942354,0.8107203933495198,0.8642161000984541,0.001104773747886962,1.4242109220915873,True,True,True,True,True,True,True,True,True
run-04,outer-context-03,3,3694,True,2,sealed-run04-retrospective,outer_once,1859686398,47,True,0.3632942580138368,0.06710232237394795,0.35957791488002866,0.05523097598671989,0.8152948446231919,0.8464005332331175,0.000609485219604474,1.5829085437992778,True,True,True,True,True,True,True,True,True
run-04,outer-context-03,3,3694,True,2,sealed-run04-retrospective,outer_once,1859686398,48,True,0.3620675419497913,0.05545081902138831,0.3586060419966249,0.04661617947925786,0.8468495167427137,0.8700072669726614,0.004178309437958789,1.6026341494248841,True,True,True,True,True,True,True,True,True
run-04,outer-context-03,3,3694,True,2,sealed-run04-retrospective,outer_once,1859686398,49,False,0.33694671561439926,0.07722281583197854,0.33077855892793534,0.06686439051210205,0.7708159413539081,0.7978575433401371,0.007141290829657947,1.6082612327565802,True,True,True,True,True,True,True,True,True
run-04,outer-context-03,3,3694,True,2,sealed-run04-retrospective,outer_once,1859686398,50,True,0.2672042284032243,0.06732783757275819,0.25544446300194784,0.02106330346528136,0.7480285473957502,0.9175425326595522,0.01980328512394345,1.0631444581581349,True,True,True,True,True,True,True,True,True
run-04,outer-context-03,3,3694,True,2,sealed-run04-retrospective,outer_once,1859686398,51,True,0.2597132047042499,0.0657096391684093,0.2538670381402838,0.04263510045158443,0.7469915353621062,0.8320573605620089,0.013543835681851855,1.3117889669812797,True,True,True,True,True,True,True,True,True
run-04,outer-context-03,3,3694,True,2,sealed-run04-retrospective,outer_once,1859686398,52,True,0.340651856852572,0.07638243844441522,0.33254891495776473,0.060741655537107385,0.7757756580276849,0.8173452000442647,0.020742901317495534,1.595295951813361,True,True,True,True,True,True,True,True,True
run-04,outer-context-03,3,3694,True,2,sealed-run04-retrospective,outer_once,1859686398,53,True,0.3180955998508411,0.07583592072456236,0.31165562603079694,0.05878437621934765,0.7615939335214862,0.8113803464162757,0.005669698259491195,1.5590429436365738,True,True,True,True,True,True,True,True,True
run-04,outer-context-03,3,3694,True,2,sealed-run04-retrospective,outer_once,1859686398,54,True,0.31713031278751136,0.0615621699258166,0.30407989693933496,0.023596093057065892,0.8058773714038953,0.9224016671454826,0.014441912701586073,1.1338796846229977,True,True,True,True,True,True,True,True,True
run-04,outer-context-03,3,3694,True,2,sealed-run04-retrospective,outer_once,1859686398,55,True,0.3485418493078282,0.0536367742573431,0.34367122374731157,0.037477113807996405,0.8461109494774853,0.8909506783857123,0.004068209609434738,1.4137399894598734,True,True,True,True,True,True,True,True,True
run-04,outer-context-03,3,3694,True,2,sealed-run04-retrospective,outer_once,1859686398,56,True,0.32665192546172617,0.051606736726817336,0.32344557897534504,0.040984642545331754,0.8420130643532237,0.8732873620496886,0.00127383272294294,1.5368763164240846,True,True,True,True,True,True,True,True,True
run-04,outer-context-03,3,3694,True,2,sealed-run04-retrospective,outer_once,1859686398,57,True,0.3027334845648028,0.04972894155956477,0.2959110355873813,0.01828854829284178,0.835733593754741,0.9381957882829914,0.018284909488268695,1.000043976425252,True,True,True,True,True,True,True,True,True
run-04,outer-context-03,3,3694,True,2,sealed-run04-retrospective,outer_once,1859686398,58,True,0.29683721371295085,0.07656961781212093,0.28656304407058414,0.031061009919149018,0.7420484552648924,0.8916084590743729,0.028175001689936294,1.1270514312441622,True,True,True,True,True,True,True,True,True
run-04,outer-context-03,3,3694,True,2,sealed-run04-retrospective,outer_once,1859686398,59,True,0.3066346366573424,0.06608596756098728,0.29804708281545444,0.01726067576001695,0.7844797695348522,0.9420874192192499,0.008052698680935694,1.0480353721133613,True,True,True,True,True,True,True,True,True
run-04,outer-context-03,3,3694,True,2,sealed-run04-retrospective,outer_once,1859686398,60,True,0.2926626935466134,0.07154784830712044,0.28184958000766275,0.03812417487811531,0.7555279511711158,0.8647357399749227,0.03459518345459131,1.091616499948235,True,True,True,True,True,True,True,True,True
run-04,outer-context-03,3,3694,True,2,sealed-run04-retrospective,outer_once,1859686398,61,True,0.3648688288965445,0.08946395388317738,0.35857846753816586,0.07515013521080476,0.754805160655299,0.7904220637486938,0.03960385075825727,1.5966037677615723,True,True,True,True,True,True,True,True,True
run-04,outer-context-03,3,3694,True,2,sealed-run04-retrospective,outer_once,1859686398,62,False,0.2868524101733001,0.11206024468536842,0.2817191754548122,0.10055073160988658,0.6093452914770077,0.6430816913773946,0.020219858097943775,1.7442271753779082,True,True,True,True,True,True,True,True,True
run-04,outer-context-03,3,3694,True,2,sealed-run04-retrospective,outer_once,1859686398,63,True,0.30553600647373863,0.07590828582072841,0.29724544840284794,0.051456088978368356,0.7515569876794445,0.8268902374961469,0.04174651808328344,1.2722902409486523,True,True,True,True,True,True,True,True,True
run-04,outer-context-03,3,3694,True,2,sealed-run04-retrospective,outer_once,1859686398,64,False,0.2782071799761017,0.05603972174856201,0.2727412632329481,0.041094930015716895,0.7985683843480392,0.8493263192793173,0.011929897778617643,1.4811869471010979,True,True,True,True,True,True,True,True,True
run-04,outer-context-03,3,3694,True,2,sealed-run04-retrospective,outer_once,1859686398,65,True,0.2643050122199592,0.046544583999418625,0.2607918574341411,0.03246330212171517,0.8238982166532528,0.8755202618628027,0.004333556123614962,1.3800371028757779,True,True,True,True,True,True,True,True,True
run-04,outer-context-03,3,3694,True,2,sealed-run04-retrospective,outer_once,1859686398,66,True,0.32026835272168214,0.07200394831933925,0.29719817445555097,0.041014494129771165,0.7751761992484104,0.8619961438023392,0.030373922486964668,1.1552151218862465,True,True,True,True,True,True,True,True,True
run-04,outer-context-03,3,3694,True,2,sealed-run04-retrospective,outer_once,1859686398,67,True,0.3471292366694133,0.08974121487824734,0.32504016748733383,0.06513373449853156,0.7414760688575711,0.7996132754851916,0.014218959360107994,1.412807521432506,True,True,True,True,True,True,True,True,True
run-04,outer-context-03,3,3694,True,2,sealed-run04-retrospective,outer_once,1859686398,68,True,0.35323692417476904,0.0867483518154903,0.3379262570164778,0.06521395463462039,0.7544187884147403,0.8070172018878058,0.024298064195124522,1.502772900783943,True,True,True,True,True,True,True,True,True
run-04,outer-context-03,3,3694,True,2,sealed-run04-retrospective,outer_once,1859686398,69,True,0.3295072196776081,0.07496050826098408,0.3136642481508818,0.047007375060865594,0.7725072357008568,0.8501347369424976,0.004150181215810748,1.3093460335778548,True,True,True,True,True,True,True,True,True
run-04,outer-context-03,3,3694,True,2,sealed-run04-retrospective,outer_once,1859686398,70,True,0.35502071844267974,0.15668769300469806,0.349444532828208,0.15077575298081594,0.5586519747579288,0.5685273661015051,0.03942823069060577,2.9231961832198494,True,True,True,True,True,False,True,False,False
run-04,outer-context-03,3,3694,True,2,sealed-run04-retrospective,outer_once,1859686398,71,True,0.36656687397184606,0.14179250683472966,0.3597771605763452,0.13227779411457913,0.6131878876605202,0.6323340984105921,0.0333963363817502,2.323502473994886,True,True,True,True,True,False,True,False,False
run-04,outer-context-03,3,3694,True,2,sealed-run04-retrospective,outer_once,1859686398,72,True,0.32480864148626815,0.1310984894349189,0.3202371942175973,0.12571047809146182,0.5963823843016156,0.6074457297235653,0.012805899842491308,2.603381070650738,True,True,True,True,True,False,True,False,False
run-04,outer-context-03,3,3694,True,2,sealed-run04-retrospective,outer_once,1859686398,73,True,0.3747904222503841,0.19381145197338492,0.36949296023772626,0.18775810700794426,0.48288045673721514,0.49184929832724417,0.03992768229284739,2.968032886186347,True,True,True,True,True,False,True,False,False
run-04,outer-context-03,3,3694,True,2,sealed-run04-retrospective,outer_once,1859686398,74,True,0.39152685215520305,0.19129049492877723,0.3870507758308736,0.1857689175447198,0.5114243279208119,0.5200399297845776,0.04961782647012309,3.0619630139106637,True,True,True,True,True,False,True,False,False
run-04,outer-context-03,3,3694,True,2,sealed-run04-retrospective,outer_once,1859686398,75,True,0.3471489025673415,0.12675249002214137,0.3411337410624475,0.11951032711479681,0.6348757288738559,0.6496672339048414,0.036482060164822416,2.1538221112518845,True,True,True,True,True,False,True,False,False
run-04,outer-context-03,3,3694,True,2,sealed-run04-retrospective,outer_once,1859686398,76,True,0.37980708490357484,0.07989749839145488,0.36231626107080145,0.064740323203753,0.7896366298387003,0.8213154358227883,0.026677826880829016,1.4905055844879227,True,True,True,True,True,True,True,True,True
run-04,outer-context-03,3,3694,True,2,sealed-run04-retrospective,outer_once,1859686398,77,True,0.38924077459356493,0.0917956334658353,0.37296983164882275,0.07625896410303525,0.7641674781844582,0.795535837936516,0.028182751753591827,1.5682593044173794,True,True,True,True,True,True,True,True,True
run-04,outer-context-03,3,3694,True,2,sealed-run04-retrospective,outer_once,1859686398,78,True,0.3582924793292829,0.0776650855415495,0.3473823776423506,0.061208307132418226,0.7832355128219907,0.8238013466663656,0.004139280553120928,1.5263851146247873,True,True,True,True,True,True,True,True,True
run-04,outer-context-03,3,3694,True,2,sealed-run04-retrospective,outer_once,1859686398,79,True,0.28126970360655995,0.07006792273517624,0.2705742995602549,0.047466126939406,0.7508870602246331,0.8245726699965618,0.003011187826608767,1.3247054408731622,True,True,True,True,True,True,True,True,True
run-04,outer-context-03,3,3694,True,2,sealed-run04-retrospective,outer_once,1859686398,80,True,0.31352055948728536,0.0808384158885539,0.3089511002935843,0.07341507933957449,0.7421591234056463,0.7623731416725463,0.005864968217163303,1.7142281397917916,True,True,True,True,True,True,True,True,True
run-04,outer-context-03,3,3694,True,2,sealed-run04-retrospective,outer_once,1859686398,81,False,0.24090888680841793,0.09196953254427868,0.23472323261031722,0.08107955762071871,0.618239352799728,0.654573785819807,0.001386238258083589,1.7976638581665947,True,True,True,True,True,True,True,True,True
run-04,outer-context-03,3,3694,True,2,sealed-run04-retrospective,outer_once,1859686398,82,True,0.39987882151487414,0.22100113136083713,0.39468946636484714,0.2166108634712422,0.4473297422363824,0.45118661142324684,0.06233474963504351,3.402228473848063,True,True,True,True,True,False,True,False,False
run-04,outer-context-03,3,3694,True,2,sealed-run04-retrospective,outer_once,1859686398,83,True,0.4235706772169069,0.23694130171340996,0.41894747487060585,0.23252649892156338,0.4406097625306712,0.4449745782728958,0.0649480652282923,3.652769066015049,True,True,True,True,True,False,True,False,False
run-04,outer-context-03,3,3694,True,2,sealed-run04-retrospective,outer_once,1859686398,84,True,0.4282286731363424,0.24138292892496105,0.4231340359147105,0.23668763524762185,0.4363223574986818,0.4406320098170262,0.06653659757478153,3.6262154189981537,True,True,True,True,True,False,True,False,False
run-04,outer-context-03,3,3694,True,2,sealed-run04-retrospective,outer_once,1859686398,85,True,0.4159311364748709,0.2269431455646084,0.41102577581791083,0.2219056185017976,0.45437327080628526,0.46011751194868045,0.06167358738063693,3.416345736026941,True,True,True,True,True,False,True,False,False
run-04,outer-context-03,3,3694,True,2,sealed-run04-retrospective,outer_once,1859686398,86,True,0.37348828906395815,0.183805688953081,0.3685854556083668,0.1771053806183827,0.5078675976327464,0.5194998122591074,0.04852185332904659,2.764629485552018,True,True,True,True,True,False,True,False,False
run-04,outer-context-03,3,3694,True,2,sealed-run04-retrospective,outer_once,1859686398,87,True,0.3554481531350241,0.16757484030837994,0.34822549430008076,0.15315913092464836,0.5285533520701027,0.560172550741892,0.022009162710283584,2.1139310213479705,True,True,True,True,True,False,True,False,False
run-04,outer-context-03,3,3694,True,2,sealed-run04-retrospective,outer_once,1859686398,88,True,0.33715251412447583,0.138197141868689,0.33146600564001305,0.12489474823663045,0.5901049641360023,0.6232049558280442,0.029489802627398917,2.103480454055693,True,True,True,True,True,False,True,False,False
run-04,outer-context-03,3,3694,True,2,sealed-run04-retrospective,outer_once,1859686398,89,True,0.3383200907504226,0.12955956562701182,0.3323271242694241,0.11187586560334266,0.6170503343752428,0.663356201064579,0.04710933205873848,1.9710424308888153,True,True,True,True,True,True,True,True,True
run-04,outer-context-03,3,3694,True,2,sealed-run04-retrospective,outer_once,1859686398,90,False,0.1359547753380959,0.07134476400511182,0.11604631882651506,0.02848997899927855,0.47523164355433795,0.7544947630620665,0.021904341540296343,1.0755737151869178,True,True,True,True,True,True,True,True,True
run-04,outer-context-03,3,3694,True,2,sealed-run04-retrospective,outer_once,1859686398,91,True,0.3001453260589136,0.06901840079140356,0.2941408856252377,0.0449194205390909,0.7700500564254784,0.847286036269292,0.013302876431366234,1.3461915712936225,True,True,True,True,True,True,True,True,True
run-04,outer-context-03,3,3694,True,2,sealed-run04-retrospective,outer_once,1859686398,92,False,0.31303631513148455,0.11923007691128397,0.3060109738288281,0.1071615022038277,0.6191174277616839,0.6498115709282697,0.003958941601265614,1.7956228562891714,True,True,True,True,True,True,True,True,True
run-04,outer-context-03,3,3694,True,2,sealed-run04-retrospective,outer_once,1859686398,93,False,0.23662900672401044,0.0981025493701822,0.23272548471601578,0.09125799182974412,0.5854162144854752,0.6078728036978759,0.002629265641984342,2.0697233651113662,True,True,True,True,True,False,True,False,False
run-04,outer-context-03,3,3694,True,2,sealed-run04-retrospective,outer_once,1859686398,94,False,0.33493889466965354,0.10472485023551578,0.331867041715474,0.09980414108186464,0.68733147477899,0.6992646797164279,0.005163960286753421,2.1112530567371652,True,True,True,True,True,False,True,False,False
run-04,outer-context-03,3,3694,True,2,sealed-run04-retrospective,outer_once,1859686398,95,False,0.31907315322028645,0.09712322552873623,0.3148058700275236,0.08852136599938547,0.6956082812091594,0.7188064949626065,0.003927397584859247,1.9084986887312876,True,True,True,True,True,True,True,True,True
run-04,outer-context-04,4,4754,True,0,sealed-run04-retrospective,outer_once,1119492501,0,True,0.3670614331484136,0.07708132361458735,0.36034322638848576,0.06930006999358522,0.7900042972277582,0.8076831617229489,5.567685704285937e-06,1.9881210288844686,True,True,True,True,True,True,True,True,True
run-04,outer-context-04,4,4754,True,0,sealed-run04-retrospective,outer_once,1119492501,1,True,0.42206760345660893,0.07620315158842794,0.4131115881783256,0.06707948834969252,0.8194527346701177,0.8376238036664886,0.005181732969096722,1.9755970451556932,True,True,True,True,True,True,True,True,True
run-04,outer-context-04,4,4754,True,0,sealed-run04-retrospective,outer_once,1119492501,2,True,0.4279591340839051,0.046525745497392385,0.4190338503184675,0.028799645220664548,0.8912846068889593,0.9312713156734792,0.010346051835345512,1.5791690612012665,True,True,True,True,True,True,True,True,True
run-04,outer-context-04,4,4754,True,0,sealed-run04-retrospective,outer_once,1119492501,3,True,0.34451130399354346,0.06285672334434883,0.3377041230228984,0.04663240219076979,0.8175481541078059,0.8619134354258154,0.029898023682762533,1.4317650309033811,True,True,True,True,True,True,True,True,True
run-04,outer-context-04,4,4754,True,0,sealed-run04-retrospective,outer_once,1119492501,4,False,0.2150641332942475,0.07884087046268241,0.20837176750763498,0.07045641819613646,0.633407629366011,0.661871571955856,0.01735827572660777,1.777484217824311,True,True,True,True,True,True,True,True,True
run-04,outer-context-04,4,4754,True,0,sealed-run04-retrospective,outer_once,1119492501,5,True,0.32030741241327065,0.1107847964815572,0.31577424873539744,0.10344648615353909,0.6541297759958824,0.6724036663286566,0.03129945838920171,2.174042642832202,True,True,True,True,True,False,True,False,False
run-04,outer-context-04,4,4754,True,0,sealed-run04-retrospective,outer_once,1119492501,6,True,0.3380089336423773,0.13327858044401056,0.3337557042227083,0.12558616429154354,0.6056950950739576,0.6237182984362044,0.03745379689222804,2.214424046662777,True,True,True,True,True,False,True,False,False
run-04,outer-context-04,4,4754,True,0,sealed-run04-retrospective,outer_once,1119492501,7,True,0.29874072519006467,0.08245470229924404,0.2956447380044658,0.07367928109166982,0.7239924277254641,0.7507843989073234,0.007902375476357335,1.8856794247168243,True,True,True,True,True,True,True,True,True
run-04,outer-context-04,4,4754,True,0,sealed-run04-retrospective,outer_once,1119492501,8,True,0.3511278925283361,0.06556732586856913,0.3475561924209566,0.058092295060266426,0.8132665411555767,0.8328549560414518,0.004192867770018731,1.759921465860691,True,True,True,True,True,True,True,True,True
run-04,outer-context-04,4,4754,True,0,sealed-run04-retrospective,outer_once,1119492501,9,False,0.26975625351297294,0.09471727983399522,0.262298202465402,0.08270956865417313,0.6488782795560284,0.6846735209133475,0.00024239655979917644,1.686009730064575,True,True,True,True,True,True,True,True,True
run-04,outer-context-04,4,4754,True,0,sealed-run04-retrospective,outer_once,1119492501,10,True,0.3409782221744896,0.0991202099147736,0.3351956294061975,0.08879409056211356,0.709306332578476,0.7350977078089794,0.027121554051152894,1.8405372975971408,True,True,True,True,True,True,True,True,True
run-04,outer-context-04,4,4754,True,0,sealed-run04-retrospective,outer_once,1119492501,11,False,0.3330067058407053,0.15461491364895294,0.32549285575683046,0.13989839682144756,0.5357002999125386,0.5701951844805989,0.004970996456254722,1.8701906103297312,True,True,True,True,True,True,True,True,True
run-04,outer-context-04,4,4754,True,0,sealed-run04-retrospective,outer_once,1119492501,12,True,0.33122647948211115,0.08966920564187816,0.32335347190894465,0.07508468911005314,0.7292812887964744,0.7677937748223815,0.03557805395285129,1.62791050080967,True,True,True,True,True,True,True,True,True
run-04,outer-context-04,4,4754,True,0,sealed-run04-retrospective,outer_once,1119492501,13,True,0.35022910618524394,0.09920695928630181,0.34524352583088125,0.09012146238550046,0.716736965791104,0.7389626288614409,0.012892366065182298,1.9412548006716797,True,True,True,True,True,True,True,True,True
run-04,outer-context-04,4,4754,True,0,sealed-run04-retrospective,outer_once,1119492501,14,True,0.28928321660002576,0.10303738800741379,0.28236961182809733,0.09152294217418852,0.6438182995252113,0.6758753833967572,0.03184210758123675,1.8021855953172017,True,True,True,True,True,True,True,True,True
run-04,outer-context-04,4,4754,True,0,sealed-run04-retrospective,outer_once,1119492501,15,True,0.3595751391656177,0.1099819549833515,0.35441953219700734,0.09936109562432877,0.6941335954466679,0.7196511856770411,0.006939971658779368,2.0348025093276796,True,True,True,True,True,False,True,False,False
run-04,outer-context-04,4,4754,True,0,sealed-run04-retrospective,outer_once,1119492501,16,True,0.3345268581401611,0.08784731970472155,0.33061615407215506,0.07986261633424435,0.7373983057948817,0.7584430907244333,0.0007699932364655796,1.9222200433518033,True,True,True,True,True,True,True,True,True
run-04,outer-context-04,4,4754,True,0,sealed-run04-retrospective,outer_once,1119492501,17,True,0.32268141681886736,0.09458877317901296,0.31637867596034386,0.083932061828441,0.7068663757847914,0.734710117318522,0.020325244790895,1.7621181559683627,True,True,True,True,True,True,True,True,True
run-04,outer-context-04,4,4754,True,0,sealed-run04-retrospective,outer_once,1119492501,18,True,0.3345773669101358,0.09732456753592322,0.3275640238500155,0.08471246181468088,0.7091119210043169,0.7413865514930025,0.012536620122713166,1.7044632667828123,True,True,True,True,True,True,True,True,True
run-04,outer-context-04,4,4754,True,0,sealed-run04-retrospective,outer_once,1119492501,19,False,0.28467322733126554,0.11849848540300657,0.2750855335990401,0.0977355900215159,0.5837385675010686,0.6447083612765563,0.0006047554822546002,1.515325344082787,True,True,True,True,True,True,True,True,True
run-04,outer-context-04,4,4754,True,0,sealed-run04-retrospective,outer_once,1119492501,20,True,0.31892815990610945,0.07348676637043623,0.3081162775500604,0.048545310070239975,0.7695820701688108,0.8424448378506951,0.00815931621864344,1.3469119885068495,True,True,True,True,True,True,True,True,True
run-04,outer-context-04,4,4754,True,0,sealed-run04-retrospective,outer_once,1119492501,21,True,0.3838147162345363,0.07931049271859511,0.3759136487487908,0.061126769510193954,0.7933625539513417,0.8373914602099412,8.785237391435068e-05,1.5668558511498927,True,True,True,True,True,True,True,True,True
run-04,outer-context-04,4,4754,True,0,sealed-run04-retrospective,outer_once,1119492501,22,False,0.27297643841231084,0.06827060925876902,0.26786846843895573,0.05216231433377446,0.7499029232858139,0.805268926806659,0.00614585043655933,1.578065686799761,True,True,True,True,True,True,True,True,True
run-04,outer-context-04,4,4754,True,0,sealed-run04-retrospective,outer_once,1119492501,23,True,0.3004188645591962,0.10758921601261325,0.2907391763821857,0.09230352070307538,0.6418693074734884,0.6825212141973618,0.03520254199693735,1.6699310780265282,True,True,True,True,True,True,True,True,True
run-04,outer-context-04,4,4754,True,0,sealed-run04-retrospective,outer_once,1119492501,24,False,0.23407228211569153,0.08572506031888784,0.22504426646736103,0.07038373046386784,0.6337667170839231,0.6872449515434518,0.021791464029423335,1.6099221193695075,True,True,True,True,True,True,True,True,True
run-04,outer-context-04,4,4754,True,0,sealed-run04-retrospective,outer_once,1119492501,25,True,0.32621127453529214,0.08218290176630677,0.3174859095268849,0.062322112108876615,0.7480684814362063,0.8037011714890007,0.01229246424264172,1.4948683377579282,True,True,True,True,True,True,True,True,True
run-04,outer-context-04,4,4754,True,0,sealed-run04-retrospective,outer_once,1119492501,26,True,0.2784709966818618,0.06684891803741128,0.2663480471251244,0.02986669493741396,0.7599429785006208,0.887865913567659,0.013827133917075648,1.0723331537043896,True,True,True,True,True,True,True,True,True
run-04,outer-context-04,4,4754,True,0,sealed-run04-retrospective,outer_once,1119492501,27,False,0.2505299275503185,0.11269400898429552,0.23739928187206336,0.08851070216783934,0.550177457494929,0.6271652489010537,0.01437093144871407,1.556127253859689,True,True,True,True,True,True,True,True,True
run-04,outer-context-04,4,4754,True,0,sealed-run04-retrospective,outer_once,1119492501,28,True,0.2845026116881921,0.08283707569092166,0.27301912632950076,0.05386496372651922,0.7088354472411343,0.802706262924925,0.010958811766726702,1.2984084683285955,True,True,True,True,True,True,True,True,True
run-04,outer-context-04,4,4754,True,0,sealed-run04-retrospective,outer_once,1119492501,29,True,0.27157216537424045,0.08341158356340012,0.2604144588102845,0.05772699211205997,0.6928566539635803,0.7783264709041564,0.021889495229959033,1.261685946675375,True,True,True,True,True,True,True,True,True
run-04,outer-context-04,4,4754,True,0,sealed-run04-retrospective,outer_once,1119492501,30,False,0.2715685305794301,0.11769533675582435,0.2662911277193482,0.10741174159024543,0.5666090746792178,0.5966379259039765,0.026420264056555412,2.0550069212630624,True,True,True,True,True,False,True,False,False
run-04,outer-context-04,4,4754,True,0,sealed-run04-retrospective,outer_once,1119492501,31,True,0.34778309175614297,0.06305577275670969,0.3419788806090141,0.04655124620880421,0.8186922416546838,0.8638768390436764,0.0020991024449052965,1.5398997020385183,True,True,True,True,True,True,True,True,True
run-04,outer-context-04,4,4754,True,0,sealed-run04-retrospective,outer_once,1119492501,32,True,0.3184598657176151,0.06524063158756271,0.31423985252463876,0.053533427540887336,0.7951370373137916,0.8296415075592937,0.019160224341614285,1.628776394680503,True,True,True,True,True,True,True,True,True
run-04,outer-context-04,4,4754,True,0,sealed-run04-retrospective,outer_once,1119492501,33,True,0.33689327215945264,0.09282463530082216,0.330816095707779,0.08036456518911408,0.7244687176273203,0.7570717802675997,0.022553671665147813,1.6359755237672768,True,True,True,True,True,True,True,True,True
run-04,outer-context-04,4,4754,True,0,sealed-run04-retrospective,outer_once,1119492501,34,True,0.35454525160271677,0.05544779886749911,0.3511457544327194,0.04206827363954939,0.8436086829062069,0.8801971172696897,0.008913301155236765,1.4109049561370142,True,True,True,True,True,True,True,True,True
run-04,outer-context-04,4,4754,True,0,sealed-run04-retrospective,outer_once,1119492501,35,True,0.223704495767732,0.08762910539061153,0.19684661516530205,0.019712247497674223,0.608281876097854,0.8998598605258168,0.019421263661788896,1.0011368274010328,True,True,True,True,True,True,True,True,True
run-04,outer-context-04,4,4754,True,0,sealed-run04-retrospective,outer_once,1119492501,36,True,0.3147593496809292,0.07345732311459455,0.3059728511797846,0.049153562275146064,0.7666238566414054,0.8393531906977452,0.024293906118073316,1.3825731549607376,True,True,True,True,True,True,True,True,True
run-04,outer-context-04,4,4754,True,0,sealed-run04-retrospective,outer_once,1119492501,37,True,0.33571686043291177,0.07558668662841618,0.32708366032795805,0.05437795079818987,0.7748498942503333,0.833749106440638,0.025591651297120935,1.444831852274512,True,True,True,True,True,True,True,True,True
run-04,outer-context-04,4,4754,True,0,sealed-run04-retrospective,outer_once,1119492501,38,False,0.2860754392087455,0.0652878931623062,0.28161331665149386,0.0511083723262004,0.7717808514324556,0.8185157827978399,0.006722477060572694,1.5903293958394669,True,True,True,True,True,True,True,True,True
run-04,outer-context-04,4,4754,True,0,sealed-run04-retrospective,outer_once,1119492501,39,False,0.26486792856508584,0.08428396057325645,0.25774592302787785,0.07321789048762661,0.6817887275750512,0.7159299762048715,0.019909079363212,1.8388592885565416,True,True,True,True,True,True,True,True,True
run-04,outer-context-04,4,4754,True,0,sealed-run04-retrospective,outer_once,1119492501,40,True,0.3385539357221456,0.09945927457513792,0.3326368107701381,0.0893480787904087,0.7062232510663675,0.7313944942426986,0.01645523629744797,1.846471182423559,True,True,True,True,True,True,True,True,True
run-04,outer-context-04,4,4754,True,0,sealed-run04-retrospective,outer_once,1119492501,41,False,0.36500634310832264,0.08386626787991174,0.36161030839169955,0.07419534044238056,0.7702333960398523,0.7948196201253989,0.00520984688690165,2.0307094817441036,True,True,True,True,True,False,True,False,False
run-04,outer-context-04,4,4754,True,0,sealed-run04-retrospective,outer_once,1119492501,42,True,0.233399020717029,0.09808690838781911,0.20070354402588964,0.047180279321595964,0.579745844320663,0.764925529588506,0.023635108031305935,1.25564334385243,True,True,True,True,True,True,True,True,True
run-04,outer-context-04,4,4754,True,0,sealed-run04-retrospective,outer_once,1119492501,43,True,0.3324552057003093,0.08303811452263561,0.32013453011812604,0.05016292879285696,0.7502276604521271,0.8433067224133948,0.036051678543263334,1.3260637277792033,True,True,True,True,True,True,True,True,True
run-04,outer-context-04,4,4754,True,0,sealed-run04-retrospective,outer_once,1119492501,44,True,0.33280533191693173,0.07990701796856244,0.3208683934309428,0.03879010331779224,0.7598986244952733,0.8791089926214853,0.015770219546633067,1.2645846612738458,True,True,True,True,True,True,True,True,True
run-04,outer-context-04,4,4754,True,0,sealed-run04-retrospective,outer_once,1119492501,45,True,0.3146743450674603,0.06625556938428402,0.3042179494010837,0.019316559265234384,0.7894471842943535,0.9365042092247907,0.002913626862617084,1.1192956890361572,True,True,True,True,True,True,True,True,True
run-04,outer-context-04,4,4754,True,0,sealed-run04-retrospective,outer_once,1119492501,46,True,0.3310357555727649,0.05449828927671332,0.32297976133110295,0.035785870052443665,0.8353703841374499,0.8892008901580748,0.0036586261895090203,1.3405234441081668,True,True,True,True,True,True,True,True,True
run-04,outer-context-04,4,4754,True,0,sealed-run04-retrospective,outer_once,1119492501,47,True,0.3694747930648573,0.06950845895227264,0.3621448951183795,0.05814575390269408,0.8118722568982637,0.8394406363682493,0.004580184729442667,1.614125827286856,True,True,True,True,True,True,True,True,True
run-04,outer-context-04,4,4754,True,0,sealed-run04-retrospective,outer_once,1119492501,48,True,0.3626020766827201,0.058353716992725665,0.3587038930361502,0.04698345115341572,0.83906954552887,0.8690188423779367,0.001474175476383467,1.6310691953611836,True,True,True,True,True,True,True,True,True
run-04,outer-context-04,4,4754,True,0,sealed-run04-retrospective,outer_once,1119492501,49,False,0.3513159554970884,0.08547321962001614,0.3454265877261985,0.07108044836211093,0.756705557255214,0.7942241538788188,0.003587912907604634,1.648217036907805,True,True,True,True,True,True,True,True,True
run-04,outer-context-04,4,4754,True,0,sealed-run04-retrospective,outer_once,1119492501,50,True,0.30178222270071686,0.06938016244774134,0.28597225830706835,0.020051267882108228,0.7700985769577721,0.9298838705516052,0.017600521100297885,1.0713159718946652,True,True,True,True,True,True,True,True,True
run-04,outer-context-04,4,4754,True,0,sealed-run04-retrospective,outer_once,1119492501,51,True,0.2590295947899273,0.07068017783109555,0.24914461729068135,0.047054454930937156,0.7271347396099003,0.81113597619475,0.01880974434470261,1.354393714244989,True,True,True,True,True,True,True,True,True
run-04,outer-context-04,4,4754,True,0,sealed-run04-retrospective,outer_once,1119492501,52,True,0.29889012458354014,0.07976966394343495,0.29249530820152003,0.06488951626932835,0.7331137519027022,0.7781519414163679,0.021038172612587665,1.6193420221298442,True,True,True,True,True,True,True,True,True
run-04,outer-context-04,4,4754,True,0,sealed-run04-retrospective,outer_once,1119492501,53,True,0.2772633043796741,0.07392956699152603,0.27173370966607613,0.05949369141804142,0.7333597132266388,0.7810588480496178,0.009999874296247992,1.5396072827406704,True,True,True,True,True,True,True,True,True
run-04,outer-context-04,4,4754,True,0,sealed-run04-retrospective,outer_once,1119492501,54,True,0.27787764355067474,0.055820275903354706,0.2654146954420413,0.019239976612436087,0.7991192267571712,0.927509753819801,0.014225999383821556,1.0975206184188027,True,True,True,True,True,True,True,True,True
run-04,outer-context-04,4,4754,True,0,sealed-run04-retrospective,outer_once,1119492501,55,True,0.34851668364952654,0.05325562808781107,0.34064247310697393,0.035128250222542824,0.8471934613570301,0.8968764819544058,0.005629495047240476,1.3987730290894478,True,True,True,True,True,True,True,True,True
run-04,outer-context-04,4,4754,True,0,sealed-run04-retrospective,outer_once,1119492501,56,True,0.3409906910291556,0.05310865789515811,0.3360737134003592,0.039966452276954605,0.8442518834315709,0.8810783150143515,0.0003866808334649993,1.525211097097269,True,True,True,True,True,True,True,True,True
run-04,outer-context-04,4,4754,True,0,sealed-run04-retrospective,outer_once,1119492501,57,True,0.3390452434833069,0.058155360954205135,0.3325811539527976,0.0192348051475266,0.8284731549196075,0.9421650778496711,0.018754106074364552,1.057228590770594,True,True,True,True,True,True,True,True,True
run-04,outer-context-04,4,4754,True,0,sealed-run04-retrospective,outer_once,1119492501,58,True,0.32268631646702134,0.0809795863934022,0.30838279055698464,0.03245727850027446,0.7490454901217408,0.8947500330947397,0.025389480022643282,1.140398792411144,True,True,True,True,True,True,True,True,True
run-04,outer-context-04,4,4754,True,0,sealed-run04-retrospective,outer_once,1119492501,59,True,0.30686154882478606,0.06698032930598462,0.2951005978141484,0.020816710926362555,0.7817245935096628,0.9294589333923589,0.005308923313067032,1.0792802240606783,True,True,True,True,True,True,True,True,True
run-04,outer-context-04,4,4754,True,0,sealed-run04-retrospective,outer_once,1119492501,60,True,0.2564210254969829,0.07580235183726566,0.24487209527290207,0.04236831129857936,0.7043832435723663,0.8269777891541246,0.03773561641520936,1.1228556522439967,True,True,True,True,True,True,True,True,True
run-04,outer-context-04,4,4754,True,0,sealed-run04-retrospective,outer_once,1119492501,61,True,0.32638828013241,0.08998639563455334,0.32222474444848576,0.07203596818883343,0.7242964863871723,0.7764418486478158,0.03410326336577678,1.5774629169638832,True,True,True,True,True,True,True,True,True
run-04,outer-context-04,4,4754,True,0,sealed-run04-retrospective,outer_once,1119492501,62,False,0.2893584140073021,0.13759515691136726,0.2828517027073482,0.11954401573638081,0.5244819218980964,0.5773615127922115,0.010670693906772138,1.9406634753745653,True,True,True,True,True,True,True,True,True
run-04,outer-context-04,4,4754,True,0,sealed-run04-retrospective,outer_once,1119492501,63,True,0.2958138648470031,0.0809560830195254,0.28850996125445194,0.04786967231104233,0.7263276247670256,0.8340796549869431,0.03502741334366162,1.2694519407147031,True,True,True,True,True,True,True,True,True
run-04,outer-context-04,4,4754,True,0,sealed-run04-retrospective,outer_once,1119492501,64,False,0.27459457821652977,0.06444128346073641,0.2676019126444309,0.04562217940348747,0.7653220836358916,0.8295147484087426,0.006825552202867658,1.5546491225705068,True,True,True,True,True,True,True,True,True
run-04,outer-context-04,4,4754,True,0,sealed-run04-retrospective,outer_once,1119492501,65,True,0.3026412091104965,0.06366340777491017,0.2975381609781645,0.04601752862771008,0.7896406508484898,0.8453390702005207,0.002499719277988053,1.5876606513103937,True,True,True,True,True,True,True,True,True
run-04,outer-context-04,4,4754,True,0,sealed-run04-retrospective,outer_once,1119492501,66,True,0.3115650766701775,0.08631555568109112,0.2896752122078442,0.052855032133559424,0.7229613902701146,0.8175369175335737,0.029268714320672868,1.2538553374210177,True,True,True,True,True,True,True,True,True
run-04,outer-context-04,4,4754,True,0,sealed-run04-retrospective,outer_once,1119492501,67,True,0.3340950740929231,0.09945052174505292,0.3131262407371974,0.07278864602491983,0.7023286798972906,0.7675421713186589,0.013669525889570995,1.4664916827279117,True,True,True,True,True,True,True,True,True
run-04,outer-context-04,4,4754,True,0,sealed-run04-retrospective,outer_once,1119492501,68,True,0.3506232740812867,0.08688566250848179,0.3340072981710184,0.06416578710583963,0.7521965341971604,0.8078910626887396,0.02083228184188709,1.5007423377396816,True,True,True,True,True,True,True,True,True
run-04,outer-context-04,4,4754,True,0,sealed-run04-retrospective,outer_once,1119492501,69,True,0.3379025592825965,0.07676373254152183,0.3206031440839084,0.04707173424526301,0.7728228732434005,0.8531775651178787,0.010363972666384526,1.3061989778342253,True,True,True,True,True,True,True,True,True
run-04,outer-context-04,4,4754,True,0,sealed-run04-retrospective,outer_once,1119492501,70,True,0.3628647368557483,0.14967172418213537,0.3578670683444449,0.14313549552020713,0.5875275027299354,0.6000316648794293,0.0364495875888019,2.82322088808758,True,True,True,True,True,False,True,False,False
run-04,outer-context-04,4,4754,True,0,sealed-run04-retrospective,outer_once,1119492501,71,True,0.3772287548616035,0.13723339543011828,0.37016731692322896,0.1258753192033758,0.6362064300202511,0.6599502077881128,0.02948961381742434,2.258153753411563,True,True,True,True,True,False,True,False,False
run-04,outer-context-04,4,4754,True,0,sealed-run04-retrospective,outer_once,1119492501,72,True,0.3443272013135389,0.12942990227246132,0.33922763213078283,0.12242193377079733,0.6241078201817564,0.6391156787498966,0.008592931293993494,2.555258460037047,True,True,True,True,True,False,True,False,False
run-04,outer-context-04,4,4754,True,0,sealed-run04-retrospective,outer_once,1119492501,73,True,0.40263310519044887,0.1933416704640844,0.39543435782081887,0.18557574973175903,0.5198068217151887,0.5307040320056154,0.04959691343149416,2.9100004105578026,True,True,True,True,True,False,True,False,False
run-04,outer-context-04,4,4754,True,0,sealed-run04-retrospective,outer_once,1119492501,74,True,0.4275376855333026,0.19188973050851296,0.42125031259267326,0.18537147502179435,0.5511746987422799,0.5599493472636571,0.061835584658563585,3.017036502085354,True,True,True,True,True,False,True,False,False
run-04,outer-context-04,4,4754,True,0,sealed-run04-retrospective,outer_once,1119492501,75,True,0.38672145876281544,0.12970107637460243,0.3794505960906297,0.12103215155459955,0.6646137072674033,0.6810331758559375,0.04790999778972695,2.141659193777724,True,True,True,True,True,False,True,False,False
run-04,outer-context-04,4,4754,True,0,sealed-run04-retrospective,outer_once,1119492501,76,True,0.3763976471038219,0.09545479636973134,0.36045932329491026,0.07711765985058228,0.7463990619914741,0.7860572473319316,0.027301378941702897,1.5942249623548639,True,True,True,True,True,True,True,True,True
run-04,outer-context-04,4,4754,True,0,sealed-run04-retrospective,outer_once,1119492501,77,True,0.39247766730955214,0.09992957289044141,0.3759389272022112,0.08181748398267655,0.7453878749956346,0.7823649586075765,0.031331040939756485,1.6014684526543046,True,True,True,True,True,True,True,True,True
run-04,outer-context-04,4,4754,True,0,sealed-run04-retrospective,outer_once,1119492501,78,True,0.37160703160602365,0.07739446401043741,0.35880671122147406,0.05946119391243738,0.7917303564575959,0.8342807086578299,0.009724251270867729,1.5121664576656353,True,True,True,True,True,True,True,True,True
run-04,outer-context-04,4,4754,True,0,sealed-run04-retrospective,outer_once,1119492501,79,True,0.3052554841122713,0.06805272261858601,0.2921064562206375,0.042574041290128053,0.7770630630388393,0.8542516251062575,0.008079840426774457,1.297979229367409,True,True,True,True,True,True,True,True,True
run-04,outer-context-04,4,4754,True,0,sealed-run04-retrospective,outer_once,1119492501,80,True,0.33530556558333646,0.08636626285963922,0.3302002026329341,0.07675602955185548,0.7424252033831098,0.7675469943996943,0.009258972536151698,1.7430618915634843,True,True,True,True,True,True,True,True,True
run-04,outer-context-04,4,4754,True,0,sealed-run04-retrospective,outer_once,1119492501,81,False,0.24009178103959464,0.09614319717882534,0.23205720381259726,0.0814322529246376,0.5995564830977287,0.6490854341656208,0.00208422173530839,1.8041753406599945,True,True,True,True,True,True,True,True,True
run-04,outer-context-04,4,4754,True,0,sealed-run04-retrospective,outer_once,1119492501,82,True,0.41465987094263046,0.21439986367900102,0.4104685534427978,0.2075916655270377,0.4829500544829332,0.494256834571452,0.06664354544549732,3.294287356027372,True,True,True,True,True,False,True,False,False
run-04,outer-context-04,4,4754,True,0,sealed-run04-retrospective,outer_once,1119492501,83,True,0.44140078550921263,0.2289717540516236,0.43712272424854354,0.22254368701917865,0.481261108796,0.4908896868682522,0.06944630829069165,3.5326639257296533,True,True,True,True,True,False,True,False,False
run-04,outer-context-04,4,4754,True,0,sealed-run04-retrospective,outer_once,1119492501,84,True,0.44490526292245147,0.23183102073598397,0.440192367922511,0.2252219195975705,0.47892048025425826,0.4883556917160878,0.07239096601773827,3.491855945827485,True,True,True,True,True,False,True,False,False
run-04,outer-context-04,4,4754,True,0,sealed-run04-retrospective,outer_once,1119492501,85,True,0.4307517833511417,0.21673610263349216,0.42558694126990343,0.20998659399683617,0.4968422395205443,0.5065953072473045,0.06894390048315965,3.27541870200395,True,True,True,True,True,False,True,False,False
run-04,outer-context-04,4,4754,True,0,sealed-run04-retrospective,outer_once,1119492501,86,True,0.3872285416014276,0.17232466662321388,0.38130439316015335,0.16464735603389474,0.554979429174963,0.5681996877367723,0.057340097243500684,2.625546991979199,True,True,True,True,True,False,True,False,False
run-04,outer-context-04,4,4754,True,0,sealed-run04-retrospective,outer_once,1119492501,87,True,0.3624980276006715,0.15380949415979,0.35150994868872304,0.1381682767425062,0.5756956384622682,0.6069292568875196,0.03329861932873897,2.0048859576067475,True,True,True,True,True,False,True,False,False
run-04,outer-context-04,4,4754,True,0,sealed-run04-retrospective,outer_once,1119492501,88,True,0.3441715738666049,0.12681217406262,0.3357565529339252,0.11421001240787529,0.6315437308260378,0.6598427896346937,0.039958808389928054,1.983355190232776,True,True,True,True,True,True,True,True,True
run-04,outer-context-04,4,4754,True,0,sealed-run04-retrospective,outer_once,1119492501,89,True,0.34408357921111105,0.12140776893787317,0.3373674218521839,0.10352460100016916,0.647156167067816,0.693139899425357,0.03653241173100367,1.902589335542077,True,True,True,True,True,True,True,True,True
run-04,outer-context-04,4,4754,True,0,sealed-run04-retrospective,outer_once,1119492501,90,False,0.14447396187942532,0.07123353691897172,0.12063324718377931,0.03278511620489283,0.5069455008202682,0.7282248719132448,0.024507765042534674,1.103375944661721,True,True,True,True,True,True,True,True,True
run-04,outer-context-04,4,4754,True,0,sealed-run04-retrospective,outer_once,1119492501,91,True,0.30289683069408807,0.06800463599022277,0.29578680463184887,0.04076517141633738,0.775485812002753,0.8621805612083481,0.006766804591324862,1.3250816689808687,True,True,True,True,True,True,True,True,True
run-04,outer-context-04,4,4754,True,0,sealed-run04-retrospective,outer_once,1119492501,92,False,0.30875924889102085,0.11734085172786796,0.30135379758056513,0.10223412543582547,0.6199600428187193,0.6607504990591871,0.014588894322919228,1.7683201735687852,True,True,True,True,True,True,True,True,True
run-04,outer-context-04,4,4754,True,0,sealed-run04-retrospective,outer_once,1119492501,93,False,0.2440382430854501,0.10019678931594911,0.23927257534339264,0.09223104070401758,0.5894217723864487,0.6145356793537581,0.009764794454392971,2.078620406395619,True,True,True,True,True,False,True,False,False
run-04,outer-context-04,4,4754,True,0,sealed-run04-retrospective,outer_once,1119492501,94,False,0.3690254745858732,0.11481085167874971,0.3642197699647187,0.10854213026661672,0.6888809592140152,0.701987263686617,0.013124451286029898,2.2070675337462884,True,True,True,True,True,False,True,False,False
run-04,outer-context-04,4,4754,True,0,sealed-run04-retrospective,outer_once,1119492501,95,False,0.348470764083761,0.10323465707762101,0.34447495402215167,0.09454707677644357,0.7037494455264924,0.7255327980380145,0.009437104153326742,1.9826588289786033,True,True,True,True,True,True,True,True,True
run-04,outer-context-04,4,4754,True,1,sealed-run04-retrospective,outer_once,1057609199,0,True,0.38177672938147184,0.08568559249891182,0.37480036453710763,0.07895019289704387,0.7755609865542783,0.789354012516636,5.1772616173644285e-05,2.121831279416828,True,True,True,True,True,False,True,False,False
run-04,outer-context-04,4,4754,True,1,sealed-run04-retrospective,outer_once,1057609199,1,True,0.4298603316627527,0.07921975724265161,0.4209904306705652,0.0706045132926322,0.8157081465595585,0.8322895055353838,0.005255431216089792,2.0256527163177678,True,True,True,True,True,False,True,False,False
run-04,outer-context-04,4,4754,True,1,sealed-run04-retrospective,outer_once,1057609199,2,True,0.41921914696124235,0.04554095388951649,0.41066573591249605,0.027803860558684595,0.8913671901209063,0.9322956406457805,0.010335530322043847,1.5646398396543089,True,True,True,True,True,True,True,True,True
run-04,outer-context-04,4,4754,True,1,sealed-run04-retrospective,outer_once,1057609199,3,True,0.329145732370409,0.061059112279527775,0.3213589448404505,0.045615091975983554,0.8144921647933931,0.8580556330908085,0.029606466822903608,1.408316605109247,True,True,True,True,True,True,True,True,True
run-04,outer-context-04,4,4754,True,1,sealed-run04-retrospective,outer_once,1057609199,4,False,0.22199901712440742,0.08578016561189879,0.2165175362999701,0.07718153056753106,0.6136011468743219,0.6435321965764409,0.017424955098104794,1.848285494564801,True,True,True,True,True,True,True,True,True
run-04,outer-context-04,4,4754,True,1,sealed-run04-retrospective,outer_once,1057609199,5,True,0.33820012713404807,0.11861825036924184,0.3342950832070224,0.11232468069836708,0.6492660976374304,0.6639954150064282,0.031261138323116305,2.2873957874164317,True,True,True,True,True,False,True,False,False
run-04,outer-context-04,4,4754,True,1,sealed-run04-retrospective,outer_once,1057609199,6,True,0.34179930280789766,0.13948013121746866,0.33764560861078385,0.13274792569773305,0.591923886117869,0.6068424338645662,0.0371919467359132,2.2974679950229446,True,True,True,True,True,False,True,False,False
run-04,outer-context-04,4,4754,True,1,sealed-run04-retrospective,outer_once,1057609199,7,True,0.2693600200009906,0.08105588258728988,0.26594840823028365,0.07212118095906975,0.6990797573188783,0.7288151433618647,0.008146994985800182,1.87247728372874,True,True,True,True,True,True,True,True,True
run-04,outer-context-04,4,4754,True,1,sealed-run04-retrospective,outer_once,1057609199,8,True,0.33571620269062785,0.06443221843859213,0.3328973327661276,0.05632307086561049,0.8080753388659996,0.8308094859228581,0.004414978804192593,1.748503416475201,True,True,True,True,True,True,True,True,True
run-04,outer-context-04,4,4754,True,1,sealed-run04-retrospective,outer_once,1057609199,9,False,0.2665964596077033,0.09131983412539481,0.26009902833623344,0.08064172748267495,0.6574604394230443,0.689957598079035,0.00014989035940484363,1.665599297243742,True,True,True,True,True,True,True,True,True
run-04,outer-context-04,4,4754,True,1,sealed-run04-retrospective,outer_once,1057609199,10,True,0.33000507224119013,0.09352977136587291,0.32432877288092676,0.08236068744304645,0.7165808066807076,0.7460580302158879,0.027329307814390632,1.796017923326904,True,True,True,True,True,True,True,True,True
run-04,outer-context-04,4,4754,True,1,sealed-run04-retrospective,outer_once,1057609199,11,False,0.3263951620749004,0.14518704863229112,0.31833572899244744,0.12950317523342741,0.5551801451059071,0.5931868042481028,0.004828082667146104,1.8318314482047868,True,True,True,True,True,True,True,True,True
run-04,outer-context-04,4,4754,True,1,sealed-run04-retrospective,outer_once,1057609199,12,True,0.3466845769410069,0.09259559924608496,0.3396265399117584,0.07894343459158677,0.7329111088150848,0.7675581107056657,0.035623792827459984,1.6755405960272118,True,True,True,True,True,True,True,True,True
run-04,outer-context-04,4,4754,True,1,sealed-run04-retrospective,outer_once,1057609199,13,True,0.35779376424199805,0.1043737928294066,0.3529562965256558,0.09555063673082792,0.7082850422211043,0.7292847934110095,0.012891453008385305,2.0059551461045135,True,True,True,True,True,False,True,False,False
run-04,outer-context-04,4,4754,True,1,sealed-run04-retrospective,outer_once,1057609199,14,True,0.2992127511660544,0.10905317083789995,0.2916916811213159,0.09749070902232958,0.6355330098302575,0.6657748049325316,0.03185285585956761,1.857893829959005,True,True,True,True,True,True,True,True,True
run-04,outer-context-04,4,4754,True,1,sealed-run04-retrospective,outer_once,1057609199,15,True,0.3498940521062544,0.11489431662858973,0.3443278559592878,0.10515812838940083,0.6716311239446303,0.694598834891144,0.006829384099017915,2.0904720925764546,True,True,True,True,True,False,True,False,False
run-04,outer-context-04,4,4754,True,1,sealed-run04-retrospective,outer_once,1057609199,16,True,0.331027111159957,0.08949501210176,0.32757429784233827,0.08142297666187732,0.7296444638985634,0.7514366139279149,0.0007559797663278258,1.9277378266610667,True,True,True,True,True,True,True,True,True
run-04,outer-context-04,4,4754,True,1,sealed-run04-retrospective,outer_once,1057609199,17,True,0.32021635045525143,0.09052908695967274,0.3137083656569968,0.07810127996436682,0.7172877436427978,0.7510385806868747,0.020371945979558888,1.707524412506332,True,True,True,True,True,True,True,True,True
run-04,outer-context-04,4,4754,True,1,sealed-run04-retrospective,outer_once,1057609199,18,True,0.33297293467991823,0.0928084580986838,0.32410728544285655,0.07739156280942261,0.7212732674867429,0.7612162197968625,0.012673899157091844,1.6561184652331764,True,True,True,True,True,True,True,True,True
run-04,outer-context-04,4,4754,True,1,sealed-run04-retrospective,outer_once,1057609199,19,False,0.2835309763883205,0.11183168636290179,0.2715107076159725,0.09025826942577919,0.6055750670087683,0.6675701293024457,0.00026699784169623776,1.465967468850734,True,True,True,True,True,True,True,True,True
run-04,outer-context-04,4,4754,True,1,sealed-run04-retrospective,outer_once,1057609199,20,True,0.3224048218439561,0.07188853387555931,0.31131346058551124,0.04453290558340634,0.7770240114139689,0.8569515577654436,0.008250867908711091,1.3245990406997203,True,True,True,True,True,True,True,True,True
run-04,outer-context-04,4,4754,True,1,sealed-run04-retrospective,outer_once,1057609199,21,True,0.37663541172869003,0.08100986405819727,0.3685457917498816,0.06574152606006359,0.7849117169137754,0.8216191107544107,0.000210149048468496,1.610626018427453,True,True,True,True,True,True,True,True,True
run-04,outer-context-04,4,4754,True,1,sealed-run04-retrospective,outer_once,1057609199,22,False,0.2746777661600766,0.0693009744343831,0.2695037042096794,0.054256616538673606,0.7477008226650719,0.7986795146367975,0.006032791899825277,1.609363385611181,True,True,True,True,True,True,True,True,True
run-04,outer-context-04,4,4754,True,1,sealed-run04-retrospective,outer_once,1057609199,23,True,0.2994711360176367,0.1113919362056246,0.29013329507927016,0.09802846717224144,0.6280378213175629,0.6621261026058449,0.03475633843549426,1.7144154960578295,True,True,True,True,True,True,True,True,True
run-04,outer-context-04,4,4754,True,1,sealed-run04-retrospective,outer_once,1057609199,24,False,0.23339647883947665,0.08722408317622748,0.22396665142740266,0.07073817842139157,0.6262836371399686,0.6841575387650027,0.02182075553032898,1.6077138662676826,True,True,True,True,True,True,True,True,True
run-04,outer-context-04,4,4754,True,1,sealed-run04-retrospective,outer_once,1057609199,25,True,0.3324808483879755,0.08558732576034395,0.32285975900935554,0.0658480152064749,0.7425796818814924,0.7960476232512865,0.012248589053954527,1.5296341628913712,True,True,True,True,True,True,True,True,True
run-04,outer-context-04,4,4754,True,1,sealed-run04-retrospective,outer_once,1057609199,26,True,0.2961451606107036,0.06687610590419994,0.2844391416005512,0.03145698263671662,0.7741779546007451,0.8894069836531397,0.013592165573882297,1.0878309459719913,True,True,True,True,True,True,True,True,True
run-04,outer-context-04,4,4754,True,1,sealed-run04-retrospective,outer_once,1057609199,27,False,0.2408634399910686,0.11200447457131274,0.22800059040883056,0.08786807872992816,0.5349876487047351,0.6146146877410674,0.013920074447106912,1.5405064514462479,True,True,True,True,True,True,True,True,True
run-04,outer-context-04,4,4754,True,1,sealed-run04-retrospective,outer_once,1057609199,28,True,0.2846904839886198,0.08521026609468686,0.27248855849292314,0.05953253332740278,0.7006915549095311,0.7815228145480138,0.010988940188955368,1.3160754583116079,True,True,True,True,True,True,True,True,True
run-04,outer-context-04,4,4754,True,1,sealed-run04-retrospective,outer_once,1057609199,29,True,0.2661515639702186,0.08024272768072037,0.25456468949750577,0.05716987064642141,0.6985073975003985,0.7754210501100093,0.021592609685022714,1.2549328424859518,True,True,True,True,True,True,True,True,True
run-04,outer-context-04,4,4754,True,1,sealed-run04-retrospective,outer_once,1057609199,30,False,0.27301272338168947,0.1218350641338093,0.2678332868386219,0.112690582832035,0.5537385121664239,0.5792510178171594,0.02606807849806205,2.126980594994914,True,True,True,True,True,False,True,False,False
run-04,outer-context-04,4,4754,True,1,sealed-run04-retrospective,outer_once,1057609199,31,True,0.3546095952911937,0.06451896510438473,0.34933642547560806,0.047762041600665085,0.8180563471459256,0.8632778086750074,0.0017761762023948313,1.5598489452317028,True,True,True,True,True,True,True,True,True
run-04,outer-context-04,4,4754,True,1,sealed-run04-retrospective,outer_once,1057609199,32,True,0.3228513033828693,0.06580298026842067,0.318779768917069,0.053552192832396574,0.7961817729123896,0.8320088096734637,0.019364716309566505,1.6324874067582533,True,True,True,True,True,True,True,True,True
run-04,outer-context-04,4,4754,True,1,sealed-run04-retrospective,outer_once,1057609199,33,True,0.35187074484649333,0.09061276460755825,0.345164411433251,0.07638279700658548,0.7424828124114472,0.778706047099654,0.022515456409321,1.6260268764445702,True,True,True,True,True,True,True,True,True
run-04,outer-context-04,4,4754,True,1,sealed-run04-retrospective,outer_once,1057609199,34,True,0.36577129874172304,0.05725625571379187,0.3621773561792576,0.04334496896202807,0.8434643289105593,0.880321151440029,0.008602927555758791,1.4192189724971114,True,True,True,True,True,True,True,True,True
run-04,outer-context-04,4,4754,True,1,sealed-run04-retrospective,outer_once,1057609199,35,True,0.2287843713627922,0.08538946653019092,0.20538740488883414,0.019683567418249278,0.6267687953440423,0.9041637074634493,0.019273523624778775,1.0022606696606255,True,True,True,True,True,True,True,True,True
run-04,outer-context-04,4,4754,True,1,sealed-run04-retrospective,outer_once,1057609199,36,True,0.31187210579828933,0.07744415602351387,0.3037861445255232,0.053325226911954814,0.7516797604412794,0.8244645851270068,0.024492361168047937,1.4261584401987724,True,True,True,True,True,True,True,True,True
run-04,outer-context-04,4,4754,True,1,sealed-run04-retrospective,outer_once,1057609199,37,True,0.3269055383828926,0.07722205696382455,0.31923414466654293,0.05555156722614974,0.763778682533738,0.8259848823997937,0.025722104503713494,1.4601877257008442,True,True,True,True,True,True,True,True,True
run-04,outer-context-04,4,4754,True,1,sealed-run04-retrospective,outer_once,1057609199,38,False,0.29099335739689924,0.06601698002121993,0.2874168712143619,0.051937066463353304,0.7731323470343816,0.8192970849487208,0.006803908310511939,1.6002656138535705,True,True,True,True,True,True,True,True,True
run-04,outer-context-04,4,4754,True,1,sealed-run04-retrospective,outer_once,1057609199,39,False,0.2849390035260691,0.083247335814479,0.27902934401504637,0.07264133886849243,0.7078415563179903,0.7396641592485149,0.020072540894468523,1.8446912930684194,True,True,True,True,True,True,True,True,True
run-04,outer-context-04,4,4754,True,1,sealed-run04-retrospective,outer_once,1057609199,40,True,0.3590232052065934,0.09970830117600378,0.35326616384033643,0.08767635290582923,0.7222789509702349,0.7518121974867205,0.016280613561470366,1.842135677698907,True,True,True,True,True,True,True,True,True
run-04,outer-context-04,4,4754,True,1,sealed-run04-retrospective,outer_once,1057609199,41,False,0.3742407488608208,0.08305173809887512,0.37075437830697955,0.07347044361915335,0.7780793824518509,0.8018352636733508,0.005133434332562407,2.0147091727587245,True,True,True,True,True,False,True,False,False
run-04,outer-context-04,4,4754,True,1,sealed-run04-retrospective,outer_once,1057609199,42,True,0.2337988584962604,0.0992048768351637,0.20256223056554384,0.04976382655538011,0.5756828007064437,0.7543282061199565,0.02344841203024914,1.2783204521289038,True,True,True,True,True,True,True,True,True
run-04,outer-context-04,4,4754,True,1,sealed-run04-retrospective,outer_once,1057609199,43,True,0.32985861647803105,0.08251418316550875,0.31887631969881625,0.05003340197969346,0.7498498476513065,0.8430946455134993,0.03553858470862781,1.322930500389271,True,True,True,True,True,True,True,True,True
run-04,outer-context-04,4,4754,True,1,sealed-run04-retrospective,outer_once,1057609199,44,True,0.3381981797051249,0.0812802347139038,0.32680840771774683,0.037807401499763284,0.7596668474538448,0.8843132532489303,0.015453011993932815,1.2657028351380022,True,True,True,True,True,True,True,True,True
run-04,outer-context-04,4,4754,True,1,sealed-run04-retrospective,outer_once,1057609199,45,True,0.32024244918887446,0.06783078575998595,0.31042092132554383,0.01914356618237784,0.7881892736837635,0.9383302964870024,0.003194981510542684,1.1156917243113622,True,True,True,True,True,True,True,True,True
run-04,outer-context-04,4,4754,True,1,sealed-run04-retrospective,outer_once,1057609199,46,True,0.3512944767606257,0.058908855880403614,0.34376106300389314,0.03907915540461662,0.8323091885086924,0.8863188429104489,0.003348692253521099,1.3669450386588338,True,True,True,True,True,True,True,True,True
run-04,outer-context-04,4,4754,True,1,sealed-run04-retrospective,outer_once,1057609199,47,True,0.39447374660359635,0.07284726676202032,0.38767429530804737,0.0606922227397221,0.815330507063569,0.8434453264653623,0.004445693954081774,1.6311775620263689,True,True,True,True,True,True,True,True,True
run-04,outer-context-04,4,4754,True,1,sealed-run04-retrospective,outer_once,1057609199,48,True,0.3787281714204225,0.060333343771772276,0.3750492186458511,0.04932835261588724,0.8406948615797666,0.868474988978802,0.0013229447956115486,1.6458369773850252,True,True,True,True,True,True,True,True,True
run-04,outer-context-04,4,4754,True,1,sealed-run04-retrospective,outer_once,1057609199,49,False,0.35141300401042536,0.08235020658523935,0.3452898453617898,0.06663951250824689,0.7656597631691618,0.8070041346323898,0.0037395611449824303,1.6271216015186851,True,True,True,True,True,True,True,True,True
run-04,outer-context-04,4,4754,True,1,sealed-run04-retrospective,outer_once,1057609199,50,True,0.2966436317408441,0.06972512074207042,0.2818259708276815,0.021051154269683237,0.7649532527198016,0.9253044202851175,0.01761918409208792,1.0924539352417748,True,True,True,True,True,True,True,True,True
run-04,outer-context-04,4,4754,True,1,sealed-run04-retrospective,outer_once,1057609199,51,True,0.2668050413448446,0.06979826805246965,0.25804005718846107,0.04470497000939232,0.7383922443869582,0.8267518210293149,0.0187307370673675,1.3299636475095111,True,True,True,True,True,True,True,True,True
run-04,outer-context-04,4,4754,True,1,sealed-run04-retrospective,outer_once,1057609199,52,True,0.3284104732874884,0.07618672271906925,0.3219432790702549,0.05885196915425168,0.7680137239339019,0.8171977084776821,0.020747424888938687,1.5689426462686016,True,True,True,True,True,True,True,True,True
run-04,outer-context-04,4,4754,True,1,sealed-run04-retrospective,outer_once,1057609199,53,True,0.2998200634483013,0.07179989670065404,0.2944775672387432,0.05565321914813727,0.7605233756711727,0.8110103269665453,0.009817013942011964,1.4987523110471828,True,True,True,True,True,True,True,True,True
run-04,outer-context-04,4,4754,True,1,sealed-run04-retrospective,outer_once,1057609199,54,True,0.29366539306908573,0.05561483717913353,0.28171884390229196,0.016435582595763644,0.8106183483252657,0.9416596264271765,0.013870163141051444,1.074923076536216,True,True,True,True,True,True,True,True,True
run-04,outer-context-04,4,4754,True,1,sealed-run04-retrospective,outer_once,1057609199,55,True,0.3673131528868243,0.05730621087069053,0.3595342678145829,0.040162019785926345,0.843985410213863,0.8882943202325335,0.0053402890080093916,1.4417297428668507,True,True,True,True,True,True,True,True,True
run-04,outer-context-04,4,4754,True,1,sealed-run04-retrospective,outer_once,1057609199,56,True,0.3426426351565952,0.0539489729771793,0.3373653603386482,0.04210965104005426,0.8425503208247174,0.8751808691983537,0.0006794872834069356,1.5484376161175608,True,True,True,True,True,True,True,True,True
run-04,outer-context-04,4,4754,True,1,sealed-run04-retrospective,outer_once,1057609199,57,True,0.32015717660796006,0.05693804756579138,0.3132034583704494,0.0186024823143639,0.8221559542439577,0.9406057570016952,0.018602482314363993,1.0295137532473486,True,True,True,True,True,True,True,True,True
run-04,outer-context-04,4,4754,True,1,sealed-run04-retrospective,outer_once,1057609199,58,True,0.3169320569727472,0.08224592233009874,0.30274663829633935,0.03217321789101211,0.7404935205491976,0.8937289012619198,0.025101849966062354,1.1429136780155356,True,True,True,True,True,True,True,True,True
run-04,outer-context-04,4,4754,True,1,sealed-run04-retrospective,outer_once,1057609199,59,True,0.3046697528776833,0.06915148433610155,0.29260080303905345,0.019864590262944726,0.7730280617522803,0.9321102674475797,0.005159046232631236,1.0892507938919327,True,True,True,True,True,True,True,True,True
run-04,outer-context-04,4,4754,True,1,sealed-run04-retrospective,outer_once,1057609199,60,True,0.29738401680063564,0.07347755493489617,0.2865490878091028,0.03998460622616689,0.7529202956991631,0.8604615825795112,0.03743253250298223,1.0990409602408688,True,True,True,True,True,True,True,True,True
run-04,outer-context-04,4,4754,True,1,sealed-run04-retrospective,outer_once,1057609199,61,True,0.33252836522046414,0.08879910344856773,0.32786420119800025,0.069951724372843,0.7329578083069861,0.7866442139238053,0.03420834386140271,1.5469037777957249,True,True,True,True,True,True,True,True,True
run-04,outer-context-04,4,4754,True,1,sealed-run04-retrospective,outer_once,1057609199,62,False,0.28406551766289945,0.13715688535464088,0.2761127061798226,0.11769050061058432,0.5171646087737937,0.5737592005855152,0.010695632873610366,1.9254899502688108,True,True,True,True,True,True,True,True,True
run-04,outer-context-04,4,4754,True,1,sealed-run04-retrospective,outer_once,1057609199,63,True,0.2871012772564504,0.08145174671960262,0.27768088543511493,0.050039078423019696,0.7162961185754438,0.819796460441955,0.03467887537962956,1.2912404823595098,True,True,True,True,True,True,True,True,True
run-04,outer-context-04,4,4754,True,1,sealed-run04-retrospective,outer_once,1057609199,64,False,0.2812148803884412,0.06425286971862221,0.27483356323214103,0.04566356532942145,0.771516821478757,0.8338501135290698,0.0067511092463017645,1.5518473135722226,True,True,True,True,True,True,True,True,True
run-04,outer-context-04,4,4754,True,1,sealed-run04-retrospective,outer_once,1057609199,65,True,0.2827283306514387,0.06110353522622747,0.27692590944714046,0.04273992199917911,0.7838789799188576,0.845662971426163,0.0023735575943200802,1.5554767993163674,True,True,True,True,True,True,True,True,True
run-04,outer-context-04,4,4754,True,1,sealed-run04-retrospective,outer_once,1057609199,66,True,0.28789161502282157,0.087282794390591,0.26737534969749316,0.05087985506647686,0.6968206441730789,0.8097062607901513,0.02877948782467637,1.2498885122620855,True,True,True,True,True,True,True,True,True
run-04,outer-context-04,4,4754,True,1,sealed-run04-retrospective,outer_once,1057609199,67,True,0.3074027592559108,0.10022898205864848,0.28807484303504344,0.07313642196560906,0.6739489837330689,0.7461200665942489,0.014206546241977123,1.4665837755573232,True,True,True,True,True,True,True,True,True
run-04,outer-context-04,4,4754,True,1,sealed-run04-retrospective,outer_once,1057609199,68,True,0.33933365840640345,0.08874023569101643,0.32461379961152104,0.06639739052836538,0.7384867858149912,0.7954572769000396,0.02152877877801767,1.5214758348876325,True,True,True,True,True,True,True,True,True
run-04,outer-context-04,4,4754,True,1,sealed-run04-retrospective,outer_once,1057609199,69,True,0.3346087051606972,0.07921209964197289,0.3198568618944773,0.04941167212561836,0.7632694594603241,0.8455194244295451,0.009564484387716463,1.3303934418234058,True,True,True,True,True,True,True,True,True
run-04,outer-context-04,4,4754,True,1,sealed-run04-retrospective,outer_once,1057609199,70,True,0.34713371226719075,0.14439781919910655,0.3416030675337136,0.13774052579669915,0.5840282458997738,0.5967819411249718,0.03633672525841128,2.776850787431416,True,True,True,True,True,False,True,False,False
run-04,outer-context-04,4,4754,True,1,sealed-run04-retrospective,outer_once,1057609199,71,True,0.3599055721149554,0.13208749438100545,0.35348954533036386,0.12036312260386392,0.6329940278367902,0.6595001911828111,0.029388309710558846,2.2200833175787817,True,True,True,True,True,False,True,False,False
run-04,outer-context-04,4,4754,True,1,sealed-run04-retrospective,outer_once,1057609199,72,True,0.33295616763591157,0.12540406134897727,0.32883075951683083,0.11833456303973368,0.6233616507560631,0.6401353595581838,0.008620981859160303,2.517308460536245,True,True,True,True,True,False,True,False,False
run-04,outer-context-04,4,4754,True,1,sealed-run04-retrospective,outer_once,1057609199,73,True,0.4026787290172598,0.18878089721503005,0.39707449619598423,0.18113126952333664,0.5311873123376765,0.5438355491007522,0.04962342409771481,2.8753015179892714,True,True,True,True,True,False,True,False,False
run-04,outer-context-04,4,4754,True,1,sealed-run04-retrospective,outer_once,1057609199,74,True,0.4298186280713789,0.19040950593261435,0.42293613602850016,0.18394717137457772,0.557000340383122,0.5650710457094114,0.061922419748928106,3.005170983101467,True,True,True,True,True,False,True,False,False
run-04,outer-context-04,4,4754,True,1,sealed-run04-retrospective,outer_once,1057609199,75,True,0.38094598502234,0.1308606834111155,0.373762342080832,0.12329658332205239,0.6564849386627835,0.6701203694421747,0.04798191420931145,2.160799664992925,True,True,True,True,True,False,True,False,False
run-04,outer-context-04,4,4754,True,1,sealed-run04-retrospective,outer_once,1057609199,76,True,0.3544532658119144,0.09622219490848519,0.3400678299462045,0.07614330940855864,0.7285334790523722,0.7760937592344334,0.026699583575939007,1.5952246106978967,True,True,True,True,True,True,True,True,True
run-04,outer-context-04,4,4754,True,1,sealed-run04-retrospective,outer_once,1057609199,77,True,0.37562302889987864,0.10085858168899808,0.36219755875518983,0.0818569731860536,0.7314898876557389,0.7739991029553545,0.0305023120462187,1.6141199882611261,True,True,True,True,True,True,True,True,True
run-04,outer-context-04,4,4754,True,1,sealed-run04-retrospective,outer_once,1057609199,78,True,0.3641852891890166,0.0783730981934657,0.3533993098865296,0.06107098966110061,0.7847988358673402,0.827189844596161,0.00892545262675024,1.5342901646843998,True,True,True,True,True,True,True,True,True
run-04,outer-context-04,4,4754,True,1,sealed-run04-retrospective,outer_once,1057609199,79,True,0.29313737094020514,0.0676464095832856,0.2797173698815346,0.04486643663489075,0.7692330753792417,0.8396008204499688,0.007248986053115304,1.3157465381239646,True,True,True,True,True,True,True,True,True
run-04,outer-context-04,4,4754,True,1,sealed-run04-retrospective,outer_once,1057609199,80,True,0.3373679207488945,0.08399678565535396,0.33223112566333396,0.07438339592488293,0.7510231990377253,0.7761094907156314,0.009511197432338721,1.7416586585063047,True,True,True,True,True,True,True,True,True
run-04,outer-context-04,4,4754,True,1,sealed-run04-retrospective,outer_once,1057609199,81,False,0.2503704860006958,0.09856082104180715,0.2414698645212662,0.08362149733703313,0.6063400977640263,0.6536979987013303,0.002079885602247006,1.835444369711876,True,True,True,True,True,True,True,True,True
run-04,outer-context-04,4,4754,True,1,sealed-run04-retrospective,outer_once,1057609199,82,True,0.4205853288946757,0.21749595047825243,0.41661402157614524,0.21051431166556275,0.48287318758872244,0.4947018084769701,0.06619965224811171,3.3830138050898193,True,True,True,True,True,False,True,False,False
run-04,outer-context-04,4,4754,True,1,sealed-run04-retrospective,outer_once,1057609199,83,True,0.44273002499830927,0.2319622749195421,0.4385593153199218,0.22535678699110967,0.47606382711353734,0.48614297058833283,0.06893320640127913,3.620027927470023,True,True,True,True,True,False,True,False,False
run-04,outer-context-04,4,4754,True,1,sealed-run04-retrospective,outer_once,1057609199,84,True,0.4430149526845476,0.23444442226154433,0.43855457401975695,0.22785255766758097,0.47079794747135234,0.48044651414964795,0.07182716507544103,3.5769013006833363,True,True,True,True,True,False,True,False,False
run-04,outer-context-04,4,4754,True,1,sealed-run04-retrospective,outer_once,1057609199,85,True,0.42400915198382466,0.21904893575910142,0.41909962579972665,0.21227026931484397,0.48338630254976706,0.4935088073395688,0.06833912629520816,3.3506202264725755,True,True,True,True,True,False,True,False,False
run-04,outer-context-04,4,4754,True,1,sealed-run04-retrospective,outer_once,1057609199,86,True,0.37696953338906153,0.17528702247866335,0.37087416542524965,0.16776477723934785,0.5350101083692785,0.5476504084694431,0.05671082190619286,2.686667317449182,True,True,True,True,True,False,True,False,False
run-04,outer-context-04,4,4754,True,1,sealed-run04-retrospective,outer_once,1057609199,87,True,0.35667476862035696,0.15762397367135475,0.34669021231084624,0.14297530396260036,0.5580736639122096,0.5875992488809948,0.032672589528593345,2.054292695508957,True,True,True,True,True,False,True,False,False
run-04,outer-context-04,4,4754,True,1,sealed-run04-retrospective,outer_once,1057609199,88,True,0.33986649942701996,0.13089510792526374,0.33222918021596454,0.11903758685242403,0.6148631649605376,0.6417003865372571,0.03944722937820572,2.0379125518449586,True,True,True,True,True,False,True,False,False
run-04,outer-context-04,4,4754,True,1,sealed-run04-retrospective,outer_once,1057609199,89,True,0.35958172915138187,0.12870013074752595,0.35238751929102324,0.11096069584123683,0.6420837870398473,0.6851174069260987,0.036775499223453016,1.9772923730535257,True,True,True,True,True,True,True,True,True
run-04,outer-context-04,4,4754,True,1,sealed-run04-retrospective,outer_once,1057609199,90,False,0.15823122383982188,0.07288625793792176,0.13786932657977008,0.029044120305767557,0.5393686772485258,0.7893358803855268,0.0241576142572953,1.0516225679527622,True,True,True,True,True,True,True,True,True
run-04,outer-context-04,4,4754,True,1,sealed-run04-retrospective,outer_once,1057609199,91,True,0.3225055200604408,0.07183363519433208,0.31658902312356996,0.04660449676273915,0.7772638583647506,0.852791810963867,0.007271029443011841,1.3741400471523733,True,True,True,True,True,True,True,True,True
run-04,outer-context-04,4,4754,True,1,sealed-run04-retrospective,outer_once,1057609199,92,False,0.3310409917411722,0.12227517390369741,0.3241370247897762,0.10938626013486318,0.6306343415038476,0.6625308071306965,0.014259157244104925,1.8110059431854717,True,True,True,True,True,True,True,True,True
run-04,outer-context-04,4,4754,True,1,sealed-run04-retrospective,outer_once,1057609199,93,False,0.25590065794850025,0.10306941696407239,0.2514442119444614,0.09550244550620307,0.5972287926480634,0.6201843551391929,0.009439643555412443,2.1012062103424505,True,True,True,True,True,False,True,False,False
run-04,outer-context-04,4,4754,True,1,sealed-run04-retrospective,outer_once,1057609199,94,False,0.36850840334515683,0.11031202499889349,0.36405510688588494,0.10416841158161852,0.7006526201369371,0.7138663636044785,0.013227655403316942,2.180442147534338,True,True,True,True,True,False,True,False,False
run-04,outer-context-04,4,4754,True,1,sealed-run04-retrospective,outer_once,1057609199,95,False,0.3434577377022212,0.10003980243043871,0.33932435028573493,0.09127541364868484,0.7087274751772416,0.7310083594890123,0.009624735659571504,1.9596964348842962,True,True,True,True,True,True,True,True,True
run-04,outer-context-04,4,4754,True,2,sealed-run04-retrospective,outer_once,1017439976,0,True,0.3828468910748066,0.08240034261808098,0.37548600344394784,0.07503696452623529,0.7847694612675323,0.8001604218586095,0.0007536578572211704,2.058187386602738,True,True,True,True,True,False,True,False,False
run-04,outer-context-04,4,4754,True,2,sealed-run04-retrospective,outer_once,1017439976,1,True,0.4366432262256495,0.07963017406427057,0.4277050183731141,0.07069483554295224,0.8176310331146208,0.8347112320265537,0.004549248097799425,2.0296315271459884,True,True,True,True,True,False,True,False,False
run-04,outer-context-04,4,4754,True,2,sealed-run04-retrospective,outer_once,1017439976,2,True,0.4091553647316847,0.04510248473138672,0.3999704675892433,0.027415573671984914,0.8897668499080686,0.9314560051465104,0.010120532071165011,1.5658807527394814,True,True,True,True,True,True,True,True,True
run-04,outer-context-04,4,4754,True,2,sealed-run04-retrospective,outer_once,1017439976,3,True,0.32376788580741156,0.06117280221050603,0.3166996382215447,0.04431565286313314,0.8110596977277303,0.8600704026313648,0.029878553359482855,1.4075132925763265,True,True,True,True,True,True,True,True,True
run-04,outer-context-04,4,4754,True,2,sealed-run04-retrospective,outer_once,1017439976,4,False,0.21468516057129822,0.07927569322871818,0.20892306750537984,0.0699362949814229,0.6307351052221876,0.6652533594471467,0.017572337941888193,1.7600037984375263,True,True,True,True,True,True,True,True,True
run-04,outer-context-04,4,4754,True,2,sealed-run04-retrospective,outer_once,1017439976,5,True,0.31731163028415693,0.1130503781688906,0.31291767346091354,0.10549312575129037,0.6437244419069909,0.6628725869506776,0.03137048862383863,2.2155485866450952,True,True,True,True,True,False,True,False,False
run-04,outer-context-04,4,4754,True,2,sealed-run04-retrospective,outer_once,1017439976,6,True,0.3223450651419589,0.1368658518343444,0.3177707434572396,0.12977139204226457,0.5754057789776633,0.5916194466790896,0.03693449376301651,2.2836955369401952,True,True,True,True,True,False,True,False,False
run-04,outer-context-04,4,4754,True,2,sealed-run04-retrospective,outer_once,1017439976,7,True,0.2699060846327697,0.07921353961440473,0.2666273728196661,0.07013749006818043,0.7065144354852855,0.736945650679242,0.00837658209418003,1.860135410612828,True,True,True,True,True,True,True,True,True
run-04,outer-context-04,4,4754,True,2,sealed-run04-retrospective,outer_once,1017439976,8,True,0.3348544066894281,0.06511452900292969,0.3315690432775266,0.056598881920195666,0.8055437596097628,0.8292998605638167,0.0043382686981185015,1.7454306161679278,True,True,True,True,True,True,True,True,True
run-04,outer-context-04,4,4754,True,2,sealed-run04-retrospective,outer_once,1017439976,9,False,0.26816688858542564,0.09205812153551307,0.2615458736438977,0.08098710784870032,0.6567133175123984,0.6903521867105935,0.00020873628902711615,1.6658942651513875,True,True,True,True,True,True,True,True,True
run-04,outer-context-04,4,4754,True,2,sealed-run04-retrospective,outer_once,1017439976,10,True,0.3458397835905814,0.09579331078421939,0.3405489998827872,0.08519590415134798,0.7230124603084322,0.7498277658114652,0.027756234384691252,1.8124414844998424,True,True,True,True,True,True,True,True,True
run-04,outer-context-04,4,4754,True,2,sealed-run04-retrospective,outer_once,1017439976,11,False,0.32847456282548093,0.14885235441650987,0.32093301655635204,0.13355616157876143,0.5468374989645839,0.5838503529121611,0.005090864986578767,1.8287254539190234,True,True,True,True,True,True,True,True,True
run-04,outer-context-04,4,4754,True,2,sealed-run04-retrospective,outer_once,1017439976,12,True,0.32708100308877974,0.08780028120211669,0.31958822282480465,0.07147992777786834,0.7315641068329333,0.7763374158594919,0.03604478937628093,1.596233054843926,True,True,True,True,True,True,True,True,True
run-04,outer-context-04,4,4754,True,2,sealed-run04-retrospective,outer_once,1017439976,13,True,0.33077606936548554,0.10274516718583765,0.32540576256351633,0.09323319272893721,0.6893814979332406,0.7134863501050049,0.013035317704766063,1.9718530395502858,True,True,True,True,True,True,True,True,True
run-04,outer-context-04,4,4754,True,2,sealed-run04-retrospective,outer_once,1017439976,14,True,0.2965929620809947,0.11075146933236606,0.2889725259675157,0.09937497861529493,0.626587668988175,0.6561092502390141,0.03231069386312241,1.8736394110049477,True,True,True,True,True,True,True,True,True
run-04,outer-context-04,4,4754,True,2,sealed-run04-retrospective,outer_once,1017439976,15,True,0.3497622475511081,0.11577240768796611,0.3442505240713795,0.10523631030840373,0.6689968442890648,0.6943031224359639,0.007351312139456293,2.115979124824512,True,True,True,True,True,False,True,False,False
run-04,outer-context-04,4,4754,True,2,sealed-run04-retrospective,outer_once,1017439976,16,True,0.32294338133280304,0.0902461968494342,0.31951303862001806,0.08228218047812509,0.7205510251456966,0.7424762982020917,0.00041580526691909766,1.9508418190890453,True,True,True,True,True,True,True,True,True
run-04,outer-context-04,4,4754,True,2,sealed-run04-retrospective,outer_once,1017439976,17,True,0.3141710812998207,0.09615547056572546,0.3068325242007663,0.0837582024224682,0.6939391424318838,0.7270230636708395,0.020361106398698103,1.7672649066640074,True,True,True,True,True,True,True,True,True
run-04,outer-context-04,4,4754,True,2,sealed-run04-retrospective,outer_once,1017439976,18,True,0.33380052229618284,0.09828160500040392,0.3269296715037937,0.08606824393592913,0.7055678513492614,0.736737740750061,0.012641387516068798,1.7084251939102573,True,True,True,True,True,True,True,True,True
run-04,outer-context-04,4,4754,True,2,sealed-run04-retrospective,outer_once,1017439976,19,False,0.284300489397221,0.11804492565150561,0.27397577767355824,0.09933707333508082,0.5847881728878253,0.6374238840433522,0.0002696544647305564,1.5147955912276365,True,True,True,True,True,True,True,True,True
run-04,outer-context-04,4,4754,True,2,sealed-run04-retrospective,outer_once,1017439976,20,True,0.312692836308112,0.06978249814591483,0.30107091539188713,0.041396301289972695,0.7768337165321094,0.8625031539958304,0.008477806780965234,1.2915844879941436,True,True,True,True,True,True,True,True,True
run-04,outer-context-04,4,4754,True,2,sealed-run04-retrospective,outer_once,1017439976,21,True,0.36700041358623103,0.07849654326989891,0.3589084168311068,0.06241767422547732,0.7861132021545931,0.8260902467081191,0.00035989087456616956,1.57989218625637,True,True,True,True,True,True,True,True,True
run-04,outer-context-04,4,4754,True,2,sealed-run04-retrospective,outer_once,1017439976,22,False,0.2739956711619534,0.06830356713619466,0.2690178907133669,0.050659141628027086,0.7507129698562945,0.8116885776864432,0.00603651486373353,1.5717699872071267,True,True,True,True,True,True,True,True,True
run-04,outer-context-04,4,4754,True,2,sealed-run04-retrospective,outer_once,1017439976,23,True,0.28287213881108647,0.10519724721471256,0.2732394124015725,0.08981132610022965,0.6281102562562106,0.671309035139351,0.03492188707673479,1.6575986571015575,True,True,True,True,True,True,True,True,True
run-04,outer-context-04,4,4754,True,2,sealed-run04-retrospective,outer_once,1017439976,24,False,0.2280869886607111,0.08286516293421566,0.21774223200397477,0.06611235916547026,0.6366949144237201,0.6963732824954995,0.021835286699262664,1.5640644831859054,True,True,True,True,True,True,True,True,True
run-04,outer-context-04,4,4754,True,2,sealed-run04-retrospective,outer_once,1017439976,25,True,0.3132394672950717,0.08537196110076044,0.3055339407367605,0.06856679973842589,0.7274546472768068,0.7755836894157002,0.012251184549699447,1.534707959327538,True,True,True,True,True,True,True,True,True
run-04,outer-context-04,4,4754,True,2,sealed-run04-retrospective,outer_once,1017439976,26,True,0.2772429838470707,0.06933599162809365,0.2661823217549722,0.03403573958622099,0.7499089402877733,0.8721337338940496,0.013963709004758839,1.1006343815646484,True,True,True,True,True,True,True,True,True
run-04,outer-context-04,4,4754,True,2,sealed-run04-retrospective,outer_once,1017439976,27,False,0.23825922216755588,0.10892516987825619,0.22421497447745425,0.08032014068684502,0.5428291552061958,0.6417717377082611,0.01414294560904926,1.502810498373215,True,True,True,True,True,True,True,True,True
run-04,outer-context-04,4,4754,True,2,sealed-run04-retrospective,outer_once,1017439976,28,True,0.29684226072422387,0.08674899929997835,0.2850278907066922,0.05817402257615397,0.7077606164016821,0.7959005961419476,0.011398404926564236,1.3130864047414659,True,True,True,True,True,True,True,True,True
run-04,outer-context-04,4,4754,True,2,sealed-run04-retrospective,outer_once,1017439976,29,True,0.27978229554495965,0.08426187225919639,0.26860230029551685,0.059612149760893476,0.6988305779139055,0.7780653788321692,0.022103779352044016,1.2618855868923806,True,True,True,True,True,True,True,True,True
run-04,outer-context-04,4,4754,True,2,sealed-run04-retrospective,outer_once,1017439976,30,False,0.2747789342013613,0.11742186306092821,0.26912812738932496,0.10814894895757154,0.572667885177544,0.5981507023934307,0.026355144909341165,2.0698289071077753,True,True,True,True,True,False,True,False,False
run-04,outer-context-04,4,4754,True,2,sealed-run04-retrospective,outer_once,1017439976,31,True,0.35990616585619706,0.06302211988806544,0.35445460844374493,0.047549123912801826,0.8248929141346071,0.865852713492514,0.002175036017976758,1.5574019817321034,True,True,True,True,True,True,True,True,True
run-04,outer-context-04,4,4754,True,2,sealed-run04-retrospective,outer_once,1017439976,32,True,0.3365736977242998,0.06618345256745709,0.3325290771843605,0.05465662500182536,0.8033611865248294,0.835633546802517,0.019214938465251432,1.6452889583454242,True,True,True,True,True,True,True,True,True
run-04,outer-context-04,4,4754,True,2,sealed-run04-retrospective,outer_once,1017439976,33,True,0.35338303877115607,0.0948748781321578,0.34750899417809256,0.08247839765727573,0.7315239620382661,0.7626582360771735,0.02264037558948915,1.659103276338554,True,True,True,True,True,True,True,True,True
run-04,outer-context-04,4,4754,True,2,sealed-run04-retrospective,outer_once,1017439976,34,True,0.3656757053225733,0.055013164988531184,0.3625299006274911,0.040251364678125456,0.849557506315596,0.8889709107898254,0.008676792038272142,1.391230266751072,True,True,True,True,True,True,True,True,True
run-04,outer-context-04,4,4754,True,2,sealed-run04-retrospective,outer_once,1017439976,35,True,0.2434113435198676,0.08569223297479611,0.21950331034985998,0.019353961809452133,0.6479530011393994,0.9118283830043181,0.01872126737544457,1.0001215970817412,True,True,True,True,True,True,True,True,True
run-04,outer-context-04,4,4754,True,2,sealed-run04-retrospective,outer_once,1017439976,36,True,0.3410782497022185,0.07381268773052004,0.33299931977293923,0.048873841160690296,0.7835901650282219,0.8532314084184445,0.02550809579816185,1.3758528810136426,True,True,True,True,True,True,True,True,True
run-04,outer-context-04,4,4754,True,2,sealed-run04-retrospective,outer_once,1017439976,37,True,0.34207478101307254,0.07419076034226087,0.3333038391544248,0.0544220606901246,0.783115375759239,0.836719370445325,0.02674581330169022,1.4312515760794824,True,True,True,True,True,True,True,True,True
run-04,outer-context-04,4,4754,True,2,sealed-run04-retrospective,outer_once,1017439976,38,False,0.29727011617327215,0.06650008807261817,0.2934939049044477,0.052934051975795794,0.7762974330260067,0.8196417332992676,0.006235866126808849,1.6164089060852824,True,True,True,True,True,True,True,True,True
run-04,outer-context-04,4,4754,True,2,sealed-run04-retrospective,outer_once,1017439976,39,False,0.2807723195093501,0.08305224634414506,0.2750614246066692,0.07154561835796402,0.7042007328597103,0.7398922133109999,0.019732470100478728,1.8348310413252245,True,True,True,True,True,True,True,True,True
run-04,outer-context-04,4,4754,True,2,sealed-run04-retrospective,outer_once,1017439976,40,True,0.3480567812785831,0.09997380281158344,0.3427719789490185,0.0897311763674584,0.7127658238856008,0.7382190439178099,0.01635448139290029,1.845044562574482,True,True,True,True,True,True,True,True,True
run-04,outer-context-04,4,4754,True,2,sealed-run04-retrospective,outer_once,1017439976,41,False,0.3623554588973105,0.08097718197584293,0.35911361545734916,0.07131142317146787,0.7765255635384497,0.8014237831649763,0.005176382260811811,1.9777506410118073,True,True,True,True,True,True,True,True,True
run-04,outer-context-04,4,4754,True,2,sealed-run04-retrospective,outer_once,1017439976,42,True,0.24196467962928406,0.09969373199432485,0.21059408363554283,0.04781944484165908,0.5879822949900523,0.7729307299799738,0.023515404395067517,1.25992218662605,True,True,True,True,True,True,True,True,True
run-04,outer-context-04,4,4754,True,2,sealed-run04-retrospective,outer_once,1017439976,43,True,0.35109530728330285,0.0818044126221134,0.3398515876255483,0.04841609494131627,0.7670022614226955,0.8575375348999058,0.034954912783767625,1.3176817032499912,True,True,True,True,True,True,True,True,True
run-04,outer-context-04,4,4754,True,2,sealed-run04-retrospective,outer_once,1017439976,44,True,0.36681127058244506,0.0793671012780821,0.3555143390930207,0.03684995148269556,0.7836296001699777,0.8963474959218066,0.014577172727901716,1.250403877021357,True,True,True,True,True,True,True,True,True
run-04,outer-context-04,4,4754,True,2,sealed-run04-retrospective,outer_once,1017439976,45,True,0.3492028048530898,0.06616165634424549,0.33897557295658937,0.020624217746652244,0.8105351519954721,0.9391572154690525,0.004134386891365615,1.1183439929765921,True,True,True,True,True,True,True,True,True
run-04,outer-context-04,4,4754,True,2,sealed-run04-retrospective,outer_once,1017439976,46,True,0.3584587044257997,0.058836348641948144,0.35096262775808,0.041813800306976984,0.8358629657600429,0.8808596784960268,0.0026403749981668977,1.3886612772624671,True,True,True,True,True,True,True,True,True
run-04,outer-context-04,4,4754,True,2,sealed-run04-retrospective,outer_once,1017439976,47,True,0.3872590151712159,0.06887602503638408,0.3801299823098913,0.05691999014414037,0.8221448117716964,0.8502617715175707,0.004078347886727861,1.6112319899782048,True,True,True,True,True,True,True,True,True
run-04,outer-context-04,4,4754,True,2,sealed-run04-retrospective,outer_once,1017439976,48,True,0.3654891479578045,0.056753587654923894,0.36164882936150256,0.04582963306129876,0.8447188159428579,0.8732758705670033,0.0012434248752244827,1.6069441614130615,True,True,True,True,True,True,True,True,True
run-04,outer-context-04,4,4754,True,2,sealed-run04-retrospective,outer_once,1017439976,49,False,0.3428124236111005,0.08186748647678863,0.33678389333805103,0.06590728019328843,0.7611886826783669,0.8043039423885597,0.0035992511171300968,1.6099088621745232,True,True,True,True,True,True,True,True,True
run-04,outer-context-04,4,4754,True,2,sealed-run04-retrospective,outer_once,1017439976,50,True,0.2897464007955197,0.06870687794589288,0.27217717899783195,0.019802069462611697,0.7628723678456293,0.9272456657258196,0.0178737773813097,1.0620685040749376,True,True,True,True,True,True,True,True,True
run-04,outer-context-04,4,4754,True,2,sealed-run04-retrospective,outer_once,1017439976,51,True,0.26925323160698295,0.07016264944313065,0.26084496250065825,0.04652843172363113,0.739417614323961,0.8216241890294749,0.018736651821182622,1.3442511399794588,True,True,True,True,True,True,True,True,True
run-04,outer-context-04,4,4754,True,2,sealed-run04-retrospective,outer_once,1017439976,52,True,0.3182635717983359,0.07927349527092156,0.3111605124803329,0.06161551526710205,0.7509187280750047,0.8019815728674875,0.02054438357701529,1.599147759692783,True,True,True,True,True,True,True,True,True
run-04,outer-context-04,4,4754,True,2,sealed-run04-retrospective,outer_once,1017439976,53,True,0.2878459526319984,0.07519878010263464,0.28200387073511773,0.05839596017668994,0.7387533873065298,0.7929249693471745,0.009254280405031465,1.5225139062891409,True,True,True,True,True,True,True,True,True
run-04,outer-context-04,4,4754,True,2,sealed-run04-retrospective,outer_once,1017439976,54,True,0.29714451987289764,0.05666871368126896,0.28467941175863437,0.019930303169029925,0.809289049969662,0.9299903598721503,0.013686402539587375,1.109267185641197,True,True,True,True,True,True,True,True,True
run-04,outer-context-04,4,4754,True,2,sealed-run04-retrospective,outer_once,1017439976,55,True,0.37647672339343147,0.05698555204506864,0.3687994422391046,0.040245017327487795,0.8486345941087127,0.8908756014294738,0.005040733054080916,1.4464352509105545,True,True,True,True,True,True,True,True,True
run-04,outer-context-04,4,4754,True,2,sealed-run04-retrospective,outer_once,1017439976,56,True,0.3507794549667207,0.053158725313455335,0.34517040779138447,0.04118430658306943,0.8484554196068905,0.8806841326677095,0.0004154009263721283,1.5392649429796434,True,True,True,True,True,True,True,True,True
run-04,outer-context-04,4,4754,True,2,sealed-run04-retrospective,outer_once,1017439976,57,True,0.3281010537216518,0.0577194642865957,0.32149208362524534,0.01915737680165082,0.824080222748804,0.9404110465625585,0.01915737680165085,1.0320093645921973,True,True,True,True,True,True,True,True,True
run-04,outer-context-04,4,4754,True,2,sealed-run04-retrospective,outer_once,1017439976,58,True,0.31256010353789304,0.07809052560900438,0.2981400380798031,0.028710511012974452,0.7501583704219079,0.9037012566380316,0.02520345600265503,1.1135297563354174,True,True,True,True,True,True,True,True,True
run-04,outer-context-04,4,4754,True,2,sealed-run04-retrospective,outer_once,1017439976,59,True,0.30375351219372493,0.06593083977301965,0.29257155858577644,0.018516175222414093,0.7829462471170673,0.9367123198443587,0.005327718336577799,1.0561107078347536,True,True,True,True,True,True,True,True,True
run-04,outer-context-04,4,4754,True,2,sealed-run04-retrospective,outer_once,1017439976,60,True,0.2735642413075225,0.07359272335888475,0.2600697884657961,0.04133196572689526,0.730985588587374,0.8410735596367389,0.037150543547499235,1.1095627061638969,True,True,True,True,True,True,True,True,True
run-04,outer-context-04,4,4754,True,2,sealed-run04-retrospective,outer_once,1017439976,61,True,0.3190844845816142,0.0885437894618674,0.3141407799464908,0.06932550329653202,0.7225067537270994,0.7793170841800908,0.034707681042951334,1.5332946214559253,True,True,True,True,True,True,True,True,True
run-04,outer-context-04,4,4754,True,2,sealed-run04-retrospective,outer_once,1017439976,62,False,0.29677121668329287,0.13588068469238634,0.28966088051841726,0.11691060707533085,0.542136578435789,0.5963880008025543,0.010885957301614433,1.9076418682977545,True,True,True,True,True,True,True,True,True
run-04,outer-context-04,4,4754,True,2,sealed-run04-retrospective,outer_once,1017439976,63,True,0.3003332779170475,0.08075076820985495,0.2917926094296242,0.0514898021704571,0.7311294680033479,0.8235397316227242,0.03481896962422326,1.294102520311599,True,True,True,True,True,True,True,True,True
run-04,outer-context-04,4,4754,True,2,sealed-run04-retrospective,outer_once,1017439976,64,False,0.27305899538089773,0.06498595983586554,0.2661115492091661,0.04828323008976106,0.7620076213009764,0.8185601856317404,0.007086120221000424,1.568888256399852,True,True,True,True,True,True,True,True,True
run-04,outer-context-04,4,4754,True,2,sealed-run04-retrospective,outer_once,1017439976,65,True,0.29310459012757745,0.060517255804037724,0.2880083700631601,0.04282256246108435,0.7935301669015254,0.8513148682043742,0.0020841435102230683,1.5499373875652722,True,True,True,True,True,True,True,True,True
run-04,outer-context-04,4,4754,True,2,sealed-run04-retrospective,outer_once,1017439976,66,True,0.29204963785624605,0.08452495319919147,0.26822123087378275,0.04732347964201388,0.710580181438894,0.8235654967063999,0.028611338385093013,1.224881830100391,True,True,True,True,True,True,True,True,True
run-04,outer-context-04,4,4754,True,2,sealed-run04-retrospective,outer_once,1017439976,67,True,0.3249270361075447,0.09768610253503147,0.3034462569566063,0.06690903486414888,0.6993598818206707,0.7795028499108589,0.014841073281143794,1.4478100920409214,True,True,True,True,True,True,True,True,True
run-04,outer-context-04,4,4754,True,2,sealed-run04-retrospective,outer_once,1017439976,68,True,0.3515543594204166,0.08562810410764153,0.33693890866009274,0.06203582663417824,0.7564299750149288,0.8158840518571259,0.022385887943525126,1.4944184832256866,True,True,True,True,True,True,True,True,True
run-04,outer-context-04,4,4754,True,2,sealed-run04-retrospective,outer_once,1017439976,69,True,0.3507394643736709,0.07804811229498773,0.336136855796538,0.047759807579304175,0.7774755332013712,0.8579155877860268,0.008737379506381659,1.331433353013697,True,True,True,True,True,True,True,True,True
run-04,outer-context-04,4,4754,True,2,sealed-run04-retrospective,outer_once,1017439976,70,True,0.3626006936963513,0.15321444233170756,0.3575425794941427,0.14668960782266716,0.5774568416573074,0.5897282834670877,0.0367890351889273,2.871718603501681,True,True,True,True,True,False,True,False,False
run-04,outer-context-04,4,4754,True,2,sealed-run04-retrospective,outer_once,1017439976,71,True,0.37612578795475504,0.1395240069901867,0.3693838089013796,0.12862591085385122,0.6290496119692535,0.6517824881485464,0.029835371064858396,2.289825514523069,True,True,True,True,True,False,True,False,False
run-04,outer-context-04,4,4754,True,2,sealed-run04-retrospective,outer_once,1017439976,72,True,0.337662910644983,0.12918537751026346,0.33254391546996503,0.12181483913585361,0.6174131850504354,0.6336879627952303,0.008904596660164842,2.5615570536684746,True,True,True,True,True,False,True,False,False
run-04,outer-context-04,4,4754,True,2,sealed-run04-retrospective,outer_once,1017439976,73,True,0.38913895860936304,0.1942824604698173,0.3824961521609223,0.18651807275917914,0.500737574145467,0.5123661461548299,0.04966053288844761,2.9207399700855547,True,True,True,True,True,False,True,False,False
run-04,outer-context-04,4,4754,True,2,sealed-run04-retrospective,outer_once,1017439976,74,True,0.40462677832451216,0.19330759536632447,0.39802034051401264,0.18728917896528707,0.5222570385312189,0.529448221858668,0.06213530838772642,3.036488290287574,True,True,True,True,True,False,True,False,False
run-04,outer-context-04,4,4754,True,2,sealed-run04-retrospective,outer_once,1017439976,75,True,0.3721262764335698,0.13186999848499686,0.36540402814730294,0.12426287527076767,0.6456310482860039,0.6599301986329653,0.04830968814605659,2.1735417484307695,True,True,True,True,True,False,True,False,False
run-04,outer-context-04,4,4754,True,2,sealed-run04-retrospective,outer_once,1017439976,76,True,0.3548454028137446,0.091863930379915,0.3376227934630094,0.0719704371525726,0.7411156248566828,0.7868318177976991,0.026403457606712716,1.570020383358983,True,True,True,True,True,True,True,True,True
run-04,outer-context-04,4,4754,True,2,sealed-run04-retrospective,outer_once,1017439976,77,True,0.37840928771444887,0.09782771122511055,0.3629323960799917,0.07907460188200553,0.7414764531389297,0.782123054496967,0.029932179151978246,1.6073632853124236,True,True,True,True,True,True,True,True,True
run-04,outer-context-04,4,4754,True,2,sealed-run04-retrospective,outer_once,1017439976,78,True,0.3736136634145022,0.07990104899551458,0.36239765177922006,0.061331359897189935,0.786139917193368,0.8307622590927984,0.008069024137158976,1.5506734841595982,True,True,True,True,True,True,True,True,True
run-04,outer-context-04,4,4754,True,2,sealed-run04-retrospective,outer_once,1017439976,79,True,0.3092330006454962,0.07169102044571203,0.2965076115527734,0.04814111603695745,0.7681650396430412,0.8376395270770675,0.006417217573174233,1.352083895304144,True,True,True,True,True,True,True,True,True
run-04,outer-context-04,4,4754,True,2,sealed-run04-retrospective,outer_once,1017439976,80,True,0.3352978745658832,0.08390593856319621,0.3294695721332105,0.07548361908506046,0.7497570222542242,0.7708935043793935,0.009596748183012819,1.7308846466861065,True,True,True,True,True,True,True,True,True
run-04,outer-context-04,4,4754,True,2,sealed-run04-retrospective,outer_once,1017439976,81,False,0.25408023214649855,0.09831720857598847,0.2460525992996639,0.08496427430170078,0.6130466044312319,0.6546906045961984,0.0017561809139674633,1.835891935867976,True,True,True,True,True,True,True,True,True
run-04,outer-context-04,4,4754,True,2,sealed-run04-retrospective,outer_once,1017439976,82,True,0.4092981076996921,0.22104388320606685,0.40528398130802684,0.21431098996562728,0.4599440382259233,0.4712078447464098,0.06669191448069037,3.404647211998839,True,True,True,True,True,False,True,False,False
run-04,outer-context-04,4,4754,True,2,sealed-run04-retrospective,outer_once,1017439976,83,True,0.4363301093456071,0.23640498253482015,0.43214846517559613,0.2303071085607424,0.45819695347320355,0.4670648466444025,0.06940541245356711,3.6510785254357625,True,True,True,True,True,False,True,False,False
run-04,outer-context-04,4,4754,True,2,sealed-run04-retrospective,outer_once,1017439976,84,True,0.4358349080827491,0.23889576415862063,0.43157889619020434,0.23267701480894512,0.45186638397201756,0.46087026760826527,0.0722677935387759,3.6089929441139494,True,True,True,True,True,False,True,False,False
run-04,outer-context-04,4,4754,True,2,sealed-run04-retrospective,outer_once,1017439976,85,True,0.41976316785868883,0.22329345033531156,0.4150813502969599,0.2169278138361423,0.46804896800644935,0.4773848218404741,0.06873581487867114,3.3915696654805365,True,True,True,True,True,False,True,False,False
run-04,outer-context-04,4,4754,True,2,sealed-run04-retrospective,outer_once,1017439976,86,True,0.3765940267656872,0.17835735314686205,0.37071340724426693,0.17125655049147964,0.5263935684836709,0.5380351852809119,0.05696482896202402,2.7287065314030587,True,True,True,True,True,False,True,False,False
run-04,outer-context-04,4,4754,True,2,sealed-run04-retrospective,outer_once,1017439976,87,True,0.3558030090206933,0.15800716383264343,0.34612383764037985,0.14283638626764525,0.5559139191443605,0.5873257755334055,0.03274318941092535,2.0614091252768216,True,True,True,True,True,False,True,False,False
run-04,outer-context-04,4,4754,True,2,sealed-run04-retrospective,outer_once,1017439976,88,True,0.34139786101349634,0.12879224109589443,0.33323364801997163,0.11710414563507576,0.622750298688008,0.648582469594855,0.039610606733238386,2.0236424547032783,True,True,True,True,True,False,True,False,False
run-04,outer-context-04,4,4754,True,2,sealed-run04-retrospective,outer_once,1017439976,89,True,0.3460679393095708,0.12087925851095119,0.3389772194677429,0.10206105156426357,0.6507065671783593,0.6989147184447428,0.03692476019822021,1.893377173844362,True,True,True,True,True,True,True,True,True
run-04,outer-context-04,4,4754,True,2,sealed-run04-retrospective,outer_once,1017439976,90,False,0.13863975885546717,0.07182189686760905,0.11527922123507714,0.031135682939890417,0.48195310305982403,0.7299107106527152,0.024329145734549515,1.095137020694027,True,True,True,True,True,True,True,True,True
run-04,outer-context-04,4,4754,True,2,sealed-run04-retrospective,outer_once,1017439976,91,True,0.3024276553253639,0.06638077040096682,0.29569699264705157,0.03951854813138909,0.7805069436207753,0.8663545821767655,0.006885762034720164,1.3016398920906396,True,True,True,True,True,True,True,True,True
run-04,outer-context-04,4,4754,True,2,sealed-run04-retrospective,outer_once,1017439976,92,False,0.31158157770618955,0.11555690722491047,0.30417345160116177,0.1011839197236812,0.6291279218892827,0.6673479582420772,0.014503401396215618,1.7530146253175602,True,True,True,True,True,True,True,True,True
run-04,outer-context-04,4,4754,True,2,sealed-run04-retrospective,outer_once,1017439976,93,False,0.2516010907691368,0.09817621690334888,0.24675084953277726,0.09034564067307164,0.6097941523098044,0.6338588465079609,0.00962001175404473,2.053547823389244,True,True,True,True,True,False,True,False,False
run-04,outer-context-04,4,4754,True,2,sealed-run04-retrospective,outer_once,1017439976,94,False,0.36320800616444343,0.11406016936827865,0.3581055534843412,0.1079803112782067,0.6859646058665414,0.6984679231372817,0.01344676295909541,2.1971184401385666,True,True,True,True,True,False,True,False,False
run-04,outer-context-04,4,4754,True,2,sealed-run04-retrospective,outer_once,1017439976,95,False,0.34175022090304125,0.101584884490221,0.33706997273704714,0.09379986251123783,0.7027510787797211,0.7217199095203524,0.009981062657902894,1.9724993644700564,True,True,True,True,True,True,True,True,True
run-04,outer-context-05,5,5815,True,0,sealed-run04-retrospective,outer_once,211021344,0,True,0.39280787222894414,0.0851801970840253,0.3839365792520371,0.07830399493666698,0.7831504837194839,0.7960496624489016,0.002165287626618501,2.102764411715566,True,True,True,True,True,False,True,False,False
run-04,outer-context-05,5,5815,True,0,sealed-run04-retrospective,outer_once,211021344,1,True,0.4556936982933556,0.07844285994873218,0.44616540389157083,0.07077574633489503,0.8278605558020377,0.8413688158750756,0.00508939961514868,2.0031014802805687,True,True,True,True,True,False,True,False,False
run-04,outer-context-05,5,5815,True,0,sealed-run04-retrospective,outer_once,211021344,2,True,0.47747339871433797,0.03709990460060979,0.4661069232585938,0.02025778702928454,0.9222995360568644,0.9565383262542839,0.0074747860325827375,1.3063153587161058,True,True,True,True,True,True,True,True,True
run-04,outer-context-05,5,5815,True,0,sealed-run04-retrospective,outer_once,211021344,3,True,0.40372689429076014,0.05712753390844331,0.3891130613406826,0.03644320837648388,0.8584995582005973,0.9063428807788683,0.015495291816775062,1.3630164399718927,True,True,True,True,True,True,True,True,True
run-04,outer-context-05,5,5815,True,0,sealed-run04-retrospective,outer_once,211021344,4,False,0.23495596119530318,0.09358083654669995,0.230103190139938,0.08283524631913497,0.6017090348735079,0.6400082664270823,0.01738812892497353,1.920340030220152,True,True,True,True,True,True,True,True,True
run-04,outer-context-05,5,5815,True,0,sealed-run04-retrospective,outer_once,211021344,5,True,0.3311244565485909,0.118930420691936,0.32468206506325065,0.11010037839402469,0.6408286421015733,0.6608978744404121,0.03030610939288961,2.2701660007395503,True,True,True,True,True,False,True,False,False
run-04,outer-context-05,5,5815,True,0,sealed-run04-retrospective,outer_once,211021344,6,True,0.33201353186075355,0.13477191575793687,0.32689292931656294,0.12794774054979924,0.5940770395633748,0.6085943467260049,0.03773780326579717,2.2354023711299393,True,True,True,True,True,False,True,False,False
run-04,outer-context-05,5,5815,True,0,sealed-run04-retrospective,outer_once,211021344,7,True,0.30441063039494115,0.08244658211987733,0.29945414477699406,0.07286025997439216,0.7291599770582536,0.7566897595334612,4.290971413580425e-05,1.8856099622361204,True,True,True,True,True,True,True,True,True
run-04,outer-context-05,5,5815,True,0,sealed-run04-retrospective,outer_once,211021344,8,True,0.36579204534794396,0.07092330593854265,0.3616742128717756,0.06032457143533413,0.8061103109252146,0.8332074300892416,0.0029150098042635296,1.7934891976921157,True,True,True,True,True,True,True,True,True
run-04,outer-context-05,5,5815,True,0,sealed-run04-retrospective,outer_once,211021344,9,False,0.279302184673322,0.09287418726854743,0.27258923997473916,0.07960037515167932,0.6674777629212778,0.7079841626945513,0.007020688878208374,1.639569850785864,True,True,True,True,True,True,True,True,True
run-04,outer-context-05,5,5815,True,0,sealed-run04-retrospective,outer_once,211021344,10,True,0.3732700368935324,0.10541562375853354,0.36729784350489814,0.09482643658882398,0.7175888409478708,0.7418268626791995,0.02944561325812944,1.937055309895382,True,True,True,True,True,True,True,True,True
run-04,outer-context-05,5,5815,True,0,sealed-run04-retrospective,outer_once,211021344,11,False,0.3632592165080369,0.16917229786201618,0.3563575631420512,0.1547564750404275,0.5342931708980512,0.5657269802949615,0.013478907337628509,2.0009839245991263,True,True,True,True,True,False,True,False,False
run-04,outer-context-05,5,5815,True,0,sealed-run04-retrospective,outer_once,211021344,12,True,0.3437761957288839,0.1025002519503672,0.33478989431449035,0.08482799833888272,0.7018401703671096,0.7466231813460947,0.032301376253297855,1.7359631017714483,True,True,True,True,True,True,True,True,True
run-04,outer-context-05,5,5815,True,0,sealed-run04-retrospective,outer_once,211021344,13,True,0.34352192592790876,0.11564309820993539,0.3352340314114556,0.10266947647309731,0.6633603578648888,0.6937379059016712,0.00562142896748273,2.0905596724675073,True,True,True,True,True,False,True,False,False
run-04,outer-context-05,5,5815,True,0,sealed-run04-retrospective,outer_once,211021344,14,True,0.27900740628773035,0.10407242109285156,0.27263197860014293,0.0921307136950815,0.6269904714087575,0.662069306146197,0.02739623506803275,1.8017547845026785,True,True,True,True,True,True,True,True,True
run-04,outer-context-05,5,5815,True,0,sealed-run04-retrospective,outer_once,211021344,15,True,0.35752774818332383,0.11742538365225581,0.3512375169215495,0.10629390471410978,0.6715628807864014,0.697373146109984,0.007227145588853829,2.1233152195549856,True,True,True,True,True,False,True,False,False
run-04,outer-context-05,5,5815,True,0,sealed-run04-retrospective,outer_once,211021344,16,True,0.3553892520970287,0.10911520632786294,0.3501603276886094,0.09774361274455798,0.6929698754703134,0.7208604030337799,0.002373805228746057,2.2490144499771665,True,True,True,True,True,False,True,False,False
run-04,outer-context-05,5,5815,True,0,sealed-run04-retrospective,outer_once,211021344,17,True,0.34825074751302953,0.11439370606543839,0.3405444970502894,0.09983551109547849,0.6715191370517921,0.7068356354008697,0.016933324969780512,1.9986246041682056,True,True,True,True,True,True,True,True,True
run-04,outer-context-05,5,5815,True,0,sealed-run04-retrospective,outer_once,211021344,18,True,0.3638800467475195,0.10201451975981388,0.35893655738398655,0.08872478854293503,0.7196479425798322,0.7528120590736647,0.016324026528290177,1.7421118990580924,True,True,True,True,True,True,True,True,True
run-04,outer-context-05,5,5815,True,0,sealed-run04-retrospective,outer_once,211021344,19,False,0.3088219170589969,0.12198059205013942,0.2992826169219352,0.10491649964147691,0.6050131635351632,0.6494400486051506,0.00932531589873889,1.5428240102750321,True,True,True,True,True,True,True,True,True
run-04,outer-context-05,5,5815,True,0,sealed-run04-retrospective,outer_once,211021344,20,True,0.3083171069299004,0.07790711169728357,0.29872952538743897,0.050130876615436505,0.7473149885419861,0.8321864015603447,0.001139708345807489,1.3735412320271594,True,True,True,True,True,True,True,True,True
run-04,outer-context-05,5,5815,True,0,sealed-run04-retrospective,outer_once,211021344,21,True,0.3784213596978431,0.08839822721570298,0.3705684030455429,0.06985854081122056,0.7664026489247698,0.8114827377696449,0.010389643650512068,1.6385566002086203,True,True,True,True,True,True,True,True,True
run-04,outer-context-05,5,5815,True,0,sealed-run04-retrospective,outer_once,211021344,22,False,0.2772930491389369,0.07781590088722416,0.27090878258632534,0.05705133572585975,0.7193730563068145,0.789407581470046,0.0026195860958792916,1.6543575754801618,True,True,True,True,True,True,True,True,True
run-04,outer-context-05,5,5815,True,0,sealed-run04-retrospective,outer_once,211021344,23,True,0.3383479061850654,0.13510563456206476,0.3274630169568123,0.11809254876065928,0.6006902005530179,0.6393713407452237,0.04080919866269581,1.974277312798222,True,True,True,True,True,True,True,True,True
run-04,outer-context-05,5,5815,True,0,sealed-run04-retrospective,outer_once,211021344,24,False,0.2563261050801195,0.09463190184975351,0.24696096877674775,0.07692163535634956,0.6308144197011282,0.6885271557794763,0.027355282030865652,1.7462675234777043,True,True,True,True,True,True,True,True,True
run-04,outer-context-05,5,5815,True,0,sealed-run04-retrospective,outer_once,211021344,25,True,0.36173233920832604,0.09262805926062803,0.3481554547476312,0.07343827631851721,0.7439320480348803,0.7890646970568056,0.006746927450570071,1.5819090294895293,True,True,True,True,True,True,True,True,True
run-04,outer-context-05,5,5815,True,0,sealed-run04-retrospective,outer_once,211021344,26,True,0.30897488121846817,0.07467080568645433,0.29560893871619964,0.04182770600739975,0.7583272614525045,0.8585032435451602,0.016694723301550432,1.145829007777877,True,True,True,True,True,True,True,True,True
run-04,outer-context-05,5,5815,True,0,sealed-run04-retrospective,outer_once,211021344,27,False,0.2450383110668243,0.10980867535953578,0.2349195674464471,0.08713678759449417,0.5518713996947607,0.6290782051845974,0.013571338486373452,1.5530955073383004,True,True,True,True,True,True,True,True,True
run-04,outer-context-05,5,5815,True,0,sealed-run04-retrospective,outer_once,211021344,28,True,0.2899541963775869,0.0817405991265686,0.2792308636104908,0.05495452034608228,0.7180913394330614,0.803193244344435,0.0031611796938500903,1.2988065430068563,True,True,True,True,True,True,True,True,True
run-04,outer-context-05,5,5815,True,0,sealed-run04-retrospective,outer_once,211021344,29,True,0.2853345918617209,0.08970069862283475,0.27460136343314007,0.06277042002596175,0.6856297792792485,0.7714125696930667,0.020378528294494144,1.3090495724079192,True,True,True,True,True,True,True,True,True
run-04,outer-context-05,5,5815,True,0,sealed-run04-retrospective,outer_once,211021344,30,False,0.28339864264170883,0.12816553272449485,0.27766290381956116,0.1170986462877392,0.5477553049309056,0.5782704686981319,0.026134640432147752,2.254982711908509,True,True,True,True,True,False,True,False,False
run-04,outer-context-05,5,5815,True,0,sealed-run04-retrospective,outer_once,211021344,31,True,0.37355139938485826,0.0635854636846421,0.3666674344879116,0.046418789357975436,0.8297812194269629,0.8734035668512422,0.00613417006063954,1.554227646398871,True,True,True,True,True,True,True,True,True
run-04,outer-context-05,5,5815,True,0,sealed-run04-retrospective,outer_once,211021344,32,True,0.34635764482416215,0.07024718323406681,0.34011083108913615,0.05697739487293517,0.797183101675929,0.8324740359180076,0.022103448424093557,1.6889560124885414,True,True,True,True,True,True,True,True,True
run-04,outer-context-05,5,5815,True,0,sealed-run04-retrospective,outer_once,211021344,33,True,0.36260008889347717,0.09887968187329817,0.3528216596549518,0.08448862701541207,0.7273037572190267,0.760534466341893,0.013740770934073984,1.68946419617939,True,True,True,True,True,True,True,True,True
run-04,outer-context-05,5,5815,True,0,sealed-run04-retrospective,outer_once,211021344,34,True,0.3635247267144158,0.06574635106046481,0.35720524617065486,0.05013052409097361,0.8191420109033877,0.8596590486047235,0.011152635620568573,1.5119259109017558,True,True,True,True,True,True,True,True,True
run-04,outer-context-05,5,5815,True,0,sealed-run04-retrospective,outer_once,211021344,35,True,0.23436411438785,0.07800187883093405,0.20902673173113961,0.021269900184203373,0.667176525575718,0.8982431576667343,0.019259368823175076,1.066656012028836,True,True,True,True,True,True,True,True,True
run-04,outer-context-05,5,5815,True,0,sealed-run04-retrospective,outer_once,211021344,36,True,0.3336780949266168,0.0703811054916625,0.3196474198488666,0.04402674298615815,0.7890748402074734,0.862264669594472,0.017918087532705494,1.350103181115523,True,True,True,True,True,True,True,True,True
run-04,outer-context-05,5,5815,True,0,sealed-run04-retrospective,outer_once,211021344,37,True,0.3609466325822789,0.07663836165751726,0.34602064470676036,0.05176171576374636,0.7876739807510261,0.850408591060766,0.012626612355225835,1.4558682043096374,True,True,True,True,True,True,True,True,True
run-04,outer-context-05,5,5815,True,0,sealed-run04-retrospective,outer_once,211021344,38,False,0.3382088923329004,0.0896910274288484,0.3291533783998912,0.07217453547568957,0.7348058272206364,0.7807267364942427,0.02648437986601852,1.8763446077483585,True,True,True,True,True,True,True,True,True
run-04,outer-context-05,5,5815,True,0,sealed-run04-retrospective,outer_once,211021344,39,False,0.2779697447756163,0.08757539596811051,0.2711303791687253,0.07386888519374883,0.6849463021998908,0.7275521635744846,0.0225685601303466,1.8253473912220508,True,True,True,True,True,True,True,True,True
run-04,outer-context-05,5,5815,True,0,sealed-run04-retrospective,outer_once,211021344,40,True,0.361447940474999,0.10317452144002069,0.35569656836848185,0.0941863092029044,0.7145521944199398,0.7352060222708344,0.02781189282057796,1.8701534422879875,True,True,True,True,True,True,True,True,True
run-04,outer-context-05,5,5815,True,0,sealed-run04-retrospective,outer_once,211021344,41,False,0.3649701350577737,0.08191312564572881,0.3595533658125254,0.07200747714617182,0.7755621137801805,0.7997307660200927,0.007226143570489916,1.9918506354876913,True,True,True,True,True,True,True,True,True
run-04,outer-context-05,5,5815,True,0,sealed-run04-retrospective,outer_once,211021344,42,True,0.2480306097105547,0.08883759614876037,0.21552013324984598,0.055212179238435695,0.6418280943129094,0.743818925842859,0.021149131555336504,1.3414953011588513,True,True,True,True,True,True,True,True,True
run-04,outer-context-05,5,5815,True,0,sealed-run04-retrospective,outer_once,211021344,43,True,0.35636191573760284,0.06323086901190324,0.34043533023470596,0.03223251239726713,0.8225655822928578,0.9053197199742897,0.027998024607159343,1.1667056211205025,True,True,True,True,True,True,True,True,True
run-04,outer-context-05,5,5815,True,0,sealed-run04-retrospective,outer_once,211021344,44,True,0.3691970057728555,0.06132798303242462,0.35223828584787803,0.02359153428927581,0.8338881895749827,0.9330239351111755,0.012668163470779915,1.136828495904993,True,True,True,True,True,True,True,True,True
run-04,outer-context-05,5,5815,True,0,sealed-run04-retrospective,outer_once,211021344,45,True,0.36883204643027107,0.05677260584010257,0.3504257693515145,0.012201963799285138,0.8460746391492432,0.9651796047366447,0.0016641501826463489,1.0597502968710295,True,True,True,True,True,True,True,True,True
run-04,outer-context-05,5,5815,True,0,sealed-run04-retrospective,outer_once,211021344,46,True,0.3978635370008744,0.062737161673926,0.38702151109539434,0.04098591785676466,0.8423148747260342,0.8940991219305577,0.00037205154592015536,1.3855403867991791,True,True,True,True,True,True,True,True,True
run-04,outer-context-05,5,5815,True,0,sealed-run04-retrospective,outer_once,211021344,47,True,0.41194364939179196,0.07398837468753744,0.40521510362496205,0.06393111524026532,0.820392000709863,0.8422291897109656,0.004181009613325317,1.6673526944111334,True,True,True,True,True,True,True,True,True
run-04,outer-context-05,5,5815,True,0,sealed-run04-retrospective,outer_once,211021344,48,True,0.37932904795132427,0.05745332205666542,0.37557634895866226,0.05008020321656368,0.8485396191856157,0.8666577292329029,0.005609949119278867,1.6534370473069113,True,True,True,True,True,True,True,True,True
run-04,outer-context-05,5,5815,True,0,sealed-run04-retrospective,outer_once,211021344,49,False,0.3339776020335709,0.07865841649994082,0.32775623397674963,0.06038227460309952,0.7644799650605486,0.8157707822351201,0.003972169018142966,1.5660924414618624,True,True,True,True,True,True,True,True,True
run-04,outer-context-05,5,5815,True,0,sealed-run04-retrospective,outer_once,211021344,50,True,0.26293131478920256,0.06319812318060564,0.24913242958122192,0.02813906433361372,0.7596401811960934,0.8870517805292794,0.028102664570405365,1.0342904768962493,True,True,True,True,True,True,True,True,True
run-04,outer-context-05,5,5815,True,0,sealed-run04-retrospective,outer_once,211021344,51,True,0.2751576919646159,0.062226038001876184,0.2659911074080423,0.040827394117476885,0.7738531764909622,0.8465084246036624,0.01618332008978993,1.2952211814919048,True,True,True,True,True,True,True,True,True
run-04,outer-context-05,5,5815,True,0,sealed-run04-retrospective,outer_once,211021344,52,True,0.31262409627358834,0.07371624647911137,0.3070243366339262,0.060095431111709056,0.7642016486963318,0.8042649264531673,0.025540442878651665,1.569340595575848,True,True,True,True,True,True,True,True,True
run-04,outer-context-05,5,5815,True,0,sealed-run04-retrospective,outer_once,211021344,53,True,0.2809193990023264,0.06645142118042402,0.27519965561211135,0.05186118129788716,0.7634502230304369,0.8115507042240471,0.012050618550383611,1.4748815611109727,True,True,True,True,True,True,True,True,True
run-04,outer-context-05,5,5815,True,0,sealed-run04-retrospective,outer_once,211021344,54,True,0.32095876241022636,0.062087178776283516,0.30586514920285235,0.01915036394250529,0.8065571467498116,0.9373895195565265,0.009820766359892279,1.107583140860823,True,True,True,True,True,True,True,True,True
run-04,outer-context-05,5,5815,True,0,sealed-run04-retrospective,outer_once,211021344,55,True,0.4021446332329885,0.05812633096042047,0.393581109511007,0.042099529628210126,0.8554591404263647,0.8930346792291037,0.0006445681005771248,1.4620292350486055,True,True,True,True,True,True,True,True,True
run-04,outer-context-05,5,5815,True,0,sealed-run04-retrospective,outer_once,211021344,56,True,0.34814020582220556,0.05106873580822136,0.34347048575893807,0.04033630575769676,0.8533098592056844,0.8825625274073579,0.005417780929871758,1.5254920751671008,True,True,True,True,True,True,True,True,True
run-04,outer-context-05,5,5815,True,0,sealed-run04-retrospective,outer_once,211021344,57,True,0.31793323321164635,0.0536993228858652,0.30771725163526853,0.0215373383230674,0.8310987425145396,0.9300093244411424,0.021406436966705203,1.0173754746561847,True,True,True,True,True,True,True,True,True
run-04,outer-context-05,5,5815,True,0,sealed-run04-retrospective,outer_once,211021344,58,True,0.29050131025799264,0.07445735035768153,0.2753049388284904,0.02871009092806285,0.743693581651813,0.8957153073597831,0.027405281662311473,1.0923282824431642,True,True,True,True,True,True,True,True,True
run-04,outer-context-05,5,5815,True,0,sealed-run04-retrospective,outer_once,211021344,59,True,0.29880390074130325,0.060883984550537555,0.2861136088639452,0.01686079233333535,0.796240998194835,0.9410695898028635,0.004543959074302865,1.0390802081216939,True,True,True,True,True,True,True,True,True
run-04,outer-context-05,5,5815,True,0,sealed-run04-retrospective,outer_once,211021344,60,True,0.2544219927108736,0.07196159789998366,0.24412263068549994,0.03956736991421158,0.717156535355962,0.8379201067795073,0.037751106715610355,1.089366931926382,True,True,True,True,True,True,True,True,True
run-04,outer-context-05,5,5815,True,0,sealed-run04-retrospective,outer_once,211021344,61,True,0.3472082733351319,0.08126755939353497,0.34095302211122486,0.06219739566272815,0.7659400261033124,0.8175778138654003,0.024203016633981386,1.4935835331575384,True,True,True,True,True,True,True,True,True
run-04,outer-context-05,5,5815,True,0,sealed-run04-retrospective,outer_once,211021344,62,False,0.2954802578544719,0.10909808649240593,0.28805170013473036,0.09283930554204599,0.6307770702361502,0.6776991578295761,0.006088047987375664,1.6951152580379025,True,True,True,True,True,True,True,True,True
run-04,outer-context-05,5,5815,True,0,sealed-run04-retrospective,outer_once,211021344,63,True,0.3256717824814104,0.07878352994289431,0.3171475952240538,0.043422025167541844,0.7580891738835515,0.8630857499112813,0.02966097303566704,1.2590137815229572,True,True,True,True,True,True,True,True,True
run-04,outer-context-05,5,5815,True,0,sealed-run04-retrospective,outer_once,211021344,64,False,0.29453455918162597,0.0839801955004023,0.2867439438862452,0.06289322546630063,0.7148715052870398,0.7806641541791336,0.001574198944589143,1.8176023465349758,True,True,True,True,True,True,True,True,True
run-04,outer-context-05,5,5815,True,0,sealed-run04-retrospective,outer_once,211021344,65,True,0.2914986469452073,0.05157543340136498,0.284924519797438,0.0360856508320436,0.8230680178386572,0.8733501389852371,0.0008417668965044951,1.422517589755165,True,True,True,True,True,True,True,True,True
run-04,outer-context-05,5,5815,True,0,sealed-run04-retrospective,outer_once,211021344,66,True,0.4184979488641287,0.07458816292429438,0.3857753876342833,0.029703999591122094,0.8217717359744803,0.9230018281537401,0.006652305242826947,1.1585355579909784,True,True,True,True,True,True,True,True,True
run-04,outer-context-05,5,5815,True,0,sealed-run04-retrospective,outer_once,211021344,67,True,0.43272513434680426,0.09013188578296989,0.40690420597248983,0.06476784946054999,0.7917109993644733,0.8408277709841888,0.022789310292376595,1.41711555860621,True,True,True,True,True,True,True,True,True
run-04,outer-context-05,5,5815,True,0,sealed-run04-retrospective,outer_once,211021344,68,True,0.443204014666993,0.08599274223824353,0.4246574866031887,0.0669699536551249,0.8059748120674058,0.8422965430544653,0.01670362797312017,1.538206460436114,True,True,True,True,True,True,True,True,True
run-04,outer-context-05,5,5815,True,0,sealed-run04-retrospective,outer_once,211021344,69,True,0.4427211494839972,0.07534555159793654,0.4197803411393492,0.049068366583489315,0.8298126220404114,0.8831094222985524,0.010228086137861631,1.3497644869709053,True,True,True,True,True,True,True,True,True
run-04,outer-context-05,5,5815,True,0,sealed-run04-retrospective,outer_once,211021344,70,True,0.39158072171728386,0.16275372364706503,0.38548576221792696,0.15705915277759597,0.5843673740287677,0.5925682134822775,0.03649758412527817,2.980125968594111,True,True,True,True,True,False,True,False,False
run-04,outer-context-05,5,5815,True,0,sealed-run04-retrospective,outer_once,211021344,71,True,0.40996510746307185,0.14940525632946763,0.4005433246456698,0.14002211022436045,0.6355659210755503,0.6504195636059411,0.03046190469260511,2.3816849164828717,True,True,True,True,True,False,True,False,False
run-04,outer-context-05,5,5815,True,0,sealed-run04-retrospective,outer_once,211021344,72,True,0.36546281294789534,0.13923029315742128,0.358538460295728,0.13273229247869198,0.6190302043746607,0.6297962222261669,0.01455806002611574,2.681086606871807,True,True,True,True,True,False,True,False,False
run-04,outer-context-05,5,5815,True,0,sealed-run04-retrospective,outer_once,211021344,73,True,0.40270736788336875,0.20450846158209612,0.3948110413216792,0.1963005929430074,0.4921660791631569,0.5027986241573522,0.03146748562088994,3.0547703164390856,True,True,True,True,True,False,True,False,False
run-04,outer-context-05,5,5815,True,0,sealed-run04-retrospective,outer_once,211021344,74,True,0.41734321315243517,0.2010972251802263,0.4102556078788191,0.19355919071211977,0.5181490465336134,0.5281985498921123,0.03973611859329923,3.163447591679802,True,True,True,True,True,False,True,False,False
run-04,outer-context-05,5,5815,True,0,sealed-run04-retrospective,outer_once,211021344,75,True,0.3829591771183613,0.13309169503004065,0.37645028207380543,0.12405642213911418,0.6524650589874598,0.6704573537421546,0.027553932772583153,2.211263335731906,True,True,True,True,True,False,True,False,False
run-04,outer-context-05,5,5815,True,0,sealed-run04-retrospective,outer_once,211021344,76,True,0.47631280447443336,0.0816261422551754,0.45495008891031596,0.05929490816515471,0.8286291246248519,0.869667223701008,0.005849951331809781,1.4947897374089054,True,True,True,True,True,True,True,True,True
run-04,outer-context-05,5,5815,True,0,sealed-run04-retrospective,outer_once,211021344,77,True,0.4927027864919917,0.08952942182348597,0.4730055148746353,0.07103848259059331,0.8182891912162118,0.8498146842760993,0.0183642422762226,1.5716383162322691,True,True,True,True,True,True,True,True,True
run-04,outer-context-05,5,5815,True,0,sealed-run04-retrospective,outer_once,211021344,78,True,0.47536905918457234,0.07590739949970887,0.4570861413643368,0.060458675180845696,0.8403190152301516,0.86773023789261,0.006102150861239479,1.5633187720119905,True,True,True,True,True,True,True,True,True
run-04,outer-context-05,5,5815,True,0,sealed-run04-retrospective,outer_once,211021344,79,True,0.40025252906757647,0.06878631840130131,0.37705214727574093,0.04483342351008947,0.8281427014051725,0.8810948993819084,0.005415154871979143,1.3556177532623657,True,True,True,True,True,True,True,True,True
run-04,outer-context-05,5,5815,True,0,sealed-run04-retrospective,outer_once,211021344,80,True,0.3359440813354371,0.08853454132650329,0.33106965174570196,0.0792155702178691,0.7364604818320869,0.7607283850991108,0.012466883579497478,1.7717634997335134,True,True,True,True,True,True,True,True,True
run-04,outer-context-05,5,5815,True,0,sealed-run04-retrospective,outer_once,211021344,81,False,0.2515349578448592,0.08901917681217444,0.2411968621741026,0.07516747798076481,0.6460962023931506,0.6883563189702409,0.008050022800390319,1.7337027899486053,True,True,True,True,True,True,True,True,True
run-04,outer-context-05,5,5815,True,0,sealed-run04-retrospective,outer_once,211021344,82,True,0.44596099935119954,0.22044614714429814,0.4394780133912903,0.2131274063434514,0.5056829017223226,0.515044211884855,0.0667026681933032,3.4092769018321922,True,True,True,True,True,False,True,False,False
run-04,outer-context-05,5,5815,True,0,sealed-run04-retrospective,outer_once,211021344,83,True,0.46901603178757023,0.2359567863275035,0.4633814438012454,0.2292860729949784,0.4969110428311018,0.505189350885349,0.06791930504156866,3.6662408757884375,True,True,True,True,True,False,True,False,False
run-04,outer-context-05,5,5815,True,0,sealed-run04-retrospective,outer_once,211021344,84,True,0.47329987352073233,0.24010396479182,0.4671891466606114,0.23331114428480926,0.4927022418033616,0.5006066687283348,0.07059502434680105,3.6332869284890994,True,True,True,True,True,False,True,False,False
run-04,outer-context-05,5,5815,True,0,sealed-run04-retrospective,outer_once,211021344,85,True,0.45772270433029744,0.22441593391729514,0.4511506991966505,0.2175659980936313,0.5097120335211638,0.5177531621228914,0.06667063291260192,3.409180898770826,True,True,True,True,True,False,True,False,False
run-04,outer-context-05,5,5815,True,0,sealed-run04-retrospective,outer_once,211021344,86,True,0.4084240641180919,0.1809704446634325,0.3996814638478053,0.17260983067728375,0.5569055289281225,0.5681315089883382,0.05427290054018981,2.745674571086115,True,True,True,True,True,False,True,False,False
run-04,outer-context-05,5,5815,True,0,sealed-run04-retrospective,outer_once,211021344,87,True,0.3888987282219746,0.1655040532605891,0.37456985825825545,0.15013823586116762,0.5744289161930015,0.5991716029706493,0.03151591170202132,2.0957805844218806,True,True,True,True,True,False,True,False,False
run-04,outer-context-05,5,5815,True,0,sealed-run04-retrospective,outer_once,211021344,88,True,0.36321907007789134,0.13230871380575368,0.35414647902282287,0.12059478184827117,0.6357330198070811,0.659477676635324,0.03286910066042275,2.0486052644375587,True,True,True,True,True,False,True,False,False
run-04,outer-context-05,5,5815,True,0,sealed-run04-retrospective,outer_once,211021344,89,True,0.37677239198439433,0.12163227179338942,0.3691437901171497,0.10817141682433809,0.6771730774838,0.7069667167094716,0.03486864292439521,1.9473835761313059,True,True,True,True,True,True,True,True,True
run-04,outer-context-05,5,5815,True,0,sealed-run04-retrospective,outer_once,211021344,90,False,0.17228586494284293,0.08470929438717809,0.13935584297697187,0.015570599607679292,0.5083212751360595,0.888267335799818,0.0061241285290516605,1.0521160687670372,True,True,True,True,True,True,True,True,True
run-04,outer-context-05,5,5815,True,0,sealed-run04-retrospective,outer_once,211021344,91,True,0.3305167829547742,0.08277466580638623,0.3143795551728733,0.04966296177582402,0.7495598708592278,0.8420286530766449,0.025998810917268304,1.3736447769159756,True,True,True,True,True,True,True,True,True
run-04,outer-context-05,5,5815,True,0,sealed-run04-retrospective,outer_once,211021344,92,False,0.3368643970917355,0.13025395658674663,0.32065333653184874,0.10786352722457133,0.6133341554902413,0.6636132703585393,0.011416087189916617,1.809969286986795,True,True,True,True,True,True,True,True,True
run-04,outer-context-05,5,5815,True,0,sealed-run04-retrospective,outer_once,211021344,93,False,0.24982092437600664,0.10391367535834176,0.24352823567401316,0.09424481336788765,0.5840473506456937,0.6130025206028112,0.007419715348548674,2.0912751588382203,True,True,True,True,True,False,True,False,False
run-04,outer-context-05,5,5815,True,0,sealed-run04-retrospective,outer_once,211021344,94,False,0.37138057788093337,0.12173701600004348,0.36524799924043816,0.11222336572018801,0.6722041397677154,0.692747486766347,0.016786992152707323,2.2870379569048813,True,True,True,True,True,False,True,False,False
run-04,outer-context-05,5,5815,True,0,sealed-run04-retrospective,outer_once,211021344,95,False,0.34785838170053734,0.11359969408627586,0.34185924446259613,0.10228525851259179,0.6734312005623282,0.7007971550589935,0.02044956374877036,2.094891946839664,True,True,True,True,True,False,True,False,False
run-04,outer-context-05,5,5815,True,1,sealed-run04-retrospective,outer_once,1402791639,0,True,0.3942940857634063,0.0774173255501273,0.3856037513264493,0.07019046695908712,0.8036558793413374,0.8179725515697476,0.0026099980380964727,1.9850055014403214,True,True,True,True,True,True,True,True,True
run-04,outer-context-05,5,5815,True,1,sealed-run04-retrospective,outer_once,1402791639,1,True,0.4489498553328491,0.07249748431579657,0.438918027150919,0.06502797327974241,0.8385176351999327,0.8518448337566619,0.005354631636662706,1.9213761557880187,True,True,True,True,True,True,True,True,True
run-04,outer-context-05,5,5815,True,1,sealed-run04-retrospective,outer_once,1402791639,2,True,0.4483156988870456,0.03647526379110567,0.4368894573457402,0.01947210148877632,0.9186393341084054,0.9554301410542696,0.007390279248350118,1.3071129551781284,True,True,True,True,True,True,True,True,True
run-04,outer-context-05,5,5815,True,1,sealed-run04-retrospective,outer_once,1402791639,3,True,0.3965243716743642,0.05813846713662462,0.38090780345920716,0.038826296472270296,0.8533798391984607,0.8980690442157655,0.01597806222625148,1.370690486157213,True,True,True,True,True,True,True,True,True
run-04,outer-context-05,5,5815,True,1,sealed-run04-retrospective,outer_once,1402791639,4,False,0.22110045616687465,0.08774322375496635,0.21571822071374813,0.07637619905729633,0.6031522264759938,0.6459446086446016,0.017686578125947115,1.8374764541155322,True,True,True,True,True,True,True,True,True
run-04,outer-context-05,5,5815,True,1,sealed-run04-retrospective,outer_once,1402791639,5,True,0.348667969999091,0.12264352004953155,0.342599689775591,0.11371145312319735,0.6482512573499329,0.6680923640132879,0.03019841846364305,2.30143660212559,True,True,True,True,True,False,True,False,False
run-04,outer-context-05,5,5815,True,1,sealed-run04-retrospective,outer_once,1402791639,6,True,0.36336606360202217,0.14155427729671538,0.3587826681505561,0.13500405549455105,0.6104361648594868,0.623716340060498,0.03771345242484246,2.3054566663757305,True,True,True,True,True,False,True,False,False
run-04,outer-context-05,5,5815,True,1,sealed-run04-retrospective,outer_once,1402791639,7,True,0.3015593645898645,0.08237438439825139,0.29657301938133157,0.07147233434375415,0.7268385794940091,0.7590059456762129,0.00067945761988303,1.8806954485809215,True,True,True,True,True,True,True,True,True
run-04,outer-context-05,5,5815,True,1,sealed-run04-retrospective,outer_once,1402791639,8,True,0.369979960129712,0.07197905361300913,0.36580293353249277,0.06074219242350785,0.805451480161861,0.8339483179182532,0.0021209273088869445,1.7988521823514618,True,True,True,True,True,True,True,True,True
run-04,outer-context-05,5,5815,True,1,sealed-run04-retrospective,outer_once,1402791639,9,False,0.2868754612646449,0.09831557134491095,0.28002560454930475,0.08433513000916143,0.6572883197764551,0.6988306474870503,0.006784789681990507,1.6993448691074697,True,True,True,True,True,True,True,True,True
run-04,outer-context-05,5,5815,True,1,sealed-run04-retrospective,outer_once,1402791639,10,True,0.35724668704257057,0.10145758911715698,0.35055619781502495,0.09038647511136243,0.716001315625729,0.7421626669996692,0.03066380770409726,1.9104067667733828,True,True,True,True,True,True,True,True,True
run-04,outer-context-05,5,5815,True,1,sealed-run04-retrospective,outer_once,1402791639,11,False,0.3428882643195124,0.16067233601118106,0.3350737904410613,0.14339078504176123,0.5314148872080897,0.5720620677224131,0.014003447151653872,1.967993518384377,True,True,True,True,True,True,True,True,True
run-04,outer-context-05,5,5815,True,1,sealed-run04-retrospective,outer_once,1402791639,12,True,0.3319831052740887,0.09770031422408498,0.3218774860138688,0.07854646235640365,0.7057069692042834,0.7559740405297581,0.0327195443235326,1.672765192709963,True,True,True,True,True,True,True,True,True
run-04,outer-context-05,5,5815,True,1,sealed-run04-retrospective,outer_once,1402791639,13,True,0.3530546342026931,0.11814959392911376,0.3447377296538815,0.10528770454373228,0.6653503948590501,0.6945860708387165,0.005550607341866289,2.128658108516459,True,True,True,True,True,False,True,False,False
run-04,outer-context-05,5,5815,True,1,sealed-run04-retrospective,outer_once,1402791639,14,True,0.3031110233042704,0.11194015811397927,0.29578228608323515,0.10023480396107527,0.630695852319396,0.6611196522672473,0.02739356981210151,1.8942827976107022,True,True,True,True,True,True,True,True,True
run-04,outer-context-05,5,5815,True,1,sealed-run04-retrospective,outer_once,1402791639,15,True,0.38026241735957333,0.1258956223490812,0.37425766058770693,0.1155196681353804,0.6689243622252703,0.6913365301488372,0.007239767167376529,2.216996085491298,True,True,True,True,True,False,True,False,False
run-04,outer-context-05,5,5815,True,1,sealed-run04-retrospective,outer_once,1402791639,16,True,0.3670637176594739,0.10860698679693065,0.36166800667492977,0.09706291155713763,0.7041195259246906,0.7316242803738551,0.002856563410311071,2.2414035383763413,True,True,True,True,True,False,True,False,False
run-04,outer-context-05,5,5815,True,1,sealed-run04-retrospective,outer_once,1402791639,17,True,0.3463579840412767,0.11325613173066942,0.3381211341324389,0.09810115269359643,0.6730084567151994,0.7098638837075143,0.01704890834569106,1.996604458872984,True,True,True,True,True,True,True,True,True
run-04,outer-context-05,5,5815,True,1,sealed-run04-retrospective,outer_once,1402791639,18,True,0.35580952338767885,0.10169102786409946,0.3507390990837177,0.08953146289299083,0.7141981279874285,0.744734866666175,0.01656653670269412,1.7460217688461792,True,True,True,True,True,True,True,True,True
run-04,outer-context-05,5,5815,True,1,sealed-run04-retrospective,outer_once,1402791639,19,False,0.305173587780393,0.12281972247503915,0.2966388974864731,0.10640054508640316,0.597541440698263,0.6413129026976137,0.00929362057133883,1.560071693968207,True,True,True,True,True,True,True,True,True
run-04,outer-context-05,5,5815,True,1,sealed-run04-retrospective,outer_once,1402791639,20,True,0.2873503818617914,0.07616372751419988,0.27855604497284386,0.04409287513000987,0.7349447492614338,0.8417091428250698,0.002236375396509021,1.3195653150951352,True,True,True,True,True,True,True,True,True
run-04,outer-context-05,5,5815,True,1,sealed-run04-retrospective,outer_once,1402791639,21,True,0.3789670434781291,0.09266859646994444,0.37177121324442264,0.07363915016837605,0.7554705664655176,0.801923474586071,0.010765777424434776,1.668395361238846,True,True,True,True,True,True,True,True,True
run-04,outer-context-05,5,5815,True,1,sealed-run04-retrospective,outer_once,1402791639,22,False,0.27995570509187606,0.08064568489473425,0.2745529468354106,0.06135417495418001,0.7119341259065683,0.7765306267466119,0.0021843404218487884,1.7041624408006044,True,True,True,True,True,True,True,True,True
run-04,outer-context-05,5,5815,True,1,sealed-run04-retrospective,outer_once,1402791639,23,True,0.33514870936602453,0.13399914835797674,0.3237576062845407,0.115318991988711,0.6001800257221555,0.6438107097710606,0.0405201185283644,1.9723525783005156,True,True,True,True,True,True,True,True,True
run-04,outer-context-05,5,5815,True,1,sealed-run04-retrospective,outer_once,1402791639,24,False,0.2451050704798877,0.09353831506494631,0.23600932852437834,0.07661785210317855,0.61837462243515,0.6753609165272279,0.027296100281959675,1.7339866946697102,True,True,True,True,True,True,True,True,True
run-04,outer-context-05,5,5815,True,1,sealed-run04-retrospective,outer_once,1402791639,25,True,0.3401143222628633,0.09161534273701863,0.3285566903986241,0.07212750025933166,0.7306336818529738,0.7804716739390624,0.006226166217387022,1.5776758582901527,True,True,True,True,True,True,True,True,True
run-04,outer-context-05,5,5815,True,1,sealed-run04-retrospective,outer_once,1402791639,26,True,0.2941922767160553,0.07426730549700945,0.2814038197883961,0.03919207918884692,0.7475552168601292,0.8607265558146378,0.017570834506114644,1.1319299268484067,True,True,True,True,True,True,True,True,True
run-04,outer-context-05,5,5815,True,1,sealed-run04-retrospective,outer_once,1402791639,27,False,0.23032357077706053,0.10133086654576248,0.22055260378849,0.07645213097712762,0.5600499497125081,0.6533610138176141,0.01287366780099306,1.4835061504733267,True,True,True,True,True,True,True,True,True
run-04,outer-context-05,5,5815,True,1,sealed-run04-retrospective,outer_once,1402791639,28,True,0.29782485059984287,0.08906943400999419,0.28610866566723403,0.06156492871279497,0.7009335056137819,0.7848197691977649,0.003348752837448497,1.3364898135972432,True,True,True,True,True,True,True,True,True
run-04,outer-context-05,5,5815,True,1,sealed-run04-retrospective,outer_once,1402791639,29,True,0.27974474267486804,0.09231960146668662,0.26842412124471665,0.06619046465987624,0.6699862861266186,0.7534108918641788,0.020252889959934284,1.3247461766828503,True,True,True,True,True,True,True,True,True
run-04,outer-context-05,5,5815,True,1,sealed-run04-retrospective,outer_once,1402791639,30,False,0.28065406620932826,0.1306604578027334,0.2745840499431056,0.11995112526623539,0.5344430260088263,0.5631533394197896,0.02583763663833966,2.2826225002419815,True,True,True,True,True,False,True,False,False
run-04,outer-context-05,5,5815,True,1,sealed-run04-retrospective,outer_once,1402791639,31,True,0.36731855332771873,0.0629691650567085,0.360196633596421,0.045798381980963546,0.8285706929687052,0.8728517212288055,0.0064130057905401935,1.5314692148208569,True,True,True,True,True,True,True,True,True
run-04,outer-context-05,5,5815,True,1,sealed-run04-retrospective,outer_once,1402791639,32,True,0.3472948458012287,0.07141647284260684,0.3408818481387368,0.05826884352083821,0.7943635682877901,0.8290643991782068,0.023109320794883276,1.6956571254638588,True,True,True,True,True,True,True,True,True
run-04,outer-context-05,5,5815,True,1,sealed-run04-retrospective,outer_once,1402791639,33,True,0.3683349138287777,0.09913005129902405,0.3599545529647713,0.08493505691558924,0.7308697938281649,0.7640394982754898,0.0149851108348183,1.6994164360126072,True,True,True,True,True,True,True,True,True
run-04,outer-context-05,5,5815,True,1,sealed-run04-retrospective,outer_once,1402791639,34,True,0.3725416455798306,0.06541533739046808,0.36670630055340747,0.049284652036718016,0.824407987223403,0.8656018400492682,0.01134368412791091,1.4967647594913935,True,True,True,True,True,True,True,True,True
run-04,outer-context-05,5,5815,True,1,sealed-run04-retrospective,outer_once,1402791639,35,True,0.231081326757089,0.07613298036798227,0.20503129430818584,0.020507642157907444,0.6705359907855614,0.8999779900570588,0.019498716785371257,1.0378765934027252,True,True,True,True,True,True,True,True,True
run-04,outer-context-05,5,5815,True,1,sealed-run04-retrospective,outer_once,1402791639,36,True,0.32880598582439047,0.0683101876096201,0.31534654015013447,0.042399177980208196,0.7922477371014062,0.8655473500358615,0.0197309627654104,1.3268807437044952,True,True,True,True,True,True,True,True,True
run-04,outer-context-05,5,5815,True,1,sealed-run04-retrospective,outer_once,1402791639,37,True,0.3476453561438868,0.07450760782619795,0.33270884000993517,0.04836283206679977,0.7856792662135835,0.854639173202144,0.01424551941448076,1.41636449662332,True,True,True,True,True,True,True,True,True
run-04,outer-context-05,5,5815,True,1,sealed-run04-retrospective,outer_once,1402791639,38,False,0.3311047738554717,0.08858349197959234,0.3217004048128819,0.0707882754105525,0.7324608432910746,0.7799559019774106,0.02632971104832152,1.8561377627191542,True,True,True,True,True,True,True,True,True
run-04,outer-context-05,5,5815,True,1,sealed-run04-retrospective,outer_once,1402791639,39,False,0.2760656406242789,0.08831921698956147,0.26901428580262093,0.07486958505256167,0.6800789232957731,0.7216891852818017,0.022828300731506327,1.8384734492232322,True,True,True,True,True,True,True,True,True
run-04,outer-context-05,5,5815,True,1,sealed-run04-retrospective,outer_once,1402791639,40,True,0.36447075800789197,0.10148435215087884,0.359542581449047,0.09210342186780004,0.7215569427145062,0.7438316721858088,0.027234437029789914,1.8658460996636863,True,True,True,True,True,True,True,True,True
run-04,outer-context-05,5,5815,True,1,sealed-run04-retrospective,outer_once,1402791639,41,False,0.37350306709158426,0.08427691677156761,0.36805449237682886,0.07448288134196251,0.7743608441349087,0.7976308321602987,0.007352724431639366,2.0253142317960986,True,True,True,True,True,False,True,False,False
run-04,outer-context-05,5,5815,True,1,sealed-run04-retrospective,outer_once,1402791639,42,True,0.2454720072290198,0.0877705836483764,0.21312642251926325,0.05461236896126777,0.642441577599158,0.743755990854059,0.021773666276546873,1.3346879985948248,True,True,True,True,True,True,True,True,True
run-04,outer-context-05,5,5815,True,1,sealed-run04-retrospective,outer_once,1402791639,43,True,0.35080152117787344,0.06330343557356354,0.3341894437998311,0.034106287992134124,0.8195462911306316,0.8979432515751076,0.02729391467893133,1.1871558728776306,True,True,True,True,True,True,True,True,True
run-04,outer-context-05,5,5815,True,1,sealed-run04-retrospective,outer_once,1402791639,44,True,0.3675938083674809,0.06090930516205851,0.3504632126920851,0.02273684258755535,0.8343026901553035,0.9351234544336274,0.011543302463375928,1.12772792472149,True,True,True,True,True,True,True,True,True
run-04,outer-context-05,5,5815,True,1,sealed-run04-retrospective,outer_once,1402791639,45,True,0.36140953921530505,0.05882472133831571,0.34310485993623074,0.010483118188206804,0.8372352830917623,0.9694463139048651,0.0030229585436879957,1.0526461383680787,True,True,True,True,True,True,True,True,True
run-04,outer-context-05,5,5815,True,1,sealed-run04-retrospective,outer_once,1402791639,46,True,0.3884153246443951,0.06415054772293918,0.37831750378904405,0.0411075284749514,0.8348403277299351,0.8913411934070234,0.00046263315094297107,1.3893703276468672,True,True,True,True,True,True,True,True,True
run-04,outer-context-05,5,5815,True,1,sealed-run04-retrospective,outer_once,1402791639,47,True,0.40545607148020774,0.07068499994840843,0.3986642144569614,0.0581404940501443,0.8256654544834978,0.8541617432872922,0.004288595565520839,1.6130833636396738,True,True,True,True,True,True,True,True,True
run-04,outer-context-05,5,5815,True,1,sealed-run04-retrospective,outer_once,1402791639,48,True,0.38150479896098843,0.0555795789139426,0.37732148789207487,0.047809461550278584,0.8543148629707643,0.873292502323765,0.005739947517748142,1.6256401339322917,True,True,True,True,True,True,True,True,True
run-04,outer-context-05,5,5815,True,1,sealed-run04-retrospective,outer_once,1402791639,49,False,0.3442707586664197,0.08242082597607184,0.33766301541959753,0.06707959289515368,0.760593010294164,0.8013416044046248,0.0037928081708357535,1.6124926206128292,True,True,True,True,True,True,True,True,True
run-04,outer-context-05,5,5815,True,1,sealed-run04-retrospective,outer_once,1402791639,50,True,0.28840823382869735,0.06417505486367707,0.27499734230144146,0.028823179036160194,0.7774853581267918,0.895187426922238,0.028688088444980827,1.0619131833192108,True,True,True,True,True,True,True,True,True
run-04,outer-context-05,5,5815,True,1,sealed-run04-retrospective,outer_once,1402791639,51,True,0.28345843869953147,0.0653324431970376,0.2757173400744522,0.04333846072531494,0.7695166758951545,0.8428156143040832,0.016984699325133062,1.3244242584145025,True,True,True,True,True,True,True,True,True
run-04,outer-context-05,5,5815,True,1,sealed-run04-retrospective,outer_once,1402791639,52,True,0.3232246965199952,0.07369905622182565,0.31761203062572524,0.059779414853371106,0.7719881648422663,0.81178479059625,0.025569194556521416,1.5636521818461093,True,True,True,True,True,True,True,True,True
run-04,outer-context-05,5,5815,True,1,sealed-run04-retrospective,outer_once,1402791639,53,True,0.29393066780477917,0.06781000964317586,0.28943691073960853,0.05476712807366044,0.7692993039834366,0.810780429027825,0.011959628842868693,1.4861911436730688,True,True,True,True,True,True,True,True,True
run-04,outer-context-05,5,5815,True,1,sealed-run04-retrospective,outer_once,1402791639,54,True,0.32551562145409013,0.06302139064403393,0.3122186744280261,0.017671045698544424,0.8063951881555942,0.9434017016089215,0.009417324355316047,1.0999463722718477,True,True,True,True,True,True,True,True,True
run-04,outer-context-05,5,5815,True,1,sealed-run04-retrospective,outer_once,1402791639,55,True,0.38875750433325545,0.05568124658363504,0.379805825546483,0.036869503841517846,0.8567712623859647,0.9029253861799824,0.001004643718728753,1.4092614305799431,True,True,True,True,True,True,True,True,True
run-04,outer-context-05,5,5815,True,1,sealed-run04-retrospective,outer_once,1402791639,56,True,0.3384175106842291,0.04898707155564525,0.3333118449202885,0.037795640766254086,0.8552466405872415,0.886605767714937,0.005600511177966235,1.4931072712158509,True,True,True,True,True,True,True,True,True
run-04,outer-context-05,5,5815,True,1,sealed-run04-retrospective,outer_once,1402791639,57,True,0.3260116398844975,0.053901762546374014,0.31497973042565014,0.021279119204526287,0.8346630734857478,0.9324428934656506,0.021278860725856594,1.0134613056854866,True,True,True,True,True,True,True,True,True
run-04,outer-context-05,5,5815,True,1,sealed-run04-retrospective,outer_once,1402791639,58,True,0.32581200965514195,0.08019380525102103,0.3135234334347712,0.03577329775762355,0.7538647966479113,0.8858991260534718,0.027380139921398292,1.1418440063349775,True,True,True,True,True,True,True,True,True
run-04,outer-context-05,5,5815,True,1,sealed-run04-retrospective,outer_once,1402791639,59,True,0.3255285857869254,0.0648648156387713,0.31333347892041213,0.022133041947105945,0.8007400318409256,0.9293626649046084,0.004618432357058249,1.0795802473857858,True,True,True,True,True,True,True,True,True
run-04,outer-context-05,5,5815,True,1,sealed-run04-retrospective,outer_once,1402791639,60,True,0.27417331558140734,0.07242876766653915,0.2651242325338871,0.039380800325536154,0.7358285305302308,0.8514628408381997,0.03809041420432166,1.0953003788140283,True,True,True,True,True,True,True,True,True
run-04,outer-context-05,5,5815,True,1,sealed-run04-retrospective,outer_once,1402791639,61,True,0.3458396596398161,0.081197699674738,0.3404128854520011,0.06238243029161329,0.7652157657126326,0.8167448032738781,0.024723747109003925,1.4970975964230526,True,True,True,True,True,True,True,True,True
run-04,outer-context-05,5,5815,True,1,sealed-run04-retrospective,outer_once,1402791639,62,False,0.30073124629707415,0.11522854200082859,0.294383920245946,0.10061644803668864,0.616838810666846,0.6582135058442472,0.006259186626963031,1.7583401558738403,True,True,True,True,True,True,True,True,True
run-04,outer-context-05,5,5815,True,1,sealed-run04-retrospective,outer_once,1402791639,63,True,0.330432493501309,0.08119044501229819,0.32313504829712675,0.04733570442534035,0.7542903721362483,0.8535110794239361,0.029746603376080576,1.2850708852608326,True,True,True,True,True,True,True,True,True
run-04,outer-context-05,5,5815,True,1,sealed-run04-retrospective,outer_once,1402791639,64,False,0.2749176364427085,0.0819861012026764,0.26665501971186245,0.060145090113403694,0.7017794046844938,0.7744460607627254,0.0012464239668725432,1.7867748409644892,True,True,True,True,True,True,True,True,True
run-04,outer-context-05,5,5815,True,1,sealed-run04-retrospective,outer_once,1402791639,65,True,0.2912377095938732,0.052377080997710976,0.28447159894320334,0.03680048299094334,0.8201569395984123,0.8706356517569587,0.0007280765947016332,1.4283113855942517,True,True,True,True,True,True,True,True,True
run-04,outer-context-05,5,5815,True,1,sealed-run04-retrospective,outer_once,1402791639,66,True,0.39531862877079926,0.07586642901284793,0.3614057418491676,0.035061426933934325,0.8080878979856163,0.9029859715162821,0.006901620150778278,1.18941822782953,True,True,True,True,True,True,True,True,True
run-04,outer-context-05,5,5815,True,1,sealed-run04-retrospective,outer_once,1402791639,67,True,0.41136506895051606,0.09537790376872463,0.38404116127573906,0.07196819016369681,0.7681429198350387,0.8126029253618882,0.022958253230882956,1.4609521611342773,True,True,True,True,True,True,True,True,True
run-04,outer-context-05,5,5815,True,1,sealed-run04-retrospective,outer_once,1402791639,68,True,0.4150887384510011,0.08595732194193215,0.3957365271466478,0.06746256253803225,0.7929182028336842,0.8295265715690867,0.01746176907641888,1.5421850680069442,True,True,True,True,True,True,True,True,True
run-04,outer-context-05,5,5815,True,1,sealed-run04-retrospective,outer_once,1402791639,69,True,0.4255564603620383,0.07781542974078569,0.40045654273192416,0.052927935379692134,0.8171442875650744,0.8678310135261706,0.009656921875116062,1.3711678798709388,True,True,True,True,True,True,True,True,True
run-04,outer-context-05,5,5815,True,1,sealed-run04-retrospective,outer_once,1402791639,70,True,0.398035208404404,0.15622597220559648,0.3926384696532667,0.14953409961866337,0.6075071528675654,0.6191557598757077,0.037163586359324464,2.9250585877116904,True,True,True,True,True,False,True,False,False
run-04,outer-context-05,5,5815,True,1,sealed-run04-retrospective,outer_once,1402791639,71,True,0.41623940310866625,0.14281087387964808,0.4079047749812115,0.13184784709944763,0.6569020789164333,0.6767680714070565,0.030961851308449487,2.3344923646325864,True,True,True,True,True,False,True,False,False
run-04,outer-context-05,5,5815,True,1,sealed-run04-retrospective,outer_once,1402791639,72,True,0.35750630706890224,0.131878588077266,0.35145327678856547,0.12442783955783682,0.6311153524576868,0.6459619307157785,0.014799816026993009,2.605724010884195,True,True,True,True,True,False,True,False,False
run-04,outer-context-05,5,5815,True,1,sealed-run04-retrospective,outer_once,1402791639,73,True,0.40721869339830785,0.19262383045932502,0.3993475824912266,0.18410486384007174,0.5269769448650624,0.538985906233409,0.03178753359150267,2.9347044796311286,True,True,True,True,True,False,True,False,False
run-04,outer-context-05,5,5815,True,1,sealed-run04-retrospective,outer_once,1402791639,74,True,0.4229979028240095,0.19345456885798334,0.41630752201262217,0.18535883878396223,0.5426583262790522,0.5547550092588952,0.04008853951133559,3.0696548869808935,True,True,True,True,True,False,True,False,False
run-04,outer-context-05,5,5815,True,1,sealed-run04-retrospective,outer_once,1402791639,75,True,0.3791940425858585,0.13132682231870668,0.3732895237237521,0.12213023288928335,0.6536685507421409,0.672827054799255,0.027633693793826408,2.1898385792044452,True,True,True,True,True,False,True,False,False
run-04,outer-context-05,5,5815,True,1,sealed-run04-retrospective,outer_once,1402791639,76,True,0.4549332859463472,0.08566886625766562,0.43269895579585904,0.06516732040797653,0.8116891665127158,0.8493933957198605,0.006040011789750783,1.5383004410943033,True,True,True,True,True,True,True,True,True
run-04,outer-context-05,5,5815,True,1,sealed-run04-retrospective,outer_once,1402791639,77,True,0.4751023898157077,0.09554462500935576,0.45325012659227787,0.07733331799320899,0.79889677034372,0.8293804823075663,0.018217008645485346,1.6177204599549049,True,True,True,True,True,True,True,True,True
run-04,outer-context-05,5,5815,True,1,sealed-run04-retrospective,outer_once,1402791639,78,True,0.4618808604213656,0.07963843481976474,0.4418194669781415,0.06349864428674297,0.8275779716286317,0.8562792067061987,0.0054669447971026726,1.5917816250710017,True,True,True,True,True,True,True,True,True
run-04,outer-context-05,5,5815,True,1,sealed-run04-retrospective,outer_once,1402791639,79,True,0.3958990475270047,0.07292643444152752,0.3728321848241873,0.05055644916852186,0.8157953778947823,0.8643989139715439,0.004279418492287342,1.3919412720773572,True,True,True,True,True,True,True,True,True
run-04,outer-context-05,5,5815,True,1,sealed-run04-retrospective,outer_once,1402791639,80,True,0.338047867225405,0.09144293417513741,0.3335404365660084,0.08181967091349217,0.7294970829851007,0.7546933986299442,0.011512133118331812,1.7935450146460765,True,True,True,True,True,True,True,True,True
run-04,outer-context-05,5,5815,True,1,sealed-run04-retrospective,outer_once,1402791639,81,False,0.25738469445052364,0.09063184679449905,0.24879910553700002,0.07712991216722483,0.6478739849392212,0.689991199925136,0.008322946861803564,1.7596848061540717,True,True,True,True,True,True,True,True,True
run-04,outer-context-05,5,5815,True,1,sealed-run04-retrospective,outer_once,1402791639,82,True,0.45512590652969653,0.22462050404994813,0.4500103323420026,0.2186440340810284,0.5064651323352171,0.5141355245264425,0.06526292625498856,3.4262314277594013,True,True,True,True,True,False,True,False,False
run-04,outer-context-05,5,5815,True,1,sealed-run04-retrospective,outer_once,1402791639,83,True,0.47494699461453493,0.23925791930855364,0.4701938840636059,0.2336466515512978,0.4962429028470126,0.5030844520306627,0.06648800571568872,3.665270600214193,True,True,True,True,True,False,True,False,False
run-04,outer-context-05,5,5815,True,1,sealed-run04-retrospective,outer_once,1402791639,84,True,0.4776172022838934,0.24254445422463067,0.472409334991393,0.23654900715867283,0.4921781437837254,0.49927109894434535,0.06918919364289453,3.622037872118427,True,True,True,True,True,False,True,False,False
run-04,outer-context-05,5,5815,True,1,sealed-run04-retrospective,outer_once,1402791639,85,True,0.4613588739246247,0.2265125699518531,0.45610886539308554,0.22023481342816167,0.5090317261593196,0.5171441948659383,0.06535289886258921,3.3936853763033925,True,True,True,True,True,False,True,False,False
run-04,outer-context-05,5,5815,True,1,sealed-run04-retrospective,outer_once,1402791639,86,True,0.41240126871737814,0.180688522776493,0.40590654762402345,0.1731985853601874,0.5618623498941748,0.5733042830326182,0.05327351374521181,2.719200558555462,True,True,True,True,True,False,True,False,False
run-04,outer-context-05,5,5815,True,1,sealed-run04-retrospective,outer_once,1402791639,87,True,0.38833704576741657,0.16257706345262463,0.3770034132746939,0.1479176511590455,0.5813506199715092,0.6076490399006836,0.030823094025726062,2.0681982630385014,True,True,True,True,True,False,True,False,False
run-04,outer-context-05,5,5815,True,1,sealed-run04-retrospective,outer_once,1402791639,88,True,0.36404396122759886,0.12960925089527242,0.3551993816365599,0.11769691005406634,0.6439736276404233,0.668645509708421,0.03305553173931696,2.022065679818521,True,True,True,True,True,False,True,False,False
run-04,outer-context-05,5,5815,True,1,sealed-run04-retrospective,outer_once,1402791639,89,True,0.37562764387905545,0.12105259871796704,0.3673474218910165,0.10536517869500969,0.6777324547579263,0.7131729463279884,0.0348839530593471,1.9427537250000426,True,True,True,True,True,True,True,True,True
run-04,outer-context-05,5,5815,True,1,sealed-run04-retrospective,outer_once,1402791639,90,False,0.18033126248343442,0.08502394994187291,0.1496025638343543,0.015284378213635815,0.5285124233537523,0.8978334473561612,0.006111687243246849,1.0064573960438417,True,True,True,True,True,True,True,True,True
run-04,outer-context-05,5,5815,True,1,sealed-run04-retrospective,outer_once,1402791639,91,True,0.3516765089885796,0.0870182865062346,0.3359540896568998,0.057779391676902686,0.752561560746554,0.8280140249642114,0.025257727294144102,1.4263915353957075,True,True,True,True,True,True,True,True,True
run-04,outer-context-05,5,5815,True,1,sealed-run04-retrospective,outer_once,1402791639,92,False,0.3539876758708343,0.1397981422265911,0.33758885593480936,0.11936682955601542,0.6050762448645198,0.6464135961316628,0.011312339384870378,1.881405075882795,True,True,True,True,True,True,True,True,True
run-04,outer-context-05,5,5815,True,1,sealed-run04-retrospective,outer_once,1402791639,93,False,0.2677254874631107,0.11251501821181355,0.26095235948436785,0.10350529818038232,0.5797373672638593,0.6033555765316515,0.007302852372347914,2.192160330418065,True,True,True,True,True,False,True,False,False
run-04,outer-context-05,5,5815,True,1,sealed-run04-retrospective,outer_once,1402791639,94,False,0.370242113622509,0.12490676529318426,0.3641396820241371,0.11461295645809032,0.6626349064641076,0.6852500232301154,0.01640161323186167,2.303536401651505,True,True,True,True,True,False,True,False,False
run-04,outer-context-05,5,5815,True,1,sealed-run04-retrospective,outer_once,1402791639,95,False,0.35126966237582735,0.11609136051281146,0.3455788304028312,0.10475749719482222,0.6695092888818733,0.6968636734122011,0.020013660863200534,2.108010809895533,True,True,True,True,True,False,True,False,False
run-04,outer-context-05,5,5815,True,2,sealed-run04-retrospective,outer_once,631801792,0,True,0.3818546192008733,0.08219013762498774,0.37363352042185993,0.07480164581116444,0.7847606563016281,0.7997994245090541,0.0026420816479049885,2.0562938893381424,True,True,True,True,True,False,True,False,False
run-04,outer-context-05,5,5815,True,2,sealed-run04-retrospective,outer_once,631801792,1,True,0.44518558119530277,0.07633940839081026,0.4353785238549394,0.06902502252723548,0.8285222801110439,0.8414597442334262,0.0055800986686393664,1.9722009388832342,True,True,True,True,True,True,True,True,True
run-04,outer-context-05,5,5815,True,2,sealed-run04-retrospective,outer_once,631801792,2,True,0.47023261825480883,0.03690980573061339,0.45973921819145686,0.02028680943944673,0.9215073470071088,0.9558732241307324,0.007755597647646292,1.316577108155547,True,True,True,True,True,True,True,True,True
run-04,outer-context-05,5,5815,True,2,sealed-run04-retrospective,outer_once,631801792,3,True,0.41161275596939095,0.05600892195342431,0.3970514615489957,0.03543766208557805,0.8639281189876696,0.9107479369366204,0.015812831277997652,1.3408284721823742,True,True,True,True,True,True,True,True,True
run-04,outer-context-05,5,5815,True,2,sealed-run04-retrospective,outer_once,631801792,4,False,0.23896381881013468,0.09051387241211198,0.23459322035803645,0.08022624106786921,0.6212235272151032,0.658019780173409,0.017640488071338,1.8811836165293792,True,True,True,True,True,True,True,True,True
run-04,outer-context-05,5,5815,True,2,sealed-run04-retrospective,outer_once,631801792,5,True,0.33868520925306517,0.11143585714352416,0.3318313714687004,0.1019694404588883,0.6709751294150569,0.6927070517547301,0.030225670464851473,2.178233157760695,True,True,True,True,True,False,True,False,False
run-04,outer-context-05,5,5815,True,2,sealed-run04-retrospective,outer_once,631801792,6,True,0.3462598019046635,0.13542998362046663,0.341241870696701,0.12853787670224046,0.6088775454860484,0.6233232562000396,0.03744714330219776,2.237898774624401,True,True,True,True,True,False,True,False,False
run-04,outer-context-05,5,5815,True,2,sealed-run04-retrospective,outer_once,631801792,7,True,0.2982789087521646,0.08467280955256758,0.2930228576767065,0.07424562395217064,0.7161287403564933,0.746621732717909,0.0007598765549600092,1.8878832799431169,True,True,True,True,True,True,True,True,True
run-04,outer-context-05,5,5815,True,2,sealed-run04-retrospective,outer_once,631801792,8,True,0.3601743866271153,0.07044426197413228,0.3561077788173561,0.059270877691950746,0.8044162367185136,0.8335591604070235,0.0024437414358692107,1.7876604718846476,True,True,True,True,True,True,True,True,True
run-04,outer-context-05,5,5815,True,2,sealed-run04-retrospective,outer_once,631801792,9,False,0.2794479410925213,0.09756201809812466,0.2720983161856811,0.08568109059764663,0.6508758743517697,0.6851098095764125,0.006977297395071353,1.7075566942119942,True,True,True,True,True,True,True,True,True
run-04,outer-context-05,5,5815,True,2,sealed-run04-retrospective,outer_once,631801792,10,True,0.38114444862727437,0.10279064541145334,0.37461054703467267,0.09181977220279915,0.7303105271986435,0.7548927201072622,0.03046284965289186,1.924635641924494,True,True,True,True,True,True,True,True,True
run-04,outer-context-05,5,5815,True,2,sealed-run04-retrospective,outer_once,631801792,11,False,0.36320699062790146,0.16850583595123897,0.35628978178605014,0.15280230512559523,0.5360611433719074,0.5711291399949492,0.013852701999018842,2.0055250348118463,True,True,True,True,True,False,True,False,False
run-04,outer-context-05,5,5815,True,2,sealed-run04-retrospective,outer_once,631801792,12,True,0.3461236901100892,0.09612599834663715,0.33865272443472594,0.07777554342597452,0.722278477049453,0.7703383501319935,0.0326920636903955,1.661592249165038,True,True,True,True,True,True,True,True,True
run-04,outer-context-05,5,5815,True,2,sealed-run04-retrospective,outer_once,631801792,13,True,0.3487231831531206,0.11482643532979221,0.34014910406373305,0.10134897042239004,0.6707232530640983,0.7020454582664416,0.005511251199300077,2.0878515950068706,True,True,True,True,True,False,True,False,False
run-04,outer-context-05,5,5815,True,2,sealed-run04-retrospective,outer_once,631801792,14,True,0.2966876045237447,0.10951076591894568,0.2897401432815218,0.09746862825501218,0.6308886375797974,0.6635998479495877,0.02760273337429006,1.8593487292439865,True,True,True,True,True,True,True,True,True
run-04,outer-context-05,5,5815,True,2,sealed-run04-retrospective,outer_once,631801792,15,True,0.37514129651661215,0.12178111324756323,0.36819975168395985,0.11073964636107432,0.6753726812314024,0.6992403013456499,0.007187412646330097,2.1727436600961747,True,True,True,True,True,False,True,False,False
run-04,outer-context-05,5,5815,True,2,sealed-run04-retrospective,outer_once,631801792,16,True,0.3616582662048934,0.10795713008524899,0.35625718225371045,0.0966705098340512,0.7014940893841285,0.7286496535381938,0.002492933313323143,2.2430487583720233,True,True,True,True,True,False,True,False,False
run-04,outer-context-05,5,5815,True,2,sealed-run04-retrospective,outer_once,631801792,17,True,0.3521496104826926,0.11626922144267289,0.34402151063685665,0.09967653278132214,0.6698300438745274,0.7102607549254703,0.01744775874239733,2.0040379898743823,True,True,True,True,True,False,True,False,False
run-04,outer-context-05,5,5815,True,2,sealed-run04-retrospective,outer_once,631801792,18,True,0.3622811042892824,0.10559842405405706,0.35603327425658376,0.09271944218864221,0.7085179911295169,0.7395764696930497,0.016908221113108194,1.7843459885017274,True,True,True,True,True,True,True,True,True
run-04,outer-context-05,5,5815,True,2,sealed-run04-retrospective,outer_once,631801792,19,False,0.30907906955180947,0.12653723702039957,0.30009980767294964,0.109382815297354,0.5905991395538716,0.6355118780463865,0.009512269785686004,1.597857040306123,True,True,True,True,True,True,True,True,True
run-04,outer-context-05,5,5815,True,2,sealed-run04-retrospective,outer_once,631801792,20,True,0.31011057027989697,0.07529277634546724,0.3023167173339364,0.048309553787052976,0.7572066754206085,0.840202175344175,0.0019037513555784256,1.3606563513215586,True,True,True,True,True,True,True,True,True
run-04,outer-context-05,5,5815,True,2,sealed-run04-retrospective,outer_once,631801792,21,True,0.3650569294820154,0.09161081320905494,0.35656475548224587,0.07242698109329158,0.7490506115332672,0.796875658685515,0.010998156629593425,1.6605814681074222,True,True,True,True,True,True,True,True,True
run-04,outer-context-05,5,5815,True,2,sealed-run04-retrospective,outer_once,631801792,22,False,0.2993538220765777,0.08116358193871141,0.29397104659395057,0.06210803462069193,0.7288707343848478,0.7887273752286257,0.002350754995683263,1.6985318566281715,True,True,True,True,True,True,True,True,True
run-04,outer-context-05,5,5815,True,2,sealed-run04-retrospective,outer_once,631801792,23,True,0.3281139360961761,0.13279134651049115,0.3164201758258065,0.11413309050700313,0.5952889167390695,0.6392989473280778,0.0401252511852991,1.9512649088259932,True,True,True,True,True,True,True,True,True
run-04,outer-context-05,5,5815,True,2,sealed-run04-retrospective,outer_once,631801792,24,False,0.248562359527212,0.09555168547597993,0.23981720073899654,0.0787809980434258,0.6155826422885274,0.6714956316700295,0.027106430201563583,1.7319085551590672,True,True,True,True,True,True,True,True,True
run-04,outer-context-05,5,5815,True,2,sealed-run04-retrospective,outer_once,631801792,25,True,0.35789275367550133,0.09392719606417103,0.34668593875197706,0.07411977877667301,0.7375549096773998,0.7862048312559364,0.006140174095293738,1.5871365464192184,True,True,True,True,True,True,True,True,True
run-04,outer-context-05,5,5815,True,2,sealed-run04-retrospective,outer_once,631801792,26,True,0.30667873619769337,0.07414862556843928,0.2952133674061831,0.03932271741598484,0.7582205193364269,0.8667989943630133,0.017186473209490204,1.14207918679785,True,True,True,True,True,True,True,True,True
run-04,outer-context-05,5,5815,True,2,sealed-run04-retrospective,outer_once,631801792,27,False,0.2415998356551555,0.10720953427659771,0.2327070513918061,0.08677368019047703,0.5562516258097878,0.6271119432286683,0.012777265312251833,1.5354112069264838,True,True,True,True,True,True,True,True,True
run-04,outer-context-05,5,5815,True,2,sealed-run04-retrospective,outer_once,631801792,28,True,0.2826046270656862,0.08279592803025074,0.271808800710543,0.055916838181562616,0.7070255753066408,0.7942787796591249,0.0028676251710263684,1.3086586241580789,True,True,True,True,True,True,True,True,True
run-04,outer-context-05,5,5815,True,2,sealed-run04-retrospective,outer_once,631801792,29,True,0.2705093029818736,0.09257390610866284,0.2596226859091446,0.06528971911495675,0.6577792146584102,0.7485207469974139,0.01981878875397906,1.322329001810978,True,True,True,True,True,True,True,True,True
run-04,outer-context-05,5,5815,True,2,sealed-run04-retrospective,outer_once,631801792,30,False,0.266464114849213,0.13215956651694882,0.26101843990197404,0.1213236003743601,0.5040248980928054,0.5351914584275218,0.025655731791244262,2.282897586363998,True,True,True,True,True,False,True,False,False
run-04,outer-context-05,5,5815,True,2,sealed-run04-retrospective,outer_once,631801792,31,True,0.3738724484886005,0.06377895228995026,0.36561253488365825,0.04662347916419513,0.8294098627813306,0.8724784444848664,0.006523026112701634,1.54138411700786,True,True,True,True,True,True,True,True,True
run-04,outer-context-05,5,5815,True,2,sealed-run04-retrospective,outer_once,631801792,32,True,0.34461871226593643,0.07112430886436233,0.3380102635964097,0.05827584578642227,0.7936144894840275,0.8275914903696396,0.022648574621809747,1.6839260285618423,True,True,True,True,True,True,True,True,True
run-04,outer-context-05,5,5815,True,2,sealed-run04-retrospective,outer_once,631801792,33,True,0.37122301175282596,0.10155650997671678,0.3633502362113496,0.0879869958453116,0.726427223632524,0.7578452218367837,0.01442410127424144,1.721062577272758,True,True,True,True,True,True,True,True,True
run-04,outer-context-05,5,5815,True,2,sealed-run04-retrospective,outer_once,631801792,34,True,0.38806668550263007,0.0658753459432847,0.38198243508485996,0.049815367014047617,0.8302473559203828,0.8695872835017119,0.010553078460748499,1.5115964983182946,True,True,True,True,True,True,True,True,True
run-04,outer-context-05,5,5815,True,2,sealed-run04-retrospective,outer_once,631801792,35,True,0.2258492509250823,0.07851007808775541,0.19740962149218802,0.020085325973321463,0.6523783994581482,0.8982555874354062,0.019588923683812553,1.0306276843677105,True,True,True,True,True,True,True,True,True
run-04,outer-context-05,5,5815,True,2,sealed-run04-retrospective,outer_once,631801792,36,True,0.3174635331702689,0.0715956819814254,0.3031008388098333,0.046599746819093284,0.7744758862019416,0.8462566220467302,0.019377782159030552,1.362782728259134,True,True,True,True,True,True,True,True,True
run-04,outer-context-05,5,5815,True,2,sealed-run04-retrospective,outer_once,631801792,37,True,0.3625120955260584,0.07552064201668147,0.3478077568723932,0.051033249572201636,0.7916741456389479,0.8532716750451165,0.013908426341748915,1.4388989827233405,True,True,True,True,True,True,True,True,True
run-04,outer-context-05,5,5815,True,2,sealed-run04-retrospective,outer_once,631801792,38,False,0.35428927214023376,0.09134502663640168,0.34492671798500096,0.0724385884198883,0.7421738849596164,0.7899884681503905,0.026069455150602685,1.8630895197953186,True,True,True,True,True,True,True,True,True
run-04,outer-context-05,5,5815,True,2,sealed-run04-retrospective,outer_once,631801792,39,False,0.2843688399304256,0.08643980095190296,0.2782122232381519,0.07148146194029177,0.6960292802367111,0.743068578697554,0.02235867437140882,1.8088775378209103,True,True,True,True,True,True,True,True,True
run-04,outer-context-05,5,5815,True,2,sealed-run04-retrospective,outer_once,631801792,40,True,0.3654687260240847,0.10325191086496252,0.360155153626255,0.09412687831281481,0.7174808581072458,0.7386490867475038,0.027368990471013738,1.8929596722380748,True,True,True,True,True,True,True,True,True
run-04,outer-context-05,5,5815,True,2,sealed-run04-retrospective,outer_once,631801792,41,False,0.38128307269687545,0.08364545972724402,0.37599320458711954,0.07395127252612939,0.7806211035396707,0.8033175290831766,0.006900464723800833,2.0384776294591176,True,True,True,True,True,False,True,False,False
run-04,outer-context-05,5,5815,True,2,sealed-run04-retrospective,outer_once,631801792,42,True,0.2334033275016525,0.09094783632465415,0.19976439234795867,0.06264376330944331,0.6103404467358752,0.6864117645134296,0.021898812174148644,1.4115755347700392,True,True,True,True,True,True,True,True,True
run-04,outer-context-05,5,5815,True,2,sealed-run04-retrospective,outer_once,631801792,43,True,0.34276609440698813,0.06421175390840186,0.3253932966564294,0.03498704381413754,0.8126659697205666,0.8924776749439954,0.02724667647572837,1.19604184570051,True,True,True,True,True,True,True,True,True
run-04,outer-context-05,5,5815,True,2,sealed-run04-retrospective,outer_once,631801792,44,True,0.3514878065851493,0.06463311829581178,0.3329700572323008,0.02644897175949523,0.8161156174271036,0.9205665158622873,0.011206516839812422,1.1569784838701342,True,True,True,True,True,True,True,True,True
run-04,outer-context-05,5,5815,True,2,sealed-run04-retrospective,outer_once,631801792,45,True,0.3501091520823103,0.0604452802889278,0.33222274165004784,0.01555038395316896,0.8273530413888832,0.9531928974039074,0.003487396848593974,1.0816540961935004,True,True,True,True,True,True,True,True,True
run-04,outer-context-05,5,5815,True,2,sealed-run04-retrospective,outer_once,631801792,46,True,0.40137656626356066,0.06479837336490604,0.39184919554494185,0.043601518310229265,0.8385596499364223,0.8887288303614024,0.0011791687589844245,1.4159603775282623,True,True,True,True,True,True,True,True,True
run-04,outer-context-05,5,5815,True,2,sealed-run04-retrospective,outer_once,631801792,47,True,0.4091514021228078,0.0711656075281037,0.4015939574424527,0.05929820565321356,0.8260653460824676,0.8523428837653494,0.004439937778397193,1.6229584787899092,True,True,True,True,True,True,True,True,True
run-04,outer-context-05,5,5815,True,2,sealed-run04-retrospective,outer_once,631801792,48,True,0.3750271209652757,0.05466584673479178,0.370996248179256,0.04675006047763938,0.8542349508107885,0.8739877809894968,0.005648625383317788,1.6164931967395952,True,True,True,True,True,True,True,True,True
run-04,outer-context-05,5,5815,True,2,sealed-run04-retrospective,outer_once,631801792,49,False,0.3399691240447613,0.08323992566730247,0.33324709278516884,0.06767297003312067,0.7551544543899732,0.7969285509213827,0.0038727765441551537,1.6365813057879086,True,True,True,True,True,True,True,True,True
run-04,outer-context-05,5,5815,True,2,sealed-run04-retrospective,outer_once,631801792,50,True,0.281388135451129,0.06475854122074698,0.26936064194821796,0.029261408846486172,0.7698604416390039,0.8913671699219093,0.029261408846486148,1.0204400581871649,True,True,True,True,True,True,True,True,True
run-04,outer-context-05,5,5815,True,2,sealed-run04-retrospective,outer_once,631801792,51,True,0.2666884023232341,0.06442901418448083,0.25846025478949447,0.04057452721167351,0.7584108884255455,0.8430144424150636,0.017135232093971258,1.2801781534609715,True,True,True,True,True,True,True,True,True
run-04,outer-context-05,5,5815,True,2,sealed-run04-retrospective,outer_once,631801792,52,True,0.33432692561283445,0.07170000775372094,0.3285390416309916,0.05556888618985853,0.785539236415697,0.8308606310105685,0.02513445650539926,1.5370531463697426,True,True,True,True,True,True,True,True,True
run-04,outer-context-05,5,5815,True,2,sealed-run04-retrospective,outer_once,631801792,53,True,0.315992995339278,0.06825586261913881,0.31115280268670836,0.05489803169736506,0.7839956466571252,0.8235656846946661,0.011393565934008469,1.498999469507779,True,True,True,True,True,True,True,True,True
run-04,outer-context-05,5,5815,True,2,sealed-run04-retrospective,outer_once,631801792,54,True,0.3200467014829583,0.06376941236178431,0.30590434578563036,0.022398553519646605,0.8007496653885062,0.9267792241979363,0.00906832407064696,1.1251521144948995,True,True,True,True,True,True,True,True,True
run-04,outer-context-05,5,5815,True,2,sealed-run04-retrospective,outer_once,631801792,55,True,0.400196226482571,0.05815837065222276,0.39098736121852673,0.040332995172031934,0.8546753647244707,0.8968432251970175,0.001395961014482769,1.445288005270507,True,True,True,True,True,True,True,True,True
run-04,outer-context-05,5,5815,True,2,sealed-run04-retrospective,outer_once,631801792,56,True,0.34295906048441804,0.05067625867317233,0.3382138567822356,0.040033412978055086,0.8522381691809109,0.8816328421344628,0.00567539694805544,1.5254239329893613,True,True,True,True,True,True,True,True,True
run-04,outer-context-05,5,5815,True,2,sealed-run04-retrospective,outer_once,631801792,57,True,0.3233464311388902,0.05625405934183149,0.31250055173949665,0.021494863407066973,0.826025420649631,0.9312165585391181,0.02149486340706705,1.0156709229632994,True,True,True,True,True,True,True,True,True
run-04,outer-context-05,5,5815,True,2,sealed-run04-retrospective,outer_once,631801792,58,True,0.3101209135998981,0.07528632516129691,0.2953582610233501,0.028158892578633164,0.7572355753523046,0.9046619096379125,0.027793751523506504,1.080394093515624,True,True,True,True,True,True,True,True,True
run-04,outer-context-05,5,5815,True,2,sealed-run04-retrospective,outer_once,631801792,59,True,0.3264451791960865,0.061677314605282925,0.31214889461551154,0.015295401905603316,0.8110637909949496,0.9509996601959992,0.005188949555448382,1.0298913025498844,True,True,True,True,True,True,True,True,True
run-04,outer-context-05,5,5815,True,2,sealed-run04-retrospective,outer_once,631801792,60,True,0.29085278571903644,0.07241378083739998,0.28182622028499565,0.03956429804412563,0.7510294403459775,0.8596145596243089,0.03743018335672175,1.0873017271497836,True,True,True,True,True,True,True,True,True
run-04,outer-context-05,5,5815,True,2,sealed-run04-retrospective,outer_once,631801792,61,True,0.37411472218200625,0.0866209949237525,0.3673253860609748,0.06949431070650623,0.768464083908434,0.8108099430542205,0.025189580502254182,1.5628163253341818,True,True,True,True,True,True,True,True,True
run-04,outer-context-05,5,5815,True,2,sealed-run04-retrospective,outer_once,631801792,62,False,0.3071342563080333,0.11849174013778814,0.30034183547781745,0.10293964716345956,0.6142021356974602,0.6572583802729592,0.006623008741481049,1.7717586036602868,True,True,True,True,True,True,True,True,True
run-04,outer-context-05,5,5815,True,2,sealed-run04-retrospective,outer_once,631801792,63,True,0.3268417274266888,0.08221297374658607,0.3191277676205565,0.051104895745176286,0.7484624304434122,0.8398607049263725,0.029570549351349305,1.3143918699565849,True,True,True,True,True,True,True,True,True
run-04,outer-context-05,5,5815,True,2,sealed-run04-retrospective,outer_once,631801792,64,False,0.27479689528134105,0.08069925614956527,0.26674486267298786,0.058294044256192,0.7063312667090208,0.781461417205786,0.0016865385049192581,1.7819591042994771,True,True,True,True,True,True,True,True,True
run-04,outer-context-05,5,5815,True,2,sealed-run04-retrospective,outer_once,631801792,65,True,0.29063395932688574,0.05021201819673656,0.28332397717606356,0.03261065977361246,0.8272327903008009,0.8848997529307324,0.0010758487883031915,1.3853177352940655,True,True,True,True,True,True,True,True,True
run-04,outer-context-05,5,5815,True,2,sealed-run04-retrospective,outer_once,631801792,66,True,0.40669270766596705,0.07901897589983992,0.37606938356549247,0.038237529596421065,0.8057034846940473,0.8983232050588824,0.0066433064173973665,1.2039826709797754,True,True,True,True,True,True,True,True,True
run-04,outer-context-05,5,5815,True,2,sealed-run04-retrospective,outer_once,631801792,67,True,0.40677142244545156,0.09268350788846973,0.3783208446732556,0.06585225420193566,0.7721484283943307,0.8259354325062096,0.022868444662316852,1.417567765750558,True,True,True,True,True,True,True,True,True
run-04,outer-context-05,5,5815,True,2,sealed-run04-retrospective,outer_once,631801792,68,True,0.3988430393308523,0.08031351846169879,0.37847668435000037,0.059223398581509885,0.7986337718305364,0.8435216724559381,0.017069720216304006,1.477643025744487,True,True,True,True,True,True,True,True,True
run-04,outer-context-05,5,5815,True,2,sealed-run04-retrospective,outer_once,631801792,69,True,0.40635460512754756,0.07251683919838309,0.37916359082334317,0.04413642081734937,0.8215429620254424,0.8835953085012505,0.009780216742602021,1.3020482417497807,True,True,True,True,True,True,True,True,True
run-04,outer-context-05,5,5815,True,2,sealed-run04-retrospective,outer_once,631801792,70,True,0.3789694398233623,0.1511708943793131,0.37304812169026924,0.14461245625242516,0.6011000400196547,0.612349056745841,0.0366868722603411,2.815061467014975,True,True,True,True,True,False,True,False,False
run-04,outer-context-05,5,5815,True,2,sealed-run04-retrospective,outer_once,631801792,71,True,0.39614519968008005,0.13716544031583325,0.3860873740974705,0.12668128521630662,0.6537495836713263,0.6718844134376561,0.03054388341812142,2.2425666446050085,True,True,True,True,True,False,True,False,False
run-04,outer-context-05,5,5815,True,2,sealed-run04-retrospective,outer_once,631801792,72,True,0.34493438437948093,0.12961351451776587,0.3378045403776397,0.12305596168702038,0.624237187165513,0.6357184496411646,0.014652646425343058,2.551829268968452,True,True,True,True,True,False,True,False,False
run-04,outer-context-05,5,5815,True,2,sealed-run04-retrospective,outer_once,631801792,73,True,0.39778698749202474,0.19421453631819496,0.38981763746425935,0.18565061521858256,0.5117624698015322,0.523750088820432,0.03147234552517141,2.9575800950340416,True,True,True,True,True,False,True,False,False
run-04,outer-context-05,5,5815,True,2,sealed-run04-retrospective,outer_once,631801792,74,True,0.41551364363484034,0.1968594444248923,0.40856504596435184,0.1888465538240388,0.5262262805553135,0.5377809342982413,0.03960238402775319,3.117349971156172,True,True,True,True,True,False,True,False,False
run-04,outer-context-05,5,5815,True,2,sealed-run04-retrospective,outer_once,631801792,75,True,0.36798787420424534,0.1333918765522354,0.36186046053117826,0.12397120669304428,0.6375101303522884,0.6574060440008676,0.027156832243553208,2.2056419096083433,True,True,True,True,True,False,True,False,False
run-04,outer-context-05,5,5815,True,2,sealed-run04-retrospective,outer_once,631801792,76,True,0.45992489577212875,0.08737545240514645,0.4388458199487926,0.06616308090157388,0.8100223466736689,0.8492338814818966,0.0057493219811974245,1.536741460179965,True,True,True,True,True,True,True,True,True
run-04,outer-context-05,5,5815,True,2,sealed-run04-retrospective,outer_once,631801792,77,True,0.4649529258392985,0.09156785047150563,0.44287814988857677,0.07189706546226865,0.8030599542820079,0.8376594883257231,0.018045316875881123,1.5630416098202502,True,True,True,True,True,True,True,True,True
run-04,outer-context-05,5,5815,True,2,sealed-run04-retrospective,outer_once,631801792,78,True,0.44309963883540643,0.07455924852001784,0.42114149160951736,0.05749800276296819,0.8317325450411537,0.8634710568573463,0.0054251266964349685,1.5225042319147193,True,True,True,True,True,True,True,True,True
run-04,outer-context-05,5,5815,True,2,sealed-run04-retrospective,outer_once,631801792,79,True,0.3795368598669987,0.06950541819645634,0.3533068136975953,0.04435039483933952,0.8168678050906224,0.8744705929240861,0.004195710739664741,1.3330906261319784,True,True,True,True,True,True,True,True,True
run-04,outer-context-05,5,5815,True,2,sealed-run04-retrospective,outer_once,631801792,80,True,0.3313213646640826,0.0871637151481962,0.3263855904422672,0.07599512001017769,0.7369209340406736,0.7671615345910311,0.01217607914838575,1.7536330417269728,True,True,True,True,True,True,True,True,True
run-04,outer-context-05,5,5815,True,2,sealed-run04-retrospective,outer_once,631801792,81,False,0.2554801750173276,0.08890095799912012,0.24521286365985323,0.07506344495791702,0.6520240445541791,0.6938845546780075,0.0082931143050607,1.7311439482262418,True,True,True,True,True,True,True,True,True
run-04,outer-context-05,5,5815,True,2,sealed-run04-retrospective,outer_once,631801792,82,True,0.4238523350918711,0.220072267049625,0.41774797144719605,0.21386879589514432,0.48078080777371734,0.48804348431844474,0.06577491947281146,3.4121598782404408,True,True,True,True,True,False,True,False,False
run-04,outer-context-05,5,5815,True,2,sealed-run04-retrospective,outer_once,631801792,83,True,0.4457649628808239,0.23495324969310966,0.4404298775040761,0.22930971531522173,0.4729212269742141,0.4793502279756225,0.06698085341323291,3.6550640866027995,True,True,True,True,True,False,True,False,False
run-04,outer-context-05,5,5815,True,2,sealed-run04-retrospective,outer_once,631801792,84,True,0.4508921952015419,0.23836805157863408,0.44543292852578803,0.2323974918285122,0.4713413669267723,0.47826602627322895,0.06966615951873682,3.614247668192206,True,True,True,True,True,False,True,False,False
run-04,outer-context-05,5,5815,True,2,sealed-run04-retrospective,outer_once,631801792,85,True,0.43752941268852413,0.22211120472101437,0.4320009533398521,0.21581390889130586,0.49235137506256144,0.5004318689048666,0.06578379248004528,3.3832297502831814,True,True,True,True,True,False,True,False,False
run-04,outer-context-05,5,5815,True,2,sealed-run04-retrospective,outer_once,631801792,86,True,0.3997571168797858,0.17706837174111298,0.39261823352384173,0.1697265395675781,0.5570601140933268,0.5677059161408726,0.053579053274144674,2.7127025885158504,True,True,True,True,True,False,True,False,False
run-04,outer-context-05,5,5815,True,2,sealed-run04-retrospective,outer_once,631801792,87,True,0.38339132279172,0.15929683295471142,0.3719369858394007,0.14376019248876432,0.5845058991039019,0.6134823963142004,0.031155164297573937,2.055801877073249,True,True,True,True,True,False,True,False,False
run-04,outer-context-05,5,5815,True,2,sealed-run04-retrospective,outer_once,631801792,88,True,0.36366723587135763,0.12743101754628502,0.355386705245609,0.11480155591570088,0.6495944507044841,0.6769672184659774,0.03312246904189639,2.0169394997862806,True,True,True,True,True,False,True,False,False
run-04,outer-context-05,5,5815,True,2,sealed-run04-retrospective,outer_once,631801792,89,True,0.36474824600526023,0.11703874523543158,0.3560898798301263,0.10121589790874777,0.6791245838266659,0.7157574431572358,0.03472626650187639,1.8939880723647857,True,True,True,True,True,True,True,True,True
run-04,outer-context-05,5,5815,True,2,sealed-run04-retrospective,outer_once,631801792,90,False,0.18232623765293338,0.08506085074183294,0.1475831331252209,0.013087757725897571,0.5334689519357587,0.9113194207986294,0.00576831404092534,1.0283249155839234,True,True,True,True,True,True,True,True,True
run-04,outer-context-05,5,5815,True,2,sealed-run04-retrospective,outer_once,631801792,91,True,0.3457713409660733,0.08531778820106392,0.32814005612550146,0.052280239020430115,0.7532537313165141,0.8406770583337901,0.026101216806198008,1.3992297086866974,True,True,True,True,True,True,True,True,True
run-04,outer-context-05,5,5815,True,2,sealed-run04-retrospective,outer_once,631801792,92,False,0.3500492728023268,0.13708839539486006,0.3315928145704145,0.11379330803940664,0.6083740031870484,0.6568281849326915,0.011723335711237386,1.8497915768595798,True,True,True,True,True,True,True,True,True
run-04,outer-context-05,5,5815,True,2,sealed-run04-retrospective,outer_once,631801792,93,False,0.255586732745994,0.10599420344089806,0.24812086531158156,0.09535025603821415,0.5852906670776347,0.6157104485409697,0.007651924034812141,2.1154039378517315,True,True,True,True,True,False,True,False,False
run-04,outer-context-05,5,5815,True,2,sealed-run04-retrospective,outer_once,631801792,94,False,0.36850031043486703,0.11901976925548195,0.3626420453361697,0.10874317841504275,0.6770158236365478,0.700136319509676,0.01709148780238149,2.256041784405013,True,True,True,True,True,False,True,False,False
run-04,outer-context-05,5,5815,True,2,sealed-run04-retrospective,outer_once,631801792,95,False,0.3426968765913639,0.10997370606587167,0.3369711071098577,0.09797068993153261,0.6790933516531412,0.7092608598647816,0.020655533427007447,2.0575181030957923,True,True,True,True,True,False,True,False,False
run-04,outer-context-06,6,6875,True,0,sealed-run04-retrospective,outer_once,2091461091,0,True,0.37374559066920315,0.08198192592888282,0.36758162762365065,0.07488687112340717,0.7806477775909232,0.7962714523913031,0.004849476076386511,2.061838614362567,True,True,True,True,True,False,True,False,False
run-04,outer-context-06,6,6875,True,0,sealed-run04-retrospective,outer_once,2091461091,1,True,0.43163038143585575,0.07662943287040709,0.42440551386797803,0.06858250235199406,0.8224651549886441,0.8384033663301359,0.005335468434446353,1.9716712700717727,True,True,True,True,True,True,True,True,True
run-04,outer-context-06,6,6875,True,0,sealed-run04-retrospective,outer_once,2091461091,2,True,0.425188335580361,0.03943173607729849,0.41829966039660854,0.022970301149306066,0.9072605413234676,0.9450864934302675,0.006213785237085446,1.352033092939633,True,True,True,True,True,True,True,True,True
run-04,outer-context-06,6,6875,True,0,sealed-run04-retrospective,outer_once,2091461091,3,True,0.3675449250879649,0.054227785277151996,0.35583402366175176,0.03588516510688261,0.8524594367228071,0.8991519564722842,0.017627031283199073,1.3478649519112964,True,True,True,True,True,True,True,True,True
run-04,outer-context-06,6,6875,True,0,sealed-run04-retrospective,outer_once,2091461091,4,False,0.23927233637365164,0.09852015607662425,0.23049598643622407,0.08637067691523428,0.5882509546662614,0.6252833801983264,0.013151160818411554,1.9631422558134364,True,True,True,True,True,True,True,True,True
run-04,outer-context-06,6,6875,True,0,sealed-run04-retrospective,outer_once,2091461091,5,True,0.34174131178401257,0.11858871386612035,0.3356830452577399,0.11056956424679253,0.6529868945400701,0.6706131995379856,0.03152449074635723,2.2657935421527706,True,True,True,True,True,False,True,False,False
run-04,outer-context-06,6,6875,True,0,sealed-run04-retrospective,outer_once,2091461091,6,True,0.34709357375088484,0.13565651771463902,0.34235103395098143,0.1288875602482152,0.6091644214306252,0.6235222112205754,0.039991199747161164,2.264535290234438,True,True,True,True,True,False,True,False,False
run-04,outer-context-06,6,6875,True,0,sealed-run04-retrospective,outer_once,2091461091,7,True,0.30409513525342025,0.0828259411123801,0.2986808377726806,0.07265101419000079,0.7276314826826926,0.7567603776265892,0.006712377913457419,1.8927475687819209,True,True,True,True,True,True,True,True,True
run-04,outer-context-06,6,6875,True,0,sealed-run04-retrospective,outer_once,2091461091,8,True,0.3663727462260171,0.07261375718340472,0.3622230614414716,0.06204397986033754,0.8018036059412319,0.8287133358836053,0.006989701236320626,1.827536794430846,True,True,True,True,True,True,True,True,True
run-04,outer-context-06,6,6875,True,0,sealed-run04-retrospective,outer_once,2091461091,9,False,0.2756711254560641,0.11184892167676515,0.2680365573715597,0.09245121919538499,0.5942668224982766,0.655079814104512,0.0027749825411189457,1.7767301229440617,True,True,True,True,True,True,True,True,True
run-04,outer-context-06,6,6875,True,0,sealed-run04-retrospective,outer_once,2091461091,10,True,0.3443453584622237,0.09529098248340347,0.33731617727963786,0.08538277411597239,0.7232691536515735,0.7468761361979109,0.03326991608300525,1.7922774219668034,True,True,True,True,True,True,True,True,True
run-04,outer-context-06,6,6875,True,0,sealed-run04-retrospective,outer_once,2091461091,11,False,0.3290903757367275,0.1483942157449674,0.32025380993873603,0.1340309735814404,0.5490776191410628,0.5814851551427904,0.009077746321867796,1.812996984234832,True,True,True,True,True,True,True,True,True
run-04,outer-context-06,6,6875,True,0,sealed-run04-retrospective,outer_once,2091461091,12,True,0.35371811625492644,0.09908297677237586,0.34456083556971256,0.08283886020803033,0.7198815321605799,0.7595813230744557,0.03315470853570858,1.713335671302443,True,True,True,True,True,True,True,True,True
run-04,outer-context-06,6,6875,True,0,sealed-run04-retrospective,outer_once,2091461091,13,True,0.34333059174220776,0.10617461436106956,0.33608960602560706,0.09424179611747885,0.6907510809849664,0.7195932440996153,0.004841730490674032,2.0027690730763124,True,True,True,True,True,False,True,False,False
run-04,outer-context-06,6,6875,True,0,sealed-run04-retrospective,outer_once,2091461091,14,True,0.2947498118895225,0.10346297098465873,0.2877412548473376,0.09008876293843449,0.6489803663608833,0.6869105092829616,0.01848652353686006,1.8200208473299788,True,True,True,True,True,True,True,True,True
run-04,outer-context-06,6,6875,True,0,sealed-run04-retrospective,outer_once,2091461091,15,True,0.35091883322987244,0.11013790132942855,0.3452694218068972,0.1009027476716313,0.6861442279523318,0.7077564901531757,0.0016403554403986863,2.062405008133578,True,True,True,True,True,False,True,False,False
run-04,outer-context-06,6,6875,True,0,sealed-run04-retrospective,outer_once,2091461091,16,True,0.3295304816459705,0.087715245657991,0.3253034754980227,0.07951900812903172,0.7338175053795859,0.7555543850022128,0.0014086213226130306,1.9189451088614047,True,True,True,True,True,True,True,True,True
run-04,outer-context-06,6,6875,True,0,sealed-run04-retrospective,outer_once,2091461091,17,True,0.3186009269285606,0.09488437339247927,0.31189454702486413,0.08397171763586099,0.702184251919157,0.7307688818645272,0.022245234997671715,1.7550578705602533,True,True,True,True,True,True,True,True,True
run-04,outer-context-06,6,6875,True,0,sealed-run04-retrospective,outer_once,2091461091,18,True,0.34442389761883874,0.10200502904824692,0.3381726187702626,0.08759792385711071,0.7038387006434375,0.7409668347021899,0.018225797877967794,1.7299099695524398,True,True,True,True,True,True,True,True,True
run-04,outer-context-06,6,6875,True,0,sealed-run04-retrospective,outer_once,2091461091,19,False,0.2984615583432981,0.12002108210919714,0.2871522649120859,0.1008478462806722,0.5978675351847293,0.6488001015365572,0.00946809891035768,1.5219882582659732,True,True,True,True,True,True,True,True,True
run-04,outer-context-06,6,6875,True,0,sealed-run04-retrospective,outer_once,2091461091,20,True,0.3176297209703608,0.07642771261831462,0.3085373728153294,0.05031848026577891,0.7593811045615396,0.8369128517345084,0.008677739887668408,1.3748207562133874,True,True,True,True,True,True,True,True,True
run-04,outer-context-06,6,6875,True,0,sealed-run04-retrospective,outer_once,2091461091,21,True,0.35585598118906636,0.0872808608438195,0.34841469245057055,0.06864302355659693,0.7547298192033278,0.8029847045949842,0.01156543738913518,1.623384094755227,True,True,True,True,True,True,True,True,True
run-04,outer-context-06,6,6875,True,0,sealed-run04-retrospective,outer_once,2091461091,22,False,0.29848756674217025,0.06918563894967908,0.29097416584386016,0.05332954324180476,0.768212660564717,0.8167206937868775,0.017432307732681576,1.5779935113259922,True,True,True,True,True,True,True,True,True
run-04,outer-context-06,6,6875,True,0,sealed-run04-retrospective,outer_once,2091461091,23,True,0.31241822786693296,0.11171432241191386,0.30263085706116927,0.09863393933253807,0.6424206001850318,0.6740783795467306,0.03442837349911914,1.7196663499131302,True,True,True,True,True,True,True,True,True
run-04,outer-context-06,6,6875,True,0,sealed-run04-retrospective,outer_once,2091461091,24,False,0.24500356837851883,0.09692050664407557,0.23299838027695663,0.0797298420980174,0.604411856996556,0.6578094577170646,0.026708887666085323,1.7136262317673467,True,True,True,True,True,True,True,True,True
run-04,outer-context-06,6,6875,True,0,sealed-run04-retrospective,outer_once,2091461091,25,True,0.33236661632950437,0.0860399428896325,0.3225454194268707,0.06849231194389796,0.7411294075204787,0.78765064447171,0.00012376121517176583,1.5470476666600015,True,True,True,True,True,True,True,True,True
run-04,outer-context-06,6,6875,True,0,sealed-run04-retrospective,outer_once,2091461091,26,True,0.29291104625281206,0.07361236402356389,0.2764756968925183,0.038653186855351164,0.7486869649838029,0.8601931841033469,0.026272285380191093,1.0988179407892997,True,True,True,True,True,True,True,True,True
run-04,outer-context-06,6,6875,True,0,sealed-run04-retrospective,outer_once,2091461091,27,False,0.23542791735193325,0.11080220068279462,0.2225802629918035,0.08884393121586863,0.529358276923632,0.6008454207858479,0.01657152255644494,1.5740296248196068,True,True,True,True,True,True,True,True,True
run-04,outer-context-06,6,6875,True,0,sealed-run04-retrospective,outer_once,2091461091,28,True,0.269774923423633,0.08123064712106173,0.25808341751764396,0.05237708683776528,0.6988947449592874,0.7970536528787849,0.005351138216926522,1.2891349087032133,True,True,True,True,True,True,True,True,True
run-04,outer-context-06,6,6875,True,0,sealed-run04-retrospective,outer_once,2091461091,29,True,0.26567553444262765,0.08433534290502179,0.25455837948621707,0.05874966886617755,0.6825626300820187,0.7692094482029866,0.019007242518217386,1.2779803618108605,True,True,True,True,True,True,True,True,True
run-04,outer-context-06,6,6875,True,0,sealed-run04-retrospective,outer_once,2091461091,30,False,0.27190794125387024,0.12170712616021148,0.2654874359115701,0.11361382814104538,0.5523958380951511,0.5720557255338876,0.028389800183113347,2.1285990760174327,True,True,True,True,True,False,True,False,False
run-04,outer-context-06,6,6875,True,0,sealed-run04-retrospective,outer_once,2091461091,31,True,0.3570406538291343,0.06882707998189773,0.35224145507287874,0.0497765601056587,0.807229010915839,0.8586862523170082,0.002833869120475891,1.5861840816794086,True,True,True,True,True,True,True,True,True
run-04,outer-context-06,6,6875,True,0,sealed-run04-retrospective,outer_once,2091461091,32,True,0.3447167834817145,0.07455876808483608,0.33773249559620616,0.061381255887909124,0.7837100725651467,0.8182548120530969,0.028445598964665447,1.7070056895119976,True,True,True,True,True,True,True,True,True
run-04,outer-context-06,6,6875,True,0,sealed-run04-retrospective,outer_once,2091461091,33,True,0.377169671719896,0.09588233780703263,0.36704070295603025,0.08221397493835295,0.745784603067875,0.7760085617855799,0.0288762122045761,1.6590696654837735,True,True,True,True,True,True,True,True,True
run-04,outer-context-06,6,6875,True,0,sealed-run04-retrospective,outer_once,2091461091,34,True,0.353322855011797,0.058212094258599176,0.34845285411918975,0.04370528284781544,0.8352439038888227,0.8745733251108172,0.01744390628694619,1.405240052126012,True,True,True,True,True,True,True,True,True
run-04,outer-context-06,6,6875,True,0,sealed-run04-retrospective,outer_once,2091461091,35,True,0.21092896594978858,0.07726082392378783,0.18359751833508714,0.019036102014950783,0.6337116451697786,0.8963161256885419,0.017703038901538664,1.0505144874149532,True,True,True,True,True,True,True,True,True
run-04,outer-context-06,6,6875,True,0,sealed-run04-retrospective,outer_once,2091461091,36,True,0.34097154698528165,0.08587300568285951,0.3296415702750801,0.0627770276460743,0.7481519896832732,0.8095597360682151,0.03209735859190861,1.5313972530736297,True,True,True,True,True,True,True,True,True
run-04,outer-context-06,6,6875,True,0,sealed-run04-retrospective,outer_once,2091461091,37,True,0.3617641496595322,0.08461619099905365,0.35336365529835845,0.06497458390066664,0.7661012262307123,0.816125447746441,0.027027015700058693,1.5912598688808952,True,True,True,True,True,True,True,True,True
run-04,outer-context-06,6,6875,True,0,sealed-run04-retrospective,outer_once,2091461091,38,False,0.3553981574434098,0.08847657740830706,0.34615561485143787,0.07008544022616804,0.7510494200511008,0.7975319849823984,0.026716336378489903,1.8327394666788241,True,True,True,True,True,True,True,True,True
run-04,outer-context-06,6,6875,True,0,sealed-run04-retrospective,outer_once,2091461091,39,False,0.3227764916870874,0.09489303168680041,0.31264973379285066,0.08066537138127901,0.7060100901685443,0.741994434466,0.0344435649380501,1.8970073753084484,True,True,True,True,True,True,True,True,True
run-04,outer-context-06,6,6875,True,0,sealed-run04-retrospective,outer_once,2091461091,40,True,0.3841945324362408,0.1078270603133004,0.3770134161787778,0.09586298955190817,0.7193425433996906,0.7457305617303273,0.018360058304597224,1.9225081816072103,True,True,True,True,True,True,True,True,True
run-04,outer-context-06,6,6875,True,0,sealed-run04-retrospective,outer_once,2091461091,41,False,0.3669653315399313,0.08298774957221774,0.36302400780565075,0.07426015298278531,0.7738539790013177,0.7954401048248539,0.011804481610079352,2.0113699061987713,True,True,True,True,True,False,True,False,False
run-04,outer-context-06,6,6875,True,0,sealed-run04-retrospective,outer_once,2091461091,42,True,0.21936373603480436,0.08608378065349867,0.19076157737696425,0.05731835706883621,0.6075751525318634,0.6995288157238849,0.022288653122894263,1.3563800960786632,True,True,True,True,True,True,True,True,True
run-04,outer-context-06,6,6875,True,0,sealed-run04-retrospective,outer_once,2091461091,43,True,0.3320238712035565,0.07281091757068989,0.317609187238713,0.03640066040255377,0.7807057748385472,0.8853916641422742,0.02485752814742606,1.2365198542485052,True,True,True,True,True,True,True,True,True
run-04,outer-context-06,6,6875,True,0,sealed-run04-retrospective,outer_once,2091461091,44,True,0.3588691872443428,0.08136572482501196,0.34337430629612836,0.03797205130609421,0.7732719115569746,0.8894149893866932,0.00838003439027071,1.3098541707574174,True,True,True,True,True,True,True,True,True
run-04,outer-context-06,6,6875,True,0,sealed-run04-retrospective,outer_once,2091461091,45,True,0.3587280295090582,0.07884844975879016,0.3448659478261177,0.03295468448840432,0.7801999195136794,0.9044420456814131,0.002491047511700757,1.2937440489255458,True,True,True,True,True,True,True,True,True
run-04,outer-context-06,6,6875,True,0,sealed-run04-retrospective,outer_once,2091461091,46,True,0.40706266147723674,0.08219705279461169,0.3945845240559615,0.05686501476438641,0.798072727927643,0.8558863531193089,0.008469424446698938,1.7176807922596378,True,True,True,True,True,True,True,True,True
run-04,outer-context-06,6,6875,True,0,sealed-run04-retrospective,outer_once,2091461091,47,True,0.4256837054318406,0.08729254221057585,0.4175858854146738,0.07151836231837351,0.7949356738425758,0.8287337651574266,0.004289369013616912,1.9317987865085644,True,True,True,True,True,True,True,True,True
run-04,outer-context-06,6,6875,True,0,sealed-run04-retrospective,outer_once,2091461091,48,True,0.406449087598166,0.07807093600665523,0.4015860546621616,0.06517527655662929,0.8079195195934609,0.837705329156764,0.0013898736593787155,2.105688283982345,True,True,True,True,True,False,True,False,False
run-04,outer-context-06,6,6875,True,0,sealed-run04-retrospective,outer_once,2091461091,49,False,0.3784227112706764,0.09266614079911975,0.3702974207836528,0.07711374712893897,0.7551253187527692,0.7917518653904076,0.005364062057254801,1.8066406849168744,True,True,True,True,True,True,True,True,True
run-04,outer-context-06,6,6875,True,0,sealed-run04-retrospective,outer_once,2091461091,50,True,0.2729754060397921,0.06632356233097311,0.260420866136472,0.027347832002331474,0.7570346600334207,0.8949860185627367,0.02702071527886538,1.0582627399819557,True,True,True,True,True,True,True,True,True
run-04,outer-context-06,6,6875,True,0,sealed-run04-retrospective,outer_once,2091461091,51,True,0.26488278739280113,0.06810831878884206,0.25650027247223744,0.044967499676671546,0.7428737463116372,0.8246882966506842,0.011466829988438234,1.3441515790379284,True,True,True,True,True,True,True,True,True
run-04,outer-context-06,6,6875,True,0,sealed-run04-retrospective,outer_once,2091461091,52,True,0.3264112598629628,0.07604538484079457,0.31760238744418107,0.06023506963928367,0.767025852990731,0.8103444053931426,0.027406730793275744,1.5680774469284764,True,True,True,True,True,True,True,True,True
run-04,outer-context-06,6,6875,True,0,sealed-run04-retrospective,outer_once,2091461091,53,True,0.3123455733616982,0.0697392052344543,0.30631372871349927,0.05655436430476382,0.7767242081138898,0.815371108104462,0.010784094402957117,1.5072578943796127,True,True,True,True,True,True,True,True,True
run-04,outer-context-06,6,6875,True,0,sealed-run04-retrospective,outer_once,2091461091,54,True,0.3242735606386519,0.07513287858692345,0.3074060958857956,0.033762770645771906,0.7683040256536784,0.8901688317257211,0.020698524186366977,1.2571809234682625,True,True,True,True,True,True,True,True,True
run-04,outer-context-06,6,6875,True,0,sealed-run04-retrospective,outer_once,2091461091,55,True,0.409562039427743,0.07110097876715016,0.398022944889559,0.05007671588589301,0.8263975370703414,0.8741863590306634,0.009844881581565336,1.780949927748117,True,True,True,True,True,True,True,True,True
run-04,outer-context-06,6,6875,True,0,sealed-run04-retrospective,outer_once,2091461091,56,True,0.37363178346761056,0.0705937152241237,0.366573419724074,0.056234077781463755,0.8110607331931029,0.8465953210033829,0.0037867328155246024,1.9628476329436824,True,True,True,True,True,True,True,True,True
run-04,outer-context-06,6,6875,True,0,sealed-run04-retrospective,outer_once,2091461091,57,True,0.3747280401604629,0.06642390393284596,0.3599802682257605,0.027686984713059186,0.822741036661141,0.9230874935186854,0.027686984713059328,1.125879312891913,True,True,True,True,True,True,True,True,True
run-04,outer-context-06,6,6875,True,0,sealed-run04-retrospective,outer_once,2091461091,58,True,0.3096677238890414,0.07875977606806937,0.29576522195037536,0.027437226826586482,0.7456635936127131,0.9072330862781763,0.026440986665981193,1.0884836799915911,True,True,True,True,True,True,True,True,True
run-04,outer-context-06,6,6875,True,0,sealed-run04-retrospective,outer_once,2091461091,59,True,0.32161179012701324,0.06678062097660385,0.3094453591861505,0.01733967739500741,0.7923564277595968,0.9439653015297718,0.0036842618294022395,1.0642075853886543,True,True,True,True,True,True,True,True,True
run-04,outer-context-06,6,6875,True,0,sealed-run04-retrospective,outer_once,2091461091,60,True,0.29900162609993,0.07680091346711877,0.28121670112310054,0.04173554460576858,0.7431421545465076,0.8515893812882075,0.03891217765762588,1.1081911725959521,True,True,True,True,True,True,True,True,True
run-04,outer-context-06,6,6875,True,0,sealed-run04-retrospective,outer_once,2091461091,61,True,0.3561687393820903,0.0841761103747119,0.34893376042542557,0.06675031896475049,0.7636622727734409,0.8087020330639046,0.031321195710010935,1.5266179898598455,True,True,True,True,True,True,True,True,True
run-04,outer-context-06,6,6875,True,0,sealed-run04-retrospective,outer_once,2091461091,62,False,0.30177555245087556,0.1237106927364058,0.2913879899954154,0.10835297297148129,0.5900572735873162,0.6281488026559157,0.01491063643527016,1.8255929620446376,True,True,True,True,True,True,True,True,True
run-04,outer-context-06,6,6875,True,0,sealed-run04-retrospective,outer_once,2091461091,63,True,0.33283149837080683,0.08414848755734408,0.32009598643923004,0.0553245266528765,0.7471739064083579,0.8271626980759416,0.045204872831577404,1.3110666460055624,True,True,True,True,True,True,True,True,True
run-04,outer-context-06,6,6875,True,0,sealed-run04-retrospective,outer_once,2091461091,64,False,0.29241210628198194,0.06911262589338761,0.2819550439608246,0.04850127794267999,0.7636464961312505,0.8279822298571156,0.020022357202219516,1.556022660629292,True,True,True,True,True,True,True,True,True
run-04,outer-context-06,6,6875,True,0,sealed-run04-retrospective,outer_once,2091461091,65,True,0.3176403503175757,0.05467434376103703,0.30965212603984094,0.0363400107248796,0.8278734307326704,0.8826424633680573,0.0025247469085710925,1.4316774579773595,True,True,True,True,True,True,True,True,True
run-04,outer-context-06,6,6875,True,0,sealed-run04-retrospective,outer_once,2091461091,66,True,0.31759785546891794,0.07103093298263224,0.2955389819599509,0.03263423844939778,0.7763494565233808,0.8895772116660396,0.018760882570476426,1.146499362969286,True,True,True,True,True,True,True,True,True
run-04,outer-context-06,6,6875,True,0,sealed-run04-retrospective,outer_once,2091461091,67,True,0.3350878937922194,0.08477220362593306,0.3186006890538366,0.0586066951425974,0.7470150214424087,0.8160496911772398,0.014445326891533643,1.3714416569405432,True,True,True,True,True,True,True,True,True
run-04,outer-context-06,6,6875,True,0,sealed-run04-retrospective,outer_once,2091461091,68,True,0.3648179443267833,0.08583793499870396,0.350163491329833,0.06111630636538875,0.764710216880628,0.8254635109637377,0.0124938218481974,1.5013413734792904,True,True,True,True,True,True,True,True,True
run-04,outer-context-06,6,6875,True,0,sealed-run04-retrospective,outer_once,2091461091,69,True,0.36669622941346103,0.08285962152518271,0.34995539482962656,0.04952467515881099,0.774037432406331,0.8584828927043067,0.015292436152432547,1.3472595048304552,True,True,True,True,True,True,True,True,True
run-04,outer-context-06,6,6875,True,0,sealed-run04-retrospective,outer_once,2091461091,70,True,0.37311065775553554,0.1641995728475203,0.36852621410274017,0.1572870561175004,0.5599172271430936,0.5731998156482543,0.044317517628916225,2.9874069793328397,True,True,True,True,True,False,True,False,False
run-04,outer-context-06,6,6875,True,0,sealed-run04-retrospective,outer_once,2091461091,71,True,0.38825777411085294,0.15178980174591272,0.381480092778306,0.14029440675934549,0.6090489054764564,0.6322366240985571,0.0370592371472477,2.3986283096008494,True,True,True,True,True,False,True,False,False
run-04,outer-context-06,6,6875,True,0,sealed-run04-retrospective,outer_once,2091461091,72,True,0.3437116851947907,0.13795827859777512,0.33864967471759877,0.13018032919137987,0.5986220878129573,0.6155899771646386,0.01223750091977533,2.662049363655508,True,True,True,True,True,False,True,False,False
run-04,outer-context-06,6,6875,True,0,sealed-run04-retrospective,outer_once,2091461091,73,True,0.39509017528821355,0.19643524406157672,0.3881157932167358,0.18802573262873426,0.5028090892964383,0.5155421760337,0.04017690564672109,2.9848891194437117,True,True,True,True,True,False,True,False,False
run-04,outer-context-06,6,6875,True,0,sealed-run04-retrospective,outer_once,2091461091,74,True,0.4095173641269128,0.19439240514114778,0.40220259088308236,0.18702535750384927,0.5253134001885597,0.5349971339239425,0.04922014605557493,3.1075028732771015,True,True,True,True,True,False,True,False,False
run-04,outer-context-06,6,6875,True,0,sealed-run04-retrospective,outer_once,2091461091,75,True,0.3552215673404004,0.13328378556896633,0.3484119782043876,0.12307576136113205,0.6247868997175962,0.6467522098538971,0.0324239236013138,2.2205069082562594,True,True,True,True,True,False,True,False,False
run-04,outer-context-06,6,6875,True,0,sealed-run04-retrospective,outer_once,2091461091,76,True,0.37661635074155064,0.0806730705444477,0.36211964727006923,0.06042010638658601,0.7857950925773564,0.8331487759858425,0.01941004552548616,1.4790109711167205,True,True,True,True,True,True,True,True,True
run-04,outer-context-06,6,6875,True,0,sealed-run04-retrospective,outer_once,2091461091,77,True,0.40024501395267165,0.09380243813617749,0.3852554949794625,0.07349051702338005,0.7656374598903324,0.8092421315696022,0.030285560976083786,1.5608964094444278,True,True,True,True,True,True,True,True,True
run-04,outer-context-06,6,6875,True,0,sealed-run04-retrospective,outer_once,2091461091,78,True,0.39834242402868286,0.0848880145191111,0.3851511733551474,0.0629838664255933,0.7868968771626527,0.8364697532220265,0.013041699060337949,1.5910615178551628,True,True,True,True,True,True,True,True,True
run-04,outer-context-06,6,6875,True,0,sealed-run04-retrospective,outer_once,2091461091,79,True,0.335304395651571,0.07750588834045291,0.3204194897168726,0.048216911208498255,0.7688491730332323,0.8495194182753882,0.009001332218771804,1.3709152375826315,True,True,True,True,True,True,True,True,True
run-04,outer-context-06,6,6875,True,0,sealed-run04-retrospective,outer_once,2091461091,80,True,0.3529801475907645,0.10308826512380112,0.3475341942896176,0.09160302970562113,0.7079488299060976,0.7364200956027834,0.009531222798156842,1.9633456048318132,True,True,True,True,True,True,True,True,True
run-04,outer-context-06,6,6875,True,0,sealed-run04-retrospective,outer_once,2091461091,81,False,0.28724200433250424,0.11351097756330403,0.2763511553661088,0.09498569315792503,0.6048245874516788,0.6562862455483914,0.017230104951296392,2.0071186390253155,True,True,True,True,True,False,True,False,False
run-04,outer-context-06,6,6875,True,0,sealed-run04-retrospective,outer_once,2091461091,82,True,0.43192723037254294,0.2284521341093059,0.4256147103263565,0.22072739815972053,0.47108652095802594,0.48139151959651655,0.057495205743947016,3.476315824240524,True,True,True,True,True,False,True,False,False
run-04,outer-context-06,6,6875,True,0,sealed-run04-retrospective,outer_once,2091461091,83,True,0.4534394266380485,0.24403494007478682,0.44750873971377436,0.23681777026339781,0.46181358360444424,0.47080861389463374,0.060842694778971716,3.722480531827795,True,True,True,True,True,False,True,False,False
run-04,outer-context-06,6,6875,True,0,sealed-run04-retrospective,outer_once,2091461091,84,True,0.45712098779762866,0.24702215394264546,0.4509920844412667,0.2391939465768257,0.45961318658157024,0.4696271734499229,0.06332620965697944,3.6719608357656726,True,True,True,True,True,False,True,False,False
run-04,outer-context-06,6,6875,True,0,sealed-run04-retrospective,outer_once,2091461091,85,True,0.4404486881780392,0.23187886125151225,0.43453827267649997,0.22321751285955663,0.4735394440367101,0.4863110411778734,0.06073159053214974,3.4410484280644815,True,True,True,True,True,False,True,False,False
run-04,outer-context-06,6,6875,True,0,sealed-run04-retrospective,outer_once,2091461091,86,True,0.39165098301978307,0.18836542544474888,0.38581179414152644,0.17741994460350688,0.519047739922986,0.5401386186280652,0.05031254097920979,2.7629312849784826,True,True,True,True,True,False,True,False,False
run-04,outer-context-06,6,6875,True,0,sealed-run04-retrospective,outer_once,2091461091,87,True,0.3739061757822155,0.16941702516650325,0.3643460703188488,0.14959976082502632,0.5468996338129983,0.589402019091059,0.024640895824749133,2.0829977985439343,True,True,True,True,True,False,True,False,False
run-04,outer-context-06,6,6875,True,0,sealed-run04-retrospective,outer_once,2091461091,88,True,0.35880415332659454,0.13645793603428755,0.35129230411010315,0.1207936225980299,0.6196868548785183,0.6561449790253009,0.03328039946173451,2.0459872304539246,True,True,True,True,True,False,True,False,False
run-04,outer-context-06,6,6875,True,0,sealed-run04-retrospective,outer_once,2091461091,89,True,0.3493096480206011,0.12288413806586644,0.3417129090567082,0.10300301063973302,0.6482085772259598,0.6985685705463373,0.04380516639250846,1.894290893880538,True,True,True,True,True,True,True,True,True
run-04,outer-context-06,6,6875,True,0,sealed-run04-retrospective,outer_once,2091461091,90,False,0.1665683070595389,0.08327167427789503,0.13944372888401554,0.0333258008788364,0.5000749197256952,0.7610089665161232,0.0328451082585746,1.0364372764831806,True,True,True,True,True,True,True,True,True
run-04,outer-context-06,6,6875,True,0,sealed-run04-retrospective,outer_once,2091461091,91,True,0.3331043599364669,0.07689666577922198,0.32361102531763014,0.04883774413213913,0.7691514281173368,0.8490850425006256,0.0032371469801964906,1.4025872874318632,True,True,True,True,True,True,True,True,True
run-04,outer-context-06,6,6875,True,0,sealed-run04-retrospective,outer_once,2091461091,92,False,0.3429148250109344,0.14121613775444813,0.3338253493311045,0.12389058725221973,0.588188881160372,0.6288760350271095,0.015067395789575052,1.9546092590865976,True,True,True,True,True,True,True,True,True
run-04,outer-context-06,6,6875,True,0,sealed-run04-retrospective,outer_once,2091461091,93,False,0.27022783021396574,0.1215689142973844,0.2638770798414703,0.11140111034778437,0.550124373936147,0.5778295317853641,0.011922283038522209,2.337273436293282,True,True,True,True,True,False,True,False,False
run-04,outer-context-06,6,6875,True,0,sealed-run04-retrospective,outer_once,2091461091,94,False,0.37996585577513226,0.1363212359975576,0.3741967844081978,0.12638980074012712,0.6412276684191489,0.6622370741640232,0.014235219598774312,2.6056697243471576,True,True,True,True,True,False,True,False,False
run-04,outer-context-06,6,6875,True,0,sealed-run04-retrospective,outer_once,2091461091,95,False,0.3632866065006914,0.12761939942625908,0.35574808670511077,0.11361501035423609,0.6487087683866589,0.6806307198823681,0.017708688092716217,2.3761081345648623,True,True,True,True,True,False,True,False,False
run-04,outer-context-06,6,6875,True,1,sealed-run04-retrospective,outer_once,610261091,0,True,0.3351082326407799,0.08310616581801661,0.3297426307987585,0.07559184679493466,0.7520020168913532,0.7707550078926002,0.005067061184220049,2.058774706730693,True,True,True,True,True,False,True,False,False
run-04,outer-context-06,6,6875,True,1,sealed-run04-retrospective,outer_once,610261091,1,True,0.3718324125472176,0.07698261816749499,0.36498718199305635,0.06863733990606691,0.7929642076113542,0.811945889356266,0.005412786090784752,1.9524639730640783,True,True,True,True,True,True,True,True,True
run-04,outer-context-06,6,6875,True,1,sealed-run04-retrospective,outer_once,610261091,2,True,0.3886696193093665,0.03815294052745502,0.38171362736952125,0.020891108762315196,0.9018370908555972,0.9452702045083359,0.0060940894886355014,1.3207377192625573,True,True,True,True,True,True,True,True,True
run-04,outer-context-06,6,6875,True,1,sealed-run04-retrospective,outer_once,610261091,3,True,0.3621753677747334,0.054727562816201995,0.3504185691500681,0.03572604616604379,0.8488920901704128,0.8980475085761109,0.01786555276921877,1.3412738154252557,True,True,True,True,True,True,True,True,True
run-04,outer-context-06,6,6875,True,1,sealed-run04-retrospective,outer_once,610261091,4,False,0.24097890053697033,0.0927595158063957,0.23186437943387062,0.08039669602481687,0.615072043238222,0.653259822741567,0.012791949621526827,1.9149392768815006,True,True,True,True,True,True,True,True,True
run-04,outer-context-06,6,6875,True,1,sealed-run04-retrospective,outer_once,610261091,5,True,0.3357661359497339,0.11669375798707413,0.33016373237610913,0.1088083527804992,0.6524552493746902,0.6704412323018291,0.03136664484540066,2.239308145502052,True,True,True,True,True,False,True,False,False
run-04,outer-context-06,6,6875,True,1,sealed-run04-retrospective,outer_once,610261091,6,True,0.32424725129536325,0.13809188789697707,0.31937563073558417,0.13101258281827008,0.5741154710015215,0.5897852866340408,0.0400199398711786,2.2721076841944092,True,True,True,True,True,False,True,False,False
run-04,outer-context-06,6,6875,True,1,sealed-run04-retrospective,outer_once,610261091,7,True,0.2837315560098577,0.08414275388535226,0.27862703784392484,0.07358275640418635,0.7034423838199059,0.7359094904299837,0.006829620591100714,1.9009005823775937,True,True,True,True,True,True,True,True,True
run-04,outer-context-06,6,6875,True,1,sealed-run04-retrospective,outer_once,610261091,8,True,0.338646042686628,0.070422261431088,0.3349003568783793,0.06052729369991695,0.7920475878814434,0.8192677539549541,0.007302092641665689,1.792985475019443,True,True,True,True,True,True,True,True,True
run-04,outer-context-06,6,6875,True,1,sealed-run04-retrospective,outer_once,610261091,9,False,0.25434108274474937,0.10712479961824951,0.2476696652906797,0.08879478588191962,0.5788144075577543,0.6414789603817456,0.002894407222439434,1.7531727297317206,True,True,True,True,True,True,True,True,True
run-04,outer-context-06,6,6875,True,1,sealed-run04-retrospective,outer_once,610261091,10,True,0.34832534537839516,0.10087701617083966,0.34014272878709256,0.09090299083323163,0.7103942692965559,0.7327504510903979,0.03366690150548055,1.847935715515865,True,True,True,True,True,True,True,True,True
run-04,outer-context-06,6,6875,True,1,sealed-run04-retrospective,outer_once,610261091,11,False,0.33467654903621613,0.15795819097363273,0.32652978668058424,0.14297631331190544,0.5280273104628562,0.562133933429581,0.009307355215861414,1.8935509594442697,True,True,True,True,True,True,True,True,True
run-04,outer-context-06,6,6875,True,1,sealed-run04-retrospective,outer_once,610261091,12,True,0.35796376929827284,0.09509402738465172,0.34796009196101096,0.0794225689309618,0.7343473403158443,0.7717480516706464,0.03297019154935315,1.6732920701304244,True,True,True,True,True,True,True,True,True
run-04,outer-context-06,6,6875,True,1,sealed-run04-retrospective,outer_once,610261091,13,True,0.32855550868270744,0.10335392378751689,0.3206965021081584,0.09146287125507789,0.6854293382512486,0.7147992863850101,0.004549090430312818,1.9631615619796912,True,True,True,True,True,True,True,True,True
run-04,outer-context-06,6,6875,True,1,sealed-run04-retrospective,outer_once,610261091,14,True,0.2813523623468874,0.10534788074302666,0.2744980999585565,0.09340320560077986,0.6255660344762265,0.6597309576464034,0.018072404830631994,1.8387188469501736,True,True,True,True,True,True,True,True,True
run-04,outer-context-06,6,6875,True,1,sealed-run04-retrospective,outer_once,610261091,15,True,0.32826720929594433,0.1103343501706308,0.3227243905101733,0.1012311703413969,0.6638886034116172,0.686323149665362,0.0014540536189895268,2.069892738902786,True,True,True,True,True,False,True,False,False
run-04,outer-context-06,6,6875,True,1,sealed-run04-retrospective,outer_once,610261091,16,True,0.3126577360389762,0.08925961012384179,0.30891568477414616,0.0816424752390641,0.7145133485111829,0.7357127550879963,0.0015255522372209678,1.9444940381200435,True,True,True,True,True,True,True,True,True
run-04,outer-context-06,6,6875,True,1,sealed-run04-retrospective,outer_once,610261091,17,True,0.3091954090187557,0.09350718674493697,0.30289717761624446,0.08239555739941493,0.6975789936801265,0.7279751562960881,0.02232564861271498,1.7392752952723554,True,True,True,True,True,True,True,True,True
run-04,outer-context-06,6,6875,True,1,sealed-run04-retrospective,outer_once,610261091,18,True,0.3305246884379316,0.10260155744088695,0.32478712308393626,0.08907775395724667,0.6895797468994386,0.7257349579890029,0.01910715876014664,1.7376461907884502,True,True,True,True,True,True,True,True,True
run-04,outer-context-06,6,6875,True,1,sealed-run04-retrospective,outer_once,610261091,19,False,0.28742327971314113,0.12334346101263942,0.27708417849012923,0.10476450187607833,0.5708647499404339,0.6219037028856903,0.010096900073771712,1.5509929202998276,True,True,True,True,True,True,True,True,True
run-04,outer-context-06,6,6875,True,1,sealed-run04-retrospective,outer_once,610261091,20,True,0.3170284922763882,0.0758653476147645,0.3089293749383507,0.04848390270307293,0.760698645506523,0.8430582954024742,0.008990034642032583,1.3615554373158116,True,True,True,True,True,True,True,True,True
run-04,outer-context-06,6,6875,True,1,sealed-run04-retrospective,outer_once,610261091,21,True,0.35764150284215157,0.08259975510152376,0.35103339025005204,0.06347784583153626,0.7690431495083503,0.819168638669048,0.01194860986349136,1.5815840373988934,True,True,True,True,True,True,True,True,True
run-04,outer-context-06,6,6875,True,1,sealed-run04-retrospective,outer_once,610261091,22,False,0.30150067704428885,0.06864601464167043,0.29426039189249675,0.05096303715424382,0.7723188706750842,0.8268097285316525,0.017849321622401337,1.5543282804167466,True,True,True,True,True,True,True,True,True
run-04,outer-context-06,6,6875,True,1,sealed-run04-retrospective,outer_once,610261091,23,True,0.3032380711366007,0.10628882529769304,0.2943149175339972,0.0916315601241522,0.6494872002736993,0.6886615164059173,0.034391043663694706,1.675105376983739,True,True,True,True,True,True,True,True,True
run-04,outer-context-06,6,6875,True,1,sealed-run04-retrospective,outer_once,610261091,24,False,0.2358238444718491,0.0922449966825352,0.22332790293422264,0.07350215432917465,0.6088393992171275,0.6708778734611437,0.02650439229828984,1.6485380481144352,True,True,True,True,True,True,True,True,True
run-04,outer-context-06,6,6875,True,1,sealed-run04-retrospective,outer_once,610261091,25,True,0.3288231692611704,0.08992171914475798,0.31889322441462065,0.07062113879855207,0.7265347227605577,0.7785429937303044,0.0004484558200999669,1.5739377693985364,True,True,True,True,True,True,True,True,True
run-04,outer-context-06,6,6875,True,1,sealed-run04-retrospective,outer_once,610261091,26,True,0.2918853703581142,0.0760206762024961,0.2749717895627578,0.03894425723872043,0.7395529755080691,0.8583699902428281,0.02652268515543426,1.1172767752417312,True,True,True,True,True,True,True,True,True
run-04,outer-context-06,6,6875,True,1,sealed-run04-retrospective,outer_once,610261091,27,False,0.24213129555720866,0.11633185985887289,0.23125652727805732,0.09481042286659418,0.519550500107133,0.5900205543059273,0.016390151353333098,1.6017552773604193,True,True,True,True,True,True,True,True,True
run-04,outer-context-06,6,6875,True,1,sealed-run04-retrospective,outer_once,610261091,28,True,0.2905539067516001,0.07955845171568604,0.28051618629257147,0.05476272648374994,0.7261835072012918,0.8047787287873871,0.004933018175465818,1.2841054109851882,True,True,True,True,True,True,True,True,True
run-04,outer-context-06,6,6875,True,1,sealed-run04-retrospective,outer_once,610261091,29,True,0.2882745380484259,0.08747924131749861,0.27905141081062446,0.06390884604784738,0.6965419078989092,0.7709782370847124,0.018796241649594772,1.3058628316717407,True,True,True,True,True,True,True,True,True
run-04,outer-context-06,6,6875,True,1,sealed-run04-retrospective,outer_once,610261091,30,False,0.28698687664048733,0.11815147165808083,0.28058057486288923,0.1090903601267105,0.5883035731766547,0.6111977453178308,0.028328970298921802,2.087826444114082,True,True,True,True,True,False,True,False,False
run-04,outer-context-06,6,6875,True,1,sealed-run04-retrospective,outer_once,610261091,31,True,0.3660063722795414,0.06988833688473879,0.36098085530370244,0.051606767880792985,0.8090515844042169,0.8570373826684662,0.0030990023011502887,1.6186676193021359,True,True,True,True,True,True,True,True,True
run-04,outer-context-06,6,6875,True,1,sealed-run04-retrospective,outer_once,610261091,32,True,0.3610329107395507,0.07826212938850492,0.3540550266818754,0.06512846419236375,0.7832271600165469,0.816049881277684,0.02858522101816417,1.787146877443676,True,True,True,True,True,True,True,True,True
run-04,outer-context-06,6,6875,True,1,sealed-run04-retrospective,outer_once,610261091,33,True,0.36127026185989586,0.09918723919269422,0.3499796148073801,0.08607637412384768,0.7254486469989052,0.7540531777223027,0.02867154915925762,1.6738923784391535,True,True,True,True,True,True,True,True,True
run-04,outer-context-06,6,6875,True,1,sealed-run04-retrospective,outer_once,610261091,34,True,0.36063912059826,0.05937745562833991,0.35576113783915153,0.04465816127125149,0.8353549234208443,0.874471502023803,0.016946657882421935,1.4354093926818192,True,True,True,True,True,True,True,True,True
run-04,outer-context-06,6,6875,True,1,sealed-run04-retrospective,outer_once,610261091,35,True,0.21655242733557556,0.07747652620347789,0.1947096828008889,0.019591366339484807,0.6422273942770536,0.8993816534562432,0.01813230128001905,1.0393544670683983,True,True,True,True,True,True,True,True,True
run-04,outer-context-06,6,6875,True,1,sealed-run04-retrospective,outer_once,610261091,36,True,0.3165126314338108,0.08257937431143184,0.30300759083454554,0.05785581244653255,0.7390961177841623,0.8090615080394994,0.032381263646618176,1.4959005825522926,True,True,True,True,True,True,True,True,True
run-04,outer-context-06,6,6875,True,1,sealed-run04-retrospective,outer_once,610261091,37,True,0.3236834183409021,0.08014042615752523,0.3147957279489193,0.05849757679270287,0.7524110855962302,0.8141729013482831,0.027190669429120837,1.5424676305461629,True,True,True,True,True,True,True,True,True
run-04,outer-context-06,6,6875,True,1,sealed-run04-retrospective,outer_once,610261091,38,False,0.3381976318824178,0.08577918050026612,0.32936610629004826,0.06609360925404163,0.746363745887821,0.7993308722669906,0.026791374403703844,1.8003911496585836,True,True,True,True,True,True,True,True,True
run-04,outer-context-06,6,6875,True,1,sealed-run04-retrospective,outer_once,610261091,39,False,0.29572428800591116,0.08772333959752222,0.28448383749299944,0.07218964811122548,0.7033610590829499,0.7462434114099649,0.03435923144471125,1.8169947456059314,True,True,True,True,True,True,True,True,True
run-04,outer-context-06,6,6875,True,1,sealed-run04-retrospective,outer_once,610261091,40,True,0.3489293574468642,0.10974728398602474,0.34067543731108646,0.09811607889519036,0.6854742037498599,0.7119954415568973,0.01832542757148152,1.918820808634689,True,True,True,True,True,True,True,True,True
run-04,outer-context-06,6,6875,True,1,sealed-run04-retrospective,outer_once,610261091,41,False,0.3673075031688187,0.08246764598979522,0.36381696247418566,0.07345835128570603,0.7754806387608909,0.7980898120138689,0.011084643269028771,1.9989472688012668,True,True,True,True,True,True,True,True,True
run-04,outer-context-06,6,6875,True,1,sealed-run04-retrospective,outer_once,610261091,42,True,0.2258667247663091,0.08873919467123985,0.19959565198080872,0.05919667152584081,0.6071170077706087,0.7034170286859123,0.022776597099478265,1.3690087063905512,True,True,True,True,True,True,True,True,True
run-04,outer-context-06,6,6875,True,1,sealed-run04-retrospective,outer_once,610261091,43,True,0.33073376901448315,0.07426318711111451,0.31740721427890617,0.03809282540101783,0.7754593148065795,0.8799875248974474,0.024920589200026513,1.2376350498320323,True,True,True,True,True,True,True,True,True
run-04,outer-context-06,6,6875,True,1,sealed-run04-retrospective,outer_once,610261091,44,True,0.34483826668375733,0.08084359519020426,0.32946261537309285,0.035237135404180386,0.765560835322421,0.8930466348533146,0.008121095103944095,1.2754854219993559,True,True,True,True,True,True,True,True,True
run-04,outer-context-06,6,6875,True,1,sealed-run04-retrospective,outer_once,610261091,45,True,0.3447692494429259,0.07807796162921991,0.33042273276697604,0.0261673377485353,0.7735355987943316,0.9208064846827918,0.0028989864013533656,1.2447059487866943,True,True,True,True,True,True,True,True,True
run-04,outer-context-06,6,6875,True,1,sealed-run04-retrospective,outer_once,610261091,46,True,0.3953296399705051,0.08282826265237236,0.3835974535663733,0.056296925363866254,0.7904830443309233,0.8532395748708345,0.007925497436349597,1.7073590391140154,True,True,True,True,True,True,True,True,True
run-04,outer-context-06,6,6875,True,1,sealed-run04-retrospective,outer_once,610261091,47,True,0.4126957449565392,0.09021659415994722,0.4041040221375172,0.07455634531649338,0.7813968395301777,0.8155020954205653,0.0039792595239923605,1.9447760938868013,True,True,True,True,True,True,True,True,True
run-04,outer-context-06,6,6875,True,1,sealed-run04-retrospective,outer_once,610261091,48,True,0.39300916671090513,0.0788884214921817,0.3881356371706173,0.06654222716772805,0.7992707850750681,0.8285593467974256,0.0017059130351383153,2.101935157283553,True,True,True,True,True,False,True,False,False
run-04,outer-context-06,6,6875,True,1,sealed-run04-retrospective,outer_once,610261091,49,False,0.37333910870126463,0.09165064246149932,0.366533482407894,0.07576723961544578,0.7545110053422355,0.7932869894512699,0.004743695386714184,1.8051494806889168,True,True,True,True,True,True,True,True,True
run-04,outer-context-06,6,6875,True,1,sealed-run04-retrospective,outer_once,610261091,50,True,0.27433008021180205,0.06454074955644076,0.2612047992060129,0.027258701842870565,0.7647332384891559,0.8956424157376544,0.027206768629917957,1.0387635049599013,True,True,True,True,True,True,True,True,True
run-04,outer-context-06,6,6875,True,1,sealed-run04-retrospective,outer_once,610261091,51,True,0.261506030978261,0.06702340372473152,0.2533344706747381,0.043278318281946684,0.7437022638674701,0.8291653000609116,0.012010689995352231,1.330654094988845,True,True,True,True,True,True,True,True,True
run-04,outer-context-06,6,6875,True,1,sealed-run04-retrospective,outer_once,610261091,52,True,0.3296242035838505,0.07509325595887953,0.3222979138915832,0.0597514369409277,0.7721852487092103,0.8146080555736165,0.027636124859212064,1.5708404439342207,True,True,True,True,True,True,True,True,True
run-04,outer-context-06,6,6875,True,1,sealed-run04-retrospective,outer_once,610261091,53,True,0.3082944600583525,0.0696362619637801,0.30229871970285804,0.057359366173526105,0.774124186498195,0.8102560069394041,0.010933444338177806,1.5164109665231995,True,True,True,True,True,True,True,True,True
run-04,outer-context-06,6,6875,True,1,sealed-run04-retrospective,outer_once,610261091,54,True,0.3220106064412989,0.07429517815862545,0.30428672253972233,0.02740907061273442,0.7692772328846592,0.9099235405870976,0.02012798001017005,1.213123364776339,True,True,True,True,True,True,True,True,True
run-04,outer-context-06,6,6875,True,1,sealed-run04-retrospective,outer_once,610261091,55,True,0.40107231249606456,0.07475630867292911,0.3893317098536656,0.054387761786895396,0.8136089020763242,0.8603048238548624,0.00940390744124542,1.8055159419585702,True,True,True,True,True,True,True,True,True
run-04,outer-context-06,6,6875,True,1,sealed-run04-retrospective,outer_once,610261091,56,True,0.37219397661834924,0.07472732512169322,0.3652104911500278,0.05933407796675907,0.7992247864926647,0.8375345741577157,0.003421794575048545,1.9892256212584953,True,True,True,True,True,True,True,True,True
run-04,outer-context-06,6,6875,True,1,sealed-run04-retrospective,outer_once,610261091,57,True,0.37202332200743904,0.06715108709494216,0.3577375963312135,0.027403219844839902,0.8194976413505619,0.9233985465160098,0.027330130393629467,1.1420118647761255,True,True,True,True,True,True,True,True,True
run-04,outer-context-06,6,6875,True,1,sealed-run04-retrospective,outer_once,610261091,58,True,0.3144506307236923,0.07761562453030894,0.30067051206341094,0.028148795047922545,0.7531707144244535,0.9063799277995508,0.026275372955816938,1.0972723950407388,True,True,True,True,True,True,True,True,True
run-04,outer-context-06,6,6875,True,1,sealed-run04-retrospective,outer_once,610261091,59,True,0.319475433746005,0.06614514174709255,0.3072423019057245,0.017915378244777416,0.7929570328099768,0.9416897408538665,0.003447790874132867,1.0506784056225975,True,True,True,True,True,True,True,True,True
run-04,outer-context-06,6,6875,True,1,sealed-run04-retrospective,outer_once,610261091,60,True,0.3002371694889196,0.07361883138741526,0.2822516824946953,0.04082154580619288,0.7547977436879874,0.8553718247296539,0.039199331943727544,1.0903277722116858,True,True,True,True,True,True,True,True,True
run-04,outer-context-06,6,6875,True,1,sealed-run04-retrospective,outer_once,610261091,61,True,0.34512340883531745,0.08181347204381874,0.33845464959519017,0.06521758861299193,0.7629442977515974,0.8073077480513396,0.03114821236176549,1.5167615387530358,True,True,True,True,True,True,True,True,True
run-04,outer-context-06,6,6875,True,1,sealed-run04-retrospective,outer_once,610261091,62,False,0.29412550767221496,0.11452666956950576,0.28577784753965013,0.09883573505690472,0.6106197300740785,0.654151866886072,0.014951824040993907,1.7472816465284324,True,True,True,True,True,True,True,True,True
run-04,outer-context-06,6,6875,True,1,sealed-run04-retrospective,outer_once,610261091,63,True,0.32373522966496976,0.07962930017838726,0.31084515005829844,0.05109616140421839,0.7540295498244204,0.835621815573975,0.04495588281158526,1.263442293102395,True,True,True,True,True,True,True,True,True
run-04,outer-context-06,6,6875,True,1,sealed-run04-retrospective,outer_once,610261091,64,False,0.29634111749452785,0.06987759932069296,0.2843074701187097,0.049137911113109174,0.7641987723084587,0.8271663031133437,0.02006883573982667,1.5517906969580715,True,True,True,True,True,True,True,True,True
run-04,outer-context-06,6,6875,True,1,sealed-run04-retrospective,outer_once,610261091,65,True,0.31298119943158287,0.05589994905295993,0.30593532379050115,0.03719593833703092,0.8213951855431509,0.8784189485667172,0.0025229395955567555,1.452547603131995,True,True,True,True,True,True,True,True,True
run-04,outer-context-06,6,6875,True,1,sealed-run04-retrospective,outer_once,610261091,66,True,0.30885825426824504,0.0712116901366923,0.2887374802653739,0.03526413918639605,0.769435690474231,0.8778678155881068,0.01872529115955286,1.1714566897874865,True,True,True,True,True,True,True,True,True
run-04,outer-context-06,6,6875,True,1,sealed-run04-retrospective,outer_once,610261091,67,True,0.33739844214264103,0.08869623657177814,0.3228712902613715,0.06215068923690905,0.7371172314592956,0.8075063001526191,0.014329356985640562,1.4117523499533,True,True,True,True,True,True,True,True,True
run-04,outer-context-06,6,6875,True,1,sealed-run04-retrospective,outer_once,610261091,68,True,0.38318558584502627,0.0877644251810602,0.37004849219769254,0.06251238163356398,0.7709610475364926,0.8310697572031512,0.012418919131310184,1.5184601538746978,True,True,True,True,True,True,True,True,True
run-04,outer-context-06,6,6875,True,1,sealed-run04-retrospective,outer_once,610261091,69,True,0.3856103404601224,0.08414445918604165,0.3707243082948101,0.0516419515778372,0.7817888931981497,0.8606998504754911,0.015338747970028712,1.367286378967295,True,True,True,True,True,True,True,True,True
run-04,outer-context-06,6,6875,True,1,sealed-run04-retrospective,outer_once,610261091,70,True,0.36734258075566656,0.16357118094034442,0.36283166280632256,0.1556038901940893,0.5547176137221571,0.5711402665617148,0.044567318936208467,2.967313010180665,True,True,True,True,True,False,True,False,False
run-04,outer-context-06,6,6875,True,1,sealed-run04-retrospective,outer_once,610261091,71,True,0.3836302626439242,0.15176996398116668,0.3771058937009383,0.1389837103153658,0.6043847976559772,0.631446464675023,0.03730834141636102,2.376114063020149,True,True,True,True,True,False,True,False,False
run-04,outer-context-06,6,6875,True,1,sealed-run04-retrospective,outer_once,610261091,72,True,0.3421345863705068,0.13830745827221866,0.33699819382496143,0.1303737872610228,0.5957513102097145,0.6131320889846086,0.012313281517369427,2.650234538415721,True,True,True,True,True,False,True,False,False
run-04,outer-context-06,6,6875,True,1,sealed-run04-retrospective,outer_once,610261091,73,True,0.3958491401371182,0.19707487970190163,0.3882020788369162,0.18832486035215984,0.5021465004732943,0.5148793099810391,0.03981432439099415,2.9881873157850065,True,True,True,True,True,False,True,False,False
run-04,outer-context-06,6,6875,True,1,sealed-run04-retrospective,outer_once,610261091,74,True,0.4099808307427414,0.19182074762474485,0.4026942943988579,0.18490546075391454,0.5321226427166534,0.5408292013922337,0.0487325161677963,3.0807873622923942,True,True,True,True,True,False,True,False,False
run-04,outer-context-06,6,6875,True,1,sealed-run04-retrospective,outer_once,610261091,75,True,0.3659115048694934,0.1282742179778651,0.3597820417135442,0.1190617162655929,0.6494392325171203,0.6690726538252596,0.03182674172309047,2.1670823033386575,True,True,True,True,True,False,True,False,False
run-04,outer-context-06,6,6875,True,1,sealed-run04-retrospective,outer_once,610261091,76,True,0.3814207756778615,0.08242794865865549,0.36883885693645274,0.06348604272708223,0.7838923469437017,0.8278759367860739,0.019343927327845355,1.513840946553169,True,True,True,True,True,True,True,True,True
run-04,outer-context-06,6,6875,True,1,sealed-run04-retrospective,outer_once,610261091,77,True,0.4223483283323791,0.09666882051718069,0.4091155725756983,0.07582032453322014,0.7711158917122447,0.8146726020330327,0.03019022511930549,1.593572341325542,True,True,True,True,True,True,True,True,True
run-04,outer-context-06,6,6875,True,1,sealed-run04-retrospective,outer_once,610261091,78,True,0.42180713349224125,0.08579114058135413,0.4092135318734221,0.06434723372290409,0.7966105033097262,0.8427538956780932,0.012974445031636792,1.6140447283818515,True,True,True,True,True,True,True,True,True
run-04,outer-context-06,6,6875,True,1,sealed-run04-retrospective,outer_once,610261091,79,True,0.3509747570566983,0.07882905444711395,0.335214155298875,0.05028654627336663,0.7753996466635362,0.849986805513832,0.008854174330838818,1.3981945012716712,True,True,True,True,True,True,True,True,True
run-04,outer-context-06,6,6875,True,1,sealed-run04-retrospective,outer_once,610261091,80,True,0.3362816054694496,0.10531130625965235,0.3297290072530644,0.09408808588813779,0.6868359596635158,0.7146502618256879,0.008893036620936273,1.9883318912386065,True,True,True,True,True,True,True,True,True
run-04,outer-context-06,6,6875,True,1,sealed-run04-retrospective,outer_once,610261091,81,False,0.2760588007958148,0.1158713758675318,0.2644488136966581,0.09841871377838585,0.5802655972803585,0.6278345423349896,0.01726304708081667,2.038433121220441,True,True,True,True,True,False,True,False,False
run-04,outer-context-06,6,6875,True,1,sealed-run04-retrospective,outer_once,610261091,82,True,0.4252499532626457,0.21690998986196222,0.41916950549025883,0.21036630828964578,0.4899235421479451,0.4981354665969743,0.05711759855551332,3.347157676170551,True,True,True,True,True,False,True,False,False
run-04,outer-context-06,6,6875,True,1,sealed-run04-retrospective,outer_once,610261091,83,True,0.44554864606742905,0.23235145521222142,0.43999991461713694,0.2261104987357994,0.4785048562866523,0.48611240315228704,0.060463930675699905,3.5868383955594916,True,True,True,True,True,False,True,False,False
run-04,outer-context-06,6,6875,True,1,sealed-run04-retrospective,outer_once,610261091,84,True,0.44620733189021344,0.2352451227777343,0.44020645291508753,0.22863246665826314,0.4727896518840374,0.48062445440261503,0.06295180461026487,3.5403722009198675,True,True,True,True,True,False,True,False,False
run-04,outer-context-06,6,6875,True,1,sealed-run04-retrospective,outer_once,610261091,85,True,0.42655800242038716,0.2203054861112544,0.4204782177103707,0.21282713877302722,0.48352748076184027,0.4938450321352329,0.060385104743288585,3.3172330528720666,True,True,True,True,True,False,True,False,False
run-04,outer-context-06,6,6875,True,1,sealed-run04-retrospective,outer_once,610261091,86,True,0.37354110878098623,0.1779334757304727,0.3671650863343625,0.16832245664608086,0.5236575799886105,0.5415619215689905,0.05005939547831219,2.675668383598078,True,True,True,True,True,False,True,False,False
run-04,outer-context-06,6,6875,True,1,sealed-run04-retrospective,outer_once,610261091,87,True,0.3510610150463233,0.1637805710005619,0.34156638796443856,0.14446313378091713,0.533469784507543,0.5770569386471435,0.02450124703493757,2.049961176534272,True,True,True,True,True,False,True,False,False
run-04,outer-context-06,6,6875,True,1,sealed-run04-retrospective,outer_once,610261091,88,True,0.3388953637357881,0.13468673251089386,0.3306913550911943,0.11942363316822716,0.602571333445862,0.6388667821833629,0.03323794163613515,2.0366424854786525,True,True,True,True,True,False,True,False,False
run-04,outer-context-06,6,6875,True,1,sealed-run04-retrospective,outer_once,610261091,89,True,0.3474133306089843,0.1309013246705027,0.34060594272243194,0.11260581358515409,0.6232115663465059,0.6693956286108628,0.043542653824271846,1.9836049972365064,True,True,True,True,True,True,True,True,True
run-04,outer-context-06,6,6875,True,1,sealed-run04-retrospective,outer_once,610261091,90,False,0.17186030702696664,0.08015996154634619,0.14955349621474723,0.03348962820066547,0.5335748961872373,0.7760692391130932,0.0328511829246829,1.0044334121932919,True,True,True,True,True,True,True,True,True
run-04,outer-context-06,6,6875,True,1,sealed-run04-retrospective,outer_once,610261091,91,True,0.33664891863306906,0.08051765053931552,0.32828711386158443,0.05357809748688073,0.760826053247847,0.836795002835625,0.0033471066950609453,1.4461719819523051,True,True,True,True,True,True,True,True,True
run-04,outer-context-06,6,6875,True,1,sealed-run04-retrospective,outer_once,610261091,92,False,0.34103268458333763,0.1458651140088105,0.3318106166048092,0.12741101684832504,0.5722840636608669,0.616012838431649,0.01501951239189115,1.9811209809053874,True,True,True,True,True,True,True,True,True
run-04,outer-context-06,6,6875,True,1,sealed-run04-retrospective,outer_once,610261091,93,False,0.2580012286401246,0.11925989981099121,0.2528852477646601,0.10907709615290156,0.5377545276059829,0.5686695957274233,0.012067769414763842,2.3162094280651924,True,True,True,True,True,False,True,False,False
run-04,outer-context-06,6,6875,True,1,sealed-run04-retrospective,outer_once,610261091,94,False,0.3626552206345237,0.13642988420976182,0.3567783522579461,0.1257859756136896,0.6238027844434287,0.6474394401520528,0.013955052344465734,2.5933319473151486,True,True,True,True,True,False,True,False,False
run-04,outer-context-06,6,6875,True,1,sealed-run04-retrospective,outer_once,610261091,95,False,0.3516358732217047,0.12817477861438314,0.3437218560970074,0.11406942370748638,0.6354900384877126,0.6681345056064955,0.017461601384496667,2.37200707078291,True,True,True,True,True,False,True,False,False
run-04,outer-context-06,6,6875,True,2,sealed-run04-retrospective,outer_once,758057270,0,True,0.34648638323540976,0.08362847118546764,0.34057613745574794,0.07695784639478159,0.7586385057774442,0.774036293412421,0.005379981951310277,2.077831104494699,True,True,True,True,True,False,True,False,False
run-04,outer-context-06,6,6875,True,2,sealed-run04-retrospective,outer_once,758057270,1,True,0.3881428508096127,0.07693021373692528,0.3804911214545838,0.06905958891683699,0.801799225268585,0.818498816338136,0.005726016750545807,1.9809089600580745,True,True,True,True,True,True,True,True,True
run-04,outer-context-06,6,6875,True,2,sealed-run04-retrospective,outer_once,758057270,2,True,0.39333827120369214,0.039434922764029455,0.3858310542930912,0.022551405658671895,0.8997429804037353,0.9415510871721045,0.006681251575205994,1.3311780283582968,True,True,True,True,True,True,True,True,True
run-04,outer-context-06,6,6875,True,2,sealed-run04-retrospective,outer_once,758057270,3,True,0.3555079185177136,0.052315828118327856,0.342820643337531,0.035593292026107774,0.852842017312981,0.896175178718559,0.01728903690509846,1.3390494999057898,True,True,True,True,True,True,True,True,True
run-04,outer-context-06,6,6875,True,2,sealed-run04-retrospective,outer_once,758057270,4,False,0.2289795521966645,0.09225303500336045,0.218597145435059,0.07999031875281268,0.5971123442318257,0.6340742757934309,0.013084056142864614,1.8991026897104113,True,True,True,True,True,True,True,True,True
run-04,outer-context-06,6,6875,True,2,sealed-run04-retrospective,outer_once,758057270,5,True,0.35604149727711776,0.11582665721404013,0.34925977948073356,0.10774547667397509,0.6746821421102811,0.69150333647302,0.031558388307038526,2.2438722769339936,True,True,True,True,True,False,True,False,False
run-04,outer-context-06,6,6875,True,2,sealed-run04-retrospective,outer_once,758057270,6,True,0.3612122897498478,0.1373605463695998,0.3561993490241419,0.1302046784185386,0.619723497047327,0.6344612117477121,0.04011539896123295,2.2730074213223186,True,True,True,True,True,False,True,False,False
run-04,outer-context-06,6,6875,True,2,sealed-run04-retrospective,outer_once,758057270,7,True,0.2989166883937624,0.0815896037962688,0.29356949327667153,0.07071450066639622,0.7270490174546864,0.7591217674659673,0.00687954488091403,1.856972634497435,True,True,True,True,True,True,True,True,True
run-04,outer-context-06,6,6875,True,2,sealed-run04-retrospective,outer_once,758057270,8,True,0.3566327754534082,0.07147415964497496,0.3528396243794984,0.06108763006333815,0.7995861161271405,0.8268685662196629,0.0074509312200025275,1.8151429664059207,True,True,True,True,True,True,True,True,True
run-04,outer-context-06,6,6875,True,2,sealed-run04-retrospective,outer_once,758057270,9,False,0.26039108156111784,0.10786382641272822,0.2529994439827454,0.08892912111511865,0.5857622090355237,0.6485007250799191,0.003081141300255976,1.755205449519699,True,True,True,True,True,True,True,True,True
run-04,outer-context-06,6,6875,True,2,sealed-run04-retrospective,outer_once,758057270,10,True,0.35700672321049637,0.09610460810371932,0.3503397726007769,0.08471819999659637,0.7308044867069503,0.7581827510828028,0.03325452581310075,1.7884270505589306,True,True,True,True,True,True,True,True,True
run-04,outer-context-06,6,6875,True,2,sealed-run04-retrospective,outer_once,758057270,11,False,0.3373744884290662,0.14734483633626047,0.33009648322022733,0.13208552925032016,0.563260289708479,0.5998578113835951,0.009022222302302338,1.807591630483592,True,True,True,True,True,True,True,True,True
run-04,outer-context-06,6,6875,True,2,sealed-run04-retrospective,outer_once,758057270,12,True,0.35121372888483476,0.09589660575880848,0.3413110475724153,0.0795738899016244,0.7269565570135967,0.7668581475238028,0.03297584986686862,1.6811432006784206,True,True,True,True,True,True,True,True,True
run-04,outer-context-06,6,6875,True,2,sealed-run04-retrospective,outer_once,758057270,13,True,0.36389836234057527,0.10871653843518224,0.3567379661512828,0.09729940151980783,0.7012447713808792,0.7272524632868883,0.004613431473517841,2.0335821439384936,True,True,True,True,True,False,True,False,False
run-04,outer-context-06,6,6875,True,2,sealed-run04-retrospective,outer_once,758057270,14,True,0.2880385535872657,0.10436805137679565,0.28048553324242753,0.09253677748006069,0.6376594380266676,0.6700835996411985,0.018135882671356202,1.834036294679768,True,True,True,True,True,True,True,True,True
run-04,outer-context-06,6,6875,True,2,sealed-run04-retrospective,outer_once,758057270,15,True,0.37124964570597485,0.10831910729212671,0.3656844052341978,0.09849135972780176,0.7082310823862332,0.7306656824353113,0.0016895710212728543,2.050573421031278,True,True,True,True,True,False,True,False,False
run-04,outer-context-06,6,6875,True,2,sealed-run04-retrospective,outer_once,758057270,16,True,0.3470922365552065,0.08484632179793915,0.3430258789590822,0.07613465775008242,0.755551081637506,0.7780498136726175,0.001849714131636527,1.8806332792728484,True,True,True,True,True,True,True,True,True
run-04,outer-context-06,6,6875,True,2,sealed-run04-retrospective,outer_once,758057270,17,True,0.32321196404025476,0.08841934228833816,0.31693331471370756,0.07693904361496964,0.7264354289888667,0.7572390151396035,0.022052290290159017,1.6851282159092644,True,True,True,True,True,True,True,True,True
run-04,outer-context-06,6,6875,True,2,sealed-run04-retrospective,outer_once,758057270,18,True,0.34274726643487635,0.09873985747145035,0.33671816370979496,0.08463176123904291,0.7119164260637176,0.7486569767825655,0.018468615809445598,1.6905266836883301,True,True,True,True,True,True,True,True,True
run-04,outer-context-06,6,6875,True,2,sealed-run04-retrospective,outer_once,758057270,19,False,0.29956636692998306,0.1209794632354569,0.28891964598744413,0.10031424283066326,0.5961513821618929,0.6527953559965849,0.009551040502929467,1.5093989088943358,True,True,True,True,True,True,True,True,True
run-04,outer-context-06,6,6875,True,2,sealed-run04-retrospective,outer_once,758057270,20,True,0.30667898431258406,0.07516597476808959,0.2973066844473702,0.04807198885522979,0.7549034051466784,0.8383084156194289,0.008679326421476511,1.3516601366190786,True,True,True,True,True,True,True,True,True
run-04,outer-context-06,6,6875,True,2,sealed-run04-retrospective,outer_once,758057270,21,True,0.3722659423746492,0.08739470436633034,0.3653681444924019,0.06876116339572859,0.7652358316507607,0.8118030692269109,0.011540209627988442,1.62060919795144,True,True,True,True,True,True,True,True,True
run-04,outer-context-06,6,6875,True,2,sealed-run04-retrospective,outer_once,758057270,22,False,0.2831292183472476,0.0678875688824493,0.27535017439011417,0.051672784446223224,0.7602240797373739,0.8123379272932161,0.017627195410582806,1.56672751913743,True,True,True,True,True,True,True,True,True
run-04,outer-context-06,6,6875,True,2,sealed-run04-retrospective,outer_once,758057270,23,True,0.30869631205739884,0.10654862974075302,0.2991299656247904,0.09333470048188636,0.6548432048616719,0.6879794363398568,0.034560463966084996,1.6894207633597704,True,True,True,True,True,True,True,True,True
run-04,outer-context-06,6,6875,True,2,sealed-run04-retrospective,outer_once,758057270,24,False,0.2547353007267443,0.0946919006153859,0.24161297046398084,0.07664309155453174,0.6282733474895875,0.6827856906549744,0.02668320525972328,1.691336929069003,True,True,True,True,True,True,True,True,True
run-04,outer-context-06,6,6875,True,2,sealed-run04-retrospective,outer_once,758057270,25,True,0.325705181267279,0.0833276741025913,0.3149402925976816,0.06129295961248457,0.7441622703747803,0.8053822865695281,0.00039401364635840313,1.5033262392343876,True,True,True,True,True,True,True,True,True
run-04,outer-context-06,6,6875,True,2,sealed-run04-retrospective,outer_once,758057270,26,True,0.2905306063525154,0.07208827043010248,0.27348911423383965,0.03455979472574587,0.7518737480531255,0.8736337465475995,0.026462248311777466,1.078428299381641,True,True,True,True,True,True,True,True,True
run-04,outer-context-06,6,6875,True,2,sealed-run04-retrospective,outer_once,758057270,27,False,0.2307510031585684,0.11077902857236163,0.21906425150141015,0.08917450680416561,0.5199196230742449,0.5929298998216896,0.016793587443232248,1.5634208402938556,True,True,True,True,True,True,True,True,True
run-04,outer-context-06,6,6875,True,2,sealed-run04-retrospective,outer_once,758057270,28,True,0.28371543354132944,0.08368424444316232,0.2724559788774044,0.05980877268876635,0.7050416207584568,0.7804828033681059,0.005952893099984968,1.32274524552283,True,True,True,True,True,True,True,True,True
run-04,outer-context-06,6,6875,True,2,sealed-run04-retrospective,outer_once,758057270,29,True,0.2732431790296105,0.08687892572444457,0.2620304810324183,0.06404296278827627,0.6820453998779242,0.7555896453880383,0.01937733302975902,1.2969555504683505,True,True,True,True,True,True,True,True,True
run-04,outer-context-06,6,6875,True,2,sealed-run04-retrospective,outer_once,758057270,30,False,0.27806704680172656,0.1199270461547775,0.27115570449447746,0.1114721130291271,0.5687117638204339,0.5888999892628207,0.02845367924499504,2.1289998958853054,True,True,True,True,True,False,True,False,False
run-04,outer-context-06,6,6875,True,2,sealed-run04-retrospective,outer_once,758057270,31,True,0.362126708878847,0.07249553213856767,0.3575889949762817,0.05529083579337706,0.7998061718147894,0.8453788103936353,0.0036545444210298655,1.656943001983053,True,True,True,True,True,True,True,True,True
run-04,outer-context-06,6,6875,True,2,sealed-run04-retrospective,outer_once,758057270,32,True,0.3488437502327584,0.07754950206667975,0.34180460758611336,0.06335873141021746,0.7776955957647613,0.8146346479713412,0.02910339617885601,1.7543893531074524,True,True,True,True,True,True,True,True,True
run-04,outer-context-06,6,6875,True,2,sealed-run04-retrospective,outer_once,758057270,33,True,0.36526951190862333,0.0967174719205392,0.35311050841617575,0.08318611010882332,0.7352161383106777,0.764419046938189,0.028996706685799595,1.6516038697082018,True,True,True,True,True,True,True,True,True
run-04,outer-context-06,6,6875,True,2,sealed-run04-retrospective,outer_once,758057270,34,True,0.3559104373814137,0.05907653006018341,0.35069451900093707,0.04336198016793394,0.8340129317509346,0.8763539838276798,0.016975325456410985,1.4062053634686493,True,True,True,True,True,True,True,True,True
run-04,outer-context-06,6,6875,True,2,sealed-run04-retrospective,outer_once,758057270,35,True,0.22053065405273417,0.07509125030331479,0.19464775592677042,0.019238624379087035,0.6594974488881774,0.901161848553112,0.01736032173248459,1.035561795190797,True,True,True,True,True,True,True,True,True
run-04,outer-context-06,6,6875,True,2,sealed-run04-retrospective,outer_once,758057270,36,True,0.32269474592114983,0.0823367570712004,0.31049837998870966,0.0571472642690268,0.7448463040940886,0.8159498794450883,0.03246820017657942,1.491674660808188,True,True,True,True,True,True,True,True,True
run-04,outer-context-06,6,6875,True,2,sealed-run04-retrospective,outer_once,758057270,37,True,0.33946405256041134,0.0800667879339636,0.33012414482138286,0.05869762279861317,0.764137653663005,0.8221953052529007,0.02707720008951174,1.5423740707844023,True,True,True,True,True,True,True,True,True
run-04,outer-context-06,6,6875,True,2,sealed-run04-retrospective,outer_once,758057270,38,False,0.360074500329455,0.09401279427497178,0.35053371827151497,0.07622715599091226,0.7389073811420872,0.7825397329341408,0.027084968178965402,1.905169050584362,True,True,True,True,True,True,True,True,True
run-04,outer-context-06,6,6875,True,2,sealed-run04-retrospective,outer_once,758057270,39,False,0.31317320368407126,0.09216080496018486,0.3012851064998268,0.07809221737165135,0.7057193786823582,0.7408029282333735,0.03447879971308521,1.8824851177614292,True,True,True,True,True,True,True,True,True
run-04,outer-context-06,6,6875,True,2,sealed-run04-retrospective,outer_once,758057270,40,True,0.36845648378939333,0.11103098390208403,0.3604068054551576,0.09910455283726355,0.6986591665854673,0.7250203066723325,0.018335872974874594,1.928740806544421,True,True,True,True,True,True,True,True,True
run-04,outer-context-06,6,6875,True,2,sealed-run04-retrospective,outer_once,758057270,41,False,0.36018499238493007,0.08219972369422858,0.35611226535928875,0.07341362818157313,0.7717847066587893,0.7938469541128984,0.011222331698947102,1.9989266805570138,True,True,True,True,True,True,True,True,True
run-04,outer-context-06,6,6875,True,2,sealed-run04-retrospective,outer_once,758057270,42,True,0.23032834137666072,0.08453831024378405,0.20315686450067527,0.05461411085230108,0.6329660964061006,0.7311727024999465,0.02218022644436262,1.3347899923867277,True,True,True,True,True,True,True,True,True
run-04,outer-context-06,6,6875,True,2,sealed-run04-retrospective,outer_once,758057270,43,True,0.33200203927794847,0.07410231946522478,0.31757259882313965,0.03917199200325899,0.7768016135491652,0.8766518517390274,0.0242926784953778,1.2600055536092143,True,True,True,True,True,True,True,True,True
run-04,outer-context-06,6,6875,True,2,sealed-run04-retrospective,outer_once,758057270,44,True,0.3556586965716941,0.08271523381508249,0.33860294164943705,0.03711820395055157,0.7674308695038231,0.8903783771938378,0.007957834631954552,1.3147015372434703,True,True,True,True,True,True,True,True,True
run-04,outer-context-06,6,6875,True,2,sealed-run04-retrospective,outer_once,758057270,45,True,0.3590637086567233,0.07975847784380831,0.34414675517908033,0.030202047855713808,0.7778709573791541,0.9122407885554584,0.002874433719153077,1.2784619169675546,True,True,True,True,True,True,True,True,True
run-04,outer-context-06,6,6875,True,2,sealed-run04-retrospective,outer_once,758057270,46,True,0.4159676051776072,0.08406992286828056,0.40230978910894744,0.05852307118929289,0.7978931007562838,0.8545323211773885,0.007850535069468529,1.7314853029006063,True,True,True,True,True,True,True,True,True
run-04,outer-context-06,6,6875,True,2,sealed-run04-retrospective,outer_once,758057270,47,True,0.41943928103343503,0.08932210529523801,0.41076972956376107,0.07383345323290556,0.7870440148687031,0.8202558564592455,0.0038739274463372485,1.941004578720898,True,True,True,True,True,True,True,True,True
run-04,outer-context-06,6,6875,True,2,sealed-run04-retrospective,outer_once,758057270,48,True,0.3826276264369334,0.07940598089115372,0.3775928541632603,0.06666278998558522,0.7924719089664536,0.8234532532843905,0.0017812745021253838,2.0893402480571135,True,True,True,True,True,False,True,False,False
run-04,outer-context-06,6,6875,True,2,sealed-run04-retrospective,outer_once,758057270,49,False,0.3474018977143528,0.08484640569887693,0.33868764658285816,0.06776969224632648,0.7557687328218313,0.7999050366020746,0.00493132820919065,1.7302815606891755,True,True,True,True,True,True,True,True,True
run-04,outer-context-06,6,6875,True,2,sealed-run04-retrospective,outer_once,758057270,50,True,0.2962413541485459,0.06511099559731635,0.28251783742257947,0.02782784288611848,0.7802096341867671,0.9015005808483,0.026963525685418776,1.0694418938427661,True,True,True,True,True,True,True,True,True
run-04,outer-context-06,6,6875,True,2,sealed-run04-retrospective,outer_once,758057270,51,True,0.2759422901377769,0.06601078693485925,0.2682883087538611,0.04312908675339494,0.7607804628210474,0.8392435102605855,0.011493217688928768,1.3254988816355762,True,True,True,True,True,True,True,True,True
run-04,outer-context-06,6,6875,True,2,sealed-run04-retrospective,outer_once,758057270,52,True,0.3525470472361796,0.07887190833958312,0.3444921707707907,0.06357326383732492,0.7762797647635806,0.8154580300182681,0.026818116553999145,1.6102169555143966,True,True,True,True,True,True,True,True,True
run-04,outer-context-06,6,6875,True,2,sealed-run04-retrospective,outer_once,758057270,53,True,0.32744759942268076,0.07280315615899974,0.3220267173480493,0.061937194947180974,0.7776647124994711,0.8076644215820182,0.01021328903718718,1.5564960171222446,True,True,True,True,True,True,True,True,True
run-04,outer-context-06,6,6875,True,2,sealed-run04-retrospective,outer_once,758057270,54,True,0.34039268989879434,0.07414652178643627,0.32495145188510555,0.02983027808668205,0.7821735777919275,0.9082008161107424,0.020685809064039638,1.233725884081011,True,True,True,True,True,True,True,True,True
run-04,outer-context-06,6,6875,True,2,sealed-run04-retrospective,outer_once,758057270,55,True,0.4080639721485828,0.0739705522907736,0.3964093304382406,0.052234359519569465,0.8187280491798975,0.8682312561568037,0.009373018591202454,1.7928082101541507,True,True,True,True,True,True,True,True,True
run-04,outer-context-06,6,6875,True,2,sealed-run04-retrospective,outer_once,758057270,56,True,0.35947667777259523,0.06869858451855627,0.3514887075097287,0.05312963007827821,0.8088927911979454,0.8488439914479823,0.0035587790099546627,1.9239115690116309,True,True,True,True,True,True,True,True,True
run-04,outer-context-06,6,6875,True,2,sealed-run04-retrospective,outer_once,758057270,57,True,0.34228682924514847,0.06686225819663363,0.3257560410704924,0.027814960344550683,0.80466014907998,0.9146141380735542,0.02781496034455063,1.0770637716129987,True,True,True,True,True,True,True,True,True
run-04,outer-context-06,6,6875,True,2,sealed-run04-retrospective,outer_once,758057270,58,True,0.3376767724625515,0.07786408463041247,0.3229743211768778,0.02992635016568742,0.7694123760346957,0.9073413946451236,0.025946318349924592,1.1205880983497556,True,True,True,True,True,True,True,True,True
run-04,outer-context-06,6,6875,True,2,sealed-run04-retrospective,outer_once,758057270,59,True,0.35030113198109525,0.06657801298634411,0.33721560651241994,0.01924601911104804,0.8099406284820765,0.9429266654942341,0.003494085110871092,1.0724209348201386,True,True,True,True,True,True,True,True,True
run-04,outer-context-06,6,6875,True,2,sealed-run04-retrospective,outer_once,758057270,60,True,0.32364456760910676,0.07455796135915305,0.30742507293999854,0.041816497264797636,0.7696301164269715,0.8639782472363302,0.038565263277392334,1.1212803496809778,True,True,True,True,True,True,True,True,True
run-04,outer-context-06,6,6875,True,2,sealed-run04-retrospective,outer_once,758057270,61,True,0.360060950603127,0.08984395866315058,0.3528333265655693,0.07354846678406558,0.7504756944271359,0.7915489800808326,0.032006038451192244,1.5905949773352825,True,True,True,True,True,True,True,True,True
run-04,outer-context-06,6,6875,True,2,sealed-run04-retrospective,outer_once,758057270,62,False,0.2971714508085588,0.12331716825053586,0.2874632789199748,0.10707629969022044,0.5850302311510464,0.6275131206583476,0.015090640430517475,1.8288029857524646,True,True,True,True,True,True,True,True,True
run-04,outer-context-06,6,6875,True,2,sealed-run04-retrospective,outer_once,758057270,63,True,0.3233204300477796,0.08259859938260637,0.31086609523257736,0.05555500263532812,0.744530219230501,0.8212896051151408,0.045480009411143975,1.302812708305163,True,True,True,True,True,True,True,True,True
run-04,outer-context-06,6,6875,True,2,sealed-run04-retrospective,outer_once,758057270,64,False,0.3059221177977847,0.06893320431014503,0.2938717759886765,0.04815029426127846,0.7746707403623884,0.836152028893262,0.020512970482293273,1.5452772310246174,True,True,True,True,True,True,True,True,True
run-04,outer-context-06,6,6875,True,2,sealed-run04-retrospective,outer_once,758057270,65,True,0.3036064044677628,0.056204200220728424,0.29547791095380943,0.037316022779858016,0.8148780809836433,0.8737096026589567,0.0030838978798750573,1.441883142103892,True,True,True,True,True,True,True,True,True
run-04,outer-context-06,6,6875,True,2,sealed-run04-retrospective,outer_once,758057270,66,True,0.3240713197367325,0.07433093336770284,0.29713124014426645,0.03659436275251514,0.7706340276329067,0.8768410796025775,0.018277673835978902,1.174734186041689,True,True,True,True,True,True,True,True,True
run-04,outer-context-06,6,6875,True,2,sealed-run04-retrospective,outer_once,758057270,67,True,0.33825445779049174,0.09066878737794817,0.3210992903902458,0.06241060206671895,0.7319509461303044,0.8056345687003273,0.015056080026776143,1.4148594578618174,True,True,True,True,True,True,True,True,True
run-04,outer-context-06,6,6875,True,2,sealed-run04-retrospective,outer_once,758057270,68,True,0.37715802173929763,0.08946568873974259,0.36397350830993397,0.0632253162017737,0.762789908783688,0.8262914339690473,0.013157772706944343,1.5164384217407292,True,True,True,True,True,True,True,True,True
run-04,outer-context-06,6,6875,True,2,sealed-run04-retrospective,outer_once,758057270,69,True,0.38174400294128125,0.08563263877143623,0.36669208806666476,0.05330396430982589,0.7756804609590475,0.8546356301526331,0.014576163427658885,1.3676441996237017,True,True,True,True,True,True,True,True,True
run-04,outer-context-06,6,6875,True,2,sealed-run04-retrospective,outer_once,758057270,70,True,0.3591832776604456,0.16577882921331932,0.35441265334376554,0.1581303382214023,0.5384561600608853,0.5538242307956696,0.04459433495929959,3.0039989348912375,True,True,True,True,True,False,True,False,False
run-04,outer-context-06,6,6875,True,2,sealed-run04-retrospective,outer_once,758057270,71,True,0.37323488643060604,0.15230565757470926,0.3650568676512629,0.140122858628663,0.5919308105647118,0.6161615598955894,0.03729334312683827,2.3955090948099964,True,True,True,True,True,False,True,False,False
run-04,outer-context-06,6,6875,True,2,sealed-run04-retrospective,outer_once,758057270,72,True,0.3326145921622903,0.13960975470094728,0.32669395503089776,0.131466897998028,0.5802656949192762,0.5975839284029781,0.012379524970965762,2.655205236976747,True,True,True,True,True,False,True,False,False
run-04,outer-context-06,6,6875,True,2,sealed-run04-retrospective,outer_once,758057270,73,True,0.3997325828090167,0.19745646404103528,0.39173036887951995,0.18828585236117262,0.506028598786065,0.5193483392678152,0.040382130257785025,2.983283269028826,True,True,True,True,True,False,True,False,False
run-04,outer-context-06,6,6875,True,2,sealed-run04-retrospective,outer_once,758057270,74,True,0.4234022333810626,0.19370852040999156,0.416400837887731,0.186077362821284,0.5424952795757844,0.5531292305625626,0.04940570987934465,3.093256578945878,True,True,True,True,True,False,True,False,False
run-04,outer-context-06,6,6875,True,2,sealed-run04-retrospective,outer_once,758057270,75,True,0.37706189763935943,0.13224923496212776,0.36977523462901285,0.12220850674257737,0.6492638588250637,0.6695059720124674,0.03260853179473143,2.1993102893528635,True,True,True,True,True,False,True,False,False
run-04,outer-context-06,6,6875,True,2,sealed-run04-retrospective,outer_once,758057270,76,True,0.3847026280907179,0.08613880346919504,0.3674733409722799,0.06546303212826494,0.7760899011875677,0.82185637751283,0.01884493780694599,1.5232944758847535,True,True,True,True,True,True,True,True,True
run-04,outer-context-06,6,6875,True,2,sealed-run04-retrospective,outer_once,758057270,77,True,0.41256585907698334,0.10060293659959332,0.3974696701342221,0.07878532914533354,0.7561530253020253,0.8017827898195895,0.029589564882254546,1.6110203157534544,True,True,True,True,True,True,True,True,True
run-04,outer-context-06,6,6875,True,2,sealed-run04-retrospective,outer_once,758057270,78,True,0.41243624744271346,0.0879477706472042,0.3994242988933262,0.06647999517650843,0.7867603267352975,0.8335604634953289,0.012223993506198927,1.620842693069677,True,True,True,True,True,True,True,True,True
run-04,outer-context-06,6,6875,True,2,sealed-run04-retrospective,outer_once,758057270,79,True,0.3466355234556648,0.07951395317976265,0.33130797349915164,0.05157144918519658,0.7706122200428986,0.8443398489915045,0.008073726698143543,1.4010985792842956,True,True,True,True,True,True,True,True,True
run-04,outer-context-06,6,6875,True,2,sealed-run04-retrospective,outer_once,758057270,80,True,0.33621249386994057,0.10293093486941045,0.3311357902094557,0.09055571342133278,0.6938515470242222,0.7265299732050923,0.00922503581973144,1.9701428438710538,True,True,True,True,True,True,True,True,True
run-04,outer-context-06,6,6875,True,2,sealed-run04-retrospective,outer_once,758057270,81,False,0.27661908694760445,0.11075041961222458,0.2647431018618583,0.09311096174192927,0.5996284246531322,0.6482969297892636,0.017836948550195932,1.9914989820732738,True,True,True,True,True,True,True,True,True
run-04,outer-context-06,6,6875,True,2,sealed-run04-retrospective,outer_once,758057270,82,True,0.4139896214293899,0.22815296012472377,0.407282494525467,0.2206399976396437,0.4488920776879003,0.45826299778310925,0.05764599618257855,3.4387934636525426,True,True,True,True,True,False,True,False,False
run-04,outer-context-06,6,6875,True,2,sealed-run04-retrospective,outer_once,758057270,83,True,0.43179034910051467,0.24307752442932898,0.42574213516567566,0.23615531340761714,0.4370473426844842,0.44530904061041937,0.06097972571935437,3.685943680444887,True,True,True,True,True,False,True,False,False
run-04,outer-context-06,6,6875,True,2,sealed-run04-retrospective,outer_once,758057270,84,True,0.4313624112388324,0.24639390731494126,0.4246368871710668,0.23917814382959032,0.4288007000718466,0.4367466627240125,0.06352721181327471,3.644083379771473,True,True,True,True,True,False,True,False,False
run-04,outer-context-06,6,6875,True,2,sealed-run04-retrospective,outer_once,758057270,85,True,0.4115422741583901,0.2303291657514083,0.40446008526899546,0.22263858289630295,0.4403268383000634,0.4495412748869099,0.060941196460561654,3.411950166451109,True,True,True,True,True,False,True,False,False
run-04,outer-context-06,6,6875,True,2,sealed-run04-retrospective,outer_once,758057270,86,True,0.36300758755485807,0.18484976368096284,0.35576608180901725,0.1750958090222598,0.49078264472081273,0.5078344508506156,0.05050293715536984,2.731719325768274,True,True,True,True,True,False,True,False,False
run-04,outer-context-06,6,6875,True,2,sealed-run04-retrospective,outer_once,758057270,87,True,0.3420976072533573,0.16698302318526861,0.3307153863109682,0.14774375619460278,0.5118848549513499,0.5532601073005993,0.024982107944916048,2.0695739249561065,True,True,True,True,True,False,True,False,False
run-04,outer-context-06,6,6875,True,2,sealed-run04-retrospective,outer_once,758057270,88,True,0.33296735933174365,0.13263161981925295,0.32420127663778986,0.11720151364236069,0.6016678028577908,0.6384915110210909,0.033856956435897506,2.0227228851103756,True,True,True,True,True,False,True,False,False
run-04,outer-context-06,6,6875,True,2,sealed-run04-retrospective,outer_once,758057270,89,True,0.3423834456717223,0.1222456529900778,0.33533578074403014,0.10338588460463657,0.6429568820120846,0.6916944431779753,0.04335541978795437,1.9011089660780975,True,True,True,True,True,True,True,True,True
run-04,outer-context-06,6,6875,True,2,sealed-run04-retrospective,outer_once,758057270,90,False,0.16959362248862883,0.08355777671236903,0.1433787625996735,0.033268696121473644,0.5073059028621696,0.7679663604409611,0.03275707021142156,1.002499452369237,True,True,True,True,True,True,True,True,True
run-04,outer-context-06,6,6875,True,2,sealed-run04-retrospective,outer_once,758057270,91,True,0.3320238716689181,0.08046221476116779,0.3227699103643001,0.052309824207824755,0.7576613562250075,0.8379346322933747,0.0036182541200154494,1.4322443871541688,True,True,True,True,True,True,True,True,True
run-04,outer-context-06,6,6875,True,2,sealed-run04-retrospective,outer_once,758057270,92,False,0.335407417851518,0.14546347675688878,0.3262277081694905,0.1273353305453995,0.5663081106295502,0.6096734662426563,0.015081945322572305,1.9789128101966103,True,True,True,True,True,True,True,True,True
run-04,outer-context-06,6,6875,True,2,sealed-run04-retrospective,outer_once,758057270,93,False,0.25713077389619804,0.12046398225892863,0.2515146413234846,0.1097422870344119,0.5315069432040868,0.5636743592462783,0.012039817030840196,2.3183148399089473,True,True,True,True,True,False,True,False,False
run-04,outer-context-06,6,6875,True,2,sealed-run04-retrospective,outer_once,758057270,94,False,0.3691885116527937,0.13594414772136376,0.3642273526216536,0.12565696396562315,0.6317757908750598,0.655004043323042,0.014246212484289481,2.5959359962165682,True,True,True,True,True,False,True,False,False
run-04,outer-context-06,6,6875,True,2,sealed-run04-retrospective,outer_once,758057270,95,False,0.3552644045911219,0.1276769273129734,0.3483395140208792,0.11340169692741871,0.6406143546525065,0.6744506656209508,0.017667180169036924,2.3669530509894385,True,True,True,True,True,False,True,False,False
run-04,outer-context-07,7,7936,True,0,sealed-run04-retrospective,outer_once,741488645,0,True,0.3414019259762269,0.07737579629814038,0.33444297363870323,0.06921430124627796,0.7733586414989106,0.7930460296616972,0.0061539614502897485,1.9796512880468016,True,True,True,True,True,True,True,True,True
run-04,outer-context-07,7,7936,True,0,sealed-run04-retrospective,outer_once,741488645,1,True,0.3763720458568009,0.07148737453557198,0.36800752031123973,0.0618046379049639,0.8100619444974111,0.8320560464289071,0.007454624363476688,1.8831215698722645,True,True,True,True,True,True,True,True,True
run-04,outer-context-07,7,7936,True,0,sealed-run04-retrospective,outer_once,741488645,2,True,0.39320054425898093,0.03918228235096958,0.38575831980198894,0.02120204725299868,0.9003503862772828,0.9450380039401827,0.0049201046881028245,1.3175199631692256,True,True,True,True,True,True,True,True,True
run-04,outer-context-07,7,7936,True,0,sealed-run04-retrospective,outer_once,741488645,3,True,0.3376617097175354,0.05579426240557129,0.3295606498602225,0.039521502933105704,0.8347628386640435,0.8800782103389223,0.02776167675155102,1.3286493883614583,True,True,True,True,True,True,True,True,True
run-04,outer-context-07,7,7936,True,0,sealed-run04-retrospective,outer_once,741488645,4,False,0.23096113178369598,0.08989902865836566,0.22340109240025116,0.0770125378230796,0.6107612221845208,0.6552723310542191,0.005127734180173466,1.85830611500114,True,True,True,True,True,True,True,True,True
run-04,outer-context-07,7,7936,True,0,sealed-run04-retrospective,outer_once,741488645,5,True,0.32498404610014475,0.11411457710718205,0.3202161335544652,0.10512146153762064,0.6488609872497639,0.6717171606228871,0.02824205135177962,2.2021260676125256,True,True,True,True,True,False,True,False,False
run-04,outer-context-07,7,7936,True,0,sealed-run04-retrospective,outer_once,741488645,6,True,0.34116420292933325,0.13288876097054356,0.33648687925013,0.12503950466641156,0.6104844534405347,0.6283970865518874,0.03469165278022085,2.2236087582409687,True,True,True,True,True,False,True,False,False
run-04,outer-context-07,7,7936,True,0,sealed-run04-retrospective,outer_once,741488645,7,True,0.2943080384252683,0.07714891292385426,0.29016058816380025,0.06837712919974812,0.737863385123121,0.7643472890910045,0.011216561553135168,1.8215993034028106,True,True,True,True,True,True,True,True,True
run-04,outer-context-07,7,7936,True,0,sealed-run04-retrospective,outer_once,741488645,8,True,0.355363358846549,0.06241411919482878,0.3509955727450844,0.0550799337811426,0.8243653498846513,0.8430751324001878,0.0037019415305125534,1.7192706492320884,True,True,True,True,True,True,True,True,True
run-04,outer-context-07,7,7936,True,0,sealed-run04-retrospective,outer_once,741488645,9,False,0.26152919480207176,0.08643473744440285,0.2536900392540897,0.07212732398758098,0.6695025291160415,0.7156872055376994,0.0016839297037236167,1.5885534379089616,True,True,True,True,True,True,True,True,True
run-04,outer-context-07,7,7936,True,0,sealed-run04-retrospective,outer_once,741488645,10,True,0.3537027402279241,0.11703799267982953,0.34732078696348584,0.10278556214740377,0.6691063444846062,0.7040615880033414,0.021071649061696677,2.1312605715728736,True,True,True,True,True,False,True,False,False
run-04,outer-context-07,7,7936,True,0,sealed-run04-retrospective,outer_once,741488645,11,False,0.352887599545315,0.17695319092544756,0.3436403514845378,0.15832095599323354,0.49855650594283735,0.5392829878409747,0.0023934063340363895,2.1552983928375413,True,True,True,True,True,False,True,False,False
run-04,outer-context-07,7,7936,True,0,sealed-run04-retrospective,outer_once,741488645,12,True,0.3450309360137976,0.09354041703129497,0.335420873495433,0.0762823604086562,0.7288926665185921,0.772577181575747,0.025596719747761364,1.647710583803941,True,True,True,True,True,True,True,True,True
run-04,outer-context-07,7,7936,True,0,sealed-run04-retrospective,outer_once,741488645,13,True,0.3424440341856659,0.10592426804866377,0.33337953946984294,0.09635325922996897,0.6906815202649029,0.7109802857632032,0.01832276936002181,2.0052251207997425,True,True,True,True,True,False,True,False,False
run-04,outer-context-07,7,7936,True,0,sealed-run04-retrospective,outer_once,741488645,14,True,0.3027260032255436,0.11101650998449519,0.29193590715327666,0.09684166778588493,0.6332772579771312,0.6682776410404369,0.03864818052112069,1.8460209909692415,True,True,True,True,True,True,True,True,True
run-04,outer-context-07,7,7936,True,0,sealed-run04-retrospective,outer_once,741488645,15,True,0.37053160174971306,0.10838348359011424,0.36383976025649656,0.09969289215539713,0.7074919303014667,0.725997807152477,0.009346781441131385,2.040739977208028,True,True,True,True,True,False,True,False,False
run-04,outer-context-07,7,7936,True,0,sealed-run04-retrospective,outer_once,741488645,16,True,0.3333585770841273,0.0861971335492177,0.33001912116562543,0.07802006559075642,0.7414281813200062,0.7635892571461009,0.005340456750165551,1.9062243724429475,True,True,True,True,True,True,True,True,True
run-04,outer-context-07,7,7936,True,0,sealed-run04-retrospective,outer_once,741488645,17,True,0.3177379688905686,0.09193771678369259,0.3097822035284059,0.08092082373453074,0.7106492588697932,0.7387815606808718,0.027445936820311583,1.7289526656294074,True,True,True,True,True,True,True,True,True
run-04,outer-context-07,7,7936,True,0,sealed-run04-retrospective,outer_once,741488645,18,True,0.3382985641267721,0.10177836732555345,0.3288277792882084,0.08709462264965888,0.6991463218643352,0.7351360556027632,0.025630508465794184,1.7009220582651468,True,True,True,True,True,True,True,True,True
run-04,outer-context-07,7,7936,True,0,sealed-run04-retrospective,outer_once,741488645,19,False,0.28008229602020035,0.11995242913457957,0.2689406926310384,0.09876070469783756,0.5717243437409972,0.6327788713129848,0.012138045521279233,1.4997331809305134,True,True,True,True,True,True,True,True,True
run-04,outer-context-07,7,7936,True,0,sealed-run04-retrospective,outer_once,741488645,20,True,0.3357529919557401,0.07537661743274754,0.3208462630194352,0.049252072330648676,0.7754997893133179,0.8464932336529498,0.008727457641055342,1.3483388585568323,True,True,True,True,True,True,True,True,True
run-04,outer-context-07,7,7936,True,0,sealed-run04-retrospective,outer_once,741488645,21,True,0.3514859824518678,0.0812332908123459,0.3422882542951777,0.06365343549421422,0.7688861153276009,0.8140355834725148,0.004358386471143023,1.5836144238113223,True,True,True,True,True,True,True,True,True
run-04,outer-context-07,7,7936,True,0,sealed-run04-retrospective,outer_once,741488645,22,False,0.29627822844219115,0.0847972655366149,0.2919612950342447,0.06547245264854627,0.7137917761204642,0.7757495470731253,0.007227324511029843,1.794450419044369,True,True,True,True,True,True,True,True,True
run-04,outer-context-07,7,7936,True,0,sealed-run04-retrospective,outer_once,741488645,23,True,0.2973163120929854,0.10621498645314625,0.2844106185999703,0.0892875434851588,0.6427542582328022,0.686061146645359,0.029627286348910663,1.6634627421433095,True,True,True,True,True,True,True,True,True
run-04,outer-context-07,7,7936,True,0,sealed-run04-retrospective,outer_once,741488645,24,False,0.2431658939999635,0.0899690944471523,0.23502099216192326,0.07218568802834305,0.6300094023581867,0.692854296272356,0.008604329898781599,1.6427077237457604,True,True,True,True,True,True,True,True,True
run-04,outer-context-07,7,7936,True,0,sealed-run04-retrospective,outer_once,741488645,25,True,0.3165067680747868,0.08922061688485851,0.306505791386456,0.06626755755313937,0.7181083443252729,0.7837967196202622,0.0005585827300420058,1.5265652130504284,True,True,True,True,True,True,True,True,True
run-04,outer-context-07,7,7936,True,0,sealed-run04-retrospective,outer_once,741488645,26,True,0.2539739976438733,0.0679090356627881,0.2415846522949529,0.029411408030546687,0.732614219200458,0.8782563058077132,0.01770582488046965,1.0671808695417744,True,True,True,True,True,True,True,True,True
run-04,outer-context-07,7,7936,True,0,sealed-run04-retrospective,outer_once,741488645,27,False,0.2439094231713605,0.10983109506061152,0.22833042650520474,0.08519039245773079,0.5497054044383977,0.6268986408791695,0.028604767402114418,1.5118383172919134,True,True,True,True,True,True,True,True,True
run-04,outer-context-07,7,7936,True,0,sealed-run04-retrospective,outer_once,741488645,28,True,0.25458473311132784,0.07987064743943252,0.24506684684146088,0.047874304003944206,0.686270867607345,0.8046479782109608,0.012346544825714302,1.2539059275239888,True,True,True,True,True,True,True,True,True
run-04,outer-context-07,7,7936,True,0,sealed-run04-retrospective,outer_once,741488645,29,True,0.26291705085124506,0.08295038236412923,0.25242445229418725,0.057829297420345406,0.6844997990979999,0.7709045344270038,0.024870223555108224,1.2554846103273238,True,True,True,True,True,True,True,True,True
run-04,outer-context-07,7,7936,True,0,sealed-run04-retrospective,outer_once,741488645,30,False,0.26783664988233374,0.11584077164179894,0.26117085293765063,0.1057269980365155,0.5674946961415093,0.5951807146651402,0.018214598480044832,2.058753623959535,True,True,True,True,True,False,True,False,False
run-04,outer-context-07,7,7936,True,0,sealed-run04-retrospective,outer_once,741488645,31,True,0.3831034097262876,0.07535921553268547,0.3746098427372823,0.056294235609816216,0.8032927569438061,0.849725690071374,0.009234322113617952,1.6708140141751051,True,True,True,True,True,True,True,True,True
run-04,outer-context-07,7,7936,True,0,sealed-run04-retrospective,outer_once,741488645,32,True,0.3402623076182072,0.07241093218847515,0.33532385864741243,0.05868257593637134,0.7871908508017169,0.8249973140203093,0.023636771337878712,1.697777236480371,True,True,True,True,True,True,True,True,True
run-04,outer-context-07,7,7936,True,0,sealed-run04-retrospective,outer_once,741488645,33,True,0.34528456098487087,0.09068142738207383,0.3362648928923981,0.0763653728077639,0.7373719024000985,0.7729011430515282,0.01229634882053025,1.6251129730051885,True,True,True,True,True,True,True,True,True
run-04,outer-context-07,7,7936,True,0,sealed-run04-retrospective,outer_once,741488645,34,True,0.3442366941958793,0.055856965741628586,0.3387546741532021,0.03947205190847594,0.8377367471759285,0.8834789453248262,0.007163323127971141,1.3882846302143432,True,True,True,True,True,True,True,True,True
run-04,outer-context-07,7,7936,True,0,sealed-run04-retrospective,outer_once,741488645,35,True,0.21095397739376434,0.07566948696770505,0.18834579282732497,0.022604236194676275,0.641298600279713,0.8799854466863521,0.016256227864678906,1.0961214434530369,True,True,True,True,True,True,True,True,True
run-04,outer-context-07,7,7936,True,0,sealed-run04-retrospective,outer_once,741488645,36,True,0.3341894809739972,0.07261855128200745,0.3228857095671313,0.049763225019916445,0.7827024624761969,0.8458797539023011,0.014461224401328694,1.4022689589526753,True,True,True,True,True,True,True,True,True
run-04,outer-context-07,7,7936,True,0,sealed-run04-retrospective,outer_once,741488645,37,True,0.37110593385185336,0.0854187154109063,0.35935203760511214,0.06227501120879055,0.769826597693246,0.8267019393466642,0.010818744485592752,1.5702300498970991,True,True,True,True,True,True,True,True,True
run-04,outer-context-07,7,7936,True,0,sealed-run04-retrospective,outer_once,741488645,38,False,0.3365161080767681,0.08893254660451139,0.3287589487499833,0.07084647176873365,0.7357257365397095,0.7845032902127588,0.020537300273498937,1.8418071136091139,True,True,True,True,True,True,True,True,True
run-04,outer-context-07,7,7936,True,0,sealed-run04-retrospective,outer_once,741488645,39,False,0.292093302094901,0.0902329619777633,0.2854241559850246,0.0761006269330014,0.6910817148814776,0.7333770623920346,0.015154105871477266,1.8783961152164508,True,True,True,True,True,True,True,True,True
run-04,outer-context-07,7,7936,True,0,sealed-run04-retrospective,outer_once,741488645,40,True,0.36652686884885444,0.10124232056311316,0.35950573617751114,0.09183490301988956,0.7237792664939314,0.7445523289938697,0.029205436678866513,1.8418158315942772,True,True,True,True,True,True,True,True,True
run-04,outer-context-07,7,7936,True,0,sealed-run04-retrospective,outer_once,741488645,41,False,0.3466696404715797,0.06968083397572311,0.34291407168050725,0.06137103329644471,0.7989993185416084,0.8210308693496134,0.005955761261207302,1.8133440432751393,True,True,True,True,True,True,True,True,True
run-04,outer-context-07,7,7936,True,0,sealed-run04-retrospective,outer_once,741488645,42,True,0.21312321404102702,0.09325749694993053,0.18406789819285732,0.06318261954387965,0.5624244999797248,0.6567428641050707,0.02296577564868959,1.4061514917314144,True,True,True,True,True,True,True,True,True
run-04,outer-context-07,7,7936,True,0,sealed-run04-retrospective,outer_once,741488645,43,True,0.34191304682953394,0.06286268697179605,0.3292517026627261,0.03551034059942508,0.8161442286139575,0.8921483463494777,0.031036121777202677,1.160823061872101,True,True,True,True,True,True,True,True,True
run-04,outer-context-07,7,7936,True,0,sealed-run04-retrospective,outer_once,741488645,44,True,0.36538740960316607,0.062049123644392586,0.3490923040619271,0.026163019436868197,0.8301826444655499,0.9250541500558916,0.0162012516233657,1.1422260180119976,True,True,True,True,True,True,True,True,True
run-04,outer-context-07,7,7936,True,0,sealed-run04-retrospective,outer_once,741488645,45,True,0.36264676546654073,0.06196567730014443,0.347686783309612,0.016729276845808095,0.8291293809819968,0.9518840587307835,0.0026476590985072598,1.0922033804457636,True,True,True,True,True,True,True,True,True
run-04,outer-context-07,7,7936,True,0,sealed-run04-retrospective,outer_once,741488645,46,True,0.43069706718874845,0.0770205741640923,0.41964941526637234,0.05460602271700985,0.8211722808636195,0.8698770432401325,0.002308342612898691,1.5774786004520662,True,True,True,True,True,True,True,True,True
run-04,outer-context-07,7,7936,True,0,sealed-run04-retrospective,outer_once,741488645,47,True,0.44928290342779,0.08903808154357085,0.4402537677808064,0.0747758016964594,0.8018217900920388,0.8301529545712172,0.004521509947351996,1.8789139024480588,True,True,True,True,True,True,True,True,True
run-04,outer-context-07,7,7936,True,0,sealed-run04-retrospective,outer_once,741488645,48,True,0.40450307625646137,0.06782563965143049,0.39877313799939285,0.05617770342001982,0.8323235504680614,0.8591236518541393,0.0007747345967990695,1.7764361956209538,True,True,True,True,True,True,True,True,True
run-04,outer-context-07,7,7936,True,0,sealed-run04-retrospective,outer_once,741488645,49,False,0.34576953818236417,0.0776332273230436,0.336665278235199,0.06253124350659743,0.7754769615300852,0.81426286715878,0.014008819992116004,1.5604608330861616,True,True,True,True,True,True,True,True,True
run-04,outer-context-07,7,7936,True,0,sealed-run04-retrospective,outer_once,741488645,50,True,0.2718016106172268,0.06456130187297338,0.25668713018484823,0.029344623990316124,0.762469023909156,0.8856794106927599,0.028965844418648346,1.0528386204872633,True,True,True,True,True,True,True,True,True
run-04,outer-context-07,7,7936,True,0,sealed-run04-retrospective,outer_once,741488645,51,True,0.2443230658608377,0.0638817910169869,0.23558202453889313,0.04171603333078604,0.7385355705491479,0.8229235298727176,0.015086742337336988,1.3094116511769878,True,True,True,True,True,True,True,True,True
run-04,outer-context-07,7,7936,True,0,sealed-run04-retrospective,outer_once,741488645,52,True,0.3254224888035377,0.07978915040459839,0.31803881402676487,0.06008450698848359,0.7548136556328525,0.8110780686553964,0.01985614147823248,1.5982689654143087,True,True,True,True,True,True,True,True,True
run-04,outer-context-07,7,7936,True,0,sealed-run04-retrospective,outer_once,741488645,53,True,0.31389182068372384,0.07782677751900269,0.30717060220190046,0.060661408166512325,0.7520585998402913,0.8025155801640154,0.006022364418896416,1.5784545908922767,True,True,True,True,True,True,True,True,True
run-04,outer-context-07,7,7936,True,0,sealed-run04-retrospective,outer_once,741488645,54,True,0.3330084368089903,0.060230580515057,0.3206121409637515,0.021140986042597416,0.8191319682702076,0.9340605568490071,0.012943906570250773,1.1144123321265054,True,True,True,True,True,True,True,True,True
run-04,outer-context-07,7,7936,True,0,sealed-run04-retrospective,outer_once,741488645,55,True,0.4301996988894304,0.07316649162263741,0.4195282345789439,0.053534272018266216,0.8299243541743097,0.8723941141363335,0.00031175054113673315,1.744431700570298,True,True,True,True,True,True,True,True,True
run-04,outer-context-07,7,7936,True,0,sealed-run04-retrospective,outer_once,741488645,56,True,0.39008983732594876,0.06223105067464678,0.3827467504811264,0.04907006683361428,0.840469951482873,0.8717949485608136,0.0009030454127548346,1.7351038789337265,True,True,True,True,True,True,True,True,True
run-04,outer-context-07,7,7936,True,0,sealed-run04-retrospective,outer_once,741488645,57,True,0.33964295134293926,0.05685412660257685,0.3258862523038176,0.030102129474108348,0.83260619312788,0.907629949832788,0.03010212947410827,1.0297958034709451,True,True,True,True,True,True,True,True,True
run-04,outer-context-07,7,7936,True,0,sealed-run04-retrospective,outer_once,741488645,58,True,0.29747568833355514,0.07670306165762979,0.2874518098779313,0.0344309840241319,0.7421535114774698,0.8802199783026124,0.0344309840241318,1.1060945104769662,True,True,True,True,True,True,True,True,True
run-04,outer-context-07,7,7936,True,0,sealed-run04-retrospective,outer_once,741488645,59,True,0.30534652552137526,0.0667276920314699,0.29266015355679975,0.018186712970913385,0.7814689657348051,0.9378572287689868,0.013060228379819057,1.050358637191754,True,True,True,True,True,True,True,True,True
run-04,outer-context-07,7,7936,True,0,sealed-run04-retrospective,outer_once,741488645,60,True,0.2808059360148602,0.07701900936842758,0.26877363097991713,0.03430260253700333,0.7257215767534495,0.8723736312526639,0.030817732417837522,1.0981303946942966,True,True,True,True,True,True,True,True,True
run-04,outer-context-07,7,7936,True,0,sealed-run04-retrospective,outer_once,741488645,61,True,0.35394331826894054,0.08632419063095115,0.34782087601449513,0.06894410135953247,0.7561073025671344,0.8017827390077089,0.03736976361450931,1.5312931564390109,True,True,True,True,True,True,True,True,True
run-04,outer-context-07,7,7936,True,0,sealed-run04-retrospective,outer_once,741488645,62,False,0.29535797351062465,0.1063927982948103,0.28884648113993294,0.092579717199546,0.6397835581337942,0.6794846977737792,0.02022390244594498,1.7052019898698205,True,True,True,True,True,True,True,True,True
run-04,outer-context-07,7,7936,True,0,sealed-run04-retrospective,outer_once,741488645,63,True,0.3152280287872817,0.07572873632183467,0.3063329973880279,0.04645090518116101,0.7597652194407591,0.8483646698944343,0.03667662195839709,1.275916038572995,True,True,True,True,True,True,True,True,True
run-04,outer-context-07,7,7936,True,0,sealed-run04-retrospective,outer_once,741488645,64,False,0.2882310393717665,0.06983342299224782,0.2814940229295195,0.05087451966050566,0.7577172009494259,0.8192696273581496,0.0023904467720492154,1.6963800516568015,True,True,True,True,True,True,True,True,True
run-04,outer-context-07,7,7936,True,0,sealed-run04-retrospective,outer_once,741488645,65,True,0.2934881960691716,0.05749961631806707,0.2870462439648919,0.03994933327188776,0.8040820138997511,0.8608261417391203,0.002494794381854721,1.5203211433246886,True,True,True,True,True,True,True,True,True
run-04,outer-context-07,7,7936,True,0,sealed-run04-retrospective,outer_once,741488645,66,True,0.3206850717185956,0.07330982926772839,0.30418724062340113,0.038411322574428614,0.7713961898043745,0.8737247410650476,0.022849349912390095,1.1732530290091954,True,True,True,True,True,True,True,True,True
run-04,outer-context-07,7,7936,True,0,sealed-run04-retrospective,outer_once,741488645,67,True,0.34636891613480447,0.0891339412498304,0.331086439280254,0.06485634103576393,0.7426618351193498,0.8041105483608614,0.018128470750993043,1.4209187695070467,True,True,True,True,True,True,True,True,True
run-04,outer-context-07,7,7936,True,0,sealed-run04-retrospective,outer_once,741488645,68,True,0.3758939872026423,0.08336842076392798,0.36528916763168445,0.0631633986836202,0.7782129440687634,0.8270865815892277,0.02219231527955817,1.5014605858630838,True,True,True,True,True,True,True,True,True
run-04,outer-context-07,7,7936,True,0,sealed-run04-retrospective,outer_once,741488645,69,True,0.394897176826534,0.0772371500902539,0.3810793040513382,0.05073827937062453,0.8044119972926984,0.8668563765305156,0.006781406293590987,1.338707201496491,True,True,True,True,True,True,True,True,True
run-04,outer-context-07,7,7936,True,0,sealed-run04-retrospective,outer_once,741488645,70,True,0.36018276315623415,0.15576144729376878,0.35574965352243737,0.15012872366308855,0.5675488578941099,0.5779933383585999,0.04122950279494035,2.8733381733387513,True,True,True,True,True,False,True,False,False
run-04,outer-context-07,7,7936,True,0,sealed-run04-retrospective,outer_once,741488645,71,True,0.3718550697266952,0.14150533685295758,0.3658703547199479,0.13195746735426941,0.6194610525090846,0.6393327153951157,0.034878711647880006,2.2852597744578467,True,True,True,True,True,False,True,False,False
run-04,outer-context-07,7,7936,True,0,sealed-run04-retrospective,outer_once,741488645,72,True,0.33379383967819426,0.1267573472789804,0.33039898567827264,0.12083448290675787,0.6202525864432211,0.6342770766723209,0.012925968999911452,2.517285775795781,True,True,True,True,True,False,True,False,False
run-04,outer-context-07,7,7936,True,0,sealed-run04-retrospective,outer_once,741488645,73,True,0.3808262819051309,0.181235308003555,0.37605849085793125,0.17465427440961215,0.5240997887622073,0.535566198728395,0.04331260990501542,2.8078162095071435,True,True,True,True,True,False,True,False,False
run-04,outer-context-07,7,7936,True,0,sealed-run04-retrospective,outer_once,741488645,74,True,0.3965243406649377,0.1810537864147269,0.3916119147199949,0.175403183595873,0.543398051904922,0.5520994714338877,0.057254607896236896,2.9241008342396615,True,True,True,True,True,False,True,False,False
run-04,outer-context-07,7,7936,True,0,sealed-run04-retrospective,outer_once,741488645,75,True,0.34905127379869,0.12588228284724107,0.3436082341032958,0.11618033191165156,0.6393587638936916,0.6618814091727344,0.04382681498187377,2.105553018635226,True,True,True,True,True,False,True,False,False
run-04,outer-context-07,7,7936,True,0,sealed-run04-retrospective,outer_once,741488645,76,True,0.38412836913368303,0.07964816602639613,0.37399492699475395,0.06257600649675324,0.7926522162212986,0.8326822050780623,0.019469352957213828,1.4962760150688104,True,True,True,True,True,True,True,True,True
run-04,outer-context-07,7,7936,True,0,sealed-run04-retrospective,outer_once,741488645,77,True,0.4175762516691393,0.0901149725110064,0.40625086542742334,0.0748956856125066,0.7841951687846277,0.8156417819966794,0.02435953888304156,1.569858261973894,True,True,True,True,True,True,True,True,True
run-04,outer-context-07,7,7936,True,0,sealed-run04-retrospective,outer_once,741488645,78,True,0.42246175984314027,0.07925629626273693,0.41157481766293524,0.06253160574451928,0.8123941530420061,0.8480674641378804,0.005222399674142637,1.547379499665224,True,True,True,True,True,True,True,True,True
run-04,outer-context-07,7,7936,True,0,sealed-run04-retrospective,outer_once,741488645,79,True,0.3529813807468426,0.07402103448266452,0.3388992495493667,0.050380622215415366,0.7902976232739249,0.8513404137589377,0.00544480953207411,1.3548298258358578,True,True,True,True,True,True,True,True,True
run-04,outer-context-07,7,7936,True,0,sealed-run04-retrospective,outer_once,741488645,80,True,0.33282598535069813,0.08970966605827876,0.32795610045641965,0.08115766622939334,0.7304607512428699,0.7525349700266424,0.007253631954930071,1.7937188968852888,True,True,True,True,True,True,True,True,True
run-04,outer-context-07,7,7936,True,0,sealed-run04-retrospective,outer_once,741488645,81,False,0.24616535429870906,0.0881796014649883,0.23987015192995587,0.07403469315473786,0.641787116159381,0.6913551245994265,0.003805003062375545,1.7289764540684662,True,True,True,True,True,True,True,True,True
run-04,outer-context-07,7,7936,True,0,sealed-run04-retrospective,outer_once,741488645,82,True,0.3997305513321154,0.20349670118191607,0.39295347761979627,0.19720481101587228,0.4909153165707336,0.49814717963463706,0.06155073767817641,3.2139531530073735,True,True,True,True,True,False,True,False,False
run-04,outer-context-07,7,7936,True,0,sealed-run04-retrospective,outer_once,741488645,83,True,0.4253808057896074,0.21707687786510008,0.4183404473612359,0.21101696449423157,0.4896881220059893,0.49558555519729847,0.06305589985335013,3.4486366318093293,True,True,True,True,True,False,True,False,False
run-04,outer-context-07,7,7936,True,0,sealed-run04-retrospective,outer_once,741488645,84,True,0.4302698866418374,0.22027906378850573,0.4227243223041944,0.21395528176505013,0.4880444329773209,0.49386569337004715,0.065128762534856,3.414768803487115,True,True,True,True,True,False,True,False,False
run-04,outer-context-07,7,7936,True,0,sealed-run04-retrospective,outer_once,741488645,85,True,0.4167431847485905,0.20537963314252267,0.4088775008053506,0.19894774919684388,0.5071793837098442,0.5134294530636095,0.06052547439390299,3.203228106358615,True,True,True,True,True,False,True,False,False
run-04,outer-context-07,7,7936,True,0,sealed-run04-retrospective,outer_once,741488645,86,True,0.37947707162883465,0.16431149472100137,0.3701645421804344,0.1567047776754285,0.5670054740969596,0.576661835970654,0.04683764125772169,2.5894496216164087,True,True,True,True,True,False,True,False,False
run-04,outer-context-07,7,7936,True,0,sealed-run04-retrospective,outer_once,741488645,87,True,0.3708758912607301,0.14881244228049023,0.3569963696890192,0.13379689325651262,0.5987540689834883,0.6252149752305225,0.021036088436017387,1.9951636834099977,True,True,True,True,True,True,True,True,True
run-04,outer-context-07,7,7936,True,0,sealed-run04-retrospective,outer_once,741488645,88,True,0.35785028474345865,0.12409258641851971,0.3456890518854171,0.11048934943385487,0.6532276437687309,0.6803793790077045,0.025494407572474505,1.9889076649640034,True,True,True,True,True,True,True,True,True
run-04,outer-context-07,7,7936,True,0,sealed-run04-retrospective,outer_once,741488645,89,True,0.36633889908279105,0.12104859951028589,0.3558521630499332,0.1057569898193451,0.669572082535168,0.7028063875938692,0.04647125047353559,1.925924360257858,True,True,True,True,True,True,True,True,True
run-04,outer-context-07,7,7936,True,0,sealed-run04-retrospective,outer_once,741488645,90,False,0.1514531520106845,0.08038921226600843,0.12641414734700968,0.025255456658740696,0.4692140031503785,0.8002165328108894,0.02257356175219229,1.0440032592051272,True,True,True,True,True,True,True,True,True
run-04,outer-context-07,7,7936,True,0,sealed-run04-retrospective,outer_once,741488645,91,True,0.3063704141972554,0.08153369840866705,0.2936366508487707,0.049504363751008265,0.7338721539992701,0.8314094524375157,0.012675495710467407,1.4032978915359506,True,True,True,True,True,True,True,True,True
run-04,outer-context-07,7,7936,True,0,sealed-run04-retrospective,outer_once,741488645,92,False,0.29941794353330936,0.12611357758908381,0.28836962023457585,0.10565291621685961,0.578804208923257,0.6336198101210673,0.009286080283519927,1.793692053452696,True,True,True,True,True,True,True,True,True
run-04,outer-context-07,7,7936,True,0,sealed-run04-retrospective,outer_once,741488645,93,False,0.23203069295445314,0.10238731883637728,0.2266610691680484,0.09279579485177805,0.5587337281431316,0.5905966772662734,0.0019098708705842802,2.090568175013374,True,True,True,True,True,False,True,False,False
run-04,outer-context-07,7,7936,True,0,sealed-run04-retrospective,outer_once,741488645,94,False,0.363330693364523,0.11611542924722633,0.3578307523148977,0.10831263144995372,0.680413927675717,0.6973076496381266,0.01450917742518406,2.2158395310485153,True,True,True,True,True,False,True,False,False
run-04,outer-context-07,7,7936,True,0,sealed-run04-retrospective,outer_once,741488645,95,False,0.34407790315678866,0.10551220350726397,0.33697380410299793,0.09583173796415599,0.6933479234230732,0.7156107187048151,0.014902199598704915,2.003192158382547,True,True,True,True,True,False,True,False,False
run-04,outer-context-07,7,7936,True,1,sealed-run04-retrospective,outer_once,1686799672,0,True,0.3407714788558555,0.0780272036903243,0.33423486163268346,0.07113875142671182,0.7710277751169153,0.7871593912160734,0.005911615533966634,1.997197386970062,True,True,True,True,True,True,True,True,True
run-04,outer-context-07,7,7936,True,1,sealed-run04-retrospective,outer_once,1686799672,1,True,0.3762970169576669,0.07283543421445161,0.36899355152157615,0.06454305058170232,0.8064416380355055,0.8250835270276307,0.007096280478741419,1.9110870935728805,True,True,True,True,True,True,True,True,True
run-04,outer-context-07,7,7936,True,1,sealed-run04-retrospective,outer_once,1686799672,2,True,0.3819087576079292,0.037908716471664584,0.37447943832312586,0.0201098293916692,0.9007388133513764,0.9462992428056434,0.004320864486914353,1.3051818983959511,True,True,True,True,True,True,True,True,True
run-04,outer-context-07,7,7936,True,1,sealed-run04-retrospective,outer_once,1686799672,3,True,0.33592066963546924,0.058404810299030094,0.3272635736236681,0.04163052847349255,0.8261351099281589,0.872792049501467,0.027617869681939328,1.3616343022839752,True,True,True,True,True,True,True,True,True
run-04,outer-context-07,7,7936,True,1,sealed-run04-retrospective,outer_once,1686799672,4,False,0.23637959853060822,0.09233721168461725,0.23058194335164367,0.07917816405513027,0.6093689461416835,0.6566159392004887,0.005307212684959741,1.8843347731710705,True,True,True,True,True,True,True,True,True
run-04,outer-context-07,7,7936,True,1,sealed-run04-retrospective,outer_once,1686799672,5,True,0.3266377366477691,0.1137118191523239,0.3220591538567242,0.10514133362295111,0.6518717637486405,0.67353409346121,0.028809570532338284,2.215179351431251,True,True,True,True,True,False,True,False,False
run-04,outer-context-07,7,7936,True,1,sealed-run04-retrospective,outer_once,1686799672,6,True,0.3278513848366254,0.13221470346312048,0.3226509271419437,0.1250461489459413,0.5967236693875624,0.6124413772692189,0.03521773024593718,2.2231467296022496,True,True,True,True,True,False,True,False,False
run-04,outer-context-07,7,7936,True,1,sealed-run04-retrospective,outer_once,1686799672,7,True,0.27486422585322134,0.07693133703437506,0.27041665055655995,0.06802757369543223,0.7201114957919016,0.7484342271253609,0.010888460232197408,1.820315546908886,True,True,True,True,True,True,True,True,True
run-04,outer-context-07,7,7936,True,1,sealed-run04-retrospective,outer_once,1686799672,8,True,0.33071541164241425,0.061562319209276684,0.3263693028153479,0.05353362810942766,0.8138510724264617,0.835972232536478,0.003137502505949403,1.7049059589198055,True,True,True,True,True,True,True,True,True
run-04,outer-context-07,7,7936,True,1,sealed-run04-retrospective,outer_once,1686799672,9,False,0.26590528184387185,0.09534454777038903,0.2586488491341619,0.08276678597131236,0.6414341711859216,0.6800032698835594,0.0016467530596165972,1.678803463714396,True,True,True,True,True,True,True,True,True
run-04,outer-context-07,7,7936,True,1,sealed-run04-retrospective,outer_once,1686799672,10,True,0.37603624193922,0.11710609114608399,0.3701920218412543,0.10285777991882997,0.6885776473507778,0.7221501981397714,0.021042980085960596,2.150913435345374,True,True,True,True,True,False,True,False,False
run-04,outer-context-07,7,7936,True,1,sealed-run04-retrospective,outer_once,1686799672,11,False,0.3715483334845157,0.1775473283632012,0.36363788350413245,0.15988244011673436,0.5221420408534803,0.5603251273600667,0.0025270089383441366,2.1802443491605876,True,True,True,True,True,False,True,False,False
run-04,outer-context-07,7,7936,True,1,sealed-run04-retrospective,outer_once,1686799672,12,True,0.3417955172543345,0.09139274696660972,0.33320744915463485,0.0737586131040589,0.732609872415023,0.7786405637353293,0.025914205755342132,1.6486607166801726,True,True,True,True,True,True,True,True,True
run-04,outer-context-07,7,7936,True,1,sealed-run04-retrospective,outer_once,1686799672,13,True,0.33327207902506456,0.10295254314966538,0.3251105451179622,0.09235499238070492,0.6910856035379952,0.7159274167892797,0.018033231964014435,1.943223121112802,True,True,True,True,True,True,True,True,True
run-04,outer-context-07,7,7936,True,1,sealed-run04-retrospective,outer_once,1686799672,14,True,0.2955941797508821,0.11021245221590589,0.28440643680742106,0.09601802692664421,0.6271494509506593,0.6623915126377379,0.03870442438024296,1.8339903889584315,True,True,True,True,True,True,True,True,True
run-04,outer-context-07,7,7936,True,1,sealed-run04-retrospective,outer_once,1686799672,15,True,0.34301745792317784,0.11306721195577837,0.336881372776733,0.1037849353870634,0.670374759814409,0.6919243871169852,0.008968756995440731,2.091297827028682,True,True,True,True,True,False,True,False,False
run-04,outer-context-07,7,7936,True,1,sealed-run04-retrospective,outer_once,1686799672,16,True,0.3135970089465716,0.0913596430524063,0.310460305967688,0.08380357896314856,0.7086718289842762,0.7300666869410654,0.005722408154880658,1.9685519160365816,True,True,True,True,True,True,True,True,True
run-04,outer-context-07,7,7936,True,1,sealed-run04-retrospective,outer_once,1686799672,17,True,0.31771042515179576,0.09636523023018684,0.31147082183889385,0.08607673765980692,0.6966884854843984,0.7236442978779902,0.027921759610532663,1.771658388112548,True,True,True,True,True,True,True,True,True
run-04,outer-context-07,7,7936,True,1,sealed-run04-retrospective,outer_once,1686799672,18,True,0.3792968026256616,0.10000775689308565,0.3713165964308684,0.08512585525784924,0.7363337729166516,0.7707458915758484,0.02572054777143331,1.6956898128375435,True,True,True,True,True,True,True,True,True
run-04,outer-context-07,7,7936,True,1,sealed-run04-retrospective,outer_once,1686799672,19,False,0.3164445624105192,0.12414283216782886,0.3069980714400717,0.10147275462492782,0.6076948479627213,0.6694677782536622,0.012076797825808637,1.526287821408478,True,True,True,True,True,True,True,True,True
run-04,outer-context-07,7,7936,True,1,sealed-run04-retrospective,outer_once,1686799672,20,True,0.3219179917077647,0.0733520831298163,0.30814763473543094,0.04505265482245132,0.7721404673883376,0.8537952275339301,0.008896480805253537,1.3245974876695867,True,True,True,True,True,True,True,True,True
run-04,outer-context-07,7,7936,True,1,sealed-run04-retrospective,outer_once,1686799672,21,True,0.3603721080466847,0.07996941488085084,0.3518063596307995,0.06250322675351638,0.7780921078650983,0.8223362794830943,0.004098304159053534,1.5652381399781772,True,True,True,True,True,True,True,True,True
run-04,outer-context-07,7,7936,True,1,sealed-run04-retrospective,outer_once,1686799672,22,False,0.25906411242801275,0.0823935149356383,0.2542815497447803,0.06241552877994548,0.681957048533562,0.7545416533657621,0.007428821002490285,1.7653179595912156,True,True,True,True,True,True,True,True,True
run-04,outer-context-07,7,7936,True,1,sealed-run04-retrospective,outer_once,1686799672,23,True,0.29873319432505635,0.11505028274874504,0.28670289345308614,0.09918411092849307,0.6148727863715172,0.6540526336030063,0.029696980576323456,1.7615255269907923,True,True,True,True,True,True,True,True,True
run-04,outer-context-07,7,7936,True,1,sealed-run04-retrospective,outer_once,1686799672,24,False,0.24000604609384174,0.09107170769868521,0.23085038883491274,0.07417910292345817,0.6205441105301305,0.6786702275104002,0.008654676643656406,1.6557754140689296,True,True,True,True,True,True,True,True,True
run-04,outer-context-07,7,7936,True,1,sealed-run04-retrospective,outer_once,1686799672,25,True,0.34347133521363815,0.09137915527700631,0.334059948068325,0.06689872912143496,0.7339540569807121,0.7997403474787339,0.0004276588356028254,1.5373878385779276,True,True,True,True,True,True,True,True,True
run-04,outer-context-07,7,7936,True,1,sealed-run04-retrospective,outer_once,1686799672,26,True,0.2740890661277754,0.06860458311666096,0.26225257360880627,0.0293385667211537,0.749699672132566,0.8881285841453092,0.017609526267611884,1.0686245973193529,True,True,True,True,True,True,True,True,True
run-04,outer-context-07,7,7936,True,1,sealed-run04-retrospective,outer_once,1686799672,27,False,0.23076414257002423,0.10253741328010206,0.21386960105617095,0.074105333540355,0.555661411958803,0.6535022594403592,0.0289967845593179,1.4547585752239895,True,True,True,True,True,True,True,True,True
run-04,outer-context-07,7,7936,True,1,sealed-run04-retrospective,outer_once,1686799672,28,True,0.2777872834225221,0.08653008728643935,0.2683472478542109,0.054540251425683695,0.6885023453185771,0.7967549439697827,0.012455232206377197,1.2857921388096991,True,True,True,True,True,True,True,True,True
run-04,outer-context-07,7,7936,True,1,sealed-run04-retrospective,outer_once,1686799672,29,True,0.27302780352595823,0.0846797168432987,0.2621056991589344,0.06048618121211172,0.6898494741205076,0.7692298129868805,0.02515676207817784,1.255867631773882,True,True,True,True,True,True,True,True,True
run-04,outer-context-07,7,7936,True,1,sealed-run04-retrospective,outer_once,1686799672,30,False,0.27216467924618015,0.12150345723559029,0.26525577376210585,0.11159107611702561,0.5535664011505064,0.5793076450916168,0.01840656923722658,2.1349432203580903,True,True,True,True,True,False,True,False,False
run-04,outer-context-07,7,7936,True,1,sealed-run04-retrospective,outer_once,1686799672,31,True,0.36457251943482255,0.07053464149569597,0.3553207522961926,0.04872222025034376,0.8065278161803252,0.8628782024818823,0.009583447420815855,1.591892917319467,True,True,True,True,True,True,True,True,True
run-04,outer-context-07,7,7936,True,1,sealed-run04-retrospective,outer_once,1686799672,32,True,0.33874069330206835,0.07131414692150878,0.3334715628930163,0.0572985741805912,0.7894727491216559,0.8281755311202544,0.023943090040068404,1.6783978783456304,True,True,True,True,True,True,True,True,True
run-04,outer-context-07,7,7936,True,1,sealed-run04-retrospective,outer_once,1686799672,33,True,0.34923895122185533,0.09218313190397445,0.3401119000253452,0.07669157268677346,0.7360456742254539,0.7745107634250422,0.012142873620232364,1.627668221079664,True,True,True,True,True,True,True,True,True
run-04,outer-context-07,7,7936,True,1,sealed-run04-retrospective,outer_once,1686799672,34,True,0.355752987675773,0.05818107742107863,0.3504039680601848,0.04192030818916954,0.8364565318166665,0.8803657720509336,0.007129052149320077,1.4175232040630328,True,True,True,True,True,True,True,True,True
run-04,outer-context-07,7,7936,True,1,sealed-run04-retrospective,outer_once,1686799672,35,True,0.2055331191613618,0.0736207946841506,0.18186342111905507,0.01856616081001303,0.6418056856989957,0.8979115168087657,0.015654408532346953,1.0657481825557178,True,True,True,True,True,True,True,True,True
run-04,outer-context-07,7,7936,True,1,sealed-run04-retrospective,outer_once,1686799672,36,True,0.3270918615962139,0.07187835343254062,0.3159209546632331,0.04596397989925558,0.7802502542197992,0.854507973526946,0.014872529700537438,1.3717027288148822,True,True,True,True,True,True,True,True,True
run-04,outer-context-07,7,7936,True,1,sealed-run04-retrospective,outer_once,1686799672,37,True,0.35008884259252987,0.08224982074921561,0.3360431805329471,0.0575346157029051,0.7650601483322719,0.828788027741976,0.010886606943006137,1.5230178142596302,True,True,True,True,True,True,True,True,True
run-04,outer-context-07,7,7936,True,1,sealed-run04-retrospective,outer_once,1686799672,38,False,0.3227191121426499,0.0885560135505813,0.31515858404293673,0.07080468942473528,0.7255941460590121,0.7753363131778478,0.020768015526801714,1.8376748730840196,True,True,True,True,True,True,True,True,True
run-04,outer-context-07,7,7936,True,1,sealed-run04-retrospective,outer_once,1686799672,39,False,0.28493996162496493,0.08806726581873386,0.2789700618630678,0.07489789144603301,0.6909269401297699,0.7315199668887891,0.01533867113675756,1.8596009898714119,True,True,True,True,True,True,True,True,True
run-04,outer-context-07,7,7936,True,1,sealed-run04-retrospective,outer_once,1686799672,40,True,0.3656338026338644,0.10011802036881358,0.3588976401944892,0.09102850434172464,0.7261795281300373,0.7463663893348653,0.02944685067122278,1.8320336375991189,True,True,True,True,True,True,True,True,True
run-04,outer-context-07,7,7936,True,1,sealed-run04-retrospective,outer_once,1686799672,41,False,0.3530687394665479,0.07387240702985867,0.34897113080049186,0.06573956008111148,0.7907704682621503,0.8116189154950613,0.005991934569518119,1.8901418457561827,True,True,True,True,True,True,True,True,True
run-04,outer-context-07,7,7936,True,1,sealed-run04-retrospective,outer_once,1686799672,42,True,0.22299616558371074,0.0869042061772966,0.19893966779159036,0.05289241411746989,0.6102883385917524,0.7341283681398317,0.02274154779135091,1.3152063981932176,True,True,True,True,True,True,True,True,True
run-04,outer-context-07,7,7936,True,1,sealed-run04-retrospective,outer_once,1686799672,43,True,0.3084066940075687,0.06141945930375731,0.29275780072549457,0.0341907377888169,0.8008491368794673,0.8832115226166902,0.03040138043727029,1.1595569910826877,True,True,True,True,True,True,True,True,True
run-04,outer-context-07,7,7936,True,1,sealed-run04-retrospective,outer_once,1686799672,44,True,0.3375725997035323,0.06278749688193434,0.321314523423865,0.02551536992550163,0.8140029820634836,0.920590673419879,0.015394640135063007,1.141183468717147,True,True,True,True,True,True,True,True,True
run-04,outer-context-07,7,7936,True,1,sealed-run04-retrospective,outer_once,1686799672,45,True,0.3375760995070473,0.0625822641815045,0.3239115891204814,0.01738020330902117,0.81461287018574,0.9463427555765642,0.003261161759629894,1.095719187904358,True,True,True,True,True,True,True,True,True
run-04,outer-context-07,7,7936,True,1,sealed-run04-retrospective,outer_once,1686799672,46,True,0.37792467897236554,0.07522332562805643,0.36737386444390485,0.05257810795514204,0.8009568313119957,0.8568811963944966,0.0024039680969722256,1.5578444240754081,True,True,True,True,True,True,True,True,True
run-04,outer-context-07,7,7936,True,1,sealed-run04-retrospective,outer_once,1686799672,47,True,0.4198578929785688,0.08501933290581835,0.41205253393892594,0.06892121500788376,0.7975045025290066,0.8327368252075859,0.004350562419456555,1.822159169522492,True,True,True,True,True,True,True,True,True
run-04,outer-context-07,7,7936,True,1,sealed-run04-retrospective,outer_once,1686799672,48,True,0.3792602837724468,0.06490831851847896,0.3730275003949406,0.05267660376795554,0.8288554818531343,0.8587862725611798,0.0007400936095649251,1.7385099579056065,True,True,True,True,True,True,True,True,True
run-04,outer-context-07,7,7936,True,1,sealed-run04-retrospective,outer_once,1686799672,49,False,0.3489911939854201,0.07972127406703292,0.3401183836041928,0.06472440540536561,0.7715665167460832,0.8097003616226531,0.014064750142959109,1.583168944835562,True,True,True,True,True,True,True,True,True
run-04,outer-context-07,7,7936,True,1,sealed-run04-retrospective,outer_once,1686799672,50,True,0.2742713127982381,0.06657491898753866,0.25818262758245863,0.029369815872883977,0.7572661963502064,0.8862440275401419,0.02934971834343927,1.0380979803614345,True,True,True,True,True,True,True,True,True
run-04,outer-context-07,7,7936,True,1,sealed-run04-retrospective,outer_once,1686799672,51,True,0.2749719272974374,0.0682904509345389,0.26690715726612535,0.04825565976862961,0.7516457348728947,0.8192043245939812,0.014940024713201643,1.3660583415587233,True,True,True,True,True,True,True,True,True
run-04,outer-context-07,7,7936,True,1,sealed-run04-retrospective,outer_once,1686799672,52,True,0.3342885361233547,0.09127816784614169,0.32654757599467615,0.07469015430313086,0.7269479566823691,0.7712732851388596,0.020380704151146945,1.7388651028373023,True,True,True,True,True,True,True,True,True
run-04,outer-context-07,7,7936,True,1,sealed-run04-retrospective,outer_once,1686799672,53,True,0.32077576360866134,0.0869865981169534,0.3134976339425514,0.07213050666067336,0.72882428167773,0.7699169025502396,0.006302263672136134,1.678349280414116,True,True,True,True,True,True,True,True,True
run-04,outer-context-07,7,7936,True,1,sealed-run04-retrospective,outer_once,1686799672,54,True,0.2990191819813146,0.06014968223885936,0.2864262002842275,0.02312067792550524,0.7988433991414703,0.9192787604536105,0.012682615961882726,1.1341122858793462,True,True,True,True,True,True,True,True,True
run-04,outer-context-07,7,7936,True,1,sealed-run04-retrospective,outer_once,1686799672,55,True,0.4006447941575793,0.07248702569831054,0.3914388616996319,0.0521111912675881,0.8190740856854853,0.8668727191742773,0.00045236598345330104,1.7280636330987946,True,True,True,True,True,True,True,True,True
run-04,outer-context-07,7,7936,True,1,sealed-run04-retrospective,outer_once,1686799672,56,True,0.3598375072135874,0.05907135601656724,0.3526406378760803,0.04498158611674248,0.8358388027029532,0.8724435550376096,0.0008660011787359778,1.6885894626256805,True,True,True,True,True,True,True,True,True
run-04,outer-context-07,7,7936,True,1,sealed-run04-retrospective,outer_once,1686799672,57,True,0.3415566702667898,0.057423320498123244,0.32844757919489564,0.030391362294614928,0.8318776194495926,0.9074696718145663,0.030391362294614862,1.0172614656810048,True,True,True,True,True,True,True,True,True
run-04,outer-context-07,7,7936,True,1,sealed-run04-retrospective,outer_once,1686799672,58,True,0.271242005910462,0.07532058987217274,0.25835515662480435,0.0344894006816502,0.722312222182001,0.8665039199053521,0.0344894006816504,1.0813733423303868,True,True,True,True,True,True,True,True,True
run-04,outer-context-07,7,7936,True,1,sealed-run04-retrospective,outer_once,1686799672,59,True,0.2820048735810978,0.06759777899925502,0.26633863185237894,0.015609572886136543,0.7602957064505642,0.941392006193122,0.012732220976008568,1.0395785277267713,True,True,True,True,True,True,True,True,True
run-04,outer-context-07,7,7936,True,1,sealed-run04-retrospective,outer_once,1686799672,60,True,0.28960101007003564,0.08058381243258911,0.27678046424343244,0.0427751185781664,0.7217419496806965,0.8454547047058023,0.03132047430283255,1.1793883740860065,True,True,True,True,True,True,True,True,True
run-04,outer-context-07,7,7936,True,1,sealed-run04-retrospective,outer_once,1686799672,61,True,0.3595409973110302,0.09283690980563537,0.3528341475436732,0.07760699093337124,0.7417904759124746,0.7800468251906791,0.037348034015766335,1.6022382137703557,True,True,True,True,True,True,True,True,True
run-04,outer-context-07,7,7936,True,1,sealed-run04-retrospective,outer_once,1686799672,62,False,0.29927186705215464,0.1093729165294292,0.29207678027230427,0.09586537686001673,0.634536591739281,0.6717802189867983,0.02039170452854254,1.7063985219489664,True,True,True,True,True,True,True,True,True
run-04,outer-context-07,7,7936,True,1,sealed-run04-retrospective,outer_once,1686799672,63,True,0.3038517507949195,0.0782444166587326,0.2954961900111324,0.05000468544007279,0.7424914733779415,0.8307772244434388,0.03669991803657077,1.2945319891212688,True,True,True,True,True,True,True,True,True
run-04,outer-context-07,7,7936,True,1,sealed-run04-retrospective,outer_once,1686799672,64,False,0.27800941083437974,0.06819321689729736,0.271897967753008,0.047298705976280754,0.7547089622159499,0.8260424439095224,0.0022788072423917337,1.6620816882874399,True,True,True,True,True,True,True,True,True
run-04,outer-context-07,7,7936,True,1,sealed-run04-retrospective,outer_once,1686799672,65,True,0.29595016011593994,0.05952079478070403,0.28954223695523384,0.04416415204880056,0.7988823700673571,0.8474690514474792,0.002463618537199096,1.5626001615173453,True,True,True,True,True,True,True,True,True
run-04,outer-context-07,7,7936,True,1,sealed-run04-retrospective,outer_once,1686799672,66,True,0.30292078844785997,0.0697749086171156,0.2814678593081873,0.03646019252264059,0.7696595569599689,0.8704640998362826,0.021998483077570668,1.1675918553631495,True,True,True,True,True,True,True,True,True
run-04,outer-context-07,7,7936,True,1,sealed-run04-retrospective,outer_once,1686799672,67,True,0.3111801091144216,0.08570806277386557,0.29216129617939607,0.061539602606339006,0.7245708827026907,0.7893642881138103,0.019129544945883054,1.3927954271010632,True,True,True,True,True,True,True,True,True
run-04,outer-context-07,7,7936,True,1,sealed-run04-retrospective,outer_once,1686799672,68,True,0.32795963490923596,0.07876902074290991,0.3141002680628986,0.05696680131144205,0.7598209890533951,0.8186349802794997,0.02296110977320936,1.4521156923876375,True,True,True,True,True,True,True,True,True
run-04,outer-context-07,7,7936,True,1,sealed-run04-retrospective,outer_once,1686799672,69,True,0.33629294875857146,0.07249146529479929,0.3173548928200115,0.043540596013160224,0.7844395323708029,0.8628015606557723,0.006034847799298479,1.283348940391768,True,True,True,True,True,True,True,True,True
run-04,outer-context-07,7,7936,True,1,sealed-run04-retrospective,outer_once,1686799672,70,True,0.36246479384169306,0.15575369725678392,0.358183568823282,0.14972521516245663,0.5702928949154451,0.5819874829704236,0.041188212255253855,2.870476855006619,True,True,True,True,True,False,True,False,False
run-04,outer-context-07,7,7936,True,1,sealed-run04-retrospective,outer_once,1686799672,71,True,0.3743093912088999,0.14128547399153288,0.3682184419587983,0.1306940317536449,0.6225436034740516,0.6450638619337027,0.03479464128539457,2.276789837215294,True,True,True,True,True,False,True,False,False
run-04,outer-context-07,7,7936,True,1,sealed-run04-retrospective,outer_once,1686799672,72,True,0.3311842619379651,0.12682791336610538,0.3279142803908347,0.12081512889926649,0.6170472817036764,0.6315649054525186,0.01283192274090748,2.510348688494345,True,True,True,True,True,False,True,False,False
run-04,outer-context-07,7,7936,True,1,sealed-run04-retrospective,outer_once,1686799672,73,True,0.3795431098640142,0.1828246214967857,0.37498581166038203,0.1756797552490015,0.5183034107448569,0.5315029268144377,0.043701934920779596,2.8103693954661244,True,True,True,True,True,False,True,False,False
run-04,outer-context-07,7,7936,True,1,sealed-run04-retrospective,outer_once,1686799672,74,True,0.3892115348577328,0.18071707573628085,0.384609968085017,0.17459666568307708,0.5356841728692914,0.5460422761469278,0.05757982715544369,2.9087884874155328,True,True,True,True,True,False,True,False,False
run-04,outer-context-07,7,7936,True,1,sealed-run04-retrospective,outer_once,1686799672,75,True,0.35032223346414815,0.1251681196778831,0.3452995296668517,0.11634712584244968,0.6427057499600785,0.6630544908222074,0.043996276964277145,2.1007889047317296,True,True,True,True,True,False,True,False,False
run-04,outer-context-07,7,7936,True,1,sealed-run04-retrospective,outer_once,1686799672,76,True,0.3606442246896952,0.07575304072466442,0.34777060235922364,0.06055838017096053,0.7899507727044743,0.8258668796035618,0.018558599065118427,1.4792050548060005,True,True,True,True,True,True,True,True,True
run-04,outer-context-07,7,7936,True,1,sealed-run04-retrospective,outer_once,1686799672,77,True,0.37315704414753686,0.08359537605353969,0.35925122519943703,0.06834574231375386,0.775978030256644,0.8097550195526488,0.02354913187505041,1.5238150874291108,True,True,True,True,True,True,True,True,True
run-04,outer-context-07,7,7936,True,1,sealed-run04-retrospective,outer_once,1686799672,78,True,0.36927143771504467,0.07249062779965419,0.35507591432309615,0.05455752205897965,0.803692838394956,0.8463496963375109,0.004385860310888862,1.4823228258669299,True,True,True,True,True,True,True,True,True
run-04,outer-context-07,7,7936,True,1,sealed-run04-retrospective,outer_once,1686799672,79,True,0.31428029875952423,0.06838298236565528,0.2962838792383017,0.04270271053074335,0.7824140341104251,0.8558723119174584,0.004754011112038561,1.3092788785623806,True,True,True,True,True,True,True,True,True
run-04,outer-context-07,7,7936,True,1,sealed-run04-retrospective,outer_once,1686799672,80,True,0.3393016172223343,0.08325090821981897,0.3349695159828899,0.07392104432093823,0.7546404025381727,0.7793200849813627,0.007777913330510887,1.718174808612567,True,True,True,True,True,True,True,True,True
run-04,outer-context-07,7,7936,True,1,sealed-run04-retrospective,outer_once,1686799672,81,False,0.24162848221479036,0.0903355809185676,0.23517293134868333,0.0774099328470819,0.6261385243554782,0.6708382533519187,0.0038490669860509275,1.7554849980230163,True,True,True,True,True,True,True,True,True
run-04,outer-context-07,7,7936,True,1,sealed-run04-retrospective,outer_once,1686799672,82,True,0.4087924137384513,0.21512588481936942,0.402159957780383,0.20836134545642013,0.473752746896598,0.48189435217166765,0.06285140820740914,3.3360197029110763,True,True,True,True,True,False,True,False,False
run-04,outer-context-07,7,7936,True,1,sealed-run04-retrospective,outer_once,1686799672,83,True,0.43404309899559684,0.22948475748204064,0.4271455312177885,0.22333996762848898,0.4712857824186518,0.47713378390791417,0.0643505268133919,3.565713445494876,True,True,True,True,True,False,True,False,False
run-04,outer-context-07,7,7936,True,1,sealed-run04-retrospective,outer_once,1686799672,84,True,0.43978672859856555,0.23294916556677472,0.4322722072327392,0.22640432253503737,0.470313335036062,0.4762459423787584,0.06643980350761451,3.5298246602444507,True,True,True,True,True,False,True,False,False
run-04,outer-context-07,7,7936,True,1,sealed-run04-retrospective,outer_once,1686799672,85,True,0.42799632165221274,0.21764557538309723,0.41997517593367717,0.21067332633693234,0.49147793013054275,0.4983671930880933,0.0617527836917243,3.3113949806479117,True,True,True,True,True,False,True,False,False
run-04,outer-context-07,7,7936,True,1,sealed-run04-retrospective,outer_once,1686799672,86,True,0.3919503415304891,0.1743027149786345,0.38239674393907663,0.1659372691018686,0.5552938816228182,0.5660599319111732,0.0477306548038802,2.6680274625992446,True,True,True,True,True,False,True,False,False
run-04,outer-context-07,7,7936,True,1,sealed-run04-retrospective,outer_once,1686799672,87,True,0.3904643942616722,0.15663054330091838,0.3757721826529004,0.141023018212772,0.5988608805238425,0.6247113950341702,0.021582763584082995,2.0449358422511477,True,True,True,True,True,False,True,False,False
run-04,outer-context-07,7,7936,True,1,sealed-run04-retrospective,outer_once,1686799672,88,True,0.3787463396530382,0.1278420635619241,0.3664871252132413,0.11421684665266128,0.6624599364338739,0.6883469055394402,0.025811091544969595,2.02732951135294,True,True,True,True,True,False,True,False,False
run-04,outer-context-07,7,7936,True,1,sealed-run04-retrospective,outer_once,1686799672,89,True,0.3790272340320619,0.12130781524548714,0.3679896203038976,0.10626154523218137,0.6799496069054877,0.7112376562566435,0.04695475070825238,1.9131374396006062,True,True,True,True,True,True,True,True,True
run-04,outer-context-07,7,7936,True,1,sealed-run04-retrospective,outer_once,1686799672,90,False,0.15213565973869636,0.08036117454977391,0.12478333314155073,0.025311197924214737,0.4717794980624539,0.7971588249249407,0.022623062920982977,1.0434453460360658,True,True,True,True,True,True,True,True,True
run-04,outer-context-07,7,7936,True,1,sealed-run04-retrospective,outer_once,1686799672,91,True,0.32346363137341,0.07922270058835046,0.31151297065608113,0.04959705878359089,0.7550800371220253,0.8407865371411857,0.013494164871417889,1.3905647204298726,True,True,True,True,True,True,True,True,True
run-04,outer-context-07,7,7936,True,1,sealed-run04-retrospective,outer_once,1686799672,92,False,0.32812227147607337,0.13056385064485138,0.3167922147575275,0.11089511208875899,0.6020878130048783,0.6499436951957989,0.009156492920150685,1.8220982614994667,True,True,True,True,True,True,True,True,True
run-04,outer-context-07,7,7936,True,1,sealed-run04-retrospective,outer_once,1686799672,93,False,0.2546401980087595,0.10761940692468876,0.24852572440926526,0.09830817900866479,0.5773667796119657,0.6044345942765522,0.0017964273533739251,2.1449936032348496,True,True,True,True,True,False,True,False,False
run-04,outer-context-07,7,7936,True,1,sealed-run04-retrospective,outer_once,1686799672,94,False,0.37028374588138885,0.1174240197961859,0.36473038399938296,0.10884357596090004,0.6828809768123072,0.7015779854494267,0.01476219834743074,2.2103578245495497,True,True,True,True,True,False,True,False,False
run-04,outer-context-07,7,7936,True,1,sealed-run04-retrospective,outer_once,1686799672,95,False,0.3545261997655729,0.10642938740697985,0.34793013188933014,0.09709898303563759,0.6997982448762453,0.7209239035769317,0.015107073782442628,1.997670121154584,True,True,True,True,True,True,True,True,True
run-04,outer-context-07,7,7936,True,2,sealed-run04-retrospective,outer_once,784746516,0,True,0.3783971285723232,0.08691684633964648,0.3721644618811215,0.08017217593612172,0.7703025742621775,0.7845786362005445,0.004913169097427239,2.1455101375882224,True,True,True,True,True,False,True,False,False
run-04,outer-context-07,7,7936,True,2,sealed-run04-retrospective,outer_once,784746516,1,True,0.40346558933446824,0.07955809799037625,0.39660728314430355,0.071959645825473,0.8028131764059228,0.8185619657436023,0.006132517491186347,2.03222341565746,True,True,True,True,True,False,True,False,False
run-04,outer-context-07,7,7936,True,2,sealed-run04-retrospective,outer_once,784746516,2,True,0.39340797993761784,0.03988307029687836,0.38666217668492786,0.023108839198070375,0.898621603193706,0.9402350667029409,0.004185624935230364,1.3448922903551201,True,True,True,True,True,True,True,True,True
run-04,outer-context-07,7,7936,True,2,sealed-run04-retrospective,outer_once,784746516,3,True,0.3271246877788594,0.05566738759191098,0.31914789660873194,0.03926410199600467,0.8298282285880457,0.8769720796745794,0.028064619464263297,1.3098397996407198,True,True,True,True,True,True,True,True,True
run-04,outer-context-07,7,7936,True,2,sealed-run04-retrospective,outer_once,784746516,4,False,0.2306556023901745,0.09092782786697312,0.22470908660824193,0.07929339051040525,0.6057853053438493,0.6471286866621222,0.00531384949862155,1.877608075775148,True,True,True,True,True,True,True,True,True
run-04,outer-context-07,7,7936,True,2,sealed-run04-retrospective,outer_once,784746516,5,True,0.307903435305492,0.11321207472369996,0.3034633007556889,0.10419438105829104,0.6323130509688061,0.656649153954285,0.029389931645763576,2.205721192546651,True,True,True,True,True,False,True,False,False
run-04,outer-context-07,7,7936,True,2,sealed-run04-retrospective,outer_once,784746516,6,True,0.31898859152612086,0.13645066079914409,0.3139437772048625,0.12962254215416355,0.5722396837255835,0.5871154277742572,0.0353293395299967,2.2777662319819982,True,True,True,True,True,False,True,False,False
run-04,outer-context-07,7,7936,True,2,sealed-run04-retrospective,outer_once,784746516,7,True,0.27980839586683737,0.08070375660537432,0.27515522445262786,0.07219776820239877,0.7115749284243001,0.73761076735496,0.010903432111049223,1.8743784460386435,True,True,True,True,True,True,True,True,True
run-04,outer-context-07,7,7936,True,2,sealed-run04-retrospective,outer_once,784746516,8,True,0.3368846139437591,0.06238470830775962,0.33260133442908324,0.05358705245607102,0.814818766646985,0.838885034697608,0.002659679622484307,1.7066189548864188,True,True,True,True,True,True,True,True,True
run-04,outer-context-07,7,7936,True,2,sealed-run04-retrospective,outer_once,784746516,9,False,0.2632405190874654,0.09214753725369905,0.2563297180175919,0.07932526031208764,0.6499492647517469,0.6905342816838602,0.0012222941721965741,1.6602633948316874,True,True,True,True,True,True,True,True,True
run-04,outer-context-07,7,7936,True,2,sealed-run04-retrospective,outer_once,784746516,10,True,0.3709340949542891,0.11536531703066456,0.3644054737548726,0.1012222076079668,0.6889870233015888,0.7222264348420389,0.022012038926951527,2.123297786150499,True,True,True,True,True,False,True,False,False
run-04,outer-context-07,7,7936,True,2,sealed-run04-retrospective,outer_once,784746516,11,False,0.36633911204677183,0.179266874865286,0.35713105531413425,0.15920751162511634,0.5106531927106971,0.5542042360749708,0.002021301894996239,2.172330784174727,True,True,True,True,True,False,True,False,False
run-04,outer-context-07,7,7936,True,2,sealed-run04-retrospective,outer_once,784746516,12,True,0.3452278184014262,0.09427784905964547,0.33680490307289584,0.07633136722789287,0.7269112046178721,0.7733662232008178,0.026535719604897354,1.654507069689849,True,True,True,True,True,True,True,True,True
run-04,outer-context-07,7,7936,True,2,sealed-run04-retrospective,outer_once,784746516,13,True,0.34239688443640237,0.10588260249495886,0.3342190573242743,0.0964286775340778,0.6907606134639763,0.7114806130264488,0.01769863783585815,1.9990926212751254,True,True,True,True,True,True,True,True,True
run-04,outer-context-07,7,7936,True,2,sealed-run04-retrospective,outer_once,784746516,14,True,0.30073965318467444,0.11921979153530383,0.28872409136173344,0.10615185499279635,0.6035780773408859,0.632341539314771,0.0388703616090746,1.9346603297645253,True,True,True,True,True,True,True,True,True
run-04,outer-context-07,7,7936,True,2,sealed-run04-retrospective,outer_once,784746516,15,True,0.3377912836878072,0.10883208800521393,0.33107492607358907,0.09936190590707694,0.6778126219923468,0.6998809088762238,0.008621760311724645,2.0457815223419744,True,True,True,True,True,False,True,False,False
run-04,outer-context-07,7,7936,True,2,sealed-run04-retrospective,outer_once,784746516,16,True,0.30853690847189985,0.08338371320960436,0.3046942188201119,0.07533034594771656,0.7297447698475317,0.7527673933577624,0.006160192766326861,1.862993007061256,True,True,True,True,True,True,True,True,True
run-04,outer-context-07,7,7936,True,2,sealed-run04-retrospective,outer_once,784746516,17,True,0.30690423612087975,0.09057529538809327,0.3000250016075371,0.08037095317767204,0.704874404690789,0.7321191475808895,0.02852215537097864,1.7143702402937304,True,True,True,True,True,True,True,True,True
run-04,outer-context-07,7,7936,True,2,sealed-run04-retrospective,outer_once,784746516,18,True,0.3444768622286657,0.10561427648053763,0.3349736917927345,0.09186230582864577,0.6934067623664365,0.7257626253064503,0.02630843483276917,1.7465289402234812,True,True,True,True,True,True,True,True,True
run-04,outer-context-07,7,7936,True,2,sealed-run04-retrospective,outer_once,784746516,19,False,0.28583816910171583,0.12516413422374684,0.27458134376697374,0.10509474202909805,0.562115393416171,0.6172546153817071,0.012261009928430384,1.5449455774544922,True,True,True,True,True,True,True,True,True
run-04,outer-context-07,7,7936,True,2,sealed-run04-retrospective,outer_once,784746516,20,True,0.334759018352931,0.07786911143346066,0.3201480058872897,0.050206967521878365,0.7673875619047117,0.8431757605900752,0.008459303891874319,1.3662183544906388,True,True,True,True,True,True,True,True,True
run-04,outer-context-07,7,7936,True,2,sealed-run04-retrospective,outer_once,784746516,21,True,0.37010964256179113,0.08278939732674268,0.3602327038782652,0.06473039053854329,0.7763111580835923,0.8203095114861702,0.0037002803485201414,1.5925219075945016,True,True,True,True,True,True,True,True,True
run-04,outer-context-07,7,7936,True,2,sealed-run04-retrospective,outer_once,784746516,22,False,0.28125215449533786,0.08423668085173414,0.2763611442411141,0.06479901710182868,0.7004940957594319,0.7655277579640715,0.007282763989045887,1.776090757805784,True,True,True,True,True,True,True,True,True
run-04,outer-context-07,7,7936,True,2,sealed-run04-retrospective,outer_once,784746516,23,True,0.30002567914797185,0.10693843705172451,0.28821820993189873,0.08996514807648559,0.6435690526377151,0.6878575156727852,0.02912696601614006,1.6691019539741176,True,True,True,True,True,True,True,True,True
run-04,outer-context-07,7,7936,True,2,sealed-run04-retrospective,outer_once,784746516,24,False,0.23504738398463448,0.08910089751474916,0.22661503201115857,0.07214829240583469,0.6209236792842848,0.6816261844347461,0.008505941250359573,1.644790996033585,True,True,True,True,True,True,True,True,True
run-04,outer-context-07,7,7936,True,2,sealed-run04-retrospective,outer_once,784746516,25,True,0.32749668272247884,0.09558769268819199,0.31776963889282256,0.07311928138045791,0.7081262262152648,0.7698984659603695,0.0005105681452721568,1.5869999762908942,True,True,True,True,True,True,True,True,True
run-04,outer-context-07,7,7936,True,2,sealed-run04-retrospective,outer_once,784746516,26,True,0.2741002182253127,0.07168854944780197,0.26223086531915246,0.03395291398558038,0.7384586195809835,0.8705228160527274,0.017448511535604352,1.1025808752540922,True,True,True,True,True,True,True,True,True
run-04,outer-context-07,7,7936,True,2,sealed-run04-retrospective,outer_once,784746516,27,False,0.2502078574070983,0.11763091981260478,0.23339960150484199,0.09500851209597368,0.5298672030862144,0.5929362711701002,0.028544521842912937,1.5910102146907334,True,True,True,True,True,True,True,True,True
run-04,outer-context-07,7,7936,True,2,sealed-run04-retrospective,outer_once,784746516,28,True,0.26548421368325464,0.08748448223120993,0.2537116471301577,0.05801709837877063,0.6704719990033517,0.7713266259746956,0.011609177457187654,1.310364819382373,True,True,True,True,True,True,True,True,True
run-04,outer-context-07,7,7936,True,2,sealed-run04-retrospective,outer_once,784746516,29,True,0.27384516317380514,0.08521596448099542,0.26296413070205327,0.061566618795889955,0.6888169814892432,0.7658744611612186,0.02438664286629121,1.2747194029300994,True,True,True,True,True,True,True,True,True
run-04,outer-context-07,7,7936,True,2,sealed-run04-retrospective,outer_once,784746516,30,False,0.2817005328251602,0.11866662991196633,0.27529700935466594,0.10859217574830043,0.5787490044059741,0.6055453853172781,0.01802969735959049,2.0743023632761135,True,True,True,True,True,False,True,False,False
run-04,outer-context-07,7,7936,True,2,sealed-run04-retrospective,outer_once,784746516,31,True,0.38000167247776284,0.07455740819469114,0.37220985243486704,0.05395769850049863,0.8037971577636829,0.8550342014121168,0.009397215889984984,1.6448018812890042,True,True,True,True,True,True,True,True,True
run-04,outer-context-07,7,7936,True,2,sealed-run04-retrospective,outer_once,784746516,32,True,0.32714771422796246,0.07177763205740428,0.3229527240811253,0.05860798158698439,0.7805956485840267,0.8185245789341534,0.023572660566556818,1.7004828221331227,True,True,True,True,True,True,True,True,True
run-04,outer-context-07,7,7936,True,2,sealed-run04-retrospective,outer_once,784746516,33,True,0.3577558139913373,0.0955837752657277,0.3491141286281365,0.08127293593219545,0.7328239778989527,0.7672023866477076,0.011939931113897292,1.6686802588845535,True,True,True,True,True,True,True,True,True
run-04,outer-context-07,7,7936,True,2,sealed-run04-retrospective,outer_once,784746516,34,True,0.36799757271673117,0.05718112810397229,0.36275400868654367,0.04079629129787971,0.8446154748200257,0.8875373109022433,0.006725340799671555,1.4017502035135525,True,True,True,True,True,True,True,True,True
run-04,outer-context-07,7,7936,True,2,sealed-run04-retrospective,outer_once,784746516,35,True,0.2126495711455377,0.07446028018083524,0.18884003603878444,0.02082832804841588,0.6498451429752731,0.8897038547263456,0.01639025538202505,1.0786839626880942,True,True,True,True,True,True,True,True,True
run-04,outer-context-07,7,7936,True,2,sealed-run04-retrospective,outer_once,784746516,36,True,0.33433836259613475,0.07404530223912756,0.32492088615293324,0.051099160806743815,0.7785318392296762,0.842733529962452,0.01535409932501339,1.4121816765366735,True,True,True,True,True,True,True,True,True
run-04,outer-context-07,7,7936,True,2,sealed-run04-retrospective,outer_once,784746516,37,True,0.37124288152704227,0.08640144858618998,0.35911374764645904,0.06331900432549449,0.7672643628053073,0.8236798096968683,0.01152228450779398,1.5751162716386038,True,True,True,True,True,True,True,True,True
run-04,outer-context-07,7,7936,True,2,sealed-run04-retrospective,outer_once,784746516,38,False,0.3404400022565272,0.08854330677874757,0.33315130999413417,0.07016831868261977,0.7399150916700186,0.7893800307017995,0.02034968952805064,1.844517203993404,True,True,True,True,True,True,True,True,True
run-04,outer-context-07,7,7936,True,2,sealed-run04-retrospective,outer_once,784746516,39,False,0.29647319147923246,0.08964166159125316,0.2903021034950568,0.07639576822818687,0.6976399075275836,0.7368404592718091,0.01508312995904684,1.8868592388327825,True,True,True,True,True,True,True,True,True
run-04,outer-context-07,7,7936,True,2,sealed-run04-retrospective,outer_once,784746516,40,True,0.3832065522334861,0.10276427890286402,0.3766052796641341,0.09436458445145753,0.7318305798689733,0.7494337186785746,0.029298597285952993,1.8687905549872537,True,True,True,True,True,True,True,True,True
run-04,outer-context-07,7,7936,True,2,sealed-run04-retrospective,outer_once,784746516,41,False,0.36509896025884275,0.07447896824086798,0.36096771686834866,0.06670383007534732,0.7960033406064347,0.8152083220791865,0.005956462562589462,1.898649730623994,True,True,True,True,True,True,True,True,True
run-04,outer-context-07,7,7936,True,2,sealed-run04-retrospective,outer_once,784746516,42,True,0.21325892686488168,0.09176695055710914,0.1893750678481775,0.06383913886518756,0.5696923364185754,0.6628957571311996,0.023670146574783685,1.4087420507024604,True,True,True,True,True,True,True,True,True
run-04,outer-context-07,7,7936,True,2,sealed-run04-retrospective,outer_once,784746516,43,True,0.33516968193452806,0.06055437688897814,0.32120949830547074,0.03359952411455786,0.8193321766471503,0.8953968537922729,0.030794865252436382,1.1390559832138665,True,True,True,True,True,True,True,True,True
run-04,outer-context-07,7,7936,True,2,sealed-run04-retrospective,outer_once,784746516,44,True,0.36388349887008925,0.062103487042643436,0.3472166296087884,0.028246370534965773,0.8293314007491855,0.9186491425632719,0.014993195704534874,1.1593189901476983,True,True,True,True,True,True,True,True,True
run-04,outer-context-07,7,7936,True,2,sealed-run04-retrospective,outer_once,784746516,45,True,0.3654808474756482,0.061632594321651885,0.3526716979344588,0.018816457037014844,0.8313657343542238,0.9466459680569215,0.004065628048301423,1.1115526141072216,True,True,True,True,True,True,True,True,True
run-04,outer-context-07,7,7936,True,2,sealed-run04-retrospective,outer_once,784746516,46,True,0.4103517159564689,0.07890232332241433,0.39908733437406185,0.05672998360708493,0.8077202549561546,0.8578507040418569,0.0033506030527516973,1.5816778909580995,True,True,True,True,True,True,True,True,True
run-04,outer-context-07,7,7936,True,2,sealed-run04-retrospective,outer_once,784746516,47,True,0.4562319681362721,0.0878653048872516,0.4479657756351577,0.07415499958745053,0.8074108983502728,0.8344628013550627,0.004866972514732769,1.867159655865703,True,True,True,True,True,True,True,True,True
run-04,outer-context-07,7,7936,True,2,sealed-run04-retrospective,outer_once,784746516,48,True,0.4174348161019122,0.06694995464461577,0.41170475047354255,0.05550422170030978,0.8396157865560723,0.8651844030546919,0.000665609561308702,1.7733193557643705,True,True,True,True,True,True,True,True,True
run-04,outer-context-07,7,7936,True,2,sealed-run04-retrospective,outer_once,784746516,49,False,0.3578669713796184,0.07968731195679635,0.3483436111617807,0.06516389903488913,0.7773270004504954,0.8129321252152227,0.014057164974128877,1.5959389559698682,True,True,True,True,True,True,True,True,True
run-04,outer-context-07,7,7936,True,2,sealed-run04-retrospective,outer_once,784746516,50,True,0.28458404916179,0.06412039678868181,0.2705160948489401,0.03000373846891602,0.7746873130186278,0.8890870486442941,0.02999387706087574,1.0351769532234303,True,True,True,True,True,True,True,True,True
run-04,outer-context-07,7,7936,True,2,sealed-run04-retrospective,outer_once,784746516,51,True,0.26067496629419457,0.06282620083332671,0.2522558074433485,0.04087522643007142,0.7589864430540605,0.8379612075363175,0.016047687222171834,1.290360484834147,True,True,True,True,True,True,True,True,True
run-04,outer-context-07,7,7936,True,2,sealed-run04-retrospective,outer_once,784746516,52,True,0.32469216476649554,0.08638029720668171,0.31805375600844105,0.06835622828607922,0.7339624832992115,0.7850796382852178,0.02062490898886896,1.6678583922252568,True,True,True,True,True,True,True,True,True
run-04,outer-context-07,7,7936,True,2,sealed-run04-retrospective,outer_once,784746516,53,True,0.3127337345101765,0.08023446860145093,0.3054548356783387,0.06375692463486513,0.7434415934465167,0.7912721712416929,0.006307585968889053,1.5950429981802625,True,True,True,True,True,True,True,True,True
run-04,outer-context-07,7,7936,True,2,sealed-run04-retrospective,outer_once,784746516,54,True,0.32075207313444926,0.06166298361415355,0.30744148615981837,0.021200198217006243,0.8077549959020643,0.9310431442359549,0.011520098200018258,1.1271561048452274,True,True,True,True,True,True,True,True,True
run-04,outer-context-07,7,7936,True,2,sealed-run04-retrospective,outer_once,784746516,55,True,0.4293399175154035,0.07385675332514062,0.41902186371711425,0.05563705819291838,0.8279760387700479,0.8672215867225499,0.00036926067396764347,1.7588751232667976,True,True,True,True,True,True,True,True,True
run-04,outer-context-07,7,7936,True,2,sealed-run04-retrospective,outer_once,784746516,56,True,0.38643684500264525,0.06181927276375354,0.378228282206868,0.048546184587924285,0.8400274881570096,0.8716484544607047,0.0005155234078802013,1.7227825487555695,True,True,True,True,True,True,True,True,True
run-04,outer-context-07,7,7936,True,2,sealed-run04-retrospective,outer_once,784746516,57,True,0.36376168618731597,0.05911685408834062,0.3504649002688671,0.03031517861161782,0.8374846600587317,0.9135001006138965,0.030315178611617855,1.0341004291172218,True,True,True,True,True,True,True,True,True
run-04,outer-context-07,7,7936,True,2,sealed-run04-retrospective,outer_once,784746516,58,True,0.28356479438690796,0.07449143524908046,0.2735968934422115,0.03470780384918655,0.7373036543195092,0.8731425513918804,0.03470780384918632,1.0726158270740274,True,True,True,True,True,True,True,True,True
run-04,outer-context-07,7,7936,True,2,sealed-run04-retrospective,outer_once,784746516,59,True,0.2970602950054551,0.06598211813698894,0.2842802818705115,0.019913941118377115,0.777883078801301,0.9299496222975893,0.012802559540288408,1.0491252889093858,True,True,True,True,True,True,True,True,True
run-04,outer-context-07,7,7936,True,2,sealed-run04-retrospective,outer_once,784746516,60,True,0.2848449457985027,0.07950764198940272,0.27187823380127285,0.03853011525219212,0.7208739591059978,0.8582817215137737,0.0314246438409413,1.1328700775121483,True,True,True,True,True,True,True,True,True
run-04,outer-context-07,7,7936,True,2,sealed-run04-retrospective,outer_once,784746516,61,True,0.3451795604217814,0.08410292378540184,0.3392975171388288,0.06710554902886745,0.7563502204978912,0.8022221040850995,0.03709595220230226,1.5072645619449674,True,True,True,True,True,True,True,True,True
run-04,outer-context-07,7,7936,True,2,sealed-run04-retrospective,outer_once,784746516,62,False,0.2887835042917606,0.1032385387897071,0.28208093611645657,0.09054774319815348,0.6425054158030984,0.6790008412310039,0.02040369910143922,1.6707660706357497,True,True,True,True,True,True,True,True,True
run-04,outer-context-07,7,7936,True,2,sealed-run04-retrospective,outer_once,784746516,63,True,0.31429548909548893,0.07480924032257757,0.30660734550766466,0.04440348947798418,0.7619780018546525,0.855177998412063,0.035971915416685936,1.2599012439246264,True,True,True,True,True,True,True,True,True
run-04,outer-context-07,7,7936,True,2,sealed-run04-retrospective,outer_once,784746516,64,False,0.28842906544470454,0.06905701786652305,0.2810949143223036,0.04994147620213859,0.760575385285634,0.8223323380910561,0.0018260581396801754,1.6817332529413853,True,True,True,True,True,True,True,True,True
run-04,outer-context-07,7,7936,True,2,sealed-run04-retrospective,outer_once,784746516,65,True,0.31389254641579006,0.05908802647636869,0.3085164814025409,0.042566717923295444,0.8117571533600573,0.8620277343700289,0.002437913139546752,1.5475317303072709,True,True,True,True,True,True,True,True,True
run-04,outer-context-07,7,7936,True,2,sealed-run04-retrospective,outer_once,784746516,66,True,0.31808263956529037,0.07259997866731079,0.2962016718680089,0.039695190840787584,0.7717574943211928,0.8659859325220951,0.02220436255086896,1.185194183278053,True,True,True,True,True,True,True,True,True
run-04,outer-context-07,7,7936,True,2,sealed-run04-retrospective,outer_once,784746516,67,True,0.3372776822603658,0.08865846211454263,0.3189359715088054,0.06447460511924115,0.7371351062413266,0.7978446745463421,0.018752031730322402,1.4161246463427946,True,True,True,True,True,True,True,True,True
run-04,outer-context-07,7,7936,True,2,sealed-run04-retrospective,outer_once,784746516,68,True,0.3693831660311844,0.08418793405366957,0.3573339274850464,0.06186448316520226,0.7720850818454401,0.8268720700533224,0.022668395025695762,1.4887528694611918,True,True,True,True,True,True,True,True,True
run-04,outer-context-07,7,7936,True,2,sealed-run04-retrospective,outer_once,784746516,69,True,0.38004990487358364,0.07611636630137766,0.3637110308705364,0.04658686166727911,0.7997200753761632,0.8719124312623288,0.006393161105113195,1.3155015820909552,True,True,True,True,True,True,True,True,True
run-04,outer-context-07,7,7936,True,2,sealed-run04-retrospective,outer_once,784746516,70,True,0.3596808434977568,0.1543194404675921,0.35491499989812697,0.147893132804522,0.5709545191039496,0.5832998525084245,0.0404747072603996,2.879495742274141,True,True,True,True,True,False,True,False,False
run-04,outer-context-07,7,7936,True,2,sealed-run04-retrospective,outer_once,784746516,71,True,0.37418428959089467,0.14037235494804037,0.36815816935529794,0.12946179182110984,0.6248577001949679,0.6483527934533749,0.034219717702581955,2.2930233625343517,True,True,True,True,True,False,True,False,False
run-04,outer-context-07,7,7936,True,2,sealed-run04-retrospective,outer_once,784746516,72,True,0.3357444813430025,0.12584189281879732,0.3324201809010953,0.11993865243307324,0.6251855210980072,0.6391956345491597,0.012598734503748606,2.5275764533556195,True,True,True,True,True,False,True,False,False
run-04,outer-context-07,7,7936,True,2,sealed-run04-retrospective,outer_once,784746516,73,True,0.40107269752342345,0.18635061124229188,0.396573943744575,0.17946816540772145,0.5353694918826813,0.5474534617349617,0.04317712156606114,2.8558073374125144,True,True,True,True,True,False,True,False,False
run-04,outer-context-07,7,7936,True,2,sealed-run04-retrospective,outer_once,784746516,74,True,0.4259320712078655,0.18822437629510366,0.4211888994411514,0.18249914284558502,0.5580882750591339,0.5667047657530114,0.056986167133955885,2.990994519741891,True,True,True,True,True,False,True,False,False
run-04,outer-context-07,7,7936,True,2,sealed-run04-retrospective,outer_once,784746516,75,True,0.36641471190008723,0.13173417002770954,0.36087524555896217,0.1218672557926651,0.6404779454826302,0.6623008718597363,0.0434354376467074,2.1541595163849685,True,True,True,True,True,False,True,False,False
run-04,outer-context-07,7,7936,True,2,sealed-run04-retrospective,outer_once,784746516,76,True,0.37762249803744224,0.07904355545218578,0.36530537497997356,0.06406985174157732,0.7906810217532421,0.8246128961417836,0.018766854423160437,1.5099293495813282,True,True,True,True,True,True,True,True,True
run-04,outer-context-07,7,7936,True,2,sealed-run04-retrospective,outer_once,784746516,77,True,0.4061599009236727,0.08847031708826372,0.3927595494051874,0.07348114169935437,0.7821786028431955,0.8129106171686022,0.023702642326312987,1.5667193271514452,True,True,True,True,True,True,True,True,True
run-04,outer-context-07,7,7936,True,2,sealed-run04-retrospective,outer_once,784746516,78,True,0.4079387322407708,0.0789821341333452,0.3952164474241815,0.061616051982571224,0.8063872638435104,0.8440954257239213,0.004651230514386277,1.5375483788418014,True,True,True,True,True,True,True,True,True
run-04,outer-context-07,7,7936,True,2,sealed-run04-retrospective,outer_once,784746516,79,True,0.34219538829448326,0.07482033123412568,0.3261894471501441,0.05079389485211991,0.7813520176089062,0.8442809989841895,0.004876385278086805,1.3647521625662826,True,True,True,True,True,True,True,True,True
run-04,outer-context-07,7,7936,True,2,sealed-run04-retrospective,outer_once,784746516,80,True,0.33380754225572684,0.08974320380607892,0.32928767491302824,0.08068057235813263,0.731152857722647,0.7549845363041843,0.007464032943508671,1.785547503594724,True,True,True,True,True,True,True,True,True
run-04,outer-context-07,7,7936,True,2,sealed-run04-retrospective,outer_once,784746516,81,False,0.23396695762534325,0.09090098045126842,0.22751043410382957,0.07757484076272789,0.6114794098539748,0.6590273273913897,0.0038870269172614188,1.7498651064383481,True,True,True,True,True,True,True,True,True
run-04,outer-context-07,7,7936,True,2,sealed-run04-retrospective,outer_once,784746516,82,True,0.45061300616115674,0.2275282991536979,0.44416773379244173,0.22181272803886226,0.4950693920443012,0.5006104424899205,0.06267401987567732,3.4770339016224496,True,True,True,True,True,False,True,False,False
run-04,outer-context-07,7,7936,True,2,sealed-run04-retrospective,outer_once,784746516,83,True,0.47535766015598807,0.24213548142126332,0.46892299671805643,0.23679009456615963,0.4906246354759344,0.495034160782412,0.06421294595437375,3.714305461664808,True,True,True,True,True,False,True,False,False
run-04,outer-context-07,7,7936,True,2,sealed-run04-retrospective,outer_once,784746516,84,True,0.47942750669558454,0.2455291514814409,0.4724455552226178,0.23976350706428118,0.48787011998178664,0.49250552912641143,0.06618922094160194,3.6703908493237027,True,True,True,True,True,False,True,False,False
run-04,outer-context-07,7,7936,True,2,sealed-run04-retrospective,outer_once,784746516,85,True,0.46222743270984135,0.22896564567709657,0.45489786296435974,0.22291913421661827,0.5046472159067472,0.5099578336904971,0.06138257368581959,3.432355702985694,True,True,True,True,True,False,True,False,False
run-04,outer-context-07,7,7936,True,2,sealed-run04-retrospective,outer_once,784746516,86,True,0.4119993347762408,0.1824603018779866,0.4031165545723317,0.17496125032794133,0.5571344745566595,0.5659785033796031,0.04725407950854816,2.740508548343182,True,True,True,True,True,False,True,False,False
run-04,outer-context-07,7,7936,True,2,sealed-run04-retrospective,outer_once,784746516,87,True,0.3961706244316445,0.16398389000806202,0.38250599212996683,0.14940479531315315,0.5860776143023803,0.6094053468778371,0.02092353677486754,2.06942967009114,True,True,True,True,True,False,True,False,False
run-04,outer-context-07,7,7936,True,2,sealed-run04-retrospective,outer_once,784746516,88,True,0.37412524621876053,0.1299244773220349,0.3628294526376099,0.11648750957821284,0.6527246459971194,0.6789469302136304,0.02487626567376891,2.01107154941107,True,True,True,True,True,False,True,False,False
run-04,outer-context-07,7,7936,True,2,sealed-run04-retrospective,outer_once,784746516,89,True,0.36141785477085225,0.11717242052787605,0.35031664573493154,0.10340184393736716,0.6757979192750003,0.704833198204328,0.04754796570863128,1.872746812616649,True,True,True,True,True,True,True,True,True
run-04,outer-context-07,7,7936,True,2,sealed-run04-retrospective,outer_once,784746516,90,False,0.15117165115210351,0.0793328554733426,0.12582445483501717,0.027731478109943843,0.475213408937892,0.7796018417381124,0.022582212056265313,1.0620768582607203,True,True,True,True,True,True,True,True,True
run-04,outer-context-07,7,7936,True,2,sealed-run04-retrospective,outer_once,784746516,91,True,0.3174154189154175,0.07982295109279294,0.30630745118531943,0.050254867980446656,0.7485221374388761,0.8359332501185487,0.013304664075644972,1.3979384722830108,True,True,True,True,True,True,True,True,True
run-04,outer-context-07,7,7936,True,2,sealed-run04-retrospective,outer_once,784746516,92,False,0.3088005378905674,0.12682183551893195,0.2980901755904474,0.1079710920793505,0.5893082428377278,0.6377905046166488,0.009058096259653798,1.7939228735740773,True,True,True,True,True,True,True,True,True
run-04,outer-context-07,7,7936,True,2,sealed-run04-retrospective,outer_once,784746516,93,False,0.23989982768620582,0.1012934425923755,0.23428535526564737,0.09201197836788036,0.5777677559449125,0.6072653441630979,0.0018796779210505177,2.073888496164096,True,True,True,True,True,False,True,False,False
run-04,outer-context-07,7,7936,True,2,sealed-run04-retrospective,outer_once,784746516,94,False,0.3724670595391589,0.1210555091482475,0.3674691571436735,0.11238817239321346,0.6749900265058997,0.6941561755364632,0.014715561901170598,2.275651848923037,True,True,True,True,True,False,True,False,False
run-04,outer-context-07,7,7936,True,2,sealed-run04-retrospective,outer_once,784746516,95,False,0.3517896909640568,0.11082306906652824,0.3450991091752158,0.10046591585975442,0.6849735170953282,0.7088780782428932,0.015023792721894353,2.0545503547059187,True,True,True,True,True,False,True,False,False
