run,window_id,context_index,boundary_sample,predeclared_before_open,crn_bank,fold_id,stage,noise_seed,channel_index,direct_actuated,time_w1_free,time_w1_controlled,occupation_w1_free,occupation_w1_controlled,relative_time_w1_reduction,relative_occupation_w1_reduction,mean_absolute_error,symmetric_sd_ratio,both_time_and_occupation_improved,gate_time_w1_relative_reduction_pass,gate_occupation_w1_relative_reduction_pass,gate_time_w1_absolute_pass,gate_occupation_w1_absolute_pass,gate_mean_error_pass,gate_sd_ratio_pass,gate_b_pass,gate_c_trajectory_pass,trajectory_total_energy,trajectory_maximum_per_actuator_rms,trajectory_control_peak,trajectory_saturation_fraction,trajectory_finite,hard_projection_or_rescaling_applied
run-03,outer-context-00,0,512,True,0,sealed-run03-retrospective,outer_once_8contexts_x_3banks,1870171439,0,False,0.2730531149859111,0.24173688730863435,0.1934217090527081,0.19012089653477307,0.11468914272921811,0.01706536734734134,0.0037888066828521668,1.408674331613134,True,True,False,True,True,True,True,False,True,1.3809449676411654,0.32013294445454515,1.0117855532235356,0.0,True,False
run-03,outer-context-00,0,512,True,0,sealed-run03-retrospective,outer_once_8contexts_x_3banks,1870171439,1,True,0.25299688679288573,0.24591328033499013,0.16941295648763674,0.2022268654117403,0.027998789027370727,-0.1936918498113703,0.045089235716783076,1.437766128717713,False,False,False,True,True,True,True,False,True,1.3809449676411654,0.32013294445454515,1.0117855532235356,0.0,True,False
run-03,outer-context-00,0,512,True,0,sealed-run03-retrospective,outer_once_8contexts_x_3banks,1870171439,2,False,0.24467968514347088,0.2695403577671901,0.19289675472971288,0.23493122690510979,-0.10160497226871067,-0.21791176442701513,0.04109908298003095,1.6771822813122066,False,False,False,True,True,True,True,False,True,1.3809449676411654,0.32013294445454515,1.0117855532235356,0.0,True,False
run-03,outer-context-00,0,512,True,0,sealed-run03-retrospective,outer_once_8contexts_x_3banks,1870171439,3,False,0.27844795415799156,0.19853126630890372,0.2586161749028174,0.1728405711113533,0.28700763160839404,0.3316714579963793,0.047983548406881515,1.7884639886729037,True,True,True,True,True,True,True,True,True,1.3809449676411654,0.32013294445454515,1.0117855532235356,0.0,True,False
run-03,outer-context-00,0,512,True,0,sealed-run03-retrospective,outer_once_8contexts_x_3banks,1870171439,4,False,0.235311363803699,0.19179669219866782,0.2071979851516036,0.150955089368701,0.18492380011588347,0.2714451867944108,0.06202179945612065,1.5434581065695057,True,True,True,True,True,True,True,True,True,1.3809449676411654,0.32013294445454515,1.0117855532235356,0.0,True,False
run-03,outer-context-00,0,512,True,0,sealed-run03-retrospective,outer_once_8contexts_x_3banks,1870171439,5,False,0.21349423648939259,0.21728421432158718,0.169720750270597,0.1685270987241083,-0.017752131835104108,0.007033032464124675,0.036159210377387944,1.498158345994973,False,False,False,True,True,True,True,False,True,1.3809449676411654,0.32013294445454515,1.0117855532235356,0.0,True,False
run-03,outer-context-00,0,512,True,0,sealed-run03-retrospective,outer_once_8contexts_x_3banks,1870171439,6,False,0.19966930783739703,0.23461265538840495,0.09118535676448554,0.14632950181510715,-0.1750061034891974,-0.6047478126674272,0.007871389165930017,1.3238284497752355,False,False,False,True,True,True,True,False,True,1.3809449676411654,0.32013294445454515,1.0117855532235356,0.0,True,False
run-03,outer-context-00,0,512,True,0,sealed-run03-retrospective,outer_once_8contexts_x_3banks,1870171439,7,False,0.21411357573234358,0.26847018318424376,0.06588749789467861,0.1844326540367476,-0.2538681037201005,-1.7992056145699116,0.032364952938263594,1.3795655170978078,False,False,False,True,True,True,True,False,True,1.3809449676411654,0.32013294445454515,1.0117855532235356,0.0,True,False
run-03,outer-context-00,0,512,True,0,sealed-run03-retrospective,outer_once_8contexts_x_3banks,1870171439,8,False,0.2649064144719177,0.2083626718995913,0.20771840819331774,0.16222831414700428,0.21344799326601632,0.2189988573568169,0.00572231383561633,1.4568480101592425,True,True,True,True,True,True,True,True,True,1.3809449676411654,0.32013294445454515,1.0117855532235356,0.0,True,False
run-03,outer-context-00,0,512,True,0,sealed-run03-retrospective,outer_once_8contexts_x_3banks,1870171439,9,False,0.2643095593289146,0.25415807243929533,0.22397085066105615,0.2199229436118802,0.03840756617125015,0.018073365517112826,0.02515327162739185,1.7401652130975822,True,False,False,True,True,True,True,False,True,1.3809449676411654,0.32013294445454515,1.0117855532235356,0.0,True,False
run-03,outer-context-00,0,512,True,0,sealed-run03-retrospective,outer_once_8contexts_x_3banks,1870171439,10,False,0.2902698766556398,0.21174514886276316,0.2630640715183008,0.18107930501044997,0.2705231720824895,0.31165322590298056,0.008403686462147234,1.8162765480604057,True,True,True,True,True,True,True,True,True,1.3809449676411654,0.32013294445454515,1.0117855532235356,0.0,True,False
run-03,outer-context-00,0,512,True,0,sealed-run03-retrospective,outer_once_8contexts_x_3banks,1870171439,11,False,0.3497025114074704,0.1685668867097962,0.3358583381635644,0.1429696278602802,0.5179706144192271,0.5743156813017595,0.026666362080024014,1.88374868786333,True,True,True,True,True,True,True,True,True,1.3809449676411654,0.32013294445454515,1.0117855532235356,0.0,True,False
run-03,outer-context-00,0,512,True,0,sealed-run03-retrospective,outer_once_8contexts_x_3banks,1870171439,12,False,0.2952983139470718,0.208456529735141,0.26548601853590986,0.17886253082517872,0.29408154435821127,0.3262826727691288,0.0014301807218078818,1.8003643504585012,True,True,True,True,True,True,True,True,True,1.3809449676411654,0.32013294445454515,1.0117855532235356,0.0,True,False
run-03,outer-context-00,0,512,True,0,sealed-run03-retrospective,outer_once_8contexts_x_3banks,1870171439,13,True,0.2601244903173464,0.3021352444242861,0.2179975724184323,0.27705257497955743,-0.1615024946543381,-0.27089752379339743,0.035868982465912795,2.034989263787631,False,False,False,True,False,True,False,False,True,1.3809449676411654,0.32013294445454515,1.0117855532235356,0.0,True,False
run-03,outer-context-00,0,512,True,0,sealed-run03-retrospective,outer_once_8contexts_x_3banks,1870171439,14,False,0.20115933480774364,0.26378142166350976,0.15674388398054315,0.22137173149645253,-0.31130589547642246,-0.41231495529313117,0.03547025907773438,1.6945999052898957,False,False,False,True,True,True,True,False,True,1.3809449676411654,0.32013294445454515,1.0117855532235356,0.0,True,False
run-03,outer-context-00,0,512,True,0,sealed-run03-retrospective,outer_once_8contexts_x_3banks,1870171439,15,False,0.20123384265419358,0.2536627973958673,0.11569837816861323,0.1804987310225932,-0.2605374625369015,-0.5600800450248583,0.007313933209992921,1.4964235906659278,False,False,False,True,True,True,True,False,True,1.3809449676411654,0.32013294445454515,1.0117855532235356,0.0,True,False
run-03,outer-context-00,0,512,True,0,sealed-run03-retrospective,outer_once_8contexts_x_3banks,1870171439,16,False,0.2835950161192122,0.15556184008453944,0.2542784641333409,0.11343319210313006,0.45146483103515694,0.5539016939962051,0.024465634155760838,1.4472303568118667,True,True,True,True,True,True,True,True,True,1.3809449676411654,0.32013294445454515,1.0117855532235356,0.0,True,False
run-03,outer-context-00,0,512,True,0,sealed-run03-retrospective,outer_once_8contexts_x_3banks,1870171439,17,False,0.3280573250146178,0.10869391366862569,0.30925458239353754,0.07378177887998237,0.6686740231641454,0.7614205800640573,0.00886745188816111,1.4069490965174878,True,True,True,True,True,True,True,True,True,1.3809449676411654,0.32013294445454515,1.0117855532235356,0.0,True,False
run-03,outer-context-00,0,512,True,0,sealed-run03-retrospective,outer_once_8contexts_x_3banks,1870171439,18,False,0.3733536276771404,0.10774324084576296,0.35291570389391175,0.07138394488253225,0.7114177207381134,0.7977308912725781,0.005083384615439914,1.4467196537642708,True,True,True,True,True,True,True,True,True,1.3809449676411654,0.32013294445454515,1.0117855532235356,0.0,True,False
run-03,outer-context-00,0,512,True,0,sealed-run03-retrospective,outer_once_8contexts_x_3banks,1870171439,19,False,0.3803629981375896,0.13721207399766344,0.36019746007716985,0.11132862082187435,0.6392601944208322,0.6909233596538328,0.000985540886484526,1.6786996941484895,True,True,True,True,True,True,True,True,True,1.3809449676411654,0.32013294445454515,1.0117855532235356,0.0,True,False
run-03,outer-context-00,0,512,True,0,sealed-run03-retrospective,outer_once_8contexts_x_3banks,1870171439,20,True,0.3315463573044361,0.15583363828171043,0.2993378992868615,0.12080303842615923,0.5299793381876334,0.5964325308824617,0.03811866893249626,1.5239154284807126,True,True,True,True,True,True,True,True,True,1.3809449676411654,0.32013294445454515,1.0117855532235356,0.0,True,False
run-03,outer-context-00,0,512,True,0,sealed-run03-retrospective,outer_once_8contexts_x_3banks,1870171439,21,True,0.23263320799851966,0.2433046606459158,0.1764948175745312,0.20895421172832146,-0.04587243901766613,-0.18391131592338755,0.07231385411050904,1.5866349085258213,False,False,False,True,True,True,True,False,True,1.3809449676411654,0.32013294445454515,1.0117855532235356,0.0,True,False
run-03,outer-context-00,0,512,True,0,sealed-run03-retrospective,outer_once_8contexts_x_3banks,1870171439,22,False,0.16533446849167535,0.2842114130059639,0.0834884889467935,0.24192793414620448,-0.7190088406778533,-1.8977400022221396,0.013831837170169285,1.6629438473829314,False,False,False,True,True,True,True,False,True,1.3809449676411654,0.32013294445454515,1.0117855532235356,0.0,True,False
run-03,outer-context-00,0,512,True,0,sealed-run03-retrospective,outer_once_8contexts_x_3banks,1870171439,23,False,0.16781723682817148,0.25765715542699547,0.05329658437289948,0.199213607650893,-0.5353438079236837,-2.7378306695426833,0.010533535380357534,1.4978540953391348,False,False,False,True,True,True,True,False,True,1.3809449676411654,0.32013294445454515,1.0117855532235356,0.0,True,False
run-03,outer-context-00,0,512,True,0,sealed-run03-retrospective,outer_once_8contexts_x_3banks,1870171439,24,False,0.3092794716740689,0.11797024174920058,0.2943731873603703,0.08141234420045788,0.6185642677457677,0.7234383167486199,0.016141534836517573,1.4758702046581098,True,True,True,True,True,True,True,True,True,1.3809449676411654,0.32013294445454515,1.0117855532235356,0.0,True,False
run-03,outer-context-00,0,512,True,0,sealed-run03-retrospective,outer_once_8contexts_x_3banks,1870171439,25,False,0.3598108603963923,0.07331652634571884,0.3418204876733462,0.04224339428734898,0.7962359272175711,0.8764164354954698,0.009323929848561282,1.2665859751871598,True,True,True,True,True,True,True,True,True,1.3809449676411654,0.32013294445454515,1.0117855532235356,0.0,True,False
run-03,outer-context-00,0,512,True,0,sealed-run03-retrospective,outer_once_8contexts_x_3banks,1870171439,26,True,0.35596100050519075,0.0753123505229285,0.336174831663883,0.03491140079418317,0.788425275757617,0.8961510574084602,0.001471594930543928,1.144960527057799,True,True,True,True,True,True,True,True,True,1.3809449676411654,0.32013294445454515,1.0117855532235356,0.0,True,False
run-03,outer-context-00,0,512,True,0,sealed-run03-retrospective,outer_once_8contexts_x_3banks,1870171439,27,True,0.34112873696934537,0.10464063631502478,0.31968679626778157,0.06262242908707355,0.6932517698606316,0.804113182595697,0.006333078500036766,1.260385080846696,True,True,True,True,True,True,True,True,True,1.3809449676411654,0.32013294445454515,1.0117855532235356,0.0,True,False
run-03,outer-context-00,0,512,True,0,sealed-run03-retrospective,outer_once_8contexts_x_3banks,1870171439,28,True,0.2997266456298954,0.16639497101973283,0.2669198666984379,0.13356786525155653,0.4448442490988989,0.49959563930676054,0.04601779316465561,1.4542430658401986,True,True,True,True,True,True,True,True,True,1.3809449676411654,0.32013294445454515,1.0117855532235356,0.0,True,False
run-03,outer-context-00,0,512,True,0,sealed-run03-retrospective,outer_once_8contexts_x_3banks,1870171439,29,False,0.20772587684409638,0.20715641697968698,0.14372479104128136,0.1598425476411161,0.0027414007010633243,-0.1121431903505452,0.022529699847669445,1.388474343220084,False,False,False,True,True,True,True,False,True,1.3809449676411654,0.32013294445454515,1.0117855532235356,0.0,True,False
run-03,outer-context-00,0,512,True,0,sealed-run03-retrospective,outer_once_8contexts_x_3banks,1870171439,30,False,0.1719040751151193,0.2792228349134829,0.05233133564706434,0.23178170260128597,-0.6242944486714189,-3.429118801103796,0.011089700915408921,1.5115463158697882,False,False,False,True,True,True,True,False,True,1.3809449676411654,0.32013294445454515,1.0117855532235356,0.0,True,False
run-03,outer-context-00,0,512,True,0,sealed-run03-retrospective,outer_once_8contexts_x_3banks,1870171439,31,False,0.17441079598372627,0.3099259133401629,0.028302780805489286,0.2524370555332747,-0.776988125030294,-7.919160886279941,0.0317016768528466,1.5007838084691139,False,False,False,True,False,True,True,False,True,1.3809449676411654,0.32013294445454515,1.0117855532235356,0.0,True,False
run-03,outer-context-00,0,512,True,0,sealed-run03-retrospective,outer_once_8contexts_x_3banks,1870171439,32,False,0.22118358380463765,0.1867789357389018,0.1787038787811806,0.14136900182907072,0.1555479275357255,0.2089203502842023,0.053280297179771015,1.4205432753794158,True,True,True,True,True,True,True,True,True,1.3809449676411654,0.32013294445454515,1.0117855532235356,0.0,True,False
run-03,outer-context-00,0,512,True,0,sealed-run03-retrospective,outer_once_8contexts_x_3banks,1870171439,33,False,0.26239412715210486,0.12620515680276972,0.2319385665440625,0.06447040495257274,0.5190244607509412,0.7220367189760786,0.01354124290959172,1.187648568781064,True,True,True,True,True,True,True,True,True,1.3809449676411654,0.32013294445454515,1.0117855532235356,0.0,True,False
run-03,outer-context-00,0,512,True,0,sealed-run03-retrospective,outer_once_8contexts_x_3banks,1870171439,34,True,0.3020857573544308,0.10531626342217688,0.2788048788421907,0.04058591443242351,0.6513696496501438,0.8544289662327036,0.011203471231175067,1.1186958072337008,True,True,True,True,True,True,True,True,True,1.3809449676411654,0.32013294445454515,1.0117855532235356,0.0,True,False
run-03,outer-context-00,0,512,True,0,sealed-run03-retrospective,outer_once_8contexts_x_3banks,1870171439,35,True,0.30260245257841994,0.12569824574953864,0.2744659659142164,0.0768170417840037,0.5846092961954308,0.7201217953266648,0.02298438830059378,1.2691996611563097,True,True,True,True,True,True,True,True,True,1.3809449676411654,0.32013294445454515,1.0117855532235356,0.0,True,False
run-03,outer-context-00,0,512,True,0,sealed-run03-retrospective,outer_once_8contexts_x_3banks,1870171439,36,True,0.2647731014084,0.18122170608753763,0.2204165597451437,0.13397148068660106,0.31555847205184295,0.3921895848410602,0.07852341961838381,1.3957835549929862,True,True,True,True,True,True,True,True,True,1.3809449676411654,0.32013294445454515,1.0117855532235356,0.0,True,False
run-03,outer-context-00,0,512,True,0,sealed-run03-retrospective,outer_once_8contexts_x_3banks,1870171439,37,True,0.21787982620989957,0.2116518130096986,0.13968030673817325,0.15473769972757973,0.028584625334706622,-0.10779896852339485,0.07096271180790975,1.334644153364449,False,False,False,True,True,True,True,False,True,1.3809449676411654,0.32013294445454515,1.0117855532235356,0.0,True,False
run-03,outer-context-00,0,512,True,0,sealed-run03-retrospective,outer_once_8contexts_x_3banks,1870171439,38,True,0.188911973529569,0.19664428157901384,0.0715728191102949,0.10594972150963507,-0.040930746235809924,-0.4803066698597522,0.023221866796201758,1.2164079541646728,False,False,False,True,True,True,True,False,True,1.3809449676411654,0.32013294445454515,1.0117855532235356,0.0,True,False
run-03,outer-context-00,0,512,True,0,sealed-run03-retrospective,outer_once_8contexts_x_3banks,1870171439,39,False,0.1878763190712254,0.25903906460900905,0.02791507274193872,0.18243971088796146,-0.37877442931381516,-5.535526974066229,0.036910403000119774,1.3217182893797559,False,False,False,True,True,True,True,False,True,1.3809449676411654,0.32013294445454515,1.0117855532235356,0.0,True,False
run-03,outer-context-00,0,512,True,0,sealed-run03-retrospective,outer_once_8contexts_x_3banks,1870171439,40,False,0.20689240882415466,0.181492438534666,0.16094696699316102,0.15132770035983387,0.12276898139398146,0.059766684722526636,0.022632175476000244,1.5128349655798914,True,True,False,True,True,True,True,False,True,1.3809449676411654,0.32013294445454515,1.0117855532235356,0.0,True,False
run-03,outer-context-00,0,512,True,0,sealed-run03-retrospective,outer_once_8contexts_x_3banks,1870171439,41,True,0.2093244269844,0.15897703192263318,0.12362133914912606,0.06919808942567153,0.24052326709829708,0.44024154808582877,0.04364831162420479,1.1153036995772447,True,True,True,True,True,True,True,True,True,1.3809449676411654,0.32013294445454515,1.0117855532235356,0.0,True,False
run-03,outer-context-00,0,512,True,0,sealed-run03-retrospective,outer_once_8contexts_x_3banks,1870171439,42,True,0.2165378196191663,0.16776546393066527,0.15037810793455095,0.0923532383437339,0.22523712381642574,0.38585981954282333,0.002308145478286244,1.206989500204926,True,True,True,True,True,True,True,True,True,1.3809449676411654,0.32013294445454515,1.0117855532235356,0.0,True,False
run-03,outer-context-00,0,512,True,0,sealed-run03-retrospective,outer_once_8contexts_x_3banks,1870171439,43,True,0.21872012183029196,0.17056709084689878,0.16192319273534359,0.10492033892680178,0.22015821215002707,0.3520363750590719,0.010857661530188885,1.242284536412364,True,True,True,True,True,True,True,True,True,1.3809449676411654,0.32013294445454515,1.0117855532235356,0.0,True,False
run-03,outer-context-00,0,512,True,0,sealed-run03-retrospective,outer_once_8contexts_x_3banks,1870171439,44,True,0.21610895950886636,0.18698449288527705,0.14806059653232254,0.12632101680058208,0.13476751121183575,0.1468289351852947,0.05784122152167628,1.2851693555193069,True,True,True,True,True,True,True,True,True,1.3809449676411654,0.32013294445454515,1.0117855532235356,0.0,True,False
run-03,outer-context-00,0,512,True,0,sealed-run03-retrospective,outer_once_8contexts_x_3banks,1870171439,45,True,0.21534718501240327,0.205020630237882,0.12202476833365508,0.1378825277618118,0.047953052063004646,-0.12995525125519192,0.0036048457855610483,1.330550493287419,False,False,False,True,True,True,True,False,True,1.3809449676411654,0.32013294445454515,1.0117855532235356,0.0,True,False
run-03,outer-context-00,0,512,True,0,sealed-run03-retrospective,outer_once_8contexts_x_3banks,1870171439,46,True,0.21123713508707317,0.251384593600576,0.09882474888886236,0.19027606194832852,-0.19005871527728224,-0.9253887724249286,0.03395372906810261,1.4536616454352,False,False,False,True,True,True,True,False,True,1.3809449676411654,0.32013294445454515,1.0117855532235356,0.0,True,False
run-03,outer-context-00,0,512,True,0,sealed-run03-retrospective,outer_once_8contexts_x_3banks,1870171439,47,False,0.1903812592995578,0.30471191736269665,0.04474412499441306,0.2542404192431771,-0.6005352548028051,-4.682096124908524,0.041439164629618865,1.5597396134667953,False,False,False,True,False,True,True,False,True,1.3809449676411654,0.32013294445454515,1.0117855532235356,0.0,True,False
run-03,outer-context-00,0,512,True,0,sealed-run03-retrospective,outer_once_8contexts_x_3banks,1870171439,48,False,0.1908035259009588,0.22150151146982788,0.03129543493146035,0.13572283020481987,-0.1608879365510447,-3.3368251792015147,0.03370520764216795,1.2429236685740443,False,False,False,True,True,True,True,False,True,1.3809449676411654,0.32013294445454515,1.0117855532235356,0.0,True,False
run-03,outer-context-00,0,512,True,0,sealed-run03-retrospective,outer_once_8contexts_x_3banks,1870171439,49,True,0.19956523367514645,0.22800531611744884,0.06196389761514596,0.15139473797353495,-0.14251020540279746,-1.4432733220534086,0.018442231907606067,1.2859328873150933,False,False,False,True,True,True,True,False,True,1.3809449676411654,0.32013294445454515,1.0117855532235356,0.0,True,False
run-03,outer-context-00,0,512,True,0,sealed-run03-retrospective,outer_once_8contexts_x_3banks,1870171439,50,True,0.19592112561023056,0.214392465365486,0.06536986849790428,0.11755947400693965,-0.0942794693411608,-0.7983740323832613,0.0022425733114618883,1.209460298243214,False,False,False,True,True,True,True,False,True,1.3809449676411654,0.32013294445454515,1.0117855532235356,0.0,True,False
run-03,outer-context-00,0,512,True,0,sealed-run03-retrospective,outer_once_8contexts_x_3banks,1870171439,51,True,0.1907443492890386,0.19967044050836905,0.06261394641951716,0.0892306836850781,-0.04679609777485236,-0.4250927914242494,0.08118386460914878,1.0538228963398661,False,False,False,True,True,True,True,False,True,1.3809449676411654,0.32013294445454515,1.0117855532235356,0.0,True,False
run-03,outer-context-00,0,512,True,0,sealed-run03-retrospective,outer_once_8contexts_x_3banks,1870171439,52,True,0.19401725483858517,0.16861910847722678,0.07090786347392146,0.0433362408053111,0.13090663705395003,0.3888373068630205,0.02124886934314208,1.0567637739910924,True,True,True,True,True,True,True,True,True,1.3809449676411654,0.32013294445454515,1.0117855532235356,0.0,True,False
run-03,outer-context-00,0,512,True,0,sealed-run03-retrospective,outer_once_8contexts_x_3banks,1870171439,53,True,0.20603730475191795,0.18964364429770397,0.061928864730366615,0.06214125754275867,0.07956646721792925,-0.003429625479439946,0.020554706099321075,1.0656466279152825,False,False,False,True,True,True,True,False,True,1.3809449676411654,0.32013294445454515,1.0117855532235356,0.0,True,False
run-03,outer-context-00,0,512,True,0,sealed-run03-retrospective,outer_once_8contexts_x_3banks,1870171439,54,False,0.18100409901737574,0.19427138898194787,0.03132283588157853,0.08490275378904064,-0.07329828460569017,-1.710570463990884,0.015539905798112295,1.1777275822387667,False,False,False,True,True,True,True,False,True,1.3809449676411654,0.32013294445454515,1.0117855532235356,0.0,True,False
run-03,outer-context-00,0,512,True,0,sealed-run03-retrospective,outer_once_8contexts_x_3banks,1870171439,55,False,0.20099949181490814,0.1927293129131958,0.06081549592664815,0.02881172467033885,0.04114527269217172,0.5262436944510038,0.019779698840689867,1.0173030068180242,True,False,True,True,True,True,True,False,True,1.3809449676411654,0.32013294445454515,1.0117855532235356,0.0,True,False
run-03,outer-context-00,0,512,True,0,sealed-run03-retrospective,outer_once_8contexts_x_3banks,1870171439,56,False,0.19554596787316408,0.25736143857340477,0.03500768348311063,0.1870383684904498,-0.3161173373839941,-4.342780495050065,0.02918433509700283,1.3364972972283649,False,False,False,True,True,True,True,False,True,1.3809449676411654,0.32013294445454515,1.0117855532235356,0.0,True,False
run-03,outer-context-00,0,512,True,0,sealed-run03-retrospective,outer_once_8contexts_x_3banks,1870171439,57,False,0.1891973090882236,0.2913551054673623,0.03422855870636615,0.23985860161952746,-0.5399537491915493,-6.0075577437304215,0.011864173548671999,1.432834720948651,False,False,False,True,True,True,True,False,True,1.3809449676411654,0.32013294445454515,1.0117855532235356,0.0,True,False
run-03,outer-context-00,0,512,True,0,sealed-run03-retrospective,outer_once_8contexts_x_3banks,1870171439,58,False,0.187660993690589,0.2399776027305592,0.04086053954564837,0.16134515259763504,-0.2787825429840183,-2.9486789550927077,0.0183311320568362,1.2675695830700324,False,False,False,True,True,True,True,False,True,1.3809449676411654,0.32013294445454515,1.0117855532235356,0.0,True,False
run-03,outer-context-00,0,512,True,0,sealed-run03-retrospective,outer_once_8contexts_x_3banks,1870171439,59,False,0.19040217983747806,0.23051308299262607,0.048814277375806896,0.11781708158397156,-0.2106640963322245,-1.4135783200667331,0.04021787593123253,1.1215211595322663,False,False,False,True,True,True,True,False,True,1.3809449676411654,0.32013294445454515,1.0117855532235356,0.0,True,False
run-03,outer-context-00,0,512,True,0,sealed-run03-retrospective,outer_once_8contexts_x_3banks,1870171439,60,False,0.23514375456602302,0.2247429415074753,0.08052898646855887,0.11705141596319787,0.044231721474989855,-0.453531468558822,0.07104441607392928,1.1638893494991054,False,False,False,True,True,True,True,False,True,1.3809449676411654,0.32013294445454515,1.0117855532235356,0.0,True,False
run-03,outer-context-00,0,512,True,0,sealed-run03-retrospective,outer_once_8contexts_x_3banks,1870171439,61,False,0.2566353205537721,0.23501102407396557,0.11341417947467655,0.118655964188624,0.08426079634379725,-0.046218072010280185,0.05154300273104059,1.217094298157341,False,False,False,True,True,True,True,False,True,1.3809449676411654,0.32013294445454515,1.0117855532235356,0.0,True,False
run-03,outer-context-00,0,512,True,0,sealed-run03-retrospective,outer_once_8contexts_x_3banks,1870171439,62,False,0.2208677561476727,0.20027447913419924,0.07772769983017265,0.02655560890469296,0.09323804149893546,0.6583507686099763,0.007519105927448228,1.0479939332462471,True,False,True,True,True,True,True,False,True,1.3809449676411654,0.32013294445454515,1.0117855532235356,0.0,True,False
run-03,outer-context-00,0,512,True,0,sealed-run03-retrospective,outer_once_8contexts_x_3banks,1870171439,63,False,0.3076083441699457,0.24596555937748313,0.22467129007660128,0.05402073298908287,0.2003937343078266,0.7595565816590781,0.015499577711968303,1.0307300775325787,True,True,True,True,True,True,True,True,True,1.3809449676411654,0.32013294445454515,1.0117855532235356,0.0,True,False
run-03,outer-context-00,0,512,True,1,sealed-run03-retrospective,outer_once_8contexts_x_3banks,1013545062,0,False,0.2700043050242484,0.24024227416848817,0.18634365234887915,0.18301491049459492,0.11022798637631855,0.017863457178847367,0.002697548450034421,1.398941950692496,True,True,False,True,True,True,True,False,True,1.4034633002389092,0.3174277353550495,1.0576144962565328,0.0,True,False
run-03,outer-context-00,0,512,True,1,sealed-run03-retrospective,outer_once_8contexts_x_3banks,1013545062,1,True,0.2517161276979426,0.2381135514345143,0.16053152218589875,0.1869835977627242,0.05403935134323732,-0.1647780773310889,0.04529385365452953,1.408042349973607,False,False,False,True,True,True,True,False,True,1.4034633002389092,0.3174277353550495,1.0576144962565328,0.0,True,False
run-03,outer-context-00,0,512,True,1,sealed-run03-retrospective,outer_once_8contexts_x_3banks,1013545062,2,False,0.26127446360341094,0.2473498776822627,0.2046025702569639,0.21119170434128048,0.05329485985390603,-0.03220455185895842,0.0419889032594182,1.6049149715724884,False,False,False,True,True,True,True,False,True,1.4034633002389092,0.3174277353550495,1.0576144962565328,0.0,True,False
run-03,outer-context-00,0,512,True,1,sealed-run03-retrospective,outer_once_8contexts_x_3banks,1013545062,3,False,0.32247516910065455,0.21039480487681675,0.3035375506247878,0.18628509407575977,0.34756277370569894,0.3862864950569738,0.0502200992269451,1.859413197211463,True,True,True,True,True,True,True,True,True,1.4034633002389092,0.3174277353550495,1.0576144962565328,0.0,True,False
run-03,outer-context-00,0,512,True,1,sealed-run03-retrospective,outer_once_8contexts_x_3banks,1013545062,4,False,0.24940208155831173,0.19079006544648688,0.21686799664049922,0.14981218366985208,0.23501013201496074,0.30920105321858604,0.06383424336038744,1.5287229598105827,True,True,True,True,True,True,True,True,True,1.4034633002389092,0.3174277353550495,1.0576144962565328,0.0,True,False
run-03,outer-context-00,0,512,True,1,sealed-run03-retrospective,outer_once_8contexts_x_3banks,1013545062,5,False,0.21106911986317936,0.22018154884903512,0.16225000115789137,0.17470183900250302,-0.04317272461155229,-0.07674476274730078,0.037276261327613996,1.5136736083216704,False,False,False,True,True,True,True,False,True,1.4034633002389092,0.3174277353550495,1.0576144962565328,0.0,True,False
run-03,outer-context-00,0,512,True,1,sealed-run03-retrospective,outer_once_8contexts_x_3banks,1013545062,6,False,0.21078889004804002,0.24376927619367703,0.10804110519854998,0.16225803433722416,-0.15646169083256986,-0.5018176095018494,0.007691160850676072,1.3674134245327287,False,False,False,True,True,True,True,False,True,1.4034633002389092,0.3174277353550495,1.0576144962565328,0.0,True,False
run-03,outer-context-00,0,512,True,1,sealed-run03-retrospective,outer_once_8contexts_x_3banks,1013545062,7,False,0.2213172776944178,0.28084705487894585,0.09116187136886555,0.19694057894524364,-0.268979348583545,-1.1603393610511665,0.03331142070025896,1.4084947914348322,False,False,False,True,True,True,True,False,True,1.4034633002389092,0.3174277353550495,1.0576144962565328,0.0,True,False
run-03,outer-context-00,0,512,True,1,sealed-run03-retrospective,outer_once_8contexts_x_3banks,1013545062,8,False,0.2531218984066778,0.21182729974122616,0.19062989141097467,0.1648029339508058,0.1631411542240639,0.13548220202512262,0.005347149405852295,1.4705789685885375,True,True,True,True,True,True,True,True,True,1.4034633002389092,0.3174277353550495,1.0576144962565328,0.0,True,False
run-03,outer-context-00,0,512,True,1,sealed-run03-retrospective,outer_once_8contexts_x_3banks,1013545062,9,False,0.2749073635826495,0.2527275685036114,0.233524008226999,0.2216046887441047,0.08068097845756637,0.05104108812361615,0.025831150542196736,1.7345356961670049,True,False,False,True,True,True,True,False,True,1.4034633002389092,0.3174277353550495,1.0576144962565328,0.0,True,False
run-03,outer-context-00,0,512,True,1,sealed-run03-retrospective,outer_once_8contexts_x_3banks,1013545062,10,False,0.315938890909621,0.20146450626087556,0.2881153990509923,0.1732942685805609,0.3623307795984273,0.39852479544180736,0.008847520408605123,1.7915678128596633,True,True,True,True,True,True,True,True,True,1.4034633002389092,0.3174277353550495,1.0576144962565328,0.0,True,False
run-03,outer-context-00,0,512,True,1,sealed-run03-retrospective,outer_once_8contexts_x_3banks,1013545062,11,False,0.3847695111272159,0.1904994227283516,0.3685194970335289,0.16825995547781072,0.5048999018392416,0.5434164085421457,0.027925247428188617,2.045234464627381,True,True,True,True,True,True,False,False,True,1.4034633002389092,0.3174277353550495,1.0576144962565328,0.0,True,False
run-03,outer-context-00,0,512,True,1,sealed-run03-retrospective,outer_once_8contexts_x_3banks,1013545062,12,False,0.30590968786812417,0.22566137090267815,0.2740027731661417,0.1991120753904578,0.2623268243797515,0.2733209482163667,0.0010680838405562,1.896744430452881,True,True,True,True,True,True,True,True,True,1.4034633002389092,0.3174277353550495,1.0576144962565328,0.0,True,False
run-03,outer-context-00,0,512,True,1,sealed-run03-retrospective,outer_once_8contexts_x_3banks,1013545062,13,True,0.2506838462644914,0.3127197945208133,0.21096548794531927,0.2884755091279036,-0.24746687583079843,-0.3674061664658361,0.03702650467585763,2.102988899956248,False,False,False,True,False,True,False,False,True,1.4034633002389092,0.3174277353550495,1.0576144962565328,0.0,True,False
run-03,outer-context-00,0,512,True,1,sealed-run03-retrospective,outer_once_8contexts_x_3banks,1013545062,14,False,0.21775712288061824,0.27693391601365996,0.17877744671764328,0.23583070893959635,-0.27175594694775806,-0.3191300875443287,0.03760439260920101,1.7526865934844345,False,False,False,True,True,True,True,False,True,1.4034633002389092,0.3174277353550495,1.0576144962565328,0.0,True,False
run-03,outer-context-00,0,512,True,1,sealed-run03-retrospective,outer_once_8contexts_x_3banks,1013545062,15,False,0.21462001797917443,0.25545196532402564,0.14057590338541842,0.1873907032075305,-0.19025227809277942,-0.3330215114731254,0.00654335132570928,1.5028178703755395,False,False,False,True,True,True,True,False,True,1.4034633002389092,0.3174277353550495,1.0576144962565328,0.0,True,False
run-03,outer-context-00,0,512,True,1,sealed-run03-retrospective,outer_once_8contexts_x_3banks,1013545062,16,False,0.27248644018236634,0.16986570418303157,0.2382226212857017,0.13658956787502177,0.37660859722287116,0.4266305729580183,0.021758338343340067,1.5356361366019284,True,True,True,True,True,True,True,True,True,1.4034633002389092,0.3174277353550495,1.0576144962565328,0.0,True,False
run-03,outer-context-00,0,512,True,1,sealed-run03-retrospective,outer_once_8contexts_x_3banks,1013545062,17,False,0.3513675317354777,0.11292892088336014,0.3275789128099393,0.08021113678429055,0.6786017184752939,0.7551394987661221,0.012119160451954127,1.4381248688549002,True,True,True,True,True,True,True,True,True,1.4034633002389092,0.3174277353550495,1.0576144962565328,0.0,True,False
run-03,outer-context-00,0,512,True,1,sealed-run03-retrospective,outer_once_8contexts_x_3banks,1013545062,18,False,0.3952029438713876,0.11583488773653182,0.37405524417716185,0.08178363914974861,0.7068977103211346,0.7813594638148854,0.004064024804514212,1.4959122095524406,True,True,True,True,True,True,True,True,True,1.4034633002389092,0.3174277353550495,1.0576144962565328,0.0,True,False
run-03,outer-context-00,0,512,True,1,sealed-run03-retrospective,outer_once_8contexts_x_3banks,1013545062,19,False,0.4046229879862742,0.14704073591510497,0.38388680031150696,0.12299759208031077,0.6365981659942342,0.6795993194334796,0.0006796255776958351,1.7526869122614626,True,True,True,True,True,True,True,True,True,1.4034633002389092,0.3174277353550495,1.0576144962565328,0.0,True,False
run-03,outer-context-00,0,512,True,1,sealed-run03-retrospective,outer_once_8contexts_x_3banks,1013545062,20,True,0.3354167304086734,0.1621797633935958,0.30492255896155046,0.1324351466253833,0.5164827848748178,0.5656761274849368,0.037570928857229215,1.5762495165858712,True,True,True,True,True,True,True,True,True,1.4034633002389092,0.3174277353550495,1.0576144962565328,0.0,True,False
run-03,outer-context-00,0,512,True,1,sealed-run03-retrospective,outer_once_8contexts_x_3banks,1013545062,21,True,0.22630139530215557,0.24117905433648912,0.1658179151114655,0.2130376765306386,-0.06574267478319802,-0.2847687560625231,0.07340193628181874,1.6050548645668965,False,False,False,True,True,True,True,False,True,1.4034633002389092,0.3174277353550495,1.0576144962565328,0.0,True,False
run-03,outer-context-00,0,512,True,1,sealed-run03-retrospective,outer_once_8contexts_x_3banks,1013545062,22,False,0.1678852844981651,0.2921842178203889,0.09635010074030477,0.2528658093948336,-0.7403801571636991,-1.6244477945735645,0.014123042339467687,1.690651383381333,False,False,False,True,False,True,True,False,True,1.4034633002389092,0.3174277353550495,1.0576144962565328,0.0,True,False
run-03,outer-context-00,0,512,True,1,sealed-run03-retrospective,outer_once_8contexts_x_3banks,1013545062,23,False,0.16998342448995898,0.2639118612067997,0.06726216843950338,0.211138062831595,-0.5525740936133989,-2.1390314604783494,0.01067251823192808,1.51977677794485,False,False,False,True,True,True,True,False,True,1.4034633002389092,0.3174277353550495,1.0576144962565328,0.0,True,False
run-03,outer-context-00,0,512,True,1,sealed-run03-retrospective,outer_once_8contexts_x_3banks,1013545062,24,False,0.3208613409811947,0.1162849554141165,0.3055391387828527,0.08173117617039657,0.6375850233047183,0.7325017786723452,0.013662763490074909,1.4459073088486214,True,True,True,True,True,True,True,True,True,1.4034633002389092,0.3174277353550495,1.0576144962565328,0.0,True,False
run-03,outer-context-00,0,512,True,1,sealed-run03-retrospective,outer_once_8contexts_x_3banks,1013545062,25,False,0.3596888857329847,0.07325131498698308,0.3416736234465441,0.040799136533903366,0.7963481278057581,0.8805903244085608,0.010813786145084475,1.2746568622177634,True,True,True,True,True,True,True,True,True,1.4034633002389092,0.3174277353550495,1.0576144962565328,0.0,True,False
run-03,outer-context-00,0,512,True,1,sealed-run03-retrospective,outer_once_8contexts_x_3banks,1013545062,26,True,0.3732173506180773,0.07433714244233561,0.34989935579415604,0.03713744016008112,0.800820775563549,0.8938625077608634,0.001284562761046554,1.1592741666422133,True,True,True,True,True,True,True,True,True,1.4034633002389092,0.3174277353550495,1.0576144962565328,0.0,True,False
run-03,outer-context-00,0,512,True,1,sealed-run03-retrospective,outer_once_8contexts_x_3banks,1013545062,27,True,0.35382528846974015,0.10287690398067677,0.32774637060574524,0.06232375111635203,0.7092437784037162,0.8098415216584567,0.005422662112050488,1.2593069982409986,True,True,True,True,True,True,True,True,True,1.4034633002389092,0.3174277353550495,1.0576144962565328,0.0,True,False
run-03,outer-context-00,0,512,True,1,sealed-run03-retrospective,outer_once_8contexts_x_3banks,1013545062,28,True,0.30128113053899247,0.16655209864299944,0.2646248785864084,0.1342148634447544,0.44718708952984393,0.4928108643385584,0.04585567028369146,1.4581925047755813,True,True,True,True,True,True,True,True,True,1.4034633002389092,0.3174277353550495,1.0576144962565328,0.0,True,False
run-03,outer-context-00,0,512,True,1,sealed-run03-retrospective,outer_once_8contexts_x_3banks,1013545062,29,False,0.21143632530983925,0.20029789268339204,0.13767513283592817,0.15789375293718766,0.052679843967799386,-0.14685745845878112,0.021977526537743673,1.3930516182743644,False,False,False,True,True,True,True,False,True,1.4034633002389092,0.3174277353550495,1.0576144962565328,0.0,True,False
run-03,outer-context-00,0,512,True,1,sealed-run03-retrospective,outer_once_8contexts_x_3banks,1013545062,30,False,0.1724908069557609,0.28542356494293974,0.05618922061596774,0.24195143920225393,-0.654717546866964,-3.3060116611316133,0.011719929097883101,1.5390158880645544,False,False,False,True,True,True,True,False,True,1.4034633002389092,0.3174277353550495,1.0576144962565328,0.0,True,False
run-03,outer-context-00,0,512,True,1,sealed-run03-retrospective,outer_once_8contexts_x_3banks,1013545062,31,False,0.17339273530615437,0.3193422240626854,0.029137848887190086,0.2657599225840748,-0.841727818059,-8.120780453388624,0.03237085739669546,1.5280480732223394,False,False,False,True,False,True,True,False,True,1.4034633002389092,0.3174277353550495,1.0576144962565328,0.0,True,False
run-03,outer-context-00,0,512,True,1,sealed-run03-retrospective,outer_once_8contexts_x_3banks,1013545062,32,False,0.24802419900656533,0.19149562400002806,0.2003775200004489,0.15029336187518844,0.2279155632109951,0.2499489869180348,0.05748697858998476,1.4517365803038202,True,True,True,True,True,True,True,True,True,1.4034633002389092,0.3174277353550495,1.0576144962565328,0.0,True,False
run-03,outer-context-00,0,512,True,1,sealed-run03-retrospective,outer_once_8contexts_x_3banks,1013545062,33,False,0.28038288938490175,0.12197417196358458,0.25042886579226814,0.062150622081281096,0.5649728404212931,0.7518232497493508,0.013965560341328925,1.188676821472729,True,True,True,True,True,True,True,True,True,1.4034633002389092,0.3174277353550495,1.0576144962565328,0.0,True,False
run-03,outer-context-00,0,512,True,1,sealed-run03-retrospective,outer_once_8contexts_x_3banks,1013545062,34,True,0.31489293987790956,0.10263100378617894,0.28846351063452375,0.038528159813664795,0.6740765168441976,0.8664366258009005,0.010805604094088752,1.1054819984602768,True,True,True,True,True,True,True,True,True,1.4034633002389092,0.3174277353550495,1.0576144962565328,0.0,True,False
run-03,outer-context-00,0,512,True,1,sealed-run03-retrospective,outer_once_8contexts_x_3banks,1013545062,35,True,0.3095337010899988,0.12001393622881595,0.2764061394347604,0.07205712220320978,0.6122750582369666,0.7393070850359411,0.022455475272275927,1.2443669387748155,True,True,True,True,True,True,True,True,True,1.4034633002389092,0.3174277353550495,1.0576144962565328,0.0,True,False
run-03,outer-context-00,0,512,True,1,sealed-run03-retrospective,outer_once_8contexts_x_3banks,1013545062,36,True,0.27118081476371997,0.17813963765188073,0.22160506108063832,0.12961863259872108,0.3430964583276515,0.41509173135917204,0.07868101057921349,1.3686370877870324,True,True,True,True,True,True,True,True,True,1.4034633002389092,0.3174277353550495,1.0576144962565328,0.0,True,False
run-03,outer-context-00,0,512,True,1,sealed-run03-retrospective,outer_once_8contexts_x_3banks,1013545062,37,True,0.22947355992843013,0.2065067147662918,0.14740400350662772,0.14559435541261376,0.10008492991219298,0.01227679066350863,0.07368723967481054,1.3136918229028995,True,True,False,True,True,True,True,False,True,1.4034633002389092,0.3174277353550495,1.0576144962565328,0.0,True,False
run-03,outer-context-00,0,512,True,1,sealed-run03-retrospective,outer_once_8contexts_x_3banks,1013545062,38,True,0.20090139046209596,0.18919016959518134,0.08786533266790626,0.10532407617792378,0.05829337885605213,-0.1986988836200526,0.02477511762352937,1.2194169312430356,False,False,False,True,True,True,True,False,True,1.4034633002389092,0.3174277353550495,1.0576144962565328,0.0,True,False
run-03,outer-context-00,0,512,True,1,sealed-run03-retrospective,outer_once_8contexts_x_3banks,1013545062,39,False,0.18418168397951418,0.26899831348291486,0.0288162982334972,0.19587605685900902,-0.4605052341297657,-5.7974052486490075,0.03774249239835536,1.3451134732265482,False,False,False,True,True,True,True,False,True,1.4034633002389092,0.3174277353550495,1.0576144962565328,0.0,True,False
run-03,outer-context-00,0,512,True,1,sealed-run03-retrospective,outer_once_8contexts_x_3banks,1013545062,40,False,0.23599966842110803,0.18146981842646476,0.19097246888690642,0.1517076257579569,0.23105901105480567,0.20560473118354083,0.02481731451758722,1.4965931358103957,True,True,True,True,True,True,True,True,True,1.4034633002389092,0.3174277353550495,1.0576144962565328,0.0,True,False
run-03,outer-context-00,0,512,True,1,sealed-run03-retrospective,outer_once_8contexts_x_3banks,1013545062,41,True,0.2379432772221362,0.16552387726763518,0.16726296145880815,0.07825054268968017,0.3043557304915684,0.5321705295230532,0.04502549707807108,1.143690322552234,True,True,True,True,True,True,True,True,True,1.4034633002389092,0.3174277353550495,1.0576144962565328,0.0,True,False
run-03,outer-context-00,0,512,True,1,sealed-run03-retrospective,outer_once_8contexts_x_3banks,1013545062,42,True,0.23937677415335343,0.17126940101441818,0.18181024869061765,0.09640351536801012,0.2845195544965578,0.46975752982958746,0.0023638498220878066,1.2136308381302896,True,True,True,True,True,True,True,True,True,1.4034633002389092,0.3174277353550495,1.0576144962565328,0.0,True,False
run-03,outer-context-00,0,512,True,1,sealed-run03-retrospective,outer_once_8contexts_x_3banks,1013545062,43,True,0.2340321714166729,0.16972919307888984,0.1796931227915245,0.09978993696000774,0.2747612772574651,0.44466468493743333,0.01066596672371212,1.2340027763466102,True,True,True,True,True,True,True,True,True,1.4034633002389092,0.3174277353550495,1.0576144962565328,0.0,True,False
run-03,outer-context-00,0,512,True,1,sealed-run03-retrospective,outer_once_8contexts_x_3banks,1013545062,44,True,0.23590646631296905,0.18469757225271904,0.16483115187593025,0.11837173628113631,0.2170728715520367,0.28186064991989085,0.05979011241044005,1.2693819103525683,True,True,True,True,True,True,True,True,True,1.4034633002389092,0.3174277353550495,1.0576144962565328,0.0,True,False
run-03,outer-context-00,0,512,True,1,sealed-run03-retrospective,outer_once_8contexts_x_3banks,1013545062,45,True,0.2374332323217168,0.19559565945747923,0.14241109172754735,0.12625569881677023,0.1762077382981864,0.11344195676615325,0.0020677021615761516,1.309601350901562,True,True,True,True,True,True,True,True,True,1.4034633002389092,0.3174277353550495,1.0576144962565328,0.0,True,False
run-03,outer-context-00,0,512,True,1,sealed-run03-retrospective,outer_once_8contexts_x_3banks,1013545062,46,True,0.22941552938905413,0.24181059114358883,0.1236952878513671,0.185047579428246,-0.054028869743663006,-0.4959953822218365,0.036023736975136215,1.4473049938143874,False,False,False,True,True,True,True,False,True,1.4034633002389092,0.3174277353550495,1.0576144962565328,0.0,True,False
run-03,outer-context-00,0,512,True,1,sealed-run03-retrospective,outer_once_8contexts_x_3banks,1013545062,47,False,0.20743513086218568,0.30794536941576306,0.06797310067081462,0.2634065712995704,-0.4845381692860583,-2.8751589775963886,0.0433381250792498,1.5796957626527872,False,False,False,True,False,True,True,False,True,1.4034633002389092,0.3174277353550495,1.0576144962565328,0.0,True,False
run-03,outer-context-00,0,512,True,1,sealed-run03-retrospective,outer_once_8contexts_x_3banks,1013545062,48,False,0.20452091849781456,0.23645731282168528,0.05487995377095326,0.1506236373289298,-0.1561522144455457,-1.7446021175158415,0.03503917575067621,1.27998061868353,False,False,False,True,True,True,True,False,True,1.4034633002389092,0.3174277353550495,1.0576144962565328,0.0,True,False
run-03,outer-context-00,0,512,True,1,sealed-run03-retrospective,outer_once_8contexts_x_3banks,1013545062,49,True,0.21224770762082054,0.24299502807810203,0.09878972739011911,0.16339298493901575,-0.14486526522214044,-0.6539471183454062,0.019129969743200786,1.3158761682456261,False,False,False,True,True,True,True,False,True,1.4034633002389092,0.3174277353550495,1.0576144962565328,0.0,True,False
run-03,outer-context-00,0,512,True,1,sealed-run03-retrospective,outer_once_8contexts_x_3banks,1013545062,50,True,0.20627463056521297,0.2250804879807057,0.10034167817324896,0.13058807204546785,-0.0911690272524683,-0.301434004521987,0.001662594761333227,1.2316237026435966,False,False,False,True,True,True,True,False,True,1.4034633002389092,0.3174277353550495,1.0576144962565328,0.0,True,False
run-03,outer-context-00,0,512,True,1,sealed-run03-retrospective,outer_once_8contexts_x_3banks,1013545062,51,True,0.20067950856776917,0.20283415666893442,0.09174879575847864,0.08889618197332598,-0.010736761897329593,0.031091566505809326,0.08354556155409301,1.0686365655509589,False,False,False,True,True,True,True,False,True,1.4034633002389092,0.3174277353550495,1.0576144962565328,0.0,True,False
run-03,outer-context-00,0,512,True,1,sealed-run03-retrospective,outer_once_8contexts_x_3banks,1013545062,52,True,0.20877328713644838,0.17126806210214313,0.09644775213243123,0.044078380531713625,0.17964570826435708,0.5429817745136233,0.021987639847745783,1.0547508842980227,True,True,True,True,True,True,True,True,True,1.4034633002389092,0.3174277353550495,1.0576144962565328,0.0,True,False
run-03,outer-context-00,0,512,True,1,sealed-run03-retrospective,outer_once_8contexts_x_3banks,1013545062,53,True,0.22686443237935602,0.18056561743836252,0.08448901888402947,0.04715627050403155,0.20408141750300454,0.44186509528819656,0.019004409219769567,1.0445114264378805,True,True,True,True,True,True,True,True,True,1.4034633002389092,0.3174277353550495,1.0576144962565328,0.0,True,False
run-03,outer-context-00,0,512,True,1,sealed-run03-retrospective,outer_once_8contexts_x_3banks,1013545062,54,False,0.2035612491449047,0.19971991727587482,0.0532135672359987,0.10513828795118725,0.018870644020736158,-0.9757797383683336,0.01874093805457557,1.205915344228084,False,False,False,True,True,True,True,False,True,1.4034633002389092,0.3174277353550495,1.0576144962565328,0.0,True,False
run-03,outer-context-00,0,512,True,1,sealed-run03-retrospective,outer_once_8contexts_x_3banks,1013545062,55,False,0.20889166733098918,0.2066857402672385,0.04089417227438705,0.05208562992647079,0.010560148673883676,-0.27366876573494575,0.02231985193798706,1.053924661468695,False,False,False,True,True,True,True,False,True,1.4034633002389092,0.3174277353550495,1.0576144962565328,0.0,True,False
run-03,outer-context-00,0,512,True,1,sealed-run03-retrospective,outer_once_8contexts_x_3banks,1013545062,56,False,0.20037396880605712,0.2719819570055508,0.04609827393821594,0.20373076374673849,-0.357371711635873,-3.4194878970911664,0.030913828420808316,1.3718060909373202,False,False,False,True,True,True,True,False,True,1.4034633002389092,0.3174277353550495,1.0576144962565328,0.0,True,False
run-03,outer-context-00,0,512,True,1,sealed-run03-retrospective,outer_once_8contexts_x_3banks,1013545062,57,False,0.19595727468322627,0.29990391726919613,0.06064322842758709,0.24520819189429188,-0.5304556452624903,-3.0434554401583394,0.011772838714279244,1.4533675977303173,False,False,False,True,True,True,True,False,True,1.4034633002389092,0.3174277353550495,1.0576144962565328,0.0,True,False
run-03,outer-context-00,0,512,True,1,sealed-run03-retrospective,outer_once_8contexts_x_3banks,1013545062,58,False,0.19697177093492915,0.2536804093539958,0.06583363090030772,0.1738459951581468,-0.28790236362245364,-1.640686724713739,0.01889191270514792,1.3005809646041686,False,False,False,True,True,True,True,False,True,1.4034633002389092,0.3174277353550495,1.0576144962565328,0.0,True,False
run-03,outer-context-00,0,512,True,1,sealed-run03-retrospective,outer_once_8contexts_x_3banks,1013545062,59,False,0.1950826722243412,0.23968929456197866,0.0556012456193591,0.1341684315886809,-0.22865496883465247,-1.4130472275240982,0.041135326661505864,1.1652518718540426,False,False,False,True,True,True,True,False,True,1.4034633002389092,0.3174277353550495,1.0576144962565328,0.0,True,False
run-03,outer-context-00,0,512,True,1,sealed-run03-retrospective,outer_once_8contexts_x_3banks,1013545062,60,False,0.23635783164984145,0.22770518144883686,0.0747138013334459,0.11108697513768477,0.036608265275606705,-0.48683339831561057,0.0717783266962612,1.1265935629381674,False,False,False,True,True,True,True,False,True,1.4034633002389092,0.3174277353550495,1.0576144962565328,0.0,True,False
run-03,outer-context-00,0,512,True,1,sealed-run03-retrospective,outer_once_8contexts_x_3banks,1013545062,61,False,0.25762063386884476,0.23272759689188846,0.09978990506667514,0.11287163573589859,0.09662672047313338,-0.13109272586723905,0.05080181216457276,1.2079199420396527,False,False,False,True,True,True,True,False,True,1.4034633002389092,0.3174277353550495,1.0576144962565328,0.0,True,False
run-03,outer-context-00,0,512,True,1,sealed-run03-retrospective,outer_once_8contexts_x_3banks,1013545062,62,False,0.23614637917111253,0.20409052230417954,0.058763357029004176,0.04459639821418433,0.13574570560620453,0.24108491296416873,0.010414591349181178,1.0171912634192324,True,True,True,True,True,True,True,True,True,1.4034633002389092,0.3174277353550495,1.0576144962565328,0.0,True,False
run-03,outer-context-00,0,512,True,1,sealed-run03-retrospective,outer_once_8contexts_x_3banks,1013545062,63,False,0.30313237252239933,0.2566694817609455,0.21095064867905347,0.0640726014306077,0.1532759116910898,0.6962673410495663,0.017481191768162322,1.00556627367848,True,True,True,True,True,True,True,True,True,1.4034633002389092,0.3174277353550495,1.0576144962565328,0.0,True,False
run-03,outer-context-00,0,512,True,2,sealed-run03-retrospective,outer_once_8contexts_x_3banks,90946262,0,False,0.2709023461535989,0.24827941722014882,0.18614874249286079,0.18978506238308263,0.0835095349104992,-0.019534485388002558,0.004225160437956106,1.4151991098065406,False,False,False,True,True,True,True,False,True,1.372196353937328,0.3173189358917409,1.0112098457909455,0.0,True,False
run-03,outer-context-00,0,512,True,2,sealed-run03-retrospective,outer_once_8contexts_x_3banks,90946262,1,True,0.2540559578477735,0.25572610445729377,0.16737206806267163,0.20531547444740214,-0.0065739320725592965,-0.2267009473200916,0.04588889967922124,1.4541374669560119,False,False,False,True,True,True,True,False,True,1.372196353937328,0.3173189358917409,1.0112098457909455,0.0,True,False
run-03,outer-context-00,0,512,True,2,sealed-run03-retrospective,outer_once_8contexts_x_3banks,90946262,2,False,0.2504137091643564,0.25843027926999906,0.20265941513998095,0.22160953040564885,-0.03201330363419149,-0.0935072039588127,0.042559266521146145,1.6528600230191586,False,False,False,True,True,True,True,False,True,1.372196353937328,0.3173189358917409,1.0112098457909455,0.0,True,False
run-03,outer-context-00,0,512,True,2,sealed-run03-retrospective,outer_once_8contexts_x_3banks,90946262,3,False,0.29835654416706814,0.18553763893968067,0.27649333508009377,0.1560046445485696,0.37813450863746845,0.4357743035528193,0.04725140137047949,1.7294802503561968,True,True,True,True,True,True,True,True,True,1.372196353937328,0.3173189358917409,1.0112098457909455,0.0,True,False
run-03,outer-context-00,0,512,True,2,sealed-run03-retrospective,outer_once_8contexts_x_3banks,90946262,4,False,0.22590474653587161,0.17763105146051192,0.19258031641013248,0.13389701954600955,0.2136904859929283,0.3047211571672096,0.06059616444148871,1.4848166758961951,True,True,True,True,True,True,True,True,True,1.372196353937328,0.3173189358917409,1.0112098457909455,0.0,True,False
run-03,outer-context-00,0,512,True,2,sealed-run03-retrospective,outer_once_8contexts_x_3banks,90946262,5,False,0.2053326325804845,0.21134747933958564,0.15860279729328997,0.1642065030002254,-0.029293184836285027,-0.03533169529521607,0.03647178529232956,1.4848694534612719,False,False,False,True,True,True,True,False,True,1.372196353937328,0.3173189358917409,1.0112098457909455,0.0,True,False
run-03,outer-context-00,0,512,True,2,sealed-run03-retrospective,outer_once_8contexts_x_3banks,90946262,6,False,0.21169172673138073,0.23948451167450255,0.1241833373571613,0.16240296733308027,-0.13128895196924045,-0.30776777939214356,0.01077820271657337,1.3821106708382462,False,False,False,True,True,True,True,False,True,1.372196353937328,0.3173189358917409,1.0112098457909455,0.0,True,False
run-03,outer-context-00,0,512,True,2,sealed-run03-retrospective,outer_once_8contexts_x_3banks,90946262,7,False,0.22584401794023218,0.27175519346241733,0.10662447261984355,0.20243431220209418,-0.2032871002779236,-0.8985726937552961,0.03534831442865459,1.4227099012063484,False,False,False,True,True,True,True,False,True,1.372196353937328,0.3173189358917409,1.0112098457909455,0.0,True,False
run-03,outer-context-00,0,512,True,2,sealed-run03-retrospective,outer_once_8contexts_x_3banks,90946262,8,False,0.26569399329281107,0.21748192050673604,0.20751133563260815,0.16549094433573247,0.18145714243882952,0.2024968475518435,0.004040785074882779,1.4597156823627835,True,True,True,True,True,True,True,True,True,1.372196353937328,0.3173189358917409,1.0112098457909455,0.0,True,False
run-03,outer-context-00,0,512,True,2,sealed-run03-retrospective,outer_once_8contexts_x_3banks,90946262,9,False,0.2799279725091291,0.24096954140620508,0.24007521802337295,0.20186603139782802,0.13917305496024873,0.15915506373433763,0.02450178266154139,1.6795353774696093,True,True,True,True,True,True,True,True,True,1.372196353937328,0.3173189358917409,1.0112098457909455,0.0,True,False
run-03,outer-context-00,0,512,True,2,sealed-run03-retrospective,outer_once_8contexts_x_3banks,90946262,10,False,0.30262795566193446,0.193712321856607,0.2760447049354394,0.15949245406309567,0.359899446721958,0.422222374812814,0.009675013985539787,1.7405398124421203,True,True,True,True,True,True,True,True,True,1.372196353937328,0.3173189358917409,1.0112098457909455,0.0,True,False
run-03,outer-context-00,0,512,True,2,sealed-run03-retrospective,outer_once_8contexts_x_3banks,90946262,11,False,0.3670936520038751,0.16736473051250408,0.3504910873222962,0.1428738726496877,0.5440816543710286,0.5923608964175824,0.026439736840676673,1.8865272558718993,True,True,True,True,True,True,True,True,True,1.372196353937328,0.3173189358917409,1.0112098457909455,0.0,True,False
run-03,outer-context-00,0,512,True,2,sealed-run03-retrospective,outer_once_8contexts_x_3banks,90946262,12,False,0.29203372380543247,0.21463184588227335,0.2597984023333882,0.18658602360330998,0.26504431376811854,0.2818045764428062,0.001389153844206308,1.835548619400336,True,True,True,True,True,True,True,True,True,1.372196353937328,0.3173189358917409,1.0112098457909455,0.0,True,False
run-03,outer-context-00,0,512,True,2,sealed-run03-retrospective,outer_once_8contexts_x_3banks,90946262,13,True,0.24242970504517694,0.31454790368675556,0.20021357867925701,0.2924030674462643,-0.29748086616753233,-0.46045572620573977,0.03496206414545075,2.08652798257664,False,False,False,True,False,True,False,False,True,1.372196353937328,0.3173189358917409,1.0112098457909455,0.0,True,False
run-03,outer-context-00,0,512,True,2,sealed-run03-retrospective,outer_once_8contexts_x_3banks,90946262,14,False,0.2230422070440197,0.2912911971883289,0.1902947070876157,0.2531299349288364,-0.3059913683997916,-0.33019955627189373,0.03310044812100845,1.7972893481807066,False,False,False,True,False,True,True,False,True,1.372196353937328,0.3173189358917409,1.0112098457909455,0.0,True,False
run-03,outer-context-00,0,512,True,2,sealed-run03-retrospective,outer_once_8contexts_x_3banks,90946262,15,False,0.22059800680889596,0.24645505007642649,0.1572267718439711,0.1863251164958053,-0.11721340388143432,-0.1850724549678527,0.010364754170639414,1.504215658387506,False,False,False,True,True,True,True,False,True,1.372196353937328,0.3173189358917409,1.0112098457909455,0.0,True,False
run-03,outer-context-00,0,512,True,2,sealed-run03-retrospective,outer_once_8contexts_x_3banks,90946262,16,False,0.2729452392514067,0.16144001980669756,0.2407883960137409,0.11576833484831779,0.4085259730139604,0.5192113209570477,0.020551683078022874,1.444387981466414,True,True,True,True,True,True,True,True,True,1.372196353937328,0.3173189358917409,1.0112098457909455,0.0,True,False
run-03,outer-context-00,0,512,True,2,sealed-run03-retrospective,outer_once_8contexts_x_3banks,90946262,17,False,0.32198374581342554,0.10734591063977647,0.30437054597435675,0.06783751809913038,0.666610777607456,0.7771219357577205,0.011101139926048787,1.3706164267769536,True,True,True,True,True,True,True,True,True,1.372196353937328,0.3173189358917409,1.0112098457909455,0.0,True,False
run-03,outer-context-00,0,512,True,2,sealed-run03-retrospective,outer_once_8contexts_x_3banks,90946262,18,False,0.3920857940003525,0.10926669104903121,0.37362912519933644,0.07302184013780116,0.7213194338560174,0.8045606318863847,0.004770462517867568,1.4422020240309104,True,True,True,True,True,True,True,True,True,1.372196353937328,0.3173189358917409,1.0112098457909455,0.0,True,False
run-03,outer-context-00,0,512,True,2,sealed-run03-retrospective,outer_once_8contexts_x_3banks,90946262,19,False,0.40722744036203307,0.14390664360829,0.38799464659136534,0.11872462369076717,0.6466185002652224,0.6940044798715805,0.0002633627784351625,1.7283247006917608,True,True,True,True,True,True,True,True,True,1.372196353937328,0.3173189358917409,1.0112098457909455,0.0,True,False
run-03,outer-context-00,0,512,True,2,sealed-run03-retrospective,outer_once_8contexts_x_3banks,90946262,20,True,0.3466229474865429,0.16514344965450944,0.31369382989984834,0.1367754119428301,0.5235645797486593,0.5639843729585061,0.0364814138907732,1.5974315923606222,True,True,True,True,True,True,True,True,True,1.372196353937328,0.3173189358917409,1.0112098457909455,0.0,True,False
run-03,outer-context-00,0,512,True,2,sealed-run03-retrospective,outer_once_8contexts_x_3banks,90946262,21,True,0.236106076634067,0.25966859971077816,0.18184905135463791,0.23625878677199086,-0.09979634329035056,-0.29920274542012487,0.07040507427622172,1.6810019721977532,False,False,False,True,True,True,True,False,True,1.372196353937328,0.3173189358917409,1.0112098457909455,0.0,True,False
run-03,outer-context-00,0,512,True,2,sealed-run03-retrospective,outer_once_8contexts_x_3banks,90946262,22,False,0.1743841458507254,0.3058870498122675,0.10447627672554645,0.2726595355937566,-0.7540989653618507,-1.609774621946172,0.011697673837559281,1.73641852929449,False,False,False,True,False,True,True,False,True,1.372196353937328,0.3173189358917409,1.0112098457909455,0.0,True,False
run-03,outer-context-00,0,512,True,2,sealed-run03-retrospective,outer_once_8contexts_x_3banks,90946262,23,False,0.17255421508395544,0.26517523667008025,0.063020717803012,0.2144484496185183,-0.5367647584908922,-2.402824612198705,0.012411333821481886,1.5254875341745318,False,False,False,True,True,True,True,False,True,1.372196353937328,0.3173189358917409,1.0112098457909455,0.0,True,False
run-03,outer-context-00,0,512,True,2,sealed-run03-retrospective,outer_once_8contexts_x_3banks,90946262,24,False,0.2939431712619213,0.11391138958552671,0.28043856763550873,0.07847841515512896,0.6124713865727988,0.720158265616558,0.013782039458725432,1.42607759871706,True,True,True,True,True,True,True,True,True,1.372196353937328,0.3173189358917409,1.0112098457909455,0.0,True,False
run-03,outer-context-00,0,512,True,2,sealed-run03-retrospective,outer_once_8contexts_x_3banks,90946262,25,False,0.34616388184207364,0.07783158397611337,0.33040740729195966,0.0454313467754893,0.775159720413519,0.8624990064603952,0.010049316008069922,1.288608172504656,True,True,True,True,True,True,True,True,True,1.372196353937328,0.3173189358917409,1.0112098457909455,0.0,True,False
run-03,outer-context-00,0,512,True,2,sealed-run03-retrospective,outer_once_8contexts_x_3banks,90946262,26,True,0.3787801573866363,0.07338890450714795,0.3600177205386208,0.03607088443982921,0.8062493425909929,0.8998080305995391,0.0013295128132386129,1.1549184416572784,True,True,True,True,True,True,True,True,True,1.372196353937328,0.3173189358917409,1.0112098457909455,0.0,True,False
run-03,outer-context-00,0,512,True,2,sealed-run03-retrospective,outer_once_8contexts_x_3banks,90946262,27,True,0.36550028956382163,0.1019760049053123,0.3429427416622397,0.062014009226053095,0.720996103650129,0.8191709527792544,0.005867558418904493,1.2605086938573618,True,True,True,True,True,True,True,True,True,1.372196353937328,0.3173189358917409,1.0112098457909455,0.0,True,False
run-03,outer-context-00,0,512,True,2,sealed-run03-retrospective,outer_once_8contexts_x_3banks,90946262,28,True,0.3191838403731997,0.1743280992522693,0.2846558097020422,0.14597133555528005,0.4538316881943664,0.48720057493970476,0.04431980088413193,1.5061853101939595,True,True,True,True,True,True,True,True,True,1.372196353937328,0.3173189358917409,1.0112098457909455,0.0,True,False
run-03,outer-context-00,0,512,True,2,sealed-run03-retrospective,outer_once_8contexts_x_3banks,90946262,29,False,0.22153777733308114,0.22117634718610596,0.15856117012043439,0.18317779332707337,0.0016314605631876915,-0.15525000974665834,0.02113863163690444,1.4689512795904212,False,False,False,True,True,True,True,False,True,1.372196353937328,0.3173189358917409,1.0112098457909455,0.0,True,False
run-03,outer-context-00,0,512,True,2,sealed-run03-retrospective,outer_once_8contexts_x_3banks,90946262,30,False,0.17352230340230018,0.30064334422541455,0.06628996909366652,0.26010529534244237,-0.7325919396562671,-2.92375043914892,0.012513665888455554,1.5776891329871074,False,False,False,True,False,True,True,False,True,1.372196353937328,0.3173189358917409,1.0112098457909455,0.0,True,False
run-03,outer-context-00,0,512,True,2,sealed-run03-retrospective,outer_once_8contexts_x_3banks,90946262,31,False,0.1781287558095274,0.32518629389751685,0.03780775536140539,0.27360628607133763,-0.825568771418567,-6.236776779153575,0.03315692806879285,1.5363089237327607,False,False,False,True,False,True,True,False,True,1.372196353937328,0.3173189358917409,1.0112098457909455,0.0,True,False
run-03,outer-context-00,0,512,True,2,sealed-run03-retrospective,outer_once_8contexts_x_3banks,90946262,32,False,0.22866207879738776,0.19000004885252314,0.1884211366454945,0.15077118477697382,0.16907932503807138,0.1998180912121197,0.053079264443110105,1.468499275631095,True,True,True,True,True,True,True,True,True,1.372196353937328,0.3173189358917409,1.0112098457909455,0.0,True,False
run-03,outer-context-00,0,512,True,2,sealed-run03-retrospective,outer_once_8contexts_x_3banks,90946262,33,False,0.27101060815313355,0.12336520786235301,0.24360790416160605,0.05773716871102141,0.5447956495022293,0.7629913983713789,0.013281461401693648,1.1815177043519733,True,True,True,True,True,True,True,True,True,1.372196353937328,0.3173189358917409,1.0112098457909455,0.0,True,False
run-03,outer-context-00,0,512,True,2,sealed-run03-retrospective,outer_once_8contexts_x_3banks,90946262,34,True,0.3160178105342558,0.10067839701824706,0.29489174310502064,0.0339794502894997,0.6814154339970858,0.8847731376547951,0.010421641135611172,1.085634379686371,True,True,True,True,True,True,True,True,True,1.372196353937328,0.3173189358917409,1.0112098457909455,0.0,True,False
run-03,outer-context-00,0,512,True,2,sealed-run03-retrospective,outer_once_8contexts_x_3banks,90946262,35,True,0.3192853088715077,0.12090213514465235,0.2927856717760411,0.07286569507167065,0.621335113814122,0.7511295732825088,0.022075451756740957,1.247977151499691,True,True,True,True,True,True,True,True,True,1.372196353937328,0.3173189358917409,1.0112098457909455,0.0,True,False
run-03,outer-context-00,0,512,True,2,sealed-run03-retrospective,outer_once_8contexts_x_3banks,90946262,36,True,0.2840022639913431,0.1878980744133138,0.23979611437827889,0.14385455736387406,0.3383923361292596,0.4000963788056082,0.076052745198637,1.4121200270857137,True,True,True,True,True,True,True,True,True,1.372196353937328,0.3173189358917409,1.0112098457909455,0.0,True,False
run-03,outer-context-00,0,512,True,2,sealed-run03-retrospective,outer_once_8contexts_x_3banks,90946262,37,True,0.235954017865298,0.21839018732904,0.15898723407694346,0.16440741142516832,0.07443751411889442,-0.03409190291090739,0.06959519654123127,1.3679428694646718,False,False,False,True,True,True,True,False,True,1.372196353937328,0.3173189358917409,1.0112098457909455,0.0,True,False
run-03,outer-context-00,0,512,True,2,sealed-run03-retrospective,outer_once_8contexts_x_3banks,90946262,38,True,0.19282747986647503,0.1927381343088592,0.08366645024322954,0.11503282148768638,0.0004633445278530899,-0.3748978372247253,0.02246886654094925,1.2343995015868992,False,False,False,True,True,True,True,False,True,1.372196353937328,0.3173189358917409,1.0112098457909455,0.0,True,False
run-03,outer-context-00,0,512,True,2,sealed-run03-retrospective,outer_once_8contexts_x_3banks,90946262,39,False,0.18887228895855745,0.2714443266445598,0.03327264477457772,0.20394421342826533,-0.4371845025085728,-5.129486093155145,0.03759237964459616,1.3595164741889192,False,False,False,True,True,True,True,False,True,1.372196353937328,0.3173189358917409,1.0112098457909455,0.0,True,False
run-03,outer-context-00,0,512,True,2,sealed-run03-retrospective,outer_once_8contexts_x_3banks,90946262,40,False,0.22455868370631873,0.18727505109069084,0.17992576844627053,0.15888243594292248,0.1660306873921117,0.11695563501029048,0.022731951386978155,1.5382614014494131,True,True,True,True,True,True,True,True,True,1.372196353937328,0.3173189358917409,1.0112098457909455,0.0,True,False
run-03,outer-context-00,0,512,True,2,sealed-run03-retrospective,outer_once_8contexts_x_3banks,90946262,41,True,0.21685790501752963,0.16741574894485078,0.14421739501418637,0.07382530560174153,0.22799333078811312,0.48809708014432324,0.04307030015722017,1.1397873891640447,True,True,True,True,True,True,True,True,True,1.372196353937328,0.3173189358917409,1.0112098457909455,0.0,True,False
run-03,outer-context-00,0,512,True,2,sealed-run03-retrospective,outer_once_8contexts_x_3banks,90946262,42,True,0.2282970688745273,0.1673439410830362,0.16667543109268623,0.08912692890958994,0.26699040899640764,0.46526654633322945,0.0023908070522821153,1.18907297736125,True,True,True,True,True,True,True,True,True,1.372196353937328,0.3173189358917409,1.0112098457909455,0.0,True,False
run-03,outer-context-00,0,512,True,2,sealed-run03-retrospective,outer_once_8contexts_x_3banks,90946262,43,True,0.23139040135928005,0.16729471769450813,0.17463182810733002,0.0975582861910489,0.277002344471716,0.44134876643970733,0.010298850191071117,1.2221682757541905,True,True,True,True,True,True,True,True,True,1.372196353937328,0.3173189358917409,1.0112098457909455,0.0,True,False
run-03,outer-context-00,0,512,True,2,sealed-run03-retrospective,outer_once_8contexts_x_3banks,90946262,44,True,0.23480229544770845,0.19019386162117888,0.17123879001222442,0.1220321203516557,0.18998295455959063,0.2873570273245679,0.05736309374671093,1.2852689082802524,True,True,True,True,True,True,True,True,True,1.372196353937328,0.3173189358917409,1.0112098457909455,0.0,True,False
run-03,outer-context-00,0,512,True,2,sealed-run03-retrospective,outer_once_8contexts_x_3banks,90946262,45,True,0.2321607776122524,0.2064389645921919,0.14310828052870667,0.14285106431720682,0.11079310331661729,0.0017973537977647208,0.002691068940833952,1.3420752792167143,True,True,False,True,True,True,True,False,True,1.372196353937328,0.3173189358917409,1.0112098457909455,0.0,True,False
run-03,outer-context-00,0,512,True,2,sealed-run03-retrospective,outer_once_8contexts_x_3banks,90946262,46,True,0.21430289945390912,0.24246517523939976,0.10922119048360883,0.18760104065405492,-0.13141341464466555,-0.7176249391111407,0.033797956771754,1.4507672404733856,False,False,False,True,True,True,True,False,True,1.372196353937328,0.3173189358917409,1.0112098457909455,0.0,True,False
run-03,outer-context-00,0,512,True,2,sealed-run03-retrospective,outer_once_8contexts_x_3banks,90946262,47,False,0.189203046446268,0.2990336256349675,0.043289819658804574,0.2503570692543913,-0.5804905431049198,-4.783278175506836,0.04031040741273208,1.5617636792855092,False,False,False,True,False,True,True,False,True,1.372196353937328,0.3173189358917409,1.0112098457909455,0.0,True,False
run-03,outer-context-00,0,512,True,2,sealed-run03-retrospective,outer_once_8contexts_x_3banks,90946262,48,False,0.19036084386309923,0.2396009491751945,0.036496318588621866,0.1617932639622856,-0.2586671939083597,-3.4331392923758193,0.0316991469803484,1.306999843472646,False,False,False,True,True,True,True,False,True,1.372196353937328,0.3173189358917409,1.0112098457909455,0.0,True,False
run-03,outer-context-00,0,512,True,2,sealed-run03-retrospective,outer_once_8contexts_x_3banks,90946262,49,True,0.19574992213102427,0.24619875702488886,0.0755192218597061,0.16532576435588345,-0.25772084271940043,-1.189187868792043,0.016151119860348246,1.3220189045605832,False,False,False,True,True,True,True,False,True,1.372196353937328,0.3173189358917409,1.0112098457909455,0.0,True,False
run-03,outer-context-00,0,512,True,2,sealed-run03-retrospective,outer_once_8contexts_x_3banks,90946262,50,True,0.19602161340556098,0.22103786355083935,0.07099538246804789,0.12679413559953231,-0.12761985635492515,-0.7859490461453202,0.0007981036316566342,1.220118187650861,False,False,False,True,True,True,True,False,True,1.372196353937328,0.3173189358917409,1.0112098457909455,0.0,True,False
run-03,outer-context-00,0,512,True,2,sealed-run03-retrospective,outer_once_8contexts_x_3banks,90946262,51,True,0.19327506692362345,0.19629859118320764,0.06013067981466111,0.08300854385457168,-0.015643633230658736,-0.38046907353161963,0.07943215665545891,1.0486880638161078,False,False,False,True,True,True,True,False,True,1.372196353937328,0.3173189358917409,1.0112098457909455,0.0,True,False
run-03,outer-context-00,0,512,True,2,sealed-run03-retrospective,outer_once_8contexts_x_3banks,90946262,52,True,0.19361974009721436,0.1715220742073229,0.07615526607465087,0.044308975492742056,0.11412919921696237,0.41817581663612896,0.019638776673689295,1.0639737829611982,True,True,True,True,True,True,True,True,True,1.372196353937328,0.3173189358917409,1.0112098457909455,0.0,True,False
run-03,outer-context-00,0,512,True,2,sealed-run03-retrospective,outer_once_8contexts_x_3banks,90946262,53,True,0.20964196800478124,0.1787543870902515,0.08011210853677754,0.060245080909841216,0.14733491203357388,0.24799032243441516,0.01790848975252435,1.0727420828939946,True,True,True,True,True,True,True,True,True,1.372196353937328,0.3173189358917409,1.0112098457909455,0.0,True,False
run-03,outer-context-00,0,512,True,2,sealed-run03-retrospective,outer_once_8contexts_x_3banks,90946262,54,False,0.18939643861238084,0.19512968082548637,0.04594237337187123,0.09741214350228193,-0.0302711194313384,-1.1203115196900926,0.01816768202043849,1.213396780195849,False,False,False,True,True,True,True,False,True,1.372196353937328,0.3173189358917409,1.0112098457909455,0.0,True,False
run-03,outer-context-00,0,512,True,2,sealed-run03-retrospective,outer_once_8contexts_x_3banks,90946262,55,False,0.20498405478503312,0.20594387348220936,0.05648021759808614,0.04848082196167485,-0.00468240663003177,0.14163181334277214,0.022187583095075365,1.058273333381421,False,False,True,True,True,True,True,False,True,1.372196353937328,0.3173189358917409,1.0112098457909455,0.0,True,False
run-03,outer-context-00,0,512,True,2,sealed-run03-retrospective,outer_once_8contexts_x_3banks,90946262,56,False,0.18910266459656028,0.28161244786393824,0.02984807494154745,0.2228338058740782,-0.4892040176416461,-6.465600589333201,0.026697181685790113,1.4186081365833414,False,False,False,True,True,True,True,False,True,1.372196353937328,0.3173189358917409,1.0112098457909455,0.0,True,False
run-03,outer-context-00,0,512,True,2,sealed-run03-retrospective,outer_once_8contexts_x_3banks,90946262,57,False,0.1784179912743247,0.3164343051968176,0.04371941934036972,0.26598046738300496,-0.7735560351102001,-5.083806038508005,0.014365771125636213,1.491434522722809,False,False,False,True,False,True,True,False,True,1.372196353937328,0.3173189358917409,1.0112098457909455,0.0,True,False
run-03,outer-context-00,0,512,True,2,sealed-run03-retrospective,outer_once_8contexts_x_3banks,90946262,58,False,0.18489896476996784,0.264708718610495,0.04135680069267323,0.18620334190620255,-0.4316398090157952,-3.502363306337435,0.019694544868272233,1.3326129469659331,False,False,False,True,True,True,True,False,True,1.372196353937328,0.3173189358917409,1.0112098457909455,0.0,True,False
run-03,outer-context-00,0,512,True,2,sealed-run03-retrospective,outer_once_8contexts_x_3banks,90946262,59,False,0.1893474207606451,0.24489422931257843,0.03802951234727809,0.14620775693525662,-0.2933592035676594,-2.844586688362341,0.04019681454917165,1.191803128881677,False,False,False,True,True,True,True,False,True,1.372196353937328,0.3173189358917409,1.0112098457909455,0.0,True,False
run-03,outer-context-00,0,512,True,2,sealed-run03-retrospective,outer_once_8contexts_x_3banks,90946262,60,False,0.23192535294530195,0.22445141288890194,0.06563153300035386,0.10403313679336444,0.032225627605976685,-0.5851090480059872,0.0682281507193843,1.0715666990077182,False,False,False,True,True,True,True,False,True,1.372196353937328,0.3173189358917409,1.0112098457909455,0.0,True,False
run-03,outer-context-00,0,512,True,2,sealed-run03-retrospective,outer_once_8contexts_x_3banks,90946262,61,False,0.2501679502571196,0.2306286507061479,0.096884239630006,0.10638890187138215,0.07810472736771203,-0.09810328571162635,0.0476770089458902,1.1916975897889077,False,False,False,True,True,True,True,False,True,1.372196353937328,0.3173189358917409,1.0112098457909455,0.0,True,False
run-03,outer-context-00,0,512,True,2,sealed-run03-retrospective,outer_once_8contexts_x_3banks,90946262,62,False,0.2289722714763947,0.20165391557233925,0.06824563542340992,0.026204697838906426,0.11930857709498581,0.6160238280979127,0.010791659546672036,1.0233653371675888,True,True,True,True,True,True,True,True,True,1.372196353937328,0.3173189358917409,1.0112098457909455,0.0,True,False
run-03,outer-context-00,0,512,True,2,sealed-run03-retrospective,outer_once_8contexts_x_3banks,90946262,63,False,0.3065904131705435,0.2628132356383047,0.2179430203044167,0.06267537470649112,0.14278717028209012,0.7124231158265683,0.01882128376330007,1.0292792235811568,True,True,True,True,True,True,True,True,True,1.372196353937328,0.3173189358917409,1.0112098457909455,0.0,True,False
run-03,outer-context-01,1,1573,True,0,sealed-run03-retrospective,outer_once_8contexts_x_3banks,121114822,0,False,0.3043259389598032,0.2501155698664732,0.19584235808493927,0.1878134354489056,0.1781325945419669,0.040996864593263425,0.011030261123463843,1.4155913554980106,True,True,False,True,True,True,True,False,True,1.391664630607805,0.31649071836299186,1.0903204400582318,0.0,True,False
run-03,outer-context-01,1,1573,True,0,sealed-run03-retrospective,outer_once_8contexts_x_3banks,121114822,1,True,0.2467305490585719,0.2384227383818558,0.14907083178127462,0.18505284808815675,0.03367159319514946,-0.24137529707808325,0.04524323790994195,1.402667885367746,False,False,False,True,True,True,True,False,True,1.391664630607805,0.31649071836299186,1.0903204400582318,0.0,True,False
run-03,outer-context-01,1,1573,True,0,sealed-run03-retrospective,outer_once_8contexts_x_3banks,121114822,2,False,0.23999268814036223,0.24434508822515855,0.17665018657550977,0.20292114351043913,-0.018135552872555718,-0.14871740270537304,0.05937224067598151,1.5700657111661038,False,False,False,True,True,True,True,False,True,1.391664630607805,0.31649071836299186,1.0903204400582318,0.0,True,False
run-03,outer-context-01,1,1573,True,0,sealed-run03-retrospective,outer_once_8contexts_x_3banks,121114822,3,False,0.3045889671767231,0.1984919620115793,0.27907128127412867,0.17525272777192463,0.3483284576869987,0.37201446536601596,0.06828619361567738,1.7966620241616826,True,True,True,True,True,True,True,True,True,1.391664630607805,0.31649071836299186,1.0903204400582318,0.0,True,False
run-03,outer-context-01,1,1573,True,0,sealed-run03-retrospective,outer_once_8contexts_x_3banks,121114822,4,False,0.23231727918909956,0.17668128554032314,0.199812910546756,0.13813021278866325,0.23948280490789634,0.30870226347891105,0.058176090486948176,1.487653335840026,True,True,True,True,True,True,True,True,True,1.391664630607805,0.31649071836299186,1.0903204400582318,0.0,True,False
run-03,outer-context-01,1,1573,True,0,sealed-run03-retrospective,outer_once_8contexts_x_3banks,121114822,5,False,0.21465379816162944,0.20555712796150155,0.16293643025363128,0.16158282483804298,0.04237833328846248,0.00830756764144909,0.018884149874545595,1.467482741591649,True,False,False,True,True,True,True,False,True,1.391664630607805,0.31649071836299186,1.0903204400582318,0.0,True,False
run-03,outer-context-01,1,1573,True,0,sealed-run03-retrospective,outer_once_8contexts_x_3banks,121114822,6,False,0.20657118373124095,0.22618277679265136,0.09906717915658853,0.1439921160287651,-0.09493866814901948,-0.4534795202068577,0.016812758270245056,1.3165159462275884,False,False,False,True,True,True,True,False,True,1.391664630607805,0.31649071836299186,1.0903204400582318,0.0,True,False
run-03,outer-context-01,1,1573,True,0,sealed-run03-retrospective,outer_once_8contexts_x_3banks,121114822,7,False,0.20772818126257261,0.2581338781562771,0.06030736972684383,0.17480818159324746,-0.24265218415401546,-1.8986205564099967,0.020740884745286944,1.3479471599012018,False,False,False,True,True,True,True,False,True,1.391664630607805,0.31649071836299186,1.0903204400582318,0.0,True,False
run-03,outer-context-01,1,1573,True,0,sealed-run03-retrospective,outer_once_8contexts_x_3banks,121114822,8,False,0.3197443945275795,0.23453491010953034,0.2302014898286931,0.17148664286517765,0.2664925042515466,0.2550585011730755,0.03380356660422981,1.4826263371033204,True,True,True,True,True,True,True,True,True,1.391664630607805,0.31649071836299186,1.0903204400582318,0.0,True,False
run-03,outer-context-01,1,1573,True,0,sealed-run03-retrospective,outer_once_8contexts_x_3banks,121114822,9,False,0.2631666224077093,0.23703035930108404,0.20961847965102645,0.19498559555850886,0.09931450602475657,0.06980722366118895,0.012953601980464944,1.6705071224748762,True,False,False,True,True,True,True,False,True,1.391664630607805,0.31649071836299186,1.0903204400582318,0.0,True,False
run-03,outer-context-01,1,1573,True,0,sealed-run03-retrospective,outer_once_8contexts_x_3banks,121114822,10,False,0.2821994333393136,0.1862209127263801,0.2434333439875763,0.14699842354331985,0.34010883536229475,0.39614507554551787,0.015333432219164585,1.6841494483862258,True,True,True,True,True,True,True,True,True,1.391664630607805,0.31649071836299186,1.0903204400582318,0.0,True,False
run-03,outer-context-01,1,1573,True,0,sealed-run03-retrospective,outer_once_8contexts_x_3banks,121114822,11,False,0.3714608469483193,0.16931254145470093,0.34171649603190274,0.1411000747863267,0.5441981494263457,0.587084391813635,0.026986111944309457,1.903386935291742,True,True,True,True,True,True,True,True,True,1.391664630607805,0.31649071836299186,1.0903204400582318,0.0,True,False
run-03,outer-context-01,1,1573,True,0,sealed-run03-retrospective,outer_once_8contexts_x_3banks,121114822,12,False,0.3228155046149852,0.2119511254502909,0.2762855556182482,0.1838685360508699,0.34342953662315495,0.33449819466882874,0.01066013830112505,1.8288955622927845,True,True,True,True,True,True,True,True,True,1.391664630607805,0.31649071836299186,1.0903204400582318,0.0,True,False
run-03,outer-context-01,1,1573,True,0,sealed-run03-retrospective,outer_once_8contexts_x_3banks,121114822,13,True,0.2906229447993314,0.3084245998936005,0.22569181648708386,0.2826019092347911,-0.06125343993937149,-0.2521584239673314,0.05498501014874725,2.0680920697162186,False,False,False,True,False,True,False,False,True,1.391664630607805,0.31649071836299186,1.0903204400582318,0.0,True,False
run-03,outer-context-01,1,1573,True,0,sealed-run03-retrospective,outer_once_8contexts_x_3banks,121114822,14,False,0.26239114815834796,0.27883079518176124,0.19714347959308762,0.23326166143835705,-0.0626532073920888,-0.18320759032872339,0.07284376841078662,1.724201022802215,False,False,False,True,True,True,True,False,True,1.391664630607805,0.31649071836299186,1.0903204400582318,0.0,True,False
run-03,outer-context-01,1,1573,True,0,sealed-run03-retrospective,outer_once_8contexts_x_3banks,121114822,15,False,0.21579577392077726,0.22747079707290382,0.11564906657019512,0.1571676173356943,-0.05410218624769126,-0.3590046335592237,0.01368048874844696,1.4105354079119823,False,False,False,True,True,True,True,False,True,1.391664630607805,0.31649071836299186,1.0903204400582318,0.0,True,False
run-03,outer-context-01,1,1573,True,0,sealed-run03-retrospective,outer_once_8contexts_x_3banks,121114822,16,False,0.3162214908878831,0.1811097052391503,0.2696422280254054,0.1359971585181764,0.42726945998947596,0.49563850026723966,0.040432716395049556,1.5364819674102907,True,True,True,True,True,True,True,True,True,1.391664630607805,0.31649071836299186,1.0903204400582318,0.0,True,False
run-03,outer-context-01,1,1573,True,0,sealed-run03-retrospective,outer_once_8contexts_x_3banks,121114822,17,False,0.3365647796458799,0.10311419087817775,0.3102161135458071,0.06543968206712046,0.6936275061619032,0.7890513122637728,0.007177969177028436,1.342297699963513,True,True,True,True,True,True,True,True,True,1.391664630607805,0.31649071836299186,1.0903204400582318,0.0,True,False
run-03,outer-context-01,1,1573,True,0,sealed-run03-retrospective,outer_once_8contexts_x_3banks,121114822,18,False,0.37500547503978066,0.11777935268053628,0.34619476312969943,0.07385215259351967,0.6859263116944033,0.7866745530005274,0.003785274875677682,1.4453509321438163,True,True,True,True,True,True,True,True,True,1.391664630607805,0.31649071836299186,1.0903204400582318,0.0,True,False
run-03,outer-context-01,1,1573,True,0,sealed-run03-retrospective,outer_once_8contexts_x_3banks,121114822,19,False,0.37700587315724665,0.13550716561970697,0.35269950085393836,0.10880305390475206,0.6405701468656224,0.6915134451811711,0.006492793612069576,1.673129151795216,True,True,True,True,True,True,True,True,True,1.391664630607805,0.31649071836299186,1.0903204400582318,0.0,True,False
run-03,outer-context-01,1,1573,True,0,sealed-run03-retrospective,outer_once_8contexts_x_3banks,121114822,20,True,0.3201261745926434,0.16365364476057687,0.2867020169332429,0.13063577323408054,0.48878393037112916,0.5443500027260065,0.039969674348115186,1.5610571573510303,True,True,True,True,True,True,True,True,True,1.391664630607805,0.31649071836299186,1.0903204400582318,0.0,True,False
run-03,outer-context-01,1,1573,True,0,sealed-run03-retrospective,outer_once_8contexts_x_3banks,121114822,21,True,0.2724343320373281,0.25620743376274147,0.1893045950948569,0.2157663315869457,0.05956260414477887,-0.13978391004628984,0.08332514206185573,1.62528917819004,False,False,False,True,True,True,True,False,True,1.391664630607805,0.31649071836299186,1.0903204400582318,0.0,True,False
run-03,outer-context-01,1,1573,True,0,sealed-run03-retrospective,outer_once_8contexts_x_3banks,121114822,22,False,0.20852811823999476,0.2977243087068051,0.11806149831002646,0.25045164793334,-0.4277417895468397,-1.1213659958444744,0.0318996227668724,1.6765386795564006,False,False,False,True,False,True,True,False,True,1.391664630607805,0.31649071836299186,1.0903204400582318,0.0,True,False
run-03,outer-context-01,1,1573,True,0,sealed-run03-retrospective,outer_once_8contexts_x_3banks,121114822,23,False,0.19516680040052958,0.25970125563903207,0.07983476977286535,0.2038565970259891,-0.33066307950974316,-1.5534813666523144,0.008406507934901487,1.4940150933429004,False,False,False,True,True,True,True,False,True,1.391664630607805,0.31649071836299186,1.0903204400582318,0.0,True,False
run-03,outer-context-01,1,1573,True,0,sealed-run03-retrospective,outer_once_8contexts_x_3banks,121114822,24,False,0.3322442395858185,0.1203735979048554,0.31397947177549107,0.08811364288156619,0.6376954554429137,0.7193649559848573,0.01294985728076775,1.507402604468908,True,True,True,True,True,True,True,True,True,1.391664630607805,0.31649071836299186,1.0903204400582318,0.0,True,False
run-03,outer-context-01,1,1573,True,0,sealed-run03-retrospective,outer_once_8contexts_x_3banks,121114822,25,False,0.3206511236281127,0.07211128044818586,0.3053042041213629,0.04016558092490638,0.77510984638925,0.8684407866557253,0.01344755452863714,1.2432734508630368,True,True,True,True,True,True,True,True,True,1.391664630607805,0.31649071836299186,1.0903204400582318,0.0,True,False
run-03,outer-context-01,1,1573,True,0,sealed-run03-retrospective,outer_once_8contexts_x_3banks,121114822,26,True,0.32890430010837896,0.07264778918239556,0.31047953587067567,0.033152606835205545,0.7791218018175591,0.8932212819043422,0.0029989468703020194,1.1499815757619836,True,True,True,True,True,True,True,True,True,1.391664630607805,0.31649071836299186,1.0903204400582318,0.0,True,False
run-03,outer-context-01,1,1573,True,0,sealed-run03-retrospective,outer_once_8contexts_x_3banks,121114822,27,True,0.3207087555167404,0.10160731530427032,0.2982212690374313,0.06195902950457937,0.6831788544701375,0.7922380596643408,0.0038157042582337005,1.2657190114123233,True,True,True,True,True,True,True,True,True,1.391664630607805,0.31649071836299186,1.0903204400582318,0.0,True,False
run-03,outer-context-01,1,1573,True,0,sealed-run03-retrospective,outer_once_8contexts_x_3banks,121114822,28,True,0.2867499014401768,0.17176311111928155,0.24984058180792956,0.13625938036499657,0.40100027844258695,0.4546147011867393,0.044478271829692634,1.4860275732083825,True,True,True,True,True,True,True,True,True,1.391664630607805,0.31649071836299186,1.0903204400582318,0.0,True,False
run-03,outer-context-01,1,1573,True,0,sealed-run03-retrospective,outer_once_8contexts_x_3banks,121114822,29,False,0.22638470676406047,0.21445572762837775,0.1414494631515676,0.1592638112881998,0.05269339659111857,-0.12594143335520175,0.025175599132636537,1.4147587302629616,False,False,False,True,True,True,True,False,True,1.391664630607805,0.31649071836299186,1.0903204400582318,0.0,True,False
run-03,outer-context-01,1,1573,True,0,sealed-run03-retrospective,outer_once_8contexts_x_3banks,121114822,30,False,0.19635194322644253,0.2919729344633657,0.06642203184538187,0.23418992233216895,-0.48698775100304675,-2.5257867882951777,0.0021545053267768323,1.5198340961744141,False,False,False,True,True,True,True,False,True,1.391664630607805,0.31649071836299186,1.0903204400582318,0.0,True,False
run-03,outer-context-01,1,1573,True,0,sealed-run03-retrospective,outer_once_8contexts_x_3banks,121114822,31,False,0.19047936875729357,0.31690416466701526,0.03574083735010511,0.25718367918775714,-0.663719103725142,-6.19579333490352,0.021310437045924016,1.5049605840083065,False,False,False,True,False,True,True,False,True,1.391664630607805,0.31649071836299186,1.0903204400582318,0.0,True,False
run-03,outer-context-01,1,1573,True,0,sealed-run03-retrospective,outer_once_8contexts_x_3banks,121114822,32,False,0.21557044128279979,0.19979081425880163,0.16652671093447868,0.15857417704122181,0.07319940029856589,0.04775530513171463,0.06839799610406148,1.4718018177481011,True,False,False,True,True,True,True,False,True,1.391664630607805,0.31649071836299186,1.0903204400582318,0.0,True,False
run-03,outer-context-01,1,1573,True,0,sealed-run03-retrospective,outer_once_8contexts_x_3banks,121114822,33,False,0.2531370281920679,0.11931247332881131,0.2159660583878503,0.05404171794568161,0.5286644779669181,0.7497675405612633,0.012555407423754196,1.1532417197073481,True,True,True,True,True,True,True,True,True,1.391664630607805,0.31649071836299186,1.0903204400582318,0.0,True,False
run-03,outer-context-01,1,1573,True,0,sealed-run03-retrospective,outer_once_8contexts_x_3banks,121114822,34,True,0.29199983354593284,0.09981228298345152,0.2634311170262356,0.03405823028413607,0.6581769182147476,0.8707129565079279,0.007549044159394714,1.0865785397248988,True,True,True,True,True,True,True,True,True,1.391664630607805,0.31649071836299186,1.0903204400582318,0.0,True,False
run-03,outer-context-01,1,1573,True,0,sealed-run03-retrospective,outer_once_8contexts_x_3banks,121114822,35,True,0.2981188176272513,0.12215920128665711,0.26491059859070715,0.07458603438043501,0.5902331752858447,0.7184482811287135,0.02132684967209373,1.2649171337736156,True,True,True,True,True,True,True,True,True,1.391664630607805,0.31649071836299186,1.0903204400582318,0.0,True,False
run-03,outer-context-01,1,1573,True,0,sealed-run03-retrospective,outer_once_8contexts_x_3banks,121114822,36,True,0.26493103664398543,0.18060668417165188,0.2126902901776598,0.132582998614306,0.31828793462824323,0.3766382165186776,0.07243064995318176,1.403862434441494,True,True,True,True,True,True,True,True,True,1.391664630607805,0.31649071836299186,1.0903204400582318,0.0,True,False
run-03,outer-context-01,1,1573,True,0,sealed-run03-retrospective,outer_once_8contexts_x_3banks,121114822,37,True,0.22042012394356064,0.20805924239437867,0.13299863393973035,0.150585762486505,0.05607873422821873,-0.1322354074309095,0.08312157655650616,1.3169151142422209,False,False,False,True,True,True,True,False,True,1.391664630607805,0.31649071836299186,1.0903204400582318,0.0,True,False
run-03,outer-context-01,1,1573,True,0,sealed-run03-retrospective,outer_once_8contexts_x_3banks,121114822,38,True,0.19107416995487003,0.18675785239362508,0.06403036747079933,0.08880600162326172,0.022589749112946183,-0.3869356858487679,0.03160501718754294,1.1694820636551515,False,False,False,True,True,True,True,False,True,1.391664630607805,0.31649071836299186,1.0903204400582318,0.0,True,False
run-03,outer-context-01,1,1573,True,0,sealed-run03-retrospective,outer_once_8contexts_x_3banks,121114822,39,False,0.18792841541683597,0.26215903987491646,0.03274883311904126,0.17198161582993324,-0.3949941486678995,-4.2515341601572185,0.030993717014305828,1.2977635142715513,False,False,False,True,True,True,True,False,True,1.391664630607805,0.31649071836299186,1.0903204400582318,0.0,True,False
run-03,outer-context-01,1,1573,True,0,sealed-run03-retrospective,outer_once_8contexts_x_3banks,121114822,40,False,0.19264869095897588,0.1841214060031714,0.16122112792835544,0.15364674964258562,0.04426339422996834,0.0469813006713101,0.033235101766056416,1.5329016805503957,True,False,False,True,True,True,True,False,True,1.391664630607805,0.31649071836299186,1.0903204400582318,0.0,True,False
run-03,outer-context-01,1,1573,True,0,sealed-run03-retrospective,outer_once_8contexts_x_3banks,121114822,41,True,0.2179889327058901,0.16023299992923487,0.13411195107493076,0.06614971299867738,0.26494892222156674,0.5067575076756706,0.04325736898329708,1.1076629298629577,True,True,True,True,True,True,True,True,True,1.391664630607805,0.31649071836299186,1.0903204400582318,0.0,True,False
run-03,outer-context-01,1,1573,True,0,sealed-run03-retrospective,outer_once_8contexts_x_3banks,121114822,42,True,0.244309435977796,0.16505242827380423,0.17036690790763048,0.08832230572760065,0.32441238868561356,0.4815759303708956,0.0029130851495719795,1.1913906381389385,True,True,True,True,True,True,True,True,True,1.391664630607805,0.31649071836299186,1.0903204400582318,0.0,True,False
run-03,outer-context-01,1,1573,True,0,sealed-run03-retrospective,outer_once_8contexts_x_3banks,121114822,43,True,0.2558539901560723,0.16749510547859225,0.18425096398219587,0.09676468668145202,0.34534886332466674,0.4748212731695538,0.01041298658350788,1.23348373966206,True,True,True,True,True,True,True,True,True,1.391664630607805,0.31649071836299186,1.0903204400582318,0.0,True,False
run-03,outer-context-01,1,1573,True,0,sealed-run03-retrospective,outer_once_8contexts_x_3banks,121114822,44,True,0.2542876565889201,0.18400933717591778,0.17243790647021684,0.12300759871958393,0.2763733024077289,0.2866556939971341,0.06796541877569262,1.271800257453416,True,True,True,True,True,True,True,True,True,1.391664630607805,0.31649071836299186,1.0903204400582318,0.0,True,False
run-03,outer-context-01,1,1573,True,0,sealed-run03-retrospective,outer_once_8contexts_x_3banks,121114822,45,True,0.23902837745399697,0.18399176715935076,0.13404057655643492,0.11446923513438279,0.23025136546909988,0.14601057325213787,0.015601906160412763,1.2796673475630886,True,True,True,True,True,True,True,True,True,1.391664630607805,0.31649071836299186,1.0903204400582318,0.0,True,False
run-03,outer-context-01,1,1573,True,0,sealed-run03-retrospective,outer_once_8contexts_x_3banks,121114822,46,True,0.20983909879022275,0.21831332381711133,0.0918706787557163,0.15240100199749768,-0.04038439488038549,-0.6588644392486879,0.05260083766177011,1.3710929531957934,False,False,False,True,True,True,True,False,True,1.391664630607805,0.31649071836299186,1.0903204400582318,0.0,True,False
run-03,outer-context-01,1,1573,True,0,sealed-run03-retrospective,outer_once_8contexts_x_3banks,121114822,47,False,0.18269186091135134,0.27293426537245646,0.022130323913683216,0.2160224854250648,-0.4939596324156662,-8.76137928516707,0.06209292832247808,1.4731224621964358,False,False,False,True,True,True,True,False,True,1.391664630607805,0.31649071836299186,1.0903204400582318,0.0,True,False
run-03,outer-context-01,1,1573,True,0,sealed-run03-retrospective,outer_once_8contexts_x_3banks,121114822,48,False,0.2016202276247489,0.21937999746394496,0.040929210819667265,0.1279466205824649,-0.08808525835140978,-2.1260466063270416,0.04147857505569309,1.2275774959456578,False,False,False,True,True,True,True,False,True,1.391664630607805,0.31649071836299186,1.0903204400582318,0.0,True,False
run-03,outer-context-01,1,1573,True,0,sealed-run03-retrospective,outer_once_8contexts_x_3banks,121114822,49,True,0.2078937960845067,0.22621420270977724,0.06408764812727367,0.1397941028295357,-0.0881238736812689,-1.1812955680931556,0.02169776909310082,1.258836676784846,False,False,False,True,True,True,True,False,True,1.391664630607805,0.31649071836299186,1.0903204400582318,0.0,True,False
run-03,outer-context-01,1,1573,True,0,sealed-run03-retrospective,outer_once_8contexts_x_3banks,121114822,50,True,0.22018973747611126,0.21322189224734134,0.07829635661952856,0.1181965404971946,0.0316447319872293,-0.5096046048675805,0.0005448509514886109,1.197855883899464,False,False,False,True,True,True,True,False,True,1.391664630607805,0.31649071836299186,1.0903204400582318,0.0,True,False
run-03,outer-context-01,1,1573,True,0,sealed-run03-retrospective,outer_once_8contexts_x_3banks,121114822,51,True,0.23215105615427997,0.20248633939880226,0.08953730551576161,0.08925027887423517,0.12778195906963058,0.0032056653913481057,0.08417524117008,1.065090305615753,True,True,False,True,True,True,True,False,True,1.391664630607805,0.31649071836299186,1.0903204400582318,0.0,True,False
run-03,outer-context-01,1,1573,True,0,sealed-run03-retrospective,outer_once_8contexts_x_3banks,121114822,52,True,0.2522737679654982,0.1754789957390937,0.10859051159245944,0.03408367670088052,0.3044104539513883,0.6861265666672915,0.01080608407476002,1.0590075105644472,True,True,True,True,True,True,True,True,True,1.391664630607805,0.31649071836299186,1.0903204400582318,0.0,True,False
run-03,outer-context-01,1,1573,True,0,sealed-run03-retrospective,outer_once_8contexts_x_3banks,121114822,53,True,0.25619487966415816,0.16865105317779241,0.08698814043355152,0.031079314740008385,0.34170794748562333,0.6427177936543057,0.004001060488868739,1.0111714935149767,True,True,True,True,True,True,True,True,True,1.391664630607805,0.31649071836299186,1.0903204400582318,0.0,True,False
run-03,outer-context-01,1,1573,True,0,sealed-run03-retrospective,outer_once_8contexts_x_3banks,121114822,54,False,0.2179696770391864,0.1939686811059857,0.03514555026859036,0.06834892282207537,0.11011162772373072,-0.9447390153159423,0.03743205153032024,1.1280895048604158,False,True,False,True,True,True,True,False,True,1.391664630607805,0.31649071836299186,1.0903204400582318,0.0,True,False
run-03,outer-context-01,1,1573,True,0,sealed-run03-retrospective,outer_once_8contexts_x_3banks,121114822,55,False,0.2345861488785036,0.21402162310526798,0.07347293825404,0.037811303171723196,0.08766300087004009,0.4853710213550076,0.03400463348331322,1.0053724646173483,True,False,True,True,True,True,True,False,True,1.391664630607805,0.31649071836299186,1.0903204400582318,0.0,True,False
run-03,outer-context-01,1,1573,True,0,sealed-run03-retrospective,outer_once_8contexts_x_3banks,121114822,56,False,0.1972622207001993,0.24790961939005232,0.0395320024707489,0.17998065600633775,-0.2567516400762178,-3.552783688089458,0.03445370445120002,1.3229389474037792,False,False,False,True,True,True,True,False,True,1.391664630607805,0.31649071836299186,1.0903204400582318,0.0,True,False
run-03,outer-context-01,1,1573,True,0,sealed-run03-retrospective,outer_once_8contexts_x_3banks,121114822,57,False,0.19138212202226051,0.2814190822426464,0.045353174315970794,0.22567389173486405,-0.4704564839651703,-3.975922747162476,0.018864282054839084,1.4067079343328077,False,False,False,True,True,True,True,False,True,1.391664630607805,0.31649071836299186,1.0903204400582318,0.0,True,False
run-03,outer-context-01,1,1573,True,0,sealed-run03-retrospective,outer_once_8contexts_x_3banks,121114822,58,False,0.2024139621348211,0.24585885814042213,0.04759530227638839,0.17128535364214267,-0.21463388961609206,-2.598786969509716,0.023826237953900695,1.282163391215741,False,False,False,True,True,True,True,False,True,1.391664630607805,0.31649071836299186,1.0903204400582318,0.0,True,False
run-03,outer-context-01,1,1573,True,0,sealed-run03-retrospective,outer_once_8contexts_x_3banks,121114822,59,False,0.22590578633759192,0.23686968517365248,0.054964217586153864,0.13773116485677656,-0.04853305890835476,-1.505833265813151,0.035804427902270876,1.176619161989419,False,False,False,True,True,True,True,False,True,1.391664630607805,0.31649071836299186,1.0903204400582318,0.0,True,False
run-03,outer-context-01,1,1573,True,0,sealed-run03-retrospective,outer_once_8contexts_x_3banks,121114822,60,False,0.27016890175359737,0.2256651829306186,0.05555961703076583,0.08443132016496127,0.16472554218533847,-0.5196526663999123,0.038452559043100874,1.1298955061652416,False,True,False,True,True,True,True,False,True,1.391664630607805,0.31649071836299186,1.0903204400582318,0.0,True,False
run-03,outer-context-01,1,1573,True,0,sealed-run03-retrospective,outer_once_8contexts_x_3banks,121114822,61,False,0.3168016715824459,0.2512280306856721,0.07080936830270608,0.10140479605984407,0.2069864106752624,-0.43208163680184586,0.011625790156648174,1.2752514843919887,False,True,False,True,True,True,True,False,True,1.391664630607805,0.31649071836299186,1.0903204400582318,0.0,True,False
run-03,outer-context-01,1,1573,True,0,sealed-run03-retrospective,outer_once_8contexts_x_3banks,121114822,62,False,0.27173422358613103,0.22165619200700024,0.07121499222184828,0.05260142477888231,0.18429048398188852,0.26137147336871375,0.03454525178040249,1.0829703939171325,True,True,True,True,True,True,True,True,True,1.391664630607805,0.31649071836299186,1.0903204400582318,0.0,True,False
run-03,outer-context-01,1,1573,True,0,sealed-run03-retrospective,outer_once_8contexts_x_3banks,121114822,63,False,0.3289600108937186,0.27403179125625926,0.20705300728189643,0.06844578512952156,0.166975370313949,0.6694286838522722,0.0181031945962267,1.0050021748473383,True,True,True,True,True,True,True,True,True,1.391664630607805,0.31649071836299186,1.0903204400582318,0.0,True,False
run-03,outer-context-01,1,1573,True,1,sealed-run03-retrospective,outer_once_8contexts_x_3banks,1415980126,0,False,0.32967078174122155,0.2529350689118594,0.23074903391885845,0.19694754637798592,0.23276467639645612,0.14648593307982657,0.011771995982617066,1.416661746247936,True,True,True,True,True,True,True,True,True,1.3699858266695801,0.3195531772820788,1.0368489634891342,0.0,True,False
run-03,outer-context-01,1,1573,True,1,sealed-run03-retrospective,outer_once_8contexts_x_3banks,1415980126,1,True,0.28097947177369004,0.23633380363272471,0.18769444835250107,0.18373860644604573,0.15889298908257748,0.021075966503953502,0.04288350016903907,1.3945392972116994,True,True,False,True,True,True,True,False,True,1.3699858266695801,0.3195531772820788,1.0368489634891342,0.0,True,False
run-03,outer-context-01,1,1573,True,1,sealed-run03-retrospective,outer_once_8contexts_x_3banks,1415980126,2,False,0.25772415602205617,0.2373471754468008,0.19889680044085736,0.19393823526898707,0.07906507829833183,0.024930341568489636,0.05664132137321374,1.5678316898728393,True,False,False,True,True,True,True,False,True,1.3699858266695801,0.3195531772820788,1.0368489634891342,0.0,True,False
run-03,outer-context-01,1,1573,True,1,sealed-run03-retrospective,outer_once_8contexts_x_3banks,1415980126,3,False,0.2982064608255314,0.19955524498961263,0.27115304916095706,0.17392275555774836,0.3308151525718809,0.3585808601602432,0.06808765290433441,1.7930808566620822,True,True,True,True,True,True,True,True,True,1.3699858266695801,0.3195531772820788,1.0368489634891342,0.0,True,False
run-03,outer-context-01,1,1573,True,1,sealed-run03-retrospective,outer_once_8contexts_x_3banks,1415980126,4,False,0.22824682342491034,0.17210663066808107,0.19317086300488978,0.12947484191437333,0.24596264655266287,0.329739278997289,0.058816937668745635,1.4649975376235043,True,True,True,True,True,True,True,True,True,1.3699858266695801,0.3195531772820788,1.0368489634891342,0.0,True,False
run-03,outer-context-01,1,1573,True,1,sealed-run03-retrospective,outer_once_8contexts_x_3banks,1415980126,5,False,0.22210735253742941,0.202729619251367,0.167513104808117,0.1569769673781189,0.08724489785990709,0.06289739207011333,0.018636214818556034,1.4755873181338623,True,False,False,True,True,True,True,False,True,1.3699858266695801,0.3195531772820788,1.0368489634891342,0.0,True,False
run-03,outer-context-01,1,1573,True,1,sealed-run03-retrospective,outer_once_8contexts_x_3banks,1415980126,6,False,0.2227890787598986,0.23319024392131157,0.1300313458190744,0.14862082184083997,-0.04668615364500158,-0.14296149828081414,0.018757876321457215,1.3214064482588097,False,False,False,True,True,True,True,False,True,1.3699858266695801,0.3195531772820788,1.0368489634891342,0.0,True,False
run-03,outer-context-01,1,1573,True,1,sealed-run03-retrospective,outer_once_8contexts_x_3banks,1415980126,7,False,0.2276589086922219,0.2582862146791667,0.10395085969403779,0.16750052428354942,-0.13453155056783056,-0.6113433287282046,0.018131232801905983,1.3320539227147294,False,False,False,True,True,True,True,False,True,1.3699858266695801,0.3195531772820788,1.0368489634891342,0.0,True,False
run-03,outer-context-01,1,1573,True,1,sealed-run03-retrospective,outer_once_8contexts_x_3banks,1415980126,8,False,0.34281151336981047,0.2363428548211254,0.2565017624837581,0.17975069750886918,0.3105749206090147,0.2992223688121787,0.034120971007924196,1.5009103313157217,True,True,True,True,True,True,True,True,True,1.3699858266695801,0.3195531772820788,1.0368489634891342,0.0,True,False
run-03,outer-context-01,1,1573,True,1,sealed-run03-retrospective,outer_once_8contexts_x_3banks,1415980126,9,False,0.30949438085697545,0.24589753159518804,0.2698374715075092,0.20799813812782839,0.20548628083550569,0.22917252016260428,0.014008604350393602,1.704276495996775,True,True,True,True,True,True,True,True,True,1.3699858266695801,0.3195531772820788,1.0368489634891342,0.0,True,False
run-03,outer-context-01,1,1573,True,1,sealed-run03-retrospective,outer_once_8contexts_x_3banks,1415980126,10,False,0.2888024485182648,0.1917870625903209,0.25427571207876254,0.15483481923256506,0.33592300351223764,0.3910750737191738,0.013512109494532036,1.720165090899296,True,True,True,True,True,True,True,True,True,1.3699858266695801,0.3195531772820788,1.0368489634891342,0.0,True,False
run-03,outer-context-01,1,1573,True,1,sealed-run03-retrospective,outer_once_8contexts_x_3banks,1415980126,11,False,0.3619752894644893,0.16914174286279382,0.3333257619884066,0.14079728257484755,0.5327257197224037,0.5775985578344087,0.027529355445457808,1.9000222588914322,True,True,True,True,True,True,True,True,True,1.3699858266695801,0.3195531772820788,1.0368489634891342,0.0,True,False
run-03,outer-context-01,1,1573,True,1,sealed-run03-retrospective,outer_once_8contexts_x_3banks,1415980126,12,False,0.3029120483795052,0.20569678660583693,0.2500321002378773,0.17393776448597778,0.3209356058755099,0.3043382656847035,0.010148659477480648,1.780556667290667,True,True,True,True,True,True,True,True,True,1.3699858266695801,0.3195531772820788,1.0368489634891342,0.0,True,False
run-03,outer-context-01,1,1573,True,1,sealed-run03-retrospective,outer_once_8contexts_x_3banks,1415980126,13,True,0.2897815253376884,0.3100833216109905,0.22135840564433132,0.28481058013704247,-0.07005897373769422,-0.2866490400850792,0.055184779290956186,2.049319646750188,False,False,False,True,False,True,False,False,True,1.3699858266695801,0.3195531772820788,1.0368489634891342,0.0,True,False
run-03,outer-context-01,1,1573,True,1,sealed-run03-retrospective,outer_once_8contexts_x_3banks,1415980126,14,False,0.2651144211508948,0.27894429839184415,0.20392694494380578,0.234517433069095,-0.05216569200917905,-0.150007092656239,0.07369143676345928,1.741206873493991,False,False,False,True,True,True,True,False,True,1.3699858266695801,0.3195531772820788,1.0368489634891342,0.0,True,False
run-03,outer-context-01,1,1573,True,1,sealed-run03-retrospective,outer_once_8contexts_x_3banks,1415980126,15,False,0.23058749403538034,0.22668685785879053,0.1438785200686402,0.15535393878891485,0.01691607861435588,-0.07975769221701806,0.015067054694246948,1.4121253475696514,False,False,False,True,True,True,True,False,True,1.3699858266695801,0.3195531772820788,1.0368489634891342,0.0,True,False
run-03,outer-context-01,1,1573,True,1,sealed-run03-retrospective,outer_once_8contexts_x_3banks,1415980126,16,False,0.33082010333317496,0.1920420062564444,0.2846658440157122,0.1436026883061868,0.41949716984691404,0.4955394497618035,0.04131509836497581,1.5597978927513747,True,True,True,True,True,True,True,True,True,1.3699858266695801,0.3195531772820788,1.0368489634891342,0.0,True,False
run-03,outer-context-01,1,1573,True,1,sealed-run03-retrospective,outer_once_8contexts_x_3banks,1415980126,17,False,0.35197831238781735,0.10460583272045934,0.3265179607027618,0.06822653237976224,0.702806027988445,0.7910481486748268,0.00679804893487299,1.3738063027828904,True,True,True,True,True,True,True,True,True,1.3699858266695801,0.3195531772820788,1.0368489634891342,0.0,True,False
run-03,outer-context-01,1,1573,True,1,sealed-run03-retrospective,outer_once_8contexts_x_3banks,1415980126,18,False,0.3809909339178988,0.11526990240654257,0.3526839432679821,0.07360445668081274,0.6974471249980386,0.7913019345343846,0.0031500761401206286,1.4544449613252932,True,True,True,True,True,True,True,True,True,1.3699858266695801,0.3195531772820788,1.0368489634891342,0.0,True,False
run-03,outer-context-01,1,1573,True,1,sealed-run03-retrospective,outer_once_8contexts_x_3banks,1415980126,19,False,0.3809978779653533,0.13288707453406182,0.3559762855004414,0.10504738262583248,0.6512130848504459,0.7049034250184562,0.005969118746015332,1.6494481633001963,True,True,True,True,True,True,True,True,True,1.3699858266695801,0.3195531772820788,1.0368489634891342,0.0,True,False
run-03,outer-context-01,1,1573,True,1,sealed-run03-retrospective,outer_once_8contexts_x_3banks,1415980126,20,True,0.3264539111882275,0.15586302123084592,0.2898578556469505,0.11971809884668351,0.5225573476404818,0.5869765248229075,0.039839024025321,1.5062067410517903,True,True,True,True,True,True,True,True,True,1.3699858266695801,0.3195531772820788,1.0368489634891342,0.0,True,False
run-03,outer-context-01,1,1573,True,1,sealed-run03-retrospective,outer_once_8contexts_x_3banks,1415980126,21,True,0.2796782332142771,0.25260227073563996,0.19357964303563266,0.20852278512024155,0.0968111181462332,-0.07719376815804065,0.08402552241518434,1.5788797758161854,False,False,False,True,True,True,True,False,True,1.3699858266695801,0.3195531772820788,1.0368489634891342,0.0,True,False
run-03,outer-context-01,1,1573,True,1,sealed-run03-retrospective,outer_once_8contexts_x_3banks,1415980126,22,False,0.2078504789314766,0.2992155069467966,0.11485256796010293,0.2503892822925585,-0.43957092851078255,-1.1800930248206365,0.03285113211587105,1.6628863168651673,False,False,False,True,False,True,True,False,True,1.3699858266695801,0.3195531772820788,1.0368489634891342,0.0,True,False
run-03,outer-context-01,1,1573,True,1,sealed-run03-retrospective,outer_once_8contexts_x_3banks,1415980126,23,False,0.20387147630476432,0.262523166654516,0.08112190271166364,0.2078984073834474,-0.28768953564683175,-1.5627900780679782,0.0087843919217186,1.493145383340342,False,False,False,True,True,True,True,False,True,1.3699858266695801,0.3195531772820788,1.0368489634891342,0.0,True,False
run-03,outer-context-01,1,1573,True,1,sealed-run03-retrospective,outer_once_8contexts_x_3banks,1415980126,24,False,0.31200116317066073,0.1113749178557346,0.29230891977197193,0.07470643428503057,0.6430304402589232,0.7444264296029403,0.010607506405801293,1.4247641080323787,True,True,True,True,True,True,True,True,True,1.3699858266695801,0.3195531772820788,1.0368489634891342,0.0,True,False
run-03,outer-context-01,1,1573,True,1,sealed-run03-retrospective,outer_once_8contexts_x_3banks,1415980126,25,False,0.3510089135328558,0.0722387563824271,0.3378465159473458,0.039286666429342774,0.794196803564462,0.8837144544196938,0.011851751799653455,1.2590885333906041,True,True,True,True,True,True,True,True,True,1.3699858266695801,0.3195531772820788,1.0368489634891342,0.0,True,False
run-03,outer-context-01,1,1573,True,1,sealed-run03-retrospective,outer_once_8contexts_x_3banks,1415980126,26,True,0.36792984340773394,0.07547052823372224,0.3495261845465777,0.035846614490845544,0.7948779377755258,0.897442263052917,0.003948264991213818,1.163342677949171,True,True,True,True,True,True,True,True,True,1.3699858266695801,0.3195531772820788,1.0368489634891342,0.0,True,False
run-03,outer-context-01,1,1573,True,1,sealed-run03-retrospective,outer_once_8contexts_x_3banks,1415980126,27,True,0.3504532235503001,0.10038508740110756,0.33006041972544053,0.05769743839192312,0.7135563873998738,0.8251912833416425,0.003142653232481125,1.2391884980701073,True,True,True,True,True,True,True,True,True,1.3699858266695801,0.3195531772820788,1.0368489634891342,0.0,True,False
run-03,outer-context-01,1,1573,True,1,sealed-run03-retrospective,outer_once_8contexts_x_3banks,1415980126,28,True,0.3056468945291446,0.16410994396826564,0.2707723410942029,0.12649761788299657,0.4630734127985157,0.5328266640092775,0.04515186871703908,1.4320790039942117,True,True,True,True,True,True,True,True,True,1.3699858266695801,0.3195531772820788,1.0368489634891342,0.0,True,False
run-03,outer-context-01,1,1573,True,1,sealed-run03-retrospective,outer_once_8contexts_x_3banks,1415980126,29,False,0.2344309246849981,0.20826586353270013,0.1546661675543532,0.14637432088649419,0.11161096253600344,0.05361125059845468,0.02683995020445953,1.3660835653750132,True,True,False,True,True,True,True,False,True,1.3699858266695801,0.3195531772820788,1.0368489634891342,0.0,True,False
run-03,outer-context-01,1,1573,True,1,sealed-run03-retrospective,outer_once_8contexts_x_3banks,1415980126,30,False,0.19764113745296832,0.28526998295264133,0.0588896490270064,0.22827854709080067,-0.44337351337357894,-2.8763781218345117,9.157749937350611e-05,1.4949758022141795,False,False,False,True,True,True,True,False,True,1.3699858266695801,0.3195531772820788,1.0368489634891342,0.0,True,False
run-03,outer-context-01,1,1573,True,1,sealed-run03-retrospective,outer_once_8contexts_x_3banks,1415980126,31,False,0.19547513008817172,0.31697134507807906,0.01724278945255056,0.2570201065595222,-0.6215430829236682,-13.90594704915936,0.019249289255818973,1.4915710795156392,False,False,False,True,False,True,True,False,True,1.3699858266695801,0.3195531772820788,1.0368489634891342,0.0,True,False
run-03,outer-context-01,1,1573,True,1,sealed-run03-retrospective,outer_once_8contexts_x_3banks,1415980126,32,False,0.2244301599629237,0.18983589498015885,0.17975553154551285,0.15145588129794982,0.1541426739992517,0.15743409954757226,0.0674481640194371,1.4379615883709724,True,True,True,True,True,True,True,True,True,1.3699858266695801,0.3195531772820788,1.0368489634891342,0.0,True,False
run-03,outer-context-01,1,1573,True,1,sealed-run03-retrospective,outer_once_8contexts_x_3banks,1415980126,33,False,0.28386938360727587,0.11994132303915594,0.2560791588258139,0.05799092672506677,0.5774770723246051,0.773542966202445,0.010699556754820665,1.181143133941055,True,True,True,True,True,True,True,True,True,1.3699858266695801,0.3195531772820788,1.0368489634891342,0.0,True,False
run-03,outer-context-01,1,1573,True,1,sealed-run03-retrospective,outer_once_8contexts_x_3banks,1415980126,34,True,0.32474567278384486,0.1013437738631595,0.30184286113939096,0.035509001174787995,0.6879287936482673,0.8823593142446726,0.006580631625733166,1.105287918519103,True,True,True,True,True,True,True,True,True,1.3699858266695801,0.3195531772820788,1.0368489634891342,0.0,True,False
run-03,outer-context-01,1,1573,True,1,sealed-run03-retrospective,outer_once_8contexts_x_3banks,1415980126,35,True,0.32456555669969483,0.12254935706355087,0.2953881704401921,0.07251060531378264,0.622420326082413,0.7545243426447098,0.02112123599088812,1.2468672805017729,True,True,True,True,True,True,True,True,True,1.3699858266695801,0.3195531772820788,1.0368489634891342,0.0,True,False
run-03,outer-context-01,1,1573,True,1,sealed-run03-retrospective,outer_once_8contexts_x_3banks,1415980126,36,True,0.2812529826897578,0.17695088918911803,0.23518264386620363,0.12535221861873486,0.3708479551155283,0.4670005551513051,0.07306282088223376,1.3655478046277993,True,True,True,True,True,True,True,True,True,1.3699858266695801,0.3195531772820788,1.0368489634891342,0.0,True,False
run-03,outer-context-01,1,1573,True,1,sealed-run03-retrospective,outer_once_8contexts_x_3banks,1415980126,37,True,0.22373824061173558,0.19862233574227228,0.1441053126291495,0.13896711157966415,0.11225575387020324,0.03565587524665618,0.08116634279416891,1.2778725772518933,True,True,False,True,True,True,True,False,True,1.3699858266695801,0.3195531772820788,1.0368489634891342,0.0,True,False
run-03,outer-context-01,1,1573,True,1,sealed-run03-retrospective,outer_once_8contexts_x_3banks,1415980126,38,True,0.19497333389776755,0.18107150868873503,0.06526369329675287,0.07823381176590938,0.07130116170820473,-0.19873405585831017,0.029534137053750728,1.14535369653929,False,False,False,True,True,True,True,False,True,1.3699858266695801,0.3195531772820788,1.0368489634891342,0.0,True,False
run-03,outer-context-01,1,1573,True,1,sealed-run03-retrospective,outer_once_8contexts_x_3banks,1415980126,39,False,0.19632007006535646,0.25864186018481655,0.038032073978079506,0.16614037622066008,-0.31744991787499205,-3.368427983086544,0.027707344867495032,1.2817184196484668,False,False,False,True,True,True,True,False,True,1.3699858266695801,0.3195531772820788,1.0368489634891342,0.0,True,False
run-03,outer-context-01,1,1573,True,1,sealed-run03-retrospective,outer_once_8contexts_x_3banks,1415980126,40,False,0.18855750300900873,0.18946171351218447,0.15632623904503562,0.15748225693292417,-0.004795409828547311,-0.007394906286688797,0.03547516094104036,1.5231370896571919,False,False,False,True,True,True,True,False,True,1.3699858266695801,0.3195531772820788,1.0368489634891342,0.0,True,False
run-03,outer-context-01,1,1573,True,1,sealed-run03-retrospective,outer_once_8contexts_x_3banks,1415980126,41,True,0.223554259262934,0.16325107230930683,0.15014455997288034,0.06220455044451339,0.26974743023214515,0.5857022694944858,0.04125888915393517,1.109123655916456,True,True,True,True,True,True,True,True,True,1.3699858266695801,0.3195531772820788,1.0368489634891342,0.0,True,False
run-03,outer-context-01,1,1573,True,1,sealed-run03-retrospective,outer_once_8contexts_x_3banks,1415980126,42,True,0.2564542776709517,0.16613751899879137,0.18769271065864973,0.08589499830540104,0.35217489640801736,0.5423636964697296,0.0015294970106619122,1.1952557139564597,True,True,True,True,True,True,True,True,True,1.3699858266695801,0.3195531772820788,1.0368489634891342,0.0,True,False
run-03,outer-context-01,1,1573,True,1,sealed-run03-retrospective,outer_once_8contexts_x_3banks,1415980126,43,True,0.2657213636704315,0.16689237286227496,0.2029631101811954,0.10105337349431136,0.3719271549830371,0.5021096523200895,0.010294499925382889,1.238341665489367,True,True,True,True,True,True,True,True,True,1.3699858266695801,0.3195531772820788,1.0368489634891342,0.0,True,False
run-03,outer-context-01,1,1573,True,1,sealed-run03-retrospective,outer_once_8contexts_x_3banks,1415980126,44,True,0.2619380989255306,0.18226037882508186,0.18542754955741292,0.12312839012104593,0.30418530342583433,0.3359757467812389,0.06693775186056351,1.2679688654930192,True,True,True,True,True,True,True,True,True,1.3699858266695801,0.3195531772820788,1.0368489634891342,0.0,True,False
run-03,outer-context-01,1,1573,True,1,sealed-run03-retrospective,outer_once_8contexts_x_3banks,1415980126,45,True,0.23905387440842504,0.17801731509533306,0.13444781206701603,0.10803830259103862,0.2553255389151763,0.196429447753404,0.01397607053556279,1.2703678167424415,True,True,True,True,True,True,True,True,True,1.3699858266695801,0.3195531772820788,1.0368489634891342,0.0,True,False
run-03,outer-context-01,1,1573,True,1,sealed-run03-retrospective,outer_once_8contexts_x_3banks,1415980126,46,True,0.208216824142767,0.20994806849471312,0.08750916400924867,0.15234423423293608,-0.008314622793204636,-0.740894636095885,0.049935954313337506,1.3699770149390607,False,False,False,True,True,True,True,False,True,1.3699858266695801,0.3195531772820788,1.0368489634891342,0.0,True,False
run-03,outer-context-01,1,1573,True,1,sealed-run03-retrospective,outer_once_8contexts_x_3banks,1415980126,47,False,0.18340073695824927,0.2729077320394101,0.021237870909804737,0.2181995198617929,-0.48804054207010567,-9.274076944363488,0.058910563550376195,1.4760479202616963,False,False,False,True,True,True,True,False,True,1.3699858266695801,0.3195531772820788,1.0368489634891342,0.0,True,False
run-03,outer-context-01,1,1573,True,1,sealed-run03-retrospective,outer_once_8contexts_x_3banks,1415980126,48,False,0.19011497267976332,0.22042165172897124,0.044611790534823094,0.12983242623163477,-0.15941237358646973,-1.9102715823587066,0.042483045350827024,1.2415922123121679,False,False,False,True,True,True,True,False,True,1.3699858266695801,0.3195531772820788,1.0368489634891342,0.0,True,False
run-03,outer-context-01,1,1573,True,1,sealed-run03-retrospective,outer_once_8contexts_x_3banks,1415980126,49,True,0.20476589841931286,0.2258513078295145,0.07571994307270331,0.1295163843126028,-0.10297324687836273,-0.7104659493503085,0.023154827918971495,1.2533315721948324,False,False,False,True,True,True,True,False,True,1.3699858266695801,0.3195531772820788,1.0368489634891342,0.0,True,False
run-03,outer-context-01,1,1573,True,1,sealed-run03-retrospective,outer_once_8contexts_x_3banks,1415980126,50,True,0.22379353274148628,0.21300587258964848,0.08829548973138909,0.10517153623849686,0.0482036277799819,-0.19113146728612934,0.000921197718827289,1.1858754687692066,False,False,False,True,True,True,True,False,True,1.3699858266695801,0.3195531772820788,1.0368489634891342,0.0,True,False
run-03,outer-context-01,1,1573,True,1,sealed-run03-retrospective,outer_once_8contexts_x_3banks,1415980126,51,True,0.23918210647053792,0.2005350586893157,0.09589743936995564,0.08529694760517138,0.16158001261679958,0.11053988338405367,0.08359961805761737,1.0623217052881182,True,True,True,True,True,True,True,True,True,1.3699858266695801,0.3195531772820788,1.0368489634891342,0.0,True,False
run-03,outer-context-01,1,1573,True,1,sealed-run03-retrospective,outer_once_8contexts_x_3banks,1415980126,52,True,0.26161981105893456,0.174032246763503,0.11262462818138695,0.02925793021511363,0.3347894944993324,0.7402172980496554,0.011194432471499606,1.0397302895647833,True,True,True,True,True,True,True,True,True,1.3699858266695801,0.3195531772820788,1.0368489634891342,0.0,True,False
run-03,outer-context-01,1,1573,True,1,sealed-run03-retrospective,outer_once_8contexts_x_3banks,1415980126,53,True,0.26630196477626783,0.16840804014430494,0.09184236345647184,0.02778441689801235,0.36760496571704965,0.6974771134762814,0.0025157789642028076,1.0214968682596532,True,True,True,True,True,True,True,True,True,1.3699858266695801,0.3195531772820788,1.0368489634891342,0.0,True,False
run-03,outer-context-01,1,1573,True,1,sealed-run03-retrospective,outer_once_8contexts_x_3banks,1415980126,54,False,0.22270120046203304,0.19534619965930483,0.049663367756172215,0.07963025191673855,0.12283274964829745,-0.6034001622220236,0.03311026124080024,1.1543453460852837,False,True,False,True,True,True,True,False,True,1.3699858266695801,0.3195531772820788,1.0368489634891342,0.0,True,False
run-03,outer-context-01,1,1573,True,1,sealed-run03-retrospective,outer_once_8contexts_x_3banks,1415980126,55,False,0.23629173424095765,0.21251213764425808,0.06308303144066339,0.03602360749325438,0.10063659938459975,0.428949328043333,0.02819385135331517,1.0008652114071834,True,True,True,True,True,True,True,True,True,1.3699858266695801,0.3195531772820788,1.0368489634891342,0.0,True,False
run-03,outer-context-01,1,1573,True,1,sealed-run03-retrospective,outer_once_8contexts_x_3banks,1415980126,56,False,0.19403027893432567,0.24914895499874581,0.043505572949794076,0.17869954400942226,-0.2840725497440346,-3.10750926589666,0.03612790075389881,1.325857455636953,False,False,False,True,True,True,True,False,True,1.3699858266695801,0.3195531772820788,1.0368489634891342,0.0,True,False
run-03,outer-context-01,1,1573,True,1,sealed-run03-retrospective,outer_once_8contexts_x_3banks,1415980126,57,False,0.18785691861667192,0.2736220944721864,0.046591799599169245,0.20627835849168827,-0.4565452073155797,-3.427353316813423,0.01589093761576821,1.377659302275504,False,False,False,True,True,True,True,False,True,1.3699858266695801,0.3195531772820788,1.0368489634891342,0.0,True,False
run-03,outer-context-01,1,1573,True,1,sealed-run03-retrospective,outer_once_8contexts_x_3banks,1415980126,58,False,0.2073376709705083,0.23566025166255028,0.05887481853620116,0.15275528495305238,-0.13660122909391895,-1.5945775927806156,0.02217380079838665,1.2547114873323209,False,False,False,True,True,True,True,False,True,1.3699858266695801,0.3195531772820788,1.0368489634891342,0.0,True,False
run-03,outer-context-01,1,1573,True,1,sealed-run03-retrospective,outer_once_8contexts_x_3banks,1415980126,59,False,0.22903136126941326,0.22758233542833134,0.05950942605458492,0.12331096777555961,0.0063267573185202645,-1.0721249716381542,0.03421918022913659,1.1338175489426432,False,False,False,True,True,True,True,False,True,1.3699858266695801,0.3195531772820788,1.0368489634891342,0.0,True,False
run-03,outer-context-01,1,1573,True,1,sealed-run03-retrospective,outer_once_8contexts_x_3banks,1415980126,60,False,0.2693585970073376,0.22303257174889168,0.06580755238606599,0.09106738978703077,0.171986436568735,-0.38384404958226753,0.037231311665092456,1.1686691910876643,False,True,False,True,True,True,True,False,True,1.3699858266695801,0.3195531772820788,1.0368489634891342,0.0,True,False
run-03,outer-context-01,1,1573,True,1,sealed-run03-retrospective,outer_once_8contexts_x_3banks,1415980126,61,False,0.3207109549175107,0.24814793527985915,0.058439552970599294,0.09915178943948164,0.22625675401800768,-0.6966555081173278,0.011755412645864879,1.2511787000738221,False,True,False,True,True,True,True,False,True,1.3699858266695801,0.3195531772820788,1.0368489634891342,0.0,True,False
run-03,outer-context-01,1,1573,True,1,sealed-run03-retrospective,outer_once_8contexts_x_3banks,1415980126,62,False,0.27311359262992524,0.21817982397911867,0.06783165143328122,0.04948897274837619,0.20113890385984193,0.2704147444050773,0.029912125046126913,1.0676603670469256,True,True,True,True,True,True,True,True,True,1.3699858266695801,0.3195531772820788,1.0368489634891342,0.0,True,False
run-03,outer-context-01,1,1573,True,1,sealed-run03-retrospective,outer_once_8contexts_x_3banks,1415980126,63,False,0.3293880909214383,0.2790216980320321,0.201783970324167,0.08311782710228906,0.1529089674994321,0.5880850844159731,0.012311506329076287,1.0159044219856623,True,True,True,True,True,True,True,True,True,1.3699858266695801,0.3195531772820788,1.0368489634891342,0.0,True,False
run-03,outer-context-01,1,1573,True,2,sealed-run03-retrospective,outer_once_8contexts_x_3banks,1500604053,0,False,0.32740658497967284,0.2414499554836732,0.21274896540678245,0.1726449649211136,0.2625378762657944,0.18850385668850989,0.00839202446531443,1.3598463752393335,True,True,True,True,True,True,True,True,True,1.3661369197176567,0.3195236111359253,1.0079795275226142,0.0,True,False
run-03,outer-context-01,1,1573,True,2,sealed-run03-retrospective,outer_once_8contexts_x_3banks,1500604053,1,True,0.2759761219244426,0.23075866247935145,0.1672573542280618,0.17067189721932294,0.16384554986054514,-0.020414904964987605,0.04494181361553507,1.3623696021041372,False,True,False,True,True,True,True,False,True,1.3661369197176567,0.3195236111359253,1.0079795275226142,0.0,True,False
run-03,outer-context-01,1,1573,True,2,sealed-run03-retrospective,outer_once_8contexts_x_3banks,1500604053,2,False,0.268619053511516,0.2442402383986931,0.2080840266470168,0.20247053643520674,0.09075609043413498,0.026977035682477005,0.05578773244808958,1.591941288176106,True,False,False,True,True,True,True,False,True,1.3661369197176567,0.3195236111359253,1.0079795275226142,0.0,True,False
run-03,outer-context-01,1,1573,True,2,sealed-run03-retrospective,outer_once_8contexts_x_3banks,1500604053,3,False,0.3180236335421483,0.20669426899029625,0.2915623635527659,0.18220775568213168,0.3500663246685953,0.37506421109404814,0.07051233045855783,1.8350230276286774,True,True,True,True,True,True,True,True,True,1.3661369197176567,0.3195236111359253,1.0079795275226142,0.0,True,False
run-03,outer-context-01,1,1573,True,2,sealed-run03-retrospective,outer_once_8contexts_x_3banks,1500604053,4,False,0.2417576200365383,0.17426758053232871,0.20957594605953797,0.1303465411652325,0.2791640631389795,0.3780462709770966,0.05685484748260144,1.4589891682467067,True,True,True,True,True,True,True,True,True,1.3661369197176567,0.3195236111359253,1.0079795275226142,0.0,True,False
run-03,outer-context-01,1,1573,True,2,sealed-run03-retrospective,outer_once_8contexts_x_3banks,1500604053,5,False,0.2215858661223517,0.20130006065351963,0.16558297296493907,0.15043287379730308,0.09154828249573908,0.09149551367726624,0.01812898148985536,1.4497106013479713,True,False,False,True,True,True,True,False,True,1.3661369197176567,0.3195236111359253,1.0079795275226142,0.0,True,False
run-03,outer-context-01,1,1573,True,2,sealed-run03-retrospective,outer_once_8contexts_x_3banks,1500604053,6,False,0.2093328296043903,0.22187575464839526,0.09647837209262887,0.14027910995178175,-0.05991857592384968,-0.4539954075624307,0.01658572335564349,1.3121691362672285,False,False,False,True,True,True,True,False,True,1.3661369197176567,0.3195236111359253,1.0079795275226142,0.0,True,False
run-03,outer-context-01,1,1573,True,2,sealed-run03-retrospective,outer_once_8contexts_x_3banks,1500604053,7,False,0.22041425214332216,0.2529203208782188,0.07313914273017866,0.16120278271753571,-0.1474771636534642,-1.2040562235222954,0.020005767499607797,1.3240154629828569,False,False,False,True,True,True,True,False,True,1.3661369197176567,0.3195236111359253,1.0079795275226142,0.0,True,False
run-03,outer-context-01,1,1573,True,2,sealed-run03-retrospective,outer_once_8contexts_x_3banks,1500604053,8,False,0.343498657404818,0.22421153683662956,0.25053930309391603,0.1591507853815353,0.3472709950874914,0.3647671905518283,0.031480633405450445,1.4316277846121974,True,True,True,True,True,True,True,True,True,1.3661369197176567,0.3195236111359253,1.0079795275226142,0.0,True,False
run-03,outer-context-01,1,1573,True,2,sealed-run03-retrospective,outer_once_8contexts_x_3banks,1500604053,9,False,0.2818493563172405,0.22783228575215805,0.234399697034958,0.18797817885978865,0.1916522757791314,0.1980442754934368,0.012390272844329663,1.6399723088914329,True,True,True,True,True,True,True,True,True,1.3661369197176567,0.3195236111359253,1.0079795275226142,0.0,True,False
run-03,outer-context-01,1,1573,True,2,sealed-run03-retrospective,outer_once_8contexts_x_3banks,1500604053,10,False,0.323130551950983,0.20166333165029054,0.2876684471094976,0.1705585574493152,0.37590756914597884,0.4071002254049987,0.012547753910643175,1.789513635433485,True,True,True,True,True,True,True,True,True,1.3661369197176567,0.3195236111359253,1.0079795275226142,0.0,True,False
run-03,outer-context-01,1,1573,True,2,sealed-run03-retrospective,outer_once_8contexts_x_3banks,1500604053,11,False,0.3839470338859882,0.1680896096201296,0.35614423239849885,0.14239400658141152,0.5622062555898186,0.6001788218710131,0.029075452950117937,1.8872864163518945,True,True,True,True,True,True,True,True,True,1.3661369197176567,0.3195236111359253,1.0079795275226142,0.0,True,False
run-03,outer-context-01,1,1573,True,2,sealed-run03-retrospective,outer_once_8contexts_x_3banks,1500604053,12,False,0.32147548855012775,0.19083439333086594,0.26800371655631616,0.15859490114571084,0.4063796459520456,0.408236187230691,0.009406045588255998,1.7096527326538378,True,True,True,True,True,True,True,True,True,1.3661369197176567,0.3195236111359253,1.0079795275226142,0.0,True,False
run-03,outer-context-01,1,1573,True,2,sealed-run03-retrospective,outer_once_8contexts_x_3banks,1500604053,13,True,0.29362954112885775,0.293019655327416,0.22318172009979748,0.261762719761447,0.002077058728822293,-0.17286809889446914,0.053406017514235384,1.984985744328805,False,False,False,True,False,True,True,False,True,1.3661369197176567,0.3195236111359253,1.0079795275226142,0.0,True,False
run-03,outer-context-01,1,1573,True,2,sealed-run03-retrospective,outer_once_8contexts_x_3banks,1500604053,14,False,0.24956327151829266,0.2755462717688098,0.1822365175911012,0.23179095827758922,-0.10411387898724761,-0.2719237688555776,0.0713666377520517,1.7215127728822086,False,False,False,True,True,True,True,False,True,1.3661369197176567,0.3195236111359253,1.0079795275226142,0.0,True,False
run-03,outer-context-01,1,1573,True,2,sealed-run03-retrospective,outer_once_8contexts_x_3banks,1500604053,15,False,0.2197208831515291,0.22535241977948012,0.12218006651216741,0.15279412884060498,-0.025630411398206807,-0.25056511428064115,0.013311071957528526,1.4141299794903093,False,False,False,True,True,True,True,False,True,1.3661369197176567,0.3195236111359253,1.0079795275226142,0.0,True,False
run-03,outer-context-01,1,1573,True,2,sealed-run03-retrospective,outer_once_8contexts_x_3banks,1500604053,16,False,0.3158929296872443,0.1815381953463636,0.26835947056342213,0.1366858778559412,0.4253173202512039,0.4906612478815506,0.03815558899083924,1.5282885883000672,True,True,True,True,True,True,True,True,True,1.3661369197176567,0.3195236111359253,1.0079795275226142,0.0,True,False
run-03,outer-context-01,1,1573,True,2,sealed-run03-retrospective,outer_once_8contexts_x_3banks,1500604053,17,False,0.3257388428181698,0.10132862111115036,0.2999333487651829,0.06747899898784794,0.6889268094818127,0.7750200193954522,0.004746512020986926,1.3685299864560247,True,True,True,True,True,True,True,True,True,1.3661369197176567,0.3195236111359253,1.0079795275226142,0.0,True,False
run-03,outer-context-01,1,1573,True,2,sealed-run03-retrospective,outer_once_8contexts_x_3banks,1500604053,18,False,0.3976028873458017,0.11321091723058088,0.36980649017306366,0.07108629952299005,0.7152663603971278,0.8077743322197434,0.0013324551740893696,1.4356977759242395,True,True,True,True,True,True,True,True,True,1.3661369197176567,0.3195236111359253,1.0079795275226142,0.0,True,False
run-03,outer-context-01,1,1573,True,2,sealed-run03-retrospective,outer_once_8contexts_x_3banks,1500604053,19,False,0.39980427429982024,0.13227595257138017,0.3754191906073764,0.10372041211922765,0.669148228084765,0.7237210704348321,0.005230763640628416,1.631281026434138,True,True,True,True,True,True,True,True,True,1.3661369197176567,0.3195236111359253,1.0079795275226142,0.0,True,False
run-03,outer-context-01,1,1573,True,2,sealed-run03-retrospective,outer_once_8contexts_x_3banks,1500604053,20,True,0.34365686041872207,0.15223742013743566,0.3086226199799875,0.11842226004537935,0.5570074755616841,0.6162878143764757,0.039095785379732434,1.5053684116119,True,True,True,True,True,True,True,True,True,1.3661369197176567,0.3195236111359253,1.0079795275226142,0.0,True,False
run-03,outer-context-01,1,1573,True,2,sealed-run03-retrospective,outer_once_8contexts_x_3banks,1500604053,21,True,0.2863399545169151,0.24475981482167594,0.20563067041942898,0.2031661907633153,0.1452124966820963,0.011984980893593521,0.08185480807077394,1.5782040758199374,True,True,False,True,True,True,True,False,True,1.3661369197176567,0.3195236111359253,1.0079795275226142,0.0,True,False
run-03,outer-context-01,1,1573,True,2,sealed-run03-retrospective,outer_once_8contexts_x_3banks,1500604053,22,False,0.2060847499333779,0.2978808003582668,0.11192156836099267,0.24965451078286507,-0.4454286426072978,-1.2306201962576822,0.032455617637335676,1.674849508781532,False,False,False,True,True,True,True,False,True,1.3661369197176567,0.3195236111359253,1.0079795275226142,0.0,True,False
run-03,outer-context-01,1,1573,True,2,sealed-run03-retrospective,outer_once_8contexts_x_3banks,1500604053,23,False,0.19564911254413223,0.2608723658143881,0.06517155084490996,0.19774937045537394,-0.33336851070839174,-2.034289776622964,0.009683130368101624,1.4791620995110915,False,False,False,True,True,True,True,False,True,1.3661369197176567,0.3195236111359253,1.0079795275226142,0.0,True,False
run-03,outer-context-01,1,1573,True,2,sealed-run03-retrospective,outer_once_8contexts_x_3banks,1500604053,24,False,0.3209144510033771,0.11875518668122445,0.3001963163438323,0.08335660418335875,0.6299475255479389,0.7223263589687571,0.013527225807871352,1.4736978969248444,True,True,True,True,True,True,True,True,True,1.3661369197176567,0.3195236111359253,1.0079795275226142,0.0,True,False
run-03,outer-context-01,1,1573,True,2,sealed-run03-retrospective,outer_once_8contexts_x_3banks,1500604053,25,False,0.33160563106540064,0.07312263630693472,0.31564207039210845,0.041503125307177896,0.7794891598432683,0.8685120609695013,0.011602488779804911,1.2602134462576249,True,True,True,True,True,True,True,True,True,1.3661369197176567,0.3195236111359253,1.0079795275226142,0.0,True,False
run-03,outer-context-01,1,1573,True,2,sealed-run03-retrospective,outer_once_8contexts_x_3banks,1500604053,26,True,0.3473261750766538,0.07241909322035654,0.32837098161888983,0.033718996848475305,0.7914954345022401,0.8973143221053258,0.004230011235624766,1.1431477123117593,True,True,True,True,True,True,True,True,True,1.3661369197176567,0.3195236111359253,1.0079795275226142,0.0,True,False
run-03,outer-context-01,1,1573,True,2,sealed-run03-retrospective,outer_once_8contexts_x_3banks,1500604053,27,True,0.33893982674693673,0.09731990523841841,0.31849499640889684,0.05592847191630728,0.712869667243087,0.8243976434577828,0.0032070307932967907,1.2217839867993645,True,True,True,True,True,True,True,True,True,1.3661369197176567,0.3195236111359253,1.0079795275226142,0.0,True,False
run-03,outer-context-01,1,1573,True,2,sealed-run03-retrospective,outer_once_8contexts_x_3banks,1500604053,28,True,0.3063940393712163,0.1589440485973922,0.2705862250078984,0.11924705409729235,0.4812430133315317,0.559301091199999,0.0436441206778929,1.4094478777511328,True,True,True,True,True,True,True,True,True,1.3661369197176567,0.3195236111359253,1.0079795275226142,0.0,True,False
run-03,outer-context-01,1,1573,True,2,sealed-run03-retrospective,outer_once_8contexts_x_3banks,1500604053,29,False,0.23999229428873975,0.20531691691748347,0.1592787865810871,0.1490743408774044,0.14448537805775385,0.06406657109035502,0.02571011485639726,1.3827982089260389,True,True,False,True,True,True,True,False,True,1.3661369197176567,0.3195236111359253,1.0079795275226142,0.0,True,False
run-03,outer-context-01,1,1573,True,2,sealed-run03-retrospective,outer_once_8contexts_x_3banks,1500604053,30,False,0.19940070717362468,0.2856346942926008,0.06259525845200578,0.22816418037115543,-0.4324658038644235,-2.645071304340053,0.0006035966392197542,1.5141400149710365,False,False,False,True,True,True,True,False,True,1.3661369197176567,0.3195236111359253,1.0079795275226142,0.0,True,False
run-03,outer-context-01,1,1573,True,2,sealed-run03-retrospective,outer_once_8contexts_x_3banks,1500604053,31,False,0.19620983047740906,0.3095927974798184,0.024102166887906087,0.24551897738148604,-0.5778658833073292,-9.18659353423869,0.0193981968538949,1.485802915632761,False,False,False,True,True,True,True,False,True,1.3661369197176567,0.3195236111359253,1.0079795275226142,0.0,True,False
run-03,outer-context-01,1,1573,True,2,sealed-run03-retrospective,outer_once_8contexts_x_3banks,1500604053,32,False,0.2572679979815175,0.20477611315655941,0.2149845023229479,0.1686777364680813,0.20403581182580346,0.215395832511243,0.06455563924604468,1.5260353429817335,True,True,True,True,True,True,True,True,True,1.3661369197176567,0.3195236111359253,1.0079795275226142,0.0,True,False
run-03,outer-context-01,1,1573,True,2,sealed-run03-retrospective,outer_once_8contexts_x_3banks,1500604053,33,False,0.282170478320969,0.12617221502382875,0.2521448377189423,0.07156887568379582,0.5528511140690351,0.7161596631077122,0.010868796397893276,1.2359369860315212,True,True,True,True,True,True,True,True,True,1.3661369197176567,0.3195236111359253,1.0079795275226142,0.0,True,False
run-03,outer-context-01,1,1573,True,2,sealed-run03-retrospective,outer_once_8contexts_x_3banks,1500604053,34,True,0.31368503958687827,0.09766996322749023,0.28462952995788404,0.035617564671961026,0.688636846194128,0.8748634244759098,0.006858019455405953,1.1080756454895002,True,True,True,True,True,True,True,True,True,1.3661369197176567,0.3195236111359253,1.0079795275226142,0.0,True,False
run-03,outer-context-01,1,1573,True,2,sealed-run03-retrospective,outer_once_8contexts_x_3banks,1500604053,35,True,0.3111614366688385,0.11420047891163294,0.2765760553119299,0.06175365809960404,0.6329864004543284,0.7767208805188989,0.020985044401933245,1.2076823525834195,True,True,True,True,True,True,True,True,True,1.3661369197176567,0.3195236111359253,1.0079795275226142,0.0,True,False
run-03,outer-context-01,1,1573,True,2,sealed-run03-retrospective,outer_once_8contexts_x_3banks,1500604053,36,True,0.2749918852881218,0.1689254243137681,0.2245619121409111,0.11723340823437269,0.3857076032015378,0.4779461614095559,0.07214346103862113,1.3349881131438943,True,True,True,True,True,True,True,True,True,1.3661369197176567,0.3195236111359253,1.0079795275226142,0.0,True,False
run-03,outer-context-01,1,1573,True,2,sealed-run03-retrospective,outer_once_8contexts_x_3banks,1500604053,37,True,0.2274078298761695,0.19837747730117777,0.14309797162319332,0.14362528086761395,0.12765766504521697,-0.003684952612809502,0.08045382478388632,1.299830550859082,False,True,False,True,True,True,True,False,True,1.3661369197176567,0.3195236111359253,1.0079795275226142,0.0,True,False
run-03,outer-context-01,1,1573,True,2,sealed-run03-retrospective,outer_once_8contexts_x_3banks,1500604053,38,True,0.1976929361181004,0.19613374401983555,0.0676888295475144,0.10438885242583379,0.007886938850123633,-0.5421872873803747,0.029599758785227574,1.2167380478654104,False,False,False,True,True,True,True,False,True,1.3661369197176567,0.3195236111359253,1.0079795275226142,0.0,True,False
run-03,outer-context-01,1,1573,True,2,sealed-run03-retrospective,outer_once_8contexts_x_3banks,1500604053,39,False,0.19682663851881468,0.2648682169371071,0.03743247647224717,0.17728856205560917,-0.3456929353177381,-3.7362231613784025,0.02907695558574582,1.3152947096704068,False,False,False,True,True,True,True,False,True,1.3661369197176567,0.3195236111359253,1.0079795275226142,0.0,True,False
run-03,outer-context-01,1,1573,True,2,sealed-run03-retrospective,outer_once_8contexts_x_3banks,1500604053,40,False,0.2146151040303338,0.19897774304199284,0.1842548910254271,0.17139731096761562,0.07286235076041415,0.06978148577905129,0.03507509554434742,1.5782625263200967,True,False,False,True,True,True,True,False,True,1.3661369197176567,0.3195236111359253,1.0079795275226142,0.0,True,False
run-03,outer-context-01,1,1573,True,2,sealed-run03-retrospective,outer_once_8contexts_x_3banks,1500604053,41,True,0.2500908311399586,0.17540817079334434,0.17933513696989786,0.09025291800316602,0.2986221446272036,0.4967360020567785,0.042121999508216074,1.1812274684937192,True,True,True,True,True,True,True,True,True,1.3661369197176567,0.3195236111359253,1.0079795275226142,0.0,True,False
run-03,outer-context-01,1,1573,True,2,sealed-run03-retrospective,outer_once_8contexts_x_3banks,1500604053,42,True,0.26518231107677603,0.17065591667772448,0.19033394683787871,0.09767639873324471,0.35645814389061614,0.48681567131877523,0.0024363634512421764,1.219003965500079,True,True,True,True,True,True,True,True,True,1.3661369197176567,0.3195236111359253,1.0079795275226142,0.0,True,False
run-03,outer-context-01,1,1573,True,2,sealed-run03-retrospective,outer_once_8contexts_x_3banks,1500604053,43,True,0.2672084710375637,0.16417587791675473,0.1908287471265308,0.08728460611854984,0.3855887978428828,0.5426024253008643,0.010643533472661683,1.2043398523558853,True,True,True,True,True,True,True,True,True,1.3661369197176567,0.3195236111359253,1.0079795275226142,0.0,True,False
run-03,outer-context-01,1,1573,True,2,sealed-run03-retrospective,outer_once_8contexts_x_3banks,1500604053,44,True,0.26050312710965356,0.17523986995418267,0.17432852041878785,0.1067540029188478,0.32730224048167006,0.3876274366214225,0.06559066448359023,1.2256310065489395,True,True,True,True,True,True,True,True,True,1.3661369197176567,0.3195236111359253,1.0079795275226142,0.0,True,False
run-03,outer-context-01,1,1573,True,2,sealed-run03-retrospective,outer_once_8contexts_x_3banks,1500604053,45,True,0.23534494306223677,0.18737166550755535,0.13122868664391654,0.12352583400017818,0.20384239801572845,0.05869793290425688,0.01305513402322992,1.2987648270904635,True,True,False,True,True,True,True,False,True,1.3661369197176567,0.3195236111359253,1.0079795275226142,0.0,True,False
run-03,outer-context-01,1,1573,True,2,sealed-run03-retrospective,outer_once_8contexts_x_3banks,1500604053,46,True,0.2064659837934336,0.23449186854283532,0.09008714064044944,0.1768019061433297,-0.13574093046456143,-0.9625654104060333,0.04932818934923898,1.430025225971079,False,False,False,True,True,True,True,False,True,1.3661369197176567,0.3195236111359253,1.0079795275226142,0.0,True,False
run-03,outer-context-01,1,1573,True,2,sealed-run03-retrospective,outer_once_8contexts_x_3banks,1500604053,47,False,0.18450835153844303,0.2992813895376149,0.031409244690265216,0.24245769333683095,-0.6220479292248106,-6.719309895152517,0.05980877158926446,1.539576612077461,False,False,False,True,True,True,True,False,True,1.3661369197176567,0.3195236111359253,1.0079795275226142,0.0,True,False
run-03,outer-context-01,1,1573,True,2,sealed-run03-retrospective,outer_once_8contexts_x_3banks,1500604053,48,False,0.20987211174502374,0.24007154326899632,0.0656556206135378,0.1585234480281733,-0.14389444730351908,-1.414468807800542,0.039485429120466126,1.2968709250953923,False,False,False,True,True,True,True,False,True,1.3661369197176567,0.3195236111359253,1.0079795275226142,0.0,True,False
run-03,outer-context-01,1,1573,True,2,sealed-run03-retrospective,outer_once_8contexts_x_3banks,1500604053,49,True,0.22674991356737093,0.25097141557915964,0.10259109895562454,0.17289623671034138,-0.10682033624939896,-0.6852947133856817,0.02101424623347113,1.3379688769713498,False,False,False,True,True,True,True,False,True,1.3661369197176567,0.3195236111359253,1.0079795275226142,0.0,True,False
run-03,outer-context-01,1,1573,True,2,sealed-run03-retrospective,outer_once_8contexts_x_3banks,1500604053,50,True,0.23691189981342622,0.2244679356364355,0.10618819099710951,0.13940707369319416,0.052525703380837556,-0.3128302910536341,0.00013593523320437552,1.2437240833783303,False,False,False,True,True,True,True,False,True,1.3661369197176567,0.3195236111359253,1.0079795275226142,0.0,True,False
run-03,outer-context-01,1,1573,True,2,sealed-run03-retrospective,outer_once_8contexts_x_3banks,1500604053,51,True,0.23917797977269745,0.19753233227977107,0.10069841634127272,0.08513425956482004,0.1741199065754476,0.1545620809338734,0.08250063592540408,1.0684463588634858,True,True,True,True,True,True,True,True,True,1.3661369197176567,0.3195236111359253,1.0079795275226142,0.0,True,False
run-03,outer-context-01,1,1573,True,2,sealed-run03-retrospective,outer_once_8contexts_x_3banks,1500604053,52,True,0.2542299173142702,0.1736965317826698,0.112352581712517,0.031676399579279896,0.31677383363204975,0.7180625572064546,0.011183839427525766,1.0732072870807554,True,True,True,True,True,True,True,True,True,1.3661369197176567,0.3195236111359253,1.0079795275226142,0.0,True,False
run-03,outer-context-01,1,1573,True,2,sealed-run03-retrospective,outer_once_8contexts_x_3banks,1500604053,53,True,0.2599805792558616,0.17109583127212222,0.08135834730845264,0.042476278158074046,0.34188995285014295,0.477911246192915,0.0008534185366168728,1.0357253228664487,True,True,True,True,True,True,True,True,True,1.3661369197176567,0.3195236111359253,1.0079795275226142,0.0,True,False
run-03,outer-context-01,1,1573,True,2,sealed-run03-retrospective,outer_once_8contexts_x_3banks,1500604053,54,False,0.2250380097730492,0.20800105255301715,0.04497086160496973,0.09251219994217152,0.07570702050384204,-1.0571587165665512,0.03240138852443532,1.190740765391766,False,False,False,True,True,True,True,False,True,1.3661369197176567,0.3195236111359253,1.0079795275226142,0.0,True,False
run-03,outer-context-01,1,1573,True,2,sealed-run03-retrospective,outer_once_8contexts_x_3banks,1500604053,55,False,0.23492525115090535,0.21110250786214602,0.05587196357487013,0.04400192294221867,0.10140563082108478,0.2124507512027073,0.02961809709220694,1.031728401212325,True,True,True,True,True,True,True,True,True,1.3661369197176567,0.3195236111359253,1.0079795275226142,0.0,True,False
run-03,outer-context-01,1,1573,True,2,sealed-run03-retrospective,outer_once_8contexts_x_3banks,1500604053,56,False,0.20510929891965596,0.26409752898819727,0.058553547323507434,0.20374318878539405,-0.2875941284926716,-2.4796045346273576,0.03311166472219981,1.3721044814510783,False,False,False,True,True,True,True,False,True,1.3661369197176567,0.3195236111359253,1.0079795275226142,0.0,True,False
run-03,outer-context-01,1,1573,True,2,sealed-run03-retrospective,outer_once_8contexts_x_3banks,1500604053,57,False,0.20517838999607646,0.3092714254837413,0.06247406075955426,0.2534033368649855,-0.5073294292330464,-3.0561367995633635,0.017886934686312847,1.4657936254911805,False,False,False,True,False,True,True,False,True,1.3661369197176567,0.3195236111359253,1.0079795275226142,0.0,True,False
run-03,outer-context-01,1,1573,True,2,sealed-run03-retrospective,outer_once_8contexts_x_3banks,1500604053,58,False,0.21606247077605564,0.25829494338871956,0.07253490566500954,0.18830890118937166,-0.19546417506461367,-1.596114235800418,0.02230710993452228,1.3182827680514893,False,False,False,True,True,True,True,False,True,1.3661369197176567,0.3195236111359253,1.0079795275226142,0.0,True,False
run-03,outer-context-01,1,1573,True,2,sealed-run03-retrospective,outer_once_8contexts_x_3banks,1500604053,59,False,0.22358474478294796,0.2319048440793041,0.06863101402529864,0.13603161733013314,-0.03721228523186201,-0.9820720888662581,0.03318852123954009,1.1599949615815361,False,False,False,True,True,True,True,False,True,1.3661369197176567,0.3195236111359253,1.0079795275226142,0.0,True,False
run-03,outer-context-01,1,1573,True,2,sealed-run03-retrospective,outer_once_8contexts_x_3banks,1500604053,60,False,0.26010990063864536,0.22652741512137364,0.06753810711317491,0.09319107858229274,0.1291088322082972,-0.3798295890367588,0.035960647888181124,1.1750937111631317,False,True,False,True,True,True,True,False,True,1.3661369197176567,0.3195236111359253,1.0079795275226142,0.0,True,False
run-03,outer-context-01,1,1573,True,2,sealed-run03-retrospective,outer_once_8contexts_x_3banks,1500604053,61,False,0.3136446709280661,0.2476482402942019,0.06156337282428171,0.09762848486400795,0.21041782868040618,-0.5858209254172232,0.012175990681057736,1.2481701806411782,False,True,False,True,True,True,True,False,True,1.3661369197176567,0.3195236111359253,1.0079795275226142,0.0,True,False
run-03,outer-context-01,1,1573,True,2,sealed-run03-retrospective,outer_once_8contexts_x_3banks,1500604053,62,False,0.27850949435912997,0.2217701881150147,0.06536867218127754,0.03660720617615877,0.20372485460388495,0.4399885303675548,0.02972091464792012,1.0375444405682765,True,True,True,True,True,True,True,True,True,1.3661369197176567,0.3195236111359253,1.0079795275226142,0.0,True,False
run-03,outer-context-01,1,1573,True,2,sealed-run03-retrospective,outer_once_8contexts_x_3banks,1500604053,63,False,0.3230892320101993,0.25966153568287975,0.18819883520006342,0.06327819948443787,0.19631634249363425,0.6637694414146058,0.013999349101349343,1.0014237362741991,True,True,True,True,True,True,True,True,True,1.3661369197176567,0.3195236111359253,1.0079795275226142,0.0,True,False
run-03,outer-context-02,2,2633,True,0,sealed-run03-retrospective,outer_once_8contexts_x_3banks,1837992686,0,False,0.2844390837385589,0.253659174980381,0.19201874674489292,0.19992624093302758,0.10821265612875186,-0.04118084469450364,0.010553922978720752,1.4244894469477645,False,True,False,True,True,True,True,False,True,1.4102754940533169,0.32548954085439946,1.0552762204475021,0.0,True,False
run-03,outer-context-02,2,2633,True,0,sealed-run03-retrospective,outer_once_8contexts_x_3banks,1837992686,1,True,0.24656435118729156,0.24047622587574466,0.1536676159949695,0.19981335812977244,0.02469183108681566,-0.30029581597929894,0.05780703455633367,1.4187643260161016,False,False,False,True,True,True,True,False,True,1.4102754940533169,0.32548954085439946,1.0552762204475021,0.0,True,False
run-03,outer-context-02,2,2633,True,0,sealed-run03-retrospective,outer_once_8contexts_x_3banks,1837992686,2,False,0.21518927479105554,0.24538904798908642,0.16029791133450463,0.21251546023169762,-0.14034051291521965,-0.3257531458923819,0.07373423744129882,1.581522392888219,False,False,False,True,True,True,True,False,True,1.4102754940533169,0.32548954085439946,1.0552762204475021,0.0,True,False
run-03,outer-context-02,2,2633,True,0,sealed-run03-retrospective,outer_once_8contexts_x_3banks,1837992686,3,False,0.29502672096679866,0.19238131457537233,0.27458527961898477,0.16919982890066126,0.34791901579307355,0.38379861755355793,0.05131103466866131,1.7798890279906388,True,True,True,True,True,True,True,True,True,1.4102754940533169,0.32548954085439946,1.0552762204475021,0.0,True,False
run-03,outer-context-02,2,2633,True,0,sealed-run03-retrospective,outer_once_8contexts_x_3banks,1837992686,4,False,0.2520033899955048,0.17943538324023434,0.21421528558219008,0.14123773616366364,0.28796440697311626,0.34067386564030433,0.05525123873527038,1.5240380016011328,True,True,True,True,True,True,True,True,True,1.4102754940533169,0.32548954085439946,1.0552762204475021,0.0,True,False
run-03,outer-context-02,2,2633,True,0,sealed-run03-retrospective,outer_once_8contexts_x_3banks,1837992686,5,False,0.24763373357066462,0.20558840583714916,0.18304448856022432,0.16366031274980913,0.16978836900473188,0.10589871327394546,0.029620087638999516,1.4872789023651156,True,True,True,True,True,True,True,True,True,1.4102754940533169,0.32548954085439946,1.0552762204475021,0.0,True,False
run-03,outer-context-02,2,2633,True,0,sealed-run03-retrospective,outer_once_8contexts_x_3banks,1837992686,6,False,0.21752803651335906,0.21933097147600786,0.11662677068209482,0.14304682123345422,-0.008288287760727691,-0.22653504334245925,0.01825334986635776,1.3094208598850483,False,False,False,True,True,True,True,False,True,1.4102754940533169,0.32548954085439946,1.0552762204475021,0.0,True,False
run-03,outer-context-02,2,2633,True,0,sealed-run03-retrospective,outer_once_8contexts_x_3banks,1837992686,7,False,0.21542615241149624,0.25895097611321183,0.09454584155013236,0.18493403153085985,-0.20204057499284792,-0.9560250191733679,0.0021581911886519776,1.3848741249942969,False,False,False,True,True,True,True,False,True,1.4102754940533169,0.32548954085439946,1.0552762204475021,0.0,True,False
run-03,outer-context-02,2,2633,True,0,sealed-run03-retrospective,outer_once_8contexts_x_3banks,1837992686,8,False,0.26888863074484154,0.22361676361002264,0.20909946317339273,0.1728086361558235,0.16836660966070768,0.17355772447620094,0.01051159247845174,1.4875096170678748,True,True,True,True,True,True,True,True,True,1.4102754940533169,0.32548954085439946,1.0552762204475021,0.0,True,False
run-03,outer-context-02,2,2633,True,0,sealed-run03-retrospective,outer_once_8contexts_x_3banks,1837992686,9,False,0.28213893005890983,0.24908933802558034,0.24129005085542546,0.21064805650047685,0.11713942498622516,0.12699236560445035,0.02959887011667428,1.6846457650729552,True,True,True,True,True,True,True,True,True,1.4102754940533169,0.32548954085439946,1.0552762204475021,0.0,True,False
run-03,outer-context-02,2,2633,True,0,sealed-run03-retrospective,outer_once_8contexts_x_3banks,1837992686,10,False,0.27333014483906376,0.19443590640543573,0.25559590901866225,0.15777135426884217,0.28864082474357444,0.38273130084674967,0.027121604350039633,1.7122616179144259,True,True,True,True,True,True,True,True,True,1.4102754940533169,0.32548954085439946,1.0552762204475021,0.0,True,False
run-03,outer-context-02,2,2633,True,0,sealed-run03-retrospective,outer_once_8contexts_x_3banks,1837992686,11,False,0.3780313635473637,0.18627275825176165,0.36296778456600537,0.15940684301687746,0.5072558094021121,0.5608237155055575,0.02209054846225323,1.9862733717957024,True,True,True,True,True,True,True,True,True,1.4102754940533169,0.32548954085439946,1.0552762204475021,0.0,True,False
run-03,outer-context-02,2,2633,True,0,sealed-run03-retrospective,outer_once_8contexts_x_3banks,1837992686,12,False,0.3032074710952074,0.23830939243378707,0.2770272216685684,0.20593510681293192,0.21403852097378656,0.25662501478172467,0.0008636249293708041,1.889550836238179,True,True,True,True,True,True,True,True,True,1.4102754940533169,0.32548954085439946,1.0552762204475021,0.0,True,False
run-03,outer-context-02,2,2633,True,0,sealed-run03-retrospective,outer_once_8contexts_x_3banks,1837992686,13,True,0.2861945566545646,0.32901901089571733,0.23121529633789886,0.3021322634078342,-0.14963406272203011,-0.3067139942432574,0.04814568463498964,2.1151871483934688,False,False,False,True,False,True,False,False,True,1.4102754940533169,0.32548954085439946,1.0552762204475021,0.0,True,False
run-03,outer-context-02,2,2633,True,0,sealed-run03-retrospective,outer_once_8contexts_x_3banks,1837992686,14,False,0.26298658434315897,0.27916899189399813,0.1962859835655752,0.23647267939542066,-0.06153320554832368,-0.20473543296289365,0.06863275593385304,1.7318889770317762,False,False,False,True,True,True,True,False,True,1.4102754940533169,0.32548954085439946,1.0552762204475021,0.0,True,False
run-03,outer-context-02,2,2633,True,0,sealed-run03-retrospective,outer_once_8contexts_x_3banks,1837992686,15,False,0.20708944758098385,0.21794158704479732,0.13801188356273686,0.1516841850576961,-0.05240315038056037,-0.09906611765605054,0.03820398214825338,1.383349813683432,False,False,False,True,True,True,True,False,True,1.4102754940533169,0.32548954085439946,1.0552762204475021,0.0,True,False
run-03,outer-context-02,2,2633,True,0,sealed-run03-retrospective,outer_once_8contexts_x_3banks,1837992686,16,False,0.2899575488045627,0.16601954755497317,0.26116370292896396,0.12282193996846599,0.42743498750269227,0.5297128253619787,0.012281285786987204,1.4998387699807993,True,True,True,True,True,True,True,True,True,1.4102754940533169,0.32548954085439946,1.0552762204475021,0.0,True,False
run-03,outer-context-02,2,2633,True,0,sealed-run03-retrospective,outer_once_8contexts_x_3banks,1837992686,17,False,0.34208592815076383,0.09743851967285502,0.3217295821552382,0.061163375582095336,0.715163613424309,0.8098919745819851,0.020555265223274787,1.3272364247315815,True,True,True,True,True,True,True,True,True,1.4102754940533169,0.32548954085439946,1.0552762204475021,0.0,True,False
run-03,outer-context-02,2,2633,True,0,sealed-run03-retrospective,outer_once_8contexts_x_3banks,1837992686,18,False,0.38087507647629537,0.12171364292383809,0.3687347735305048,0.08218606081296116,0.6804368402104851,0.7771133434851866,0.000880530238027809,1.4995553479056702,True,True,True,True,True,True,True,True,True,1.4102754940533169,0.32548954085439946,1.0552762204475021,0.0,True,False
run-03,outer-context-02,2,2633,True,0,sealed-run03-retrospective,outer_once_8contexts_x_3banks,1837992686,19,False,0.39470729372651947,0.15033012230313073,0.3801758064111007,0.11991047244301038,0.6191351801892725,0.6845920481500972,0.003719595613654109,1.7392530645898547,True,True,True,True,True,True,True,True,True,1.4102754940533169,0.32548954085439946,1.0552762204475021,0.0,True,False
run-03,outer-context-02,2,2633,True,0,sealed-run03-retrospective,outer_once_8contexts_x_3banks,1837992686,20,True,0.33047264190418674,0.16766748749998048,0.30418471686255055,0.13325976423128374,0.4926433651697196,0.561911704158698,0.03653484123963705,1.5765342768626591,True,True,True,True,True,True,True,True,True,1.4102754940533169,0.32548954085439946,1.0552762204475021,0.0,True,False
run-03,outer-context-02,2,2633,True,0,sealed-run03-retrospective,outer_once_8contexts_x_3banks,1837992686,21,True,0.2483568752972171,0.2754015123010614,0.18008633732181858,0.23268571901276708,-0.10889425537939745,-0.29207869110554535,0.07336141759079054,1.659765820805789,False,False,False,True,True,True,True,False,True,1.4102754940533169,0.32548954085439946,1.0552762204475021,0.0,True,False
run-03,outer-context-02,2,2633,True,0,sealed-run03-retrospective,outer_once_8contexts_x_3banks,1837992686,22,False,0.20487935154643852,0.3065364116104697,0.10873591321908192,0.25955966802516217,-0.4961801142805223,-1.3870647731830736,0.030635934817348668,1.7015546750151733,False,False,False,True,False,True,True,False,True,1.4102754940533169,0.32548954085439946,1.0552762204475021,0.0,True,False
run-03,outer-context-02,2,2633,True,0,sealed-run03-retrospective,outer_once_8contexts_x_3banks,1837992686,23,False,0.19231475264333844,0.27274106096435213,0.0836751068012826,0.21936016642273512,-0.4182014495277441,-1.6215701994105218,0.015187907680764483,1.5266031914244833,False,False,False,True,True,True,True,False,True,1.4102754940533169,0.32548954085439946,1.0552762204475021,0.0,True,False
run-03,outer-context-02,2,2633,True,0,sealed-run03-retrospective,outer_once_8contexts_x_3banks,1837992686,24,False,0.28932303483023347,0.10912024765388885,0.2778861643993858,0.07442048511612222,0.6228428624153016,0.7321907505651739,0.012367836101705162,1.415411441724775,True,True,True,True,True,True,True,True,True,1.4102754940533169,0.32548954085439946,1.0552762204475021,0.0,True,False
run-03,outer-context-02,2,2633,True,0,sealed-run03-retrospective,outer_once_8contexts_x_3banks,1837992686,25,False,0.33776847077977756,0.07535119032056756,0.3280670871260501,0.04525662602038188,0.7769146713231977,0.8620506969570119,0.00039560703352700796,1.2854837400166796,True,True,True,True,True,True,True,True,True,1.4102754940533169,0.32548954085439946,1.0552762204475021,0.0,True,False
run-03,outer-context-02,2,2633,True,0,sealed-run03-retrospective,outer_once_8contexts_x_3banks,1837992686,26,True,0.3529111882729327,0.08153309727890781,0.3413981664873029,0.039374529916247014,0.768969927879271,0.8846668383682974,0.003611458019333485,1.1698568868722952,True,True,True,True,True,True,True,True,True,1.4102754940533169,0.32548954085439946,1.0552762204475021,0.0,True,False
run-03,outer-context-02,2,2633,True,0,sealed-run03-retrospective,outer_once_8contexts_x_3banks,1837992686,27,True,0.34424581463683473,0.1054586335019239,0.3270228621606511,0.06357354364908781,0.6936531135079204,0.805599084941477,0.005612954181073255,1.2654493533292672,True,True,True,True,True,True,True,True,True,1.4102754940533169,0.32548954085439946,1.0552762204475021,0.0,True,False
run-03,outer-context-02,2,2633,True,0,sealed-run03-retrospective,outer_once_8contexts_x_3banks,1837992686,28,True,0.2948050667815655,0.1795139578397046,0.26296934006065115,0.14250169696736806,0.39107573760692965,0.458105279746675,0.035811563037836815,1.4945684701240762,True,True,True,True,True,True,True,True,True,1.4102754940533169,0.32548954085439946,1.0552762204475021,0.0,True,False
run-03,outer-context-02,2,2633,True,0,sealed-run03-retrospective,outer_once_8contexts_x_3banks,1837992686,29,False,0.2158469176339904,0.2251662195984265,0.13470688284797688,0.17298937668703632,-0.04317551562278397,-0.28419107494502005,0.01647866497596743,1.4368680146175685,False,False,False,True,True,True,True,False,True,1.4102754940533169,0.32548954085439946,1.0552762204475021,0.0,True,False
run-03,outer-context-02,2,2633,True,0,sealed-run03-retrospective,outer_once_8contexts_x_3banks,1837992686,30,False,0.2045159482612233,0.30414248628949964,0.06300894621322829,0.25301415968073937,-0.4871333452246265,-3.015527554206593,0.004893368171179377,1.560896141284088,False,False,False,True,False,True,True,False,True,1.4102754940533169,0.32548954085439946,1.0552762204475021,0.0,True,False
run-03,outer-context-02,2,2633,True,0,sealed-run03-retrospective,outer_once_8contexts_x_3banks,1837992686,31,False,0.20458181342604212,0.3315531814775318,0.0418854385788863,0.2766713788110784,-0.6206385891548997,-5.605431104415927,0.016386869403074197,1.548649731005139,False,False,False,True,False,True,True,False,True,1.4102754940533169,0.32548954085439946,1.0552762204475021,0.0,True,False
run-03,outer-context-02,2,2633,True,0,sealed-run03-retrospective,outer_once_8contexts_x_3banks,1837992686,32,False,0.24881745256633236,0.19155691621577026,0.2126751013139833,0.15418689474555594,0.23013070731160626,0.2750120075507954,0.037821515936904436,1.4856323064158414,True,True,True,True,True,True,True,True,True,1.4102754940533169,0.32548954085439946,1.0552762204475021,0.0,True,False
run-03,outer-context-02,2,2633,True,0,sealed-run03-retrospective,outer_once_8contexts_x_3banks,1837992686,33,False,0.28444634570408095,0.1236383129465353,0.25353951942865294,0.060944074035962144,0.5653369613854685,0.7596269245390281,0.01944864882628633,1.1870147818041463,True,True,True,True,True,True,True,True,True,1.4102754940533169,0.32548954085439946,1.0552762204475021,0.0,True,False
run-03,outer-context-02,2,2633,True,0,sealed-run03-retrospective,outer_once_8contexts_x_3banks,1837992686,34,True,0.310542973578353,0.10561522884477995,0.29397613839513725,0.039115331515957155,0.6599014055034409,0.8669438556153095,0.011275679741882273,1.108253661954542,True,True,True,True,True,True,True,True,True,1.4102754940533169,0.32548954085439946,1.0552762204475021,0.0,True,False
run-03,outer-context-02,2,2633,True,0,sealed-run03-retrospective,outer_once_8contexts_x_3banks,1837992686,35,True,0.30781039572523056,0.1277630315477133,0.28505584497763925,0.07931638621281158,0.5849294457820652,0.7217514125380119,0.006695266678645943,1.2847627163481106,True,True,True,True,True,True,True,True,True,1.4102754940533169,0.32548954085439946,1.0552762204475021,0.0,True,False
run-03,outer-context-02,2,2633,True,0,sealed-run03-retrospective,outer_once_8contexts_x_3banks,1837992686,36,True,0.259524194680049,0.19256524723520174,0.21991398138474696,0.14675615334814332,0.2580065705526867,0.33266565216065797,0.05936454897327066,1.4378356659497915,True,True,True,True,True,True,True,True,True,1.4102754940533169,0.32548954085439946,1.0552762204475021,0.0,True,False
run-03,outer-context-02,2,2633,True,0,sealed-run03-retrospective,outer_once_8contexts_x_3banks,1837992686,37,True,0.2130245189860202,0.22701687608697602,0.13254828834337398,0.17361732856725348,-0.06568425628917422,-0.30984210160064674,0.09118211469606785,1.3583347975310076,False,False,False,True,True,True,True,False,True,1.4102754940533169,0.32548954085439946,1.0552762204475021,0.0,True,False
run-03,outer-context-02,2,2633,True,0,sealed-run03-retrospective,outer_once_8contexts_x_3banks,1837992686,38,True,0.2151745357083174,0.19872297271052178,0.07906017576069836,0.11163615875213583,0.07645683046853069,-0.41204035632350977,0.039888455388170825,1.2229109710659591,False,False,False,True,True,True,True,False,True,1.4102754940533169,0.32548954085439946,1.0552762204475021,0.0,True,False
run-03,outer-context-02,2,2633,True,0,sealed-run03-retrospective,outer_once_8contexts_x_3banks,1837992686,39,False,0.23080735799141291,0.2905711918398,0.04273549944534333,0.20837635655428,-0.2589338328226546,-3.875954633940419,0.028570399047450085,1.374378265729318,False,False,False,True,True,True,True,False,True,1.4102754940533169,0.32548954085439946,1.0552762204475021,0.0,True,False
run-03,outer-context-02,2,2633,True,0,sealed-run03-retrospective,outer_once_8contexts_x_3banks,1837992686,40,False,0.22912884928411043,0.189888725131098,0.19330630296281737,0.1605924191760462,0.17125789386894824,0.1692334046296655,0.002715305447463125,1.5501123070669403,True,True,True,True,True,True,True,True,True,1.4102754940533169,0.32548954085439946,1.0552762204475021,0.0,True,False
run-03,outer-context-02,2,2633,True,0,sealed-run03-retrospective,outer_once_8contexts_x_3banks,1837992686,41,True,0.2698110155426593,0.17151341092696315,0.1826670905685706,0.06684709354634438,0.36432020545193233,0.6340496071937438,0.007139294831838343,1.1301959029698763,True,True,True,True,True,True,True,True,True,1.4102754940533169,0.32548954085439946,1.0552762204475021,0.0,True,False
run-03,outer-context-02,2,2633,True,0,sealed-run03-retrospective,outer_once_8contexts_x_3banks,1837992686,42,True,0.2536912787885435,0.17466799067113234,0.1928969624794454,0.09626310190456586,0.31149390903294927,0.5009610277568606,0.030458510404488222,1.199859924098721,True,True,True,True,True,True,True,True,True,1.4102754940533169,0.32548954085439946,1.0552762204475021,0.0,True,False
run-03,outer-context-02,2,2633,True,0,sealed-run03-retrospective,outer_once_8contexts_x_3banks,1837992686,43,True,0.23531689505401224,0.1707971866733708,0.18902106561865012,0.10587783769778926,0.27418221868783477,0.43986223254397616,0.013605458628332396,1.2534684092435115,True,True,True,True,True,True,True,True,True,1.4102754940533169,0.32548954085439946,1.0552762204475021,0.0,True,False
run-03,outer-context-02,2,2633,True,0,sealed-run03-retrospective,outer_once_8contexts_x_3banks,1837992686,44,True,0.21639429197485396,0.19195546834502175,0.1595975014469136,0.14092659766509671,0.11293654470642008,0.11698744411752161,0.07910611211088873,1.309472192216764,True,True,True,True,True,True,True,True,True,1.4102754940533169,0.32548954085439946,1.0552762204475021,0.0,True,False
run-03,outer-context-02,2,2633,True,0,sealed-run03-retrospective,outer_once_8contexts_x_3banks,1837992686,45,True,0.2156304427400554,0.19642500201834145,0.12502418719595126,0.1389777774239157,0.08906646240515446,-0.11160712611628407,0.02353908461320074,1.3351568452922142,False,False,False,True,True,True,True,False,True,1.4102754940533169,0.32548954085439946,1.0552762204475021,0.0,True,False
run-03,outer-context-02,2,2633,True,0,sealed-run03-retrospective,outer_once_8contexts_x_3banks,1837992686,46,True,0.22112701396569398,0.2357988548623992,0.10823673172401185,0.1789365334155803,-0.06635028725609005,-0.6531960136402012,0.06053016783894704,1.4308534650398974,False,False,False,True,True,True,True,False,True,1.4102754940533169,0.32548954085439946,1.0552762204475021,0.0,True,False
run-03,outer-context-02,2,2633,True,0,sealed-run03-retrospective,outer_once_8contexts_x_3banks,1837992686,47,False,0.20966936513884502,0.2954532024104522,0.057061226003159014,0.23788575385478852,-0.40913863222126096,-3.1689562338113575,0.060370519365879186,1.535244101966918,False,False,False,True,True,True,True,False,True,1.4102754940533169,0.32548954085439946,1.0552762204475021,0.0,True,False
run-03,outer-context-02,2,2633,True,0,sealed-run03-retrospective,outer_once_8contexts_x_3banks,1837992686,48,False,0.2634115974671283,0.2622280055323078,0.09740164532372078,0.1644818190142385,0.004493317478051382,-0.6886965150082665,0.0739969659637202,1.2975120508004399,False,False,False,True,True,True,True,False,True,1.4102754940533169,0.32548954085439946,1.0552762204475021,0.0,True,False
run-03,outer-context-02,2,2633,True,0,sealed-run03-retrospective,outer_once_8contexts_x_3banks,1837992686,49,True,0.27344858052389476,0.25450006883050347,0.13052087112396654,0.16085346870804149,0.06929460616357272,-0.23239653032399354,0.05687152407913043,1.3007129992683384,False,False,False,True,True,True,True,False,True,1.4102754940533169,0.32548954085439946,1.0552762204475021,0.0,True,False
run-03,outer-context-02,2,2633,True,0,sealed-run03-retrospective,outer_once_8contexts_x_3banks,1837992686,50,True,0.24849480950261488,0.22920136694193924,0.12120439158531474,0.12812424769963093,0.07764122960674,-0.05709245369583304,0.031217520815602823,1.216497291358884,False,False,False,True,True,True,True,False,True,1.4102754940533169,0.32548954085439946,1.0552762204475021,0.0,True,False
run-03,outer-context-02,2,2633,True,0,sealed-run03-retrospective,outer_once_8contexts_x_3banks,1837992686,51,True,0.21568535460895444,0.20280123246638276,0.0991107022024511,0.07880499554793745,0.05973573016086821,0.20487905143720672,0.0660901557886222,1.0756283251498164,True,False,True,True,True,True,True,False,True,1.4102754940533169,0.32548954085439946,1.0552762204475021,0.0,True,False
run-03,outer-context-02,2,2633,True,0,sealed-run03-retrospective,outer_once_8contexts_x_3banks,1837992686,52,True,0.18856744111517537,0.1599344848568162,0.08565103075078477,0.027345954226166775,0.15184464554976074,0.6807282529297966,0.0005532681529984271,1.033749564289362,True,True,True,True,True,True,True,True,True,1.4102754940533169,0.32548954085439946,1.0552762204475021,0.0,True,False
run-03,outer-context-02,2,2633,True,0,sealed-run03-retrospective,outer_once_8contexts_x_3banks,1837992686,53,True,0.2146661375163678,0.16952866716107898,0.07403464934216626,0.04486865090716211,0.21026823735460926,0.3939506527572992,0.009441137937243198,1.055713093265916,True,True,True,True,True,True,True,True,True,1.4102754940533169,0.32548954085439946,1.0552762204475021,0.0,True,False
run-03,outer-context-02,2,2633,True,0,sealed-run03-retrospective,outer_once_8contexts_x_3banks,1837992686,54,False,0.21159318231681323,0.2055723134504023,0.04629127934887387,0.08749155925072297,0.028454928464547738,-0.8900224941147878,0.03255790415791875,1.1851466539596012,False,False,False,True,True,True,True,False,True,1.4102754940533169,0.32548954085439946,1.0552762204475021,0.0,True,False
run-03,outer-context-02,2,2633,True,0,sealed-run03-retrospective,outer_once_8contexts_x_3banks,1837992686,55,False,0.21833623335642238,0.21324138222779046,0.07037761877635929,0.04341961128220504,0.02333488606224532,0.38304801956740503,0.029509728298336476,1.0462366147498752,True,False,True,True,True,True,True,False,True,1.4102754940533169,0.32548954085439946,1.0552762204475021,0.0,True,False
run-03,outer-context-02,2,2633,True,0,sealed-run03-retrospective,outer_once_8contexts_x_3banks,1837992686,56,False,0.26406219544277565,0.30369970256259504,0.08257358671197161,0.2231939228611679,-0.15010670896436273,-1.7029699417042397,0.06603264393006789,1.4109662377236996,False,False,False,True,True,True,True,False,True,1.4102754940533169,0.32548954085439946,1.0552762204475021,0.0,True,False
run-03,outer-context-02,2,2633,True,0,sealed-run03-retrospective,outer_once_8contexts_x_3banks,1837992686,57,False,0.2707865860027197,0.31620152643319743,0.07919785602650714,0.2512868191144786,-0.16771488241305124,-2.1728992642221794,0.016579720633460224,1.4697759664272865,False,False,False,True,False,True,True,False,True,1.4102754940533169,0.32548954085439946,1.0552762204475021,0.0,True,False
run-03,outer-context-02,2,2633,True,0,sealed-run03-retrospective,outer_once_8contexts_x_3banks,1837992686,58,False,0.2605492189778697,0.2823344616011367,0.09943377972336145,0.19644769584701308,-0.08361277269887864,-0.9756635661800022,0.002474805995487593,1.339832498506057,False,False,False,True,True,True,True,False,True,1.4102754940533169,0.32548954085439946,1.0552762204475021,0.0,True,False
run-03,outer-context-02,2,2633,True,0,sealed-run03-retrospective,outer_once_8contexts_x_3banks,1837992686,59,False,0.24725602044718337,0.28436936737578916,0.09687095035070094,0.17390650331197094,-0.15010088272667002,-0.7952389512271631,0.02898411170059989,1.2320961711387242,False,False,False,True,True,True,True,False,True,1.4102754940533169,0.32548954085439946,1.0552762204475021,0.0,True,False
run-03,outer-context-02,2,2633,True,0,sealed-run03-retrospective,outer_once_8contexts_x_3banks,1837992686,60,False,0.24117154054609696,0.2397633237518381,0.07194868583408534,0.08567957837140633,0.00583906704360794,-0.19084285387761793,0.05113392789274484,1.051779993384527,False,False,False,True,True,True,True,False,True,1.4102754940533169,0.32548954085439946,1.0552762204475021,0.0,True,False
run-03,outer-context-02,2,2633,True,0,sealed-run03-retrospective,outer_once_8contexts_x_3banks,1837992686,61,False,0.25800372981105557,0.23731169423848764,0.07997277282745602,0.09658832559776571,0.08020052883623573,-0.2077651203386222,0.03311493950201039,1.2009496710689176,False,False,False,True,True,True,True,False,True,1.4102754940533169,0.32548954085439946,1.0552762204475021,0.0,True,False
run-03,outer-context-02,2,2633,True,0,sealed-run03-retrospective,outer_once_8contexts_x_3banks,1837992686,62,False,0.24427365359975273,0.21695478441269364,0.07411958473959014,0.03170943157290531,0.1118371497886612,0.5721855204085071,0.02273772156891521,1.03308213758049,True,True,True,True,True,True,True,True,True,1.4102754940533169,0.32548954085439946,1.0552762204475021,0.0,True,False
run-03,outer-context-02,2,2633,True,0,sealed-run03-retrospective,outer_once_8contexts_x_3banks,1837992686,63,False,0.30672888649666974,0.2772447348545784,0.21906977195030242,0.08994175479360707,0.09612446998014143,0.589437858117591,0.013558391023610686,1.0564759519329714,True,False,True,True,True,True,True,False,True,1.4102754940533169,0.32548954085439946,1.0552762204475021,0.0,True,False
run-03,outer-context-02,2,2633,True,1,sealed-run03-retrospective,outer_once_8contexts_x_3banks,950906973,0,False,0.27110243458201466,0.23978153682606318,0.18019583092667438,0.1806562548272059,0.11553159898487078,-0.0025551307050987342,0.012559216306792001,1.3822777571919653,False,True,False,True,True,True,True,False,True,1.3464613441440054,0.31778499479823025,0.9843268742377098,0.0,True,False
run-03,outer-context-02,2,2633,True,1,sealed-run03-retrospective,outer_once_8contexts_x_3banks,950906973,1,True,0.2362234401651118,0.2350387891429189,0.1488247119221308,0.18610612186789924,0.005014959655844764,-0.25050550721223713,0.0570321434594939,1.3973636722147524,False,False,False,True,True,True,True,False,True,1.3464613441440054,0.31778499479823025,0.9843268742377098,0.0,True,False
run-03,outer-context-02,2,2633,True,1,sealed-run03-retrospective,outer_once_8contexts_x_3banks,950906973,2,False,0.2253560003782824,0.24748661658862095,0.1792491262772701,0.21579804414124384,-0.09820291526824274,-0.20390011724485804,0.07126921743683565,1.6195327310822565,False,False,False,True,True,True,True,False,True,1.3464613441440054,0.31778499479823025,0.9843268742377098,0.0,True,False
run-03,outer-context-02,2,2633,True,1,sealed-run03-retrospective,outer_once_8contexts_x_3banks,950906973,3,False,0.3052019828072583,0.19573721447476283,0.28314317691752106,0.16975098903190863,0.3586633590176406,0.4004764978625754,0.05204776164902552,1.7772686154029544,True,True,True,True,True,True,True,True,True,1.3464613441440054,0.31778499479823025,0.9843268742377098,0.0,True,False
run-03,outer-context-02,2,2633,True,1,sealed-run03-retrospective,outer_once_8contexts_x_3banks,950906973,4,False,0.240250266021564,0.16575083253465836,0.20228398393433594,0.12723659038347784,0.3100909510760701,0.3710001755513154,0.055287555527605795,1.4391724146223124,True,True,True,True,True,True,True,True,True,1.3464613441440054,0.31778499479823025,0.9843268742377098,0.0,True,False
run-03,outer-context-02,2,2633,True,1,sealed-run03-retrospective,outer_once_8contexts_x_3banks,950906973,5,False,0.2381833245586147,0.19798557055365407,0.1730737607356405,0.14810498409615086,0.16876812883291648,0.14426667874645593,0.030700278979472438,1.4298827624105768,True,True,True,True,True,True,True,True,True,1.3464613441440054,0.31778499479823025,0.9843268742377098,0.0,True,False
run-03,outer-context-02,2,2633,True,1,sealed-run03-retrospective,outer_once_8contexts_x_3banks,950906973,6,False,0.2164469130991545,0.21901537944201493,0.10418055585617553,0.13064370864220856,-0.011866495604323122,-0.2540123976931572,0.015363304186240498,1.2938141532163294,False,False,False,True,True,True,True,False,True,1.3464613441440054,0.31778499479823025,0.9843268742377098,0.0,True,False
run-03,outer-context-02,2,2633,True,1,sealed-run03-retrospective,outer_once_8contexts_x_3banks,950906973,7,False,0.19910214529913275,0.24234388919076294,0.07404478846397884,0.16129935854939897,-0.21718371656248817,-1.178402584374558,0.004200252508412779,1.3235677365916623,False,False,False,True,True,True,True,False,True,1.3464613441440054,0.31778499479823025,0.9843268742377098,0.0,True,False
run-03,outer-context-02,2,2633,True,1,sealed-run03-retrospective,outer_once_8contexts_x_3banks,950906973,8,False,0.2667833805580136,0.21290859185393743,0.2082031537487056,0.16723824841708224,0.2019420722212521,0.1967544899971432,0.01261326276731558,1.4728676886382692,True,True,True,True,True,True,True,True,True,1.3464613441440054,0.31778499479823025,0.9843268742377098,0.0,True,False
run-03,outer-context-02,2,2633,True,1,sealed-run03-retrospective,outer_once_8contexts_x_3banks,950906973,9,False,0.27343491795994285,0.25058426151946844,0.229286856414076,0.2140068560926526,0.0835689041142212,0.06664141399291024,0.028664790725866557,1.7134014200847805,True,False,False,True,True,True,True,False,True,1.3464613441440054,0.31778499479823025,0.9843268742377098,0.0,True,False
run-03,outer-context-02,2,2633,True,1,sealed-run03-retrospective,outer_once_8contexts_x_3banks,950906973,10,False,0.2689939743850219,0.20614873673334463,0.24920061641751226,0.17003440397209443,0.23363065211908549,0.3176806445485763,0.025330129462059998,1.7578362477446297,True,True,True,True,True,True,True,True,True,1.3464613441440054,0.31778499479823025,0.9843268742377098,0.0,True,False
run-03,outer-context-02,2,2633,True,1,sealed-run03-retrospective,outer_once_8contexts_x_3banks,950906973,11,False,0.347854995878682,0.18356415389999886,0.33222883227887723,0.15128561226907933,0.472296916603668,0.5446343075302742,0.02294867195166135,1.9366632561126504,True,True,True,True,True,True,True,True,True,1.3464613441440054,0.31778499479823025,0.9843268742377098,0.0,True,False
run-03,outer-context-02,2,2633,True,1,sealed-run03-retrospective,outer_once_8contexts_x_3banks,950906973,12,False,0.27603186660015694,0.2135030038847022,0.24907790341204375,0.17738298722866488,0.22652769582589632,0.2878413347842247,0.0002230628123598145,1.7804235468109342,True,True,True,True,True,True,True,True,True,1.3464613441440054,0.31778499479823025,0.9843268742377098,0.0,True,False
run-03,outer-context-02,2,2633,True,1,sealed-run03-retrospective,outer_once_8contexts_x_3banks,950906973,13,True,0.2725853753370388,0.3083141685276492,0.2137013043127444,0.27965563541253874,-0.13107377146126586,-0.3086285847056529,0.046178661777115125,2.0295851801898763,False,False,False,True,False,True,False,False,True,1.3464613441440054,0.31778499479823025,0.9843268742377098,0.0,True,False
run-03,outer-context-02,2,2633,True,1,sealed-run03-retrospective,outer_once_8contexts_x_3banks,950906973,14,False,0.24765788742680525,0.28568906403541877,0.17700051872289452,0.23709516089359778,-0.15356335711235344,-0.3395167573762042,0.06572006255535713,1.7450677754971666,False,False,False,True,True,True,True,False,True,1.3464613441440054,0.31778499479823025,0.9843268742377098,0.0,True,False
run-03,outer-context-02,2,2633,True,1,sealed-run03-retrospective,outer_once_8contexts_x_3banks,950906973,15,False,0.19540497792345138,0.22155389751773355,0.12082007379999816,0.16132409394078143,-0.13381910671961408,-0.33524247144421027,0.03610708040140763,1.4124769645995479,False,False,False,True,True,True,True,False,True,1.3464613441440054,0.31778499479823025,0.9843268742377098,0.0,True,False
run-03,outer-context-02,2,2633,True,1,sealed-run03-retrospective,outer_once_8contexts_x_3banks,950906973,16,False,0.28084637884522073,0.16399655311346023,0.24885748138895283,0.12456609719639258,0.4160631381904285,0.49944805154681493,0.014177391375850846,1.5168755036071326,True,True,True,True,True,True,True,True,True,1.3464613441440054,0.31778499479823025,0.9843268742377098,0.0,True,False
run-03,outer-context-02,2,2633,True,1,sealed-run03-retrospective,outer_once_8contexts_x_3banks,950906973,17,False,0.3115746663182465,0.1012810091369094,0.2920568463606319,0.06453379040010811,0.6749382408598662,0.7790368854410564,0.017782713674563008,1.3536102460875912,True,True,True,True,True,True,True,True,True,1.3464613441440054,0.31778499479823025,0.9843268742377098,0.0,True,False
run-03,outer-context-02,2,2633,True,1,sealed-run03-retrospective,outer_once_8contexts_x_3banks,950906973,18,False,0.33739873407411036,0.11910716195856359,0.32403504922426424,0.07323646546797045,0.6469839690257954,0.7739859757662092,0.0028116720123786748,1.4677004946750665,True,True,True,True,True,True,True,True,True,1.3464613441440054,0.31778499479823025,0.9843268742377098,0.0,True,False
run-03,outer-context-02,2,2633,True,1,sealed-run03-retrospective,outer_once_8contexts_x_3banks,950906973,19,False,0.35272187135796124,0.14619583959134952,0.3391373953588873,0.1119935135527858,0.5855209119057375,0.6697694943541385,0.0032102471887018006,1.7028014940179177,True,True,True,True,True,True,True,True,True,1.3464613441440054,0.31778499479823025,0.9843268742377098,0.0,True,False
run-03,outer-context-02,2,2633,True,1,sealed-run03-retrospective,outer_once_8contexts_x_3banks,950906973,20,True,0.3052670572886455,0.15908497926146312,0.284326427016992,0.12088897716753715,0.4788662075939619,0.5748232816912494,0.036965899059514966,1.5108373423356434,True,True,True,True,True,True,True,True,True,1.3464613441440054,0.31778499479823025,0.9843268742377098,0.0,True,False
run-03,outer-context-02,2,2633,True,1,sealed-run03-retrospective,outer_once_8contexts_x_3banks,950906973,21,True,0.24361125822291563,0.25279606850175884,0.17518484441983845,0.20860372914443065,-0.0377027332227753,-0.1907635608277981,0.07337491617060511,1.596393807594823,False,False,False,True,True,True,True,False,True,1.3464613441440054,0.31778499479823025,0.9843268742377098,0.0,True,False
run-03,outer-context-02,2,2633,True,1,sealed-run03-retrospective,outer_once_8contexts_x_3banks,950906973,22,False,0.19797338591518912,0.2891493496017995,0.08904485009813903,0.23358482285758528,-0.46054656925284765,-1.62322663916155,0.03177126085280269,1.6444704991397108,False,False,False,True,True,True,True,False,True,1.3464613441440054,0.31778499479823025,0.9843268742377098,0.0,True,False
run-03,outer-context-02,2,2633,True,1,sealed-run03-retrospective,outer_once_8contexts_x_3banks,950906973,23,False,0.18049740997831384,0.25522387144705444,0.05676667304736489,0.18660286628729195,-0.41400295703810225,-2.287190463524162,0.01660720851395754,1.4630826359254046,False,False,False,True,True,True,True,False,True,1.3464613441440054,0.31778499479823025,0.9843268742377098,0.0,True,False
run-03,outer-context-02,2,2633,True,1,sealed-run03-retrospective,outer_once_8contexts_x_3banks,950906973,24,False,0.27346326737413645,0.10987627854229459,0.2641348846849375,0.07445190460289658,0.598204615934877,0.7181292251809015,0.014893153317820115,1.4126457336217964,True,True,True,True,True,True,True,True,True,1.3464613441440054,0.31778499479823025,0.9843268742377098,0.0,True,False
run-03,outer-context-02,2,2633,True,1,sealed-run03-retrospective,outer_once_8contexts_x_3banks,950906973,25,False,0.2984891586687729,0.07271305288744946,0.29073415323656565,0.0369316264013415,0.7563963354255772,0.8729711456662237,0.0024425741092904776,1.2284623281799647,True,True,True,True,True,True,True,True,True,1.3464613441440054,0.31778499479823025,0.9843268742377098,0.0,True,False
run-03,outer-context-02,2,2633,True,1,sealed-run03-retrospective,outer_once_8contexts_x_3banks,950906973,26,True,0.32588144239236233,0.07990371064377062,0.31656123431966465,0.03674269552889147,0.7548074230395535,0.8839317909286752,0.00402143602528689,1.1576237918621668,True,True,True,True,True,True,True,True,True,1.3464613441440054,0.31778499479823025,0.9843268742377098,0.0,True,False
run-03,outer-context-02,2,2633,True,1,sealed-run03-retrospective,outer_once_8contexts_x_3banks,950906973,27,True,0.3300870828879077,0.10430762475726077,0.31746642045725176,0.05895320843955739,0.6839996771619143,0.8143009633754457,0.004710964857718742,1.2395680795693367,True,True,True,True,True,True,True,True,True,1.3464613441440054,0.31778499479823025,0.9843268742377098,0.0,True,False
run-03,outer-context-02,2,2633,True,1,sealed-run03-retrospective,outer_once_8contexts_x_3banks,950906973,28,True,0.2987510882693337,0.16652147829936545,0.27305980628655646,0.12595548827366207,0.44260796081438547,0.5387256367512364,0.03728241711036844,1.440166392458128,True,True,True,True,True,True,True,True,True,1.3464613441440054,0.31778499479823025,0.9843268742377098,0.0,True,False
run-03,outer-context-02,2,2633,True,1,sealed-run03-retrospective,outer_once_8contexts_x_3banks,950906973,29,False,0.22662773630731484,0.2079713898613132,0.145752588036536,0.1487366751763924,0.08232154964784633,-0.02047364770708823,0.019014403202175355,1.3821922798892994,False,False,False,True,True,True,True,False,True,1.3464613441440054,0.31778499479823025,0.9843268742377098,0.0,True,False
run-03,outer-context-02,2,2633,True,1,sealed-run03-retrospective,outer_once_8contexts_x_3banks,950906973,30,False,0.2087765166445234,0.27520894990931793,0.05353597495401878,0.21352467947434647,-0.31819878180028627,-2.988433565611526,0.001829679787325385,1.4769366049299233,False,False,False,True,True,True,True,False,True,1.3464613441440054,0.31778499479823025,0.9843268742377098,0.0,True,False
run-03,outer-context-02,2,2633,True,1,sealed-run03-retrospective,outer_once_8contexts_x_3banks,950906973,31,False,0.20655121541406138,0.296557884194233,0.04608097790359058,0.2270013464779515,-0.43575956984683156,-3.9261399563368165,0.013514189799912223,1.4536441398070639,False,False,False,True,True,True,True,False,True,1.3464613441440054,0.31778499479823025,0.9843268742377098,0.0,True,False
run-03,outer-context-02,2,2633,True,1,sealed-run03-retrospective,outer_once_8contexts_x_3banks,950906973,32,False,0.2114657495416312,0.18650854510230092,0.1640622581152276,0.1477120830543616,0.11802007887058306,0.09965835682563023,0.034181063351220974,1.463977487202719,True,True,False,True,True,True,True,False,True,1.3464613441440054,0.31778499479823025,0.9843268742377098,0.0,True,False
run-03,outer-context-02,2,2633,True,1,sealed-run03-retrospective,outer_once_8contexts_x_3banks,950906973,33,False,0.2557748971332692,0.12650116086712926,0.22328897871905837,0.06360072296607215,0.5054199521338602,0.7151640742372045,0.020710578556384526,1.1913618826009027,True,True,True,True,True,True,True,True,True,1.3464613441440054,0.31778499479823025,0.9843268742377098,0.0,True,False
run-03,outer-context-02,2,2633,True,1,sealed-run03-retrospective,outer_once_8contexts_x_3banks,950906973,34,True,0.29643600872110654,0.10440949057955501,0.2784702278140826,0.03859083235779593,0.647784049481702,0.8614184623587099,0.0105664337612903,1.1038285420199396,True,True,True,True,True,True,True,True,True,1.3464613441440054,0.31778499479823025,0.9843268742377098,0.0,True,False
run-03,outer-context-02,2,2633,True,1,sealed-run03-retrospective,outer_once_8contexts_x_3banks,950906973,35,True,0.3060603730413353,0.12157889171716531,0.2826555034884338,0.06980909162103302,0.6027617345263272,0.7530241203179348,0.008180226772903252,1.2470262809518087,True,True,True,True,True,True,True,True,True,1.3464613441440054,0.31778499479823025,0.9843268742377098,0.0,True,False
run-03,outer-context-02,2,2633,True,1,sealed-run03-retrospective,outer_once_8contexts_x_3banks,950906973,36,True,0.2738183651145719,0.1760151072621807,0.23232058142702186,0.126697393646949,0.3571829735067919,0.4546441263674778,0.06207208682296196,1.3876417904728098,True,True,True,True,True,True,True,True,True,1.3464613441440054,0.31778499479823025,0.9843268742377098,0.0,True,False
run-03,outer-context-02,2,2633,True,1,sealed-run03-retrospective,outer_once_8contexts_x_3banks,950906973,37,True,0.23302234970934918,0.20954671774129374,0.1479873539618614,0.1520799941046898,0.1007441217434156,-0.027655336981585142,0.08704379698365716,1.3190177350721775,False,True,False,True,True,True,True,False,True,1.3464613441440054,0.31778499479823025,0.9843268742377098,0.0,True,False
run-03,outer-context-02,2,2633,True,1,sealed-run03-retrospective,outer_once_8contexts_x_3banks,950906973,38,True,0.22462041542424138,0.19209794156800233,0.08081448077867157,0.09590680038260622,0.1447885927679981,-0.18675266435564108,0.035970955930395426,1.186125158425775,False,True,False,True,True,True,True,False,True,1.3464613441440054,0.31778499479823025,0.9843268742377098,0.0,True,False
run-03,outer-context-02,2,2633,True,1,sealed-run03-retrospective,outer_once_8contexts_x_3banks,950906973,39,False,0.24180697755084038,0.2622295314107465,0.04779610493277753,0.16161880405605136,-0.08445808333058646,-2.3814220695045947,0.024533121463064692,1.2810786952620405,False,False,False,True,True,True,True,False,True,1.3464613441440054,0.31778499479823025,0.9843268742377098,0.0,True,False
run-03,outer-context-02,2,2633,True,1,sealed-run03-retrospective,outer_once_8contexts_x_3banks,950906973,40,False,0.20739738429620866,0.19437295903059085,0.17057671904983163,0.16568589188519586,0.06279937092656913,0.028672301776463273,0.0020221423898395176,1.5649099361129477,True,False,False,True,True,True,True,False,True,1.3464613441440054,0.31778499479823025,0.9843268742377098,0.0,True,False
run-03,outer-context-02,2,2633,True,1,sealed-run03-retrospective,outer_once_8contexts_x_3banks,950906973,41,True,0.2365198720186447,0.16882586842276484,0.13246197470887044,0.06576055189659423,0.2862085245443714,0.5035514754998552,0.005664027556681699,1.1293791460012057,True,True,True,True,True,True,True,True,True,1.3464613441440054,0.31778499479823025,0.9843268742377098,0.0,True,False
run-03,outer-context-02,2,2633,True,1,sealed-run03-retrospective,outer_once_8contexts_x_3banks,950906973,42,True,0.2197256054727447,0.16801411755971468,0.15195459230007016,0.09314742435357713,0.23534575227029894,0.38700487465600525,0.03017638125893402,1.1957994369061875,True,True,True,True,True,True,True,True,True,1.3464613441440054,0.31778499479823025,0.9843268742377098,0.0,True,False
run-03,outer-context-02,2,2633,True,1,sealed-run03-retrospective,outer_once_8contexts_x_3banks,950906973,43,True,0.20960259784541097,0.1604283655309901,0.15839606327054448,0.09582269087941994,0.23460697920685378,0.39504373466812515,0.011942967376022542,1.2199404448322442,True,True,True,True,True,True,True,True,True,1.3464613441440054,0.31778499479823025,0.9843268742377098,0.0,True,False
run-03,outer-context-02,2,2633,True,1,sealed-run03-retrospective,outer_once_8contexts_x_3banks,950906973,44,True,0.20970878879330138,0.17526939590366097,0.14976052125068054,0.12343849007874347,0.16422484287764139,0.17576081434624052,0.07578393926250845,1.257517181531203,True,True,True,True,True,True,True,True,True,1.3464613441440054,0.31778499479823025,0.9843268742377098,0.0,True,False
run-03,outer-context-02,2,2633,True,1,sealed-run03-retrospective,outer_once_8contexts_x_3banks,950906973,45,True,0.21860904700967215,0.18751234161608293,0.12467102957418852,0.12797694460783923,0.14224802595755964,-0.026517107021109893,0.01918582303989132,1.3022962441363581,False,True,False,True,True,True,True,False,True,1.3464613441440054,0.31778499479823025,0.9843268742377098,0.0,True,False
run-03,outer-context-02,2,2633,True,1,sealed-run03-retrospective,outer_once_8contexts_x_3banks,950906973,46,True,0.22100626184556185,0.22895174584417985,0.10543448221811205,0.17509490384233264,-0.03595139763130451,-0.6606986647889469,0.05614991894529506,1.405487477271329,False,False,False,True,True,True,True,False,True,1.3464613441440054,0.31778499479823025,0.9843268742377098,0.0,True,False
run-03,outer-context-02,2,2633,True,1,sealed-run03-retrospective,outer_once_8contexts_x_3banks,950906973,47,False,0.20520230237353623,0.286301189411487,0.051444662835868224,0.23462896208521986,-0.39521431338681534,-3.5608027956912176,0.05678146822574007,1.5101657358430656,False,False,False,True,True,True,True,False,True,1.3464613441440054,0.31778499479823025,0.9843268742377098,0.0,True,False
run-03,outer-context-02,2,2633,True,1,sealed-run03-retrospective,outer_once_8contexts_x_3banks,950906973,48,False,0.26246735861748793,0.2541821584257937,0.06501066233813245,0.15207537483111994,0.03156659264350205,-1.3392374321637865,0.07527000284813368,1.2630723705984235,False,False,False,True,True,True,True,False,True,1.3464613441440054,0.31778499479823025,0.9843268742377098,0.0,True,False
run-03,outer-context-02,2,2633,True,1,sealed-run03-retrospective,outer_once_8contexts_x_3banks,950906973,49,True,0.25483329180399594,0.24843868368464758,0.0794905314200521,0.1552910778859302,0.025093299521738898,-0.9535795661665035,0.05852453912024202,1.283754437965486,False,False,False,True,True,True,True,False,True,1.3464613441440054,0.31778499479823025,0.9843268742377098,0.0,True,False
run-03,outer-context-02,2,2633,True,1,sealed-run03-retrospective,outer_once_8contexts_x_3banks,950906973,50,True,0.21975523973299183,0.2201416319737504,0.05312901983968665,0.11846974238012248,-0.0017582845406919148,-1.2298499527677564,0.03258024482959357,1.1989305692218652,False,False,False,True,True,True,True,False,True,1.3464613441440054,0.31778499479823025,0.9843268742377098,0.0,True,False
run-03,outer-context-02,2,2633,True,1,sealed-run03-retrospective,outer_once_8contexts_x_3banks,950906973,51,True,0.1889158043176809,0.1998202965602755,0.03895826748257984,0.07407270657344293,-0.05772143988682704,-0.9013347194293094,0.0658552672482687,1.0476832085570296,False,False,False,True,True,True,True,False,True,1.3464613441440054,0.31778499479823025,0.9843268742377098,0.0,True,False
run-03,outer-context-02,2,2633,True,1,sealed-run03-retrospective,outer_once_8contexts_x_3banks,950906973,52,True,0.16912914699593404,0.16295523024908928,0.03902876458460835,0.027289155094161216,0.03650415588623041,0.30079377647215727,0.0013272079132251816,1.074298671977266,True,False,True,True,True,True,True,False,True,1.3464613441440054,0.31778499479823025,0.9843268742377098,0.0,True,False
run-03,outer-context-02,2,2633,True,1,sealed-run03-retrospective,outer_once_8contexts_x_3banks,950906973,53,True,0.19770163274369626,0.16960403450493955,0.04993484524608197,0.049278164970041186,0.14212122504411945,0.013150742188238026,0.004946433148537311,1.044045302834009,True,True,False,True,True,True,True,False,True,1.3464613441440054,0.31778499479823025,0.9843268742377098,0.0,True,False
run-03,outer-context-02,2,2633,True,1,sealed-run03-retrospective,outer_once_8contexts_x_3banks,950906973,54,False,0.1989666961406544,0.18820374787179273,0.03935790020191526,0.0868578340918933,0.05409422017669272,-1.2068716482915054,0.026834975576818593,1.1734067257672691,False,False,False,True,True,True,True,False,True,1.3464613441440054,0.31778499479823025,0.9843268742377098,0.0,True,False
run-03,outer-context-02,2,2633,True,1,sealed-run03-retrospective,outer_once_8contexts_x_3banks,950906973,55,False,0.2112710865763801,0.18985178795026325,0.07976901631161448,0.03421223772720762,0.10138300973035991,0.5711086922075248,0.023997781972754737,1.0108262206090766,True,True,True,True,True,True,True,True,True,1.3464613441440054,0.31778499479823025,0.9843268742377098,0.0,True,False
run-03,outer-context-02,2,2633,True,1,sealed-run03-retrospective,outer_once_8contexts_x_3banks,950906973,56,False,0.26415050798106315,0.2826917477373924,0.06233101491480092,0.19734448226685106,-0.07019195192181299,-2.166072019468919,0.06812825576201373,1.3505444139469822,False,False,False,True,True,True,True,False,True,1.3464613441440054,0.31778499479823025,0.9843268742377098,0.0,True,False
run-03,outer-context-02,2,2633,True,1,sealed-run03-retrospective,outer_once_8contexts_x_3banks,950906973,57,False,0.2665570751292093,0.29869320344984496,0.056465472484907055,0.23161686732268236,-0.12056002754778951,-3.1019202909280965,0.020256977344386064,1.413631560818956,False,False,False,True,True,True,True,False,True,1.3464613441440054,0.31778499479823025,0.9843268742377098,0.0,True,False
run-03,outer-context-02,2,2633,True,1,sealed-run03-retrospective,outer_once_8contexts_x_3banks,950906973,58,False,0.2466754869983749,0.26728896839514815,0.04525312219667092,0.17446168217846864,-0.08356517969257742,-2.8552407814040954,0.005779200982422008,1.2885921444676813,False,False,False,True,True,True,True,False,True,1.3464613441440054,0.31778499479823025,0.9843268742377098,0.0,True,False
run-03,outer-context-02,2,2633,True,1,sealed-run03-retrospective,outer_once_8contexts_x_3banks,950906973,59,False,0.23127174433631942,0.2542220714618175,0.042859938261016764,0.13192582079316711,-0.09923532678563335,-2.0780683814740857,0.02579626864974397,1.1613858183223649,False,False,False,True,True,True,True,False,True,1.3464613441440054,0.31778499479823025,0.9843268742377098,0.0,True,False
run-03,outer-context-02,2,2633,True,1,sealed-run03-retrospective,outer_once_8contexts_x_3banks,950906973,60,False,0.22741481134257996,0.2376313625880454,0.06265698461944227,0.08937476646779746,-0.04492473988457651,-0.42641346388802664,0.04946347783872733,1.1230991480496024,False,False,False,True,True,True,True,False,True,1.3464613441440054,0.31778499479823025,0.9843268742377098,0.0,True,False
run-03,outer-context-02,2,2633,True,1,sealed-run03-retrospective,outer_once_8contexts_x_3banks,950906973,61,False,0.2651615418965953,0.23275940841956905,0.10911448087736318,0.09268286763255397,0.12219771104537501,0.1505905825944144,0.03461087746273475,1.20644031279657,True,True,True,True,True,True,True,True,True,1.3464613441440054,0.31778499479823025,0.9843268742377098,0.0,True,False
run-03,outer-context-02,2,2633,True,1,sealed-run03-retrospective,outer_once_8contexts_x_3banks,950906973,62,False,0.2358150010173352,0.2043432973763098,0.08198053065937896,0.03642034883077131,0.13345929438438003,0.5557439243459612,0.017241142527593633,1.044140814117247,True,True,True,True,True,True,True,True,True,1.3464613441440054,0.31778499479823025,0.9843268742377098,0.0,True,False
run-03,outer-context-02,2,2633,True,1,sealed-run03-retrospective,outer_once_8contexts_x_3banks,950906973,63,False,0.31922429956959314,0.24549370614446991,0.24045404844753,0.05402127089754047,0.2309679855967526,0.77533640524531,0.007695936649325517,1.035501283546271,True,True,True,True,True,True,True,True,True,1.3464613441440054,0.31778499479823025,0.9843268742377098,0.0,True,False
run-03,outer-context-02,2,2633,True,2,sealed-run03-retrospective,outer_once_8contexts_x_3banks,426098007,0,False,0.2475177991738903,0.2468716613405929,0.15327567787831123,0.1888317675234543,0.0026104701781202366,-0.2319747668861839,0.01027545654608936,1.3956251369882222,False,False,False,True,True,True,True,False,True,1.3863446891749336,0.32196407168044866,0.9933182681072297,0.0,True,False
run-03,outer-context-02,2,2633,True,2,sealed-run03-retrospective,outer_once_8contexts_x_3banks,426098007,1,True,0.22096124783755625,0.22910763254642563,0.12712451816841475,0.1853499737727227,-0.03686793403184595,-0.4580190858790181,0.05482785001240225,1.3921319817938638,False,False,False,True,True,True,True,False,True,1.3863446891749336,0.32196407168044866,0.9933182681072297,0.0,True,False
run-03,outer-context-02,2,2633,True,2,sealed-run03-retrospective,outer_once_8contexts_x_3banks,426098007,2,False,0.23228768064011573,0.24947379682820772,0.19240943850285716,0.2134048116185339,-0.07398634374725412,-0.10911820791662963,0.06809816322869992,1.6204652790107115,False,False,False,True,True,True,True,False,True,1.3863446891749336,0.32196407168044866,0.9933182681072297,0.0,True,False
run-03,outer-context-02,2,2633,True,2,sealed-run03-retrospective,outer_once_8contexts_x_3banks,426098007,3,False,0.3013569755602654,0.1918731752569894,0.28071668519087833,0.16654001740797494,0.36330269143340743,0.4067327444582317,0.05607731711668055,1.7610189206283116,True,True,True,True,True,True,True,True,True,1.3863446891749336,0.32196407168044866,0.9933182681072297,0.0,True,False
run-03,outer-context-02,2,2633,True,2,sealed-run03-retrospective,outer_once_8contexts_x_3banks,426098007,4,False,0.24028408708184762,0.16364708190739677,0.20151077705402845,0.12041268677044688,0.31894332290238636,0.40245038736482963,0.05462393815809691,1.4238875577394392,True,True,True,True,True,True,True,True,True,1.3863446891749336,0.32196407168044866,0.9933182681072297,0.0,True,False
run-03,outer-context-02,2,2633,True,2,sealed-run03-retrospective,outer_once_8contexts_x_3banks,426098007,5,False,0.2370009421833549,0.19486080673576628,0.1750995320873338,0.14258735490883706,0.17780577182257387,0.185678264190225,0.02904158385262398,1.4080831635612046,True,True,True,True,True,True,True,True,True,1.3863446891749336,0.32196407168044866,0.9933182681072297,0.0,True,False
run-03,outer-context-02,2,2633,True,2,sealed-run03-retrospective,outer_once_8contexts_x_3banks,426098007,6,False,0.21427431605763497,0.21292270001110855,0.09900228658289337,0.11757101534877457,0.006307877077357546,-0.18755858482454177,0.016188090288921098,1.248709955933605,False,False,False,True,True,True,True,False,True,1.3863446891749336,0.32196407168044866,0.9933182681072297,0.0,True,False
run-03,outer-context-02,2,2633,True,2,sealed-run03-retrospective,outer_once_8contexts_x_3banks,426098007,7,False,0.1927749465843445,0.23549638465100334,0.05743921835596072,0.14093072946516524,-0.22161301986390128,-1.4535628007991555,0.004566383112285206,1.2791668148110615,False,False,False,True,True,True,True,False,True,1.3863446891749336,0.32196407168044866,0.9933182681072297,0.0,True,False
run-03,outer-context-02,2,2633,True,2,sealed-run03-retrospective,outer_once_8contexts_x_3banks,426098007,8,False,0.2542949135891802,0.22151811266726185,0.1909897833105802,0.17100602052593405,0.12889286875344313,0.1046326271397948,0.010871696069139045,1.4902033137928261,True,True,True,True,True,True,True,True,True,1.3863446891749336,0.32196407168044866,0.9933182681072297,0.0,True,False
run-03,outer-context-02,2,2633,True,2,sealed-run03-retrospective,outer_once_8contexts_x_3banks,426098007,9,False,0.266972114320366,0.24610305957184778,0.22723333971046936,0.21063252506343913,0.07816941781221164,0.07305624547956849,0.027420595463963304,1.709302436731029,True,False,False,True,True,True,True,False,True,1.3863446891749336,0.32196407168044866,0.9933182681072297,0.0,True,False
run-03,outer-context-02,2,2633,True,2,sealed-run03-retrospective,outer_once_8contexts_x_3banks,426098007,10,False,0.2982375300540896,0.20553244696464998,0.280166693945531,0.17390644132769126,0.31084311579641316,0.37927510626405325,0.023271473832873774,1.8076045272816064,True,True,True,True,True,True,True,True,True,1.3863446891749336,0.32196407168044866,0.9933182681072297,0.0,True,False
run-03,outer-context-02,2,2633,True,2,sealed-run03-retrospective,outer_once_8contexts_x_3banks,426098007,11,False,0.37379126776196714,0.18432037571202523,0.35848684332234176,0.15488108607418608,0.5068895621462144,0.5679587997182893,0.02460353298092783,1.975510262020316,True,True,True,True,True,True,True,True,True,1.3863446891749336,0.32196407168044866,0.9933182681072297,0.0,True,False
run-03,outer-context-02,2,2633,True,2,sealed-run03-retrospective,outer_once_8contexts_x_3banks,426098007,12,False,0.28991366038282407,0.22473079009853272,0.26378295983284783,0.1871123707779481,0.22483545686746503,0.29065785410658757,0.0009655680887166643,1.8328986552395534,True,True,True,True,True,True,True,True,True,1.3863446891749336,0.32196407168044866,0.9933182681072297,0.0,True,False
run-03,outer-context-02,2,2633,True,2,sealed-run03-retrospective,outer_once_8contexts_x_3banks,426098007,13,True,0.26997336506813563,0.31184776133676173,0.20955575639396617,0.28418431485803547,-0.155105657397195,-0.3561274562354046,0.04820190382447527,2.0534238578172195,False,False,False,True,False,True,False,False,True,1.3863446891749336,0.32196407168044866,0.9933182681072297,0.0,True,False
run-03,outer-context-02,2,2633,True,2,sealed-run03-retrospective,outer_once_8contexts_x_3banks,426098007,14,False,0.24715674100024684,0.2789687663594317,0.17668218622253148,0.23063207609224454,-0.12871194704397348,-0.3053499111775937,0.06699085546163308,1.7248678408651712,False,False,False,True,True,True,True,False,True,1.3863446891749336,0.32196407168044866,0.9933182681072297,0.0,True,False
run-03,outer-context-02,2,2633,True,2,sealed-run03-retrospective,outer_once_8contexts_x_3banks,426098007,15,False,0.18691364159002272,0.21234752209684668,0.10041523962043705,0.1398399209849342,-0.13607289596663447,-0.3926165143211312,0.036025929613734985,1.3589024659169295,False,False,False,True,True,True,True,False,True,1.3863446891749336,0.32196407168044866,0.9933182681072297,0.0,True,False
run-03,outer-context-02,2,2633,True,2,sealed-run03-retrospective,outer_once_8contexts_x_3banks,426098007,16,False,0.2996568493771644,0.16823962784398203,0.2674658976717606,0.1281983338412553,0.43855904447481364,0.5206927875396555,0.015249347873895156,1.5260910080804633,True,True,True,True,True,True,True,True,True,1.3863446891749336,0.32196407168044866,0.9933182681072297,0.0,True,False
run-03,outer-context-02,2,2633,True,2,sealed-run03-retrospective,outer_once_8contexts_x_3banks,426098007,17,False,0.3191089096084584,0.09916049743889946,0.297809288231721,0.06368344226961982,0.689258135849081,0.7861603221049686,0.02043847540015044,1.3447804892919808,True,True,True,True,True,True,True,True,True,1.3863446891749336,0.32196407168044866,0.9933182681072297,0.0,True,False
run-03,outer-context-02,2,2633,True,2,sealed-run03-retrospective,outer_once_8contexts_x_3banks,426098007,18,False,0.35593326579182094,0.12160422713472606,0.34243858861760124,0.07756265507174893,0.6583510482949626,0.7734990808574947,0.0012681288245319797,1.4784474471325746,True,True,True,True,True,True,True,True,True,1.3863446891749336,0.32196407168044866,0.9933182681072297,0.0,True,False
run-03,outer-context-02,2,2633,True,2,sealed-run03-retrospective,outer_once_8contexts_x_3banks,426098007,19,False,0.368165080225448,0.14864179058359778,0.35243741590844563,0.11926184337382935,0.5962632021141817,0.6616084502083327,0.004130094144399323,1.7374393490752424,True,True,True,True,True,True,True,True,True,1.3863446891749336,0.32196407168044866,0.9933182681072297,0.0,True,False
run-03,outer-context-02,2,2633,True,2,sealed-run03-retrospective,outer_once_8contexts_x_3banks,426098007,20,True,0.3092995685085215,0.16636498022684731,0.2841740367285098,0.12932776938355173,0.4621234648690957,0.5448994184253818,0.03765936131538348,1.5580283589209096,True,True,True,True,True,True,True,True,True,1.3863446891749336,0.32196407168044866,0.9933182681072297,0.0,True,False
run-03,outer-context-02,2,2633,True,2,sealed-run03-retrospective,outer_once_8contexts_x_3banks,426098007,21,True,0.2463131780315744,0.2597875940175106,0.18339944845224584,0.21871911338384845,-0.05470440556050538,-0.19258326690551228,0.07458306747947543,1.6173226356188686,False,False,False,True,True,True,True,False,True,1.3863446891749336,0.32196407168044866,0.9933182681072297,0.0,True,False
run-03,outer-context-02,2,2633,True,2,sealed-run03-retrospective,outer_once_8contexts_x_3banks,426098007,22,False,0.19913102792816476,0.29329272739653833,0.10139618881269999,0.24350021595945756,-0.47286302113772954,-1.4014730613717,0.03242539510969517,1.6584676455665497,False,False,False,True,True,True,True,False,True,1.3863446891749336,0.32196407168044866,0.9933182681072297,0.0,True,False
run-03,outer-context-02,2,2633,True,2,sealed-run03-retrospective,outer_once_8contexts_x_3banks,426098007,23,False,0.1769796316754815,0.257817535972511,0.055320128892218066,0.1962100816287948,-0.45676388594399286,-2.5468117222047155,0.016648154140684407,1.4783921739775465,False,False,False,True,True,True,True,False,True,1.3863446891749336,0.32196407168044866,0.9933182681072297,0.0,True,False
run-03,outer-context-02,2,2633,True,2,sealed-run03-retrospective,outer_once_8contexts_x_3banks,426098007,24,False,0.29262399809020356,0.11376373875642365,0.2839195462158449,0.08107878305201438,0.6112289508075305,0.7144304288568578,0.009163374032929652,1.4448136341448017,True,True,True,True,True,True,True,True,True,1.3863446891749336,0.32196407168044866,0.9933182681072297,0.0,True,False
run-03,outer-context-02,2,2633,True,2,sealed-run03-retrospective,outer_once_8contexts_x_3banks,426098007,25,False,0.3016761371871402,0.07259269962071542,0.2922025021641024,0.035029012188226676,0.7593687711014291,0.8801207658086575,0.0003030778771847826,1.2271185459793856,True,True,True,True,True,True,True,True,True,1.3863446891749336,0.32196407168044866,0.9933182681072297,0.0,True,False
run-03,outer-context-02,2,2633,True,2,sealed-run03-retrospective,outer_once_8contexts_x_3banks,426098007,26,True,0.32927550071464246,0.08071006101842805,0.3181382300256824,0.03651503411802719,0.7548859212323447,0.8852227407090325,0.0033368595012371084,1.171870261772305,True,True,True,True,True,True,True,True,True,1.3863446891749336,0.32196407168044866,0.9933182681072297,0.0,True,False
run-03,outer-context-02,2,2633,True,2,sealed-run03-retrospective,outer_once_8contexts_x_3banks,426098007,27,True,0.32920646259986214,0.1055913695625632,0.3113838631893922,0.06140757894889089,0.6792548702456505,0.8027913896374871,0.004987343004101878,1.2619803747276588,True,True,True,True,True,True,True,True,True,1.3863446891749336,0.32196407168044866,0.9933182681072297,0.0,True,False
run-03,outer-context-02,2,2633,True,2,sealed-run03-retrospective,outer_once_8contexts_x_3banks,426098007,28,True,0.29671506335484343,0.1728375191367086,0.2664245131933723,0.13240007688733316,0.41749664751596677,0.5030484421257571,0.03734580126312145,1.4663262169332518,True,True,True,True,True,True,True,True,True,1.3863446891749336,0.32196407168044866,0.9933182681072297,0.0,True,False
run-03,outer-context-02,2,2633,True,2,sealed-run03-retrospective,outer_once_8contexts_x_3banks,426098007,29,False,0.23246803268743144,0.20999711693793846,0.16000959203754786,0.157107697593258,0.09666239047889479,0.018135753034161303,0.01917714806539802,1.3951013781530972,True,False,False,True,True,True,True,False,True,1.3863446891749336,0.32196407168044866,0.9933182681072297,0.0,True,False
run-03,outer-context-02,2,2633,True,2,sealed-run03-retrospective,outer_once_8contexts_x_3banks,426098007,30,False,0.20887291051362716,0.27897431748941354,0.06832873325565883,0.22431704274439718,-0.33561751403475015,-2.282909429991807,0.0016272948452003275,1.4989539864240706,False,False,False,True,True,True,True,False,True,1.3863446891749336,0.32196407168044866,0.9933182681072297,0.0,True,False
run-03,outer-context-02,2,2633,True,2,sealed-run03-retrospective,outer_once_8contexts_x_3banks,426098007,31,False,0.19883548149637073,0.302261786235554,0.044819156447812515,0.24012006333214217,-0.5201602046115249,-4.3575319654161335,0.013494157670786242,1.4815781690929717,False,False,False,True,True,True,True,False,True,1.3863446891749336,0.32196407168044866,0.9933182681072297,0.0,True,False
run-03,outer-context-02,2,2633,True,2,sealed-run03-retrospective,outer_once_8contexts_x_3banks,426098007,32,False,0.21612164357859492,0.18477832263128297,0.1748739574927231,0.14150107449065266,0.14502629365722747,0.19083963947838925,0.03573848093112984,1.43308243564123,True,True,True,True,True,True,True,True,True,1.3863446891749336,0.32196407168044866,0.9933182681072297,0.0,True,False
run-03,outer-context-02,2,2633,True,2,sealed-run03-retrospective,outer_once_8contexts_x_3banks,426098007,33,False,0.26460659847318213,0.12413184869203463,0.23210082036383045,0.0581790659554833,0.530881507081482,0.7493370946975348,0.019818920279976976,1.18036196284862,True,True,True,True,True,True,True,True,True,1.3863446891749336,0.32196407168044866,0.9933182681072297,0.0,True,False
run-03,outer-context-02,2,2633,True,2,sealed-run03-retrospective,outer_once_8contexts_x_3banks,426098007,34,True,0.2974676717300584,0.10353761284752315,0.2781429623653962,0.03596685084952724,0.651936587779932,0.8706893370817068,0.010702905034897263,1.0974021752046488,True,True,True,True,True,True,True,True,True,1.3863446891749336,0.32196407168044866,0.9933182681072297,0.0,True,False
run-03,outer-context-02,2,2633,True,2,sealed-run03-retrospective,outer_once_8contexts_x_3banks,426098007,35,True,0.30136925530737363,0.12289859448033172,0.27686782817389977,0.07234851860868895,0.5921992959932674,0.7386893266513902,0.007441423316807516,1.2550302797896211,True,True,True,True,True,True,True,True,True,1.3863446891749336,0.32196407168044866,0.9933182681072297,0.0,True,False
run-03,outer-context-02,2,2633,True,2,sealed-run03-retrospective,outer_once_8contexts_x_3banks,426098007,36,True,0.26762293534705983,0.181467352541001,0.22874561760218143,0.1310177137317984,0.32192899571305506,0.42723399422822883,0.06173348505900289,1.3947892852651935,True,True,True,True,True,True,True,True,True,1.3863446891749336,0.32196407168044866,0.9933182681072297,0.0,True,False
run-03,outer-context-02,2,2633,True,2,sealed-run03-retrospective,outer_once_8contexts_x_3banks,426098007,37,True,0.23472346799266341,0.21674616780961076,0.15641403976758878,0.158636353086258,0.07658927476145914,-0.014207889023078148,0.08803037364128082,1.329290375667446,False,False,False,True,True,True,True,False,True,1.3863446891749336,0.32196407168044866,0.9933182681072297,0.0,True,False
run-03,outer-context-02,2,2633,True,2,sealed-run03-retrospective,outer_once_8contexts_x_3banks,426098007,38,True,0.23361953919129017,0.20389179349609185,0.09514733473341272,0.10580122199623196,0.12724854178766665,-0.11197252442929369,0.03601750743039369,1.2055515640595105,False,True,False,True,True,True,True,False,True,1.3863446891749336,0.32196407168044866,0.9933182681072297,0.0,True,False
run-03,outer-context-02,2,2633,True,2,sealed-run03-retrospective,outer_once_8contexts_x_3banks,426098007,39,False,0.23487698478404553,0.2622053747746267,0.04764885864258092,0.17113128795577354,-0.11635192786431532,-2.5915086495449398,0.02499229723161001,1.3013031460094782,False,False,False,True,True,True,True,False,True,1.3863446891749336,0.32196407168044866,0.9933182681072297,0.0,True,False
run-03,outer-context-02,2,2633,True,2,sealed-run03-retrospective,outer_once_8contexts_x_3banks,426098007,40,False,0.2152174208351288,0.18134286030908356,0.17789288315302546,0.14888394593259285,0.15739692630177674,0.16306968950229891,0.0026437974246211124,1.5057101589098343,True,True,True,True,True,True,True,True,True,1.3863446891749336,0.32196407168044866,0.9933182681072297,0.0,True,False
run-03,outer-context-02,2,2633,True,2,sealed-run03-retrospective,outer_once_8contexts_x_3banks,426098007,41,True,0.2513297787725526,0.1670838572675857,0.15392890116616198,0.05096033233197178,0.3352007148393164,0.6689359051750684,0.006573811529140781,1.0934344290686482,True,True,True,True,True,True,True,True,True,1.3863446891749336,0.32196407168044866,0.9933182681072297,0.0,True,False
run-03,outer-context-02,2,2633,True,2,sealed-run03-retrospective,outer_once_8contexts_x_3banks,426098007,42,True,0.23369464493770103,0.165827725410294,0.17044851564661004,0.07843669896966604,0.29040853522980464,0.53982175396418,0.030511865750105175,1.163358351349836,True,True,True,True,True,True,True,True,True,1.3863446891749336,0.32196407168044866,0.9933182681072297,0.0,True,False
run-03,outer-context-02,2,2633,True,2,sealed-run03-retrospective,outer_once_8contexts_x_3banks,426098007,43,True,0.22069115331457664,0.15735416821475265,0.17547901695056484,0.08789195123137035,0.2869937654888343,0.49913127644126887,0.012825707129570756,1.2037166898724938,True,True,True,True,True,True,True,True,True,1.3863446891749336,0.32196407168044866,0.9933182681072297,0.0,True,False
run-03,outer-context-02,2,2633,True,2,sealed-run03-retrospective,outer_once_8contexts_x_3banks,426098007,44,True,0.2195358399511849,0.17778842288072433,0.16786194173714458,0.12433936794851265,0.19016219438130627,0.2592760058547639,0.07647586518160554,1.2503693712033495,True,True,True,True,True,True,True,True,True,1.3863446891749336,0.32196407168044866,0.9933182681072297,0.0,True,False
run-03,outer-context-02,2,2633,True,2,sealed-run03-retrospective,outer_once_8contexts_x_3banks,426098007,45,True,0.2276496336268558,0.19789113800515987,0.14076178960757493,0.13374013039172727,0.13072059527437488,0.0498832761037147,0.019896674397703592,1.3189643839035123,True,True,False,True,True,True,True,False,True,1.3863446891749336,0.32196407168044866,0.9933182681072297,0.0,True,False
run-03,outer-context-02,2,2633,True,2,sealed-run03-retrospective,outer_once_8contexts_x_3banks,426098007,46,True,0.22989024200590602,0.2442609652098098,0.11909108123817497,0.18594953569526365,-0.06251123613822022,-0.5614060579681515,0.05657621168360032,1.4369389500390888,False,False,False,True,True,True,True,False,True,1.3863446891749336,0.32196407168044866,0.9933182681072297,0.0,True,False
run-03,outer-context-02,2,2633,True,2,sealed-run03-retrospective,outer_once_8contexts_x_3banks,426098007,47,False,0.2098015495499129,0.2999752256242372,0.06111526652432114,0.2389716199477761,-0.4298046237874496,-2.910178807003584,0.05748779196860993,1.532355507954525,False,False,False,True,True,True,True,False,True,1.3863446891749336,0.32196407168044866,0.9933182681072297,0.0,True,False
run-03,outer-context-02,2,2633,True,2,sealed-run03-retrospective,outer_once_8contexts_x_3banks,426098007,48,False,0.26847494432838476,0.25219639828194906,0.07307768510304694,0.1489645714574189,0.060633390155487334,-1.0384413004785766,0.07480311533250084,1.2659256534443815,False,False,False,True,True,True,True,False,True,1.3863446891749336,0.32196407168044866,0.9933182681072297,0.0,True,False
run-03,outer-context-02,2,2633,True,2,sealed-run03-retrospective,outer_once_8contexts_x_3banks,426098007,49,True,0.2618151901094974,0.23863517489963304,0.09731947790762405,0.1378276802853747,0.08853579198429973,-0.4162394132056603,0.058474965430729414,1.2512595361612848,False,False,False,True,True,True,True,False,True,1.3863446891749336,0.32196407168044866,0.9933182681072297,0.0,True,False
run-03,outer-context-02,2,2633,True,2,sealed-run03-retrospective,outer_once_8contexts_x_3banks,426098007,50,True,0.22783046338475718,0.21915873089457896,0.08204303161881235,0.10557693209163184,0.03806221679641457,-0.2868482552200472,0.03251844213946903,1.1740479945714961,False,False,False,True,True,True,True,False,True,1.3863446891749336,0.32196407168044866,0.9933182681072297,0.0,True,False
run-03,outer-context-02,2,2633,True,2,sealed-run03-retrospective,outer_once_8contexts_x_3banks,426098007,51,True,0.1946399328956185,0.1984080065486546,0.06761657635231891,0.07106284116634526,-0.01935920135698373,-0.05096775080816646,0.06657367963925859,1.0369814803067052,False,False,False,True,True,True,True,False,True,1.3863446891749336,0.32196407168044866,0.9933182681072297,0.0,True,False
run-03,outer-context-02,2,2633,True,2,sealed-run03-retrospective,outer_once_8contexts_x_3banks,426098007,52,True,0.17708162611074832,0.15888441318813948,0.07515995793412344,0.025999918624754738,0.10276172250207456,0.6540722036121511,0.0014391060966901976,1.0705461425816445,True,True,True,True,True,True,True,True,True,1.3863446891749336,0.32196407168044866,0.9933182681072297,0.0,True,False
run-03,outer-context-02,2,2633,True,2,sealed-run03-retrospective,outer_once_8contexts_x_3banks,426098007,53,True,0.21193438113586793,0.17400544417158129,0.07737976628204518,0.04373749122788819,0.17896547394059192,0.434768372542412,0.006108172397658001,1.0496795561221348,True,True,True,True,True,True,True,True,True,1.3863446891749336,0.32196407168044866,0.9933182681072297,0.0,True,False
run-03,outer-context-02,2,2633,True,2,sealed-run03-retrospective,outer_once_8contexts_x_3banks,426098007,54,False,0.20639253229811225,0.19401862627760597,0.043986398146390104,0.08945702199711089,0.059953264213229766,-1.0337428333957026,0.029218696730521437,1.1772348124236949,False,False,False,True,True,True,True,False,True,1.3863446891749336,0.32196407168044866,0.9933182681072297,0.0,True,False
run-03,outer-context-02,2,2633,True,2,sealed-run03-retrospective,outer_once_8contexts_x_3banks,426098007,55,False,0.21596907201213877,0.2038222026432181,0.08190166025886816,0.03558465253296142,0.05624355957892873,0.5655197657716788,0.026216546978792218,1.006913064282521,True,False,True,True,True,True,True,False,True,1.3863446891749336,0.32196407168044866,0.9933182681072297,0.0,True,False
run-03,outer-context-02,2,2633,True,2,sealed-run03-retrospective,outer_once_8contexts_x_3banks,426098007,56,False,0.26596213721688294,0.2859387624303696,0.0692227345187165,0.20451077434778578,-0.07511078615373133,-1.9543873955526851,0.06752525085562948,1.372417151968338,False,False,False,True,True,True,True,False,True,1.3863446891749336,0.32196407168044866,0.9933182681072297,0.0,True,False
run-03,outer-context-02,2,2633,True,2,sealed-run03-retrospective,outer_once_8contexts_x_3banks,426098007,57,False,0.26862660385352816,0.2952834858430578,0.06335165152405324,0.2261891052241042,-0.09923396122025437,-2.570374248857982,0.019210046600463597,1.4135946051018464,False,False,False,True,True,True,True,False,True,1.3863446891749336,0.32196407168044866,0.9933182681072297,0.0,True,False
run-03,outer-context-02,2,2633,True,2,sealed-run03-retrospective,outer_once_8contexts_x_3banks,426098007,58,False,0.2485947313175515,0.26891424460056995,0.0656371220047148,0.1720973058226232,-0.08173750576017874,-1.621950819389388,0.004472341817026271,1.291567902074042,False,False,False,True,True,True,True,False,True,1.3863446891749336,0.32196407168044866,0.9933182681072297,0.0,True,False
run-03,outer-context-02,2,2633,True,2,sealed-run03-retrospective,outer_once_8contexts_x_3banks,426098007,59,False,0.2343868007978657,0.2641434526409922,0.06535900430293129,0.14164222955427733,-0.12695532232119391,-1.1671417896420555,0.026910108596965212,1.1804850650446188,False,False,False,True,True,True,True,False,True,1.3863446891749336,0.32196407168044866,0.9933182681072297,0.0,True,False
run-03,outer-context-02,2,2633,True,2,sealed-run03-retrospective,outer_once_8contexts_x_3banks,426098007,60,False,0.23066931905872465,0.23541582399024313,0.05602214808941099,0.09060173847102262,-0.02057709690602634,-0.6172485625939017,0.05032883886944045,1.127788026581074,False,False,False,True,True,True,True,False,True,1.3863446891749336,0.32196407168044866,0.9933182681072297,0.0,True,False
run-03,outer-context-02,2,2633,True,2,sealed-run03-retrospective,outer_once_8contexts_x_3banks,426098007,61,False,0.2521815891445107,0.23051181941005472,0.0904624177259239,0.10036755202291885,0.08592922983778291,-0.10949446793479221,0.03417614378373821,1.223457028973364,False,False,False,True,True,True,True,False,True,1.3863446891749336,0.32196407168044866,0.9933182681072297,0.0,True,False
run-03,outer-context-02,2,2633,True,2,sealed-run03-retrospective,outer_once_8contexts_x_3banks,426098007,62,False,0.24176432197746173,0.20635928258523203,0.07569103783531499,0.03494845201708337,0.146444434408855,0.538274899954172,0.01951726150100251,1.0448503413070107,True,True,True,True,True,True,True,True,True,1.3863446891749336,0.32196407168044866,0.9933182681072297,0.0,True,False
run-03,outer-context-02,2,2633,True,2,sealed-run03-retrospective,outer_once_8contexts_x_3banks,426098007,63,False,0.3231569275624389,0.25329362119526944,0.23971497041193263,0.06063240593176866,0.2161900315557085,0.7470645832941668,0.010133179586333438,1.0093074016340284,True,True,True,True,True,True,True,True,True,1.3863446891749336,0.32196407168044866,0.9933182681072297,0.0,True,False
run-03,outer-context-03,3,3694,True,0,sealed-run03-retrospective,outer_once_8contexts_x_3banks,1208212860,0,False,0.28398882267491227,0.2317856446130629,0.18905098738108558,0.1789796191301831,0.18382124187192891,0.05327329092759937,0.0014955954006720686,1.3778335475294254,True,True,False,True,True,True,True,False,True,1.3787888951084664,0.31711593167406593,1.0562815577190308,0.0,True,False
run-03,outer-context-03,3,3694,True,0,sealed-run03-retrospective,outer_once_8contexts_x_3banks,1208212860,1,True,0.24433836708208018,0.2290119516605908,0.1523222319555966,0.17655161001949765,0.06272619238852818,-0.15906659029894035,0.05131052554460344,1.382711058854969,False,False,False,True,True,True,True,False,True,1.3787888951084664,0.31711593167406593,1.0562815577190308,0.0,True,False
run-03,outer-context-03,3,3694,True,0,sealed-run03-retrospective,outer_once_8contexts_x_3banks,1208212860,2,False,0.22228720962597434,0.22824131124049238,0.18342448814677037,0.1918065368871206,-0.026785623988607118,-0.04569754466831704,0.055694423059838856,1.5530355310697608,False,False,False,True,True,True,True,False,True,1.3787888951084664,0.31711593167406593,1.0562815577190308,0.0,True,False
run-03,outer-context-03,3,3694,True,0,sealed-run03-retrospective,outer_once_8contexts_x_3banks,1208212860,3,False,0.3203387472386833,0.21010883123362126,0.28817269649097627,0.18091697529817755,0.3441042239043599,0.3721925168443475,0.04960703462877447,1.8262599076785169,True,True,True,True,True,True,True,True,True,1.3787888951084664,0.31711593167406593,1.0562815577190308,0.0,True,False
run-03,outer-context-03,3,3694,True,0,sealed-run03-retrospective,outer_once_8contexts_x_3banks,1208212860,4,False,0.22920912389958967,0.17943235296791138,0.19870882307135643,0.1346130046495296,0.21716749353086026,0.3225615120210842,0.060715952889351825,1.4750295542278493,True,True,True,True,True,True,True,True,True,1.3787888951084664,0.31711593167406593,1.0562815577190308,0.0,True,False
run-03,outer-context-03,3,3694,True,0,sealed-run03-retrospective,outer_once_8contexts_x_3banks,1208212860,5,False,0.18445652833178522,0.20574219090331147,0.13113917057085392,0.15483862899488332,-0.11539663444841246,-0.18071990482221853,0.03277436836217703,1.4493994059446962,False,False,False,True,True,True,True,False,True,1.3787888951084664,0.31711593167406593,1.0562815577190308,0.0,True,False
run-03,outer-context-03,3,3694,True,0,sealed-run03-retrospective,outer_once_8contexts_x_3banks,1208212860,6,False,0.1906015060758927,0.2104446290429845,0.0746046506462729,0.11631672691657081,-0.10410790227014657,-0.5591082581174416,0.006687112139013024,1.2558303373125754,False,False,False,True,True,True,True,False,True,1.3787888951084664,0.31711593167406593,1.0562815577190308,0.0,True,False
run-03,outer-context-03,3,3694,True,0,sealed-run03-retrospective,outer_once_8contexts_x_3banks,1208212860,7,False,0.22470945281646962,0.239316981458066,0.06352587422241412,0.14930674187966955,-0.06500629349815126,-1.3503295894350553,0.03870092655416918,1.3126732978811024,False,False,False,True,True,True,True,False,True,1.3787888951084664,0.31711593167406593,1.0562815577190308,0.0,True,False
run-03,outer-context-03,3,3694,True,0,sealed-run03-retrospective,outer_once_8contexts_x_3banks,1208212860,8,False,0.2558291403723866,0.2014403240671915,0.1890642917601766,0.15614829050500686,0.21259820607623647,0.17409951370892862,0.01989318343417847,1.4260006636779574,True,True,True,True,True,True,True,True,True,1.3787888951084664,0.31711593167406593,1.0562815577190308,0.0,True,False
run-03,outer-context-03,3,3694,True,0,sealed-run03-retrospective,outer_once_8contexts_x_3banks,1208212860,9,False,0.25168598450817914,0.2263247363748807,0.2095754149042303,0.18826496599301765,0.10076543667243519,0.1016839161260918,0.02563776382402325,1.6349409527553236,True,True,True,True,True,True,True,True,True,1.3787888951084664,0.31711593167406593,1.0562815577190308,0.0,True,False
run-03,outer-context-03,3,3694,True,0,sealed-run03-retrospective,outer_once_8contexts_x_3banks,1208212860,10,False,0.3017402860691933,0.19350666674399478,0.2723113743728217,0.15417298575800834,0.35869794098484753,0.4338356739115496,0.017296815247888925,1.7125984558988376,True,True,True,True,True,True,True,True,True,1.3787888951084664,0.31711593167406593,1.0562815577190308,0.0,True,False
run-03,outer-context-03,3,3694,True,0,sealed-run03-retrospective,outer_once_8contexts_x_3banks,1208212860,11,False,0.3680895137059238,0.17697809300047415,0.3430653743639746,0.14540727474208995,0.5191982210559073,0.5761528687887331,0.016468189205798026,1.9160966548889942,True,True,True,True,True,True,True,True,True,1.3787888951084664,0.31711593167406593,1.0562815577190308,0.0,True,False
run-03,outer-context-03,3,3694,True,0,sealed-run03-retrospective,outer_once_8contexts_x_3banks,1208212860,12,False,0.29440217896821674,0.22037458098913798,0.2559613076783501,0.1852624020723001,0.2514505777046938,0.2762093468239845,0.013441675779476353,1.8086191493582506,True,True,True,True,True,True,True,True,True,1.3787888951084664,0.31711593167406593,1.0562815577190308,0.0,True,False
run-03,outer-context-03,3,3694,True,0,sealed-run03-retrospective,outer_once_8contexts_x_3banks,1208212860,13,True,0.25473749078954827,0.30757717028003967,0.1996141585032664,0.2806929085871188,-0.20742796565482766,-0.4061773508041299,0.042432141521296596,2.043978794512734,False,False,False,True,False,True,False,False,True,1.3787888951084664,0.31711593167406593,1.0562815577190308,0.0,True,False
run-03,outer-context-03,3,3694,True,0,sealed-run03-retrospective,outer_once_8contexts_x_3banks,1208212860,14,False,0.22124395868464214,0.2643036254979207,0.1577737259314892,0.22537469953820677,-0.19462527731505277,-0.42846787833401523,0.04262446636624908,1.7105678501346255,False,False,False,True,True,True,True,False,True,1.3787888951084664,0.31711593167406593,1.0562815577190308,0.0,True,False
run-03,outer-context-03,3,3694,True,0,sealed-run03-retrospective,outer_once_8contexts_x_3banks,1208212860,15,False,0.2062334016594153,0.2216512751230159,0.11287931465791456,0.15296811161826884,-0.07475934227697262,-0.3551474163521017,0.011560068392794292,1.4239904704303532,False,False,False,True,True,True,True,False,True,1.3787888951084664,0.31711593167406593,1.0562815577190308,0.0,True,False
run-03,outer-context-03,3,3694,True,0,sealed-run03-retrospective,outer_once_8contexts_x_3banks,1208212860,16,False,0.27330549742720167,0.1545828218129391,0.241333380418357,0.11462199741092255,0.4343954905110749,0.5250470647192582,0.03294561475641011,1.4570699048297937,True,True,True,True,True,True,True,True,True,1.3787888951084664,0.31711593167406593,1.0562815577190308,0.0,True,False
run-03,outer-context-03,3,3694,True,0,sealed-run03-retrospective,outer_once_8contexts_x_3banks,1208212860,17,False,0.40297328205077126,0.1117028360551951,0.3788637898242982,0.07301137253306915,0.7228033692786574,0.8072885968676793,0.011855654406723362,1.4105604347747498,True,True,True,True,True,True,True,True,True,1.3787888951084664,0.31711593167406593,1.0562815577190308,0.0,True,False
run-03,outer-context-03,3,3694,True,0,sealed-run03-retrospective,outer_once_8contexts_x_3banks,1208212860,18,False,0.3912492865079177,0.11736595342365559,0.3718114281477367,0.07361849143252723,0.7000225751944459,0.8020004608269452,0.007117429334809741,1.4577897250019298,True,True,True,True,True,True,True,True,True,1.3787888951084664,0.31711593167406593,1.0562815577190308,0.0,True,False
run-03,outer-context-03,3,3694,True,0,sealed-run03-retrospective,outer_once_8contexts_x_3banks,1208212860,19,False,0.37127490024062115,0.1418482636235633,0.35252797185507595,0.10979602181373399,0.6179427601175511,0.6885466386228465,0.009916196730817565,1.6896513001712177,True,True,True,True,True,True,True,True,True,1.3787888951084664,0.31711593167406593,1.0562815577190308,0.0,True,False
run-03,outer-context-03,3,3694,True,0,sealed-run03-retrospective,outer_once_8contexts_x_3banks,1208212860,20,True,0.2997482740602194,0.16077961036818983,0.2676854967593003,0.12153249743084499,0.46361789447405055,0.5459877397088659,0.042378647292515496,1.5293185139082568,True,True,True,True,True,True,True,True,True,1.3787888951084664,0.31711593167406593,1.0562815577190308,0.0,True,False
run-03,outer-context-03,3,3694,True,0,sealed-run03-retrospective,outer_once_8contexts_x_3banks,1208212860,21,True,0.21726723402863005,0.2440134063274409,0.15614661615303113,0.2097042804608313,-0.12310265014597836,-0.3429959971422699,0.07798006895317526,1.6005987849862269,False,False,False,True,True,True,True,False,True,1.3787888951084664,0.31711593167406593,1.0562815577190308,0.0,True,False
run-03,outer-context-03,3,3694,True,0,sealed-run03-retrospective,outer_once_8contexts_x_3banks,1208212860,22,False,0.19259740889312954,0.30289933343123654,0.12288409343823331,0.26264306859418857,-0.5727072091572762,-1.1373235643895927,0.015581152156959006,1.7151245191107656,False,False,False,True,False,True,True,False,True,1.3787888951084664,0.31711593167406593,1.0562815577190308,0.0,True,False
run-03,outer-context-03,3,3694,True,0,sealed-run03-retrospective,outer_once_8contexts_x_3banks,1208212860,23,False,0.1994750000503693,0.2826369203829283,0.10319767495976588,0.22333052715683127,-0.41690397449083766,-1.164104251805112,0.010695615599421775,1.5435125439239286,False,False,False,True,True,True,True,False,True,1.3787888951084664,0.31711593167406593,1.0562815577190308,0.0,True,False
run-03,outer-context-03,3,3694,True,0,sealed-run03-retrospective,outer_once_8contexts_x_3banks,1208212860,24,False,0.3472322595658753,0.12771162974050068,0.33104404318137937,0.08885191566780107,0.6322011385112338,0.731600922904633,0.01006234323729466,1.5307435062922834,True,True,True,True,True,True,True,True,True,1.3787888951084664,0.31711593167406593,1.0562815577190308,0.0,True,False
run-03,outer-context-03,3,3694,True,0,sealed-run03-retrospective,outer_once_8contexts_x_3banks,1208212860,25,False,0.3635510907967982,0.07928092568064665,0.34910407830108786,0.045439065654795725,0.781926316031989,0.8698409200032134,0.01094124605754773,1.3218777616974198,True,True,True,True,True,True,True,True,True,1.3787888951084664,0.31711593167406593,1.0562815577190308,0.0,True,False
run-03,outer-context-03,3,3694,True,0,sealed-run03-retrospective,outer_once_8contexts_x_3banks,1208212860,26,True,0.3448290058990233,0.07563079520973322,0.33015549192276067,0.036382189898571816,0.7806715968903142,0.8898028632306277,0.0019278704109605236,1.1637151859450758,True,True,True,True,True,True,True,True,True,1.3787888951084664,0.31711593167406593,1.0562815577190308,0.0,True,False
run-03,outer-context-03,3,3694,True,0,sealed-run03-retrospective,outer_once_8contexts_x_3banks,1208212860,27,True,0.31319492482587313,0.09915610824554659,0.2949219924033393,0.05396104835820795,0.6834044858783251,0.8170328095287988,0.004904483524501195,1.2344943290264339,True,True,True,True,True,True,True,True,True,1.3787888951084664,0.31711593167406593,1.0562815577190308,0.0,True,False
run-03,outer-context-03,3,3694,True,0,sealed-run03-retrospective,outer_once_8contexts_x_3banks,1208212860,28,True,0.26831001278525585,0.16480081514601932,0.23569699677853853,0.12608668402235565,0.38578209051810886,0.4650475578998276,0.044420144022456295,1.4390638245424312,True,True,True,True,True,True,True,True,True,1.3787888951084664,0.31711593167406593,1.0562815577190308,0.0,True,False
run-03,outer-context-03,3,3694,True,0,sealed-run03-retrospective,outer_once_8contexts_x_3banks,1208212860,29,False,0.202908475875268,0.201881003522128,0.13704973837510512,0.1544046849260626,0.005063723182128672,-0.12663246757507116,0.024438555043527082,1.3957133235706594,False,False,False,True,True,True,True,False,True,1.3787888951084664,0.31711593167406593,1.0562815577190308,0.0,True,False
run-03,outer-context-03,3,3694,True,0,sealed-run03-retrospective,outer_once_8contexts_x_3banks,1208212860,30,False,0.19351064396578654,0.29659281946629307,0.08512153242956967,0.24896296361708775,-0.5326951189244756,-1.9247941914471756,0.006532668214372356,1.5565203393400624,False,False,False,True,True,True,True,False,True,1.3787888951084664,0.31711593167406593,1.0562815577190308,0.0,True,False
run-03,outer-context-03,3,3694,True,0,sealed-run03-retrospective,outer_once_8contexts_x_3banks,1208212860,31,False,0.19649861335488197,0.346240242382029,0.05164284611576579,0.2847281355498759,-0.7620492911912282,-4.513409057889872,0.027455141141668457,1.5583730142674883,False,False,False,True,False,True,True,False,True,1.3787888951084664,0.31711593167406593,1.0562815577190308,0.0,True,False
run-03,outer-context-03,3,3694,True,0,sealed-run03-retrospective,outer_once_8contexts_x_3banks,1208212860,32,False,0.2194745692332475,0.20011260099482275,0.17814847717757065,0.15810877418740843,0.08821964342414426,0.1124887695233427,0.07195191624126965,1.4848410192308266,True,False,True,True,True,True,True,False,True,1.3787888951084664,0.31711593167406593,1.0562815577190308,0.0,True,False
run-03,outer-context-03,3,3694,True,0,sealed-run03-retrospective,outer_once_8contexts_x_3banks,1208212860,33,False,0.2579969926818562,0.12395871536693936,0.22528190329197903,0.05880210129225786,0.5195342624795765,0.7389843550103234,0.008335689246544315,1.176376662566427,True,True,True,True,True,True,True,True,True,1.3787888951084664,0.31711593167406593,1.0562815577190308,0.0,True,False
run-03,outer-context-03,3,3694,True,0,sealed-run03-retrospective,outer_once_8contexts_x_3banks,1208212860,34,True,0.2881009420657591,0.0996886059029089,0.2654874410481241,0.030063399741009873,0.6539802848678122,0.8867614994429798,0.005527946171830901,1.0851548259619967,True,True,True,True,True,True,True,True,True,1.3787888951084664,0.31711593167406593,1.0562815577190308,0.0,True,False
run-03,outer-context-03,3,3694,True,0,sealed-run03-retrospective,outer_once_8contexts_x_3banks,1208212860,35,True,0.2752231778928178,0.11500925419384209,0.25067404711079655,0.06073291232878242,0.5821236602440838,0.7577215789637018,0.01932047293569676,1.2155716575150999,True,True,True,True,True,True,True,True,True,1.3787888951084664,0.31711593167406593,1.0562815577190308,0.0,True,False
run-03,outer-context-03,3,3694,True,0,sealed-run03-retrospective,outer_once_8contexts_x_3banks,1208212860,36,True,0.24032019021168982,0.1729040242609982,0.19993149627425405,0.11939766623766898,0.2805264338851722,0.4028071191250106,0.07515302180621168,1.345128077017654,True,True,True,True,True,True,True,True,True,1.3787888951084664,0.31711593167406593,1.0562815577190308,0.0,True,False
run-03,outer-context-03,3,3694,True,0,sealed-run03-retrospective,outer_once_8contexts_x_3banks,1208212860,37,True,0.2124301219507713,0.19911047853650338,0.1290976281958247,0.13500570417195404,0.06270129345100418,-0.04576440372062861,0.07526355370286206,1.289518112477652,False,False,False,True,True,True,True,False,True,1.3787888951084664,0.31711593167406593,1.0562815577190308,0.0,True,False
run-03,outer-context-03,3,3694,True,0,sealed-run03-retrospective,outer_once_8contexts_x_3banks,1208212860,38,True,0.20693233947688602,0.1916464963531715,0.0771246814919046,0.09284890685021044,0.07386879770632436,-0.20388058730532757,0.02358782720172776,1.1868347864621231,False,False,False,True,True,True,True,False,True,1.3787888951084664,0.31711593167406593,1.0562815577190308,0.0,True,False
run-03,outer-context-03,3,3694,True,0,sealed-run03-retrospective,outer_once_8contexts_x_3banks,1208212860,39,False,0.19500073846073654,0.27382501053995084,0.014160096400705568,0.1943401998260298,-0.4042255055105117,-12.72449694737574,0.029223194647256236,1.3438503970836944,False,False,False,True,True,True,True,False,True,1.3787888951084664,0.31711593167406593,1.0562815577190308,0.0,True,False
run-03,outer-context-03,3,3694,True,0,sealed-run03-retrospective,outer_once_8contexts_x_3banks,1208212860,40,False,0.1747488795607159,0.18261348159914434,0.139423942443557,0.15192701026941663,-0.045005164314635415,-0.08967661942941584,0.03357557735617476,1.5066494567745174,False,False,False,True,True,True,True,False,True,1.3787888951084664,0.31711593167406593,1.0562815577190308,0.0,True,False
run-03,outer-context-03,3,3694,True,0,sealed-run03-retrospective,outer_once_8contexts_x_3banks,1208212860,41,True,0.22005175167896654,0.16684162264011967,0.12932687302022342,0.06902093497999298,0.24180734137701895,0.46630631849267806,0.04189389239353653,1.1092939586362467,True,True,True,True,True,True,True,True,True,1.3787888951084664,0.31711593167406593,1.0562815577190308,0.0,True,False
run-03,outer-context-03,3,3694,True,0,sealed-run03-retrospective,outer_once_8contexts_x_3banks,1208212860,42,True,0.2399265797336121,0.16320645340497983,0.15919916280124524,0.08338465824913519,0.3197650148383468,0.4762242666235745,0.0019674930346938054,1.1691230227640905,True,True,True,True,True,True,True,True,True,1.3787888951084664,0.31711593167406593,1.0562815577190308,0.0,True,False
run-03,outer-context-03,3,3694,True,0,sealed-run03-retrospective,outer_once_8contexts_x_3banks,1208212860,43,True,0.23608911865629237,0.1582678776621943,0.16273002870730682,0.08291602536871469,0.3296265471150038,0.4904688088155445,0.006479549961728824,1.1900855706173392,True,True,True,True,True,True,True,True,True,1.3787888951084664,0.31711593167406593,1.0562815577190308,0.0,True,False
run-03,outer-context-03,3,3694,True,0,sealed-run03-retrospective,outer_once_8contexts_x_3banks,1208212860,44,True,0.23163176995513135,0.1747749873222276,0.15642433487295182,0.10832711862840816,0.24546193574360417,0.30747911623602764,0.06486116379726953,1.229897410208681,True,True,True,True,True,True,True,True,True,1.3787888951084664,0.31711593167406593,1.0562815577190308,0.0,True,False
run-03,outer-context-03,3,3694,True,0,sealed-run03-retrospective,outer_once_8contexts_x_3banks,1208212860,45,True,0.22987846845450863,0.18851915748185305,0.12268601196101019,0.1173709127537677,0.1799181595854433,0.04332278083121357,0.0068328861127214206,1.2726589656469436,True,True,False,True,True,True,True,False,True,1.3787888951084664,0.31711593167406593,1.0562815577190308,0.0,True,False
run-03,outer-context-03,3,3694,True,0,sealed-run03-retrospective,outer_once_8contexts_x_3banks,1208212860,46,True,0.20910485529707037,0.22558238294360008,0.07980878659201979,0.16424384677907222,-0.07880031108374061,-1.0579669707131625,0.04435354263874912,1.391272687685749,False,False,False,True,True,True,True,False,True,1.3787888951084664,0.31711593167406593,1.0562815577190308,0.0,True,False
run-03,outer-context-03,3,3694,True,0,sealed-run03-retrospective,outer_once_8contexts_x_3banks,1208212860,47,False,0.19576456260326425,0.2851446271672554,0.014580728708808945,0.2296331033354192,-0.4565691735798398,-14.749082773667299,0.05061844686974461,1.5228379332712647,False,False,False,True,True,True,True,False,True,1.3787888951084664,0.31711593167406593,1.0562815577190308,0.0,True,False
run-03,outer-context-03,3,3694,True,0,sealed-run03-retrospective,outer_once_8contexts_x_3banks,1208212860,48,False,0.2049308800658622,0.23050242181121222,0.03542085118060097,0.13938014020983167,-0.12478130058843091,-2.9349743319033044,0.038603257812051636,1.2499142367202756,False,False,False,True,True,True,True,False,True,1.3787888951084664,0.31711593167406593,1.0562815577190308,0.0,True,False
run-03,outer-context-03,3,3694,True,0,sealed-run03-retrospective,outer_once_8contexts_x_3banks,1208212860,49,True,0.21584507586500135,0.2370728877517921,0.06185310856142577,0.14547709013478102,-0.09834744573958934,-1.351977022954457,0.020573334822409427,1.2672009827825486,False,False,False,True,True,True,True,False,True,1.3787888951084664,0.31711593167406593,1.0562815577190308,0.0,True,False
run-03,outer-context-03,3,3694,True,0,sealed-run03-retrospective,outer_once_8contexts_x_3banks,1208212860,50,True,0.2282055398982317,0.213502662128255,0.07372164951069511,0.11610320722487803,0.06442822455814809,-0.5748861833054135,0.0020187121913975837,1.179331449360233,False,False,False,True,True,True,True,False,True,1.3787888951084664,0.31711593167406593,1.0562815577190308,0.0,True,False
run-03,outer-context-03,3,3694,True,0,sealed-run03-retrospective,outer_once_8contexts_x_3banks,1208212860,51,True,0.2292934360708507,0.19855341395253934,0.08136064661752222,0.08635742190141446,0.13406411733832987,-0.06141513731303247,0.08021984548219153,1.0261146089312019,False,True,False,True,True,True,True,False,True,1.3787888951084664,0.31711593167406593,1.0562815577190308,0.0,True,False
run-03,outer-context-03,3,3694,True,0,sealed-run03-retrospective,outer_once_8contexts_x_3banks,1208212860,52,True,0.22813464401858305,0.16976219582361585,0.10120104417547066,0.039661655221337126,0.2558684080889196,0.6080904545553057,0.011568995010798305,1.097362594313534,True,True,True,True,True,True,True,True,True,1.3787888951084664,0.31711593167406593,1.0562815577190308,0.0,True,False
run-03,outer-context-03,3,3694,True,0,sealed-run03-retrospective,outer_once_8contexts_x_3banks,1208212860,53,True,0.23158244995595303,0.17788118196778938,0.08152279680528234,0.038136282821191574,0.23188833177288537,0.5322010000186782,0.0017963271934185831,1.0036026729278962,True,True,True,True,True,True,True,True,True,1.3787888951084664,0.31711593167406593,1.0562815577190308,0.0,True,False
run-03,outer-context-03,3,3694,True,0,sealed-run03-retrospective,outer_once_8contexts_x_3banks,1208212860,54,False,0.18929529990223132,0.1852636770336389,0.03282361979599107,0.078654019982789,0.02129806112816688,-1.3962628275506483,0.03235334519332393,1.1552883935349598,False,False,False,True,True,True,True,False,True,1.3787888951084664,0.31711593167406593,1.0562815577190308,0.0,True,False
run-03,outer-context-03,3,3694,True,0,sealed-run03-retrospective,outer_once_8contexts_x_3banks,1208212860,55,False,0.20779746455541148,0.19644497397617608,0.057230731810339115,0.038878399621447866,0.0546324788106745,0.32067268071480043,0.022413365033098678,1.0299790295912141,True,False,True,True,True,True,True,False,True,1.3787888951084664,0.31711593167406593,1.0562815577190308,0.0,True,False
run-03,outer-context-03,3,3694,True,0,sealed-run03-retrospective,outer_once_8contexts_x_3banks,1208212860,56,False,0.20324394357515263,0.2689811244113065,0.03836258989029059,0.19373234930235267,-0.32343980184504995,-4.050033114458352,0.032130439949986364,1.3572325044130757,False,False,False,True,True,True,True,False,True,1.3787888951084664,0.31711593167406593,1.0562815577190308,0.0,True,False
run-03,outer-context-03,3,3694,True,0,sealed-run03-retrospective,outer_once_8contexts_x_3banks,1208212860,57,False,0.2032272602018576,0.29171925635095874,0.04613468508566767,0.23128920199640157,-0.43543369162781376,-4.013347366887187,0.014036831879073553,1.4262423727960238,False,False,False,True,True,True,True,False,True,1.3787888951084664,0.31711593167406593,1.0562815577190308,0.0,True,False
run-03,outer-context-03,3,3694,True,0,sealed-run03-retrospective,outer_once_8contexts_x_3banks,1208212860,58,False,0.22590277102117695,0.2561482335170572,0.0479288457275674,0.17041888429951496,-0.13388708053096393,-2.555664270910963,0.020089588520324317,1.2838609629982516,False,False,False,True,True,True,True,False,True,1.3787888951084664,0.31711593167406593,1.0562815577190308,0.0,True,False
run-03,outer-context-03,3,3694,True,0,sealed-run03-retrospective,outer_once_8contexts_x_3banks,1208212860,59,False,0.22692753689025452,0.25127086268348175,0.05870136459378465,0.14119345141303116,-0.1072735646225254,-1.4052839723589805,0.032693348695207076,1.1726354997802224,False,False,False,True,True,True,True,False,True,1.3787888951084664,0.31711593167406593,1.0562815577190308,0.0,True,False
run-03,outer-context-03,3,3694,True,0,sealed-run03-retrospective,outer_once_8contexts_x_3banks,1208212860,60,False,0.2494955347901169,0.22031120663304568,0.07549496892039044,0.08033371618870845,0.11697334856762849,-0.06409363878830757,0.037551422998409544,1.1289494668413702,False,True,False,True,True,True,True,False,True,1.3787888951084664,0.31711593167406593,1.0562815577190308,0.0,True,False
run-03,outer-context-03,3,3694,True,0,sealed-run03-retrospective,outer_once_8contexts_x_3banks,1208212860,61,False,0.2681650660711183,0.24150450642697363,0.0570314211892541,0.10126463874854434,0.09941846652417502,-0.7755938154251134,0.008611485364067691,1.2641826387685227,False,False,False,True,True,True,True,False,True,1.3787888951084664,0.31711593167406593,1.0562815577190308,0.0,True,False
run-03,outer-context-03,3,3694,True,0,sealed-run03-retrospective,outer_once_8contexts_x_3banks,1208212860,62,False,0.23183498407535194,0.20593664122921188,0.06952269105170934,0.03714342069448124,0.11171024489437056,0.4657367237575019,0.026913364563966292,1.0597124123818698,True,True,True,True,True,True,True,True,True,1.3787888951084664,0.31711593167406593,1.0562815577190308,0.0,True,False
run-03,outer-context-03,3,3694,True,0,sealed-run03-retrospective,outer_once_8contexts_x_3banks,1208212860,63,False,0.31254244270740655,0.2603815401240698,0.203331988266757,0.06763782986637332,0.16689222152195293,0.6673527345946308,0.009910852943191422,1.0037784491717434,True,True,True,True,True,True,True,True,True,1.3787888951084664,0.31711593167406593,1.0562815577190308,0.0,True,False
run-03,outer-context-03,3,3694,True,1,sealed-run03-retrospective,outer_once_8contexts_x_3banks,1019467296,0,False,0.29452925944488,0.22306680445694835,0.18146653711201283,0.1695965792920953,0.24263278671403302,0.0654112764194681,0.003547109370615376,1.3464060281045704,True,True,False,True,True,True,True,False,True,1.3608146271242934,0.31451432227141923,1.1137445812348232,0.0,True,False
run-03,outer-context-03,3,3694,True,1,sealed-run03-retrospective,outer_once_8contexts_x_3banks,1019467296,1,True,0.25547876656679813,0.22108358163379835,0.1486120509143516,0.1705084355767436,0.13463030761895717,-0.14733922671595046,0.05059399878312149,1.3599143470905246,False,True,False,True,True,True,True,False,True,1.3608146271242934,0.31451432227141923,1.1137445812348232,0.0,True,False
run-03,outer-context-03,3,3694,True,1,sealed-run03-retrospective,outer_once_8contexts_x_3banks,1019467296,2,False,0.21132765837020856,0.2209463783907611,0.16497695399066192,0.18374038136988496,-0.045515670285345415,-0.11373362718458903,0.05551598351410736,1.5266745113883446,False,False,False,True,True,True,True,False,True,1.3608146271242934,0.31451432227141923,1.1137445812348232,0.0,True,False
run-03,outer-context-03,3,3694,True,1,sealed-run03-retrospective,outer_once_8contexts_x_3banks,1019467296,3,False,0.3081639687193983,0.19715751434863601,0.2771205504654197,0.16871095449934903,0.36021879790833133,0.3912001321590854,0.049666315709019554,1.7792931414980857,True,True,True,True,True,True,True,True,True,1.3608146271242934,0.31451432227141923,1.1137445812348232,0.0,True,False
run-03,outer-context-03,3,3694,True,1,sealed-run03-retrospective,outer_once_8contexts_x_3banks,1019467296,4,False,0.2155242526945668,0.17903149486550424,0.18268976516941354,0.1388317359267834,0.16932088789459243,0.24006834319349693,0.061642795698708557,1.4978080499695487,True,True,True,True,True,True,True,True,True,1.3608146271242934,0.31451432227141923,1.1137445812348232,0.0,True,False
run-03,outer-context-03,3,3694,True,1,sealed-run03-retrospective,outer_once_8contexts_x_3banks,1019467296,5,False,0.183017882681932,0.20123144682429306,0.13532932487418745,0.14753262542382703,-0.09951794805764708,-0.0901748424518094,0.033399493051287775,1.4301486143878632,False,False,False,True,True,True,True,False,True,1.3608146271242934,0.31451432227141923,1.1137445812348232,0.0,True,False
run-03,outer-context-03,3,3694,True,1,sealed-run03-retrospective,outer_once_8contexts_x_3banks,1019467296,6,False,0.20368125428144596,0.21367703584283607,0.09370981415670813,0.12719216832694188,-0.04907560883132612,-0.35729826669213327,0.006003975168423267,1.290213526729577,False,False,False,True,True,True,True,False,True,1.3608146271242934,0.31451432227141923,1.1137445812348232,0.0,True,False
run-03,outer-context-03,3,3694,True,1,sealed-run03-retrospective,outer_once_8contexts_x_3banks,1019467296,7,False,0.23118365827196086,0.25600955072639503,0.07199071882216787,0.16681482449625015,-0.10738601785265194,-1.3171712579828192,0.03816838770905936,1.3547027546316197,False,False,False,True,True,True,True,False,True,1.3608146271242934,0.31451432227141923,1.1137445812348232,0.0,True,False
run-03,outer-context-03,3,3694,True,1,sealed-run03-retrospective,outer_once_8contexts_x_3banks,1019467296,8,False,0.26322716207011265,0.19929760792596754,0.19387396248890615,0.1555930691624287,0.24286837893696156,0.1974524729109405,0.021916473500927666,1.4253821539643639,True,True,True,True,True,True,True,True,True,1.3608146271242934,0.31451432227141923,1.1137445812348232,0.0,True,False
run-03,outer-context-03,3,3694,True,1,sealed-run03-retrospective,outer_once_8contexts_x_3banks,1019467296,9,False,0.2477285080549506,0.20875493285707444,0.20420058803564411,0.17046739984552575,0.15732373921709136,0.16519633226634042,0.02423373834425753,1.5758206801011807,True,True,True,True,True,True,True,True,True,1.3608146271242934,0.31451432227141923,1.1137445812348232,0.0,True,False
run-03,outer-context-03,3,3694,True,1,sealed-run03-retrospective,outer_once_8contexts_x_3banks,1019467296,10,False,0.2802680311803736,0.1912864177240292,0.24985361399625236,0.15445519905121485,0.317487560324274,0.3818172305743331,0.016956832635491186,1.7260665553857062,True,True,True,True,True,True,True,True,True,1.3608146271242934,0.31451432227141923,1.1137445812348232,0.0,True,False
run-03,outer-context-03,3,3694,True,1,sealed-run03-retrospective,outer_once_8contexts_x_3banks,1019467296,11,False,0.35548057939636923,0.17657438387033683,0.32859612619630135,0.1465068518191398,0.5032798017540862,0.5541430950052726,0.01685760753232667,1.9224367933182984,True,True,True,True,True,True,True,True,True,1.3608146271242934,0.31451432227141923,1.1137445812348232,0.0,True,False
run-03,outer-context-03,3,3694,True,1,sealed-run03-retrospective,outer_once_8contexts_x_3banks,1019467296,12,False,0.2795624200645786,0.2122102875577532,0.2362640149589961,0.1737707375520156,0.24091983640457515,0.264506117945326,0.013196691553235732,1.7815715111786323,True,True,True,True,True,True,True,True,True,1.3608146271242934,0.31451432227141923,1.1137445812348232,0.0,True,False
run-03,outer-context-03,3,3694,True,1,sealed-run03-retrospective,outer_once_8contexts_x_3banks,1019467296,13,True,0.2585299391821802,0.2889662114226905,0.19784441181266263,0.25806045845390263,-0.11772823038132758,-0.30436061392655417,0.04333960213527812,1.9695125719952464,False,False,False,True,False,True,True,False,True,1.3608146271242934,0.31451432227141923,1.1137445812348232,0.0,True,False
run-03,outer-context-03,3,3694,True,1,sealed-run03-retrospective,outer_once_8contexts_x_3banks,1019467296,14,False,0.23934550649074607,0.2547879141878057,0.17760478180578498,0.20995587319393177,-0.0645193132032195,-0.1821521417341312,0.04349535159671113,1.6735509680482954,False,False,False,True,True,True,True,False,True,1.3608146271242934,0.31451432227141923,1.1137445812348232,0.0,True,False
run-03,outer-context-03,3,3694,True,1,sealed-run03-retrospective,outer_once_8contexts_x_3banks,1019467296,15,False,0.21155664256146997,0.2333369167255745,0.1217918139972671,0.1647960082987707,-0.10295244763007637,-0.35309593387342575,0.010090717035704943,1.457130966590473,False,False,False,True,True,True,True,False,True,1.3608146271242934,0.31451432227141923,1.1137445812348232,0.0,True,False
run-03,outer-context-03,3,3694,True,1,sealed-run03-retrospective,outer_once_8contexts_x_3banks,1019467296,16,False,0.2805752777661128,0.17009744883155792,0.25848306515596087,0.13667705476750897,0.3937546807906898,0.4712340064327148,0.0349750504374908,1.5438625364271341,True,True,True,True,True,True,True,True,True,1.3608146271242934,0.31451432227141923,1.1137445812348232,0.0,True,False
run-03,outer-context-03,3,3694,True,1,sealed-run03-retrospective,outer_once_8contexts_x_3banks,1019467296,17,False,0.3703386669818957,0.11410491172771776,0.34618685866000254,0.07452636131824289,0.6918903644125936,0.7847221537908324,0.01228093425219471,1.4317612380939084,True,True,True,True,True,True,True,True,True,1.3608146271242934,0.31451432227141923,1.1137445812348232,0.0,True,False
run-03,outer-context-03,3,3694,True,1,sealed-run03-retrospective,outer_once_8contexts_x_3banks,1019467296,18,False,0.36796430770247057,0.12043302435662995,0.34838630726548203,0.07969752988963093,0.6727046024963651,0.771238053196796,0.007032165945665552,1.4879801087051001,True,True,True,True,True,True,True,True,True,1.3608146271242934,0.31451432227141923,1.1137445812348232,0.0,True,False
run-03,outer-context-03,3,3694,True,1,sealed-run03-retrospective,outer_once_8contexts_x_3banks,1019467296,19,False,0.3552917678654824,0.14209983444703728,0.3351130770320557,0.11141329645243925,0.6000474896991198,0.6675352169507194,0.00926465794408161,1.6760025486081922,True,True,True,True,True,True,True,True,True,1.3608146271242934,0.31451432227141923,1.1137445812348232,0.0,True,False
run-03,outer-context-03,3,3694,True,1,sealed-run03-retrospective,outer_once_8contexts_x_3banks,1019467296,20,True,0.3023797865359151,0.1567127356926306,0.26871749051781657,0.11858928698918235,0.48173541132513137,0.5586841527856572,0.04235345010390811,1.5001722907244466,True,True,True,True,True,True,True,True,True,1.3608146271242934,0.31451432227141923,1.1137445812348232,0.0,True,False
run-03,outer-context-03,3,3694,True,1,sealed-run03-retrospective,outer_once_8contexts_x_3banks,1019467296,21,True,0.2275323222828277,0.23293035609566493,0.16424701320669244,0.19331617267106957,-0.023724250509461083,-0.17698440231479762,0.07876900500992266,1.5496222567219444,False,False,False,True,True,True,True,False,True,1.3608146271242934,0.31451432227141923,1.1137445812348232,0.0,True,False
run-03,outer-context-03,3,3694,True,1,sealed-run03-retrospective,outer_once_8contexts_x_3banks,1019467296,22,False,0.18334705207502017,0.28942697742386964,0.11643628025732204,0.2397436475858262,-0.5785744801909589,-1.0590115645741787,0.016394625996454314,1.6606634228314179,False,False,False,True,True,True,True,False,True,1.3608146271242934,0.31451432227141923,1.1137445812348232,0.0,True,False
run-03,outer-context-03,3,3694,True,1,sealed-run03-retrospective,outer_once_8contexts_x_3banks,1019467296,23,False,0.19371004104075779,0.2731661665366166,0.0984895911053856,0.20268321108318132,-0.41018072717841575,-1.0579150426800605,0.010293291408163898,1.502955230833878,False,False,False,True,True,True,True,False,True,1.3608146271242934,0.31451432227141923,1.1137445812348232,0.0,True,False
run-03,outer-context-03,3,3694,True,1,sealed-run03-retrospective,outer_once_8contexts_x_3banks,1019467296,24,False,0.3152940756823882,0.13000898206801142,0.2971354187196519,0.09500937055265637,0.5876580243804641,0.6802489216464026,0.011035945862422592,1.5479073867840751,True,True,True,True,True,True,True,True,True,1.3608146271242934,0.31451432227141923,1.1137445812348232,0.0,True,False
run-03,outer-context-03,3,3694,True,1,sealed-run03-retrospective,outer_once_8contexts_x_3banks,1019467296,25,False,0.36245766324457873,0.0797280753595072,0.34704395779611014,0.04540281391639698,0.7800347917993711,0.8691727289974276,0.011589694976531822,1.301688023080738,True,True,True,True,True,True,True,True,True,1.3608146271242934,0.31451432227141923,1.1137445812348232,0.0,True,False
run-03,outer-context-03,3,3694,True,1,sealed-run03-retrospective,outer_once_8contexts_x_3banks,1019467296,26,True,0.3578169633106332,0.07476350806180701,0.34324913615961267,0.03422667661495137,0.7910565576039998,0.9002861973728732,0.0021831549306685055,1.1385261718013775,True,True,True,True,True,True,True,True,True,1.3608146271242934,0.31451432227141923,1.1137445812348232,0.0,True,False
run-03,outer-context-03,3,3694,True,1,sealed-run03-retrospective,outer_once_8contexts_x_3banks,1019467296,27,True,0.33075884308604026,0.09976544560099478,0.31297230052825115,0.05283319888165508,0.6983740641061476,0.8311888982108626,0.004539995504789204,1.2118166519471048,True,True,True,True,True,True,True,True,True,1.3608146271242934,0.31451432227141923,1.1137445812348232,0.0,True,False
run-03,outer-context-03,3,3694,True,1,sealed-run03-retrospective,outer_once_8contexts_x_3banks,1019467296,28,True,0.2832998425895281,0.15620965158577338,0.24956107169355543,0.11777678169464056,0.4486066417901091,0.5280642894527128,0.044654218019419156,1.40768817201284,True,True,True,True,True,True,True,True,True,1.3608146271242934,0.31451432227141923,1.1137445812348232,0.0,True,False
run-03,outer-context-03,3,3694,True,1,sealed-run03-retrospective,outer_once_8contexts_x_3banks,1019467296,29,False,0.21138246290822305,0.19165460334164894,0.14329524955033074,0.14401068147075577,0.09332779690025396,-0.004992712058983808,0.02493066780966994,1.3671991223797277,False,False,False,True,True,True,True,False,True,1.3608146271242934,0.31451432227141923,1.1137445812348232,0.0,True,False
run-03,outer-context-03,3,3694,True,1,sealed-run03-retrospective,outer_once_8contexts_x_3banks,1019467296,30,False,0.18690904324228308,0.2815173566882761,0.07550576815326866,0.22335267880720958,-0.506173012310356,-1.9580876305215176,0.006299025357255988,1.506139900177129,False,False,False,True,True,True,True,False,True,1.3608146271242934,0.31451432227141923,1.1137445812348232,0.0,True,False
run-03,outer-context-03,3,3694,True,1,sealed-run03-retrospective,outer_once_8contexts_x_3banks,1019467296,31,False,0.1969492635546846,0.32244322742162684,0.0433182593211474,0.2509479891747339,-0.6371893024728057,-4.793122648680031,0.02755489326677927,1.4997330650257785,False,False,False,True,False,True,True,False,True,1.3608146271242934,0.31451432227141923,1.1137445812348232,0.0,True,False
run-03,outer-context-03,3,3694,True,1,sealed-run03-retrospective,outer_once_8contexts_x_3banks,1019467296,32,False,0.22943334748856628,0.1954524792589776,0.17859909919454875,0.14934732123759645,0.14810779950496125,0.1637845772395986,0.07347938993902849,1.4469989115470485,True,True,True,True,True,True,True,True,True,1.3608146271242934,0.31451432227141923,1.1137445812348232,0.0,True,False
run-03,outer-context-03,3,3694,True,1,sealed-run03-retrospective,outer_once_8contexts_x_3banks,1019467296,33,False,0.26108497673329856,0.12922998275513206,0.22637868792549357,0.05547084942491548,0.5050271203955866,0.7549643478666498,0.009187703936370722,1.171511874069086,True,True,True,True,True,True,True,True,True,1.3608146271242934,0.31451432227141923,1.1137445812348232,0.0,True,False
run-03,outer-context-03,3,3694,True,1,sealed-run03-retrospective,outer_once_8contexts_x_3banks,1019467296,34,True,0.2967273597260504,0.10423430837910844,0.2743878056081925,0.03203971083377141,0.6487202647058182,0.8832320162233376,0.0055238578159817,1.0775294131948503,True,True,True,True,True,True,True,True,True,1.3608146271242934,0.31451432227141923,1.1137445812348232,0.0,True,False
run-03,outer-context-03,3,3694,True,1,sealed-run03-retrospective,outer_once_8contexts_x_3banks,1019467296,35,True,0.28766049268396204,0.11752524839735438,0.26237462482652785,0.06344799350575991,0.5914445974113192,0.758177859052836,0.01950556991507082,1.215219666457865,True,True,True,True,True,True,True,True,True,1.3608146271242934,0.31451432227141923,1.1137445812348232,0.0,True,False
run-03,outer-context-03,3,3694,True,1,sealed-run03-retrospective,outer_once_8contexts_x_3banks,1019467296,36,True,0.24500091081426806,0.1685936725918956,0.20450292641413106,0.1194910192392795,0.31186511906600944,0.4157001988455519,0.07556327610083748,1.3463203200355658,True,True,True,True,True,True,True,True,True,1.3608146271242934,0.31451432227141923,1.1137445812348232,0.0,True,False
run-03,outer-context-03,3,3694,True,1,sealed-run03-retrospective,outer_once_8contexts_x_3banks,1019467296,37,True,0.21663950811660349,0.2001563517442852,0.13493600995339944,0.14144888466600983,0.07608564345265424,-0.04826639467744474,0.07482940785526167,1.2954446402022748,False,False,False,True,True,True,True,False,True,1.3608146271242934,0.31451432227141923,1.1137445812348232,0.0,True,False
run-03,outer-context-03,3,3694,True,1,sealed-run03-retrospective,outer_once_8contexts_x_3banks,1019467296,38,True,0.20216875239869014,0.18409596851939494,0.08337399042529571,0.08813226720576821,0.0893945462138208,-0.057071477042183585,0.023096803752488997,1.1802783418823541,False,False,False,True,True,True,True,False,True,1.3608146271242934,0.31451432227141923,1.1137445812348232,0.0,True,False
run-03,outer-context-03,3,3694,True,1,sealed-run03-retrospective,outer_once_8contexts_x_3banks,1019467296,39,False,0.1977777297683956,0.2592566985329049,0.022878384599731707,0.17188425923583853,-0.31084879392893844,-6.512954355958078,0.029493622349840844,1.312955645170529,False,False,False,True,True,True,True,False,True,1.3608146271242934,0.31451432227141923,1.1137445812348232,0.0,True,False
run-03,outer-context-03,3,3694,True,1,sealed-run03-retrospective,outer_once_8contexts_x_3banks,1019467296,40,False,0.19811687967668656,0.19327811565193093,0.16757042806112454,0.159412367171988,0.024423784750962033,0.04868437100465439,0.032485581199688085,1.5391567573202563,True,False,False,True,True,True,True,False,True,1.3608146271242934,0.31451432227141923,1.1137445812348232,0.0,True,False
run-03,outer-context-03,3,3694,True,1,sealed-run03-retrospective,outer_once_8contexts_x_3banks,1019467296,41,True,0.21310055245360524,0.16595556128867242,0.11561083623299719,0.059856276976829964,0.22123354736584688,0.48226066926634664,0.04232039143719376,1.1052711461265274,True,True,True,True,True,True,True,True,True,1.3608146271242934,0.31451432227141923,1.1137445812348232,0.0,True,False
run-03,outer-context-03,3,3694,True,1,sealed-run03-retrospective,outer_once_8contexts_x_3banks,1019467296,42,True,0.23116865960722158,0.16662517370660898,0.14532532430069894,0.07981647686035977,0.2792051743098669,0.4507737915299055,0.0018909945308059715,1.1665250002187557,True,True,True,True,True,True,True,True,True,1.3608146271242934,0.31451432227141923,1.1137445812348232,0.0,True,False
run-03,outer-context-03,3,3694,True,1,sealed-run03-retrospective,outer_once_8contexts_x_3banks,1019467296,43,True,0.23242758264028723,0.16377739432427926,0.1557316183523117,0.08946083389393888,0.2953616241935163,0.4255448261537255,0.00674195243371774,1.2047197696193508,True,True,True,True,True,True,True,True,True,1.3608146271242934,0.31451432227141923,1.1137445812348232,0.0,True,False
run-03,outer-context-03,3,3694,True,1,sealed-run03-retrospective,outer_once_8contexts_x_3banks,1019467296,44,True,0.2233327755292756,0.17862756905657393,0.14813565724148026,0.11593982549736018,0.2001730662539565,0.21734018901091934,0.06425069231800397,1.2524903896307737,True,True,True,True,True,True,True,True,True,1.3608146271242934,0.31451432227141923,1.1137445812348232,0.0,True,False
run-03,outer-context-03,3,3694,True,1,sealed-run03-retrospective,outer_once_8contexts_x_3banks,1019467296,45,True,0.22097497894444362,0.19300731289108367,0.12326452061733725,0.12691246274771556,0.12656485447789745,-0.0295944211043743,0.006001642263217796,1.2991829091422256,False,True,False,True,True,True,True,False,True,1.3608146271242934,0.31451432227141923,1.1137445812348232,0.0,True,False
run-03,outer-context-03,3,3694,True,1,sealed-run03-retrospective,outer_once_8contexts_x_3banks,1019467296,46,True,0.21398617288344018,0.23456515690390153,0.10100344239093878,0.17604525675892327,-0.09616969051393275,-0.7429629386049187,0.043537731022810014,1.4139490159239905,False,False,False,True,True,True,True,False,True,1.3608146271242934,0.31451432227141923,1.1137445812348232,0.0,True,False
run-03,outer-context-03,3,3694,True,1,sealed-run03-retrospective,outer_once_8contexts_x_3banks,1019467296,47,False,0.19961252990388442,0.29310847347581764,0.0451385357849209,0.23945068295017344,-0.46838714792579667,-4.304795088859859,0.049788606025763016,1.531185244149038,False,False,False,True,True,True,True,False,True,1.3608146271242934,0.31451432227141923,1.1137445812348232,0.0,True,False
run-03,outer-context-03,3,3694,True,1,sealed-run03-retrospective,outer_once_8contexts_x_3banks,1019467296,48,False,0.21692942864511514,0.2300500034035085,0.0359436437030546,0.13601748481063522,-0.06048314809263581,-2.7841874333702026,0.0387300708714471,1.2533368420142048,False,False,False,True,True,True,True,False,True,1.3608146271242934,0.31451432227141923,1.1137445812348232,0.0,True,False
run-03,outer-context-03,3,3694,True,1,sealed-run03-retrospective,outer_once_8contexts_x_3banks,1019467296,49,True,0.21509353480368093,0.22776713786516242,0.04802374562884856,0.13727700565839765,-0.05892135750639311,-1.8585235045875588,0.020316668333675545,1.266956431292231,False,False,False,True,True,True,True,False,True,1.3608146271242934,0.31451432227141923,1.1137445812348232,0.0,True,False
run-03,outer-context-03,3,3694,True,1,sealed-run03-retrospective,outer_once_8contexts_x_3banks,1019467296,50,True,0.2232359190826129,0.21018802689164823,0.055437171185857836,0.1054108693959997,0.05844889229558096,-0.9014474790317273,0.0012594144188682907,1.1816032184068859,False,False,False,True,True,True,True,False,True,1.3608146271242934,0.31451432227141923,1.1137445812348232,0.0,True,False
run-03,outer-context-03,3,3694,True,1,sealed-run03-retrospective,outer_once_8contexts_x_3banks,1019467296,51,True,0.22846393341852794,0.2005998142003349,0.060701172670068915,0.08470765692343411,0.12196287966008257,-0.3954863340754294,0.0812460475564532,1.0335574704858583,False,True,False,True,True,True,True,False,True,1.3608146271242934,0.31451432227141923,1.1137445812348232,0.0,True,False
run-03,outer-context-03,3,3694,True,1,sealed-run03-retrospective,outer_once_8contexts_x_3banks,1019467296,52,True,0.2267544064583883,0.1686818929544163,0.07927518156452223,0.036011854839895274,0.2561031311849231,0.5457360786921043,0.012748438961626458,1.085217333853636,True,True,True,True,True,True,True,True,True,1.3608146271242934,0.31451432227141923,1.1137445812348232,0.0,True,False
run-03,outer-context-03,3,3694,True,1,sealed-run03-retrospective,outer_once_8contexts_x_3banks,1019467296,53,True,0.22899870003413594,0.16921914451216963,0.07756550775673507,0.044145594920464076,0.2610475758729425,0.4308604920254534,0.0027109161935722228,1.034203905083888,True,True,True,True,True,True,True,True,True,1.3608146271242934,0.31451432227141923,1.1137445812348232,0.0,True,False
run-03,outer-context-03,3,3694,True,1,sealed-run03-retrospective,outer_once_8contexts_x_3banks,1019467296,54,False,0.18942794230855267,0.18648551472580563,0.042481136836799674,0.09050326688566891,0.015533228872613858,-1.130434202675801,0.03304076964268533,1.1724455232685322,False,False,False,True,True,True,True,False,True,1.3608146271242934,0.31451432227141923,1.1137445812348232,0.0,True,False
run-03,outer-context-03,3,3694,True,1,sealed-run03-retrospective,outer_once_8contexts_x_3banks,1019467296,55,False,0.20090221982886708,0.1925829128378917,0.05811635203911304,0.0388074111889099,0.04140973155031314,0.33224626413591785,0.02391863107694895,1.0198564517742363,True,False,True,True,True,True,True,False,True,1.3608146271242934,0.31451432227141923,1.1137445812348232,0.0,True,False
run-03,outer-context-03,3,3694,True,1,sealed-run03-retrospective,outer_once_8contexts_x_3banks,1019467296,56,False,0.2103384888912119,0.26136013337635,0.03864482834864521,0.18832254744026178,-0.2425692261748954,-3.873162994573474,0.0318547729231997,1.3512944981508526,False,False,False,True,True,True,True,False,True,1.3608146271242934,0.31451432227141923,1.1137445812348232,0.0,True,False
run-03,outer-context-03,3,3694,True,1,sealed-run03-retrospective,outer_once_8contexts_x_3banks,1019467296,57,False,0.20407798092508883,0.28042767046231565,0.041645973097164626,0.21718623415188476,-0.3741201730394059,-4.215059656432219,0.015075052336087684,1.4054136623382765,False,False,False,True,True,True,True,False,True,1.3608146271242934,0.31451432227141923,1.1137445812348232,0.0,True,False
run-03,outer-context-03,3,3694,True,1,sealed-run03-retrospective,outer_once_8contexts_x_3banks,1019467296,58,False,0.22760571726083198,0.2445038040543564,0.046952976333277545,0.15458807277818828,-0.07424280460476976,-2.2924019913222247,0.021659685538818755,1.267501143569022,False,False,False,True,True,True,True,False,True,1.3608146271242934,0.31451432227141923,1.1137445812348232,0.0,True,False
run-03,outer-context-03,3,3694,True,1,sealed-run03-retrospective,outer_once_8contexts_x_3banks,1019467296,59,False,0.23344875898466116,0.24294151320352006,0.05650172430940222,0.11748439801797957,-0.04066311708036375,-1.079306418590653,0.035288110317418755,1.137023901942242,False,False,False,True,True,True,True,False,True,1.3608146271242934,0.31451432227141923,1.1137445812348232,0.0,True,False
run-03,outer-context-03,3,3694,True,1,sealed-run03-retrospective,outer_once_8contexts_x_3banks,1019467296,60,False,0.250606726807168,0.2278410772520121,0.05676301255366142,0.08741648189512286,0.09084213279188297,-0.5400254137759674,0.04198569517629622,1.1300765424360584,False,False,False,True,True,True,True,False,True,1.3608146271242934,0.31451432227141923,1.1137445812348232,0.0,True,False
run-03,outer-context-03,3,3694,True,1,sealed-run03-retrospective,outer_once_8contexts_x_3banks,1019467296,61,False,0.27299594991122866,0.23588867094724977,0.059072257889172225,0.08476979276043826,0.13592611529967838,-0.43501866679073264,0.012125627507117188,1.2222379646714345,False,True,False,True,True,True,True,False,True,1.3608146271242934,0.31451432227141923,1.1137445812348232,0.0,True,False
run-03,outer-context-03,3,3694,True,1,sealed-run03-retrospective,outer_once_8contexts_x_3banks,1019467296,62,False,0.23253015684517764,0.20150156381375867,0.06732870403076471,0.04364911928548266,0.13343900615900894,0.3517011813336266,0.027582824333068558,1.0632970153292671,True,True,True,True,True,True,True,True,True,1.3608146271242934,0.31451432227141923,1.1137445812348232,0.0,True,False
run-03,outer-context-03,3,3694,True,1,sealed-run03-retrospective,outer_once_8contexts_x_3banks,1019467296,63,False,0.32172885427688874,0.2474407511151063,0.22362785704772117,0.07020761444110292,0.23090283067321046,0.6860515708196365,0.012362787321755714,1.009011450949711,True,True,True,True,True,True,True,True,True,1.3608146271242934,0.31451432227141923,1.1137445812348232,0.0,True,False
run-03,outer-context-03,3,3694,True,2,sealed-run03-retrospective,outer_once_8contexts_x_3banks,1063806731,0,False,0.29086301500856815,0.22618387457502262,0.19739915924802048,0.16932015931920658,0.22236976547754012,0.14224477974363756,0.0017202131642955483,1.36413560973617,True,True,True,True,True,True,True,True,True,1.3503399689443063,0.31277700778056566,1.0364077440377502,0.0,True,False
run-03,outer-context-03,3,3694,True,2,sealed-run03-retrospective,outer_once_8contexts_x_3banks,1063806731,1,True,0.2479813739591436,0.22504450812653168,0.16130111803101493,0.17072654435975376,0.09249430901367177,-0.05843373216375667,0.050395037436845876,1.3657221433764832,False,False,False,True,True,True,True,False,True,1.3503399689443063,0.31277700778056566,1.0364077440377502,0.0,True,False
run-03,outer-context-03,3,3694,True,2,sealed-run03-retrospective,outer_once_8contexts_x_3banks,1063806731,2,False,0.22561077622198641,0.22353719614182546,0.1771951041364342,0.1896536007392053,0.009190962040397769,-0.07030948548769443,0.05399815079659867,1.5585931784711657,False,False,False,True,True,True,True,False,True,1.3503399689443063,0.31277700778056566,1.0364077440377502,0.0,True,False
run-03,outer-context-03,3,3694,True,2,sealed-run03-retrospective,outer_once_8contexts_x_3banks,1063806731,3,False,0.29850138466663384,0.20240645744548272,0.2695737926378132,0.17204205525691582,0.3219245610149175,0.3617997744756164,0.0478394014161915,1.7832495504575336,True,True,True,True,True,True,True,True,True,1.3503399689443063,0.31277700778056566,1.0364077440377502,0.0,True,False
run-03,outer-context-03,3,3694,True,2,sealed-run03-retrospective,outer_once_8contexts_x_3banks,1063806731,4,False,0.2159283605755667,0.18114964382206217,0.18318092713332834,0.13352810320549355,0.16106599735579105,0.2710589181137562,0.06054993383203362,1.4637612905481086,True,True,True,True,True,True,True,True,True,1.3503399689443063,0.31277700778056566,1.0364077440377502,0.0,True,False
run-03,outer-context-03,3,3694,True,2,sealed-run03-retrospective,outer_once_8contexts_x_3banks,1063806731,5,False,0.1928855342476707,0.21446908244557158,0.14228351424623178,0.15727223466345547,-0.11189822130563191,-0.10534404141357256,0.03388992122666317,1.452753784297516,False,False,False,True,True,True,True,False,True,1.3503399689443063,0.31277700778056566,1.0364077440377502,0.0,True,False
run-03,outer-context-03,3,3694,True,2,sealed-run03-retrospective,outer_once_8contexts_x_3banks,1063806731,6,False,0.20557278911466445,0.22102592506855198,0.09498497245826786,0.13871665425456314,-0.07517111588765805,-0.460406321805368,0.00965404329339223,1.3007067043876752,False,False,False,True,True,True,True,False,True,1.3503399689443063,0.31277700778056566,1.0364077440377502,0.0,True,False
run-03,outer-context-03,3,3694,True,2,sealed-run03-retrospective,outer_once_8contexts_x_3banks,1063806731,7,False,0.23255703102649566,0.26056080141340904,0.07446164525139375,0.1753971317568614,-0.12041678664070514,-1.3555366143830723,0.041551605643064794,1.3585194371261333,False,False,False,True,True,True,True,False,True,1.3503399689443063,0.31277700778056566,1.0364077440377502,0.0,True,False
run-03,outer-context-03,3,3694,True,2,sealed-run03-retrospective,outer_once_8contexts_x_3banks,1063806731,8,False,0.25960032516748877,0.20374067268480942,0.19983813328032857,0.1570234093193516,0.21517558749835872,0.21424701711418312,0.019898872787276964,1.4472671498324159,True,True,True,True,True,True,True,True,True,1.3503399689443063,0.31277700778056566,1.0364077440377502,0.0,True,False
run-03,outer-context-03,3,3694,True,2,sealed-run03-retrospective,outer_once_8contexts_x_3banks,1063806731,9,False,0.2539307130979026,0.23701300283093785,0.21157100562834358,0.1973840768587355,0.06662333224906969,0.06705516536859295,0.025064741014250463,1.6803294888022016,True,False,False,True,True,True,True,False,True,1.3503399689443063,0.31277700778056566,1.0364077440377502,0.0,True,False
run-03,outer-context-03,3,3694,True,2,sealed-run03-retrospective,outer_once_8contexts_x_3banks,1063806731,10,False,0.2774589084265815,0.1979823623566747,0.24703065719988007,0.15472447077644455,0.286444383857068,0.3736628784043908,0.01681854541413995,1.7286638938567311,True,True,True,True,True,True,True,True,True,1.3503399689443063,0.31277700778056566,1.0364077440377502,0.0,True,False
run-03,outer-context-03,3,3694,True,2,sealed-run03-retrospective,outer_once_8contexts_x_3banks,1063806731,11,False,0.3507545881355242,0.16970447081923834,0.32610802783222426,0.13552217336702954,0.5161731975586643,0.5844255222175859,0.015318948202019208,1.8549551014457821,True,True,True,True,True,True,True,True,True,1.3503399689443063,0.31277700778056566,1.0364077440377502,0.0,True,False
run-03,outer-context-03,3,3694,True,2,sealed-run03-retrospective,outer_once_8contexts_x_3banks,1063806731,12,False,0.29022713632634983,0.21160116535676673,0.2505944909986098,0.1717321902399157,0.2709118518854524,0.3147008557308293,0.013686533742643168,1.7680888374622274,True,True,True,True,True,True,True,True,True,1.3503399689443063,0.31277700778056566,1.0364077440377502,0.0,True,False
run-03,outer-context-03,3,3694,True,2,sealed-run03-retrospective,outer_once_8contexts_x_3banks,1063806731,13,True,0.26507113651493086,0.2958764958913445,0.2112997842518725,0.2652320300279546,-0.11621544232024847,-0.2552404204624934,0.040931979390966995,2.005542569578951,False,False,False,True,False,True,False,False,True,1.3503399689443063,0.31277700778056566,1.0364077440377502,0.0,True,False
run-03,outer-context-03,3,3694,True,2,sealed-run03-retrospective,outer_once_8contexts_x_3banks,1063806731,14,False,0.2498660423337272,0.2636751085769246,0.18860065542852508,0.22552125225965802,-0.05526587812502224,-0.19576070267223922,0.03906793424779578,1.7101026531511818,False,False,False,True,True,True,True,False,True,1.3503399689443063,0.31277700778056566,1.0364077440377502,0.0,True,False
run-03,outer-context-03,3,3694,True,2,sealed-run03-retrospective,outer_once_8contexts_x_3banks,1063806731,15,False,0.21768929129105258,0.23662165883469882,0.14356940429249784,0.17720702427684454,-0.08696967788982093,-0.23429518392244533,0.015181716239137876,1.4828628467986673,False,False,False,True,True,True,True,False,True,1.3503399689443063,0.31277700778056566,1.0364077440377502,0.0,True,False
run-03,outer-context-03,3,3694,True,2,sealed-run03-retrospective,outer_once_8contexts_x_3banks,1063806731,16,False,0.27609263538849077,0.1657105628867204,0.2482146523554481,0.128523276664267,0.3998008579491859,0.48220914662113007,0.03304066853730625,1.5239731219887511,True,True,True,True,True,True,True,True,True,1.3503399689443063,0.31277700778056566,1.0364077440377502,0.0,True,False
run-03,outer-context-03,3,3694,True,2,sealed-run03-retrospective,outer_once_8contexts_x_3banks,1063806731,17,False,0.35306841279403406,0.1135446721794425,0.3285021482075605,0.07305218097476159,0.6784060310552904,0.7776203858228521,0.011803333391695876,1.4191653357820608,True,True,True,True,True,True,True,True,True,1.3503399689443063,0.31277700778056566,1.0364077440377502,0.0,True,False
run-03,outer-context-03,3,3694,True,2,sealed-run03-retrospective,outer_once_8contexts_x_3banks,1063806731,18,False,0.3774786071280301,0.12027532892973108,0.3573541272712691,0.07495890843731794,0.6813718005244809,0.7902391417451957,0.007496902332883381,1.4652769810520905,True,True,True,True,True,True,True,True,True,1.3503399689443063,0.31277700778056566,1.0364077440377502,0.0,True,False
run-03,outer-context-03,3,3694,True,2,sealed-run03-retrospective,outer_once_8contexts_x_3banks,1063806731,19,False,0.3743418732237271,0.14229922711991205,0.35640603231306617,0.11009376976835089,0.6198682613449811,0.6911001504271824,0.010062008795841682,1.673080437881532,True,True,True,True,True,True,True,True,True,1.3503399689443063,0.31277700778056566,1.0364077440377502,0.0,True,False
run-03,outer-context-03,3,3694,True,2,sealed-run03-retrospective,outer_once_8contexts_x_3banks,1063806731,20,True,0.30761581979385527,0.1608689744075966,0.2817285438953726,0.12190411377742462,0.4770458342636577,0.5672993865233019,0.042081626877589394,1.5114673795007727,True,True,True,True,True,True,True,True,True,1.3503399689443063,0.31277700778056566,1.0364077440377502,0.0,True,False
run-03,outer-context-03,3,3694,True,2,sealed-run03-retrospective,outer_once_8contexts_x_3banks,1063806731,21,True,0.23627500809537827,0.23541009311500874,0.17169429680098763,0.19541348850964319,0.003660628296414598,-0.1381478135884075,0.07608409191585158,1.5526268976140514,False,False,False,True,True,True,True,False,True,1.3503399689443063,0.31277700778056566,1.0364077440377502,0.0,True,False
run-03,outer-context-03,3,3694,True,2,sealed-run03-retrospective,outer_once_8contexts_x_3banks,1063806731,22,False,0.20360721263176382,0.3000013225324915,0.13978746364145858,0.2549649531776604,-0.4734317053643005,-0.8239472019581169,0.013385798063365291,1.6922211842582178,False,False,False,True,False,True,True,False,True,1.3503399689443063,0.31277700778056566,1.0364077440377502,0.0,True,False
run-03,outer-context-03,3,3694,True,2,sealed-run03-retrospective,outer_once_8contexts_x_3banks,1063806731,23,False,0.20546339413095813,0.2838019133230948,0.1247396298175548,0.2241215470492995,-0.38127725633796017,-0.7967148642103676,0.012862550485968384,1.5502003361437708,False,False,False,True,True,True,True,False,True,1.3503399689443063,0.31277700778056566,1.0364077440377502,0.0,True,False
run-03,outer-context-03,3,3694,True,2,sealed-run03-retrospective,outer_once_8contexts_x_3banks,1063806731,24,False,0.3305248901689546,0.12381105137108879,0.312928843996262,0.08885750412957935,0.6254108085239807,0.7160456575532527,0.011419921414993303,1.5116964065326843,True,True,True,True,True,True,True,True,True,1.3503399689443063,0.31277700778056566,1.0364077440377502,0.0,True,False
run-03,outer-context-03,3,3694,True,2,sealed-run03-retrospective,outer_once_8contexts_x_3banks,1063806731,25,False,0.3460653436156712,0.07979814158323989,0.33102488267340385,0.04540073740517996,0.7694130803462912,0.8628479616441,0.011218108762849179,1.306026309103884,True,True,True,True,True,True,True,True,True,1.3503399689443063,0.31277700778056566,1.0364077440377502,0.0,True,False
run-03,outer-context-03,3,3694,True,2,sealed-run03-retrospective,outer_once_8contexts_x_3banks,1063806731,26,True,0.34655815140299084,0.07621405438915024,0.3316134004544199,0.036447374772504676,0.7800829266874589,0.8900907661675923,0.0020960399890562016,1.1458606064044705,True,True,True,True,True,True,True,True,True,1.3503399689443063,0.31277700778056566,1.0364077440377502,0.0,True,False
run-03,outer-context-03,3,3694,True,2,sealed-run03-retrospective,outer_once_8contexts_x_3banks,1063806731,27,True,0.3230382197459917,0.10231241481267712,0.3041209626478868,0.056304325990188094,0.6832807743519438,0.8148620683692311,0.005242658742229311,1.2266729005912427,True,True,True,True,True,True,True,True,True,1.3503399689443063,0.31277700778056566,1.0364077440377502,0.0,True,False
run-03,outer-context-03,3,3694,True,2,sealed-run03-retrospective,outer_once_8contexts_x_3banks,1063806731,28,True,0.281554130936132,0.16426209604410716,0.24929219684283305,0.12192218904355111,0.41658786714314444,0.510926572962822,0.04399270477144437,1.4121805214581906,True,True,True,True,True,True,True,True,True,1.3503399689443063,0.31277700778056566,1.0364077440377502,0.0,True,False
run-03,outer-context-03,3,3694,True,2,sealed-run03-retrospective,outer_once_8contexts_x_3banks,1063806731,29,False,0.21716584367099961,0.1973911712442425,0.14318237611376,0.14587987024394206,0.09105793108383663,-0.01883956813259521,0.02419940765759792,1.3660101380324134,False,False,False,True,True,True,True,False,True,1.3503399689443063,0.31277700778056566,1.0364077440377502,0.0,True,False
run-03,outer-context-03,3,3694,True,2,sealed-run03-retrospective,outer_once_8contexts_x_3banks,1063806731,30,False,0.1931419267562205,0.2898249102921401,0.08504780525935761,0.2353290679101572,-0.5005799888180195,-1.7670210558933208,0.007199163154455093,1.5263491265728049,False,False,False,True,True,True,True,False,True,1.3503399689443063,0.31277700778056566,1.0364077440377502,0.0,True,False
run-03,outer-context-03,3,3694,True,2,sealed-run03-retrospective,outer_once_8contexts_x_3banks,1063806731,31,False,0.19500881996772887,0.3352095263295674,0.061097360204130764,0.2702282950735221,-0.7189454630054155,-3.4229127767659606,0.02842320905263574,1.5361420697384027,False,False,False,True,False,True,True,False,True,1.3503399689443063,0.31277700778056566,1.0364077440377502,0.0,True,False
run-03,outer-context-03,3,3694,True,2,sealed-run03-retrospective,outer_once_8contexts_x_3banks,1063806731,32,False,0.20721586784672275,0.1941899513294233,0.16002040615700824,0.14710284154374303,0.06286157837552625,0.08072448335489663,0.07202024308860272,1.4426264017183246,True,False,False,True,True,True,True,False,True,1.3503399689443063,0.31277700778056566,1.0364077440377502,0.0,True,False
run-03,outer-context-03,3,3694,True,2,sealed-run03-retrospective,outer_once_8contexts_x_3banks,1063806731,33,False,0.2369833173286256,0.12390739140145168,0.19712375708772814,0.0546366225579852,0.4771471983843113,0.7228308583136954,0.009121157239267109,1.1625060769100235,True,True,True,True,True,True,True,True,True,1.3503399689443063,0.31277700778056566,1.0364077440377502,0.0,True,False
run-03,outer-context-03,3,3694,True,2,sealed-run03-retrospective,outer_once_8contexts_x_3banks,1063806731,34,True,0.2785175784390651,0.10182665789623316,0.2508415227307594,0.031980973349839466,0.6343977336478563,0.8725052654692811,0.005972562308129764,1.080393953901622,True,True,True,True,True,True,True,True,True,1.3503399689443063,0.31277700778056566,1.0364077440377502,0.0,True,False
run-03,outer-context-03,3,3694,True,2,sealed-run03-retrospective,outer_once_8contexts_x_3banks,1063806731,35,True,0.2726721604440263,0.1201590309539071,0.24389463186579208,0.06460652084254181,0.5593278361889344,0.735104785421875,0.01962844252115051,1.222791331004061,True,True,True,True,True,True,True,True,True,1.3503399689443063,0.31277700778056566,1.0364077440377502,0.0,True,False
run-03,outer-context-03,3,3694,True,2,sealed-run03-retrospective,outer_once_8contexts_x_3banks,1063806731,36,True,0.24414653122296165,0.1764280741256795,0.2004156434318845,0.12085765595266254,0.2773680902123475,0.39696495800868675,0.07494356384221597,1.3501637932173374,True,True,True,True,True,True,True,True,True,1.3503399689443063,0.31277700778056566,1.0364077440377502,0.0,True,False
run-03,outer-context-03,3,3694,True,2,sealed-run03-retrospective,outer_once_8contexts_x_3banks,1063806731,37,True,0.21824453606562666,0.20476284155459784,0.13479942925868668,0.13842722778971853,0.0617733426644635,-0.02691256595804959,0.07306859890427106,1.2905713427316245,False,False,False,True,True,True,True,False,True,1.3503399689443063,0.31277700778056566,1.0364077440377502,0.0,True,False
run-03,outer-context-03,3,3694,True,2,sealed-run03-retrospective,outer_once_8contexts_x_3banks,1063806731,38,True,0.2062120973359997,0.18997236603654916,0.08239645838299048,0.09867580273162015,0.07875256354620998,-0.1975733504583529,0.022058080583142008,1.1994976854612156,False,False,False,True,True,True,True,False,True,1.3503399689443063,0.31277700778056566,1.0364077440377502,0.0,True,False
run-03,outer-context-03,3,3694,True,2,sealed-run03-retrospective,outer_once_8contexts_x_3banks,1063806731,39,False,0.1993792197546319,0.2676803448155492,0.017726788491723527,0.18897145542900087,-0.3425689254124516,-9.660219447940607,0.02914481451693438,1.3363314623662363,False,False,False,True,True,True,True,False,True,1.3503399689443063,0.31277700778056566,1.0364077440377502,0.0,True,False
run-03,outer-context-03,3,3694,True,2,sealed-run03-retrospective,outer_once_8contexts_x_3banks,1063806731,40,False,0.17284701861782228,0.17677334049244225,0.14207345615945421,0.14540546774648513,-0.02271558923038969,-0.023452738302440407,0.03269831605064043,1.486556962516299,False,False,False,True,True,True,True,False,True,1.3503399689443063,0.31277700778056566,1.0364077440377502,0.0,True,False
run-03,outer-context-03,3,3694,True,2,sealed-run03-retrospective,outer_once_8contexts_x_3banks,1063806731,41,True,0.1967102894003455,0.167169494401221,0.09576866919132895,0.06052283458604881,0.15017412200031363,0.36803095315927553,0.04265313904995592,1.0868340748160967,True,True,True,True,True,True,True,True,True,1.3503399689443063,0.31277700778056566,1.0364077440377502,0.0,True,False
run-03,outer-context-03,3,3694,True,2,sealed-run03-retrospective,outer_once_8contexts_x_3banks,1063806731,42,True,0.21749593928758795,0.17018525935807435,0.12813116480673115,0.08670357586223211,0.21752442866051028,0.3233217227595414,0.0008014405575448077,1.1771555700548233,True,True,True,True,True,True,True,True,True,1.3503399689443063,0.31277700778056566,1.0364077440377502,0.0,True,False
run-03,outer-context-03,3,3694,True,2,sealed-run03-retrospective,outer_once_8contexts_x_3banks,1063806731,43,True,0.22257947943166773,0.16590640338354048,0.14365974740786808,0.09361475685374616,0.2546195012803324,0.348357779107309,0.007490736870786253,1.2163437968759836,True,True,True,True,True,True,True,True,True,1.3503399689443063,0.31277700778056566,1.0364077440377502,0.0,True,False
run-03,outer-context-03,3,3694,True,2,sealed-run03-retrospective,outer_once_8contexts_x_3banks,1063806731,44,True,0.21928706906667067,0.1788979012743745,0.14464932455150697,0.11540445290535999,0.1841839920803379,0.20217772697399236,0.06241387807799454,1.2550418388138225,True,True,True,True,True,True,True,True,True,1.3503399689443063,0.31277700778056566,1.0364077440377502,0.0,True,False
run-03,outer-context-03,3,3694,True,2,sealed-run03-retrospective,outer_once_8contexts_x_3banks,1063806731,45,True,0.21967946137473704,0.19390319538996986,0.12625059447178932,0.12028702641735861,0.11733580291694683,0.047235960189979706,0.00496673188312418,1.2858398358673178,True,True,False,True,True,True,True,False,True,1.3503399689443063,0.31277700778056566,1.0364077440377502,0.0,True,False
run-03,outer-context-03,3,3694,True,2,sealed-run03-retrospective,outer_once_8contexts_x_3banks,1063806731,46,True,0.21388379299004145,0.2295688463072538,0.10136827782296245,0.1679153877719103,-0.07333446400000326,-0.6564885127590998,0.04208881900205732,1.3950346001146063,False,False,False,True,True,True,True,False,True,1.3503399689443063,0.31277700778056566,1.0364077440377502,0.0,True,False
run-03,outer-context-03,3,3694,True,2,sealed-run03-retrospective,outer_once_8contexts_x_3banks,1063806731,47,False,0.19755117662654756,0.2822763569007571,0.03657876290702149,0.228891106943829,-0.42887712298659064,-5.257486277642596,0.04848688017026079,1.4915617546904323,False,False,False,True,True,True,True,False,True,1.3503399689443063,0.31277700778056566,1.0364077440377502,0.0,True,False
run-03,outer-context-03,3,3694,True,2,sealed-run03-retrospective,outer_once_8contexts_x_3banks,1063806731,48,False,0.20725567144865198,0.21491798297331155,0.039160128357582154,0.11273993922562967,-0.03697033461667139,-1.8789471320463906,0.03625127924142308,1.2024172609585304,False,False,False,True,True,True,True,False,True,1.3503399689443063,0.31277700778056566,1.0364077440377502,0.0,True,False
run-03,outer-context-03,3,3694,True,2,sealed-run03-retrospective,outer_once_8contexts_x_3banks,1063806731,49,True,0.21232665150007035,0.22744262593235798,0.0544541459976572,0.1351493538123342,-0.07119207280619042,-1.4818928170896073,0.018003380909177687,1.250452431856017,False,False,False,True,True,True,True,False,True,1.3503399689443063,0.31277700778056566,1.0364077440377502,0.0,True,False
run-03,outer-context-03,3,3694,True,2,sealed-run03-retrospective,outer_once_8contexts_x_3banks,1063806731,50,True,0.22638089768439462,0.21847285832329033,0.060725891260477054,0.11319114357980634,0.03493244987538286,-0.8639684198999292,0.00011269231771223864,1.1827544747245575,False,False,False,True,True,True,True,False,True,1.3503399689443063,0.31277700778056566,1.0364077440377502,0.0,True,False
run-03,outer-context-03,3,3694,True,2,sealed-run03-retrospective,outer_once_8contexts_x_3banks,1063806731,51,True,0.22491527698886554,0.20683537362085452,0.06568468975814001,0.08481734254103511,0.080385394936539,-0.2912802489186465,0.08003488214582048,1.0460571989799836,False,False,False,True,True,True,True,False,True,1.3503399689443063,0.31277700778056566,1.0364077440377502,0.0,True,False
run-03,outer-context-03,3,3694,True,2,sealed-run03-retrospective,outer_once_8contexts_x_3banks,1063806731,52,True,0.21986890612876325,0.16838786550544996,0.08377021968995901,0.033964952620770004,0.2341442522716883,0.5945462152722376,0.012262458784811857,1.061690663928168,True,True,True,True,True,True,True,True,True,1.3503399689443063,0.31277700778056566,1.0364077440377502,0.0,True,False
run-03,outer-context-03,3,3694,True,2,sealed-run03-retrospective,outer_once_8contexts_x_3banks,1063806731,53,True,0.22169180333420382,0.1691692826616983,0.08089023533605942,0.0446139050995453,0.2369168362680825,0.44846365059767335,0.0029262908067729547,1.0158215948673355,True,True,True,True,True,True,True,True,True,1.3503399689443063,0.31277700778056566,1.0364077440377502,0.0,True,False
run-03,outer-context-03,3,3694,True,2,sealed-run03-retrospective,outer_once_8contexts_x_3banks,1063806731,54,False,0.19037028838692457,0.18391474590823442,0.041839680172575194,0.08319367271321004,0.0339104517484859,-0.9883916982649714,0.031700302569339485,1.1602488051095965,False,False,False,True,True,True,True,False,True,1.3503399689443063,0.31277700778056566,1.0364077440377502,0.0,True,False
run-03,outer-context-03,3,3694,True,2,sealed-run03-retrospective,outer_once_8contexts_x_3banks,1063806731,55,False,0.2043902697597921,0.20064468789045736,0.06325892494628182,0.04782732863895026,0.01832563689913763,0.24394338538689608,0.021839973747680593,1.0339069541600323,True,False,True,True,True,True,True,False,True,1.3503399689443063,0.31277700778056566,1.0364077440377502,0.0,True,False
run-03,outer-context-03,3,3694,True,2,sealed-run03-retrospective,outer_once_8contexts_x_3banks,1063806731,56,False,0.20466027929126557,0.2429013603105754,0.040377533883046345,0.16102556649684643,-0.18685150412057452,-2.987999043311003,0.029712096245640557,1.2944794192958806,False,False,False,True,True,True,True,False,True,1.3503399689443063,0.31277700778056566,1.0364077440377502,0.0,True,False
run-03,outer-context-03,3,3694,True,2,sealed-run03-retrospective,outer_once_8contexts_x_3banks,1063806731,57,False,0.2024059444271797,0.2733996952945165,0.04341079546454017,0.20813105459091852,-0.35074933726997565,-3.794453830290417,0.015642359050408918,1.386696498886861,False,False,False,True,True,True,True,False,True,1.3503399689443063,0.31277700778056566,1.0364077440377502,0.0,True,False
run-03,outer-context-03,3,3694,True,2,sealed-run03-retrospective,outer_once_8contexts_x_3banks,1063806731,58,False,0.2278090443054663,0.24322582378293603,0.047112613706528673,0.14720338504081334,-0.06767413262485555,-2.1245004991182332,0.021074046426537315,1.244728986192463,False,False,False,True,True,True,True,False,True,1.3503399689443063,0.31277700778056566,1.0364077440377502,0.0,True,False
run-03,outer-context-03,3,3694,True,2,sealed-run03-retrospective,outer_once_8contexts_x_3banks,1063806731,59,False,0.23306577848651533,0.24262432010414917,0.06480873484001944,0.11619301791840787,-0.04101220556576423,-0.792860456313963,0.03260475694636044,1.1246496134183606,False,False,False,True,True,True,True,False,True,1.3503399689443063,0.31277700778056566,1.0364077440377502,0.0,True,False
run-03,outer-context-03,3,3694,True,2,sealed-run03-retrospective,outer_once_8contexts_x_3banks,1063806731,60,False,0.24554724448237067,0.22894526541165447,0.06977403610460434,0.08848168542847323,0.06761215791980983,-0.2681176318340339,0.03696179786967977,1.1911023283423376,False,False,False,True,True,True,True,False,True,1.3503399689443063,0.31277700778056566,1.0364077440377502,0.0,True,False
run-03,outer-context-03,3,3694,True,2,sealed-run03-retrospective,outer_once_8contexts_x_3banks,1063806731,61,False,0.26714707416424266,0.2391974000546915,0.06124302786359287,0.09526218433200745,0.10462279700045536,-0.5554780299920139,0.007909826549802098,1.2597083535788065,False,True,False,True,True,True,True,False,True,1.3503399689443063,0.31277700778056566,1.0364077440377502,0.0,True,False
run-03,outer-context-03,3,3694,True,2,sealed-run03-retrospective,outer_once_8contexts_x_3banks,1063806731,62,False,0.232257846282514,0.2036843183327439,0.06629532235734475,0.04014948240026779,0.1230250276023563,0.39438438531372955,0.02661279447309948,1.0513181987834594,True,True,True,True,True,True,True,True,True,1.3503399689443063,0.31277700778056566,1.0364077440377502,0.0,True,False
run-03,outer-context-03,3,3694,True,2,sealed-run03-retrospective,outer_once_8contexts_x_3banks,1063806731,63,False,0.30961423601938287,0.2523343572718717,0.20313622706966084,0.07170268675009027,0.18500402140399405,0.6470216672602592,0.010094320048242624,1.0091516123530584,True,True,True,True,True,True,True,True,True,1.3503399689443063,0.31277700778056566,1.0364077440377502,0.0,True,False
run-03,outer-context-04,4,4754,True,0,sealed-run03-retrospective,outer_once_8contexts_x_3banks,1674379700,0,False,0.23194784037045516,0.23017341844433897,0.15815635977110803,0.18154140313222092,0.007650090310313588,-0.14786027823956566,0.011109112841148357,1.38260956079453,False,False,False,True,True,True,True,False,True,1.3392616826122992,0.3184790834384105,0.956506508990695,0.0,True,False
run-03,outer-context-04,4,4754,True,0,sealed-run03-retrospective,outer_once_8contexts_x_3banks,1674379700,1,True,0.22469788871827295,0.2349510493354433,0.15307277248662382,0.18980578330997883,-0.04563087208187258,-0.23997089898247514,0.054208139274059715,1.4040414553738552,False,False,False,True,True,True,True,False,True,1.3392616826122992,0.3184790834384105,0.956506508990695,0.0,True,False
run-03,outer-context-04,4,4754,True,0,sealed-run03-retrospective,outer_once_8contexts_x_3banks,1674379700,2,False,0.23420352250832774,0.22957708450553757,0.19259004033138233,0.1941626199856442,0.019753921517664884,-0.008165425644836086,0.061734064783208746,1.548336941116451,False,False,False,True,True,True,True,False,True,1.3392616826122992,0.3184790834384105,0.956506508990695,0.0,True,False
run-03,outer-context-04,4,4754,True,0,sealed-run03-retrospective,outer_once_8contexts_x_3banks,1674379700,3,False,0.3381574093536565,0.20579246679680047,0.3146150855401418,0.1772737963902439,0.39142996396220997,0.4365375198525707,0.016574990261489148,1.8352315045094145,True,True,True,True,True,True,True,True,True,1.3392616826122992,0.3184790834384105,0.956506508990695,0.0,True,False
run-03,outer-context-04,4,4754,True,0,sealed-run03-retrospective,outer_once_8contexts_x_3banks,1674379700,4,False,0.27056620240490176,0.18193752711637912,0.23530399713679087,0.12875153453118088,0.3275674289721153,0.45282895276813817,0.03849210511874535,1.4833456942400662,True,True,True,True,True,True,True,True,True,1.3392616826122992,0.3184790834384105,0.956506508990695,0.0,True,False
run-03,outer-context-04,4,4754,True,0,sealed-run03-retrospective,outer_once_8contexts_x_3banks,1674379700,5,False,0.21541238530354054,0.21522677397319626,0.16873849368722343,0.15345624031336774,0.0008616557960803156,0.09056767688221241,0.015073153655050617,1.451154011086122,True,False,False,True,True,True,True,False,True,1.3392616826122992,0.3184790834384105,0.956506508990695,0.0,True,False
run-03,outer-context-04,4,4754,True,0,sealed-run03-retrospective,outer_once_8contexts_x_3banks,1674379700,6,False,0.22357468703524525,0.2371441995378676,0.11884500665673157,0.14544274449397473,-0.06069342054131205,-0.22380189614585394,0.02454109546769255,1.3081278601564248,False,False,False,True,True,True,True,False,True,1.3392616826122992,0.3184790834384105,0.956506508990695,0.0,True,False
run-03,outer-context-04,4,4754,True,0,sealed-run03-retrospective,outer_once_8contexts_x_3banks,1674379700,7,False,0.22943899535936818,0.256399727832988,0.08936991978791499,0.16392337015331232,-0.11750719371566046,-0.8342118974966205,0.0035328791532252043,1.319328203814769,False,False,False,True,True,True,True,False,True,1.3392616826122992,0.3184790834384105,0.956506508990695,0.0,True,False
run-03,outer-context-04,4,4754,True,0,sealed-run03-retrospective,outer_once_8contexts_x_3banks,1674379700,8,False,0.23483495560299353,0.18791698659311934,0.19499071477004198,0.14782302441699813,0.19979124866398768,0.241897109863257,0.013403338529405322,1.4119539097724023,True,True,True,True,True,True,True,True,True,1.3392616826122992,0.3184790834384105,0.956506508990695,0.0,True,False
run-03,outer-context-04,4,4754,True,0,sealed-run03-retrospective,outer_once_8contexts_x_3banks,1674379700,9,False,0.2581265709052665,0.22772228852534873,0.21963246114152848,0.19416480426312166,0.11778827058868047,0.11595579608788237,0.04874592559351458,1.633961788288087,True,True,True,True,True,True,True,True,True,1.3392616826122992,0.3184790834384105,0.956506508990695,0.0,True,False
run-03,outer-context-04,4,4754,True,0,sealed-run03-retrospective,outer_once_8contexts_x_3banks,1674379700,10,False,0.2872091730067346,0.1907933073187728,0.2629625179679788,0.15068565092685923,0.3356991167050956,0.42696909015296103,0.019615224702941095,1.7032634897310666,True,True,True,True,True,True,True,True,True,1.3392616826122992,0.3184790834384105,0.956506508990695,0.0,True,False
run-03,outer-context-04,4,4754,True,0,sealed-run03-retrospective,outer_once_8contexts_x_3banks,1674379700,11,False,0.37077482289609465,0.17406017848657737,0.353618131108831,0.14878718467756682,0.5305501675464201,0.5792433374074492,0.015489111536527295,1.9364327339767535,True,True,True,True,True,True,True,True,True,1.3392616826122992,0.3184790834384105,0.956506508990695,0.0,True,False
run-03,outer-context-04,4,4754,True,0,sealed-run03-retrospective,outer_once_8contexts_x_3banks,1674379700,12,False,0.28952396131180946,0.20281202844792864,0.25886593797491414,0.1724677156201113,0.29949829530860284,0.33375662719741606,0.007395158580618995,1.749484099047925,True,True,True,True,True,True,True,True,True,1.3392616826122992,0.3184790834384105,0.956506508990695,0.0,True,False
run-03,outer-context-04,4,4754,True,0,sealed-run03-retrospective,outer_once_8contexts_x_3banks,1674379700,13,True,0.23840579341509838,0.29444202356751636,0.19750315605634475,0.26537604428755857,-0.23504558907614692,-0.3436547019625888,0.04871082312943939,1.9780298682861548,False,False,False,True,False,True,True,False,True,1.3392616826122992,0.3184790834384105,0.956506508990695,0.0,True,False
run-03,outer-context-04,4,4754,True,0,sealed-run03-retrospective,outer_once_8contexts_x_3banks,1674379700,14,False,0.2241861729088303,0.2546815495113645,0.17716144145257923,0.21433275399849816,-0.13602701811112922,-0.20981604259450876,0.05895386771665038,1.6757289379746951,False,False,False,True,True,True,True,False,True,1.3392616826122992,0.3184790834384105,0.956506508990695,0.0,True,False
run-03,outer-context-04,4,4754,True,0,sealed-run03-retrospective,outer_once_8contexts_x_3banks,1674379700,15,False,0.21636473189716704,0.20564049048818459,0.13434744191948997,0.12881028980650594,0.04956557066832606,0.04121516594489579,0.02499247075019458,1.3339036693215298,True,False,False,True,True,True,True,False,True,1.3392616826122992,0.3184790834384105,0.956506508990695,0.0,True,False
run-03,outer-context-04,4,4754,True,0,sealed-run03-retrospective,outer_once_8contexts_x_3banks,1674379700,16,False,0.29338064587442586,0.1365009839435553,0.2665372670043917,0.09563812292909399,0.5347307811095995,0.6411829234839488,1.9733414117981737e-05,1.3572899943380294,True,True,True,True,True,True,True,True,True,1.3392616826122992,0.3184790834384105,0.956506508990695,0.0,True,False
run-03,outer-context-04,4,4754,True,0,sealed-run03-retrospective,outer_once_8contexts_x_3banks,1674379700,17,False,0.3584641718452236,0.11482339012179668,0.338346047185318,0.07773196031402663,0.6796795910432725,0.7702589967854672,0.026761806791992075,1.4318755546866861,True,True,True,True,True,True,True,True,True,1.3392616826122992,0.3184790834384105,0.956506508990695,0.0,True,False
run-03,outer-context-04,4,4754,True,0,sealed-run03-retrospective,outer_once_8contexts_x_3banks,1674379700,18,False,0.3589147872885974,0.1243880657078225,0.3437958529535151,0.08137171859463918,0.6534328756764091,0.7633138448425626,0.0077610933777780755,1.5197493871728933,True,True,True,True,True,True,True,True,True,1.3392616826122992,0.3184790834384105,0.956506508990695,0.0,True,False
run-03,outer-context-04,4,4754,True,0,sealed-run03-retrospective,outer_once_8contexts_x_3banks,1674379700,19,False,0.3672939585724578,0.1388603654456659,0.35305988018389817,0.11042829153417597,0.6219367016398331,0.6872250353774062,0.007441950921997264,1.6761001125018022,True,True,True,True,True,True,True,True,True,1.3392616826122992,0.3184790834384105,0.956506508990695,0.0,True,False
run-03,outer-context-04,4,4754,True,0,sealed-run03-retrospective,outer_once_8contexts_x_3banks,1674379700,20,True,0.30178985468881414,0.1495660909793639,0.28260525490776983,0.11425219538867853,0.5044031843496308,0.5957180788235324,0.032072500827152024,1.4811099889787132,True,True,True,True,True,True,True,True,True,1.3392616826122992,0.3184790834384105,0.956506508990695,0.0,True,False
run-03,outer-context-04,4,4754,True,0,sealed-run03-retrospective,outer_once_8contexts_x_3banks,1674379700,21,True,0.21312785207366025,0.2355804014839399,0.15527069021311307,0.20126625307708856,-0.10534779566266972,-0.29622823728577097,0.060307433690156495,1.563809589585823,False,False,False,True,True,True,True,False,True,1.3392616826122992,0.3184790834384105,0.956506508990695,0.0,True,False
run-03,outer-context-04,4,4754,True,0,sealed-run03-retrospective,outer_once_8contexts_x_3banks,1674379700,22,False,0.16538446259540215,0.27958263000254163,0.07626182550048861,0.2351698302512597,-0.6905011850267626,-2.083716246075869,0.0003194043065908223,1.630448200863446,False,False,False,True,True,True,True,False,True,1.3392616826122992,0.3184790834384105,0.956506508990695,0.0,True,False
run-03,outer-context-04,4,4754,True,0,sealed-run03-retrospective,outer_once_8contexts_x_3banks,1674379700,23,False,0.164334121677617,0.24292399782674165,0.048468877794898835,0.18194602766497742,-0.47823224627261895,-2.7538733294981825,0.01805556816359824,1.4350060894069323,False,False,False,True,True,True,True,False,True,1.3392616826122992,0.3184790834384105,0.956506508990695,0.0,True,False
run-03,outer-context-04,4,4754,True,0,sealed-run03-retrospective,outer_once_8contexts_x_3banks,1674379700,24,False,0.27880091734518986,0.10782468223567815,0.2666688855678388,0.0762654777349026,0.6132556403959822,0.7140068382087225,0.012008062665743408,1.4129922352797113,True,True,True,True,True,True,True,True,True,1.3392616826122992,0.3184790834384105,0.956506508990695,0.0,True,False
run-03,outer-context-04,4,4754,True,0,sealed-run03-retrospective,outer_once_8contexts_x_3banks,1674379700,25,False,0.32095447507048414,0.07431083297586472,0.3092264231506695,0.04005998043341573,0.7684692417529138,0.8704509788482834,0.004464794658435774,1.2514656625600025,True,True,True,True,True,True,True,True,True,1.3392616826122992,0.3184790834384105,0.956506508990695,0.0,True,False
run-03,outer-context-04,4,4754,True,0,sealed-run03-retrospective,outer_once_8contexts_x_3banks,1674379700,26,True,0.3590244787221939,0.07944215512267444,0.34405451026587613,0.03638790931951727,0.7787277474632998,0.8942379529005516,0.005763241218420022,1.1557495473044008,True,True,True,True,True,True,True,True,True,1.3392616826122992,0.3184790834384105,0.956506508990695,0.0,True,False
run-03,outer-context-04,4,4754,True,0,sealed-run03-retrospective,outer_once_8contexts_x_3banks,1674379700,27,True,0.35239747912811553,0.099541165068121,0.3347355554470837,0.049800618460083615,0.717531563181437,0.8512239956297195,0.007732466317829362,1.1980940946618504,True,True,True,True,True,True,True,True,True,1.3392616826122992,0.3184790834384105,0.956506508990695,0.0,True,False
run-03,outer-context-04,4,4754,True,0,sealed-run03-retrospective,outer_once_8contexts_x_3banks,1674379700,28,True,0.3021272392638827,0.1559931049638837,0.2735244196396036,0.11617704613324197,0.4836840751467733,0.5752589612060337,0.027834304786766267,1.4061523937057503,True,True,True,True,True,True,True,True,True,1.3392616826122992,0.3184790834384105,0.956506508990695,0.0,True,False
run-03,outer-context-04,4,4754,True,0,sealed-run03-retrospective,outer_once_8contexts_x_3banks,1674379700,29,False,0.20563250333242236,0.20909952767473042,0.13505309782603886,0.15792042466910808,-0.016860293417248914,-0.16932100937458314,0.0023844920997811206,1.3973843163676802,False,False,False,True,True,True,True,False,True,1.3392616826122992,0.3184790834384105,0.956506508990695,0.0,True,False
run-03,outer-context-04,4,4754,True,0,sealed-run03-retrospective,outer_once_8contexts_x_3banks,1674379700,30,False,0.16520021953514016,0.2879339957312266,0.034436279694899374,0.2380501611229731,-0.7429395465783833,-5.912772321286279,0.03413360865439639,1.5149884717111577,False,False,False,True,True,True,True,False,True,1.3392616826122992,0.3184790834384105,0.956506508990695,0.0,True,False
run-03,outer-context-04,4,4754,True,0,sealed-run03-retrospective,outer_once_8contexts_x_3banks,1674379700,31,False,0.16117497445728793,0.3075866276066995,0.02851397649419244,0.2456396134130915,-0.9084019007442828,-7.6147091221430285,0.04753663216323823,1.4760216316962538,False,False,False,True,True,True,True,False,True,1.3392616826122992,0.3184790834384105,0.956506508990695,0.0,True,False
run-03,outer-context-04,4,4754,True,0,sealed-run03-retrospective,outer_once_8contexts_x_3banks,1674379700,32,False,0.24124904655245602,0.1877744269722148,0.18524451775741024,0.13948451445627844,0.22165733023369258,0.24702487207236823,0.029836955134603414,1.4314749245434866,True,True,True,True,True,True,True,True,True,1.3392616826122992,0.3184790834384105,0.956506508990695,0.0,True,False
run-03,outer-context-04,4,4754,True,0,sealed-run03-retrospective,outer_once_8contexts_x_3banks,1674379700,33,False,0.3031433190451702,0.12655637813410375,0.267098210219115,0.05643419005666518,0.5825196526424319,0.788713709424076,0.00893002653938635,1.1866618722533953,True,True,True,True,True,True,True,True,True,1.3392616826122992,0.3184790834384105,0.956506508990695,0.0,True,False
run-03,outer-context-04,4,4754,True,0,sealed-run03-retrospective,outer_once_8contexts_x_3banks,1674379700,34,True,0.3461635022148979,0.10687438115908629,0.31806010114980526,0.03289967239776174,0.691260400142535,0.8965614603063145,0.008209421635245484,1.0857699800402685,True,True,True,True,True,True,True,True,True,1.3392616826122992,0.3184790834384105,0.956506508990695,0.0,True,False
run-03,outer-context-04,4,4754,True,0,sealed-run03-retrospective,outer_once_8contexts_x_3banks,1674379700,35,True,0.3363470511947237,0.11724442883150252,0.3045353882978778,0.05742146725928038,0.651418294243866,0.81144566619918,0.006076676412240382,1.2012982649697699,True,True,True,True,True,True,True,True,True,1.3392616826122992,0.3184790834384105,0.956506508990695,0.0,True,False
run-03,outer-context-04,4,4754,True,0,sealed-run03-retrospective,outer_once_8contexts_x_3banks,1674379700,36,True,0.28340220031564173,0.16658560136431128,0.2436299993271117,0.11322058560091136,0.4121936908789873,0.5352765016064591,0.055892146582347056,1.3443659657519227,True,True,True,True,True,True,True,True,True,1.3392616826122992,0.3184790834384105,0.956506508990695,0.0,True,False
run-03,outer-context-04,4,4754,True,0,sealed-run03-retrospective,outer_once_8contexts_x_3banks,1674379700,37,True,0.2249964434656234,0.2068771374410831,0.1544148062493177,0.15417303682738023,0.08053152194518438,0.0015657139869547211,0.09379984095522663,1.3023560932070706,True,False,False,True,True,True,True,False,True,1.3392616826122992,0.3184790834384105,0.956506508990695,0.0,True,False
run-03,outer-context-04,4,4754,True,0,sealed-run03-retrospective,outer_once_8contexts_x_3banks,1674379700,38,True,0.20253452728991658,0.18273427358970612,0.07671727827120381,0.09486120490406699,0.09776236163361683,-0.23650378430687355,0.04847193726675768,1.17093973375389,False,False,False,True,True,True,True,False,True,1.3392616826122992,0.3184790834384105,0.956506508990695,0.0,True,False
run-03,outer-context-04,4,4754,True,0,sealed-run03-retrospective,outer_once_8contexts_x_3banks,1674379700,39,False,0.18648981729663328,0.26111251990575335,0.05494895226016315,0.18342307352786766,-0.4001435772250459,-2.3380631655982564,0.06148176476197967,1.308081204413543,False,False,False,True,True,True,True,False,True,1.3392616826122992,0.3184790834384105,0.956506508990695,0.0,True,False
run-03,outer-context-04,4,4754,True,0,sealed-run03-retrospective,outer_once_8contexts_x_3banks,1674379700,40,False,0.21349074158685077,0.20743553607935974,0.17029382191199288,0.1689236794078663,0.028362848255073833,0.00804575579280073,0.012880123010441434,1.6003783409666574,True,False,False,True,True,True,True,False,True,1.3392616826122992,0.3184790834384105,0.956506508990695,0.0,True,False
run-03,outer-context-04,4,4754,True,0,sealed-run03-retrospective,outer_once_8contexts_x_3banks,1674379700,41,True,0.24940611464145723,0.17599754272565626,0.1642634780042976,0.06602044299160768,0.29433348906193463,0.5980820338536823,0.020071236775633435,1.131888804603705,True,True,True,True,True,True,True,True,True,1.3392616826122992,0.3184790834384105,0.956506508990695,0.0,True,False
run-03,outer-context-04,4,4754,True,0,sealed-run03-retrospective,outer_once_8contexts_x_3banks,1674379700,42,True,0.27313223146343696,0.17974462944719874,0.2048793131255829,0.08749760861749377,0.3419135175510753,0.5729309744226778,0.01875076693711066,1.1834822835795564,True,True,True,True,True,True,True,True,True,1.3392616826122992,0.3184790834384105,0.956506508990695,0.0,True,False
run-03,outer-context-04,4,4754,True,0,sealed-run03-retrospective,outer_once_8contexts_x_3banks,1674379700,43,True,0.2677812650753534,0.16575321606023305,0.20386985736582708,0.08681755066025071,0.3810126484629526,0.5741520998640617,0.005716881948514937,1.202859665597468,True,True,True,True,True,True,True,True,True,1.3392616826122992,0.3184790834384105,0.956506508990695,0.0,True,False
run-03,outer-context-04,4,4754,True,0,sealed-run03-retrospective,outer_once_8contexts_x_3banks,1674379700,44,True,0.24718012456896002,0.17528132784202335,0.18200688235742538,0.11312549087326844,0.29087612465733603,0.37845487265084604,0.07614091637708575,1.2374338357739025,True,True,True,True,True,True,True,True,True,1.3392616826122992,0.3184790834384105,0.956506508990695,0.0,True,False
run-03,outer-context-04,4,4754,True,0,sealed-run03-retrospective,outer_once_8contexts_x_3banks,1674379700,45,True,0.23017271316634688,0.1791392642367725,0.14968315125514003,0.11418327282256271,0.2217180665229082,0.23716682963245855,0.020252415493399508,1.2757719699798076,True,True,True,True,True,True,True,True,True,1.3392616826122992,0.3184790834384105,0.956506508990695,0.0,True,False
run-03,outer-context-04,4,4754,True,0,sealed-run03-retrospective,outer_once_8contexts_x_3banks,1674379700,46,True,0.22648497022573538,0.22220209208696226,0.12730169208746475,0.15973040401604777,0.018910209072612715,-0.2547390486082646,0.06443493690963563,1.3792287116859194,False,False,False,True,True,True,True,False,True,1.3392616826122992,0.3184790834384105,0.956506508990695,0.0,True,False
run-03,outer-context-04,4,4754,True,0,sealed-run03-retrospective,outer_once_8contexts_x_3banks,1674379700,47,False,0.19957862540070528,0.2897658090272503,0.06352544915126486,0.2304990700505022,-0.4518879887336187,-2.6284524254467665,0.06909446514664971,1.4975330883106504,False,False,False,True,True,True,True,False,True,1.3392616826122992,0.3184790834384105,0.956506508990695,0.0,True,False
run-03,outer-context-04,4,4754,True,0,sealed-run03-retrospective,outer_once_8contexts_x_3banks,1674379700,48,False,0.19329053363817303,0.2477106055939086,0.02009065908132096,0.15719477072533503,-0.28154545870107794,-6.824271473078994,0.041394087802030854,1.2803334116954288,False,False,False,True,True,True,True,False,True,1.3392616826122992,0.3184790834384105,0.956506508990695,0.0,True,False
run-03,outer-context-04,4,4754,True,0,sealed-run03-retrospective,outer_once_8contexts_x_3banks,1674379700,49,True,0.2158974700554933,0.2402367458428133,0.06629358556961906,0.15146241882323974,-0.11273534507404799,-1.284722081658708,0.03017975473582309,1.2789155595731527,False,False,False,True,True,True,True,False,True,1.3392616826122992,0.3184790834384105,0.956506508990695,0.0,True,False
run-03,outer-context-04,4,4754,True,0,sealed-run03-retrospective,outer_once_8contexts_x_3banks,1674379700,50,True,0.2249856595359173,0.2179829245955851,0.08292148240304446,0.11410900456383473,0.031125250181619907,-0.3761090764055759,0.011504029486687243,1.190775872106262,False,False,False,True,True,True,True,False,True,1.3392616826122992,0.3184790834384105,0.956506508990695,0.0,True,False
run-03,outer-context-04,4,4754,True,0,sealed-run03-retrospective,outer_once_8contexts_x_3banks,1674379700,51,True,0.22042586616077053,0.19488158923848864,0.08460249951600363,0.07849933083183705,0.11588602266691712,0.07213934244356558,0.07424302184323701,1.0467279753778864,True,True,False,True,True,True,True,False,True,1.3392616826122992,0.3184790834384105,0.956506508990695,0.0,True,False
run-03,outer-context-04,4,4754,True,0,sealed-run03-retrospective,outer_once_8contexts_x_3banks,1674379700,52,True,0.2158492061233463,0.16667100422989997,0.09198744362930815,0.03300457812773163,0.2278359173827288,0.6412056164889876,0.006938658606046,1.0757601956543423,True,True,True,True,True,True,True,True,True,1.3392616826122992,0.3184790834384105,0.956506508990695,0.0,True,False
run-03,outer-context-04,4,4754,True,0,sealed-run03-retrospective,outer_once_8contexts_x_3banks,1674379700,53,True,0.22754424172432472,0.162537466880662,0.08716735014105012,0.03384008684768968,0.28568850765478815,0.611780250369763,0.004429930008782762,1.0153293760203148,True,True,True,True,True,True,True,True,True,1.3392616826122992,0.3184790834384105,0.956506508990695,0.0,True,False
run-03,outer-context-04,4,4754,True,0,sealed-run03-retrospective,outer_once_8contexts_x_3banks,1674379700,54,False,0.2127472545027791,0.19230966886603543,0.06252903882550177,0.08001510079139909,0.0960650969833159,-0.2796470614988219,0.05054899821366723,1.14509794826222,False,False,False,True,True,True,True,False,True,1.3392616826122992,0.3184790834384105,0.956506508990695,0.0,True,False
run-03,outer-context-04,4,4754,True,0,sealed-run03-retrospective,outer_once_8contexts_x_3banks,1674379700,55,False,0.22239508644310751,0.21644693515969693,0.05277942122893468,0.05762271972802516,0.02674587545319813,-0.09176490356122534,0.054593287459112225,1.0023657981261795,False,False,False,True,True,True,True,False,True,1.3392616826122992,0.3184790834384105,0.956506508990695,0.0,True,False
run-03,outer-context-04,4,4754,True,0,sealed-run03-retrospective,outer_once_8contexts_x_3banks,1674379700,56,False,0.19948664914087227,0.28892227181916225,0.0275632475520306,0.2176360265230843,-0.4483288634275112,-6.895877512700818,0.030419470295731745,1.3861456918206587,False,False,False,True,True,True,True,False,True,1.3392616826122992,0.3184790834384105,0.956506508990695,0.0,True,False
run-03,outer-context-04,4,4754,True,0,sealed-run03-retrospective,outer_once_8contexts_x_3banks,1674379700,57,False,0.21392323603536098,0.3134525054252337,0.03578269848965695,0.24845674846285626,-0.4652569362470786,-5.943488304401445,0.011127474196923948,1.4489767315355075,False,False,False,True,True,True,True,False,True,1.3392616826122992,0.3184790834384105,0.956506508990695,0.0,True,False
run-03,outer-context-04,4,4754,True,0,sealed-run03-retrospective,outer_once_8contexts_x_3banks,1674379700,58,False,0.21862841480218018,0.2581732025114055,0.0456452075920908,0.1819841268852358,-0.1808767069230518,-2.9869273574465947,0.022815439583686092,1.305183229347563,False,False,False,True,True,True,True,False,True,1.3392616826122992,0.3184790834384105,0.956506508990695,0.0,True,False
run-03,outer-context-04,4,4754,True,0,sealed-run03-retrospective,outer_once_8contexts_x_3banks,1674379700,59,False,0.2177351045251338,0.24396582661866995,0.05763217188529876,0.13990482296388074,-0.12047079937221719,-1.427547294978288,0.047926716310088574,1.1735469447993967,False,False,False,True,True,True,True,False,True,1.3392616826122992,0.3184790834384105,0.956506508990695,0.0,True,False
run-03,outer-context-04,4,4754,True,0,sealed-run03-retrospective,outer_once_8contexts_x_3banks,1674379700,60,False,0.24733285949926032,0.23105650171396538,0.06216575344258946,0.11200111581101935,0.06580750256252792,-0.8016529939503302,0.07164548015616178,1.127209590168795,False,False,False,True,True,True,True,False,True,1.3392616826122992,0.3184790834384105,0.956506508990695,0.0,True,False
run-03,outer-context-04,4,4754,True,0,sealed-run03-retrospective,outer_once_8contexts_x_3banks,1674379700,61,False,0.2660085672045759,0.22612511955919834,0.08045025117648429,0.11793539835647679,0.14993294413222744,-0.46594195334158833,0.039194983554176124,1.2611654818537,False,True,False,True,True,True,True,False,True,1.3392616826122992,0.3184790834384105,0.956506508990695,0.0,True,False
run-03,outer-context-04,4,4754,True,0,sealed-run03-retrospective,outer_once_8contexts_x_3banks,1674379700,62,False,0.24304457888686076,0.2139339618417739,0.05491040552448655,0.056384899946574904,0.11977480501072228,-0.026852732337422393,0.03976093243680983,1.0849933285004938,False,True,False,True,True,True,True,False,True,1.3392616826122992,0.3184790834384105,0.956506508990695,0.0,True,False
run-03,outer-context-04,4,4754,True,0,sealed-run03-retrospective,outer_once_8contexts_x_3banks,1674379700,63,False,0.3209816390703356,0.27473987393472554,0.21979793993298818,0.09425667146850324,0.14406358341723488,0.5711667202284054,0.04699045948645136,1.0186068557677599,True,True,True,True,True,True,True,True,True,1.3392616826122992,0.3184790834384105,0.956506508990695,0.0,True,False
run-03,outer-context-04,4,4754,True,1,sealed-run03-retrospective,outer_once_8contexts_x_3banks,1534010703,0,False,0.2455270533489139,0.22218672554216756,0.16914191623368804,0.17206283500815892,0.09506214280011673,-0.017269041521530963,0.009787171751667344,1.3539434015772056,False,False,False,True,True,True,True,False,True,1.3347356407226165,0.317417531692509,1.0241975768270732,0.0,True,False
run-03,outer-context-04,4,4754,True,1,sealed-run03-retrospective,outer_once_8contexts_x_3banks,1534010703,1,True,0.23003050613222342,0.22526185476457022,0.14682313345327183,0.1764955824159491,0.020730517216321468,-0.20209655157728168,0.05176141303462119,1.3712294246835324,False,False,False,True,True,True,True,False,True,1.3347356407226165,0.317417531692509,1.0241975768270732,0.0,True,False
run-03,outer-context-04,4,4754,True,1,sealed-run03-retrospective,outer_once_8contexts_x_3banks,1534010703,2,False,0.22050357527552086,0.23749244462190772,0.17588213380014706,0.19064075420866908,-0.07704577726306312,-0.0839119931606702,0.05885309496766091,1.5451471779673773,False,False,False,True,True,True,True,False,True,1.3347356407226165,0.317417531692509,1.0241975768270732,0.0,True,False
run-03,outer-context-04,4,4754,True,1,sealed-run03-retrospective,outer_once_8contexts_x_3banks,1534010703,3,False,0.2986770430178101,0.19515488608218562,0.2735940767259406,0.1626207190788356,0.3466023229962521,0.40561315864402686,0.01735835370418198,1.7543593926145662,True,True,True,True,True,True,True,True,True,1.3347356407226165,0.317417531692509,1.0241975768270732,0.0,True,False
run-03,outer-context-04,4,4754,True,1,sealed-run03-retrospective,outer_once_8contexts_x_3banks,1534010703,4,False,0.23729225626592834,0.18782849046573588,0.19436251261875057,0.12890642062875096,0.2084508216937323,0.33677323424190453,0.03917683446166504,1.481771166441937,True,True,True,True,True,True,True,True,True,1.3347356407226165,0.317417531692509,1.0241975768270732,0.0,True,False
run-03,outer-context-04,4,4754,True,1,sealed-run03-retrospective,outer_once_8contexts_x_3banks,1534010703,5,False,0.20244195433642834,0.21409726307662472,0.1496576311827211,0.15699834780273647,-0.05757358339283267,-0.04905006555297463,0.013990414995578997,1.4571045940685672,False,False,False,True,True,True,True,False,True,1.3347356407226165,0.317417531692509,1.0241975768270732,0.0,True,False
run-03,outer-context-04,4,4754,True,1,sealed-run03-retrospective,outer_once_8contexts_x_3banks,1534010703,6,False,0.21346131662919055,0.2284743830714254,0.10079249693781626,0.13997392668831682,-0.07033155552167074,-0.38873359566311233,0.028717275974104436,1.2951972910264806,False,False,False,True,True,True,True,False,True,1.3347356407226165,0.317417531692509,1.0241975768270732,0.0,True,False
run-03,outer-context-04,4,4754,True,1,sealed-run03-retrospective,outer_once_8contexts_x_3banks,1534010703,7,False,0.2214493305796219,0.2563562993597476,0.0800441441536068,0.16207497058403472,-0.15762959720293623,-1.0248198328288527,0.008552397513278208,1.3187458716218432,False,False,False,True,True,True,True,False,True,1.3347356407226165,0.317417531692509,1.0241975768270732,0.0,True,False
run-03,outer-context-04,4,4754,True,1,sealed-run03-retrospective,outer_once_8contexts_x_3banks,1534010703,8,False,0.2378214482878977,0.1877910670831359,0.19548472419614585,0.14744006957863973,0.2103695085743356,0.24577191294650205,0.009687377719844046,1.4024731578756804,True,True,True,True,True,True,True,True,True,1.3347356407226165,0.317417531692509,1.0241975768270732,0.0,True,False
run-03,outer-context-04,4,4754,True,1,sealed-run03-retrospective,outer_once_8contexts_x_3banks,1534010703,9,False,0.2640840657796636,0.2222534935684108,0.22642971449249458,0.18601611253447237,0.15839869811060014,0.17848188365472586,0.04722670887289889,1.6102430044189953,True,True,True,True,True,True,True,True,True,1.3347356407226165,0.317417531692509,1.0241975768270732,0.0,True,False
run-03,outer-context-04,4,4754,True,1,sealed-run03-retrospective,outer_once_8contexts_x_3banks,1534010703,10,False,0.2753916420687198,0.19665655221454104,0.24879897721492658,0.15655764376263553,0.28590224911230827,0.37074643346547115,0.01867883738542523,1.7208436412034074,True,True,True,True,True,True,True,True,True,1.3347356407226165,0.317417531692509,1.0241975768270732,0.0,True,False
run-03,outer-context-04,4,4754,True,1,sealed-run03-retrospective,outer_once_8contexts_x_3banks,1534010703,11,False,0.3440662524297595,0.17982088694362752,0.32257714375802926,0.1508603538424195,0.47736551994346604,0.5323278268109954,0.01539362720897106,1.9346839786547252,True,True,True,True,True,True,True,True,True,1.3347356407226165,0.317417531692509,1.0241975768270732,0.0,True,False
run-03,outer-context-04,4,4754,True,1,sealed-run03-retrospective,outer_once_8contexts_x_3banks,1534010703,12,False,0.2626423968517336,0.21202983696654976,0.22695320931115784,0.1779473443709501,0.19270521626314402,0.21592937631923773,0.0057593634626545865,1.7771929026991224,True,True,True,True,True,True,True,True,True,1.3347356407226165,0.317417531692509,1.0241975768270732,0.0,True,False
run-03,outer-context-04,4,4754,True,1,sealed-run03-retrospective,outer_once_8contexts_x_3banks,1534010703,13,True,0.23080729946538212,0.30102911943244187,0.18660484657179294,0.2709262470542597,-0.30424436371689384,-0.4518714386661206,0.04692582458459437,1.998137970641127,False,False,False,True,False,True,True,False,True,1.3347356407226165,0.317417531692509,1.0241975768270732,0.0,True,False
run-03,outer-context-04,4,4754,True,1,sealed-run03-retrospective,outer_once_8contexts_x_3banks,1534010703,14,False,0.21744922151494198,0.26333201687162106,0.16261729596701813,0.22475902284130136,-0.21100464300133745,-0.38213479387141425,0.0610140283206025,1.685614887602472,False,False,False,True,True,True,True,False,True,1.3347356407226165,0.317417531692509,1.0241975768270732,0.0,True,False
run-03,outer-context-04,4,4754,True,1,sealed-run03-retrospective,outer_once_8contexts_x_3banks,1534010703,15,False,0.2004309866615285,0.2225450827560578,0.10772439287565619,0.15882799119076127,-0.11033272081763376,-0.4743920754707135,0.030413610659465424,1.4140524716903027,False,False,False,True,True,True,True,False,True,1.3347356407226165,0.317417531692509,1.0241975768270732,0.0,True,False
run-03,outer-context-04,4,4754,True,1,sealed-run03-retrospective,outer_once_8contexts_x_3banks,1534010703,16,False,0.2955268339150175,0.15438613068632917,0.2634383622061266,0.11722477764673991,0.47759014421436646,0.5550200940172194,0.006112916824346279,1.4672413891208753,True,True,True,True,True,True,True,True,True,1.3347356407226165,0.317417531692509,1.0241975768270732,0.0,True,False
run-03,outer-context-04,4,4754,True,1,sealed-run03-retrospective,outer_once_8contexts_x_3banks,1534010703,17,False,0.3347874159366616,0.11303498040606716,0.316102181683451,0.07018176985908696,0.6623678936980946,0.7779775846995958,0.0225559202946775,1.3956610439159247,True,True,True,True,True,True,True,True,True,1.3347356407226165,0.317417531692509,1.0241975768270732,0.0,True,False
run-03,outer-context-04,4,4754,True,1,sealed-run03-retrospective,outer_once_8contexts_x_3banks,1534010703,18,False,0.34554801671900337,0.12430233178985177,0.328479156846753,0.08112892601073594,0.6402747931528909,0.753016517731183,0.007965662016019438,1.5115236970641748,True,True,True,True,True,True,True,True,True,1.3347356407226165,0.317417531692509,1.0241975768270732,0.0,True,False
run-03,outer-context-04,4,4754,True,1,sealed-run03-retrospective,outer_once_8contexts_x_3banks,1534010703,19,False,0.34591886654311804,0.14494762884208107,0.3290154515966469,0.11366858638437964,0.5809779608421165,0.6545190025794579,0.007412199945681772,1.688285534014541,True,True,True,True,True,True,True,True,True,1.3347356407226165,0.317417531692509,1.0241975768270732,0.0,True,False
run-03,outer-context-04,4,4754,True,1,sealed-run03-retrospective,outer_once_8contexts_x_3banks,1534010703,20,True,0.2727523871443055,0.1494767361132982,0.2480030389473026,0.10787846181672507,0.45196910033196397,0.5650115326221956,0.030609646620380997,1.4655355860374457,True,True,True,True,True,True,True,True,True,1.3347356407226165,0.317417531692509,1.0241975768270732,0.0,True,False
run-03,outer-context-04,4,4754,True,1,sealed-run03-retrospective,outer_once_8contexts_x_3banks,1534010703,21,True,0.20771221701811082,0.22532779310057274,0.14390009187559882,0.1810100577153022,-0.08480760706013736,-0.25788701977886735,0.05939869596122502,1.5219140899212897,False,False,False,True,True,True,True,False,True,1.3347356407226165,0.317417531692509,1.0241975768270732,0.0,True,False
run-03,outer-context-04,4,4754,True,1,sealed-run03-retrospective,outer_once_8contexts_x_3banks,1534010703,22,False,0.1674059106689378,0.2727174900211369,0.09231136289698552,0.22434380745647922,-0.6290792178805646,-1.430294607467065,0.005035585230662054,1.6053893425335533,False,False,False,True,True,True,True,False,True,1.3347356407226165,0.317417531692509,1.0241975768270732,0.0,True,False
run-03,outer-context-04,4,4754,True,1,sealed-run03-retrospective,outer_once_8contexts_x_3banks,1534010703,23,False,0.156926120756458,0.25415631250607273,0.05159548405036812,0.1909045823030445,-0.6195921448954405,-2.7000250277074866,0.011198322762422986,1.4585983258439505,False,False,False,True,True,True,True,False,True,1.3347356407226165,0.317417531692509,1.0241975768270732,0.0,True,False
run-03,outer-context-04,4,4754,True,1,sealed-run03-retrospective,outer_once_8contexts_x_3banks,1534010703,24,False,0.2797616102366826,0.1035529202738494,0.2692090495326645,0.07099055583560195,0.6298530016815316,0.736299519058373,0.01351212518538232,1.4002841481505355,True,True,True,True,True,True,True,True,True,1.3347356407226165,0.317417531692509,1.0241975768270732,0.0,True,False
run-03,outer-context-04,4,4754,True,1,sealed-run03-retrospective,outer_once_8contexts_x_3banks,1534010703,25,False,0.313984120334765,0.07152110497686875,0.30207251575147726,0.03937290456206397,0.7722142607065158,0.869657441478532,0.0026137295398387657,1.2509864844162493,True,True,True,True,True,True,True,True,True,1.3347356407226165,0.317417531692509,1.0241975768270732,0.0,True,False
run-03,outer-context-04,4,4754,True,1,sealed-run03-retrospective,outer_once_8contexts_x_3banks,1534010703,26,True,0.3354950544822514,0.07863064075341052,0.3181359294006615,0.03466263883884376,0.7656280183481206,0.8910445641768758,0.005624211247598668,1.1459046752743993,True,True,True,True,True,True,True,True,True,1.3347356407226165,0.317417531692509,1.0241975768270732,0.0,True,False
run-03,outer-context-04,4,4754,True,1,sealed-run03-retrospective,outer_once_8contexts_x_3banks,1534010703,27,True,0.3154612993294484,0.10144887547696918,0.29551497699522206,0.05117112760084436,0.6784110263521669,0.8268408318212863,0.008280145977618204,1.2016785673588783,True,True,True,True,True,True,True,True,True,1.3347356407226165,0.317417531692509,1.0241975768270732,0.0,True,False
run-03,outer-context-04,4,4754,True,1,sealed-run03-retrospective,outer_once_8contexts_x_3banks,1534010703,28,True,0.2615914623545902,0.15003254433994037,0.23333322238301793,0.10417985518544935,0.4264623814955797,0.5535146940437078,0.026489728947597126,1.3615908216757124,True,True,True,True,True,True,True,True,True,1.3347356407226165,0.317417531692509,1.0241975768270732,0.0,True,False
run-03,outer-context-04,4,4754,True,1,sealed-run03-retrospective,outer_once_8contexts_x_3banks,1534010703,29,False,0.19528893600930788,0.18100882091036366,0.12312294399168752,0.12098795111519042,0.07312301142479266,0.01734033322531047,0.0007610729230117896,1.3069252368514985,True,False,False,True,True,True,True,False,True,1.3347356407226165,0.317417531692509,1.0241975768270732,0.0,True,False
run-03,outer-context-04,4,4754,True,1,sealed-run03-retrospective,outer_once_8contexts_x_3banks,1534010703,30,False,0.16779120540655496,0.26257618663111143,0.043158165615039885,0.20126138212106248,-0.5648983866281563,-3.6633442189425756,0.029389359735068944,1.4441205480994455,False,False,False,True,True,True,True,False,True,1.3347356407226165,0.317417531692509,1.0241975768270732,0.0,True,False
run-03,outer-context-04,4,4754,True,1,sealed-run03-retrospective,outer_once_8contexts_x_3banks,1534010703,31,False,0.15702697193821594,0.3038085623426414,0.02183501726450143,0.23386338149914826,-0.9347540017658774,-9.7104738533619,0.0413919907508741,1.4570982123343954,False,False,False,True,True,True,True,False,True,1.3347356407226165,0.317417531692509,1.0241975768270732,0.0,True,False
run-03,outer-context-04,4,4754,True,1,sealed-run03-retrospective,outer_once_8contexts_x_3banks,1534010703,32,False,0.23819451658056356,0.19042530445007128,0.18911138345661174,0.13927719840424216,0.20054706890926896,0.26351763781477044,0.027522863991166727,1.428817754440414,True,True,True,True,True,True,True,True,True,1.3347356407226165,0.317417531692509,1.0241975768270732,0.0,True,False
run-03,outer-context-04,4,4754,True,1,sealed-run03-retrospective,outer_once_8contexts_x_3banks,1534010703,33,False,0.2815778888869966,0.1251838176565945,0.23810004892254183,0.05652274536249149,0.5554202847694709,0.7626092660699983,0.009284121209292666,1.1713854036603166,True,True,True,True,True,True,True,True,True,1.3347356407226165,0.317417531692509,1.0241975768270732,0.0,True,False
run-03,outer-context-04,4,4754,True,1,sealed-run03-retrospective,outer_once_8contexts_x_3banks,1534010703,34,True,0.3154602792818201,0.10726976735670829,0.28245997389667993,0.03321525350795687,0.6599579268714284,0.8824072202169552,0.00820539435766382,1.0823338108489546,True,True,True,True,True,True,True,True,True,1.3347356407226165,0.317417531692509,1.0241975768270732,0.0,True,False
run-03,outer-context-04,4,4754,True,1,sealed-run03-retrospective,outer_once_8contexts_x_3banks,1534010703,35,True,0.306405173423873,0.12109616028601532,0.2715701199009033,0.06166805319994855,0.6047842177961728,0.7729203300331737,0.00613819543452157,1.2139000100046402,True,True,True,True,True,True,True,True,True,1.3347356407226165,0.317417531692509,1.0241975768270732,0.0,True,False
run-03,outer-context-04,4,4754,True,1,sealed-run03-retrospective,outer_once_8contexts_x_3banks,1534010703,36,True,0.25441021024298904,0.1651106850692163,0.2118064556318491,0.11003614998791268,0.35100605863452616,0.4804872700425536,0.05597705229446601,1.3259195639720447,True,True,True,True,True,True,True,True,True,1.3347356407226165,0.317417531692509,1.0241975768270732,0.0,True,False
run-03,outer-context-04,4,4754,True,1,sealed-run03-retrospective,outer_once_8contexts_x_3banks,1534010703,37,True,0.20742805881988105,0.19559065147969643,0.13919998976675152,0.13385589886286464,0.057067531786832985,0.038391460465202816,0.09096333642145728,1.2677196607950152,True,False,False,True,True,True,True,False,True,1.3347356407226165,0.317417531692509,1.0241975768270732,0.0,True,False
run-03,outer-context-04,4,4754,True,1,sealed-run03-retrospective,outer_once_8contexts_x_3banks,1534010703,38,True,0.1986106742682948,0.18097264945007407,0.06997678406316563,0.07787620021986785,0.08880703357561866,-0.11288624166511706,0.04535404167532661,1.1449799469628197,False,False,False,True,True,True,True,False,True,1.3347356407226165,0.317417531692509,1.0241975768270732,0.0,True,False
run-03,outer-context-04,4,4754,True,1,sealed-run03-retrospective,outer_once_8contexts_x_3banks,1534010703,39,False,0.18326636797094775,0.2501982090743499,0.04935031433208026,0.14993879405351954,-0.3652161705633437,-2.03825408374454,0.05708485015735133,1.2564437944158746,False,False,False,True,True,True,True,False,True,1.3347356407226165,0.317417531692509,1.0241975768270732,0.0,True,False
run-03,outer-context-04,4,4754,True,1,sealed-run03-retrospective,outer_once_8contexts_x_3banks,1534010703,40,False,0.2164734697177393,0.20395072386957175,0.17733189728503937,0.1624681924945376,0.05784887110875989,0.08381856292108683,0.014166208455991819,1.5606198137873648,True,False,False,True,True,True,True,False,True,1.3347356407226165,0.317417531692509,1.0241975768270732,0.0,True,False
run-03,outer-context-04,4,4754,True,1,sealed-run03-retrospective,outer_once_8contexts_x_3banks,1534010703,41,True,0.23962012484427472,0.17290165744830055,0.1464518357767299,0.06059008135331463,0.27843432365847165,0.5862798097957203,0.01924546122016383,1.1125856543428327,True,True,True,True,True,True,True,True,True,1.3347356407226165,0.317417531692509,1.0241975768270732,0.0,True,False
run-03,outer-context-04,4,4754,True,1,sealed-run03-retrospective,outer_once_8contexts_x_3banks,1534010703,42,True,0.26240308238477805,0.17577520834416716,0.17934321991246327,0.08293808964244717,0.3301328370586098,0.5375454411773752,0.01848383346917229,1.1721592103606884,True,True,True,True,True,True,True,True,True,1.3347356407226165,0.317417531692509,1.0241975768270732,0.0,True,False
run-03,outer-context-04,4,4754,True,1,sealed-run03-retrospective,outer_once_8contexts_x_3banks,1534010703,43,True,0.26023145247997115,0.16659133669459958,0.18287943610473284,0.08537501549883132,0.35983396662084355,0.5331622990682338,0.004380406515386085,1.1925375685126163,True,True,True,True,True,True,True,True,True,1.3347356407226165,0.317417531692509,1.0241975768270732,0.0,True,False
run-03,outer-context-04,4,4754,True,1,sealed-run03-retrospective,outer_once_8contexts_x_3banks,1534010703,44,True,0.23534868824801827,0.17208505639156746,0.16691249540555017,0.10903109364336891,0.26880809205862877,0.34677692416943273,0.07258788831539711,1.223786866903208,True,True,True,True,True,True,True,True,True,1.3347356407226165,0.317417531692509,1.0241975768270732,0.0,True,False
run-03,outer-context-04,4,4754,True,1,sealed-run03-retrospective,outer_once_8contexts_x_3banks,1534010703,45,True,0.21449328019648614,0.1877728701367,0.13521703344060254,0.11534212720111678,0.12457457891132519,0.14698522614916198,0.01726522294655858,1.2849014033535628,True,True,True,True,True,True,True,True,True,1.3347356407226165,0.317417531692509,1.0241975768270732,0.0,True,False
run-03,outer-context-04,4,4754,True,1,sealed-run03-retrospective,outer_once_8contexts_x_3banks,1534010703,46,True,0.2087622748425336,0.23197273859865783,0.09916790513226245,0.1631240625145074,-0.11118131268511781,-0.6449279864987083,0.062182054905534884,1.3949691651116556,False,False,False,True,True,True,True,False,True,1.3347356407226165,0.317417531692509,1.0241975768270732,0.0,True,False
run-03,outer-context-04,4,4754,True,1,sealed-run03-retrospective,outer_once_8contexts_x_3banks,1534010703,47,False,0.18029366723882484,0.2886707238571868,0.027856433012347987,0.21982116448145797,-0.6011140506382899,-6.891217241777413,0.06798535839929334,1.486960024732409,False,False,False,True,True,True,True,False,True,1.3347356407226165,0.317417531692509,1.0241975768270732,0.0,True,False
run-03,outer-context-04,4,4754,True,1,sealed-run03-retrospective,outer_once_8contexts_x_3banks,1534010703,48,False,0.1963713231718881,0.23175144062513772,0.0250888003187401,0.1356200655999944,-0.18016947119249502,-4.405601857283422,0.04184841424601219,1.2474486194161105,False,False,False,True,True,True,True,False,True,1.3347356407226165,0.317417531692509,1.0241975768270732,0.0,True,False
run-03,outer-context-04,4,4754,True,1,sealed-run03-retrospective,outer_once_8contexts_x_3banks,1534010703,49,True,0.21661188818594235,0.24084139677195426,0.06780545162810368,0.14476949732323147,-0.11185678121790345,-1.1350716475904732,0.030690659569451707,1.271525465897204,False,False,False,True,True,True,True,False,True,1.3347356407226165,0.317417531692509,1.0241975768270732,0.0,True,False
run-03,outer-context-04,4,4754,True,1,sealed-run03-retrospective,outer_once_8contexts_x_3banks,1534010703,50,True,0.23047481382148727,0.2192159080740879,0.07461618274879821,0.11278097332805699,0.04885091590146544,-0.5114814129227682,0.011724685727846452,1.1881930215753247,False,False,False,True,True,True,True,False,True,1.3347356407226165,0.317417531692509,1.0241975768270732,0.0,True,False
run-03,outer-context-04,4,4754,True,1,sealed-run03-retrospective,outer_once_8contexts_x_3banks,1534010703,51,True,0.23177630729909102,0.19177069569637648,0.06653575559556547,0.07809926378638408,0.17260440494933812,-0.1737938960384979,0.07442166357531048,1.0256751446176733,False,True,False,True,True,True,True,False,True,1.3347356407226165,0.317417531692509,1.0241975768270732,0.0,True,False
run-03,outer-context-04,4,4754,True,1,sealed-run03-retrospective,outer_once_8contexts_x_3banks,1534010703,52,True,0.2158451586851601,0.16244276628929386,0.07940526586720396,0.04456851700737623,0.24741065642227814,0.4387208893436379,0.009511947274616938,1.122517742945408,True,True,True,True,True,True,True,True,True,1.3347356407226165,0.317417531692509,1.0241975768270732,0.0,True,False
run-03,outer-context-04,4,4754,True,1,sealed-run03-retrospective,outer_once_8contexts_x_3banks,1534010703,53,True,0.21073875905935738,0.17302872806693492,0.07981908433402404,0.04016721867960535,0.1789420757754435,0.49677174306441535,7.481831049467027e-05,1.0192848497983187,True,True,True,True,True,True,True,True,True,1.3347356407226165,0.317417531692509,1.0241975768270732,0.0,True,False
run-03,outer-context-04,4,4754,True,1,sealed-run03-retrospective,outer_once_8contexts_x_3banks,1534010703,54,False,0.19927821330814646,0.20470781629312235,0.054837479314100476,0.09475057109189258,-0.027246345171612008,-0.7278432976318291,0.04685436122609626,1.1818934191476806,False,False,False,True,True,True,True,False,True,1.3347356407226165,0.317417531692509,1.0241975768270732,0.0,True,False
run-03,outer-context-04,4,4754,True,1,sealed-run03-retrospective,outer_once_8contexts_x_3banks,1534010703,55,False,0.2185230570124928,0.22406907728670192,0.05986351945984623,0.054040743308218446,-0.025379565662455705,0.09726752125780776,0.052241026646164215,1.0088919228428521,False,False,False,True,True,True,True,False,True,1.3347356407226165,0.317417531692509,1.0241975768270732,0.0,True,False
run-03,outer-context-04,4,4754,True,1,sealed-run03-retrospective,outer_once_8contexts_x_3banks,1534010703,56,False,0.20358158065607493,0.2701828009725769,0.03645030773687716,0.191256968608808,-0.32714757446065923,-4.247060463506357,0.03139603099508234,1.35297590889481,False,False,False,True,True,True,True,False,True,1.3347356407226165,0.317417531692509,1.0241975768270732,0.0,True,False
run-03,outer-context-04,4,4754,True,1,sealed-run03-retrospective,outer_once_8contexts_x_3banks,1534010703,57,False,0.22074232538461266,0.30322338888972594,0.04719512490961081,0.2308446860556474,-0.37365314223904067,-3.891282447027452,0.00886384414066671,1.432722746679299,False,False,False,True,True,True,True,False,True,1.3347356407226165,0.317417531692509,1.0241975768270732,0.0,True,False
run-03,outer-context-04,4,4754,True,1,sealed-run03-retrospective,outer_once_8contexts_x_3banks,1534010703,58,False,0.22594106275264428,0.2464140065482839,0.05145332732724317,0.15989293028653548,-0.09061187703650397,-2.1075333431716947,0.021419474137596765,1.2766930626914297,False,False,False,True,True,True,True,False,True,1.3347356407226165,0.317417531692509,1.0241975768270732,0.0,True,False
run-03,outer-context-04,4,4754,True,1,sealed-run03-retrospective,outer_once_8contexts_x_3banks,1534010703,59,False,0.22783551510905764,0.2317918114634936,0.05518828926235929,0.11321309080722941,-0.01736470432426743,-1.0513969960008427,0.04743614902665385,1.1280754193443165,False,False,False,True,True,True,True,False,True,1.3347356407226165,0.317417531692509,1.0241975768270732,0.0,True,False
run-03,outer-context-04,4,4754,True,1,sealed-run03-retrospective,outer_once_8contexts_x_3banks,1534010703,60,False,0.2503902225192365,0.23190130183568766,0.07605369503058444,0.13254311276223554,0.07384042594605862,-0.7427570443347202,0.07401981634807892,1.2410074976912207,False,False,False,True,True,True,True,False,True,1.3347356407226165,0.317417531692509,1.0241975768270732,0.0,True,False
run-03,outer-context-04,4,4754,True,1,sealed-run03-retrospective,outer_once_8contexts_x_3banks,1534010703,61,False,0.2694695469324381,0.23298784256923294,0.10192475473359251,0.12801142602057877,0.13538340335114712,-0.2559404862456694,0.04397007188272015,1.2969574385339622,False,True,False,True,True,True,True,False,True,1.3347356407226165,0.317417531692509,1.0241975768270732,0.0,True,False
run-03,outer-context-04,4,4754,True,1,sealed-run03-retrospective,outer_once_8contexts_x_3banks,1534010703,62,False,0.23721896250061744,0.22136618365064914,0.06126020152425797,0.04475458371267494,0.06682762070476149,0.2694345986610425,0.036195926847267565,1.048806940018274,True,False,True,True,True,True,True,False,True,1.3347356407226165,0.317417531692509,1.0241975768270732,0.0,True,False
run-03,outer-context-04,4,4754,True,1,sealed-run03-retrospective,outer_once_8contexts_x_3banks,1534010703,63,False,0.30659127951785625,0.2793869557037606,0.2093474039627556,0.06468676264446359,0.08873156424043445,0.691007572007094,0.04373616885734995,1.028935570951265,True,False,True,True,True,True,True,False,True,1.3347356407226165,0.317417531692509,1.0241975768270732,0.0,True,False
run-03,outer-context-04,4,4754,True,2,sealed-run03-retrospective,outer_once_8contexts_x_3banks,1509572448,0,False,0.24910224947012888,0.22152476109053817,0.17120595976990194,0.169747252613599,0.11070750440131076,0.008520189123459402,0.009328244224182925,1.3591711862290006,True,True,False,True,True,True,True,False,True,1.3256219310260469,0.309486098530529,1.025287824998581,0.0,True,False
run-03,outer-context-04,4,4754,True,2,sealed-run03-retrospective,outer_once_8contexts_x_3banks,1509572448,1,True,0.23402646110580552,0.2230254012074106,0.15081261346691713,0.17477514785261017,0.04700776077377524,-0.15888945781679967,0.05129028331404627,1.3736300418133467,False,False,False,True,True,True,True,False,True,1.3256219310260469,0.309486098530529,1.025287824998581,0.0,True,False
run-03,outer-context-04,4,4754,True,2,sealed-run03-retrospective,outer_once_8contexts_x_3banks,1509572448,2,False,0.23471913675004116,0.23971372503343266,0.19043246902686814,0.2005221658628697,-0.021278999030702694,-0.05298306999620951,0.05965159905900779,1.5808709141000001,False,False,False,True,True,True,True,False,True,1.3256219310260469,0.309486098530529,1.025287824998581,0.0,True,False
run-03,outer-context-04,4,4754,True,2,sealed-run03-retrospective,outer_once_8contexts_x_3banks,1509572448,3,False,0.3093635508408172,0.20773175503149757,0.2852465973524302,0.17827122934212797,0.3285189723646991,0.37502767431132983,0.015040584703136945,1.8384627925057033,True,True,True,True,True,True,True,True,True,1.3256219310260469,0.309486098530529,1.025287824998581,0.0,True,False
run-03,outer-context-04,4,4754,True,2,sealed-run03-retrospective,outer_once_8contexts_x_3banks,1509572448,4,False,0.2529627017883314,0.1892493835894687,0.21570258291507635,0.14094475100208467,0.2518684286198657,0.3465782880422177,0.03873522308305493,1.522046492531681,True,True,True,True,True,True,True,True,True,1.3256219310260469,0.309486098530529,1.025287824998581,0.0,True,False
run-03,outer-context-04,4,4754,True,2,sealed-run03-retrospective,outer_once_8contexts_x_3banks,1509572448,5,False,0.21666419918808352,0.21658137759911356,0.16248277590755386,0.1621422351475632,0.00038225784084462624,0.0020958575952961804,0.014154584614494821,1.4675215933804517,True,False,False,True,True,True,True,False,True,1.3256219310260469,0.309486098530529,1.025287824998581,0.0,True,False
run-03,outer-context-04,4,4754,True,2,sealed-run03-retrospective,outer_once_8contexts_x_3banks,1509572448,6,False,0.21886991615052848,0.2300885877770375,0.11504948596002205,0.15334756777345648,-0.051257257387503856,-0.33288355435801276,0.028116345579540125,1.3229368688235479,False,False,False,True,True,True,True,False,True,1.3256219310260469,0.309486098530529,1.025287824998581,0.0,True,False
run-03,outer-context-04,4,4754,True,2,sealed-run03-retrospective,outer_once_8contexts_x_3banks,1509572448,7,False,0.22635777217837566,0.25788048212914677,0.09302753195232773,0.1676816547908483,-0.1392605592792741,-0.8024949310358714,0.007885100678711687,1.3378427054666833,False,False,False,True,True,True,True,False,True,1.3256219310260469,0.309486098530529,1.025287824998581,0.0,True,False
run-03,outer-context-04,4,4754,True,2,sealed-run03-retrospective,outer_once_8contexts_x_3banks,1509572448,8,False,0.23525430159440822,0.19024106095706478,0.19186229717432796,0.1450423098622199,0.19133865069531789,0.24402911880892875,0.010976824376946078,1.4021104798674358,True,True,True,True,True,True,True,True,True,1.3256219310260469,0.309486098530529,1.025287824998581,0.0,True,False
run-03,outer-context-04,4,4754,True,2,sealed-run03-retrospective,outer_once_8contexts_x_3banks,1509572448,9,False,0.27726029144916925,0.2201765792284519,0.23610153594010536,0.18396475847480392,0.20588491746277568,0.2208235421159123,0.04738350622811349,1.624654473343996,True,True,True,True,True,True,True,True,True,1.3256219310260469,0.309486098530529,1.025287824998581,0.0,True,False
run-03,outer-context-04,4,4754,True,2,sealed-run03-retrospective,outer_once_8contexts_x_3banks,1509572448,10,False,0.2960172828052189,0.21042150662369186,0.269949082446311,0.173560635971394,0.28915803621455965,0.35706158213776207,0.019441088748189055,1.795219371792224,True,True,True,True,True,True,True,True,True,1.3256219310260469,0.309486098530529,1.025287824998581,0.0,True,False
run-03,outer-context-04,4,4754,True,2,sealed-run03-retrospective,outer_once_8contexts_x_3banks,1509572448,11,False,0.3683087275948968,0.17527364838260917,0.3502253974047435,0.1486529054276032,0.5241121503496032,0.5755507552303235,0.014335541508350366,1.9368831184303232,True,True,True,True,True,True,True,True,True,1.3256219310260469,0.309486098530529,1.025287824998581,0.0,True,False
run-03,outer-context-04,4,4754,True,2,sealed-run03-retrospective,outer_once_8contexts_x_3banks,1509572448,12,False,0.27902667564495404,0.2018166433637213,0.2491925606696967,0.1653053300700989,0.2767120100713174,0.33663617555096215,0.006555914721812633,1.7395048471682872,True,True,True,True,True,True,True,True,True,1.3256219310260469,0.309486098530529,1.025287824998581,0.0,True,False
run-03,outer-context-04,4,4754,True,2,sealed-run03-retrospective,outer_once_8contexts_x_3banks,1509572448,13,True,0.2259503144637354,0.28704986249353265,0.18625433457719345,0.2549531199906371,-0.2704114317114775,-0.368843955064956,0.047771372425886256,1.9560086084648203,False,False,False,True,False,True,True,False,True,1.3256219310260469,0.309486098530529,1.025287824998581,0.0,True,False
run-03,outer-context-04,4,4754,True,2,sealed-run03-retrospective,outer_once_8contexts_x_3banks,1509572448,14,False,0.22285626295858052,0.25681095121989794,0.17151112771163451,0.2185346002792345,-0.15236138222253215,-0.27417155490144984,0.06063106968976043,1.685863817693961,False,False,False,True,True,True,True,False,True,1.3256219310260469,0.309486098530529,1.025287824998581,0.0,True,False
run-03,outer-context-04,4,4754,True,2,sealed-run03-retrospective,outer_once_8contexts_x_3banks,1509572448,15,False,0.20814529232162396,0.22122125793897668,0.13172735421622367,0.158678062641531,-0.062821337304847,-0.20459462338451842,0.029325932598746936,1.405620973313758,False,False,False,True,True,True,True,False,True,1.3256219310260469,0.309486098530529,1.025287824998581,0.0,True,False
run-03,outer-context-04,4,4754,True,2,sealed-run03-retrospective,outer_once_8contexts_x_3banks,1509572448,16,False,0.2851463059781136,0.15765830688572877,0.253441253204981,0.12352418138502168,0.44709679353927934,0.5126121741312711,0.004096810586592018,1.4786014561893632,True,True,True,True,True,True,True,True,True,1.3256219310260469,0.309486098530529,1.025287824998581,0.0,True,False
run-03,outer-context-04,4,4754,True,2,sealed-run03-retrospective,outer_once_8contexts_x_3banks,1509572448,17,False,0.3640441652545684,0.1062423479106777,0.34426839850192453,0.0639553476814919,0.7081608275842447,0.8142282359932191,0.02330551517951842,1.3507811191037347,True,True,True,True,True,True,True,True,True,1.3256219310260469,0.309486098530529,1.025287824998581,0.0,True,False
run-03,outer-context-04,4,4754,True,2,sealed-run03-retrospective,outer_once_8contexts_x_3banks,1509572448,18,False,0.38581392019697835,0.12393019154402536,0.37252055604819057,0.08255998143378887,0.678782477623533,0.7783746961252023,0.007990901892046933,1.5242084350992604,True,True,True,True,True,True,True,True,True,1.3256219310260469,0.309486098530529,1.025287824998581,0.0,True,False
run-03,outer-context-04,4,4754,True,2,sealed-run03-retrospective,outer_once_8contexts_x_3banks,1509572448,19,False,0.3910315220191753,0.142669323274509,0.37840690075842814,0.11341953118268104,0.6351462344063585,0.7002709756207983,0.007736475440097659,1.7026825901552132,True,True,True,True,True,True,True,True,True,1.3256219310260469,0.309486098530529,1.025287824998581,0.0,True,False
run-03,outer-context-04,4,4754,True,2,sealed-run03-retrospective,outer_once_8contexts_x_3banks,1509572448,20,True,0.3052576746744032,0.15519380069000716,0.28456609447867554,0.11808368917544862,0.49159738291415134,0.585039498849019,0.030198080422422634,1.5067700072205035,True,True,True,True,True,True,True,True,True,1.3256219310260469,0.309486098530529,1.025287824998581,0.0,True,False
run-03,outer-context-04,4,4754,True,2,sealed-run03-retrospective,outer_once_8contexts_x_3banks,1509572448,21,True,0.2102165873654944,0.22129351858099097,0.14292177144399115,0.1789710181792536,-0.05269294566293002,-0.25223061798803403,0.058893751910121854,1.510131712800466,False,False,False,True,True,True,True,False,True,1.3256219310260469,0.309486098530529,1.025287824998581,0.0,True,False
run-03,outer-context-04,4,4754,True,2,sealed-run03-retrospective,outer_once_8contexts_x_3banks,1509572448,22,False,0.17625331496173716,0.2698415615705935,0.09404096029146242,0.21991612196587973,-0.5309871569177207,-1.3385142100239165,0.002336670604527778,1.599486328842889,False,False,False,True,True,True,True,False,True,1.3256219310260469,0.309486098530529,1.025287824998581,0.0,True,False
run-03,outer-context-04,4,4754,True,2,sealed-run03-retrospective,outer_once_8contexts_x_3banks,1509572448,23,False,0.16710863899026118,0.245752281468826,0.060405621115452446,0.1809980357769393,-0.47061386505067543,-1.996377364136364,0.014242344773481453,1.440553326318623,False,False,False,True,True,True,True,False,True,1.3256219310260469,0.309486098530529,1.025287824998581,0.0,True,False
run-03,outer-context-04,4,4754,True,2,sealed-run03-retrospective,outer_once_8contexts_x_3banks,1509572448,24,False,0.28866048474813405,0.10604095462549197,0.27802965241565475,0.07240121586954001,0.632644715060268,0.7395917477129379,0.016212162899534744,1.3945992214123422,True,True,True,True,True,True,True,True,True,1.3256219310260469,0.309486098530529,1.025287824998581,0.0,True,False
run-03,outer-context-04,4,4754,True,2,sealed-run03-retrospective,outer_once_8contexts_x_3banks,1509572448,25,False,0.3412664591582429,0.07314611927843476,0.3298219907081264,0.040054396309733696,0.7856627356264231,0.878557532735349,0.0016316039109947774,1.2640576799361702,True,True,True,True,True,True,True,True,True,1.3256219310260469,0.309486098530529,1.025287824998581,0.0,True,False
run-03,outer-context-04,4,4754,True,2,sealed-run03-retrospective,outer_once_8contexts_x_3banks,1509572448,26,True,0.37016181833911066,0.07885644529033575,0.3563220910989747,0.03714842713308756,0.786967641221996,0.8957448104929061,0.006069676867618267,1.1592806532476725,True,True,True,True,True,True,True,True,True,1.3256219310260469,0.309486098530529,1.025287824998581,0.0,True,False
run-03,outer-context-04,4,4754,True,2,sealed-run03-retrospective,outer_once_8contexts_x_3banks,1509572448,27,True,0.3553188864781718,0.10574761512631667,0.3397399083089107,0.061499895441583664,0.7023867316076005,0.8189794783082578,0.008773848754958426,1.2428702985366362,True,True,True,True,True,True,True,True,True,1.3256219310260469,0.309486098530529,1.025287824998581,0.0,True,False
run-03,outer-context-04,4,4754,True,2,sealed-run03-retrospective,outer_once_8contexts_x_3banks,1509572448,28,True,0.3012878125554623,0.158807687493902,0.27306884311590357,0.11863716492296542,0.4729037124106437,0.5655411889205899,0.025878609411483403,1.4101877022239833,True,True,True,True,True,True,True,True,True,1.3256219310260469,0.309486098530529,1.025287824998581,0.0,True,False
run-03,outer-context-04,4,4754,True,2,sealed-run03-retrospective,outer_once_8contexts_x_3banks,1509572448,29,False,0.21410641002074082,0.18663239443176177,0.1400195739377433,0.12824630217725647,0.12831944445903137,0.08408304231608056,0.002357852341471589,1.3260135267730349,True,True,False,True,True,True,True,False,True,1.3256219310260469,0.309486098530529,1.025287824998581,0.0,True,False
run-03,outer-context-04,4,4754,True,2,sealed-run03-retrospective,outer_once_8contexts_x_3banks,1509572448,30,False,0.1743947094932193,0.2604174433401662,0.05595266869725572,0.20424802929026642,-0.49326458409732643,-2.6503715380475503,0.03182732192766384,1.4552808095488583,False,False,False,True,True,True,True,False,True,1.3256219310260469,0.309486098530529,1.025287824998581,0.0,True,False
run-03,outer-context-04,4,4754,True,2,sealed-run03-retrospective,outer_once_8contexts_x_3banks,1509572448,31,False,0.16410400758448676,0.2923123777126225,0.03315877480730903,0.22561667000634966,-0.7812628833097165,-5.804131676078034,0.04406128440162113,1.4457174095216572,False,False,False,True,True,True,True,False,True,1.3256219310260469,0.309486098530529,1.025287824998581,0.0,True,False
run-03,outer-context-04,4,4754,True,2,sealed-run03-retrospective,outer_once_8contexts_x_3banks,1509572448,32,False,0.22508980929333222,0.17956441216654132,0.16577446555551953,0.1253774246080805,0.20225436802189115,0.2436867512259279,0.03151977764780996,1.3912949019736687,True,True,True,True,True,True,True,True,True,1.3256219310260469,0.309486098530529,1.025287824998581,0.0,True,False
run-03,outer-context-04,4,4754,True,2,sealed-run03-retrospective,outer_once_8contexts_x_3banks,1509572448,33,False,0.3034641557281816,0.12740232039693714,0.2617377489237632,0.060787390914531524,0.5801734142497748,0.7677545896055018,0.008608140855678117,1.1926031850858454,True,True,True,True,True,True,True,True,True,1.3256219310260469,0.309486098530529,1.025287824998581,0.0,True,False
run-03,outer-context-04,4,4754,True,2,sealed-run03-retrospective,outer_once_8contexts_x_3banks,1509572448,34,True,0.34478003428758874,0.10976299857577998,0.3141717349135337,0.03956370836724909,0.6816434025752657,0.8740698033254398,0.008137208778544252,1.109863620951525,True,True,True,True,True,True,True,True,True,1.3256219310260469,0.309486098530529,1.025287824998581,0.0,True,False
run-03,outer-context-04,4,4754,True,2,sealed-run03-retrospective,outer_once_8contexts_x_3banks,1509572448,35,True,0.33389213132740014,0.12158722036586452,0.3043494648077216,0.06171531620552056,0.6358487997830612,0.7972221957265134,0.005677109666150807,1.2081256509349316,True,True,True,True,True,True,True,True,True,1.3256219310260469,0.309486098530529,1.025287824998581,0.0,True,False
run-03,outer-context-04,4,4754,True,2,sealed-run03-retrospective,outer_once_8contexts_x_3banks,1509572448,36,True,0.284367652307669,0.16620956653056201,0.24749534382348612,0.1059060135260749,0.4155116969818597,0.5720888648248382,0.055698484555298924,1.3161004579084665,True,True,True,True,True,True,True,True,True,1.3256219310260469,0.309486098530529,1.025287824998581,0.0,True,False
run-03,outer-context-04,4,4754,True,2,sealed-run03-retrospective,outer_once_8contexts_x_3banks,1509572448,37,True,0.22716414762637108,0.1955594451334854,0.15499781578642316,0.1367125977618151,0.13912715903069184,0.11797081095519366,0.09312775413189021,1.2612692865722834,True,True,True,True,True,True,True,True,True,1.3256219310260469,0.309486098530529,1.025287824998581,0.0,True,False
run-03,outer-context-04,4,4754,True,2,sealed-run03-retrospective,outer_once_8contexts_x_3banks,1509572448,38,True,0.20838870178673655,0.1866200016332841,0.07968242323693372,0.09593432194070765,0.1044619980200768,-0.20395838936084196,0.04614963265826364,1.1893941580856857,False,True,False,True,True,True,True,False,True,1.3256219310260469,0.309486098530529,1.025287824998581,0.0,True,False
run-03,outer-context-04,4,4754,True,2,sealed-run03-retrospective,outer_once_8contexts_x_3banks,1509572448,39,False,0.18665985598096962,0.24825515447760674,0.049976271746883724,0.16141153984921536,-0.32998685321452775,-2.229763529915178,0.05854533212958015,1.2829602375679556,False,False,False,True,True,True,True,False,True,1.3256219310260469,0.309486098530529,1.025287824998581,0.0,True,False
run-03,outer-context-04,4,4754,True,2,sealed-run03-retrospective,outer_once_8contexts_x_3banks,1509572448,40,False,0.20947579806536232,0.18989159676704534,0.1705596003301538,0.14342411758260304,0.09349147481088081,0.15909677728503324,0.011332994811300429,1.4993986527595264,True,False,True,True,True,True,True,False,True,1.3256219310260469,0.309486098530529,1.025287824998581,0.0,True,False
run-03,outer-context-04,4,4754,True,2,sealed-run03-retrospective,outer_once_8contexts_x_3banks,1509572448,41,True,0.24003563770381992,0.176623715822612,0.1522967071437914,0.06813421530094099,0.2641771133978527,0.5526218748996861,0.02162086231437847,1.130094392398092,True,True,True,True,True,True,True,True,True,1.3256219310260469,0.309486098530529,1.025287824998581,0.0,True,False
run-03,outer-context-04,4,4754,True,2,sealed-run03-retrospective,outer_once_8contexts_x_3banks,1509572448,42,True,0.26901028545645467,0.176653361628827,0.1878123085809789,0.09157058801058897,0.3433211621292365,0.5124356401214963,0.017640481258474536,1.199904114747909,True,True,True,True,True,True,True,True,True,1.3256219310260469,0.309486098530529,1.025287824998581,0.0,True,False
run-03,outer-context-04,4,4754,True,2,sealed-run03-retrospective,outer_once_8contexts_x_3banks,1509572448,43,True,0.26896154599784095,0.1662493454305951,0.19527018859690626,0.08831918527328712,0.38188433289296436,0.5477077893564015,0.00460187535449082,1.1993250514551195,True,True,True,True,True,True,True,True,True,1.3256219310260469,0.309486098530529,1.025287824998581,0.0,True,False
run-03,outer-context-04,4,4754,True,2,sealed-run03-retrospective,outer_once_8contexts_x_3banks,1509572448,44,True,0.24676518260386687,0.17254451567628112,0.18216927070721237,0.10635449477078494,0.3007744696573847,0.41617763326438895,0.07446489186898085,1.2150809898703292,True,True,True,True,True,True,True,True,True,1.3256219310260469,0.309486098530529,1.025287824998581,0.0,True,False
run-03,outer-context-04,4,4754,True,2,sealed-run03-retrospective,outer_once_8contexts_x_3banks,1509572448,45,True,0.22771571364985602,0.18065624857269866,0.14513728487191105,0.11102937363327559,0.20665883931715712,0.2350044736522179,0.017938325941314587,1.271761307869908,True,True,True,True,True,True,True,True,True,1.3256219310260469,0.309486098530529,1.025287824998581,0.0,True,False
run-03,outer-context-04,4,4754,True,2,sealed-run03-retrospective,outer_once_8contexts_x_3banks,1509572448,46,True,0.220206908523696,0.2302390230613621,0.10738604646052968,0.1695251957849526,-0.04555767393912872,-0.5786519885268566,0.06234478856400294,1.407156867623978,False,False,False,True,True,True,True,False,True,1.3256219310260469,0.309486098530529,1.025287824998581,0.0,True,False
run-03,outer-context-04,4,4754,True,2,sealed-run03-retrospective,outer_once_8contexts_x_3banks,1509572448,47,False,0.1912258347505242,0.2897672726923821,0.038193257128438594,0.22951950375395427,-0.5153144608855618,-5.0094247259958005,0.06690489501073717,1.5047001119305634,False,False,False,True,True,True,True,False,True,1.3256219310260469,0.309486098530529,1.025287824998581,0.0,True,False
run-03,outer-context-04,4,4754,True,2,sealed-run03-retrospective,outer_once_8contexts_x_3banks,1509572448,48,False,0.20125366878813694,0.2295488468744912,0.03069600814621664,0.13502676638907024,-0.14059459515315004,-3.398837977429734,0.04079868037684752,1.2379041288016928,False,False,False,True,True,True,True,False,True,1.3256219310260469,0.309486098530529,1.025287824998581,0.0,True,False
run-03,outer-context-04,4,4754,True,2,sealed-run03-retrospective,outer_once_8contexts_x_3banks,1509572448,49,True,0.2171882477876978,0.24160763675174893,0.06937566688519098,0.152385556253816,-0.11243420955226437,-1.1965274439234892,0.029717068621145055,1.289524654397661,False,False,False,True,True,True,True,False,True,1.3256219310260469,0.309486098530529,1.025287824998581,0.0,True,False
run-03,outer-context-04,4,4754,True,2,sealed-run03-retrospective,outer_once_8contexts_x_3banks,1509572448,50,True,0.231278559008179,0.21723921136124968,0.07640481601210229,0.11860738549224376,0.06070319577887387,-0.5523548341960107,0.010542247322908259,1.2048172424450219,False,False,False,True,True,True,True,False,True,1.3256219310260469,0.309486098530529,1.025287824998581,0.0,True,False
run-03,outer-context-04,4,4754,True,2,sealed-run03-retrospective,outer_once_8contexts_x_3banks,1509572448,51,True,0.2307085878601414,0.19225048983642432,0.07590907470363775,0.08011244293599037,0.1666955633529814,-0.05537372506203381,0.07532265522717344,1.041837339061825,False,True,False,True,True,True,True,False,True,1.3256219310260469,0.309486098530529,1.025287824998581,0.0,True,False
run-03,outer-context-04,4,4754,True,2,sealed-run03-retrospective,outer_once_8contexts_x_3banks,1509572448,52,True,0.21904831017308038,0.16446779246815835,0.08597438045631597,0.03473941783208595,0.24917114248357083,0.5959329087606834,0.009120244980242062,1.08426674324612,True,True,True,True,True,True,True,True,True,1.3256219310260469,0.309486098530529,1.025287824998581,0.0,True,False
run-03,outer-context-04,4,4754,True,2,sealed-run03-retrospective,outer_once_8contexts_x_3banks,1509572448,53,True,0.21758273006553663,0.16779623885557204,0.07582532112838705,0.03833933535366382,0.22881637340872013,0.49437292472856326,0.0008211466065566617,1.029172613192747,True,True,True,True,True,True,True,True,True,1.3256219310260469,0.309486098530529,1.025287824998581,0.0,True,False
run-03,outer-context-04,4,4754,True,2,sealed-run03-retrospective,outer_once_8contexts_x_3banks,1509572448,54,False,0.20773071191454145,0.20145404590758934,0.04643167353038058,0.09489467255789061,0.030215397372413008,-1.0437487030442774,0.04830669883817615,1.1868926717873298,False,False,False,True,True,True,True,False,True,1.3256219310260469,0.309486098530529,1.025287824998581,0.0,True,False
run-03,outer-context-04,4,4754,True,2,sealed-run03-retrospective,outer_once_8contexts_x_3banks,1509572448,55,False,0.22619729133603256,0.21897271181175645,0.06852663436534646,0.05597291173716057,0.03193928398348265,0.18319479344711906,0.0528809936195379,1.0270228706464457,True,False,True,True,True,True,True,False,True,1.3256219310260469,0.309486098530529,1.025287824998581,0.0,True,False
run-03,outer-context-04,4,4754,True,2,sealed-run03-retrospective,outer_once_8contexts_x_3banks,1509572448,56,False,0.21250946208487123,0.2633816369219059,0.02935849463854549,0.18132536542419758,-0.23938781049061028,-5.1762487367499785,0.031047220514419556,1.3241980775674884,False,False,False,True,True,True,True,False,True,1.3256219310260469,0.309486098530529,1.025287824998581,0.0,True,False
run-03,outer-context-04,4,4754,True,2,sealed-run03-retrospective,outer_once_8contexts_x_3banks,1509572448,57,False,0.2205221478259664,0.29724093241244987,0.037847078291597704,0.22728013149384563,-0.34789605190599293,-5.005222642095025,0.009490844163019731,1.4151892713563803,False,False,False,True,True,True,True,False,True,1.3256219310260469,0.309486098530529,1.025287824998581,0.0,True,False
run-03,outer-context-04,4,4754,True,2,sealed-run03-retrospective,outer_once_8contexts_x_3banks,1509572448,58,False,0.23169522397148792,0.24703597566137733,0.045357291036684205,0.1588080355350324,-0.06621091029384887,-2.501268085137429,0.02231283044003964,1.2651414071692135,False,False,False,True,True,True,True,False,True,1.3256219310260469,0.309486098530529,1.025287824998581,0.0,True,False
run-03,outer-context-04,4,4754,True,2,sealed-run03-retrospective,outer_once_8contexts_x_3banks,1509572448,59,False,0.22620590349393913,0.2281528212337616,0.051154024233621975,0.10981902833025375,-0.008606838768355303,-1.146830674136348,0.04815937282383256,1.11137375516805,False,False,False,True,True,True,True,False,True,1.3256219310260469,0.309486098530529,1.025287824998581,0.0,True,False
run-03,outer-context-04,4,4754,True,2,sealed-run03-retrospective,outer_once_8contexts_x_3banks,1509572448,60,False,0.2507794454994615,0.22823468533043148,0.0669727470605697,0.1259092829591995,0.08989875595318056,-0.8800077417360229,0.07431008203745113,1.2230633177901176,False,False,False,True,True,True,True,False,True,1.3256219310260469,0.309486098530529,1.025287824998581,0.0,True,False
run-03,outer-context-04,4,4754,True,2,sealed-run03-retrospective,outer_once_8contexts_x_3banks,1509572448,61,False,0.26800806873210803,0.2206155609730866,0.08777839009399807,0.11549517822959633,0.17683239158890177,-0.3157586748391894,0.04304954129213555,1.2634248640026253,False,True,False,True,True,True,True,False,True,1.3256219310260469,0.309486098530529,1.025287824998581,0.0,True,False
run-03,outer-context-04,4,4754,True,2,sealed-run03-retrospective,outer_once_8contexts_x_3banks,1509572448,62,False,0.24464945260877988,0.2155547519426273,0.06775711240555753,0.048256384241767536,0.11892403745810973,0.28780341238671964,0.03737537123295241,1.0408838031146925,True,True,True,True,True,True,True,True,True,1.3256219310260469,0.309486098530529,1.025287824998581,0.0,True,False
run-03,outer-context-04,4,4754,True,2,sealed-run03-retrospective,outer_once_8contexts_x_3banks,1509572448,63,False,0.32638659824384486,0.2701154778865468,0.2294059144137275,0.06806641294377401,0.17240634468470942,0.7032926848563371,0.0453161475041917,1.025067222252665,True,True,True,True,True,True,True,True,True,1.3256219310260469,0.309486098530529,1.025287824998581,0.0,True,False
run-03,outer-context-05,5,5815,True,0,sealed-run03-retrospective,outer_once_8contexts_x_3banks,882387180,0,False,0.23461278520684836,0.24616009077088974,0.15960549281988481,0.1838142203823742,-0.049218569030074794,-0.15167853646371043,0.0026106574577227366,1.3979230408541659,False,False,False,True,True,True,True,False,True,1.4044802770765163,0.3222651197489511,1.0092932465210263,0.0,True,False
run-03,outer-context-05,5,5815,True,0,sealed-run03-retrospective,outer_once_8contexts_x_3banks,882387180,1,True,0.2300445188911228,0.2565687281435588,0.1427704835806797,0.19711586361978467,-0.11530033134581914,-0.38064856737978586,0.04249987444383642,1.4294675416676075,False,False,False,True,True,True,True,False,True,1.4044802770765163,0.3222651197489511,1.0092932465210263,0.0,True,False
run-03,outer-context-05,5,5815,True,0,sealed-run03-retrospective,outer_once_8contexts_x_3banks,882387180,2,False,0.2721797892537089,0.25916914747161,0.2098277709828873,0.2085712086318477,0.04780164544095217,0.005988541674696068,0.05524748614895411,1.6124023329418957,True,False,False,True,True,True,True,False,True,1.4044802770765163,0.3222651197489511,1.0092932465210263,0.0,True,False
run-03,outer-context-05,5,5815,True,0,sealed-run03-retrospective,outer_once_8contexts_x_3banks,882387180,3,False,0.3201117066168465,0.20212148559264126,0.29251897477194483,0.1684757776927677,0.3685907718627488,0.4240517975829921,0.0038259073252656,1.7954676289492824,True,True,True,True,True,True,True,True,True,1.4044802770765163,0.3222651197489511,1.0092932465210263,0.0,True,False
run-03,outer-context-05,5,5815,True,0,sealed-run03-retrospective,outer_once_8contexts_x_3banks,882387180,4,False,0.2802450174022199,0.1894833595893854,0.24222708119011838,0.1473061677146244,0.3238653755708685,0.39186747001666905,0.04290363456743214,1.5339798463330396,True,True,True,True,True,True,True,True,True,1.4044802770765163,0.3222651197489511,1.0092932465210263,0.0,True,False
run-03,outer-context-05,5,5815,True,0,sealed-run03-retrospective,outer_once_8contexts_x_3banks,882387180,5,False,0.23253104342868436,0.20288559363028488,0.17767530508372179,0.15511072719935534,0.12749028844181629,0.12699895392741195,0.0037864675150001293,1.4613842872360365,True,True,True,True,True,True,True,True,True,1.4044802770765163,0.3222651197489511,1.0092932465210263,0.0,True,False
run-03,outer-context-05,5,5815,True,0,sealed-run03-retrospective,outer_once_8contexts_x_3banks,882387180,6,False,0.19908994002230493,0.21070869958152932,0.10806849552437181,0.1280493189069902,-0.05835935034147227,-0.18489036315039917,0.053018738961095976,1.2627157275721377,False,False,False,True,True,True,True,False,True,1.4044802770765163,0.3222651197489511,1.0092932465210263,0.0,True,False
run-03,outer-context-05,5,5815,True,0,sealed-run03-retrospective,outer_once_8contexts_x_3banks,882387180,7,False,0.20684541101288295,0.2411349653006715,0.07852485953965815,0.15271259401510742,-0.1657738217148694,-0.9447674903255514,0.03199304865398913,1.310997535944857,False,False,False,True,True,True,True,False,True,1.4044802770765163,0.3222651197489511,1.0092932465210263,0.0,True,False
run-03,outer-context-05,5,5815,True,0,sealed-run03-retrospective,outer_once_8contexts_x_3banks,882387180,8,False,0.23706924869252313,0.20408738842314905,0.18577569438793123,0.15375409123896,0.13912331713739592,0.1723670217165475,0.00603297202552433,1.432651144951698,True,True,True,True,True,True,True,True,True,1.4044802770765163,0.3222651197489511,1.0092932465210263,0.0,True,False
run-03,outer-context-05,5,5815,True,0,sealed-run03-retrospective,outer_once_8contexts_x_3banks,882387180,9,False,0.259293221257432,0.2483509729794672,0.21511629870366664,0.2078735378539131,0.04220028670591845,0.03366904736368114,0.06206968629254973,1.680271860633733,True,False,False,True,True,True,True,False,True,1.4044802770765163,0.3222651197489511,1.0092932465210263,0.0,True,False
run-03,outer-context-05,5,5815,True,0,sealed-run03-retrospective,outer_once_8contexts_x_3banks,882387180,10,False,0.3210942566324096,0.20254974532876344,0.2875688114570394,0.16115778017233168,0.3691891363829548,0.4395853314002119,0.015884268508366755,1.7665747237171068,True,True,True,True,True,True,True,True,True,1.4044802770765163,0.3222651197489511,1.0092932465210263,0.0,True,False
run-03,outer-context-05,5,5815,True,0,sealed-run03-retrospective,outer_once_8contexts_x_3banks,882387180,11,False,0.3486953618780007,0.16931459289846626,0.3324166768498789,0.14242436552977267,0.5144340550256445,0.571548675356946,0.005755444636503164,1.9223712712161714,True,True,True,True,True,True,True,True,True,1.4044802770765163,0.3222651197489511,1.0092932465210263,0.0,True,False
run-03,outer-context-05,5,5815,True,0,sealed-run03-retrospective,outer_once_8contexts_x_3banks,882387180,12,False,0.2661604383361774,0.21698845976125028,0.23729245763736592,0.18829155904688624,0.18474563268046557,0.20650002565763648,0.018473871807671127,1.822037090246351,True,True,True,True,True,True,True,True,True,1.4044802770765163,0.3222651197489511,1.0092932465210263,0.0,True,False
run-03,outer-context-05,5,5815,True,0,sealed-run03-retrospective,outer_once_8contexts_x_3banks,882387180,13,True,0.2300289473227749,0.31488526251020893,0.18229962654705884,0.2849066810875216,-0.36889407257237183,-0.5628484077775978,0.06398841883534678,2.0503698289682406,False,False,False,True,False,True,False,False,True,1.4044802770765163,0.3222651197489511,1.0092932465210263,0.0,True,False
run-03,outer-context-05,5,5815,True,0,sealed-run03-retrospective,outer_once_8contexts_x_3banks,882387180,14,False,0.21608513221787684,0.2801719200654361,0.15801834162281023,0.2352545289485584,-0.2965812001491204,-0.4887798880342064,0.07634211601180196,1.7309736382794936,False,False,False,True,True,True,True,False,True,1.4044802770765163,0.3222651197489511,1.0092932465210263,0.0,True,False
run-03,outer-context-05,5,5815,True,0,sealed-run03-retrospective,outer_once_8contexts_x_3banks,882387180,15,False,0.21509232185071187,0.23987661323894727,0.11720509942105285,0.16824418610031988,-0.11522629527165233,-0.43546814030601116,0.04245764841761047,1.4463038657705831,False,False,False,True,True,True,True,False,True,1.4044802770765163,0.3222651197489511,1.0092932465210263,0.0,True,False
run-03,outer-context-05,5,5815,True,0,sealed-run03-retrospective,outer_once_8contexts_x_3banks,882387180,16,False,0.29330777264362506,0.15500402594921356,0.2584294114981889,0.11451328454763084,0.47153113416620357,0.5568875698637987,0.03618160668903527,1.4505936614457766,True,True,True,True,True,True,True,True,True,1.4044802770765163,0.3222651197489511,1.0092932465210263,0.0,True,False
run-03,outer-context-05,5,5815,True,0,sealed-run03-retrospective,outer_once_8contexts_x_3banks,882387180,17,False,0.35944192722307355,0.12409120467163139,0.33075420298877556,0.08008823759142551,0.6547670283477558,0.7578617690486509,0.014364753032170462,1.4642512743275704,True,True,True,True,True,True,True,True,True,1.4044802770765163,0.3222651197489511,1.0092932465210263,0.0,True,False
run-03,outer-context-05,5,5815,True,0,sealed-run03-retrospective,outer_once_8contexts_x_3banks,882387180,18,False,0.3704673786803109,0.11939193951632625,0.34955774600789086,0.0768209791374657,0.677726174051741,0.7802337953748805,0.006210186437794422,1.4703135139458967,True,True,True,True,True,True,True,True,True,1.4044802770765163,0.3222651197489511,1.0092932465210263,0.0,True,False
run-03,outer-context-05,5,5815,True,0,sealed-run03-retrospective,outer_once_8contexts_x_3banks,882387180,19,False,0.3735685547556815,0.13925374238976712,0.3507510919953247,0.11001663206781236,0.6272337684288207,0.6863398729795578,0.0017250507181201832,1.676015913352693,True,True,True,True,True,True,True,True,True,1.4044802770765163,0.3222651197489511,1.0092932465210263,0.0,True,False
run-03,outer-context-05,5,5815,True,0,sealed-run03-retrospective,outer_once_8contexts_x_3banks,882387180,20,True,0.31477158935185795,0.15894844488973156,0.2857621320649951,0.12277536692597223,0.4950356059229481,0.5703581645378835,0.03536861954290429,1.5291346757485211,True,True,True,True,True,True,True,True,True,1.4044802770765163,0.3222651197489511,1.0092932465210263,0.0,True,False
run-03,outer-context-05,5,5815,True,0,sealed-run03-retrospective,outer_once_8contexts_x_3banks,882387180,21,True,0.22225551154183754,0.2600034391609817,0.1572105724299316,0.2170116164736873,-0.16984023189021544,-0.3803881833100562,0.07105540789628409,1.6119830713444965,False,False,False,True,True,True,True,False,True,1.4044802770765163,0.3222651197489511,1.0092932465210263,0.0,True,False
run-03,outer-context-05,5,5815,True,0,sealed-run03-retrospective,outer_once_8contexts_x_3banks,882387180,22,False,0.24061092055252545,0.3322970430604028,0.1305829103437556,0.27304948230356774,-0.3810555327137043,-1.0910047232426752,0.0021347153921287246,1.7434537804694903,False,False,False,True,False,True,True,False,True,1.4044802770765163,0.3222651197489511,1.0092932465210263,0.0,True,False
run-03,outer-context-05,5,5815,True,0,sealed-run03-retrospective,outer_once_8contexts_x_3banks,882387180,23,False,0.2429846749520728,0.3021648182322744,0.09800465143421676,0.22835924970201446,-0.24355504433304093,-1.330085831235215,0.0279246199020334,1.574418485160561,False,False,False,True,True,True,True,False,True,1.4044802770765163,0.3222651197489511,1.0092932465210263,0.0,True,False
run-03,outer-context-05,5,5815,True,0,sealed-run03-retrospective,outer_once_8contexts_x_3banks,882387180,24,False,0.290539054949688,0.12507105791427672,0.2739453047431828,0.09056511453571882,0.5695206693092087,0.6694043921628026,0.04730756252084963,1.4728199591152364,True,True,True,True,True,True,True,True,True,1.4044802770765163,0.3222651197489511,1.0092932465210263,0.0,True,False
run-03,outer-context-05,5,5815,True,0,sealed-run03-retrospective,outer_once_8contexts_x_3banks,882387180,25,False,0.3473388682218654,0.07679289135107253,0.3328992176383793,0.04358944055028668,0.7789107457388832,0.8690611505202248,0.013835345871986725,1.2766273165359914,True,True,True,True,True,True,True,True,True,1.4044802770765163,0.3222651197489511,1.0092932465210263,0.0,True,False
run-03,outer-context-05,5,5815,True,0,sealed-run03-retrospective,outer_once_8contexts_x_3banks,882387180,26,True,0.3638853004266329,0.07507782381084852,0.3463214152019496,0.03441407094550293,0.7936772281737559,0.9006296768409914,0.009292281958407755,1.1412756212170552,True,True,True,True,True,True,True,True,True,1.4044802770765163,0.3222651197489511,1.0092932465210263,0.0,True,False
run-03,outer-context-05,5,5815,True,0,sealed-run03-retrospective,outer_once_8contexts_x_3banks,882387180,27,True,0.35315760858028167,0.09962843745061462,0.3307073532843733,0.055929795276591344,0.7178924224480738,0.8308782834093874,0.011150794827212637,1.2235738718210019,True,True,True,True,True,True,True,True,True,1.4044802770765163,0.3222651197489511,1.0092932465210263,0.0,True,False
run-03,outer-context-05,5,5815,True,0,sealed-run03-retrospective,outer_once_8contexts_x_3banks,882387180,28,True,0.3136974322751049,0.16715709886360175,0.27592787716562794,0.12795759185479968,0.4671390911577207,0.5362643558555988,0.03693621114066554,1.4412184935362822,True,True,True,True,True,True,True,True,True,1.4044802770765163,0.3222651197489511,1.0092932465210263,0.0,True,False
run-03,outer-context-05,5,5815,True,0,sealed-run03-retrospective,outer_once_8contexts_x_3banks,882387180,29,False,0.24517770531098376,0.21979705695930996,0.15821312229068987,0.16501870614290065,0.1035193975711656,-0.04301529325555353,0.007290446229591404,1.41519710262342,False,True,False,True,True,True,True,False,True,1.4044802770765163,0.3222651197489511,1.0092932465210263,0.0,True,False
run-03,outer-context-05,5,5815,True,0,sealed-run03-retrospective,outer_once_8contexts_x_3banks,882387180,30,False,0.23963452231127969,0.31688120692124383,0.08533746433611504,0.2490309915244218,-0.32235207124966114,-1.9181906617657871,0.030447817464766703,1.5534681188684385,False,False,False,True,True,True,True,False,True,1.4044802770765163,0.3222651197489511,1.0092932465210263,0.0,True,False
run-03,outer-context-05,5,5815,True,0,sealed-run03-retrospective,outer_once_8contexts_x_3banks,882387180,31,False,0.24707145497104324,0.35003555485147797,0.05602718505814039,0.2750822909479595,-0.41673814521593405,-3.909800316801599,0.04924345453669015,1.5461853540945463,False,False,False,False,False,True,True,False,True,1.4044802770765163,0.3222651197489511,1.0092932465210263,0.0,True,False
run-03,outer-context-05,5,5815,True,0,sealed-run03-retrospective,outer_once_8contexts_x_3banks,882387180,32,False,0.2449689356150631,0.18716652498223324,0.1991935012276206,0.1423370355329869,0.2359581245993527,0.28543333665119525,0.04152802714807648,1.4380748320273424,True,True,True,True,True,True,True,True,True,1.4044802770765163,0.3222651197489511,1.0092932465210263,0.0,True,False
run-03,outer-context-05,5,5815,True,0,sealed-run03-retrospective,outer_once_8contexts_x_3banks,882387180,33,False,0.2667455709351252,0.13016114902588108,0.24067903251992886,0.0591359547006498,0.5120400741066573,0.7542953614135324,0.020445722302695372,1.187734196165019,True,True,True,True,True,True,True,True,True,1.4044802770765163,0.3222651197489511,1.0092932465210263,0.0,True,False
run-03,outer-context-05,5,5815,True,0,sealed-run03-retrospective,outer_once_8contexts_x_3banks,882387180,34,True,0.3109641932579021,0.1032112975036503,0.28737511462799303,0.030967801637258745,0.6680926623019561,0.8922390977473934,0.014304879073056201,1.0760345836707021,True,True,True,True,True,True,True,True,True,1.4044802770765163,0.3222651197489511,1.0092932465210263,0.0,True,False
run-03,outer-context-05,5,5815,True,0,sealed-run03-retrospective,outer_once_8contexts_x_3banks,882387180,35,True,0.3247754672141331,0.1215480569533966,0.2893718725899721,0.06847502861854035,0.6257474186827765,0.7633666741495411,0.008727919962626165,1.2404601926711085,True,True,True,True,True,True,True,True,True,1.4044802770765163,0.3222651197489511,1.0092932465210263,0.0,True,False
run-03,outer-context-05,5,5815,True,0,sealed-run03-retrospective,outer_once_8contexts_x_3banks,882387180,36,True,0.29893265569283883,0.18212008122553264,0.2420215710176127,0.1335964277440917,0.39076551939957405,0.44799784919018876,0.06492229908403896,1.3933202635303368,True,True,True,True,True,True,True,True,True,1.4044802770765163,0.3222651197489511,1.0092932465210263,0.0,True,False
run-03,outer-context-05,5,5815,True,0,sealed-run03-retrospective,outer_once_8contexts_x_3banks,882387180,37,True,0.2600323391407509,0.21954082422334206,0.16129485947595698,0.16350058339865917,0.15571722752334857,-0.013675103657168789,0.08961800323695081,1.339276338006868,False,True,False,True,True,True,True,False,True,1.4044802770765163,0.3222651197489511,1.0092932465210263,0.0,True,False
run-03,outer-context-05,5,5815,True,0,sealed-run03-retrospective,outer_once_8contexts_x_3banks,882387180,38,True,0.22969464410251356,0.19835793684681036,0.08504388701872725,0.1092444841495933,0.13642767935728406,-0.28456598092155533,0.04653576205210888,1.2048804031440254,False,True,False,True,True,True,True,False,True,1.4044802770765163,0.3222651197489511,1.0092932465210263,0.0,True,False
run-03,outer-context-05,5,5815,True,0,sealed-run03-retrospective,outer_once_8contexts_x_3banks,882387180,39,False,0.22835492384155984,0.28962848861885016,0.022145013438232646,0.19124725478336962,-0.2683260064924369,-7.6361318008137875,0.05163651298105759,1.3345496327638084,False,False,False,True,True,True,True,False,True,1.4044802770765163,0.3222651197489511,1.0092932465210263,0.0,True,False
run-03,outer-context-05,5,5815,True,0,sealed-run03-retrospective,outer_once_8contexts_x_3banks,882387180,40,False,0.21283670577759256,0.18854917959138517,0.1706871940891047,0.15168081098812333,0.11411342840265092,0.11135213278542372,0.005239431187442432,1.5031389829666297,True,True,True,True,True,True,True,True,True,1.4044802770765163,0.3222651197489511,1.0092932465210263,0.0,True,False
run-03,outer-context-05,5,5815,True,0,sealed-run03-retrospective,outer_once_8contexts_x_3banks,882387180,41,True,0.21713938131986993,0.17354098304853385,0.13333172987563335,0.0723572761568399,0.20078531128865515,0.4573139025171881,0.007206577861295394,1.1412742172698196,True,True,True,True,True,True,True,True,True,1.4044802770765163,0.3222651197489511,1.0092932465210263,0.0,True,False
run-03,outer-context-05,5,5815,True,0,sealed-run03-retrospective,outer_once_8contexts_x_3banks,882387180,42,True,0.24828166511340644,0.17003166211852425,0.17519902050384856,0.09136838049505949,0.31516625667521725,0.4784880632762874,0.028340676153012154,1.1931155753532514,True,True,True,True,True,True,True,True,True,1.4044802770765163,0.3222651197489511,1.0092932465210263,0.0,True,False
run-03,outer-context-05,5,5815,True,0,sealed-run03-retrospective,outer_once_8contexts_x_3banks,882387180,43,True,0.2789012013309062,0.16898297099271817,0.20525838508141403,0.09774871858268352,0.3941117134442674,0.523777220872549,0.004465356867756126,1.2355598973342317,True,True,True,True,True,True,True,True,True,1.4044802770765163,0.3222651197489511,1.0092932465210263,0.0,True,False
run-03,outer-context-05,5,5815,True,0,sealed-run03-retrospective,outer_once_8contexts_x_3banks,882387180,44,True,0.281755858690001,0.19119336528047914,0.19670353496435622,0.12920665985561117,0.32142186441334064,0.34314012262654997,0.07233015881506183,1.2847706831083254,True,True,True,True,True,True,True,True,True,1.4044802770765163,0.3222651197489511,1.0092932465210263,0.0,True,False
run-03,outer-context-05,5,5815,True,0,sealed-run03-retrospective,outer_once_8contexts_x_3banks,882387180,45,True,0.2592736317816531,0.20348657994055783,0.14815927655365235,0.137226429265462,0.21516670036109278,0.07379117624289483,0.013901654388018714,1.3268119152384676,True,True,False,True,True,True,True,False,True,1.4044802770765163,0.3222651197489511,1.0092932465210263,0.0,True,False
run-03,outer-context-05,5,5815,True,0,sealed-run03-retrospective,outer_once_8contexts_x_3banks,882387180,46,True,0.21844704423275232,0.23716458621883627,0.0914784366414018,0.1743940657649563,-0.08568457427210897,-0.9063953448241168,0.05526227203814714,1.4250607624057794,False,False,False,True,True,True,True,False,True,1.4044802770765163,0.3222651197489511,1.0092932465210263,0.0,True,False
run-03,outer-context-05,5,5815,True,0,sealed-run03-retrospective,outer_once_8contexts_x_3banks,882387180,47,False,0.18368388885078762,0.2949781175201403,0.02373698320888749,0.2308932469534777,-0.6059008733191651,-8.727152137303941,0.05020100070373486,1.524729180253419,False,False,False,True,True,True,True,False,True,1.4044802770765163,0.3222651197489511,1.0092932465210263,0.0,True,False
run-03,outer-context-05,5,5815,True,0,sealed-run03-retrospective,outer_once_8contexts_x_3banks,882387180,48,False,0.1917810192413908,0.25496653232590344,0.03771872042668528,0.1652324609604013,-0.3294669792373058,-3.3806486299440444,0.06599213155709947,1.2911882092873042,False,False,False,True,True,True,True,False,True,1.4044802770765163,0.3222651197489511,1.0092932465210263,0.0,True,False
run-03,outer-context-05,5,5815,True,0,sealed-run03-retrospective,outer_once_8contexts_x_3banks,882387180,49,True,0.20089390761375725,0.24926872136657477,0.05733359410169708,0.16510781054354032,-0.24079781376856849,-1.8797742951658616,0.04911043327607614,1.2998252397416168,False,False,False,True,True,True,True,False,True,1.4044802770765163,0.3222651197489511,1.0092932465210263,0.0,True,False
run-03,outer-context-05,5,5815,True,0,sealed-run03-retrospective,outer_once_8contexts_x_3banks,882387180,50,True,0.21175523426323292,0.21824771104865975,0.07792730919194363,0.12921408314285848,-0.030660289498941187,-0.6581360819810912,0.018543415362302997,1.213634493149802,False,False,False,True,True,True,True,False,True,1.4044802770765163,0.3222651197489511,1.0092932465210263,0.0,True,False
run-03,outer-context-05,5,5815,True,0,sealed-run03-retrospective,outer_once_8contexts_x_3banks,882387180,51,True,0.23811799317749033,0.19558164328808847,0.10204173293499913,0.08609761497915445,0.17863559709112686,0.1562509524020052,0.08232171844148276,1.069078338417117,True,True,True,True,True,True,True,True,True,1.4044802770765163,0.3222651197489511,1.0092932465210263,0.0,True,False
run-03,outer-context-05,5,5815,True,0,sealed-run03-retrospective,outer_once_8contexts_x_3banks,882387180,52,True,0.2541100528134551,0.1734937068028032,0.11744631944180528,0.03123003791367342,0.31724973143755636,0.7340909611974011,0.015209939470238189,1.0440752937515476,True,True,True,True,True,True,True,True,True,1.4044802770765163,0.3222651197489511,1.0092932465210263,0.0,True,False
run-03,outer-context-05,5,5815,True,0,sealed-run03-retrospective,outer_once_8contexts_x_3banks,882387180,53,True,0.24425675032642585,0.18295217958464963,0.08199272208979647,0.045389402169796055,0.25098414131788993,0.4464215723916731,0.0009886815843470757,1.0366926036469175,True,True,True,True,True,True,True,True,True,1.4044802770765163,0.3222651197489511,1.0092932465210263,0.0,True,False
run-03,outer-context-05,5,5815,True,0,sealed-run03-retrospective,outer_once_8contexts_x_3banks,882387180,54,False,0.1901197729704354,0.2012466138444451,0.034368633185065584,0.07335328495782126,-0.058525426893603426,-1.1343090533404139,0.024333078475218498,1.1658186666537957,False,False,False,True,True,True,True,False,True,1.4044802770765163,0.3222651197489511,1.0092932465210263,0.0,True,False
run-03,outer-context-05,5,5815,True,0,sealed-run03-retrospective,outer_once_8contexts_x_3banks,882387180,55,False,0.21382011332229495,0.2208991095659108,0.07942610790715252,0.027291558357103764,-0.03310725138820572,0.6563905864680285,0.015136667771448035,1.0198413708093699,False,False,True,True,True,True,True,False,True,1.4044802770765163,0.3222651197489511,1.0092932465210263,0.0,True,False
run-03,outer-context-05,5,5815,True,0,sealed-run03-retrospective,outer_once_8contexts_x_3banks,882387180,56,False,0.19735001839093114,0.2922244206787103,0.03873080548541857,0.21721209510894945,-0.4807417960298449,-4.608251426393024,0.059868695344395394,1.3978653435958013,False,False,False,True,True,True,True,False,True,1.4044802770765163,0.3222651197489511,1.0092932465210263,0.0,True,False
run-03,outer-context-05,5,5815,True,0,sealed-run03-retrospective,outer_once_8contexts_x_3banks,882387180,57,False,0.20389429170777368,0.31892033945084464,0.044364916971330694,0.2502809106866559,-0.5641455029448746,-4.641415058849121,0.020304530581481274,1.4634435770057297,False,False,False,True,False,True,True,False,True,1.4044802770765163,0.3222651197489511,1.0092932465210263,0.0,True,False
run-03,outer-context-05,5,5815,True,0,sealed-run03-retrospective,outer_once_8contexts_x_3banks,882387180,58,False,0.2014228915523456,0.27274234181707535,0.0472760559126788,0.18891214336340112,-0.3540781770884036,-2.995937049239707,0.015089489142477293,1.316010052415399,False,False,False,True,True,True,True,False,True,1.4044802770765163,0.3222651197489511,1.0092932465210263,0.0,True,False
run-03,outer-context-05,5,5815,True,0,sealed-run03-retrospective,outer_once_8contexts_x_3banks,882387180,59,False,0.21578768663939732,0.2558801740498556,0.05492188385217991,0.15344989651929283,-0.18579599250932605,-1.7939663710789162,0.050861721663204414,1.1909691557633113,False,False,False,True,True,True,True,False,True,1.4044802770765163,0.3222651197489511,1.0092932465210263,0.0,True,False
run-03,outer-context-05,5,5815,True,0,sealed-run03-retrospective,outer_once_8contexts_x_3banks,882387180,60,False,0.25786967626205015,0.24757870285615527,0.08604209884942751,0.1274681210671353,0.03990765240437606,-0.4814622466404817,0.09052955657946361,1.1172064341447363,False,False,False,True,True,True,True,False,True,1.4044802770765163,0.3222651197489511,1.0092932465210263,0.0,True,False
run-03,outer-context-05,5,5815,True,0,sealed-run03-retrospective,outer_once_8contexts_x_3banks,882387180,61,False,0.27901827259956524,0.24973008525665977,0.12281559023541956,0.12429158302603517,0.1049687071388998,-0.012017959509752364,0.05672781809466758,1.2515839124510917,False,True,False,True,True,True,True,False,True,1.4044802770765163,0.3222651197489511,1.0092932465210263,0.0,True,False
run-03,outer-context-05,5,5815,True,0,sealed-run03-retrospective,outer_once_8contexts_x_3banks,882387180,62,False,0.23049561711644295,0.21617044991859155,0.08936917697199831,0.02183335862333938,0.06214941254442396,0.7556947555846873,0.007703739368758935,1.059971275914679,True,False,True,True,True,True,True,False,True,1.4044802770765163,0.3222651197489511,1.0092932465210263,0.0,True,False
run-03,outer-context-05,5,5815,True,0,sealed-run03-retrospective,outer_once_8contexts_x_3banks,882387180,63,False,0.3201879476664379,0.28515316808288177,0.23088958448394542,0.07501150862153742,0.10941942018396733,0.6751195650977784,0.009853789246524506,1.006372147154017,True,True,True,True,True,True,True,True,True,1.4044802770765163,0.3222651197489511,1.0092932465210263,0.0,True,False
run-03,outer-context-05,5,5815,True,1,sealed-run03-retrospective,outer_once_8contexts_x_3banks,1757065770,0,False,0.24157501192709646,0.23093667721063216,0.16187809122809813,0.16430005002588557,0.044037397045331765,-0.014961621918155256,0.003407197762429448,1.335440537797696,False,False,False,True,True,True,True,False,True,1.3512624505926933,0.31282395700402765,0.9969840391087043,0.0,True,False
run-03,outer-context-05,5,5815,True,1,sealed-run03-retrospective,outer_once_8contexts_x_3banks,1757065770,1,True,0.23729311121600694,0.24476426417033662,0.15322795706058298,0.17587350065703833,-0.031484912967105566,-0.14778989442182405,0.041562753582421126,1.3837184574220784,False,False,False,True,True,True,True,False,True,1.3512624505926933,0.31282395700402765,0.9969840391087043,0.0,True,False
run-03,outer-context-05,5,5815,True,1,sealed-run03-retrospective,outer_once_8contexts_x_3banks,1757065770,2,False,0.2782609096518316,0.25245215744539334,0.2208625691783675,0.19942393005519646,0.09275018988017732,0.09706777931147446,0.05548910442221667,1.5776372571342916,True,False,False,True,True,True,True,False,True,1.3512624505926933,0.31282395700402765,0.9969840391087043,0.0,True,False
run-03,outer-context-05,5,5815,True,1,sealed-run03-retrospective,outer_once_8contexts_x_3banks,1757065770,3,False,0.3469959849629073,0.21847951726729792,0.32218761551719893,0.18966222409108022,0.37036874564801475,0.411329874406809,0.0016778309099815497,1.901641649034952,True,True,True,True,True,True,True,True,True,1.3512624505926933,0.31282395700402765,0.9969840391087043,0.0,True,False
run-03,outer-context-05,5,5815,True,1,sealed-run03-retrospective,outer_once_8contexts_x_3banks,1757065770,4,False,0.26544614603904415,0.17733441755596063,0.2307768293428068,0.13394983707608368,0.33193824735403493,0.4195698179165627,0.04012467669901483,1.4878344836476738,True,True,True,True,True,True,True,True,True,1.3512624505926933,0.31282395700402765,0.9969840391087043,0.0,True,False
run-03,outer-context-05,5,5815,True,1,sealed-run03-retrospective,outer_once_8contexts_x_3banks,1757065770,5,False,0.2186934227411623,0.20126266020061884,0.16615725260775982,0.15454926251733003,0.07970410048030518,0.06986147103570774,0.002753479534508073,1.4395495201845037,True,False,False,True,True,True,True,False,True,1.3512624505926933,0.31282395700402765,0.9969840391087043,0.0,True,False
run-03,outer-context-05,5,5815,True,1,sealed-run03-retrospective,outer_once_8contexts_x_3banks,1757065770,6,False,0.219137024040672,0.22295139923507412,0.13315499087754,0.14461971189243586,-0.017406347517497377,-0.0861005730189995,0.051299720545192454,1.3074217194206026,False,False,False,True,True,True,True,False,True,1.3512624505926933,0.31282395700402765,0.9969840391087043,0.0,True,False
run-03,outer-context-05,5,5815,True,1,sealed-run03-retrospective,outer_once_8contexts_x_3banks,1757065770,7,False,0.2138809532511396,0.24651296903620945,0.09536145618840175,0.162619572031938,-0.15257092924377075,-0.7052966526712545,0.031005603434110303,1.328808618549387,False,False,False,True,True,True,True,False,True,1.3512624505926933,0.31282395700402765,0.9969840391087043,0.0,True,False
run-03,outer-context-05,5,5815,True,1,sealed-run03-retrospective,outer_once_8contexts_x_3banks,1757065770,8,False,0.2359889028541676,0.19402652418563188,0.17973067703667953,0.13662375257244805,0.17781505045797394,0.23984177423108574,0.00712911379037759,1.367600606395728,True,True,True,True,True,True,True,True,True,1.3512624505926933,0.31282395700402765,0.9969840391087043,0.0,True,False
run-03,outer-context-05,5,5815,True,1,sealed-run03-retrospective,outer_once_8contexts_x_3banks,1757065770,9,False,0.2746615451477028,0.2340281570492879,0.23286904762921462,0.19129595730928728,0.14793985112318428,0.1785256166209003,0.059606110840090105,1.6309439469078524,True,True,True,True,True,True,True,True,True,1.3512624505926933,0.31282395700402765,0.9969840391087043,0.0,True,False
run-03,outer-context-05,5,5815,True,1,sealed-run03-retrospective,outer_once_8contexts_x_3banks,1757065770,10,False,0.33455968074504866,0.19868447131612843,0.30154354404273587,0.1604914567157051,0.4061314535162532,0.4677668950758247,0.016614146072541202,1.7482450561681422,True,True,True,True,True,True,True,True,True,1.3512624505926933,0.31282395700402765,0.9969840391087043,0.0,True,False
run-03,outer-context-05,5,5815,True,1,sealed-run03-retrospective,outer_once_8contexts_x_3banks,1757065770,11,False,0.3773973025293787,0.17004562413957572,0.3621686705132422,0.14641963048509124,0.5494254383910483,0.5957142557980105,0.003959956428916046,1.9139340240186584,True,True,True,True,True,True,True,True,True,1.3512624505926933,0.31282395700402765,0.9969840391087043,0.0,True,False
run-03,outer-context-05,5,5815,True,1,sealed-run03-retrospective,outer_once_8contexts_x_3banks,1757065770,12,False,0.2862516819087136,0.20387893078003644,0.25818708214044495,0.17577328191240632,0.28776337864434287,0.31920187309451964,0.018980508630006138,1.7640097735222136,True,True,True,True,True,True,True,True,True,1.3512624505926933,0.31282395700402765,0.9969840391087043,0.0,True,False
run-03,outer-context-05,5,5815,True,1,sealed-run03-retrospective,outer_once_8contexts_x_3banks,1757065770,13,True,0.23292447326159157,0.2938841106471519,0.19091675384706885,0.26721806034127826,-0.2617141794159952,-0.3996574682771397,0.062089435071254744,1.9792142011371505,False,False,False,True,False,True,True,False,True,1.3512624505926933,0.31282395700402765,0.9969840391087043,0.0,True,False
run-03,outer-context-05,5,5815,True,1,sealed-run03-retrospective,outer_once_8contexts_x_3banks,1757065770,14,False,0.24614884863730435,0.2774410051883288,0.19775654398725437,0.23322810743162392,-0.1271269669724633,-0.17936985916711679,0.07383126620142344,1.7207448518396717,False,False,False,True,True,True,True,False,True,1.3512624505926933,0.31282395700402765,0.9969840391087043,0.0,True,False
run-03,outer-context-05,5,5815,True,1,sealed-run03-retrospective,outer_once_8contexts_x_3banks,1757065770,15,False,0.24269804843064502,0.2403407141330722,0.15565120302973603,0.17057503266338234,0.009713033593867004,-0.09587995044789478,0.04122324753015024,1.4544107357177454,False,False,False,True,True,True,True,False,True,1.3512624505926933,0.31282395700402765,0.9969840391087043,0.0,True,False
run-03,outer-context-05,5,5815,True,1,sealed-run03-retrospective,outer_once_8contexts_x_3banks,1757065770,16,False,0.25986471052089877,0.15202718273093885,0.22073908739520862,0.10788881228087374,0.4149756524223686,0.5112382969686248,0.036596028756164516,1.4183095593235826,True,True,True,True,True,True,True,True,True,1.3512624505926933,0.31282395700402765,0.9969840391087043,0.0,True,False
run-03,outer-context-05,5,5815,True,1,sealed-run03-retrospective,outer_once_8contexts_x_3banks,1757065770,17,False,0.38119224626971604,0.1217152286657632,0.35585965903831673,0.07991575442301371,0.680698571765695,0.7754290142384224,0.012837335145874736,1.4556246045593149,True,True,True,True,True,True,True,True,True,1.3512624505926933,0.31282395700402765,0.9969840391087043,0.0,True,False
run-03,outer-context-05,5,5815,True,1,sealed-run03-retrospective,outer_once_8contexts_x_3banks,1757065770,18,False,0.4132910043380073,0.11854225323764939,0.39380479575263494,0.07429963451006505,0.7131748526016782,0.8113287717381286,0.006055409391565776,1.464403847876936,True,True,True,True,True,True,True,True,True,1.3512624505926933,0.31282395700402765,0.9969840391087043,0.0,True,False
run-03,outer-context-05,5,5815,True,1,sealed-run03-retrospective,outer_once_8contexts_x_3banks,1757065770,19,False,0.40822503276115535,0.14301571850708208,0.3877703915542192,0.1142251020944527,0.6496645060207322,0.7054310886485479,0.00151287773878032,1.7042445597506253,True,True,True,True,True,True,True,True,True,1.3512624505926933,0.31282395700402765,0.9969840391087043,0.0,True,False
run-03,outer-context-05,5,5815,True,1,sealed-run03-retrospective,outer_once_8contexts_x_3banks,1757065770,20,True,0.3212517876829555,0.15605713207871041,0.29194911992823236,0.12250355035896136,0.5142217473581073,0.5803941783106745,0.034168061327704904,1.517088893762681,True,True,True,True,True,True,True,True,True,1.3512624505926933,0.31282395700402765,0.9969840391087043,0.0,True,False
run-03,outer-context-05,5,5815,True,1,sealed-run03-retrospective,outer_once_8contexts_x_3banks,1757065770,21,True,0.2262525821127897,0.24558891409561573,0.1626794084511524,0.20050144916814566,-0.08546347538781514,-0.23249433396083477,0.06866899277785128,1.561495333346431,False,False,False,True,True,True,True,False,True,1.3512624505926933,0.31282395700402765,0.9969840391087043,0.0,True,False
run-03,outer-context-05,5,5815,True,1,sealed-run03-retrospective,outer_once_8contexts_x_3banks,1757065770,22,False,0.24586608831817933,0.31212862503636263,0.13618860895101878,0.24816040643971768,-0.2695066130162362,-0.8221818135242894,0.003338751367453745,1.6683278155090804,False,False,False,True,True,True,True,False,True,1.3512624505926933,0.31282395700402765,0.9969840391087043,0.0,True,False
run-03,outer-context-05,5,5815,True,1,sealed-run03-retrospective,outer_once_8contexts_x_3banks,1757065770,23,False,0.24320091270072744,0.28200734460492627,0.10766996861155138,0.20553156356037375,-0.15956532182900296,-0.9089033479881898,0.028146436172977053,1.5013139350499003,False,False,False,True,True,True,True,False,True,1.3512624505926933,0.31282395700402765,0.9969840391087043,0.0,True,False
run-03,outer-context-05,5,5815,True,1,sealed-run03-retrospective,outer_once_8contexts_x_3banks,1757065770,24,False,0.32016398616203423,0.11872530369950864,0.3044158841272149,0.0799126087290598,0.6291734585056609,0.7374887024762989,0.04701657133518139,1.4376616731428018,True,True,True,True,True,True,True,True,True,1.3512624505926933,0.31282395700402765,0.9969840391087043,0.0,True,False
run-03,outer-context-05,5,5815,True,1,sealed-run03-retrospective,outer_once_8contexts_x_3banks,1757065770,25,False,0.36495184996588254,0.07965717088075173,0.3520798924585441,0.04628661844973462,0.7817323822630342,0.8685337633838754,0.014570101754271132,1.295569014720029,True,True,True,True,True,True,True,True,True,1.3512624505926933,0.31282395700402765,0.9969840391087043,0.0,True,False
run-03,outer-context-05,5,5815,True,1,sealed-run03-retrospective,outer_once_8contexts_x_3banks,1757065770,26,True,0.3833680757493738,0.07768522695259811,0.3687292754486454,0.03524702953600675,0.7973612518445988,0.9044094627606649,0.008901078451918816,1.1587055835263977,True,True,True,True,True,True,True,True,True,1.3512624505926933,0.31282395700402765,0.9969840391087043,0.0,True,False
run-03,outer-context-05,5,5815,True,1,sealed-run03-retrospective,outer_once_8contexts_x_3banks,1757065770,27,True,0.3614107656498738,0.10023158453333994,0.3410152986283701,0.05637127546525205,0.7226657475100176,0.8346957579557625,0.010973358863323053,1.2345845154594026,True,True,True,True,True,True,True,True,True,1.3512624505926933,0.31282395700402765,0.9969840391087043,0.0,True,False
run-03,outer-context-05,5,5815,True,1,sealed-run03-retrospective,outer_once_8contexts_x_3banks,1757065770,28,True,0.30783535460062644,0.1678273082965679,0.27300543816456047,0.12724592815151112,0.4548147060161414,0.5339069836593855,0.0355004741635057,1.430843344504092,True,True,True,True,True,True,True,True,True,1.3512624505926933,0.31282395700402765,0.9969840391087043,0.0,True,False
run-03,outer-context-05,5,5815,True,1,sealed-run03-retrospective,outer_once_8contexts_x_3banks,1757065770,29,False,0.2466066986487988,0.21270861553655007,0.16261494100263582,0.148680284779938,0.13745807919242362,0.0856911187667064,0.006397929959466477,1.3657835119017756,True,True,False,True,True,True,True,False,True,1.3512624505926933,0.31282395700402765,0.9969840391087043,0.0,True,False
run-03,outer-context-05,5,5815,True,1,sealed-run03-retrospective,outer_once_8contexts_x_3banks,1757065770,30,False,0.24267340295117407,0.29784620741394185,0.09464731194572172,0.22446758583892354,-0.22735414673304172,-1.3716213511446693,0.030572894335360017,1.4890521326827229,False,False,False,True,True,True,True,False,True,1.3512624505926933,0.31282395700402765,0.9969840391087043,0.0,True,False
run-03,outer-context-05,5,5815,True,1,sealed-run03-retrospective,outer_once_8contexts_x_3banks,1757065770,31,False,0.2502310386180158,0.3273056675843663,0.055608869527085616,0.24672185726331963,-0.30801386347601306,-3.4367357107151393,0.04873800165888227,1.473722781970869,False,False,False,True,True,True,True,False,True,1.3512624505926933,0.31282395700402765,0.9969840391087043,0.0,True,False
run-03,outer-context-05,5,5815,True,1,sealed-run03-retrospective,outer_once_8contexts_x_3banks,1757065770,32,False,0.22264059333208872,0.17137492544141766,0.17794079110269495,0.12625991177876053,0.23026199815324622,0.2904386285104681,0.04030271497984825,1.3891774474412346,True,True,True,True,True,True,True,True,True,1.3512624505926933,0.31282395700402765,0.9969840391087043,0.0,True,False
run-03,outer-context-05,5,5815,True,1,sealed-run03-retrospective,outer_once_8contexts_x_3banks,1757065770,33,False,0.274966434944619,0.12185788639707276,0.25113860469708904,0.05569768311696542,0.5568263216504364,0.778219349493698,0.020167794817765625,1.1830461666282064,True,True,True,True,True,True,True,True,True,1.3512624505926933,0.31282395700402765,0.9969840391087043,0.0,True,False
run-03,outer-context-05,5,5815,True,1,sealed-run03-retrospective,outer_once_8contexts_x_3banks,1757065770,34,True,0.32321350473498534,0.10253652175834783,0.30500501697428667,0.03246377274121292,0.6827591661356437,0.8935631516384211,0.01377445363574091,1.0844426653137165,True,True,True,True,True,True,True,True,True,1.3512624505926933,0.31282395700402765,0.9969840391087043,0.0,True,False
run-03,outer-context-05,5,5815,True,1,sealed-run03-retrospective,outer_once_8contexts_x_3banks,1757065770,35,True,0.32823199553857485,0.11759005884253014,0.29820160355266623,0.06036713256318634,0.641747116549122,0.7975626829500776,0.009086553286075723,1.2053046024738958,True,True,True,True,True,True,True,True,True,1.3512624505926933,0.31282395700402765,0.9969840391087043,0.0,True,False
run-03,outer-context-05,5,5815,True,1,sealed-run03-retrospective,outer_once_8contexts_x_3banks,1757065770,36,True,0.29928850426835624,0.17568202693850848,0.2474324354256933,0.12101581522003428,0.41300108613265124,0.5109136964527973,0.0642819889730429,1.3484905755884007,True,True,True,True,True,True,True,True,True,1.3512624505926933,0.31282395700402765,0.9969840391087043,0.0,True,False
run-03,outer-context-05,5,5815,True,1,sealed-run03-retrospective,outer_once_8contexts_x_3banks,1757065770,37,True,0.26056108813323564,0.2103546066209817,0.17098325255363303,0.14555477001791034,0.19268602949102395,0.14871914152964444,0.08862683325565295,1.292156300278678,True,True,True,True,True,True,True,True,True,1.3512624505926933,0.31282395700402765,0.9969840391087043,0.0,True,False
run-03,outer-context-05,5,5815,True,1,sealed-run03-retrospective,outer_once_8contexts_x_3banks,1757065770,38,True,0.23359975925030432,0.19553992292934688,0.10349919391016663,0.09765250416674398,0.16292754942515147,0.05649019593811861,0.04592001525214601,1.17819021205942,True,True,False,True,True,True,True,False,True,1.3512624505926933,0.31282395700402765,0.9969840391087043,0.0,True,False
run-03,outer-context-05,5,5815,True,1,sealed-run03-retrospective,outer_once_8contexts_x_3banks,1757065770,39,False,0.23084047921906756,0.2724293530124278,0.01806121042474434,0.16910939321335738,-0.18016282904131573,-8.363126237745007,0.05108479834455806,1.2801293103302078,False,False,False,True,True,True,True,False,True,1.3512624505926933,0.31282395700402765,0.9969840391087043,0.0,True,False
run-03,outer-context-05,5,5815,True,1,sealed-run03-retrospective,outer_once_8contexts_x_3banks,1757065770,40,False,0.20678467933290723,0.1704147548927526,0.16414718730743091,0.13616010065049147,0.17588307101611667,0.17049994651764874,0.005315440653296319,1.4685044152602298,True,True,True,True,True,True,True,True,True,1.3512624505926933,0.31282395700402765,0.9969840391087043,0.0,True,False
run-03,outer-context-05,5,5815,True,1,sealed-run03-retrospective,outer_once_8contexts_x_3banks,1757065770,41,True,0.22322525983940836,0.16804646972019213,0.15668917596288057,0.06306925154158131,0.24718882692269095,0.5974881407473716,0.007424822443950217,1.1187828822536554,True,True,True,True,True,True,True,True,True,1.3512624505926933,0.31282395700402765,0.9969840391087043,0.0,True,False
run-03,outer-context-05,5,5815,True,1,sealed-run03-retrospective,outer_once_8contexts_x_3banks,1757065770,42,True,0.25475562948770797,0.16584771197625006,0.19933682541849718,0.08435609650582417,0.34899294547580445,0.576816294085536,0.027340132817857663,1.1807208861657672,True,True,True,True,True,True,True,True,True,1.3512624505926933,0.31282395700402765,0.9969840391087043,0.0,True,False
run-03,outer-context-05,5,5815,True,1,sealed-run03-retrospective,outer_once_8contexts_x_3banks,1757065770,43,True,0.2843924854013492,0.15927189943414682,0.2195540419260332,0.08413065359505795,0.4399574264088793,0.6168111829915607,0.0032714445523882594,1.1949658417879303,True,True,True,True,True,True,True,True,True,1.3512624505926933,0.31282395700402765,0.9969840391087043,0.0,True,False
run-03,outer-context-05,5,5815,True,1,sealed-run03-retrospective,outer_once_8contexts_x_3banks,1757065770,44,True,0.28649270265989024,0.1796723440088403,0.2108520239715719,0.11294507324937741,0.3728554258425971,0.4643396296513368,0.0708183834312689,1.2352074154450763,True,True,True,True,True,True,True,True,True,1.3512624505926933,0.31282395700402765,0.9969840391087043,0.0,True,False
run-03,outer-context-05,5,5815,True,1,sealed-run03-retrospective,outer_once_8contexts_x_3banks,1757065770,45,True,0.2681697405497927,0.1940005839999161,0.1708208357902074,0.12104301131333003,0.27657541226619176,0.29140370521317266,0.01363221650859641,1.294393200454632,True,True,True,True,True,True,True,True,True,1.3512624505926933,0.31282395700402765,0.9969840391087043,0.0,True,False
run-03,outer-context-05,5,5815,True,1,sealed-run03-retrospective,outer_once_8contexts_x_3banks,1757065770,46,True,0.23224630795834897,0.23815482050925205,0.12647472789142072,0.18012081048622652,-0.0254407168098565,-0.42416444367337375,0.05529312130088427,1.4294940805014182,False,False,False,True,True,True,True,False,True,1.3512624505926933,0.31282395700402765,0.9969840391087043,0.0,True,False
run-03,outer-context-05,5,5815,True,1,sealed-run03-retrospective,outer_once_8contexts_x_3banks,1757065770,47,False,0.19235690466651875,0.31232352904551614,0.06778233846678745,0.25650407687879956,-0.6236668477639448,-2.784231743560803,0.04978040211694948,1.568626301350214,False,False,False,True,False,True,True,False,True,1.3512624505926933,0.31282395700402765,0.9969840391087043,0.0,True,False
run-03,outer-context-05,5,5815,True,1,sealed-run03-retrospective,outer_once_8contexts_x_3banks,1757065770,48,False,0.19212670129553092,0.24212964349686222,0.05075043249703566,0.1493897139547098,-0.26026024422506666,-1.9436145980319608,0.06359226304516986,1.2560462547320366,False,False,False,True,True,True,True,False,True,1.3512624505926933,0.31282395700402765,0.9969840391087043,0.0,True,False
run-03,outer-context-05,5,5815,True,1,sealed-run03-retrospective,outer_once_8contexts_x_3banks,1757065770,49,True,0.20072787122235444,0.24972751846391145,0.08382310097638751,0.1608595604580454,-0.2441098335929548,-0.9190361437876011,0.046351657691674236,1.2884064979971406,False,False,False,True,True,True,True,False,True,1.3512624505926933,0.31282395700402765,0.9969840391087043,0.0,True,False
run-03,outer-context-05,5,5815,True,1,sealed-run03-retrospective,outer_once_8contexts_x_3banks,1757065770,50,True,0.2147227205542583,0.21938881652912134,0.10267515363562237,0.12442125863008648,-0.021730797573813136,-0.2117952028748605,0.016203920883114124,1.204428127013949,False,False,False,True,True,True,True,False,True,1.3512624505926933,0.31282395700402765,0.9969840391087043,0.0,True,False
run-03,outer-context-05,5,5815,True,1,sealed-run03-retrospective,outer_once_8contexts_x_3banks,1757065770,51,True,0.24468840335641953,0.19272072095669693,0.11914412034366412,0.08632728464239005,0.21238310310940695,0.27543814673032846,0.08262498102138563,1.0496583780639699,True,True,True,True,True,True,True,True,True,1.3512624505926933,0.31282395700402765,0.9969840391087043,0.0,True,False
run-03,outer-context-05,5,5815,True,1,sealed-run03-retrospective,outer_once_8contexts_x_3banks,1757065770,52,True,0.2605302198948316,0.1709191423813877,0.13708266691546425,0.03564225666325808,0.34395655732228403,0.739994432080623,0.015253310585636438,1.0677424557999762,True,True,True,True,True,True,True,True,True,1.3512624505926933,0.31282395700402765,0.9969840391087043,0.0,True,False
run-03,outer-context-05,5,5815,True,1,sealed-run03-retrospective,outer_once_8contexts_x_3banks,1757065770,53,True,0.2542860391446631,0.17640413979005062,0.12163698010016077,0.04507782023141442,0.3062767410141047,0.6294069435602928,0.0009493164219496874,1.050442262888967,True,True,True,True,True,True,True,True,True,1.3512624505926933,0.31282395700402765,0.9969840391087043,0.0,True,False
run-03,outer-context-05,5,5815,True,1,sealed-run03-retrospective,outer_once_8contexts_x_3banks,1757065770,54,False,0.2003748469628396,0.20213285812702042,0.0661033249485743,0.09017498347536253,-0.008773612011825228,-0.36415200817076915,0.02453638234570203,1.1964922620965583,False,False,False,True,True,True,True,False,True,1.3512624505926933,0.31282395700402765,0.9969840391087043,0.0,True,False
run-03,outer-context-05,5,5815,True,1,sealed-run03-retrospective,outer_once_8contexts_x_3banks,1757065770,55,False,0.20418565780243836,0.21256192452430653,0.05452412870337097,0.027788977481969908,-0.04102279666465458,0.49033614763197775,0.015437509400596428,1.0190605061106348,False,False,True,True,True,True,True,False,True,1.3512624505926933,0.31282395700402765,0.9969840391087043,0.0,True,False
run-03,outer-context-05,5,5815,True,1,sealed-run03-retrospective,outer_once_8contexts_x_3banks,1757065770,56,False,0.2010179440177492,0.2827700831781807,0.053215269646157054,0.19991421294019537,-0.40669075370312746,-2.756707694417033,0.057527900366312626,1.3589934557004755,False,False,False,True,True,True,True,False,True,1.3512624505926933,0.31282395700402765,0.9969840391087043,0.0,True,False
run-03,outer-context-05,5,5815,True,1,sealed-run03-retrospective,outer_once_8contexts_x_3banks,1757065770,57,False,0.20263180533749783,0.31301260174399276,0.0581277811558998,0.24438873773645808,-0.54473578924418,-3.204336255000047,0.01868085303644998,1.4408779727569514,False,False,False,True,True,True,True,False,True,1.3512624505926933,0.31282395700402765,0.9969840391087043,0.0,True,False
run-03,outer-context-05,5,5815,True,1,sealed-run03-retrospective,outer_once_8contexts_x_3banks,1757065770,58,False,0.2038786847186951,0.26182915219651015,0.05840408845230417,0.17628331041031897,-0.28423995160540266,-2.0183385287192888,0.016471028568616222,1.291701806110058,False,False,False,True,True,True,True,False,True,1.3512624505926933,0.31282395700402765,0.9969840391087043,0.0,True,False
run-03,outer-context-05,5,5815,True,1,sealed-run03-retrospective,outer_once_8contexts_x_3banks,1757065770,59,False,0.21355069105746544,0.24415537562215017,0.05986634046988334,0.13315438638505891,-0.1433134419426869,-1.2241945196574062,0.05099451534142675,1.1502291876021569,False,False,False,True,True,True,True,False,True,1.3512624505926933,0.31282395700402765,0.9969840391087043,0.0,True,False
run-03,outer-context-05,5,5815,True,1,sealed-run03-retrospective,outer_once_8contexts_x_3banks,1757065770,60,False,0.25418060298112777,0.24001353501954456,0.08509235615098798,0.12562179138206123,0.05573622768781879,-0.4762993653526031,0.08810087729605943,1.123466839476124,False,False,False,True,True,True,True,False,True,1.3512624505926933,0.31282395700402765,0.9969840391087043,0.0,True,False
run-03,outer-context-05,5,5815,True,1,sealed-run03-retrospective,outer_once_8contexts_x_3banks,1757065770,61,False,0.2674242738324016,0.23578953955673032,0.09417280817773602,0.10843597654124164,0.11829417659930594,-0.15145739666790212,0.054214661272317236,1.1872618280099538,False,True,False,True,True,True,True,False,True,1.3512624505926933,0.31282395700402765,0.9969840391087043,0.0,True,False
run-03,outer-context-05,5,5815,True,1,sealed-run03-retrospective,outer_once_8contexts_x_3banks,1757065770,62,False,0.2216046651132436,0.21268920559452462,0.05914206181137254,0.02470186423613075,0.04023137109574398,0.5823300121846482,0.008549085722047654,1.0362273814682592,True,False,True,True,True,True,True,False,True,1.3512624505926933,0.31282395700402765,0.9969840391087043,0.0,True,False
run-03,outer-context-05,5,5815,True,1,sealed-run03-retrospective,outer_once_8contexts_x_3banks,1757065770,63,False,0.29784992335156685,0.2652587386452785,0.20299577569684485,0.060513198832764875,0.10942149771117915,0.7018992211782,0.010069476160052339,1.042735167809167,True,True,True,True,True,True,True,True,True,1.3512624505926933,0.31282395700402765,0.9969840391087043,0.0,True,False
run-03,outer-context-05,5,5815,True,2,sealed-run03-retrospective,outer_once_8contexts_x_3banks,1781578841,0,False,0.22802360503921054,0.24748295370387272,0.1441627405698478,0.18718019911602188,-0.0853391852186355,-0.29839512190274886,0.004909252728542151,1.3976782806474306,False,False,False,True,True,True,True,False,True,1.3815008213338928,0.3215278296368045,1.050619258822079,0.0,True,False
run-03,outer-context-05,5,5815,True,2,sealed-run03-retrospective,outer_once_8contexts_x_3banks,1781578841,1,True,0.22585459539244976,0.25448801960513173,0.13073594138244873,0.19705813715371065,-0.1267781342368878,-0.5072988733621927,0.039403880219935995,1.428316259933855,False,False,False,True,True,True,True,False,True,1.3815008213338928,0.3215278296368045,1.050619258822079,0.0,True,False
run-03,outer-context-05,5,5815,True,2,sealed-run03-retrospective,outer_once_8contexts_x_3banks,1781578841,2,False,0.26978475405522145,0.25069411070807174,0.20518442050612554,0.20495827473854059,0.0707624988446979,0.0011021585704563746,0.054265349908238225,1.5877657219232264,True,False,False,True,True,True,True,False,True,1.3815008213338928,0.3215278296368045,1.050619258822079,0.0,True,False
run-03,outer-context-05,5,5815,True,2,sealed-run03-retrospective,outer_once_8contexts_x_3banks,1781578841,3,False,0.33230106518845803,0.20535119858029977,0.30736679268047007,0.17486401401231444,0.3820326803230713,0.431090091133891,0.0011869895501015425,1.8346822625383428,True,True,True,True,True,True,True,True,True,1.3815008213338928,0.3215278296368045,1.050619258822079,0.0,True,False
run-03,outer-context-05,5,5815,True,2,sealed-run03-retrospective,outer_once_8contexts_x_3banks,1781578841,4,False,0.2702057048026151,0.18735378921173265,0.2357459891183858,0.14682847548515496,0.3066253380971569,0.37717508563243746,0.041714259227862385,1.521334119480333,True,True,True,True,True,True,True,True,True,1.3815008213338928,0.3215278296368045,1.050619258822079,0.0,True,False
run-03,outer-context-05,5,5815,True,2,sealed-run03-retrospective,outer_once_8contexts_x_3banks,1781578841,5,False,0.2301153660630319,0.20535606207009097,0.17988366511619278,0.15888519031995102,0.10759517895975276,0.11673363883640102,0.006088115874633035,1.4659167782942364,True,True,True,True,True,True,True,True,True,1.3815008213338928,0.3215278296368045,1.050619258822079,0.0,True,False
run-03,outer-context-05,5,5815,True,2,sealed-run03-retrospective,outer_once_8contexts_x_3banks,1781578841,6,False,0.2084035458618658,0.21972953180644755,0.11984981741299688,0.1304482041686736,-0.05434641669719409,-0.08843056238588297,0.047368430397171465,1.2693734724266101,False,False,False,True,True,True,True,False,True,1.3815008213338928,0.3215278296368045,1.050619258822079,0.0,True,False
run-03,outer-context-05,5,5815,True,2,sealed-run03-retrospective,outer_once_8contexts_x_3banks,1781578841,7,False,0.2125227011744834,0.23985694854097717,0.08041157113211674,0.15334639911583026,-0.1286180121720364,-0.9070190640086006,0.026531840107012056,1.3125803184959675,False,False,False,True,True,True,True,False,True,1.3815008213338928,0.3215278296368045,1.050619258822079,0.0,True,False
run-03,outer-context-05,5,5815,True,2,sealed-run03-retrospective,outer_once_8contexts_x_3banks,1781578841,8,False,0.23238973284137104,0.20689385570698443,0.17839572607120585,0.15758019248558214,0.10971171928576581,0.11668179526518077,0.006301156308791849,1.4359211126455538,True,True,True,True,True,True,True,True,True,1.3815008213338928,0.3215278296368045,1.050619258822079,0.0,True,False
run-03,outer-context-05,5,5815,True,2,sealed-run03-retrospective,outer_once_8contexts_x_3banks,1781578841,9,False,0.2719665506253144,0.2602121142879783,0.23041439829224014,0.21801336209319827,0.043220154501757285,0.053820578448892493,0.05816997287918757,1.70821896632843,True,False,False,True,True,True,True,False,True,1.3815008213338928,0.3215278296368045,1.050619258822079,0.0,True,False
run-03,outer-context-05,5,5815,True,2,sealed-run03-retrospective,outer_once_8contexts_x_3banks,1781578841,10,False,0.3145361429647238,0.19635342378304083,0.2762064917320252,0.1552513958627344,0.37573653084102815,0.4379154708160919,0.016752517670945075,1.7110794994668694,True,True,True,True,True,True,True,True,True,1.3815008213338928,0.3215278296368045,1.050619258822079,0.0,True,False
run-03,outer-context-05,5,5815,True,2,sealed-run03-retrospective,outer_once_8contexts_x_3banks,1781578841,11,False,0.34880819398917945,0.1572137512135265,0.33157891193285133,0.13250786094221398,0.5492830904700493,0.6003730750855217,0.0032484664218464187,1.8311795247468792,True,True,True,True,True,True,True,True,True,1.3815008213338928,0.3215278296368045,1.050619258822079,0.0,True,False
run-03,outer-context-05,5,5815,True,2,sealed-run03-retrospective,outer_once_8contexts_x_3banks,1781578841,12,False,0.2746244665113081,0.2104206013400624,0.24523347029049394,0.18484766223270907,0.2337878557830608,0.24623803588577944,0.01921651775104647,1.810648963189545,True,True,True,True,True,True,True,True,True,1.3815008213338928,0.3215278296368045,1.050619258822079,0.0,True,False
run-03,outer-context-05,5,5815,True,2,sealed-run03-retrospective,outer_once_8contexts_x_3banks,1781578841,13,True,0.23765672892150144,0.31028899150626865,0.18973101667545123,0.28460634205089436,-0.30561837198709324,-0.5000517418706205,0.06225498880793679,2.062504673879957,False,False,False,True,False,True,False,False,True,1.3815008213338928,0.3215278296368045,1.050619258822079,0.0,True,False
run-03,outer-context-05,5,5815,True,2,sealed-run03-retrospective,outer_once_8contexts_x_3banks,1781578841,14,False,0.22925477618442622,0.28460109628358726,0.17360603291267102,0.2367556532486851,-0.24141839494169212,-0.36375245304856557,0.07247441725001107,1.7357959547508546,False,False,False,True,True,True,True,False,True,1.3815008213338928,0.3215278296368045,1.050619258822079,0.0,True,False
run-03,outer-context-05,5,5815,True,2,sealed-run03-retrospective,outer_once_8contexts_x_3banks,1781578841,15,False,0.2270604640510743,0.24003689828162936,0.13722895999229656,0.17092850516429392,-0.05714968603092512,-0.24557167214477982,0.039032342526972824,1.4448579762178138,False,False,False,True,True,True,True,False,True,1.3815008213338928,0.3215278296368045,1.050619258822079,0.0,True,False
run-03,outer-context-05,5,5815,True,2,sealed-run03-retrospective,outer_once_8contexts_x_3banks,1781578841,16,False,0.2716483932636104,0.1626624303431311,0.2355313118315401,0.12017428683588245,0.4012023101300592,0.4897736275428418,0.03386138209396597,1.468917264343951,True,True,True,True,True,True,True,True,True,1.3815008213338928,0.3215278296368045,1.050619258822079,0.0,True,False
run-03,outer-context-05,5,5815,True,2,sealed-run03-retrospective,outer_once_8contexts_x_3banks,1781578841,17,False,0.3650303501229005,0.1210945819918556,0.3381835460633093,0.07887027273805375,0.6682616063264746,0.7667826431647596,0.015845433125898766,1.4335354869311758,True,True,True,True,True,True,True,True,True,1.3815008213338928,0.3215278296368045,1.050619258822079,0.0,True,False
run-03,outer-context-05,5,5815,True,2,sealed-run03-retrospective,outer_once_8contexts_x_3banks,1781578841,18,False,0.3793658995689263,0.11853445417398306,0.3571547592130803,0.07233718438057762,0.6875458381771429,0.7974626334534691,0.005074432348260253,1.4426058358533165,True,True,True,True,True,True,True,True,True,1.3815008213338928,0.3215278296368045,1.050619258822079,0.0,True,False
run-03,outer-context-05,5,5815,True,2,sealed-run03-retrospective,outer_once_8contexts_x_3banks,1781578841,19,False,0.39045392839860404,0.13650143754964728,0.36879356536126223,0.10575364371321098,0.6504032163039308,0.7132443360024001,0.0007704418364893949,1.654726349444051,True,True,True,True,True,True,True,True,True,1.3815008213338928,0.3215278296368045,1.050619258822079,0.0,True,False
run-03,outer-context-05,5,5815,True,2,sealed-run03-retrospective,outer_once_8contexts_x_3banks,1781578841,20,True,0.3270801939259743,0.15595249293517863,0.29849209185532344,0.12019424141068398,0.5231979929348023,0.5973285568016284,0.03578060120717059,1.51849934290313,True,True,True,True,True,True,True,True,True,1.3815008213338928,0.3215278296368045,1.050619258822079,0.0,True,False
run-03,outer-context-05,5,5815,True,2,sealed-run03-retrospective,outer_once_8contexts_x_3banks,1781578841,21,True,0.24261004604991457,0.25784193070719036,0.1797261180883754,0.2137212251706901,-0.06278340450148541,-0.1891495095086765,0.0697563319688412,1.6127482549123886,False,False,False,True,True,True,True,False,True,1.3815008213338928,0.3215278296368045,1.050619258822079,0.0,True,False
run-03,outer-context-05,5,5815,True,2,sealed-run03-retrospective,outer_once_8contexts_x_3banks,1781578841,22,False,0.250490086514793,0.3201435343834386,0.14480335271727016,0.2633205396320447,-0.2780686806323258,-0.8184699089542521,0.00457302325942115,1.7217530242716683,False,False,False,True,False,True,True,False,True,1.3815008213338928,0.3215278296368045,1.050619258822079,0.0,True,False
run-03,outer-context-05,5,5815,True,2,sealed-run03-retrospective,outer_once_8contexts_x_3banks,1781578841,23,False,0.24186391686210088,0.28581478390431914,0.10417956323875888,0.21788139905104756,-0.18171733763526587,-1.0914025004280987,0.030277007779731847,1.5441326017303467,False,False,False,True,True,True,True,False,True,1.3815008213338928,0.3215278296368045,1.050619258822079,0.0,True,False
run-03,outer-context-05,5,5815,True,2,sealed-run03-retrospective,outer_once_8contexts_x_3banks,1781578841,24,False,0.30820115496052936,0.12455530855364666,0.2934589133045662,0.09103128560836782,0.5958635892535893,0.6897988730916786,0.044829222021068024,1.484808827729069,True,True,True,True,True,True,True,True,True,1.3815008213338928,0.3215278296368045,1.050619258822079,0.0,True,False
run-03,outer-context-05,5,5815,True,2,sealed-run03-retrospective,outer_once_8contexts_x_3banks,1781578841,25,False,0.3713072998607194,0.07824945413695489,0.357570752354514,0.04320514485988601,0.7892595858839647,0.8791703611791766,0.012159138633099253,1.277987931967388,True,True,True,True,True,True,True,True,True,1.3815008213338928,0.3215278296368045,1.050619258822079,0.0,True,False
run-03,outer-context-05,5,5815,True,2,sealed-run03-retrospective,outer_once_8contexts_x_3banks,1781578841,26,True,0.3949443064813815,0.07695838876527253,0.3795475766227845,0.037049227777696786,0.8051411616718659,0.9023858139014851,0.008072162267094514,1.1629513125602464,True,True,True,True,True,True,True,True,True,1.3815008213338928,0.3215278296368045,1.050619258822079,0.0,True,False
run-03,outer-context-05,5,5815,True,2,sealed-run03-retrospective,outer_once_8contexts_x_3banks,1781578841,27,True,0.3809912196398342,0.10128577446148618,0.3612527549105493,0.05758254176721294,0.7341519456610166,0.8406031760741282,0.009277116035604792,1.2346034975132998,True,True,True,True,True,True,True,True,True,1.3815008213338928,0.3215278296368045,1.050619258822079,0.0,True,False
run-03,outer-context-05,5,5815,True,2,sealed-run03-retrospective,outer_once_8contexts_x_3banks,1781578841,28,True,0.3293567024642712,0.1668955103896477,0.2952900627401575,0.12729098494177907,0.4932682130318795,0.5689289921896572,0.03794656627515913,1.4385963913008106,True,True,True,True,True,True,True,True,True,1.3815008213338928,0.3215278296368045,1.050619258822079,0.0,True,False
run-03,outer-context-05,5,5815,True,2,sealed-run03-retrospective,outer_once_8contexts_x_3banks,1781578841,29,False,0.2585136739607649,0.2150557710917919,0.17429270591561463,0.15684026337922044,0.16810678600919465,0.10013294844847924,0.007564417390009218,1.3907157165561703,True,True,True,True,True,True,True,True,True,1.3815008213338928,0.3215278296368045,1.050619258822079,0.0,True,False
run-03,outer-context-05,5,5815,True,2,sealed-run03-retrospective,outer_once_8contexts_x_3banks,1781578841,30,False,0.24564501694007324,0.3031331827623906,0.1025974525540217,0.24041774906215255,-0.23402944028106212,-1.3433110966918298,0.03143815969329675,1.529010245288985,False,False,False,True,True,True,True,False,True,1.3815008213338928,0.3215278296368045,1.050619258822079,0.0,True,False
run-03,outer-context-05,5,5815,True,2,sealed-run03-retrospective,outer_once_8contexts_x_3banks,1781578841,31,False,0.24844089811294298,0.3372269930328189,0.06678178179994408,0.26987329606128313,-0.35737310400284067,-3.041121527271216,0.05075657182050188,1.5256231838853849,False,False,False,True,False,True,True,False,True,1.3815008213338928,0.3215278296368045,1.050619258822079,0.0,True,False
run-03,outer-context-05,5,5815,True,2,sealed-run03-retrospective,outer_once_8contexts_x_3banks,1781578841,32,False,0.2523940303263501,0.18333114796574504,0.20739688822998772,0.1402215933515443,0.27363120384149137,0.32389731327092536,0.03942579700635102,1.434167245970622,True,True,True,True,True,True,True,True,True,1.3815008213338928,0.3215278296368045,1.050619258822079,0.0,True,False
run-03,outer-context-05,5,5815,True,2,sealed-run03-retrospective,outer_once_8contexts_x_3banks,1781578841,33,False,0.2998960557542504,0.1271473534156855,0.2721289303850967,0.061858053171072416,0.5760285906531685,0.772688434546318,0.019563908930026328,1.1952562904471722,True,True,True,True,True,True,True,True,True,1.3815008213338928,0.3215278296368045,1.050619258822079,0.0,True,False
run-03,outer-context-05,5,5815,True,2,sealed-run03-retrospective,outer_once_8contexts_x_3banks,1781578841,34,True,0.3466902064484835,0.10348616747244568,0.3260194039524729,0.03728629214008697,0.7015024781560328,0.885631678090171,0.012714364933378672,1.1021019614905083,True,True,True,True,True,True,True,True,True,1.3815008213338928,0.3215278296368045,1.050619258822079,0.0,True,False
run-03,outer-context-05,5,5815,True,2,sealed-run03-retrospective,outer_once_8contexts_x_3banks,1781578841,35,True,0.3473106176851465,0.12118968434835148,0.3152298904151775,0.06915171063037122,0.6510625412027695,0.7806308578818649,0.010843015107049084,1.2345521316879544,True,True,True,True,True,True,True,True,True,1.3815008213338928,0.3215278296368045,1.050619258822079,0.0,True,False
run-03,outer-context-05,5,5815,True,2,sealed-run03-retrospective,outer_once_8contexts_x_3banks,1781578841,36,True,0.30756688552605116,0.18164888921606226,0.2533821738819371,0.1284907692545326,0.4094003686210346,0.4928973601970808,0.06617541821119147,1.3769521399848565,True,True,True,True,True,True,True,True,True,1.3815008213338928,0.3215278296368045,1.050619258822079,0.0,True,False
run-03,outer-context-05,5,5815,True,2,sealed-run03-retrospective,outer_once_8contexts_x_3banks,1781578841,37,True,0.2602013715422276,0.20891278747262387,0.1626974961368478,0.1501058706054438,0.19711112115056706,0.07739286608819693,0.08686947064487043,1.3066629182802423,True,True,False,True,True,True,True,False,True,1.3815008213338928,0.3215278296368045,1.050619258822079,0.0,True,False
run-03,outer-context-05,5,5815,True,2,sealed-run03-retrospective,outer_once_8contexts_x_3banks,1781578841,38,True,0.23131445695304137,0.18961542415077098,0.08307988817110887,0.09161274030505329,0.18026989472056912,-0.10270659147217928,0.04584037228954994,1.1611272064156848,False,True,False,True,True,True,True,False,True,1.3815008213338928,0.3215278296368045,1.050619258822079,0.0,True,False
run-03,outer-context-05,5,5815,True,2,sealed-run03-retrospective,outer_once_8contexts_x_3banks,1781578841,39,False,0.23024417277358622,0.26901590167244505,0.02504807502877854,0.17392849776847705,-0.16839396381590746,-5.9437870003441375,0.05264936091369524,1.3019613003893495,False,False,False,True,True,True,True,False,True,1.3815008213338928,0.3215278296368045,1.050619258822079,0.0,True,False
run-03,outer-context-05,5,5815,True,2,sealed-run03-retrospective,outer_once_8contexts_x_3banks,1781578841,40,False,0.21312651492256426,0.18754312694829992,0.1702331528074747,0.15409439343821196,0.12003850381337873,0.09480385637640674,0.0034065646462066003,1.520691373341992,True,True,False,True,True,True,True,False,True,1.3815008213338928,0.3215278296368045,1.050619258822079,0.0,True,False
run-03,outer-context-05,5,5815,True,2,sealed-run03-retrospective,outer_once_8contexts_x_3banks,1781578841,41,True,0.2380256630244798,0.16985225722177558,0.1637599280179537,0.06438535798621962,0.28641199833856956,0.6068308116307868,0.006677471635663886,1.1289391314402466,True,True,True,True,True,True,True,True,True,1.3815008213338928,0.3215278296368045,1.050619258822079,0.0,True,False
run-03,outer-context-05,5,5815,True,2,sealed-run03-retrospective,outer_once_8contexts_x_3banks,1781578841,42,True,0.2565813073770101,0.16704535343214177,0.19244675018181873,0.08905610660585322,0.34895743131165774,0.5372428657708415,0.02654723469806226,1.1848896361645094,True,True,True,True,True,True,True,True,True,1.3815008213338928,0.3215278296368045,1.050619258822079,0.0,True,False
run-03,outer-context-05,5,5815,True,2,sealed-run03-retrospective,outer_once_8contexts_x_3banks,1781578841,43,True,0.27230618267595547,0.1612173995954913,0.20297129139176867,0.09413459042823018,0.4079554198468563,0.5362172168154825,0.0018151479051827602,1.213897292188448,True,True,True,True,True,True,True,True,True,1.3815008213338928,0.3215278296368045,1.050619258822079,0.0,True,False
run-03,outer-context-05,5,5815,True,2,sealed-run03-retrospective,outer_once_8contexts_x_3banks,1781578841,44,True,0.27119818051280564,0.18545450992915216,0.1882937093411285,0.12183985690281979,0.31616609824417596,0.3529265670682359,0.06895964244795819,1.2597046211926501,True,True,True,True,True,True,True,True,True,1.3815008213338928,0.3215278296368045,1.050619258822079,0.0,True,False
run-03,outer-context-05,5,5815,True,2,sealed-run03-retrospective,outer_once_8contexts_x_3banks,1781578841,45,True,0.25094218777606336,0.19482579861941676,0.13925323694636674,0.12603787426396715,0.22362277803493102,0.09490165523038775,0.012275802614678278,1.2994770955705905,True,True,False,True,True,True,True,False,True,1.3815008213338928,0.3215278296368045,1.050619258822079,0.0,True,False
run-03,outer-context-05,5,5815,True,2,sealed-run03-retrospective,outer_once_8contexts_x_3banks,1781578841,46,True,0.21397054396609738,0.22716525096320386,0.08797266766003883,0.16697466246747514,-0.061665997349603034,-0.8980288640641346,0.054702350670819834,1.392386420491984,False,False,False,True,True,True,True,False,True,1.3815008213338928,0.3215278296368045,1.050619258822079,0.0,True,False
run-03,outer-context-05,5,5815,True,2,sealed-run03-retrospective,outer_once_8contexts_x_3banks,1781578841,47,False,0.1836900633965838,0.2962545552827174,0.02950740103082948,0.24019562310219353,-0.6127957593607483,-7.1401822834629165,0.05048773105633908,1.5096120624607043,False,False,False,True,True,True,True,False,True,1.3815008213338928,0.3215278296368045,1.050619258822079,0.0,True,False
run-03,outer-context-05,5,5815,True,2,sealed-run03-retrospective,outer_once_8contexts_x_3banks,1781578841,48,False,0.20527075421117627,0.23558572952819817,0.04002472151136118,0.1367723736614474,-0.1476828758851579,-2.4171973844371157,0.06493921843539333,1.253475500826858,False,False,False,True,True,True,True,False,True,1.3815008213338928,0.3215278296368045,1.050619258822079,0.0,True,False
run-03,outer-context-05,5,5815,True,2,sealed-run03-retrospective,outer_once_8contexts_x_3banks,1781578841,49,True,0.2102763725037448,0.2396297941267975,0.06845288947948105,0.14193914544070044,-0.1395944835529723,-1.0735303727864853,0.047118196552200176,1.2727886023318955,False,False,False,True,True,True,True,False,True,1.3815008213338928,0.3215278296368045,1.050619258822079,0.0,True,False
run-03,outer-context-05,5,5815,True,2,sealed-run03-retrospective,outer_once_8contexts_x_3banks,1781578841,50,True,0.20976100547027582,0.21391389321960882,0.07778722751614492,0.1120995061905669,-0.019798187656578006,-0.44110427598541657,0.017160223953860843,1.1848046526947291,False,False,False,True,True,True,True,False,True,1.3815008213338928,0.3215278296368045,1.050619258822079,0.0,True,False
run-03,outer-context-05,5,5815,True,2,sealed-run03-retrospective,outer_once_8contexts_x_3banks,1781578841,51,True,0.2275414080988925,0.18972828689507928,0.08532605319593536,0.08669270297127916,0.16618127451940148,-0.016016793513295925,0.08194264418914764,1.03650567594775,False,True,False,True,True,True,True,False,True,1.3815008213338928,0.3215278296368045,1.050619258822079,0.0,True,False
run-03,outer-context-05,5,5815,True,2,sealed-run03-retrospective,outer_once_8contexts_x_3banks,1781578841,52,True,0.23910313691869886,0.1690611288369139,0.09451895010514584,0.03740250569988088,0.29293638295344077,0.6042856415748042,0.016032951297542928,1.0754738429660884,True,True,True,True,True,True,True,True,True,1.3815008213338928,0.3215278296368045,1.050619258822079,0.0,True,False
run-03,outer-context-05,5,5815,True,2,sealed-run03-retrospective,outer_once_8contexts_x_3banks,1781578841,53,True,0.23391925346395123,0.1743383729400229,0.06366382978258889,0.04354615758273249,0.25470703946612155,0.31599846048467356,0.002139507674067057,1.0331451502261642,True,True,True,True,True,True,True,True,True,1.3815008213338928,0.3215278296368045,1.050619258822079,0.0,True,False
run-03,outer-context-05,5,5815,True,2,sealed-run03-retrospective,outer_once_8contexts_x_3banks,1781578841,54,False,0.18604707959184683,0.19703422665227233,0.025161099930161333,0.07294100041757412,-0.05905573516407399,-1.898959132153744,0.023526234889939955,1.1528957487645233,False,False,False,True,True,True,True,False,True,1.3815008213338928,0.3215278296368045,1.050619258822079,0.0,True,False
run-03,outer-context-05,5,5815,True,2,sealed-run03-retrospective,outer_once_8contexts_x_3banks,1781578841,55,False,0.20940906568939344,0.22057326138617395,0.08019735932822268,0.027546623731337025,-0.05331285758821843,0.6565145790075542,0.015965436889975693,1.0072199899396574,False,False,True,True,True,True,True,False,True,1.3815008213338928,0.3215278296368045,1.050619258822079,0.0,True,False
run-03,outer-context-05,5,5815,True,2,sealed-run03-retrospective,outer_once_8contexts_x_3banks,1781578841,56,False,0.20957669552245325,0.26969851782305443,0.04000369664158525,0.18792685558291436,-0.2868726513256811,-3.697737243301605,0.05890335359812635,1.3551344132191174,False,False,False,True,True,True,True,False,True,1.3815008213338928,0.3215278296368045,1.050619258822079,0.0,True,False
run-03,outer-context-05,5,5815,True,2,sealed-run03-retrospective,outer_once_8contexts_x_3banks,1781578841,57,False,0.2149604067723954,0.29486907050550387,0.04299907740725711,0.22102958127190614,-0.3717366604061066,-4.140333109440208,0.01926628260673137,1.4226928323095054,False,False,False,True,True,True,True,False,True,1.3815008213338928,0.3215278296368045,1.050619258822079,0.0,True,False
run-03,outer-context-05,5,5815,True,2,sealed-run03-retrospective,outer_once_8contexts_x_3banks,1781578841,58,False,0.2101989576786538,0.25344814049605435,0.05105990175913685,0.1644148126294263,-0.20575355508431534,-2.220037778470761,0.014882416549496623,1.2841999962955193,False,False,False,True,True,True,True,False,True,1.3815008213338928,0.3215278296368045,1.050619258822079,0.0,True,False
run-03,outer-context-05,5,5815,True,2,sealed-run03-retrospective,outer_once_8contexts_x_3banks,1781578841,59,False,0.21939206795243546,0.23994905050195264,0.06277839535388664,0.13598465566978285,-0.09369975287335351,-1.1661059493991028,0.04933362228545029,1.1619623550708067,False,False,False,True,True,True,True,False,True,1.3815008213338928,0.3215278296368045,1.050619258822079,0.0,True,False
run-03,outer-context-05,5,5815,True,2,sealed-run03-retrospective,outer_once_8contexts_x_3banks,1781578841,60,False,0.25923653734645224,0.2450919266812214,0.08808230914611584,0.1248482277440538,0.05456256594851643,-0.41740411842460445,0.08756936585716224,1.110447511230935,False,False,False,True,True,True,True,False,True,1.3815008213338928,0.3215278296368045,1.050619258822079,0.0,True,False
run-03,outer-context-05,5,5815,True,2,sealed-run03-retrospective,outer_once_8contexts_x_3banks,1781578841,61,False,0.2701745039134446,0.24440786330879213,0.11662134957262098,0.11476719152845162,0.09537036334452674,0.015898958903873422,0.055143480156757824,1.2369752949777921,True,False,False,True,True,True,True,False,True,1.3815008213338928,0.3215278296368045,1.050619258822079,0.0,True,False
run-03,outer-context-05,5,5815,True,2,sealed-run03-retrospective,outer_once_8contexts_x_3banks,1781578841,62,False,0.22858034217110024,0.21482141090053783,0.09589587021242507,0.030363137471858644,0.060192976963274365,0.6833738783057152,0.00807446871120764,1.0721995341407147,True,False,True,True,True,True,True,False,True,1.3815008213338928,0.3215278296368045,1.050619258822079,0.0,True,False
run-03,outer-context-05,5,5815,True,2,sealed-run03-retrospective,outer_once_8contexts_x_3banks,1781578841,63,False,0.31648395347773073,0.28480878398734244,0.22626624160414702,0.06797298426539548,0.10008459873658997,0.6995884857436477,0.010631841188389422,1.0032519208154849,True,True,True,True,True,True,True,True,True,1.3815008213338928,0.3215278296368045,1.050619258822079,0.0,True,False
run-03,outer-context-06,6,6875,True,0,sealed-run03-retrospective,outer_once_8contexts_x_3banks,282640666,0,False,0.25869753951764346,0.20543003017968658,0.1686230277747206,0.15423749219864646,0.20590651707502602,0.08531180922271857,0.001114050240585824,1.3297989994360708,True,True,False,True,True,True,True,False,True,1.3948205746219458,0.3188864673144237,1.1820374392740658,0.0,True,False
run-03,outer-context-06,6,6875,True,0,sealed-run03-retrospective,outer_once_8contexts_x_3banks,282640666,1,True,0.22445660325023506,0.21165159482692877,0.1494930555885149,0.16245360626015304,0.05704892722193895,-0.08669667377267704,0.04904071054517243,1.3500643624529236,False,False,False,True,True,True,True,False,True,1.3948205746219458,0.3188864673144237,1.1820374392740658,0.0,True,False
run-03,outer-context-06,6,6875,True,0,sealed-run03-retrospective,outer_once_8contexts_x_3banks,282640666,2,False,0.25902244023127385,0.2215773380059415,0.21019089689927545,0.17962909214362385,0.14456315905254644,0.14540023001232527,0.04816464963866306,1.539158749015498,True,True,True,True,True,True,True,True,True,1.3948205746219458,0.3188864673144237,1.1820374392740658,0.0,True,False
run-03,outer-context-06,6,6875,True,0,sealed-run03-retrospective,outer_once_8contexts_x_3banks,282640666,3,False,0.30399618118722666,0.18102350162165354,0.27939328297190125,0.15742823330075179,0.40452047484713666,0.4365353682587121,0.06418463405466465,1.7109879306403994,True,True,True,True,True,True,True,True,True,1.3948205746219458,0.3188864673144237,1.1820374392740658,0.0,True,False
run-03,outer-context-06,6,6875,True,0,sealed-run03-retrospective,outer_once_8contexts_x_3banks,282640666,4,False,0.2414639439008026,0.17210446542623692,0.1927135359766495,0.13049474002647868,0.28724569537827027,0.3228563869935409,0.07334166240799952,1.4436401350357266,True,True,True,True,True,True,True,True,True,1.3948205746219458,0.3188864673144237,1.1820374392740658,0.0,True,False
run-03,outer-context-06,6,6875,True,0,sealed-run03-retrospective,outer_once_8contexts_x_3banks,282640666,5,False,0.2431661033040417,0.2235706446736423,0.16616509820588002,0.1653071083731201,0.08058466358651276,0.005163478022905045,0.03311626156515108,1.4979116448404877,True,False,False,True,True,True,True,False,True,1.3948205746219458,0.3188864673144237,1.1820374392740658,0.0,True,False
run-03,outer-context-06,6,6875,True,0,sealed-run03-retrospective,outer_once_8contexts_x_3banks,282640666,6,False,0.26891682458031324,0.23974264649990853,0.12881304024871634,0.14723223780930614,0.10848773826604406,-0.1429917151635069,0.024387693692517594,1.3392631554853467,False,True,False,True,True,True,True,False,True,1.3948205746219458,0.3188864673144237,1.1820374392740658,0.0,True,False
run-03,outer-context-06,6,6875,True,0,sealed-run03-retrospective,outer_once_8contexts_x_3banks,282640666,7,False,0.24163125157558768,0.2569010859069409,0.0730065742523951,0.1753730023746013,-0.06319478226340461,-1.4021535617917027,0.0031750088831418366,1.3757980196258777,False,False,False,True,True,True,True,False,True,1.3948205746219458,0.3188864673144237,1.1820374392740658,0.0,True,False
run-03,outer-context-06,6,6875,True,0,sealed-run03-retrospective,outer_once_8contexts_x_3banks,282640666,8,False,0.29111130732028234,0.18657666756610808,0.21576998964793653,0.13327016920561094,0.3590882151450223,0.38235076424176195,0.02050564303682233,1.3874818274738683,True,True,True,True,True,True,True,True,True,1.3948205746219458,0.3188864673144237,1.1820374392740658,0.0,True,False
run-03,outer-context-06,6,6875,True,0,sealed-run03-retrospective,outer_once_8contexts_x_3banks,282640666,9,False,0.2640931467294317,0.2175897269431317,0.22420155569325165,0.17697280887570574,0.17608718879003551,0.21065307362168081,0.030629580431152704,1.6351092879804419,True,True,True,True,True,True,True,True,True,1.3948205746219458,0.3188864673144237,1.1820374392740658,0.0,True,False
run-03,outer-context-06,6,6875,True,0,sealed-run03-retrospective,outer_once_8contexts_x_3banks,282640666,10,False,0.2922800124455795,0.19181853719174793,0.267733432560167,0.1568227778059304,0.343716542274805,0.414257770102402,0.00040156977925861863,1.733944985717875,True,True,True,True,True,True,True,True,True,1.3948205746219458,0.3188864673144237,1.1820374392740658,0.0,True,False
run-03,outer-context-06,6,6875,True,0,sealed-run03-retrospective,outer_once_8contexts_x_3banks,282640666,11,False,0.3612059266135745,0.1760603883974165,0.34573127614319843,0.14980624877444293,0.5125761361447163,0.5666974349396302,0.03602993195960368,1.949536591945785,True,True,True,True,True,True,True,True,True,1.3948205746219458,0.3188864673144237,1.1820374392740658,0.0,True,False
run-03,outer-context-06,6,6875,True,0,sealed-run03-retrospective,outer_once_8contexts_x_3banks,282640666,12,False,0.29186170168826314,0.22627405913190424,0.26526125584308713,0.19501686992928993,0.22472164787969653,0.26481208380974275,0.011089395569082183,1.8690281757774003,True,True,True,True,True,True,True,True,True,1.3948205746219458,0.3188864673144237,1.1820374392740658,0.0,True,False
run-03,outer-context-06,6,6875,True,0,sealed-run03-retrospective,outer_once_8contexts_x_3banks,282640666,13,True,0.2598190190016011,0.3231679879561425,0.21341042254125767,0.29559275382956596,-0.24381959872672376,-0.3850905232729219,0.041253580144344645,2.1107745149572117,False,False,False,True,False,True,False,False,True,1.3948205746219458,0.3188864673144237,1.1820374392740658,0.0,True,False
run-03,outer-context-06,6,6875,True,0,sealed-run03-retrospective,outer_once_8contexts_x_3banks,282640666,14,False,0.26384174377597935,0.28135934134293966,0.19624076833544493,0.23445973019739164,-0.0663943366817421,-0.1947554638423397,0.0689853706914571,1.7590978917963545,False,False,False,True,True,True,True,False,True,1.3948205746219458,0.3188864673144237,1.1820374392740658,0.0,True,False
run-03,outer-context-06,6,6875,True,0,sealed-run03-retrospective,outer_once_8contexts_x_3banks,282640666,15,False,0.21379877092713007,0.2319798332338331,0.13047752851784147,0.17221113225087445,-0.085038198432393,-0.3198528068940724,0.03345562319387921,1.4566633360504906,False,False,False,True,True,True,True,False,True,1.3948205746219458,0.3188864673144237,1.1820374392740658,0.0,True,False
run-03,outer-context-06,6,6875,True,0,sealed-run03-retrospective,outer_once_8contexts_x_3banks,282640666,16,False,0.44607600815292686,0.16430331180816796,0.3694234450417628,0.12270781348214463,0.6316696957352604,0.6678396698177272,0.03793592638012377,1.483277706767225,True,True,True,True,True,True,True,True,True,1.3948205746219458,0.3188864673144237,1.1820374392740658,0.0,True,False
run-03,outer-context-06,6,6875,True,0,sealed-run03-retrospective,outer_once_8contexts_x_3banks,282640666,17,False,0.3779012965321578,0.11801888968829925,0.3416150827963227,0.08054210316293366,0.6876991670277153,0.7642314194571018,0.004034318610281366,1.439814726236675,True,True,True,True,True,True,True,True,True,1.3948205746219458,0.3188864673144237,1.1820374392740658,0.0,True,False
run-03,outer-context-06,6,6875,True,0,sealed-run03-retrospective,outer_once_8contexts_x_3banks,282640666,18,False,0.3604133250324315,0.11701798312926047,0.3428630664876591,0.07604723073679445,0.6753228168832806,0.7781994091231997,0.003534042743896272,1.4740385882747318,True,True,True,True,True,True,True,True,True,1.3948205746219458,0.3188864673144237,1.1820374392740658,0.0,True,False
run-03,outer-context-06,6,6875,True,0,sealed-run03-retrospective,outer_once_8contexts_x_3banks,282640666,19,False,0.3895306170151227,0.1499177328897286,0.3682667527896686,0.11845537941410664,0.6151323507289073,0.6783435416941884,0.003808076674863463,1.725615138108359,True,True,True,True,True,True,True,True,True,1.3948205746219458,0.3188864673144237,1.1820374392740658,0.0,True,False
run-03,outer-context-06,6,6875,True,0,sealed-run03-retrospective,outer_once_8contexts_x_3banks,282640666,20,True,0.333182593844131,0.16030426803982498,0.30265557667498616,0.12212768788523189,0.5188696198372887,0.596479637920627,0.036060477827999274,1.53999637655896,True,True,True,True,True,True,True,True,True,1.3948205746219458,0.3188864673144237,1.1820374392740658,0.0,True,False
run-03,outer-context-06,6,6875,True,0,sealed-run03-retrospective,outer_once_8contexts_x_3banks,282640666,21,True,0.2938560341463909,0.24857844104034155,0.21021925327964677,0.20729058264997016,0.15408086901320292,0.013931505245053412,0.07634632657056516,1.6062365342974023,True,True,False,True,True,True,True,False,True,1.3948205746219458,0.3188864673144237,1.1820374392740658,0.0,True,False
run-03,outer-context-06,6,6875,True,0,sealed-run03-retrospective,outer_once_8contexts_x_3banks,282640666,22,False,0.323961071836735,0.3050019190406118,0.16756903079869215,0.25012968990702134,0.058522935143509924,-0.49269640526543856,0.0378739567073753,1.6683792746466741,False,False,False,True,False,True,True,False,True,1.3948205746219458,0.3188864673144237,1.1820374392740658,0.0,True,False
run-03,outer-context-06,6,6875,True,0,sealed-run03-retrospective,outer_once_8contexts_x_3banks,282640666,23,False,0.2873596804450292,0.2750342936133726,0.11543400354182695,0.21027173690300408,0.04289184485648247,-0.8215753629892351,0.021543808630382348,1.5058783086710594,False,False,False,True,True,True,True,False,True,1.3948205746219458,0.3188864673144237,1.1820374392740658,0.0,True,False
run-03,outer-context-06,6,6875,True,0,sealed-run03-retrospective,outer_once_8contexts_x_3banks,282640666,24,False,0.28452888097272677,0.10536740525325049,0.27372772801325596,0.07362429194604436,0.6296776450495006,0.7310309317933661,0.002272567290564589,1.4216696865136433,True,True,True,True,True,True,True,True,True,1.3948205746219458,0.3188864673144237,1.1820374392740658,0.0,True,False
run-03,outer-context-06,6,6875,True,0,sealed-run03-retrospective,outer_once_8contexts_x_3banks,282640666,25,False,0.3489862737799123,0.08340271606858124,0.33014007155051295,0.0486262102206391,0.7610143368527467,0.852710366262827,0.018819147314770912,1.318497504325631,True,True,True,True,True,True,True,True,True,1.3948205746219458,0.3188864673144237,1.1820374392740658,0.0,True,False
run-03,outer-context-06,6,6875,True,0,sealed-run03-retrospective,outer_once_8contexts_x_3banks,282640666,26,True,0.3824728621900038,0.07967047705068336,0.3601741752334383,0.03774720493383765,0.7916963922760489,0.8951973585852658,0.0032838572209298567,1.1586348495402679,True,True,True,True,True,True,True,True,True,1.3948205746219458,0.3188864673144237,1.1820374392740658,0.0,True,False
run-03,outer-context-06,6,6875,True,0,sealed-run03-retrospective,outer_once_8contexts_x_3banks,282640666,27,True,0.3645670145643848,0.10442445735586565,0.33877909555748803,0.055880995428184504,0.7135658104432714,0.8350518194275597,0.006109992258496076,1.229746611272154,True,True,True,True,True,True,True,True,True,1.3948205746219458,0.3188864673144237,1.1820374392740658,0.0,True,False
run-03,outer-context-06,6,6875,True,0,sealed-run03-retrospective,outer_once_8contexts_x_3banks,282640666,28,True,0.30897125506800754,0.16024605078973106,0.2702349558301638,0.12198520171643737,0.4813561191818334,0.5485957716251108,0.043988628092972694,1.4269691301655378,True,True,True,True,True,True,True,True,True,1.3948205746219458,0.3188864673144237,1.1820374392740658,0.0,True,False
run-03,outer-context-06,6,6875,True,0,sealed-run03-retrospective,outer_once_8contexts_x_3banks,282640666,29,False,0.2746846083840256,0.2046556893669832,0.16831345542854348,0.15281574837440418,0.2549430032830152,0.09207645945287343,0.024988330427762134,1.3867932483382195,True,True,False,True,True,True,True,False,True,1.3948205746219458,0.3188864673144237,1.1820374392740658,0.0,True,False
run-03,outer-context-06,6,6875,True,0,sealed-run03-retrospective,outer_once_8contexts_x_3banks,282640666,30,False,0.307381653794304,0.2993536144060633,0.10477918335443435,0.2375880595291558,0.02611749689398499,-1.2675120374385016,0.0027642680088720856,1.5240881364376933,False,False,False,True,True,True,True,False,True,1.3948205746219458,0.3188864673144237,1.1820374392740658,0.0,True,False
run-03,outer-context-06,6,6875,True,0,sealed-run03-retrospective,outer_once_8contexts_x_3banks,282640666,31,False,0.2960876407235531,0.3369335006244538,0.053250810800175394,0.2627443713201114,-0.13795192464327516,-3.9340914696315945,0.008630103935220169,1.518005358060016,False,False,False,True,False,True,True,False,True,1.3948205746219458,0.3188864673144237,1.1820374392740658,0.0,True,False
run-03,outer-context-06,6,6875,True,0,sealed-run03-retrospective,outer_once_8contexts_x_3banks,282640666,32,False,0.2468449311882283,0.19532427076169137,0.21418686348505966,0.1614988835247178,0.20871670395877218,0.24599071625145227,0.03552016569383499,1.5027886160211292,True,True,True,True,True,True,True,True,True,1.3948205746219458,0.3188864673144237,1.1820374392740658,0.0,True,False
run-03,outer-context-06,6,6875,True,0,sealed-run03-retrospective,outer_once_8contexts_x_3banks,282640666,33,False,0.33195629698701273,0.13975872712224788,0.29302509807291965,0.07585259725083805,0.5789845579349991,0.7411395892376358,0.016254965745820492,1.2435705418134788,True,True,True,True,True,True,True,True,True,1.3948205746219458,0.3188864673144237,1.1820374392740658,0.0,True,False
run-03,outer-context-06,6,6875,True,0,sealed-run03-retrospective,outer_once_8contexts_x_3banks,282640666,34,True,0.36065186258920456,0.10999399949454608,0.3280145745144197,0.03781119968982236,0.695013360793777,0.8847270742594391,0.012383840205330048,1.1115067240553198,True,True,True,True,True,True,True,True,True,1.3948205746219458,0.3188864673144237,1.1820374392740658,0.0,True,False
run-03,outer-context-06,6,6875,True,0,sealed-run03-retrospective,outer_once_8contexts_x_3banks,282640666,35,True,0.3431796262782083,0.1226207584286669,0.3088406304951574,0.06510090119188629,0.642692196624572,0.7892087544067261,0.024380073376786812,1.227885825867334,True,True,True,True,True,True,True,True,True,1.3948205746219458,0.3188864673144237,1.1820374392740658,0.0,True,False
run-03,outer-context-06,6,6875,True,0,sealed-run03-retrospective,outer_once_8contexts_x_3banks,282640666,36,True,0.28536934210283554,0.17073289454953042,0.23372136268115282,0.11953908383965263,0.40171255506484926,0.4885401896157428,0.0709872895060661,1.3560783187622634,True,True,True,True,True,True,True,True,True,1.3948205746219458,0.3188864673144237,1.1820374392740658,0.0,True,False
run-03,outer-context-06,6,6875,True,0,sealed-run03-retrospective,outer_once_8contexts_x_3banks,282640666,37,True,0.24760182179987536,0.20433492802367872,0.14527108347117493,0.1463749700707937,0.17474384260050874,-0.007598804753444314,0.08949746922675052,1.2984312170649617,False,True,False,True,True,True,True,False,True,1.3948205746219458,0.3188864673144237,1.1820374392740658,0.0,True,False
run-03,outer-context-06,6,6875,True,0,sealed-run03-retrospective,outer_once_8contexts_x_3banks,282640666,38,True,0.2753262330396647,0.18803761726421148,0.09449393678672542,0.09135879421266319,0.3170370466038303,0.03317824064350616,0.042606254172506595,1.187003313364016,True,True,False,True,True,True,True,False,True,1.3948205746219458,0.3188864673144237,1.1820374392740658,0.0,True,False
run-03,outer-context-06,6,6875,True,0,sealed-run03-retrospective,outer_once_8contexts_x_3banks,282640666,39,False,0.302543360543879,0.281092037803101,0.04011645366979734,0.19184104652282694,0.07090330028137182,-3.7821038245775744,0.032642680978076204,1.342373773550035,False,False,False,True,True,True,True,False,True,1.3948205746219458,0.3188864673144237,1.1820374392740658,0.0,True,False
run-03,outer-context-06,6,6875,True,0,sealed-run03-retrospective,outer_once_8contexts_x_3banks,282640666,40,False,0.21617855382177675,0.19367751556044346,0.17878552338651987,0.16701973910449286,0.10408543245174881,0.06580949094290112,0.003226766169109837,1.5642362862636237,True,True,False,True,True,True,True,False,True,1.3948205746219458,0.3188864673144237,1.1820374392740658,0.0,True,False
run-03,outer-context-06,6,6875,True,0,sealed-run03-retrospective,outer_once_8contexts_x_3banks,282640666,41,True,0.24114805655413113,0.17529585899842257,0.169828336590486,0.08399236047936633,0.2730778696569199,0.5054278799073412,0.0396821430661285,1.1616698743164637,True,True,True,True,True,True,True,True,True,1.3948205746219458,0.3188864673144237,1.1820374392740658,0.0,True,False
run-03,outer-context-06,6,6875,True,0,sealed-run03-retrospective,outer_once_8contexts_x_3banks,282640666,42,True,0.28001182238884353,0.1768937711525818,0.2141561431703413,0.09366425874645032,0.36826320530518514,0.5626356668557058,0.006551965685392997,1.2105829167441466,True,True,True,True,True,True,True,True,True,1.3948205746219458,0.3188864673144237,1.1820374392740658,0.0,True,False
run-03,outer-context-06,6,6875,True,0,sealed-run03-retrospective,outer_once_8contexts_x_3banks,282640666,43,True,0.28176103231400784,0.17398709218961794,0.22134954641222004,0.09725644582280125,0.3825012253798159,0.5606205325504474,0.016497433238811247,1.2311870504431797,True,True,True,True,True,True,True,True,True,1.3948205746219458,0.3188864673144237,1.1820374392740658,0.0,True,False
run-03,outer-context-06,6,6875,True,0,sealed-run03-retrospective,outer_once_8contexts_x_3banks,282640666,44,True,0.25333181324853227,0.1852678456209147,0.18384251561531523,0.12089136440105576,0.2686751685657542,0.3424188958879501,0.06525485396400955,1.2645694493591055,True,True,True,True,True,True,True,True,True,1.3948205746219458,0.3188864673144237,1.1820374392740658,0.0,True,False
run-03,outer-context-06,6,6875,True,0,sealed-run03-retrospective,outer_once_8contexts_x_3banks,282640666,45,True,0.2422107757286278,0.18947319748426458,0.1323609692595759,0.12288185641276608,0.2177342361656536,0.07161561976945136,0.020729083187545523,1.2958021528167336,True,True,False,True,True,True,True,False,True,1.3948205746219458,0.3188864673144237,1.1820374392740658,0.0,True,False
run-03,outer-context-06,6,6875,True,0,sealed-run03-retrospective,outer_once_8contexts_x_3banks,282640666,46,True,0.24198886248201049,0.22828301888454383,0.11187536484437127,0.16859253632470853,0.05663832399925245,-0.5069674772389432,0.0665472299735809,1.4085176319914972,False,False,False,True,True,True,True,False,True,1.3948205746219458,0.3188864673144237,1.1820374392740658,0.0,True,False
run-03,outer-context-06,6,6875,True,0,sealed-run03-retrospective,outer_once_8contexts_x_3banks,282640666,47,False,0.23550420401197658,0.2998568956429283,0.0703119873561115,0.24008274571045363,-0.27325495908208514,-2.414535056369527,0.08723810474641426,1.5374886228030549,False,False,False,True,True,True,True,False,True,1.3948205746219458,0.3188864673144237,1.1820374392740658,0.0,True,False
run-03,outer-context-06,6,6875,True,0,sealed-run03-retrospective,outer_once_8contexts_x_3banks,282640666,48,False,0.2007558078782185,0.2465970630437987,0.05337324357250949,0.16343809078496715,-0.22834335728602273,-2.0621727263573657,0.03714434713142727,1.3044177804664674,False,False,False,True,True,True,True,False,True,1.3948205746219458,0.3188864673144237,1.1820374392740658,0.0,True,False
run-03,outer-context-06,6,6875,True,0,sealed-run03-retrospective,outer_once_8contexts_x_3banks,282640666,49,True,0.23695182909105672,0.24839158453716495,0.09881181478460929,0.16896567284514385,-0.04827882312616426,-0.7099743913565038,0.021335891247122006,1.3187972299372301,False,False,False,True,True,True,True,False,True,1.3948205746219458,0.3188864673144237,1.1820374392740658,0.0,True,False
run-03,outer-context-06,6,6875,True,0,sealed-run03-retrospective,outer_once_8contexts_x_3banks,282640666,50,True,0.25960234861449566,0.22403170748346268,0.12248298036047403,0.12801050746534615,0.13701972004827534,-0.04512894027075684,0.00415926668108553,1.2210970618113808,False,True,False,True,True,True,True,False,True,1.3948205746219458,0.3188864673144237,1.1820374392740658,0.0,True,False
run-03,outer-context-06,6,6875,True,0,sealed-run03-retrospective,outer_once_8contexts_x_3banks,282640666,51,True,0.24610161458051247,0.20091713702055253,0.12056113861811267,0.09277277892168442,0.18360089850275152,0.23049184849232524,0.09196419060964948,1.0552127462483156,True,True,True,True,True,True,True,True,True,1.3948205746219458,0.3188864673144237,1.1820374392740658,0.0,True,False
run-03,outer-context-06,6,6875,True,0,sealed-run03-retrospective,outer_once_8contexts_x_3banks,282640666,52,True,0.21421117492473543,0.18105516650290435,0.10122926242750366,0.03644282675129398,0.1547818802332823,0.6399971127183419,0.01843261316175304,1.0549074040609572,True,True,True,True,True,True,True,True,True,1.3948205746219458,0.3188864673144237,1.1820374392740658,0.0,True,False
run-03,outer-context-06,6,6875,True,0,sealed-run03-retrospective,outer_once_8contexts_x_3banks,282640666,53,True,0.23400133314482324,0.18225030880955176,0.07354666085688041,0.04213823086583613,0.2211569636795309,0.42705446617303455,0.00027917734900350126,1.0457501933137514,True,True,True,True,True,True,True,True,True,1.3948205746219458,0.3188864673144237,1.1820374392740658,0.0,True,False
run-03,outer-context-06,6,6875,True,0,sealed-run03-retrospective,outer_once_8contexts_x_3banks,282640666,54,False,0.21423248318045,0.1991718759207082,0.048655768751535766,0.09874701062130715,0.07030029730391586,-1.0295026294942737,0.03916453121784684,1.20241392513113,False,False,False,True,True,True,True,False,True,1.3948205746219458,0.3188864673144237,1.1820374392740658,0.0,True,False
run-03,outer-context-06,6,6875,True,0,sealed-run03-retrospective,outer_once_8contexts_x_3banks,282640666,55,False,0.2309873606436213,0.21052754529880446,0.038216688056035876,0.054677484194615655,0.08857547567887598,-0.43072272810359324,0.038798703083910265,1.054669965327841,False,False,False,True,True,True,True,False,True,1.3948205746219458,0.3188864673144237,1.1820374392740658,0.0,True,False
run-03,outer-context-06,6,6875,True,0,sealed-run03-retrospective,outer_once_8contexts_x_3banks,282640666,56,False,0.21185507071182927,0.2832905581979403,0.05462644954959414,0.21303665257197926,-0.33719035964581384,-2.8998809977311084,0.027865611883929508,1.3966816650049152,False,False,False,True,True,True,True,False,True,1.3948205746219458,0.3188864673144237,1.1820374392740658,0.0,True,False
run-03,outer-context-06,6,6875,True,0,sealed-run03-retrospective,outer_once_8contexts_x_3banks,282640666,57,False,0.22715671013267388,0.30774340424329205,0.06063164298624105,0.24903571584846587,-0.35476255164793696,-3.107355558630974,0.020863584572971803,1.4573395931419484,False,False,False,True,True,True,True,False,True,1.3948205746219458,0.3188864673144237,1.1820374392740658,0.0,True,False
run-03,outer-context-06,6,6875,True,0,sealed-run03-retrospective,outer_once_8contexts_x_3banks,282640666,58,False,0.26146860606063527,0.2610854128858058,0.09010449721040581,0.1777514956756803,0.0014655418124676297,-0.9727261255407403,0.029342385778364018,1.3065640447423241,False,False,False,True,True,True,True,False,True,1.3948205746219458,0.3188864673144237,1.1820374392740658,0.0,True,False
run-03,outer-context-06,6,6875,True,0,sealed-run03-retrospective,outer_once_8contexts_x_3banks,282640666,59,False,0.26091712837941866,0.24864546105318944,0.08505002249711018,0.1369798109344277,0.04703281613763622,-0.6105793615643311,0.048601165249448505,1.1776035251818153,False,False,False,True,True,True,True,False,True,1.3948205746219458,0.3188864673144237,1.1820374392740658,0.0,True,False
run-03,outer-context-06,6,6875,True,0,sealed-run03-retrospective,outer_once_8contexts_x_3banks,282640666,60,False,0.24797068753031798,0.24628244905564073,0.07126840127666148,0.08950815886628741,0.0068082179046700395,-0.2559305002341755,0.054860652602695716,1.0654032167901843,False,False,False,True,True,True,True,False,True,1.3948205746219458,0.3188864673144237,1.1820374392740658,0.0,True,False
run-03,outer-context-06,6,6875,True,0,sealed-run03-retrospective,outer_once_8contexts_x_3banks,282640666,61,False,0.27622074655532153,0.2586626525681484,0.07022109069248583,0.07476870730981021,0.06356544251702896,-0.06476140675797,0.025567898765328324,1.1541546463910923,False,False,False,True,True,True,True,False,True,1.3948205746219458,0.3188864673144237,1.1820374392740658,0.0,True,False
run-03,outer-context-06,6,6875,True,0,sealed-run03-retrospective,outer_once_8contexts_x_3banks,282640666,62,False,0.25271514093351294,0.21417146459531541,0.05523778081085761,0.03778849063601633,0.15251827095052456,0.31589412026870245,0.03125767617394233,1.0180079830529036,True,True,True,True,True,True,True,True,True,1.3948205746219458,0.3188864673144237,1.1820374392740658,0.0,True,False
run-03,outer-context-06,6,6875,True,0,sealed-run03-retrospective,outer_once_8contexts_x_3banks,282640666,63,False,0.35128768289098167,0.2672311741949276,0.1938592745434932,0.08329456870882664,0.2392811157063543,0.5703348787156473,0.010458098254964767,1.028821732312842,True,True,True,True,True,True,True,True,True,1.3948205746219458,0.3188864673144237,1.1820374392740658,0.0,True,False
run-03,outer-context-06,6,6875,True,1,sealed-run03-retrospective,outer_once_8contexts_x_3banks,422746661,0,False,0.25309864562617346,0.22153598148332737,0.17388362501125892,0.18061422842144442,0.12470499028060435,-0.038707517224521246,0.0007348502645888048,1.368148090352894,False,True,False,True,True,True,True,False,True,1.4134228705024712,0.31954321149077536,1.0728260555475013,0.0,True,False
run-03,outer-context-06,6,6875,True,1,sealed-run03-retrospective,outer_once_8contexts_x_3banks,422746661,1,True,0.21987603387932167,0.22208030753348312,0.1484225511072074,0.181591128173143,-0.010025074653526192,-0.22347397224009127,0.04998948442452641,1.3858243598552453,False,False,False,True,True,True,True,False,True,1.4134228705024712,0.31954321149077536,1.0728260555475013,0.0,True,False
run-03,outer-context-06,6,6875,True,1,sealed-run03-retrospective,outer_once_8contexts_x_3banks,422746661,2,False,0.24692133635421049,0.2309383268425302,0.19502762929980622,0.19859404014276008,0.06472915523489849,-0.018286695355720087,0.04872580110124192,1.5775259322988306,False,False,False,True,True,True,True,False,True,1.4134228705024712,0.31954321149077536,1.0728260555475013,0.0,True,False
run-03,outer-context-06,6,6875,True,1,sealed-run03-retrospective,outer_once_8contexts_x_3banks,422746661,3,False,0.3302067534045281,0.206795981597695,0.30884695474763435,0.18356274746084628,0.37373787947833287,0.40565142495628803,0.06620853966984071,1.8456163781853439,True,True,True,True,True,True,True,True,True,1.4134228705024712,0.31954321149077536,1.0728260555475013,0.0,True,False
run-03,outer-context-06,6,6875,True,1,sealed-run03-retrospective,outer_once_8contexts_x_3banks,422746661,4,False,0.28720536399561863,0.1940453790947622,0.24425190702881977,0.1603320899575962,0.32436714831787616,0.3435789635874642,0.07395508428171797,1.5703641971033364,True,True,True,True,True,True,True,True,True,1.4134228705024712,0.31954321149077536,1.0728260555475013,0.0,True,False
run-03,outer-context-06,6,6875,True,1,sealed-run03-retrospective,outer_once_8contexts_x_3banks,422746661,5,False,0.27885272186187293,0.24350629299947468,0.20758951143325105,0.18946539532131915,0.12675662129597848,0.08730747515516739,0.03273737495033079,1.5529575963118294,True,True,False,True,True,True,True,False,True,1.4134228705024712,0.31954321149077536,1.0728260555475013,0.0,True,False
run-03,outer-context-06,6,6875,True,1,sealed-run03-retrospective,outer_once_8contexts_x_3banks,422746661,6,False,0.28146694110087783,0.24043657778799069,0.14037207338126215,0.15044093545468562,0.14577329455604468,-0.07172980943350186,0.023937322747811164,1.3381238485955476,False,True,False,True,True,True,True,False,True,1.4134228705024712,0.31954321149077536,1.0728260555475013,0.0,True,False
run-03,outer-context-06,6,6875,True,1,sealed-run03-retrospective,outer_once_8contexts_x_3banks,422746661,7,False,0.2508551744354074,0.2496866113732316,0.07809830576831019,0.16838171926675113,0.004658317552372023,-1.1560226897402823,0.00046961369362366715,1.3418495704154139,False,False,False,True,True,True,True,False,True,1.4134228705024712,0.31954321149077536,1.0728260555475013,0.0,True,False
run-03,outer-context-06,6,6875,True,1,sealed-run03-retrospective,outer_once_8contexts_x_3banks,422746661,8,False,0.2632057315457879,0.19445935956345317,0.18763415611048836,0.15385208428338149,0.2611887346775937,0.1800422296632086,0.020649621984778616,1.4259235006653586,True,True,True,True,True,True,True,True,True,1.4134228705024712,0.31954321149077536,1.0728260555475013,0.0,True,False
run-03,outer-context-06,6,6875,True,1,sealed-run03-retrospective,outer_once_8contexts_x_3banks,422746661,9,False,0.2669836678378304,0.23181399937785316,0.23288574557264363,0.20188784976523458,0.13172966251006704,0.13310344835055582,0.0329280004980263,1.6922719607303864,True,True,True,True,True,True,True,True,True,1.4134228705024712,0.31954321149077536,1.0728260555475013,0.0,True,False
run-03,outer-context-06,6,6875,True,1,sealed-run03-retrospective,outer_once_8contexts_x_3banks,422746661,10,False,0.2921456581465711,0.19118257818264656,0.2672489512755623,0.16167783236774377,0.34559158128330225,0.39502912323485,0.0013498427379170885,1.7399776949092614,True,True,True,True,True,True,True,True,True,1.4134228705024712,0.31954321149077536,1.0728260555475013,0.0,True,False
run-03,outer-context-06,6,6875,True,1,sealed-run03-retrospective,outer_once_8contexts_x_3banks,422746661,11,False,0.35922076118948004,0.1752830405312232,0.34643603862796185,0.15005024096340105,0.5120464642666749,0.5668746197489568,0.03634968123030497,1.935488014078082,True,True,True,True,True,True,True,True,True,1.4134228705024712,0.31954321149077536,1.0728260555475013,0.0,True,False
run-03,outer-context-06,6,6875,True,1,sealed-run03-retrospective,outer_once_8contexts_x_3banks,422746661,12,False,0.2892806494111518,0.22085402524310366,0.26656129325811856,0.18720713031546204,0.23654062000806014,0.2976957455927996,0.009570051139207772,1.8309301272436211,True,True,True,True,True,True,True,True,True,1.4134228705024712,0.31954321149077536,1.0728260555475013,0.0,True,False
run-03,outer-context-06,6,6875,True,1,sealed-run03-retrospective,outer_once_8contexts_x_3banks,422746661,13,True,0.25237056582432427,0.315617194441322,0.20616896573760424,0.2845485621645941,-0.2506101629182219,-0.3801716526373097,0.04294568082121454,2.0531842811900973,False,False,False,True,False,True,False,False,True,1.4134228705024712,0.31954321149077536,1.0728260555475013,0.0,True,False
run-03,outer-context-06,6,6875,True,1,sealed-run03-retrospective,outer_once_8contexts_x_3banks,422746661,14,False,0.26518708371622035,0.2869729210465043,0.19386950161446867,0.24265724280527934,-0.082152709042184,-0.25165248161534237,0.06953283527611683,1.7413510075136567,False,False,False,True,True,True,True,False,True,1.4134228705024712,0.31954321149077536,1.0728260555475013,0.0,True,False
run-03,outer-context-06,6,6875,True,1,sealed-run03-retrospective,outer_once_8contexts_x_3banks,422746661,15,False,0.21886767658448453,0.2255852521528752,0.13396413413643665,0.1658655049661663,-0.030692405901232463,-0.23813366939870262,0.03040548512012052,1.4395194863055554,False,False,False,True,True,True,True,False,True,1.4134228705024712,0.31954321149077536,1.0728260555475013,0.0,True,False
run-03,outer-context-06,6,6875,True,1,sealed-run03-retrospective,outer_once_8contexts_x_3banks,422746661,16,False,0.4069906692641005,0.17489308317042385,0.3213102044258045,0.13579604208667642,0.5702774132717674,0.5773677890829831,0.03749112013778269,1.538242399392291,True,True,True,True,True,True,True,True,True,1.4134228705024712,0.31954321149077536,1.0728260555475013,0.0,True,False
run-03,outer-context-06,6,6875,True,1,sealed-run03-retrospective,outer_once_8contexts_x_3banks,422746661,17,False,0.39809149475859107,0.11157381669979145,0.36627242159537576,0.07502424658834923,0.7197282077893888,0.7951681803899799,0.006809021983750918,1.4045593007467594,True,True,True,True,True,True,True,True,True,1.4134228705024712,0.31954321149077536,1.0728260555475013,0.0,True,False
run-03,outer-context-06,6,6875,True,1,sealed-run03-retrospective,outer_once_8contexts_x_3banks,422746661,18,False,0.37820356855277887,0.11105960963355602,0.36256694527224664,0.07174578508545487,0.706349651700715,0.8021171372046011,0.0022633749511919814,1.4276512685444436,True,True,True,True,True,True,True,True,True,1.4134228705024712,0.31954321149077536,1.0728260555475013,0.0,True,False
run-03,outer-context-06,6,6875,True,1,sealed-run03-retrospective,outer_once_8contexts_x_3banks,422746661,19,False,0.40765603924541904,0.14508539242454221,0.3862213275529681,0.11414133340263662,0.644098508406502,0.7044665189107592,0.004051884233740623,1.691495381901782,True,True,True,True,True,True,True,True,True,1.4134228705024712,0.31954321149077536,1.0728260555475013,0.0,True,False
run-03,outer-context-06,6,6875,True,1,sealed-run03-retrospective,outer_once_8contexts_x_3banks,422746661,20,True,0.3366596351958673,0.16221957717913923,0.30650824630839707,0.12665355667095704,0.518149608031386,0.5867858101816843,0.03648198075887419,1.5291290641661612,True,True,True,True,True,True,True,True,True,1.4134228705024712,0.31954321149077536,1.0728260555475013,0.0,True,False
run-03,outer-context-06,6,6875,True,1,sealed-run03-retrospective,outer_once_8contexts_x_3banks,422746661,21,True,0.2721388561043113,0.24893169322033598,0.1880613388630532,0.20613830588333273,0.08527691788003985,-0.09612271788324991,0.07706772851515958,1.5774200265415126,False,False,False,True,True,True,True,False,True,1.4134228705024712,0.31954321149077536,1.0728260555475013,0.0,True,False
run-03,outer-context-06,6,6875,True,1,sealed-run03-retrospective,outer_once_8contexts_x_3banks,422746661,22,False,0.31565292011399465,0.3119062592087842,0.1600332712694067,0.2630307562029898,0.011869558830177806,-0.6436004470607418,0.035310311064230604,1.7173026624079206,False,False,False,True,False,True,True,False,True,1.4134228705024712,0.31954321149077536,1.0728260555475013,0.0,True,False
run-03,outer-context-06,6,6875,True,1,sealed-run03-retrospective,outer_once_8contexts_x_3banks,422746661,23,False,0.2810005706131694,0.28105584943366657,0.11570662880548203,0.22462834337235868,-0.00019672138165605365,-0.9413610584920618,0.01792882529765869,1.556597214386679,False,False,False,True,True,True,True,False,True,1.4134228705024712,0.31954321149077536,1.0728260555475013,0.0,True,False
run-03,outer-context-06,6,6875,True,1,sealed-run03-retrospective,outer_once_8contexts_x_3banks,422746661,24,False,0.3048299223769271,0.10728982820926893,0.29547853135050983,0.0771433229433329,0.6480338039892182,0.7389207175535131,0.0026191863788189483,1.4503442639587296,True,True,True,True,True,True,True,True,True,1.4134228705024712,0.31954321149077536,1.0728260555475013,0.0,True,False
run-03,outer-context-06,6,6875,True,1,sealed-run03-retrospective,outer_once_8contexts_x_3banks,422746661,25,False,0.36321826355182296,0.08518271125322659,0.3444659739157773,0.04785948317565608,0.7654778963473764,0.8610617976817709,0.019931027110214994,1.3159301646861572,True,True,True,True,True,True,True,True,True,1.4134228705024712,0.31954321149077536,1.0728260555475013,0.0,True,False
run-03,outer-context-06,6,6875,True,1,sealed-run03-retrospective,outer_once_8contexts_x_3banks,422746661,26,True,0.4058922008328107,0.0782429148295585,0.38247674451635644,0.037014843202335,0.8072322782526505,0.9032232842047941,0.0026884451295343613,1.1619462847542887,True,True,True,True,True,True,True,True,True,1.4134228705024712,0.31954321149077536,1.0728260555475013,0.0,True,False
run-03,outer-context-06,6,6875,True,1,sealed-run03-retrospective,outer_once_8contexts_x_3banks,422746661,27,True,0.3924713894647192,0.10727235833827148,0.365647810220417,0.06214632525326784,0.7266747049139626,0.8300377480291615,0.005477776340413584,1.2550292018836364,True,True,True,True,True,True,True,True,True,1.4134228705024712,0.31954321149077536,1.0728260555475013,0.0,True,False
run-03,outer-context-06,6,6875,True,1,sealed-run03-retrospective,outer_once_8contexts_x_3banks,422746661,28,True,0.3238903122223844,0.16768027173996586,0.2867250615053502,0.13260019122929095,0.48229303127524265,0.5375353987784682,0.04454894273012606,1.444498590048962,True,True,True,True,True,True,True,True,True,1.4134228705024712,0.31954321149077536,1.0728260555475013,0.0,True,False
run-03,outer-context-06,6,6875,True,1,sealed-run03-retrospective,outer_once_8contexts_x_3banks,422746661,29,False,0.2711285341843358,0.21597633753648002,0.17038538380442572,0.16096567131916992,0.20341716084504302,0.05528474494072848,0.024203298330786053,1.4070569438962617,True,True,False,True,True,True,True,False,True,1.4134228705024712,0.31954321149077536,1.0728260555475013,0.0,True,False
run-03,outer-context-06,6,6875,True,1,sealed-run03-retrospective,outer_once_8contexts_x_3banks,422746661,30,False,0.3050242708932927,0.31041165310822005,0.11258619553879122,0.25228721469826726,-0.01766214275064042,-1.2408361299617987,0.00012372441090166292,1.5672264802458904,False,False,False,True,False,True,True,False,True,1.4134228705024712,0.31954321149077536,1.0728260555475013,0.0,True,False
run-03,outer-context-06,6,6875,True,1,sealed-run03-retrospective,outer_once_8contexts_x_3banks,422746661,31,False,0.29261057783519395,0.3435435902127453,0.06047827447449185,0.27806237790944316,-0.17406415295840108,-3.5977234027522167,0.012540569310863692,1.5579296382717722,False,False,False,True,False,True,True,False,True,1.4134228705024712,0.31954321149077536,1.0728260555475013,0.0,True,False
run-03,outer-context-06,6,6875,True,1,sealed-run03-retrospective,outer_once_8contexts_x_3banks,422746661,32,False,0.2327051114234933,0.19069208160621856,0.19197922752128066,0.1572351401591376,0.18054192948437833,0.18097836839296447,0.03740680820434112,1.4876717934155892,True,True,True,True,True,True,True,True,True,1.4134228705024712,0.31954321149077536,1.0728260555475013,0.0,True,False
run-03,outer-context-06,6,6875,True,1,sealed-run03-retrospective,outer_once_8contexts_x_3banks,422746661,33,False,0.3273059430839086,0.13443385081202142,0.28843896867599067,0.0728710944872675,0.5892715862554387,0.7473604387723176,0.015204432899522124,1.2329553308674845,True,True,True,True,True,True,True,True,True,1.4134228705024712,0.31954321149077536,1.0728260555475013,0.0,True,False
run-03,outer-context-06,6,6875,True,1,sealed-run03-retrospective,outer_once_8contexts_x_3banks,422746661,34,True,0.3682235667491358,0.10888062330295756,0.3373736966514945,0.0418620188239692,0.7043083791072612,0.875917953179342,0.011251256798703285,1.1246525590962415,True,True,True,True,True,True,True,True,True,1.4134228705024712,0.31954321149077536,1.0728260555475013,0.0,True,False
run-03,outer-context-06,6,6875,True,1,sealed-run03-retrospective,outer_once_8contexts_x_3banks,422746661,35,True,0.362415827429092,0.12843477393345895,0.32823661752643474,0.0749415414589239,0.6456148870634307,0.7716843963855178,0.0241271054681932,1.2524916406980184,True,True,True,True,True,True,True,True,True,1.4134228705024712,0.31954321149077536,1.0728260555475013,0.0,True,False
run-03,outer-context-06,6,6875,True,1,sealed-run03-retrospective,outer_once_8contexts_x_3banks,422746661,36,True,0.3059455585656222,0.17974920134120148,0.25440257836327473,0.1324517473443289,0.4124797817496439,0.47936161576478153,0.07232308849563195,1.3790876844632738,True,True,True,True,True,True,True,True,True,1.4134228705024712,0.31954321149077536,1.0728260555475013,0.0,True,False
run-03,outer-context-06,6,6875,True,1,sealed-run03-retrospective,outer_once_8contexts_x_3banks,422746661,37,True,0.257637081026974,0.213963971624251,0.1656402660313716,0.1603307037636809,0.1695140669527713,0.032054779884772164,0.09066851655901154,1.3325611631858005,True,True,False,True,True,True,True,False,True,1.4134228705024712,0.31954321149077536,1.0728260555475013,0.0,True,False
run-03,outer-context-06,6,6875,True,1,sealed-run03-retrospective,outer_once_8contexts_x_3banks,422746661,38,True,0.2765954506834974,0.20358097304236644,0.10652971244621362,0.11465308160555146,0.26397569974742624,-0.07625449250545281,0.04351020285375301,1.2379198731330348,False,True,False,True,True,True,True,False,True,1.4134228705024712,0.31954321149077536,1.0728260555475013,0.0,True,False
run-03,outer-context-06,6,6875,True,1,sealed-run03-retrospective,outer_once_8contexts_x_3banks,422746661,39,False,0.29964690460879195,0.292025367535758,0.03795972716030523,0.20427158378088814,0.025435060251946803,-4.381271127641202,0.03561297090850496,1.3718853410270602,False,False,False,True,True,True,True,False,True,1.4134228705024712,0.31954321149077536,1.0728260555475013,0.0,True,False
run-03,outer-context-06,6,6875,True,1,sealed-run03-retrospective,outer_once_8contexts_x_3banks,422746661,40,False,0.2278985436818249,0.1982463306868809,0.18831329922602763,0.16691329122204646,0.13011146326736614,0.11364044967581016,0.00021804904040628216,1.5768746074875133,True,True,True,True,True,True,True,True,True,1.4134228705024712,0.31954321149077536,1.0728260555475013,0.0,True,False
run-03,outer-context-06,6,6875,True,1,sealed-run03-retrospective,outer_once_8contexts_x_3banks,422746661,41,True,0.24890828611387417,0.1763987895398689,0.17475678495492292,0.08202032051955344,0.291310095401294,0.5306601655511692,0.03988736849496774,1.1537707099990893,True,True,True,True,True,True,True,True,True,1.4134228705024712,0.31954321149077536,1.0728260555475013,0.0,True,False
run-03,outer-context-06,6,6875,True,1,sealed-run03-retrospective,outer_once_8contexts_x_3banks,422746661,42,True,0.2872426789985061,0.17810278673742191,0.21892751134798036,0.09973275321279332,0.3799570893907858,0.5444485135800482,0.005468259851410567,1.2306018320746992,True,True,True,True,True,True,True,True,True,1.4134228705024712,0.31954321149077536,1.0728260555475013,0.0,True,False
run-03,outer-context-06,6,6875,True,1,sealed-run03-retrospective,outer_once_8contexts_x_3banks,422746661,43,True,0.29454145881340416,0.17655035269081087,0.23455294828381096,0.10884922932586545,0.4005925230286246,0.5359289656246103,0.016288445191698378,1.2533865736252239,True,True,True,True,True,True,True,True,True,1.4134228705024712,0.31954321149077536,1.0728260555475013,0.0,True,False
run-03,outer-context-06,6,6875,True,1,sealed-run03-retrospective,outer_once_8contexts_x_3banks,422746661,44,True,0.2723453033362441,0.19141638075404455,0.20366679776023613,0.1303905622525684,0.29715556534596366,0.35978488547716625,0.06624865610597697,1.2893167778136545,True,True,True,True,True,True,True,True,True,1.4134228705024712,0.31954321149077536,1.0728260555475013,0.0,True,False
run-03,outer-context-06,6,6875,True,1,sealed-run03-retrospective,outer_once_8contexts_x_3banks,422746661,45,True,0.2535526876810916,0.20241835928955534,0.15761393962399464,0.14024299926557857,0.20167141141036132,0.11021195460158131,0.01989327316202627,1.3439445021287917,True,True,True,True,True,True,True,True,True,1.4134228705024712,0.31954321149077536,1.0728260555475013,0.0,True,False
run-03,outer-context-06,6,6875,True,1,sealed-run03-retrospective,outer_once_8contexts_x_3banks,422746661,46,True,0.24930164644425037,0.2467837135838743,0.12300285585954489,0.19394089284774954,0.010099944770878777,-0.576718617567772,0.06591546794307283,1.4592769716787333,False,False,False,True,True,True,True,False,True,1.4134228705024712,0.31954321149077536,1.0728260555475013,0.0,True,False
run-03,outer-context-06,6,6875,True,1,sealed-run03-retrospective,outer_once_8contexts_x_3banks,422746661,47,False,0.24009653327652586,0.30499232408914295,0.07802552831579722,0.25387817119769324,-0.27029041163986656,-2.253783430599245,0.08724951733415065,1.5579221635948042,False,False,False,True,False,True,True,False,True,1.4134228705024712,0.31954321149077536,1.0728260555475013,0.0,True,False
run-03,outer-context-06,6,6875,True,1,sealed-run03-retrospective,outer_once_8contexts_x_3banks,422746661,48,False,0.20664565296574874,0.2462829811817708,0.06250902568390368,0.15995515018846293,-0.1918130270206647,-1.5589128679964694,0.03731210667009608,1.2902648650481845,False,False,False,True,True,True,True,False,True,1.4134228705024712,0.31954321149077536,1.0728260555475013,0.0,True,False
run-03,outer-context-06,6,6875,True,1,sealed-run03-retrospective,outer_once_8contexts_x_3banks,422746661,49,True,0.25061847964688677,0.2527135288312515,0.12034647850473733,0.17496503103868613,-0.008359515975504127,-0.4538442105873401,0.02162670132977864,1.3257649627365304,False,False,False,True,True,True,True,False,True,1.4134228705024712,0.31954321149077536,1.0728260555475013,0.0,True,False
run-03,outer-context-06,6,6875,True,1,sealed-run03-retrospective,outer_once_8contexts_x_3banks,422746661,50,True,0.274555230013836,0.22763186309897057,0.14118031196959308,0.13461449273341938,0.17090684053806143,0.04650662082109448,0.004059235403701624,1.2404251547233183,True,True,False,True,True,True,True,False,True,1.4134228705024712,0.31954321149077536,1.0728260555475013,0.0,True,False
run-03,outer-context-06,6,6875,True,1,sealed-run03-retrospective,outer_once_8contexts_x_3banks,422746661,51,True,0.2646699438541025,0.20252183863722736,0.14023551043167556,0.09540940587835992,0.23481361091433123,0.3196487424285839,0.09336935640339421,1.0746304308590422,True,True,True,True,True,True,True,True,True,1.4134228705024712,0.31954321149077536,1.0728260555475013,0.0,True,False
run-03,outer-context-06,6,6875,True,1,sealed-run03-retrospective,outer_once_8contexts_x_3banks,422746661,52,True,0.2277633130256102,0.17924987939210343,0.12662592804866643,0.03824285029482536,0.21299933246076297,0.6979856267657332,0.019028171014536098,1.0219367445947818,True,True,True,True,True,True,True,True,True,1.4134228705024712,0.31954321149077536,1.0728260555475013,0.0,True,False
run-03,outer-context-06,6,6875,True,1,sealed-run03-retrospective,outer_once_8contexts_x_3banks,422746661,53,True,0.2225493625742775,0.18677143189149,0.09216534838982085,0.06131355122990985,0.16076402227773773,0.33474399759680623,0.0003852846282491602,1.087756064487024,True,True,True,True,True,True,True,True,True,1.4134228705024712,0.31954321149077536,1.0728260555475013,0.0,True,False
run-03,outer-context-06,6,6875,True,1,sealed-run03-retrospective,outer_once_8contexts_x_3banks,422746661,54,False,0.2039498053019546,0.219153139962628,0.05435282605407466,0.12051377563505883,-0.07454449215170535,-1.2172494860738579,0.04033968657446375,1.2376699707948888,False,False,False,True,True,True,True,False,True,1.4134228705024712,0.31954321149077536,1.0728260555475013,0.0,True,False
run-03,outer-context-06,6,6875,True,1,sealed-run03-retrospective,outer_once_8contexts_x_3banks,422746661,55,False,0.2254728059695675,0.21673472282171574,0.03792643307440475,0.06073105751605269,0.03875448797595202,-0.6012857680792029,0.03982560223250042,1.0617785522144862,False,False,False,True,True,True,True,False,True,1.4134228705024712,0.31954321149077536,1.0728260555475013,0.0,True,False
run-03,outer-context-06,6,6875,True,1,sealed-run03-retrospective,outer_once_8contexts_x_3banks,422746661,56,False,0.2159173948296852,0.2800813489674975,0.06408775550525678,0.21488768645952905,-0.2971689899668554,-2.3530225043051,0.02773054890129604,1.3892653854180947,False,False,False,True,True,True,True,False,True,1.4134228705024712,0.31954321149077536,1.0728260555475013,0.0,True,False
run-03,outer-context-06,6,6875,True,1,sealed-run03-retrospective,outer_once_8contexts_x_3banks,422746661,57,False,0.23468455007656303,0.3146689131336625,0.07709004202953926,0.2600472491277926,-0.3408164833646082,-2.373292351146313,0.0216892504262161,1.4723037004742041,False,False,False,True,False,True,True,False,True,1.4134228705024712,0.31954321149077536,1.0728260555475013,0.0,True,False
run-03,outer-context-06,6,6875,True,1,sealed-run03-retrospective,outer_once_8contexts_x_3banks,422746661,58,False,0.2679975781841805,0.2602369083063197,0.10860751690759474,0.18651278134528534,0.028957985107340562,-0.7173100597076889,0.030201520138115112,1.3190992415462122,False,False,False,True,True,True,True,False,True,1.4134228705024712,0.31954321149077536,1.0728260555475013,0.0,True,False
run-03,outer-context-06,6,6875,True,1,sealed-run03-retrospective,outer_once_8contexts_x_3banks,422746661,59,False,0.26474009970263146,0.24897112173419872,0.10360425802880238,0.14185123077697281,0.05956399497524251,-0.3691641007412806,0.04820402655835782,1.175972248739734,False,False,False,True,True,True,True,False,True,1.4134228705024712,0.31954321149077536,1.0728260555475013,0.0,True,False
run-03,outer-context-06,6,6875,True,1,sealed-run03-retrospective,outer_once_8contexts_x_3banks,422746661,60,False,0.25876667153613503,0.24417153724955473,0.08806004872677624,0.09852022711561353,0.05640268199895358,-0.1187846082312772,0.05390987176870912,1.1257469425467783,False,False,False,True,True,True,True,False,True,1.4134228705024712,0.31954321149077536,1.0728260555475013,0.0,True,False
run-03,outer-context-06,6,6875,True,1,sealed-run03-retrospective,outer_once_8contexts_x_3banks,422746661,61,False,0.2700179884458812,0.2598277887186786,0.060873118111568,0.08386156282496544,0.0377389661550085,-0.37764526323859926,0.023693088068906493,1.1757572406987191,False,False,False,True,True,True,True,False,True,1.4134228705024712,0.31954321149077536,1.0728260555475013,0.0,True,False
run-03,outer-context-06,6,6875,True,1,sealed-run03-retrospective,outer_once_8contexts_x_3banks,422746661,62,False,0.24333516589109092,0.2261662104638101,0.04890484025500767,0.04726458669845874,0.07055681970342538,0.03353969766583539,0.03277250665366618,1.0012655349551545,True,False,False,True,True,True,True,False,True,1.4134228705024712,0.31954321149077536,1.0728260555475013,0.0,True,False
run-03,outer-context-06,6,6875,True,1,sealed-run03-retrospective,outer_once_8contexts_x_3banks,422746661,63,False,0.343621360592942,0.2730866879152355,0.18241652852273024,0.08777896420362852,0.20526859144028226,0.5187992836258217,0.012471445208740255,1.0293936464537223,True,True,True,True,True,True,True,True,True,1.4134228705024712,0.31954321149077536,1.0728260555475013,0.0,True,False
run-03,outer-context-06,6,6875,True,2,sealed-run03-retrospective,outer_once_8contexts_x_3banks,324199124,0,False,0.24996286925631683,0.24117732783813742,0.16489525716379919,0.19796698187063086,0.03514738586702071,-0.20056201297518084,0.0040602231789070835,1.4297605036732746,False,False,False,True,True,True,True,False,True,1.4214053546459584,0.32581491928116696,1.1637508908849048,0.0,True,False
run-03,outer-context-06,6,6875,True,2,sealed-run03-retrospective,outer_once_8contexts_x_3banks,324199124,1,True,0.22311738981142037,0.24015377356569556,0.14530414068678235,0.19984158960028223,-0.07635614493641396,-0.3753330679754049,0.05139882070931353,1.446218871549405,False,False,False,True,True,True,True,False,True,1.4214053546459584,0.32581491928116696,1.1637508908849048,0.0,True,False
run-03,outer-context-06,6,6875,True,2,sealed-run03-retrospective,outer_once_8contexts_x_3banks,324199124,2,False,0.25252639484111034,0.23880763217320955,0.19732510250170612,0.19759930049546584,0.05432605441713384,-0.0013895748198450646,0.054719196770227276,1.5975852081257325,False,False,False,True,True,True,True,False,True,1.4214053546459584,0.32581491928116696,1.1637508908849048,0.0,True,False
run-03,outer-context-06,6,6875,True,2,sealed-run03-retrospective,outer_once_8contexts_x_3banks,324199124,3,False,0.31767300106114704,0.20019635667021374,0.29238748298513934,0.17280331382326844,0.36980367862083724,0.40899209480847987,0.06343752146815623,1.7911414978190978,True,True,True,True,True,True,True,True,True,1.4214053546459584,0.32581491928116696,1.1637508908849048,0.0,True,False
run-03,outer-context-06,6,6875,True,2,sealed-run03-retrospective,outer_once_8contexts_x_3banks,324199124,4,False,0.27697680653380924,0.18928153483814705,0.2312678077881408,0.15144274725487317,0.31661593904960283,0.34516287111777166,0.07423878976064753,1.5417354644236034,True,True,True,True,True,True,True,True,True,1.4214053546459584,0.32581491928116696,1.1637508908849048,0.0,True,False
run-03,outer-context-06,6,6875,True,2,sealed-run03-retrospective,outer_once_8contexts_x_3banks,324199124,5,False,0.2683372545539284,0.23980928957652148,0.1950695614207342,0.1855238033731553,0.10631384384114119,0.0489351489697063,0.03308280676147567,1.5517013593062796,True,True,False,True,True,True,True,False,True,1.4214053546459584,0.32581491928116696,1.1637508908849048,0.0,True,False
run-03,outer-context-06,6,6875,True,2,sealed-run03-retrospective,outer_once_8contexts_x_3banks,324199124,6,False,0.28668142307930744,0.24671381468871004,0.14987590803852346,0.15733797850774198,0.13941471324265325,-0.04978832533445264,0.023579693666039563,1.3468099695297238,False,True,False,True,True,True,True,False,True,1.4214053546459584,0.32581491928116696,1.1637508908849048,0.0,True,False
run-03,outer-context-06,6,6875,True,2,sealed-run03-retrospective,outer_once_8contexts_x_3banks,324199124,7,False,0.24159584112371377,0.25708234928143564,0.09167576777249599,0.17433307246777766,-0.0641008888468064,-0.9016265334194453,0.0004924110982913678,1.3607171366797979,False,False,False,True,True,True,True,False,True,1.4214053546459584,0.32581491928116696,1.1637508908849048,0.0,True,False
run-03,outer-context-06,6,6875,True,2,sealed-run03-retrospective,outer_once_8contexts_x_3banks,324199124,8,False,0.27919650133716606,0.2133060649275267,0.19656462091454113,0.1712692298071371,0.23600022240274451,0.12868740564662198,0.022625900192335652,1.4727519299918925,True,True,True,True,True,True,True,True,True,1.4214053546459584,0.32581491928116696,1.1637508908849048,0.0,True,False
run-03,outer-context-06,6,6875,True,2,sealed-run03-retrospective,outer_once_8contexts_x_3banks,324199124,9,False,0.286906354273462,0.25908516381673863,0.25015608700183295,0.23016149416172194,0.09696958621629509,0.07992846818060641,0.03390422683216223,1.784167683747328,True,False,False,True,True,True,True,False,True,1.4214053546459584,0.32581491928116696,1.1637508908849048,0.0,True,False
run-03,outer-context-06,6,6875,True,2,sealed-run03-retrospective,outer_once_8contexts_x_3banks,324199124,10,False,0.2971284295993355,0.19130797947446557,0.27258637934641883,0.15703396888379265,0.35614380713270727,0.42391116804767187,0.004718442806474259,1.7326140191898347,True,True,True,True,True,True,True,True,True,1.4214053546459584,0.32581491928116696,1.1637508908849048,0.0,True,False
run-03,outer-context-06,6,6875,True,2,sealed-run03-retrospective,outer_once_8contexts_x_3banks,324199124,11,False,0.34723325943390815,0.17833490429831172,0.3326326291816241,0.15104471369176295,0.4864118011360726,0.5459113134409629,0.03445320968140459,1.9228462396699308,True,True,True,True,True,True,True,True,True,1.4214053546459584,0.32581491928116696,1.1637508908849048,0.0,True,False
run-03,outer-context-06,6,6875,True,2,sealed-run03-retrospective,outer_once_8contexts_x_3banks,324199124,12,False,0.2885126316433131,0.23507661846177583,0.2628325669676866,0.20109103688430688,0.18521204037818342,0.2349082185502925,0.007937666618980372,1.8901804750536828,True,True,True,True,True,True,True,True,True,1.4214053546459584,0.32581491928116696,1.1637508908849048,0.0,True,False
run-03,outer-context-06,6,6875,True,2,sealed-run03-retrospective,outer_once_8contexts_x_3banks,324199124,13,True,0.2676379916300077,0.3330959187379248,0.21657924835446915,0.3017600449863324,-0.2445763649220942,-0.39330082304307495,0.04616640800471234,2.131020090257725,False,False,False,True,False,True,False,False,True,1.4214053546459584,0.32581491928116696,1.1637508908849048,0.0,True,False
run-03,outer-context-06,6,6875,True,2,sealed-run03-retrospective,outer_once_8contexts_x_3banks,324199124,14,False,0.27302461884787066,0.29186408180104656,0.2048189053451522,0.24756192207891264,-0.06900279920791044,-0.20868687224810475,0.07191128262994156,1.7815181258645105,False,False,False,True,True,True,True,False,True,1.4214053546459584,0.32581491928116696,1.1637508908849048,0.0,True,False
run-03,outer-context-06,6,6875,True,2,sealed-run03-retrospective,outer_once_8contexts_x_3banks,324199124,15,False,0.21625755259967216,0.22534314849776346,0.14152083386310535,0.1635828659558772,-0.042012848979708056,-0.15589246820092015,0.03092815691729962,1.4439754811678311,False,False,False,True,True,True,True,False,True,1.4214053546459584,0.32581491928116696,1.1637508908849048,0.0,True,False
run-03,outer-context-06,6,6875,True,2,sealed-run03-retrospective,outer_once_8contexts_x_3banks,324199124,16,False,0.4424217370676595,0.1775752334690879,0.36183516251334447,0.13647418364537942,0.5986290487306429,0.6228277464870589,0.03800412675144936,1.5280294570440696,True,True,True,True,True,True,True,True,True,1.4214053546459584,0.32581491928116696,1.1637508908849048,0.0,True,False
run-03,outer-context-06,6,6875,True,2,sealed-run03-retrospective,outer_once_8contexts_x_3banks,324199124,17,False,0.3998510472262646,0.11690542776784689,0.36831144663389065,0.07224884697010858,0.7076275563642744,0.803837628098685,0.010964410118788978,1.3983512128743458,True,True,True,True,True,True,True,True,True,1.4214053546459584,0.32581491928116696,1.1637508908849048,0.0,True,False
run-03,outer-context-06,6,6875,True,2,sealed-run03-retrospective,outer_once_8contexts_x_3banks,324199124,18,False,0.35274731542823684,0.11109256815418352,0.3364880126895994,0.06652420869592783,0.6850647381417584,0.8022984291054239,0.0002448044804150371,1.3974062650374348,True,True,True,True,True,True,True,True,True,1.4214053546459584,0.32581491928116696,1.1637508908849048,0.0,True,False
run-03,outer-context-06,6,6875,True,2,sealed-run03-retrospective,outer_once_8contexts_x_3banks,324199124,19,False,0.37922960466912403,0.1450108712509747,0.35950488742111303,0.11269870507384085,0.6176172179977986,0.6865169041726294,0.004812234299833957,1.6882040237045133,True,True,True,True,True,True,True,True,True,1.4214053546459584,0.32581491928116696,1.1637508908849048,0.0,True,False
run-03,outer-context-06,6,6875,True,2,sealed-run03-retrospective,outer_once_8contexts_x_3banks,324199124,20,True,0.3168704471528528,0.16304465985650274,0.2870127980432641,0.12757095954622497,0.4854532465192223,0.5555217035060749,0.03803427871753278,1.5480831278915397,True,True,True,True,True,True,True,True,True,1.4214053546459584,0.32581491928116696,1.1637508908849048,0.0,True,False
run-03,outer-context-06,6,6875,True,2,sealed-run03-retrospective,outer_once_8contexts_x_3banks,324199124,21,True,0.28807631188516397,0.26878866739095936,0.20549947494703888,0.22832362322366195,0.06695324710312613,-0.11106669874706634,0.08043844136700035,1.6600461417161372,False,False,False,True,True,True,True,False,True,1.4214053546459584,0.32581491928116696,1.1637508908849048,0.0,True,False
run-03,outer-context-06,6,6875,True,2,sealed-run03-retrospective,outer_once_8contexts_x_3banks,324199124,22,False,0.3293153699690132,0.3415041956052395,0.18759083289712045,0.2957088136558472,-0.03701262299835308,-0.5763500224876202,0.03570181271610737,1.786525182106314,False,False,False,True,False,True,True,False,True,1.4214053546459584,0.32581491928116696,1.1637508908849048,0.0,True,False
run-03,outer-context-06,6,6875,True,2,sealed-run03-retrospective,outer_once_8contexts_x_3banks,324199124,23,False,0.2921207573646842,0.3072670830096093,0.13973613442338323,0.24904555663368355,-0.05184953572476338,-0.7822559473350413,0.016778307008862174,1.596587565488093,False,False,False,True,True,True,True,False,True,1.4214053546459584,0.32581491928116696,1.1637508908849048,0.0,True,False
run-03,outer-context-06,6,6875,True,2,sealed-run03-retrospective,outer_once_8contexts_x_3banks,324199124,24,False,0.29457430439110843,0.1088239478729773,0.28179995502431343,0.07601428373417692,0.6305721637943988,0.7302544504394315,0.0005129011171907044,1.4379170192279607,True,True,True,True,True,True,True,True,True,1.4214053546459584,0.32581491928116696,1.1637508908849048,0.0,True,False
run-03,outer-context-06,6,6875,True,2,sealed-run03-retrospective,outer_once_8contexts_x_3banks,324199124,25,False,0.36439244513682506,0.0842659376454712,0.34788641104790974,0.049578375614184676,0.7687494931080958,0.8574868864097227,0.021197252453449066,1.3320008843035103,True,True,True,True,True,True,True,True,True,1.4214053546459584,0.32581491928116696,1.1637508908849048,0.0,True,False
run-03,outer-context-06,6,6875,True,2,sealed-run03-retrospective,outer_once_8contexts_x_3banks,324199124,26,True,0.38656530794874056,0.07786037234412323,0.36560172149834314,0.03446281551860754,0.7985841700144295,0.9057367252611153,0.002654424957814254,1.1485202854272631,True,True,True,True,True,True,True,True,True,1.4214053546459584,0.32581491928116696,1.1637508908849048,0.0,True,False
run-03,outer-context-06,6,6875,True,2,sealed-run03-retrospective,outer_once_8contexts_x_3banks,324199124,27,True,0.3689408832047946,0.10373058809394231,0.3429950889033599,0.055246083313650475,0.7188422513848575,0.838930395504245,0.00585986273161103,1.2259555384819232,True,True,True,True,True,True,True,True,True,1.4214053546459584,0.32581491928116696,1.1637508908849048,0.0,True,False
run-03,outer-context-06,6,6875,True,2,sealed-run03-retrospective,outer_once_8contexts_x_3banks,324199124,28,True,0.31614855014858245,0.16858481223149685,0.27741966992705086,0.13483308065913258,0.46675443505192127,0.5139743310393682,0.04587281129593665,1.4703191876863941,True,True,True,True,True,True,True,True,True,1.4214053546459584,0.32581491928116696,1.1637508908849048,0.0,True,False
run-03,outer-context-06,6,6875,True,2,sealed-run03-retrospective,outer_once_8contexts_x_3banks,324199124,29,False,0.2876005443198219,0.22916250848498917,0.1855905111801194,0.18171244380852097,0.2031916732739128,0.020895827846687094,0.02526892998123827,1.459593660197514,True,True,False,True,True,True,True,False,True,1.4214053546459584,0.32581491928116696,1.1637508908849048,0.0,True,False
run-03,outer-context-06,6,6875,True,2,sealed-run03-retrospective,outer_once_8contexts_x_3banks,324199124,30,False,0.309332466394824,0.3363451552180441,0.12974047996769308,0.2844675947551678,-0.08732574740066829,-1.1925893508795682,0.0004452807333780557,1.6230649550775622,False,False,False,True,False,True,True,False,True,1.4214053546459584,0.32581491928116696,1.1637508908849048,0.0,True,False
run-03,outer-context-06,6,6875,True,2,sealed-run03-retrospective,outer_once_8contexts_x_3banks,324199124,31,False,0.2917980018886888,0.37390985724686343,0.07428808975656995,0.3147010912216499,-0.28139964916379906,-3.2362253795039617,0.012789437276951313,1.60933178871754,False,False,False,False,False,True,True,False,True,1.4214053546459584,0.32581491928116696,1.1637508908849048,0.0,True,False
run-03,outer-context-06,6,6875,True,2,sealed-run03-retrospective,outer_once_8contexts_x_3banks,324199124,32,False,0.22446652522015956,0.17711219433802725,0.1874278379245989,0.13798295842766048,0.21096388798145557,0.2638075541202679,0.03765557682592279,1.4542618873251654,True,True,True,True,True,True,True,True,True,1.4214053546459584,0.32581491928116696,1.1637508908849048,0.0,True,False
run-03,outer-context-06,6,6875,True,2,sealed-run03-retrospective,outer_once_8contexts_x_3banks,324199124,33,False,0.3097179090138275,0.1328488997360029,0.27288480303709384,0.05955603115339558,0.5710648436217106,0.7817539471214159,0.013886872442460821,1.1895331616367528,True,True,True,True,True,True,True,True,True,1.4214053546459584,0.32581491928116696,1.1637508908849048,0.0,True,False
run-03,outer-context-06,6,6875,True,2,sealed-run03-retrospective,outer_once_8contexts_x_3banks,324199124,34,True,0.35163934989970985,0.10759674603677676,0.32234602190175476,0.03384809662181381,0.6940139206051196,0.8949945266204337,0.010449823562508679,1.0898483898676279,True,True,True,True,True,True,True,True,True,1.4214053546459584,0.32581491928116696,1.1637508908849048,0.0,True,False
run-03,outer-context-06,6,6875,True,2,sealed-run03-retrospective,outer_once_8contexts_x_3banks,324199124,35,True,0.34478752590012485,0.12600857845313532,0.31167296256469107,0.07129416931720012,0.6345326643585232,0.771253275450859,0.023420805215826505,1.2454515558970936,True,True,True,True,True,True,True,True,True,1.4214053546459584,0.32581491928116696,1.1637508908849048,0.0,True,False
run-03,outer-context-06,6,6875,True,2,sealed-run03-retrospective,outer_once_8contexts_x_3banks,324199124,36,True,0.3020052711772875,0.18059143992149498,0.24822929774629057,0.1335529201894573,0.4020255367811723,0.461977609403872,0.07014415576085896,1.396898361129887,True,True,True,True,True,True,True,True,True,1.4214053546459584,0.32581491928116696,1.1637508908849048,0.0,True,False
run-03,outer-context-06,6,6875,True,2,sealed-run03-retrospective,outer_once_8contexts_x_3banks,324199124,37,True,0.2711042526969608,0.22346163667300498,0.17295630366402603,0.1719031776634384,0.17573540639810822,0.0060889714816834,0.09124404576451754,1.350476706869177,True,True,False,True,True,True,True,False,True,1.4214053546459584,0.32581491928116696,1.1637508908849048,0.0,True,False
run-03,outer-context-06,6,6875,True,2,sealed-run03-retrospective,outer_once_8contexts_x_3banks,324199124,38,True,0.2908448497136747,0.2082736034643012,0.13569673682056518,0.11303572344868265,0.2839013526650433,0.16699748205329135,0.045391781855624896,1.2267241634618444,True,True,True,True,True,True,True,True,True,1.4214053546459584,0.32581491928116696,1.1637508908849048,0.0,True,False
run-03,outer-context-06,6,6875,True,2,sealed-run03-retrospective,outer_once_8contexts_x_3banks,324199124,39,False,0.29599403206604297,0.30311373241645556,0.04053621012271348,0.2244868608942611,-0.024053526690105794,-4.53793411408422,0.03513307301593204,1.3940225556290122,False,False,False,True,True,True,True,False,True,1.4214053546459584,0.32581491928116696,1.1637508908849048,0.0,True,False
run-03,outer-context-06,6,6875,True,2,sealed-run03-retrospective,outer_once_8contexts_x_3banks,324199124,40,False,0.22669130486609498,0.18683450894049808,0.18637738154435493,0.15146105852170985,0.17581969431575703,0.1873420622895463,0.0027391668685385687,1.5333759996453966,True,True,True,True,True,True,True,True,True,1.4214053546459584,0.32581491928116696,1.1637508908849048,0.0,True,False
run-03,outer-context-06,6,6875,True,2,sealed-run03-retrospective,outer_once_8contexts_x_3banks,324199124,41,True,0.22648197460971362,0.1686644161166268,0.15039180009610847,0.06486419555032032,0.2552854751143938,0.5686985892258182,0.03704455164287139,1.125993997231307,True,True,True,True,True,True,True,True,True,1.4214053546459584,0.32581491928116696,1.1637508908849048,0.0,True,False
run-03,outer-context-06,6,6875,True,2,sealed-run03-retrospective,outer_once_8contexts_x_3banks,324199124,42,True,0.26722510647555836,0.173907068769211,0.19819745548359438,0.08919531554935327,0.3492113407198985,0.5499674033063642,0.004309831518803157,1.1990825279146335,True,True,True,True,True,True,True,True,True,1.4214053546459584,0.32581491928116696,1.1637508908849048,0.0,True,False
run-03,outer-context-06,6,6875,True,2,sealed-run03-retrospective,outer_once_8contexts_x_3banks,324199124,43,True,0.28193805528520327,0.17487411104715364,0.21558582296906942,0.10521664346940121,0.3797427918332832,0.5119500808525017,0.01462702654385501,1.2432684494778394,True,True,True,True,True,True,True,True,True,1.4214053546459584,0.32581491928116696,1.1637508908849048,0.0,True,False
run-03,outer-context-06,6,6875,True,2,sealed-run03-retrospective,outer_once_8contexts_x_3banks,324199124,44,True,0.26560475815187606,0.1916884168119006,0.18972417518178522,0.13011072504419782,0.278294492366395,0.3142111440488196,0.06847280065130262,1.2862686175406388,True,True,True,True,True,True,True,True,True,1.4214053546459584,0.32581491928116696,1.1637508908849048,0.0,True,False
run-03,outer-context-06,6,6875,True,2,sealed-run03-retrospective,outer_once_8contexts_x_3banks,324199124,45,True,0.26227326599262596,0.20771853420946626,0.1524337272967747,0.14226232373513845,0.20800721559128926,0.06672672604687713,0.02543275999296923,1.3398944688794456,True,True,False,True,True,True,True,False,True,1.4214053546459584,0.32581491928116696,1.1637508908849048,0.0,True,False
run-03,outer-context-06,6,6875,True,2,sealed-run03-retrospective,outer_once_8contexts_x_3banks,324199124,46,True,0.253300554537306,0.2501415113878661,0.13922865316234956,0.1900278189863723,0.01247152085872996,-0.3648614324006112,0.07063565751443061,1.4522987016320201,False,False,False,True,True,True,True,False,True,1.4214053546459584,0.32581491928116696,1.1637508908849048,0.0,True,False
run-03,outer-context-06,6,6875,True,2,sealed-run03-retrospective,outer_once_8contexts_x_3banks,324199124,47,False,0.24372412376806668,0.321528869867322,0.09375546148831197,0.26326593855154895,-0.31923284776395805,-1.808006428344113,0.08992299156529264,1.5720613052382604,False,False,False,True,False,True,True,False,True,1.4214053546459584,0.32581491928116696,1.1637508908849048,0.0,True,False
run-03,outer-context-06,6,6875,True,2,sealed-run03-retrospective,outer_once_8contexts_x_3banks,324199124,48,False,0.19731503815375162,0.25315320222434196,0.04700140399804848,0.1690104631002228,-0.28298990585340067,-2.595859883403487,0.04152367921654397,1.3016661411585666,False,False,False,True,True,True,True,False,True,1.4214053546459584,0.32581491928116696,1.1637508908849048,0.0,True,False
run-03,outer-context-06,6,6875,True,2,sealed-run03-retrospective,outer_once_8contexts_x_3banks,324199124,49,True,0.2326812603378922,0.24818970090127163,0.09886570496154398,0.16270916598571075,-0.066651008082295,-0.6457594273868791,0.02342793792404094,1.3068596506926606,False,False,False,True,True,True,True,False,True,1.4214053546459584,0.32581491928116696,1.1637508908849048,0.0,True,False
run-03,outer-context-06,6,6875,True,2,sealed-run03-retrospective,outer_once_8contexts_x_3banks,324199124,50,True,0.2561563441525477,0.22308504003568747,0.11742300958783328,0.12444880456452909,0.1291059342147911,-0.05983320476418604,0.004561452472798119,1.2233472669850614,False,True,False,True,True,True,True,False,True,1.4214053546459584,0.32581491928116696,1.1637508908849048,0.0,True,False
run-03,outer-context-06,6,6875,True,2,sealed-run03-retrospective,outer_once_8contexts_x_3banks,324199124,51,True,0.24629273261208237,0.19821609514186303,0.12009334783706428,0.09349309892668518,0.1952012020831379,0.22149643914056572,0.09270606537545137,1.07106902499249,True,True,True,True,True,True,True,True,True,1.4214053546459584,0.32581491928116696,1.1637508908849048,0.0,True,False
run-03,outer-context-06,6,6875,True,2,sealed-run03-retrospective,outer_once_8contexts_x_3banks,324199124,52,True,0.22149731636637723,0.17815901637509904,0.10649868926400786,0.03334868775677954,0.19566060980889088,0.6868629277294777,0.016758124183684383,1.0216734701447951,True,True,True,True,True,True,True,True,True,1.4214053546459584,0.32581491928116696,1.1637508908849048,0.0,True,False
run-03,outer-context-06,6,6875,True,2,sealed-run03-retrospective,outer_once_8contexts_x_3banks,324199124,53,True,0.2376896095339484,0.1931188495797905,0.08524667093597658,0.05878908154811164,0.18751665266963222,0.3103650746401062,0.007046449093799013,1.0797891231298344,True,True,True,True,True,True,True,True,True,1.4214053546459584,0.32581491928116696,1.1637508908849048,0.0,True,False
run-03,outer-context-06,6,6875,True,2,sealed-run03-retrospective,outer_once_8contexts_x_3banks,324199124,54,False,0.2129551234489919,0.21058080449449076,0.05339738404624156,0.11145919255965904,0.01114938638736175,-1.0873530520359682,0.044124956114457485,1.2220620571997463,False,False,False,True,True,True,True,False,True,1.4214053546459584,0.32581491928116696,1.1637508908849048,0.0,True,False
run-03,outer-context-06,6,6875,True,2,sealed-run03-retrospective,outer_once_8contexts_x_3banks,324199124,55,False,0.22337190208493368,0.20854258441943563,0.03350713224529817,0.05619921769511838,0.06638846482965184,-0.6772315005562565,0.04076061018767895,1.048946668380847,False,False,False,True,True,True,True,False,True,1.4214053546459584,0.32581491928116696,1.1637508908849048,0.0,True,False
run-03,outer-context-06,6,6875,True,2,sealed-run03-retrospective,outer_once_8contexts_x_3banks,324199124,56,False,0.2120613223634846,0.29776119670370316,0.05187268060501673,0.23042176606977657,-0.40412779372055563,-3.4420639801578314,0.03059798885204729,1.4138503496843116,False,False,False,True,True,True,True,False,True,1.4214053546459584,0.32581491928116696,1.1637508908849048,0.0,True,False
run-03,outer-context-06,6,6875,True,2,sealed-run03-retrospective,outer_once_8contexts_x_3banks,324199124,57,False,0.22980079177842286,0.3213693873730556,0.07239588908353428,0.2641955110922514,-0.39846945211104606,-2.6493164796609983,0.021792554184558693,1.4785277989960777,False,False,False,True,False,True,True,False,True,1.4214053546459584,0.32581491928116696,1.1637508908849048,0.0,True,False
run-03,outer-context-06,6,6875,True,2,sealed-run03-retrospective,outer_once_8contexts_x_3banks,324199124,58,False,0.26331267046560464,0.26758300940357466,0.09479655191642307,0.1922704098187461,-0.016217749531076346,-1.0282426515709178,0.031217385542888304,1.338249296706069,False,False,False,True,True,True,True,False,True,1.4214053546459584,0.32581491928116696,1.1637508908849048,0.0,True,False
run-03,outer-context-06,6,6875,True,2,sealed-run03-retrospective,outer_once_8contexts_x_3banks,324199124,59,False,0.2633377987954541,0.25167395993045255,0.08794396423695565,0.152785411390625,0.04429230789637367,-0.7373041199161885,0.050289565613123775,1.2106420173298087,False,False,False,True,True,True,True,False,True,1.4214053546459584,0.32581491928116696,1.1637508908849048,0.0,True,False
run-03,outer-context-06,6,6875,True,2,sealed-run03-retrospective,outer_once_8contexts_x_3banks,324199124,60,False,0.25912288318757176,0.2495248335012418,0.06818076368862083,0.08900812195334991,0.037040532924999155,-0.30547264562548604,0.052743684546997724,1.0655972499958821,False,False,False,True,True,True,True,False,True,1.4214053546459584,0.32581491928116696,1.1637508908849048,0.0,True,False
run-03,outer-context-06,6,6875,True,2,sealed-run03-retrospective,outer_once_8contexts_x_3banks,324199124,61,False,0.28303918647014914,0.261781585919059,0.06341758375642907,0.07660642447792561,0.07510479667567906,-0.20796819967395075,0.01968463090873059,1.1791854397581432,False,False,False,True,True,True,True,False,True,1.4214053546459584,0.32581491928116696,1.1637508908849048,0.0,True,False
run-03,outer-context-06,6,6875,True,2,sealed-run03-retrospective,outer_once_8contexts_x_3banks,324199124,62,False,0.2495283510631957,0.2235894853081248,0.05811225401806371,0.043103340756467594,0.10395157762454658,0.25827449847205586,0.03616102538233655,1.022078253521211,True,True,True,True,True,True,True,True,True,1.4214053546459584,0.32581491928116696,1.1637508908849048,0.0,True,False
run-03,outer-context-06,6,6875,True,2,sealed-run03-retrospective,outer_once_8contexts_x_3banks,324199124,63,False,0.34448839715691426,0.27104702606398756,0.19084295973453733,0.10867794905542812,0.21318967982388737,0.43053728989217516,0.011755485525042944,1.0622313811393846,True,True,True,True,True,True,True,True,True,1.4214053546459584,0.32581491928116696,1.1637508908849048,0.0,True,False
run-03,outer-context-07,7,7936,True,0,sealed-run03-retrospective,outer_once_8contexts_x_3banks,763602185,0,False,0.26571395763487615,0.24276115263790102,0.17143361753547512,0.1739453209805079,0.08638163083820809,-0.014651172162968797,0.018638023055345114,1.3644970230840954,False,False,False,True,True,True,True,False,True,1.39548838795468,0.32490648370109365,1.1453127863724613,0.0,True,False
run-03,outer-context-07,7,7936,True,0,sealed-run03-retrospective,outer_once_8contexts_x_3banks,763602185,1,True,0.26221825162977236,0.25944631969466586,0.15720658615670005,0.193128486539429,0.010571086939517109,-0.2285012432425877,0.05717552019882996,1.4154618254708207,False,False,False,True,True,True,True,False,True,1.39548838795468,0.32490648370109365,1.1453127863724613,0.0,True,False
run-03,outer-context-07,7,7936,True,0,sealed-run03-retrospective,outer_once_8contexts_x_3banks,763602185,2,False,0.31340553629734036,0.26344509222728185,0.23569306434577966,0.21731479770766762,0.15941149176975303,0.07797542405044947,0.06939479646350588,1.6330814357910273,True,True,False,True,True,True,True,False,True,1.39548838795468,0.32490648370109365,1.1453127863724613,0.0,True,False
run-03,outer-context-07,7,7936,True,0,sealed-run03-retrospective,outer_once_8contexts_x_3banks,763602185,3,False,0.43304819443533127,0.22641979161502906,0.387272725813186,0.19532418835544968,0.4771487457411829,0.4956417652564801,0.028168046136765913,1.9154600678185643,True,True,True,True,True,True,True,True,True,1.39548838795468,0.32490648370109365,1.1453127863724613,0.0,True,False
run-03,outer-context-07,7,7936,True,0,sealed-run03-retrospective,outer_once_8contexts_x_3banks,763602185,4,False,0.38276731244635914,0.18908361722277142,0.32334966052957453,0.13994625757012197,0.5060089744490146,0.5671983779388503,0.036920862678052044,1.5163910299781849,True,True,True,True,True,True,True,True,True,1.39548838795468,0.32490648370109365,1.1453127863724613,0.0,True,False
run-03,outer-context-07,7,7936,True,0,sealed-run03-retrospective,outer_once_8contexts_x_3banks,763602185,5,False,0.35363580687405455,0.2164672588061927,0.2698543720582732,0.15505004943653095,0.38788082372188537,0.4254306563428627,0.011837399794707867,1.4495728646087704,True,True,True,True,True,True,True,True,True,1.39548838795468,0.32490648370109365,1.1453127863724613,0.0,True,False
run-03,outer-context-07,7,7936,True,0,sealed-run03-retrospective,outer_once_8contexts_x_3banks,763602185,6,False,0.33658342049310613,0.2341320738729709,0.21225371529203652,0.13552875046493637,0.3043861948697311,0.3614776058055591,0.04030947346265695,1.293510560440333,True,True,True,True,True,True,True,True,True,1.39548838795468,0.32490648370109365,1.1453127863724613,0.0,True,False
run-03,outer-context-07,7,7936,True,0,sealed-run03-retrospective,outer_once_8contexts_x_3banks,763602185,7,False,0.3045971872764666,0.27642772565087875,0.15104218909884132,0.16587833397232662,0.09248103003662982,-0.09822517113928084,0.014337405853803564,1.339799905245268,False,False,False,True,True,True,True,False,True,1.39548838795468,0.32490648370109365,1.1453127863724613,0.0,True,False
run-03,outer-context-07,7,7936,True,0,sealed-run03-retrospective,outer_once_8contexts_x_3banks,763602185,8,False,0.3082394547824786,0.22066827543981893,0.24333375059338097,0.1617233904766387,0.28410113625608946,0.3353844664693308,0.030697067815196415,1.4359413290490715,True,True,True,True,True,True,True,True,True,1.39548838795468,0.32490648370109365,1.1453127863724613,0.0,True,False
run-03,outer-context-07,7,7936,True,0,sealed-run03-retrospective,outer_once_8contexts_x_3banks,763602185,9,False,0.35845835267127707,0.25832225115236296,0.2894712744130805,0.22076359157712444,0.2793521221438619,0.23735578936205262,0.04323919995409867,1.748218000317587,True,True,True,True,True,True,True,True,True,1.39548838795468,0.32490648370109365,1.1453127863724613,0.0,True,False
run-03,outer-context-07,7,7936,True,0,sealed-run03-retrospective,outer_once_8contexts_x_3banks,763602185,10,False,0.37751625744674894,0.2093328271941564,0.3293424082522217,0.17419687039240786,0.445499834603324,0.47107670914034877,0.012357554645666556,1.8200585370255442,True,True,True,True,True,True,True,True,True,1.39548838795468,0.32490648370109365,1.1453127863724613,0.0,True,False
run-03,outer-context-07,7,7936,True,0,sealed-run03-retrospective,outer_once_8contexts_x_3banks,763602185,11,False,0.4694215910637839,0.19964859394426474,0.4336045503144929,0.166886798301794,0.5746923495959586,0.6151175116110954,0.04323004068563864,2.0835795806825197,True,True,True,True,True,True,False,False,True,1.39548838795468,0.32490648370109365,1.1453127863724613,0.0,True,False
run-03,outer-context-07,7,7936,True,0,sealed-run03-retrospective,outer_once_8contexts_x_3banks,763602185,12,False,0.3931957078579401,0.2234543098361112,0.3415401148985032,0.1812816559095512,0.4316969759068574,0.46922294629014993,0.01073061591523738,1.807871637080791,True,True,True,True,True,True,True,True,True,1.39548838795468,0.32490648370109365,1.1453127863724613,0.0,True,False
run-03,outer-context-07,7,7936,True,0,sealed-run03-retrospective,outer_once_8contexts_x_3banks,763602185,13,True,0.3606916733026299,0.30590116620163516,0.28914886872805456,0.2720673173891267,0.15190399767012105,0.059075283310179964,0.05411590923273426,2.012341472975228,True,True,False,True,False,True,False,False,True,1.39548838795468,0.32490648370109365,1.1453127863724613,0.0,True,False
run-03,outer-context-07,7,7936,True,0,sealed-run03-retrospective,outer_once_8contexts_x_3banks,763602185,14,False,0.3705934758799683,0.2906565254338575,0.28828522738075,0.24398043512065576,0.21569983188803257,0.15368387989433507,0.08559509508794332,1.770699065865331,True,True,True,True,True,True,True,True,True,1.39548838795468,0.32490648370109365,1.1453127863724613,0.0,True,False
run-03,outer-context-07,7,7936,True,0,sealed-run03-retrospective,outer_once_8contexts_x_3banks,763602185,15,False,0.33606532906739944,0.26678326207177855,0.21570126253477456,0.17917768043914004,0.20615654458578814,0.16932484152588737,0.03558022464239871,1.4867952795716353,True,True,True,True,True,True,True,True,True,1.39548838795468,0.32490648370109365,1.1453127863724613,0.0,True,False
run-03,outer-context-07,7,7936,True,0,sealed-run03-retrospective,outer_once_8contexts_x_3banks,763602185,16,False,0.34268282489694213,0.19585377083828256,0.2909715452079765,0.13589273273881985,0.42846925317257056,0.5329689965330171,0.02360425493976795,1.5387975991949128,True,True,True,True,True,True,True,True,True,1.39548838795468,0.32490648370109365,1.1453127863724613,0.0,True,False
run-03,outer-context-07,7,7936,True,0,sealed-run03-retrospective,outer_once_8contexts_x_3banks,763602185,17,False,0.40876627754244255,0.15468148234831705,0.377381624587378,0.11001990574521041,0.6215894244547697,0.7084651223665059,0.04168924347570533,1.9540404270853262,True,True,True,True,True,True,True,True,True,1.39548838795468,0.32490648370109365,1.1453127863724613,0.0,True,False
run-03,outer-context-07,7,7936,True,0,sealed-run03-retrospective,outer_once_8contexts_x_3banks,763602185,18,False,0.46416178139042275,0.12878540655993403,0.4300323076846461,0.08345035050022037,0.722541984878311,0.8059439976742011,0.024162145099523174,1.5270928448369463,True,True,True,True,True,True,True,True,True,1.39548838795468,0.32490648370109365,1.1453127863724613,0.0,True,False
run-03,outer-context-07,7,7936,True,0,sealed-run03-retrospective,outer_once_8contexts_x_3banks,763602185,19,False,0.49598991383193425,0.15889838912337054,0.459246858886462,0.11853517576918253,0.6796338298580541,0.7418922449320713,0.0322759930647282,1.7237576415379883,True,True,True,True,True,True,True,True,True,1.39548838795468,0.32490648370109365,1.1453127863724613,0.0,True,False
run-03,outer-context-07,7,7936,True,0,sealed-run03-retrospective,outer_once_8contexts_x_3banks,763602185,20,True,0.4245783211085364,0.15967875251111233,0.38340127702809457,0.11520355388701115,0.6239121392392215,0.6995222478652063,0.016531926613651108,1.5084543286401617,True,True,True,True,True,True,True,True,True,1.39548838795468,0.32490648370109365,1.1453127863724613,0.0,True,False
run-03,outer-context-07,7,7936,True,0,sealed-run03-retrospective,outer_once_8contexts_x_3banks,763602185,21,True,0.3243957938152929,0.25408634128769536,0.24468466749100937,0.20777827503081303,0.21673971693859534,0.15083246873877953,0.048010020995374485,1.6086354259034583,True,True,True,True,True,True,True,True,True,1.39548838795468,0.32490648370109365,1.1453127863724613,0.0,True,False
run-03,outer-context-07,7,7936,True,0,sealed-run03-retrospective,outer_once_8contexts_x_3banks,763602185,22,False,0.3481934555572388,0.357190973197365,0.22735621999273953,0.29250869213527353,-0.02584057079914617,-0.28656560240408024,0.010222489282797285,1.7943790652736666,False,False,False,False,False,True,True,False,True,1.39548838795468,0.32490648370109365,1.1453127863724613,0.0,True,False
run-03,outer-context-07,7,7936,True,0,sealed-run03-retrospective,outer_once_8contexts_x_3banks,763602185,23,False,0.3446008785828314,0.33485083475721306,0.1834135113318672,0.25768361343527807,0.028293728866029946,-0.40493255684433754,0.028685476118274166,1.6534498550147079,False,False,False,True,False,True,True,False,True,1.39548838795468,0.32490648370109365,1.1453127863724613,0.0,True,False
run-03,outer-context-07,7,7936,True,0,sealed-run03-retrospective,outer_once_8contexts_x_3banks,763602185,24,False,0.4243312384957623,0.1832421716837955,0.3942315730657779,0.13865219528054926,0.568162428169602,0.6482975876277292,0.0038415807022929506,2.1783809274931856,True,True,True,True,True,True,False,False,True,1.39548838795468,0.32490648370109365,1.1453127863724613,0.0,True,False
run-03,outer-context-07,7,7936,True,0,sealed-run03-retrospective,outer_once_8contexts_x_3banks,763602185,25,False,0.48600621737481586,0.12367501619467058,0.4620390211701815,0.08313954166280017,0.7455279134849206,0.8200594801446919,0.02231855638910993,2.1209191449563334,True,True,True,True,True,True,False,False,True,1.39548838795468,0.32490648370109365,1.1453127863724613,0.0,True,False
run-03,outer-context-07,7,7936,True,0,sealed-run03-retrospective,outer_once_8contexts_x_3banks,763602185,26,True,0.5178010754645759,0.0898011701606064,0.4840346775981898,0.04244108275953365,0.8265720671204941,0.9123180947073276,0.00012261756453919905,1.2164784005869826,True,True,True,True,True,True,True,True,True,1.39548838795468,0.32490648370109365,1.1453127863724613,0.0,True,False
run-03,outer-context-07,7,7936,True,0,sealed-run03-retrospective,outer_once_8contexts_x_3banks,763602185,27,True,0.49728367834957904,0.10895418174363483,0.4549760697409194,0.05741309651971691,0.780901351708868,0.8738107334910821,0.00839573756367825,1.2310627457105483,True,True,True,True,True,True,True,True,True,1.39548838795468,0.32490648370109365,1.1453127863724613,0.0,True,False
run-03,outer-context-07,7,7936,True,0,sealed-run03-retrospective,outer_once_8contexts_x_3banks,763602185,28,True,0.4354269346209069,0.1686687046033106,0.38042457419604014,0.12427515072772422,0.6126360332987725,0.6733251236717351,0.016856287335954723,1.4347514094304261,True,True,True,True,True,True,True,True,True,1.39548838795468,0.32490648370109365,1.1453127863724613,0.0,True,False
run-03,outer-context-07,7,7936,True,0,sealed-run03-retrospective,outer_once_8contexts_x_3banks,763602185,29,False,0.34645356786760595,0.24186978613871668,0.2533700466884249,0.17881768313399224,0.3018695474045601,0.2942430035785226,0.020706816151792214,1.4485081042690569,True,True,True,True,True,True,True,True,True,1.39548838795468,0.32490648370109365,1.1453127863724613,0.0,True,False
run-03,outer-context-07,7,7936,True,0,sealed-run03-retrospective,outer_once_8contexts_x_3banks,763602185,30,False,0.3466443049794601,0.3578386789236286,0.1974483761793115,0.27871498104662207,-0.03229354639139913,-0.41158406283123256,0.056906048965967765,1.6327391431267129,False,False,False,False,False,True,True,False,True,1.39548838795468,0.32490648370109365,1.1453127863724613,0.0,True,False
run-03,outer-context-07,7,7936,True,0,sealed-run03-retrospective,outer_once_8contexts_x_3banks,763602185,31,False,0.36702441118252005,0.39435156013379774,0.15530509997322553,0.3093525913966725,-0.07445594385188725,-0.9919023357893888,0.07090569265347071,1.6333514409883299,False,False,False,False,False,True,True,False,True,1.39548838795468,0.32490648370109365,1.1453127863724613,0.0,True,False
run-03,outer-context-07,7,7936,True,0,sealed-run03-retrospective,outer_once_8contexts_x_3banks,763602185,32,False,0.37087405129020606,0.23678163095327043,0.2869763117738065,0.16928357748694273,0.36155783849113066,0.41011306319815233,0.05331068461633471,1.59754434863883,True,True,True,True,True,True,True,True,True,1.39548838795468,0.32490648370109365,1.1453127863724613,0.0,True,False
run-03,outer-context-07,7,7936,True,0,sealed-run03-retrospective,outer_once_8contexts_x_3banks,763602185,33,False,0.447248364997069,0.15191026388090922,0.3650573731027026,0.07137889290444802,0.660344730646685,0.8044721236615956,0.012325442738556335,1.273380297235267,True,True,True,True,True,True,True,True,True,1.39548838795468,0.32490648370109365,1.1453127863724613,0.0,True,False
run-03,outer-context-07,7,7936,True,0,sealed-run03-retrospective,outer_once_8contexts_x_3banks,763602185,34,True,0.4882975967915235,0.11781898636744735,0.42529054039918585,0.0366850293009094,0.7587147937208676,0.913741252588228,0.0011559699254522118,1.1119679309268002,True,True,True,True,True,True,True,True,True,1.39548838795468,0.32490648370109365,1.1453127863724613,0.0,True,False
run-03,outer-context-07,7,7936,True,0,sealed-run03-retrospective,outer_once_8contexts_x_3banks,763602185,35,True,0.4762026178971616,0.12784309820178022,0.411344176763972,0.06386767985198495,0.7315363389510205,0.8447342068765155,0.005393744516640879,1.2212814468502458,True,True,True,True,True,True,True,True,True,1.39548838795468,0.32490648370109365,1.1453127863724613,0.0,True,False
run-03,outer-context-07,7,7936,True,0,sealed-run03-retrospective,outer_once_8contexts_x_3banks,763602185,36,True,0.4190161630407866,0.17953636390408592,0.3463890655219467,0.12750406409642315,0.5715287863809444,0.6319050547848639,0.04220948596108711,1.3775148014376897,True,True,True,True,True,True,True,True,True,1.39548838795468,0.32490648370109365,1.1453127863724613,0.0,True,False
run-03,outer-context-07,7,7936,True,0,sealed-run03-retrospective,outer_once_8contexts_x_3banks,763602185,37,True,0.33834758423349554,0.23224151061778145,0.24115792057205046,0.17199400182334854,0.31360080154285863,0.2867992831611679,0.10933947222063228,1.3469632480695477,True,True,True,True,True,False,True,False,True,1.39548838795468,0.32490648370109365,1.1453127863724613,0.0,True,False
run-03,outer-context-07,7,7936,True,0,sealed-run03-retrospective,outer_once_8contexts_x_3banks,763602185,38,True,0.3144212526881884,0.2277569623480561,0.1735644135643219,0.11967526877417184,0.27563114642914194,0.31048498758173765,0.06845757304145114,1.236688969882107,True,True,True,True,True,True,True,True,True,1.39548838795468,0.32490648370109365,1.1453127863724613,0.0,True,False
run-03,outer-context-07,7,7936,True,0,sealed-run03-retrospective,outer_once_8contexts_x_3banks,763602185,39,False,0.3491180310149164,0.340422914207397,0.11613203135895864,0.2199832018964657,0.024905951669817593,-0.8942508739600704,0.08185983206492795,1.4192308264873938,False,False,False,True,True,True,True,False,True,1.39548838795468,0.32490648370109365,1.1453127863724613,0.0,True,False
run-03,outer-context-07,7,7936,True,0,sealed-run03-retrospective,outer_once_8contexts_x_3banks,763602185,40,False,0.3624989600868447,0.252255123142248,0.29343813731504886,0.19727366902753624,0.3041218019444395,0.32771632606250484,0.01937720671767982,1.75314550037601,True,True,True,True,True,True,True,True,True,1.39548838795468,0.32490648370109365,1.1453127863724613,0.0,True,False
run-03,outer-context-07,7,7936,True,0,sealed-run03-retrospective,outer_once_8contexts_x_3banks,763602185,41,True,0.3537862551033315,0.185878189974967,0.2153181667197253,0.06283250836461302,0.4746031331243297,0.7081876122120219,0.03277890641416313,1.1134708828132758,True,True,True,True,True,True,True,True,True,1.39548838795468,0.32490648370109365,1.1453127863724613,0.0,True,False
run-03,outer-context-07,7,7936,True,0,sealed-run03-retrospective,outer_once_8contexts_x_3banks,763602185,42,True,0.39168498933241563,0.17925289196285363,0.2676548341354853,0.07559537565636883,0.5423544510389059,0.717563944247303,0.01488967666594597,1.1693314162380712,True,True,True,True,True,True,True,True,True,1.39548838795468,0.32490648370109365,1.1453127863724613,0.0,True,False
run-03,outer-context-07,7,7936,True,0,sealed-run03-retrospective,outer_once_8contexts_x_3banks,763602185,43,True,0.4157969960013854,0.17420914392594408,0.3108679748540744,0.08811700764762008,0.5810235629375167,0.7165452385727947,0.013519428644970266,1.205286785587436,True,True,True,True,True,True,True,True,True,1.39548838795468,0.32490648370109365,1.1453127863724613,0.0,True,False
run-03,outer-context-07,7,7936,True,0,sealed-run03-retrospective,outer_once_8contexts_x_3banks,763602185,44,True,0.3913091521201858,0.19402550048534517,0.29385722966700756,0.13457307529831386,0.5041631420219054,0.5420460628080886,0.08843278349478656,1.266486547171515,True,True,True,True,True,True,True,True,True,1.39548838795468,0.32490648370109365,1.1453127863724613,0.0,True,False
run-03,outer-context-07,7,7936,True,0,sealed-run03-retrospective,outer_once_8contexts_x_3banks,763602185,45,True,0.33487611420408137,0.21493545453955887,0.22100685387291957,0.14705829101343199,0.35816427203114237,0.33459850481383036,0.03855002035019015,1.343147737123436,True,True,True,True,True,True,True,True,True,1.39548838795468,0.32490648370109365,1.1453127863724613,0.0,True,False
run-03,outer-context-07,7,7936,True,0,sealed-run03-retrospective,outer_once_8contexts_x_3banks,763602185,46,True,0.29892644104493454,0.2573244088494346,0.1606364079070187,0.18609644883787116,0.13917146991104193,-0.1584948347798559,0.07468412793321617,1.4310984947858696,False,True,False,True,True,True,True,False,True,1.39548838795468,0.32490648370109365,1.1453127863724613,0.0,True,False
run-03,outer-context-07,7,7936,True,0,sealed-run03-retrospective,outer_once_8contexts_x_3banks,763602185,47,False,0.2579388334210666,0.3075873969305114,0.081983030232864,0.2312731808707757,-0.1924819262417811,-1.8209884437531647,0.06993509622739183,1.505419931193483,False,False,False,True,True,True,True,False,True,1.39548838795468,0.32490648370109365,1.1453127863724613,0.0,True,False
run-03,outer-context-07,7,7936,True,0,sealed-run03-retrospective,outer_once_8contexts_x_3banks,763602185,48,False,0.299977805590308,0.2344594482672112,0.08517986228275275,0.12850590134836365,0.21841068273090145,-0.5086418069307395,0.025653506546280548,1.2330442070158814,False,True,False,True,True,True,True,False,True,1.39548838795468,0.32490648370109365,1.1453127863724613,0.0,True,False
run-03,outer-context-07,7,7936,True,0,sealed-run03-retrospective,outer_once_8contexts_x_3banks,763602185,49,True,0.31704139725459035,0.24745285128554875,0.1314095155323904,0.14123551429785935,0.21949356321174882,-0.0747738755877767,0.016622668080348266,1.2580790110490474,False,True,False,True,True,True,True,False,True,1.39548838795468,0.32490648370109365,1.1453127863724613,0.0,True,False
run-03,outer-context-07,7,7936,True,0,sealed-run03-retrospective,outer_once_8contexts_x_3banks,763602185,50,True,0.3398426116789368,0.2231294727696861,0.15276705620613534,0.10947497650079915,0.34343291540942605,0.28338622724339385,0.014633629346291605,1.1802802238556447,True,True,True,True,True,True,True,True,True,1.39548838795468,0.32490648370109365,1.1453127863724613,0.0,True,False
run-03,outer-context-07,7,7936,True,0,sealed-run03-retrospective,outer_once_8contexts_x_3banks,763602185,51,True,0.3792724630371967,0.2075636550883709,0.19184730427576155,0.06501444246527752,0.452732071750713,0.6611135991161717,0.05401152313848171,1.0502350070930542,True,True,True,True,True,True,True,True,True,1.39548838795468,0.32490648370109365,1.1453127863724613,0.0,True,False
run-03,outer-context-07,7,7936,True,0,sealed-run03-retrospective,outer_once_8contexts_x_3banks,763602185,52,True,0.37679474902965,0.17730650267996048,0.20644254745194332,0.030397061078258236,0.5294347834289798,0.8527577698810648,0.017955412032624983,1.0392210676191769,True,True,True,True,True,True,True,True,True,1.39548838795468,0.32490648370109365,1.1453127863724613,0.0,True,False
run-03,outer-context-07,7,7936,True,0,sealed-run03-retrospective,outer_once_8contexts_x_3banks,763602185,53,True,0.3408817191551488,0.1813789359759033,0.16167937649223801,0.060410100417668706,0.4679123995694514,0.6263586505074821,0.018544477453181475,1.0669906491897327,True,True,True,True,True,True,True,True,True,1.39548838795468,0.32490648370109365,1.1453127863724613,0.0,True,False
run-03,outer-context-07,7,7936,True,0,sealed-run03-retrospective,outer_once_8contexts_x_3banks,763602185,54,False,0.301846539194009,0.23766226340661592,0.12193705169466157,0.10965540701210576,0.21263876656919112,0.10072118779212295,0.04135160584493886,1.2245038563065918,True,True,True,True,True,True,True,True,True,1.39548838795468,0.32490648370109365,1.1453127863724613,0.0,True,False
run-03,outer-context-07,7,7936,True,0,sealed-run03-retrospective,outer_once_8contexts_x_3banks,763602185,55,False,0.3268050264173827,0.26672540119516713,0.05110533305638739,0.0623205186819552,0.18383935486195424,-0.21945235369454422,0.05045082889400805,1.07334641714156,False,True,False,True,True,True,True,False,True,1.39548838795468,0.32490648370109365,1.1453127863724613,0.0,True,False
run-03,outer-context-07,7,7936,True,0,sealed-run03-retrospective,outer_once_8contexts_x_3banks,763602185,56,False,0.27017426080155854,0.2736539418841317,0.06316928353212148,0.18104984455062365,-0.01287939521792192,-1.8661057151069331,0.018020105093281065,1.3318252164129467,False,False,False,True,True,True,True,False,True,1.39548838795468,0.32490648370109365,1.1453127863724613,0.0,True,False
run-03,outer-context-07,7,7936,True,0,sealed-run03-retrospective,outer_once_8contexts_x_3banks,763602185,57,False,0.2733255784461248,0.31147292490135264,0.07384649846499149,0.2237815357058414,-0.13956742238358438,-2.030360820857739,0.026555813332524523,1.4023703028153653,False,False,False,True,True,True,True,False,True,1.39548838795468,0.32490648370109365,1.1453127863724613,0.0,True,False
run-03,outer-context-07,7,7936,True,0,sealed-run03-retrospective,outer_once_8contexts_x_3banks,763602185,58,False,0.2961955459048502,0.2748036141739886,0.0876664464540777,0.17304240951456196,0.07222232753538287,-0.973872747370988,0.017319843194747303,1.2903948379932786,False,False,False,True,True,True,True,False,True,1.39548838795468,0.32490648370109365,1.1453127863724613,0.0,True,False
run-03,outer-context-07,7,7936,True,0,sealed-run03-retrospective,outer_once_8contexts_x_3banks,763602185,59,False,0.31750636234020446,0.2589037045249723,0.08865129036242671,0.1402271976862215,0.18457160159971875,-0.5817840565313906,0.031382711696456456,1.1749988191304677,False,True,False,True,True,True,True,False,True,1.39548838795468,0.32490648370109365,1.1453127863724613,0.0,True,False
run-03,outer-context-07,7,7936,True,0,sealed-run03-retrospective,outer_once_8contexts_x_3banks,763602185,60,False,0.35000883714496867,0.24541691734341792,0.07830974085088685,0.08504931568292458,0.29882651150956585,-0.08606304603754034,0.04709279114422825,1.1060607997414973,False,True,False,True,True,True,True,False,True,1.39548838795468,0.32490648370109365,1.1453127863724613,0.0,True,False
run-03,outer-context-07,7,7936,True,0,sealed-run03-retrospective,outer_once_8contexts_x_3banks,763602185,61,False,0.3740924450730021,0.25167327390852373,0.06582608355791932,0.096147071263283,0.32724309933762213,-0.46062269037599246,0.028873303583424968,1.2163471490155084,False,True,False,True,True,True,True,False,True,1.39548838795468,0.32490648370109365,1.1453127863724613,0.0,True,False
run-03,outer-context-07,7,7936,True,0,sealed-run03-retrospective,outer_once_8contexts_x_3banks,763602185,62,False,0.3450963764483515,0.2588709872161609,0.041047977614537545,0.03809603072725082,0.2498588658611877,0.07191455118707885,0.03198279289033545,1.0117569410913678,True,True,False,True,True,True,True,False,True,1.39548838795468,0.32490648370109365,1.1453127863724613,0.0,True,False
run-03,outer-context-07,7,7936,True,0,sealed-run03-retrospective,outer_once_8contexts_x_3banks,763602185,63,False,0.43294179196587507,0.3525642148639491,0.057397542057866,0.11865382701275938,0.1856544657815372,-1.067228364816339,0.050451780415627485,1.0758277438315031,False,True,False,False,True,True,True,False,True,1.39548838795468,0.32490648370109365,1.1453127863724613,0.0,True,False
run-03,outer-context-07,7,7936,True,1,sealed-run03-retrospective,outer_once_8contexts_x_3banks,2139869279,0,False,0.27524883791338967,0.22450491284395035,0.18386196722433876,0.14684925663461487,0.18435654607706825,0.20130705196122975,0.018038619673593666,1.2990173735877977,True,True,True,True,True,True,True,True,True,1.4222145408959364,0.32507274767041827,1.2187232446200582,0.0,True,False
run-03,outer-context-07,7,7936,True,1,sealed-run03-retrospective,outer_once_8contexts_x_3banks,2139869279,1,True,0.2625738513277754,0.2340848139866227,0.16150822453604552,0.1663968865925685,0.10849914108769855,-0.030268811824080907,0.05784930801821306,1.3411775699676967,False,True,False,True,True,True,True,False,True,1.4222145408959364,0.32507274767041827,1.2187232446200582,0.0,True,False
run-03,outer-context-07,7,7936,True,1,sealed-run03-retrospective,outer_once_8contexts_x_3banks,2139869279,2,False,0.29576534155727136,0.25165849802294105,0.2162139468115345,0.2100656188915752,0.14912782986031362,0.028436315097279775,0.07161855465927848,1.6028580750681558,True,True,False,True,True,True,True,False,True,1.4222145408959364,0.32507274767041827,1.2187232446200582,0.0,True,False
run-03,outer-context-07,7,7936,True,1,sealed-run03-retrospective,outer_once_8contexts_x_3banks,2139869279,3,False,0.4299329980405385,0.218560344694597,0.3851148548662633,0.18436772374626395,0.49164091686214584,0.5212656135783484,0.03296917095556349,1.8569919059119657,True,True,True,True,True,True,True,True,True,1.4222145408959364,0.32507274767041827,1.2187232446200582,0.0,True,False
run-03,outer-context-07,7,7936,True,1,sealed-run03-retrospective,outer_once_8contexts_x_3banks,2139869279,4,False,0.375706109459637,0.20032541436373383,0.31735965630392127,0.1525087237074873,0.4668028831049518,0.5194451447179649,0.04033857799245275,1.5697946751856466,True,True,True,True,True,True,True,True,True,1.4222145408959364,0.32507274767041827,1.2187232446200582,0.0,True,False
run-03,outer-context-07,7,7936,True,1,sealed-run03-retrospective,outer_once_8contexts_x_3banks,2139869279,5,False,0.34986024463445753,0.23017771377860463,0.2675635362289431,0.17391598572024103,0.3420866837296707,0.3500011691749047,0.010782087249183406,1.528391230849341,True,True,True,True,True,True,True,True,True,1.4222145408959364,0.32507274767041827,1.2187232446200582,0.0,True,False
run-03,outer-context-07,7,7936,True,1,sealed-run03-retrospective,outer_once_8contexts_x_3banks,2139869279,6,False,0.3413442576533416,0.2577580154665725,0.2137817899438205,0.16422902812784007,0.24487373176102062,0.2317913131375799,0.04909529304528687,1.3754955535692748,True,True,True,True,True,True,True,True,True,1.4222145408959364,0.32507274767041827,1.2187232446200582,0.0,True,False
run-03,outer-context-07,7,7936,True,1,sealed-run03-retrospective,outer_once_8contexts_x_3banks,2139869279,7,False,0.3076853362540799,0.2963522581159871,0.15455896166106395,0.19360356693037456,0.036833338488169616,-0.2526194848211549,0.022383710062718686,1.4082200805482985,False,False,False,True,True,True,True,False,True,1.4222145408959364,0.32507274767041827,1.2187232446200582,0.0,True,False
run-03,outer-context-07,7,7936,True,1,sealed-run03-retrospective,outer_once_8contexts_x_3banks,2139869279,8,False,0.29361361679600434,0.21038324566526245,0.23303451991721916,0.14303090719186023,0.28346904356472113,0.3862243789346355,0.02949782460832544,1.3878047140783563,True,True,True,True,True,True,True,True,True,1.4222145408959364,0.32507274767041827,1.2187232446200582,0.0,True,False
run-03,outer-context-07,7,7936,True,1,sealed-run03-retrospective,outer_once_8contexts_x_3banks,2139869279,9,False,0.3420472029995668,0.2378513403031625,0.27181635064440196,0.19502788976368193,0.3046242208170791,0.2825012575537699,0.04501583145901406,1.663027233281572,True,True,True,True,True,True,True,True,True,1.4222145408959364,0.32507274767041827,1.2187232446200582,0.0,True,False
run-03,outer-context-07,7,7936,True,1,sealed-run03-retrospective,outer_once_8contexts_x_3banks,2139869279,10,False,0.3787466433995995,0.2018731438371653,0.327774348479357,0.1638219805920406,0.4669968767903311,0.5001988979550729,0.012118139029115927,1.7791469137974927,True,True,True,True,True,True,True,True,True,1.4222145408959364,0.32507274767041827,1.2187232446200582,0.0,True,False
run-03,outer-context-07,7,7936,True,1,sealed-run03-retrospective,outer_once_8contexts_x_3banks,2139869279,11,False,0.47632461883205923,0.2004238810296459,0.44213571327635065,0.169765359946402,0.5792283810123393,0.6160333697352953,0.04613467010195855,2.1048907207836813,True,True,True,True,True,True,False,False,True,1.4222145408959364,0.32507274767041827,1.2187232446200582,0.0,True,False
run-03,outer-context-07,7,7936,True,1,sealed-run03-retrospective,outer_once_8contexts_x_3banks,2139869279,12,False,0.3932063689662569,0.23003919523373634,0.3438994384365068,0.19098831217199097,0.41496574473472675,0.44463906937361103,0.01220343072049751,1.8485300872830972,True,True,True,True,True,True,True,True,True,1.4222145408959364,0.32507274767041827,1.2187232446200582,0.0,True,False
run-03,outer-context-07,7,7936,True,1,sealed-run03-retrospective,outer_once_8contexts_x_3banks,2139869279,13,True,0.3458003717589885,0.3061291535351767,0.274615324180808,0.2713957863989551,0.11472289061465005,0.011723809628821356,0.05798835358236839,2.0153553437131193,True,True,False,True,False,True,False,False,True,1.4222145408959364,0.32507274767041827,1.2187232446200582,0.0,True,False
run-03,outer-context-07,7,7936,True,1,sealed-run03-retrospective,outer_once_8contexts_x_3banks,2139869279,14,False,0.35381520376592496,0.2936579650668749,0.27651834203464,0.24180983855695082,0.17002445926221002,0.12551971497551206,0.09575163264036606,1.7553091303579262,True,True,True,True,True,True,True,True,True,1.4222145408959364,0.32507274767041827,1.2187232446200582,0.0,True,False
run-03,outer-context-07,7,7936,True,1,sealed-run03-retrospective,outer_once_8contexts_x_3banks,2139869279,15,False,0.32879597930715965,0.28382406978604874,0.2093844404593604,0.1881420922682062,0.13677755310717582,0.10145141704202774,0.04547743745689382,1.522234771975772,True,True,True,True,True,True,True,True,True,1.4222145408959364,0.32507274767041827,1.2187232446200582,0.0,True,False
run-03,outer-context-07,7,7936,True,1,sealed-run03-retrospective,outer_once_8contexts_x_3banks,2139869279,16,False,0.3565414450935918,0.19460302298059126,0.30869304676540155,0.13810146047551583,0.4541924209413912,0.5526252958315927,0.022647626156718278,1.5446392964594942,True,True,True,True,True,True,True,True,True,1.4222145408959364,0.32507274767041827,1.2187232446200582,0.0,True,False
run-03,outer-context-07,7,7936,True,1,sealed-run03-retrospective,outer_once_8contexts_x_3banks,2139869279,17,False,0.4339513144457997,0.1605000788345181,0.40351142803534795,0.11637566562808194,0.6301426600366606,0.7115926401522206,0.0412477521159074,1.9639364336259482,True,True,True,True,True,True,True,True,True,1.4222145408959364,0.32507274767041827,1.2187232446200582,0.0,True,False
run-03,outer-context-07,7,7936,True,1,sealed-run03-retrospective,outer_once_8contexts_x_3banks,2139869279,18,False,0.48633302346647567,0.1331276888732384,0.4582505301939855,0.08637495454094822,0.726262288494552,0.8115115011337047,0.025349700855310228,1.5534961952149242,True,True,True,True,True,True,True,True,True,1.4222145408959364,0.32507274767041827,1.2187232446200582,0.0,True,False
run-03,outer-context-07,7,7936,True,1,sealed-run03-retrospective,outer_once_8contexts_x_3banks,2139869279,19,False,0.5062276250806552,0.16487622590342121,0.4741840490874797,0.12902351869039613,0.6743041712171434,0.727904135664856,0.033252231888650015,1.802900333959339,True,True,True,True,True,True,True,True,True,1.4222145408959364,0.32507274767041827,1.2187232446200582,0.0,True,False
run-03,outer-context-07,7,7936,True,1,sealed-run03-retrospective,outer_once_8contexts_x_3banks,2139869279,20,True,0.41252035469443044,0.1650868000667746,0.36815019038581065,0.12443738356190895,0.5998093228901137,0.6619928854810527,0.017574863924770402,1.5401854807500062,True,True,True,True,True,True,True,True,True,1.4222145408959364,0.32507274767041827,1.2187232446200582,0.0,True,False
run-03,outer-context-07,7,7936,True,1,sealed-run03-retrospective,outer_once_8contexts_x_3banks,2139869279,21,True,0.29849514692302026,0.2434944822074412,0.21085775507015694,0.1989367904040102,0.18425982895381326,0.0565355761384275,0.05274190274768625,1.5718578882144232,True,True,False,True,True,True,True,False,True,1.4222145408959364,0.32507274767041827,1.2187232446200582,0.0,True,False
run-03,outer-context-07,7,7936,True,1,sealed-run03-retrospective,outer_once_8contexts_x_3banks,2139869279,22,False,0.339920164052291,0.33903594188480335,0.2237105288265054,0.27037597537272867,0.002601264240833922,-0.20859745310607974,0.0042894418981878745,1.7412296644548046,False,False,False,True,False,True,True,False,True,1.4222145408959364,0.32507274767041827,1.2187232446200582,0.0,True,False
run-03,outer-context-07,7,7936,True,1,sealed-run03-retrospective,outer_once_8contexts_x_3banks,2139869279,23,False,0.3442457834218318,0.32721750242608194,0.19916069597482622,0.23875769849788395,0.049465474424951104,-0.19881936206962625,0.022988090639788454,1.6122071155607798,False,False,False,True,True,True,True,False,True,1.4222145408959364,0.32507274767041827,1.2187232446200582,0.0,True,False
run-03,outer-context-07,7,7936,True,1,sealed-run03-retrospective,outer_once_8contexts_x_3banks,2139869279,24,False,0.428308235201517,0.19212238919313565,0.4006432248417427,0.1518100478304287,0.5514389558661112,0.621084200561747,0.006171284139608799,2.2383826082313756,True,True,True,True,True,True,False,False,True,1.4222145408959364,0.32507274767041827,1.2187232446200582,0.0,True,False
run-03,outer-context-07,7,7936,True,1,sealed-run03-retrospective,outer_once_8contexts_x_3banks,2139869279,25,False,0.5017199115662635,0.12875241232623405,0.48167620407289347,0.0913059416488031,0.743377909949206,0.8104412448097903,0.02002944129904357,2.1495578842560628,True,True,True,True,True,True,False,False,True,1.4222145408959364,0.32507274767041827,1.2187232446200582,0.0,True,False
run-03,outer-context-07,7,7936,True,1,sealed-run03-retrospective,outer_once_8contexts_x_3banks,2139869279,26,True,0.5174683057824467,0.0911659866653881,0.4861910435744833,0.04484339535841139,0.8238230522591349,0.9077658958323828,0.0013767488807736837,1.2278079773172546,True,True,True,True,True,True,True,True,True,1.4222145408959364,0.32507274767041827,1.2187232446200582,0.0,True,False
run-03,outer-context-07,7,7936,True,1,sealed-run03-retrospective,outer_once_8contexts_x_3banks,2139869279,27,True,0.4824077618268387,0.11083002065874471,0.44054708420179767,0.06289439666957089,0.7702565559081378,0.8572356986914902,0.0101161797877657,1.2592253908741933,True,True,True,True,True,True,True,True,True,1.4222145408959364,0.32507274767041827,1.2187232446200582,0.0,True,False
run-03,outer-context-07,7,7936,True,1,sealed-run03-retrospective,outer_once_8contexts_x_3banks,2139869279,28,True,0.41031654300575426,0.16472420696517354,0.3496029429455089,0.12220374715236694,0.5985435884244534,0.6504498900302041,0.018983067705407003,1.422445315674366,True,True,True,True,True,True,True,True,True,1.4222145408959364,0.32507274767041827,1.2187232446200582,0.0,True,False
run-03,outer-context-07,7,7936,True,1,sealed-run03-retrospective,outer_once_8contexts_x_3banks,2139869279,29,False,0.32661302844727663,0.22791905689479908,0.22586311294591654,0.1619140132795895,0.30217401927188947,0.28313210967582736,0.0184059499622313,1.4066277595139531,True,True,True,True,True,True,True,True,True,1.4222145408959364,0.32507274767041827,1.2187232446200582,0.0,True,False
run-03,outer-context-07,7,7936,True,1,sealed-run03-retrospective,outer_once_8contexts_x_3banks,2139869279,30,False,0.34045064917876944,0.33951185237398673,0.1865569886419633,0.26024744595246313,0.002757512159390084,-0.3950023949621378,0.053629645067605466,1.5959409846285297,False,False,False,True,False,True,True,False,True,1.4222145408959364,0.32507274767041827,1.2187232446200582,0.0,True,False
run-03,outer-context-07,7,7936,True,1,sealed-run03-retrospective,outer_once_8contexts_x_3banks,2139869279,31,False,0.35946106715563186,0.38408035468271184,0.15584500089198344,0.29118498289993655,-0.0684894409341439,-0.8684268422684767,0.06762207041728285,1.598145126678156,False,False,False,False,False,True,True,False,True,1.4222145408959364,0.32507274767041827,1.2187232446200582,0.0,True,False
run-03,outer-context-07,7,7936,True,1,sealed-run03-retrospective,outer_once_8contexts_x_3banks,2139869279,32,False,0.3832443072875467,0.2547415958273005,0.3013595199505332,0.1921134344252182,0.3353023359165806,0.36251081612834807,0.053100807704932355,1.661851741743137,True,True,True,True,True,True,True,True,True,1.4222145408959364,0.32507274767041827,1.2187232446200582,0.0,True,False
run-03,outer-context-07,7,7936,True,1,sealed-run03-retrospective,outer_once_8contexts_x_3banks,2139869279,33,False,0.43925248162976727,0.15086534761446305,0.36711390231222,0.08723099392496367,0.656540705120881,0.7623871137117109,0.008550326144536543,1.3215544856532113,True,True,True,True,True,True,True,True,True,1.4222145408959364,0.32507274767041827,1.2187232446200582,0.0,True,False
run-03,outer-context-07,7,7936,True,1,sealed-run03-retrospective,outer_once_8contexts_x_3banks,2139869279,34,True,0.4775841500979581,0.11469485429090577,0.4197593318780902,0.04628730073421645,0.7598436751567645,0.8897289536670514,0.0011773913648877932,1.1417493768407778,True,True,True,True,True,True,True,True,True,1.4222145408959364,0.32507274767041827,1.2187232446200582,0.0,True,False
run-03,outer-context-07,7,7936,True,1,sealed-run03-retrospective,outer_once_8contexts_x_3banks,2139869279,35,True,0.45980946523752736,0.1220938232227814,0.3976416132699196,0.057287732987532244,0.7344686604924271,0.8559312429188711,0.005025675022183289,1.2112647090717987,True,True,True,True,True,True,True,True,True,1.4222145408959364,0.32507274767041827,1.2187232446200582,0.0,True,False
run-03,outer-context-07,7,7936,True,1,sealed-run03-retrospective,outer_once_8contexts_x_3banks,2139869279,36,True,0.40226087878136246,0.17152900355196796,0.3257292245428791,0.1095695665184616,0.5735876576623359,0.6636176361754798,0.04585311175365079,1.3382436002070148,True,True,True,True,True,True,True,True,True,1.4222145408959364,0.32507274767041827,1.2187232446200582,0.0,True,False
run-03,outer-context-07,7,7936,True,1,sealed-run03-retrospective,outer_once_8contexts_x_3banks,2139869279,37,True,0.324790081053921,0.22640262900242422,0.22449706097673083,0.15710882581466762,0.3029262831310501,0.3001742422322759,0.11339397734425545,1.3037540630326088,True,True,True,True,True,False,True,False,True,1.4222145408959364,0.32507274767041827,1.2187232446200582,0.0,True,False
run-03,outer-context-07,7,7936,True,1,sealed-run03-retrospective,outer_once_8contexts_x_3banks,2139869279,38,True,0.30468511588079744,0.22868868731238148,0.16685379752552487,0.12063975576547507,0.2494261275242214,0.2769732690859499,0.06887496247747808,1.239052343946636,True,True,True,True,True,True,True,True,True,1.4222145408959364,0.32507274767041827,1.2187232446200582,0.0,True,False
run-03,outer-context-07,7,7936,True,1,sealed-run03-retrospective,outer_once_8contexts_x_3banks,2139869279,39,False,0.33841290460114354,0.33710938705120297,0.10394634033200878,0.21735679414891682,0.0038518553288530966,-1.0910480682116417,0.07942511044493625,1.4121689735402185,False,False,False,True,True,True,True,False,True,1.4222145408959364,0.32507274767041827,1.2187232446200582,0.0,True,False
run-03,outer-context-07,7,7936,True,1,sealed-run03-retrospective,outer_once_8contexts_x_3banks,2139869279,40,False,0.3669400211745424,0.2707845740226801,0.29876260605098076,0.22248890488619705,0.26204676950766304,0.25529868738582495,0.020072497950669677,1.8218514834087751,True,True,True,True,True,True,True,True,True,1.4222145408959364,0.32507274767041827,1.2187232446200582,0.0,True,False
run-03,outer-context-07,7,7936,True,1,sealed-run03-retrospective,outer_once_8contexts_x_3banks,2139869279,41,True,0.34652019159887393,0.18548209033510332,0.22273005831308618,0.08259063253378765,0.4647293438247479,0.6291895527738244,0.030904451526263393,1.16156869852734,True,True,True,True,True,True,True,True,True,1.4222145408959364,0.32507274767041827,1.2187232446200582,0.0,True,False
run-03,outer-context-07,7,7936,True,1,sealed-run03-retrospective,outer_once_8contexts_x_3banks,2139869279,42,True,0.38090254960560166,0.17876772856402437,0.2580426476835715,0.09501922207896443,0.5306733211706616,0.6317693104921047,0.018446697359595476,1.2056270707254395,True,True,True,True,True,True,True,True,True,1.4222145408959364,0.32507274767041827,1.2187232446200582,0.0,True,False
run-03,outer-context-07,7,7936,True,1,sealed-run03-retrospective,outer_once_8contexts_x_3banks,2139869279,43,True,0.40725693484651704,0.16824180446268433,0.29805447666737805,0.08853785402109163,0.586890264923077,0.702947410785251,0.014602028216555998,1.2050688776501062,True,True,True,True,True,True,True,True,True,1.4222145408959364,0.32507274767041827,1.2187232446200582,0.0,True,False
run-03,outer-context-07,7,7936,True,1,sealed-run03-retrospective,outer_once_8contexts_x_3banks,2139869279,44,True,0.3831657493020587,0.1914341228170392,0.28114856434668933,0.1263569452363111,0.5003882179820642,0.5505687694691619,0.09240790462962797,1.2430672227511923,True,True,True,True,True,True,True,True,True,1.4222145408959364,0.32507274767041827,1.2187232446200582,0.0,True,False
run-03,outer-context-07,7,7936,True,1,sealed-run03-retrospective,outer_once_8contexts_x_3banks,2139869279,45,True,0.3217904311409232,0.2057697781872226,0.2070871469351594,0.12905098279579308,0.36054724356577006,0.3768276558650936,0.038380361811159995,1.303873850919603,True,True,True,True,True,True,True,True,True,1.4222145408959364,0.32507274767041827,1.2187232446200582,0.0,True,False
run-03,outer-context-07,7,7936,True,1,sealed-run03-retrospective,outer_once_8contexts_x_3banks,2139869279,46,True,0.2872594301802144,0.2510337892573186,0.14958643617446704,0.1829372725248204,0.12610775179832853,-0.2229536126621487,0.07518861409607903,1.414243814729715,False,True,False,True,True,True,True,False,True,1.4222145408959364,0.32507274767041827,1.2187232446200582,0.0,True,False
run-03,outer-context-07,7,7936,True,1,sealed-run03-retrospective,outer_once_8contexts_x_3banks,2139869279,47,False,0.25202649514496456,0.3033591033343005,0.07929173375323564,0.23072968847926756,-0.20367941140398607,-1.9098832571541824,0.07108178836626734,1.498274975484247,False,False,False,True,True,True,True,False,True,1.4222145408959364,0.32507274767041827,1.2187232446200582,0.0,True,False
run-03,outer-context-07,7,7936,True,1,sealed-run03-retrospective,outer_once_8contexts_x_3banks,2139869279,48,False,0.3020206491375042,0.23724200753816108,0.1165304675136352,0.1399443242719168,0.21448414796913656,-0.2009247646375567,0.03229039102296072,1.252360618058451,False,True,False,True,True,True,True,False,True,1.4222145408959364,0.32507274767041827,1.2187232446200582,0.0,True,False
run-03,outer-context-07,7,7936,True,1,sealed-run03-retrospective,outer_once_8contexts_x_3banks,2139869279,49,True,0.3204025067511158,0.2513655960480951,0.14862303071637034,0.1586544075683054,0.21546932139531483,-0.06749543999730949,0.023507236025154383,1.3001783892933967,False,True,False,True,True,True,True,False,True,1.4222145408959364,0.32507274767041827,1.2187232446200582,0.0,True,False
run-03,outer-context-07,7,7936,True,1,sealed-run03-retrospective,outer_once_8contexts_x_3banks,2139869279,50,True,0.3386517282289777,0.22674281122693674,0.15761987080436077,0.12581907907844328,0.3304542917506516,0.2017562351982189,0.018388265678661628,1.206853023897067,True,True,True,True,True,True,True,True,True,1.4222145408959364,0.32507274767041827,1.2187232446200582,0.0,True,False
run-03,outer-context-07,7,7936,True,1,sealed-run03-retrospective,outer_once_8contexts_x_3banks,2139869279,51,True,0.3800264574858335,0.2071917481622551,0.19172082819919992,0.07223728203979242,0.4547965172399116,0.6232163050916036,0.05802558495115217,1.0542243830252247,True,True,True,True,True,True,True,True,True,1.4222145408959364,0.32507274767041827,1.2187232446200582,0.0,True,False
run-03,outer-context-07,7,7936,True,1,sealed-run03-retrospective,outer_once_8contexts_x_3banks,2139869279,52,True,0.37851187286673715,0.18279743027367323,0.2014684186209979,0.02250599889929496,0.5170628892319296,0.8882901893341744,0.016538451976185163,1.0451134974055627,True,True,True,True,True,True,True,True,True,1.4222145408959364,0.32507274767041827,1.2187232446200582,0.0,True,False
run-03,outer-context-07,7,7936,True,1,sealed-run03-retrospective,outer_once_8contexts_x_3banks,2139869279,53,True,0.34550217527052124,0.18874972225491693,0.15358521727011554,0.05418333844203468,0.4536945473436464,0.6472099372250091,0.017661430307124377,1.0555449432513406,True,True,True,True,True,True,True,True,True,1.4222145408959364,0.32507274767041827,1.2187232446200582,0.0,True,False
run-03,outer-context-07,7,7936,True,1,sealed-run03-retrospective,outer_once_8contexts_x_3banks,2139869279,54,False,0.30917460216878,0.23645095348259723,0.12400223616576754,0.11310354344477831,0.23521870223506447,0.08789109824132314,0.04019159540733743,1.2326319417272444,True,True,False,True,True,True,True,False,True,1.4222145408959364,0.32507274767041827,1.2187232446200582,0.0,True,False
run-03,outer-context-07,7,7936,True,1,sealed-run03-retrospective,outer_once_8contexts_x_3banks,2139869279,55,False,0.3236681863261326,0.25841214484668523,0.06203335778346242,0.07107872872964362,0.20161401162144016,-0.14581462731318764,0.04860487952691895,1.0973869093728579,False,True,False,True,True,True,True,False,True,1.4222145408959364,0.32507274767041827,1.2187232446200582,0.0,True,False
run-03,outer-context-07,7,7936,True,1,sealed-run03-retrospective,outer_once_8contexts_x_3banks,2139869279,56,False,0.2737830844207199,0.27193172260008996,0.0903345204179987,0.18086287964140874,0.006762148306375927,-1.0021457888359222,0.024759028121596877,1.3229563355736398,False,False,False,True,True,True,True,False,True,1.4222145408959364,0.32507274767041827,1.2187232446200582,0.0,True,False
run-03,outer-context-07,7,7936,True,1,sealed-run03-retrospective,outer_once_8contexts_x_3banks,2139869279,57,False,0.2709957183666062,0.30441750834870834,0.09194170842864402,0.22827806666985098,-0.12332958684199123,-1.4828564812564653,0.02168001542771535,1.4138346533935933,False,False,False,True,True,True,True,False,True,1.4222145408959364,0.32507274767041827,1.2187232446200582,0.0,True,False
run-03,outer-context-07,7,7936,True,1,sealed-run03-retrospective,outer_once_8contexts_x_3banks,2139869279,58,False,0.29939116394179144,0.2550741696588708,0.1103728941018805,0.1624138596726712,0.14802372154021512,-0.4715013228044369,0.01503920833148654,1.268574155591246,False,True,False,True,True,True,True,False,True,1.4222145408959364,0.32507274767041827,1.2187232446200582,0.0,True,False
run-03,outer-context-07,7,7936,True,1,sealed-run03-retrospective,outer_once_8contexts_x_3banks,2139869279,59,False,0.3227650947161004,0.2434106857992231,0.11539408146104375,0.11025575688119034,0.24585808755645125,0.04452849327101822,0.031188849169451964,1.1217745730227457,True,True,False,True,True,True,True,False,True,1.4222145408959364,0.32507274767041827,1.2187232446200582,0.0,True,False
run-03,outer-context-07,7,7936,True,1,sealed-run03-retrospective,outer_once_8contexts_x_3banks,2139869279,60,False,0.3627257614699147,0.24907147419082182,0.10215051427357419,0.10060798881730866,0.31333392703765717,0.015100515814677319,0.04880749110744872,1.1744178823316866,True,True,False,True,True,True,True,False,True,1.4222145408959364,0.32507274767041827,1.2187232446200582,0.0,True,False
run-03,outer-context-07,7,7936,True,1,sealed-run03-retrospective,outer_once_8contexts_x_3banks,2139869279,61,False,0.3874736855692204,0.25188838269469793,0.0628234801831895,0.09554788388708564,0.3499213183350506,-0.5208944746211724,0.03130006251845322,1.210361859685422,False,True,False,True,True,True,True,False,True,1.4222145408959364,0.32507274767041827,1.2187232446200582,0.0,True,False
run-03,outer-context-07,7,7936,True,1,sealed-run03-retrospective,outer_once_8contexts_x_3banks,2139869279,62,False,0.34919863564622644,0.2531786150045173,0.04384662624886203,0.043020497435653345,0.2749724965677905,0.01884133133800971,0.030382043995946455,1.0107347701681038,True,True,False,True,True,True,True,False,True,1.4222145408959364,0.32507274767041827,1.2187232446200582,0.0,True,False
run-03,outer-context-07,7,7936,True,1,sealed-run03-retrospective,outer_once_8contexts_x_3banks,2139869279,63,False,0.4332889233059848,0.3317846506333961,0.06641277340932854,0.09154275188720815,0.23426463778052142,-0.37839074003119066,0.04729387477809899,1.0546727540301033,False,True,False,True,True,True,True,False,True,1.4222145408959364,0.32507274767041827,1.2187232446200582,0.0,True,False
run-03,outer-context-07,7,7936,True,2,sealed-run03-retrospective,outer_once_8contexts_x_3banks,443598345,0,False,0.27535142123946327,0.23821404723526698,0.16911220003670674,0.1747338271346301,0.1348726432463163,-0.03324199612271113,0.01650723482063287,1.3750217091469608,False,True,False,True,True,True,True,False,True,1.4849692995615273,0.33059576117200756,1.2259591851225644,0.0,True,False
run-03,outer-context-07,7,7936,True,2,sealed-run03-retrospective,outer_once_8contexts_x_3banks,443598345,1,True,0.25925074526568787,0.24860771514380317,0.13908496299718598,0.18606516851467717,0.04105303578193151,-0.3377806234771886,0.05852894840324587,1.3970595677097961,False,False,False,True,True,True,True,False,True,1.4849692995615273,0.33059576117200756,1.2259591851225644,0.0,True,False
run-03,outer-context-07,7,7936,True,2,sealed-run03-retrospective,outer_once_8contexts_x_3banks,443598345,2,False,0.2888901157874794,0.25485363539340505,0.21154302815299192,0.21143311682151786,0.11781808561118488,0.000519569623417562,0.0747053650984509,1.6155668702521206,True,True,False,True,True,True,True,False,True,1.4849692995615273,0.33059576117200756,1.2259591851225644,0.0,True,False
run-03,outer-context-07,7,7936,True,2,sealed-run03-retrospective,outer_once_8contexts_x_3banks,443598345,3,False,0.40825490156945177,0.20581289965333233,0.367332212586947,0.17019700452427025,0.495871577139363,0.536667358068999,0.0295388812052287,1.793531888798689,True,True,True,True,True,True,True,True,True,1.4849692995615273,0.33059576117200756,1.2259591851225644,0.0,True,False
run-03,outer-context-07,7,7936,True,2,sealed-run03-retrospective,outer_once_8contexts_x_3banks,443598345,4,False,0.3736063851399274,0.20201450027166215,0.31605578509337207,0.1527110419008059,0.4592852041433892,0.5168225069644252,0.036999291537549515,1.5710401847411117,True,True,True,True,True,True,True,True,True,1.4849692995615273,0.33059576117200756,1.2259591851225644,0.0,True,False
run-03,outer-context-07,7,7936,True,2,sealed-run03-retrospective,outer_once_8contexts_x_3banks,443598345,5,False,0.34710272952903704,0.23376599635582365,0.2641303318189244,0.18047520576962348,0.32652216053441363,0.3167191192060859,0.011358812107189774,1.5390851817719082,True,True,True,True,True,True,True,True,True,1.4849692995615273,0.33059576117200756,1.2259591851225644,0.0,True,False
run-03,outer-context-07,7,7936,True,2,sealed-run03-retrospective,outer_once_8contexts_x_3banks,443598345,6,False,0.34240901216244624,0.26633892295139366,0.21250461362329795,0.17838410181878855,0.22216146920503155,0.16056362835017804,0.04188049389851485,1.4169257851773092,True,True,True,True,True,True,True,True,True,1.4849692995615273,0.33059576117200756,1.2259591851225644,0.0,True,False
run-03,outer-context-07,7,7936,True,2,sealed-run03-retrospective,outer_once_8contexts_x_3banks,443598345,7,False,0.30933490721806545,0.3096667550311724,0.1483829386846956,0.2214198825072224,-0.0010727784202932873,-0.49221928390113434,0.014820212564394052,1.4679588697220418,False,False,False,True,True,True,True,False,True,1.4849692995615273,0.33059576117200756,1.2259591851225644,0.0,True,False
run-03,outer-context-07,7,7936,True,2,sealed-run03-retrospective,outer_once_8contexts_x_3banks,443598345,8,False,0.29155810782407554,0.2209756355157495,0.22445973363989233,0.16556415557645068,0.24208715317536322,0.2623881669481513,0.02904229785233479,1.4680807339501971,True,True,True,True,True,True,True,True,True,1.4849692995615273,0.33059576117200756,1.2259591851225644,0.0,True,False
run-03,outer-context-07,7,7936,True,2,sealed-run03-retrospective,outer_once_8contexts_x_3banks,443598345,9,False,0.32709988566848025,0.2478287457367253,0.24739253074307047,0.21329792878061685,0.2423453611723277,0.1378158097984881,0.04245849151731112,1.7282938137183854,True,True,True,True,True,True,True,True,True,1.4849692995615273,0.33059576117200756,1.2259591851225644,0.0,True,False
run-03,outer-context-07,7,7936,True,2,sealed-run03-retrospective,outer_once_8contexts_x_3banks,443598345,10,False,0.36413500978990193,0.20363193198674287,0.31721329447276453,0.16434986678357869,0.4407790338417772,0.4818947703413814,0.014650730856700165,1.7864896243915445,True,True,True,True,True,True,True,True,True,1.4849692995615273,0.33059576117200756,1.2259591851225644,0.0,True,False
run-03,outer-context-07,7,7936,True,2,sealed-run03-retrospective,outer_once_8contexts_x_3banks,443598345,11,False,0.4753700143338811,0.19757940371292165,0.4455032259147408,0.16658925199469887,0.5843671292776375,0.626064992789569,0.04312215710096462,2.0834577094560687,True,True,True,True,True,True,False,False,True,1.4849692995615273,0.33059576117200756,1.2259591851225644,0.0,True,False
run-03,outer-context-07,7,7936,True,2,sealed-run03-retrospective,outer_once_8contexts_x_3banks,443598345,12,False,0.3978711527752064,0.246041659098731,0.35402970182255644,0.2168531357712587,0.38160467934768244,0.38747191364201455,0.009413466773615233,1.9567844624429238,True,True,True,True,True,True,True,True,True,1.4849692995615273,0.33059576117200756,1.2259591851225644,0.0,True,False
run-03,outer-context-07,7,7936,True,2,sealed-run03-retrospective,outer_once_8contexts_x_3banks,443598345,13,True,0.3525461791495386,0.335745561399181,0.2804313284741096,0.3111454243783369,0.04765508391237266,-0.10952448170234635,0.05744045334290445,2.1605370467488076,False,False,False,True,False,True,False,False,True,1.4849692995615273,0.33059576117200756,1.2259591851225644,0.0,True,False
run-03,outer-context-07,7,7936,True,2,sealed-run03-retrospective,outer_once_8contexts_x_3banks,443598345,14,False,0.3677418173083671,0.3133775333856114,0.29265184816557155,0.27300314431024875,0.14783274940192323,0.0671402008170688,0.08975130877693936,1.8754458748967466,True,True,False,True,False,True,True,False,True,1.4849692995615273,0.33059576117200756,1.2259591851225644,0.0,True,False
run-03,outer-context-07,7,7936,True,2,sealed-run03-retrospective,outer_once_8contexts_x_3banks,443598345,15,False,0.3328570115637329,0.29686690270032473,0.2196659749569821,0.21987342388116687,0.10812483322592421,-0.0009443835087587353,0.03756187694614044,1.6073158955269093,False,True,False,True,True,True,True,False,True,1.4849692995615273,0.33059576117200756,1.2259591851225644,0.0,True,False
run-03,outer-context-07,7,7936,True,2,sealed-run03-retrospective,outer_once_8contexts_x_3banks,443598345,16,False,0.3192154082850549,0.20221703062753,0.26770796027686317,0.1515252688874491,0.36651857842979496,0.4339904247496343,0.02442932006772834,1.6098598767102223,True,True,True,True,True,True,True,True,True,1.4849692995615273,0.33059576117200756,1.2259591851225644,0.0,True,False
run-03,outer-context-07,7,7936,True,2,sealed-run03-retrospective,outer_once_8contexts_x_3banks,443598345,17,False,0.4131570880818395,0.15714540904210894,0.3849783655263665,0.10940094069349471,0.6196473119420837,0.7158257437559773,0.04424463700676995,1.9391988465157806,True,True,True,True,True,True,True,True,True,1.4849692995615273,0.33059576117200756,1.2259591851225644,0.0,True,False
run-03,outer-context-07,7,7936,True,2,sealed-run03-retrospective,outer_once_8contexts_x_3banks,443598345,18,False,0.4846552121993563,0.12981494434671126,0.4595415820394349,0.08511030956659965,0.7321499055841916,0.8147930178834262,0.02320847299769824,1.535073437236086,True,True,True,True,True,True,True,True,True,1.4849692995615273,0.33059576117200756,1.2259591851225644,0.0,True,False
run-03,outer-context-07,7,7936,True,2,sealed-run03-retrospective,outer_once_8contexts_x_3banks,443598345,19,False,0.518204117320119,0.16633038724700322,0.4867185083816677,0.13243744496280113,0.679025346021608,0.7278972492680548,0.03213464904341825,1.8204601944610521,True,True,True,True,True,True,True,True,True,1.4849692995615273,0.33059576117200756,1.2259591851225644,0.0,True,False
run-03,outer-context-07,7,7936,True,2,sealed-run03-retrospective,outer_once_8contexts_x_3banks,443598345,20,True,0.43025796821019285,0.176475775707033,0.3898141424154142,0.14560005749603505,0.5898372865907745,0.6264885193906765,0.01694831689457212,1.6372512435336886,True,True,True,True,True,True,True,True,True,1.4849692995615273,0.33059576117200756,1.2259591851225644,0.0,True,False
run-03,outer-context-07,7,7936,True,2,sealed-run03-retrospective,outer_once_8contexts_x_3banks,443598345,21,True,0.29962876554650986,0.2690849650249841,0.20755131826444104,0.2290843993261058,0.10193881240279187,-0.1037482259410633,0.05051386547046466,1.6671398975238856,False,True,False,True,True,True,True,False,True,1.4849692995615273,0.33059576117200756,1.2259591851225644,0.0,True,False
run-03,outer-context-07,7,7936,True,2,sealed-run03-retrospective,outer_once_8contexts_x_3banks,443598345,22,False,0.3288203946272704,0.36468241707697424,0.19863563733598325,0.30604380081651056,-0.10906264646496364,-0.5407295736104556,0.010205670752357504,1.8306427486868835,False,False,False,False,False,True,True,False,True,1.4849692995615273,0.33059576117200756,1.2259591851225644,0.0,True,False
run-03,outer-context-07,7,7936,True,2,sealed-run03-retrospective,outer_once_8contexts_x_3banks,443598345,23,False,0.3379087034150062,0.35182496950440395,0.17360675347390764,0.28258987611283,-0.041183508884961646,-0.6277585431335311,0.02949517885879416,1.7137719331611332,False,False,False,False,False,True,True,False,True,1.4849692995615273,0.33059576117200756,1.2259591851225644,0.0,True,False
run-03,outer-context-07,7,7936,True,2,sealed-run03-retrospective,outer_once_8contexts_x_3banks,443598345,24,False,0.42330834731526507,0.18576058534973933,0.39810275838560905,0.14423272214733135,0.5611695669885021,0.6376997669339807,0.002246134389678948,2.198167578443022,True,True,True,True,True,True,False,False,True,1.4849692995615273,0.33059576117200756,1.2259591851225644,0.0,True,False
run-03,outer-context-07,7,7936,True,2,sealed-run03-retrospective,outer_once_8contexts_x_3banks,443598345,25,False,0.5091644975378543,0.12629881643544372,0.48879706710040727,0.09298555729359653,0.75194889461818,0.8097665400383924,0.022375016633957336,2.163406939542457,True,True,True,True,True,True,False,False,True,1.4849692995615273,0.33059576117200756,1.2259591851225644,0.0,True,False
run-03,outer-context-07,7,7936,True,2,sealed-run03-retrospective,outer_once_8contexts_x_3banks,443598345,26,True,0.5276359141739854,0.08854036609559036,0.49684815647464037,0.0437172547505189,0.8321942011202926,0.9120108343347546,0.000643634683269048,1.2296386328173676,True,True,True,True,True,True,True,True,True,1.4849692995615273,0.33059576117200756,1.2259591851225644,0.0,True,False
run-03,outer-context-07,7,7936,True,2,sealed-run03-retrospective,outer_once_8contexts_x_3banks,443598345,27,True,0.4951888933753651,0.11318687972952933,0.45546484925740544,0.07239919191809636,0.7714268610549572,0.8410432944800532,0.009482921245470451,1.3097256901279974,True,True,True,True,True,True,True,True,True,1.4849692995615273,0.33059576117200756,1.2259591851225644,0.0,True,False
run-03,outer-context-07,7,7936,True,2,sealed-run03-retrospective,outer_once_8contexts_x_3banks,443598345,28,True,0.4188023593298164,0.17984519462923035,0.36034823167287394,0.14523098531781012,0.5705726325968519,0.5969704509341076,0.017259587999490813,1.5084981872682266,True,True,True,True,True,True,True,True,True,1.4849692995615273,0.33059576117200756,1.2259591851225644,0.0,True,False
run-03,outer-context-07,7,7936,True,2,sealed-run03-retrospective,outer_once_8contexts_x_3banks,443598345,29,False,0.3201704238833245,0.2445603688312975,0.21361991332314356,0.1853027833814969,0.236155651527577,0.13255847500888765,0.021304816452899396,1.4716686077250134,True,True,True,True,True,True,True,True,True,1.4849692995615273,0.33059576117200756,1.2259591851225644,0.0,True,False
run-03,outer-context-07,7,7936,True,2,sealed-run03-retrospective,outer_once_8contexts_x_3banks,443598345,30,False,0.332234279105383,0.3659389068883872,0.16630081294495802,0.29805695983481095,-0.10144837514588093,-0.7922760241314116,0.0580488665735934,1.6739766921536614,False,False,False,False,False,True,True,False,True,1.4849692995615273,0.33059576117200756,1.2259591851225644,0.0,True,False
run-03,outer-context-07,7,7936,True,2,sealed-run03-retrospective,outer_once_8contexts_x_3banks,443598345,31,False,0.3612302756421815,0.4095776037954205,0.13652695395599798,0.3375509787632984,-0.13384074207868912,-1.4724127286403064,0.07243844850583969,1.6889288110507397,False,False,False,False,False,True,True,False,True,1.4849692995615273,0.33059576117200756,1.2259591851225644,0.0,True,False
run-03,outer-context-07,7,7936,True,2,sealed-run03-retrospective,outer_once_8contexts_x_3banks,443598345,32,False,0.37604694006152184,0.2645861002074908,0.29707985306283785,0.20482852624919531,0.2964014009415843,0.3105270379749706,0.055863916668324666,1.6868536828565188,True,True,True,True,True,True,True,True,True,1.4849692995615273,0.33059576117200756,1.2259591851225644,0.0,True,False
run-03,outer-context-07,7,7936,True,2,sealed-run03-retrospective,outer_once_8contexts_x_3banks,443598345,33,False,0.4241261736043515,0.15417060170702462,0.34582559337483565,0.08690471560091385,0.6364982608905351,0.7487036319295229,0.010448891623474822,1.3271128719681866,True,True,True,True,True,True,True,True,True,1.4849692995615273,0.33059576117200756,1.2259591851225644,0.0,True,False
run-03,outer-context-07,7,7936,True,2,sealed-run03-retrospective,outer_once_8contexts_x_3banks,443598345,34,True,0.4678923926523709,0.11677728927527163,0.40869174234794864,0.047484943488706376,0.7504184912832438,0.8838123246241687,0.001013006280584329,1.1569397121860243,True,True,True,True,True,True,True,True,True,1.4849692995615273,0.33059576117200756,1.2259591851225644,0.0,True,False
run-03,outer-context-07,7,7936,True,2,sealed-run03-retrospective,outer_once_8contexts_x_3banks,443598345,35,True,0.45608974418065334,0.12708574102846287,0.3941996161602466,0.0759961165423334,0.7213580383028186,0.8072141285103633,0.004023448138059227,1.2787701074471014,True,True,True,True,True,True,True,True,True,1.4849692995615273,0.33059576117200756,1.2259591851225644,0.0,True,False
run-03,outer-context-07,7,7936,True,2,sealed-run03-retrospective,outer_once_8contexts_x_3banks,443598345,36,True,0.3965017904097428,0.18409684091599754,0.3237295464909317,0.1410391312696099,0.5356973275561937,0.56433037145233,0.04149649381461185,1.4229191861129256,True,True,True,True,True,True,True,True,True,1.4849692995615273,0.33059576117200756,1.2259591851225644,0.0,True,False
run-03,outer-context-07,7,7936,True,2,sealed-run03-retrospective,outer_once_8contexts_x_3banks,443598345,37,True,0.3180279102863698,0.23302933153655947,0.22043287620496244,0.18039860536689328,0.2672676705427298,0.18161660604947408,0.11427277786192094,1.3697701778849072,True,True,True,True,True,False,True,False,True,1.4849692995615273,0.33059576117200756,1.2259591851225644,0.0,True,False
run-03,outer-context-07,7,7936,True,2,sealed-run03-retrospective,outer_once_8contexts_x_3banks,443598345,38,True,0.30363856806038103,0.23554056479077,0.1653670798417205,0.14519171000079215,0.22427323282617104,0.12200354423769842,0.07072989392082664,1.29266763317001,True,True,True,True,True,True,True,True,True,1.4849692995615273,0.33059576117200756,1.2259591851225644,0.0,True,False
run-03,outer-context-07,7,7936,True,2,sealed-run03-retrospective,outer_once_8contexts_x_3banks,443598345,39,False,0.33774556601612815,0.35808202016742413,0.10272097203555429,0.2586574694238662,-0.06021234976131371,-1.5180590126652849,0.08299857093797512,1.4856342359070425,False,False,False,False,False,True,True,False,True,1.4849692995615273,0.33059576117200756,1.2259591851225644,0.0,True,False
run-03,outer-context-07,7,7936,True,2,sealed-run03-retrospective,outer_once_8contexts_x_3banks,443598345,40,False,0.35215386874752713,0.2720681882904628,0.2855288152992033,0.22321443495940493,0.22741672764208898,0.21824200221087897,0.021076936944858026,1.8148867493475933,True,True,True,True,True,True,True,True,True,1.4849692995615273,0.33059576117200756,1.2259591851225644,0.0,True,False
run-03,outer-context-07,7,7936,True,2,sealed-run03-retrospective,outer_once_8contexts_x_3banks,443598345,41,True,0.3341001992332396,0.1978543041178717,0.20318601563143807,0.08991677394323581,0.40779950274813487,0.5574657357013334,0.032531116534645604,1.1876049718525026,True,True,True,True,True,True,True,True,True,1.4849692995615273,0.33059576117200756,1.2259591851225644,0.0,True,False
run-03,outer-context-07,7,7936,True,2,sealed-run03-retrospective,outer_once_8contexts_x_3banks,443598345,42,True,0.3650181333998463,0.18982590547550088,0.2330517047831708,0.1018249956112879,0.4799548622217002,0.563079807950665,0.01668761700167378,1.2389687336935784,True,True,True,True,True,True,True,True,True,1.4849692995615273,0.33059576117200756,1.2259591851225644,0.0,True,False
run-03,outer-context-07,7,7936,True,2,sealed-run03-retrospective,outer_once_8contexts_x_3banks,443598345,43,True,0.3918294352993057,0.17422402397847148,0.2748372240801327,0.10279576485454113,0.5553574890426815,0.625975829152715,0.015340128407349041,1.2575518263033798,True,True,True,True,True,True,True,True,True,1.4849692995615273,0.33059576117200756,1.2259591851225644,0.0,True,False
run-03,outer-context-07,7,7936,True,2,sealed-run03-retrospective,outer_once_8contexts_x_3banks,443598345,44,True,0.3705895432230968,0.19828101266325707,0.2653159527776872,0.14457415920818303,0.4649578859166814,0.45508682122358396,0.09393176916757058,1.306430157945135,True,True,True,True,True,True,True,True,True,1.4849692995615273,0.33059576117200756,1.2259591851225644,0.0,True,False
run-03,outer-context-07,7,7936,True,2,sealed-run03-retrospective,outer_once_8contexts_x_3banks,443598345,45,True,0.3177092060284148,0.2165637169269524,0.21319058873526636,0.15487899052012458,0.31835869777225245,0.273518632136015,0.042998732635105924,1.3725675807633724,True,True,True,True,True,True,True,True,True,1.4849692995615273,0.33059576117200756,1.2259591851225644,0.0,True,False
run-03,outer-context-07,7,7936,True,2,sealed-run03-retrospective,outer_once_8contexts_x_3banks,443598345,46,True,0.298939515302839,0.274156579781888,0.17651220975904114,0.2166241235439418,0.08290284238885179,-0.22724724731313437,0.07762513080187265,1.5025057696959276,False,False,False,True,True,True,True,False,True,1.4849692995615273,0.33059576117200756,1.2259591851225644,0.0,True,False
run-03,outer-context-07,7,7936,True,2,sealed-run03-retrospective,outer_once_8contexts_x_3banks,443598345,47,False,0.2623708872114078,0.34529651575074044,0.10299371391791144,0.28224720951472226,-0.31606261434224814,-1.740431418364817,0.07181774745596915,1.6150911999228077,False,False,False,True,False,True,True,False,True,1.4849692995615273,0.33059576117200756,1.2259591851225644,0.0,True,False
run-03,outer-context-07,7,7936,True,2,sealed-run03-retrospective,outer_once_8contexts_x_3banks,443598345,48,False,0.2967259005215498,0.26216554324520336,0.10717814081905984,0.1738608269255382,0.11647233091415449,-0.6221668485466018,0.027089564071388544,1.3252612391560823,False,True,False,True,True,True,True,False,True,1.4849692995615273,0.33059576117200756,1.2259591851225644,0.0,True,False
run-03,outer-context-07,7,7936,True,2,sealed-run03-retrospective,outer_once_8contexts_x_3banks,443598345,49,True,0.31459325204263944,0.276528596543227,0.13565358898729024,0.18558689842074846,0.1209964144248499,-0.36809427458743177,0.017823855928680767,1.3553948952467658,False,True,False,True,True,True,True,False,True,1.4849692995615273,0.33059576117200756,1.2259591851225644,0.0,True,False
run-03,outer-context-07,7,7936,True,2,sealed-run03-retrospective,outer_once_8contexts_x_3banks,443598345,50,True,0.3269006516013839,0.2486480243196677,0.14536679446669712,0.14674576621421884,0.23937739768452912,-0.009486153647266633,0.01409391184633733,1.2655171028034289,False,True,False,True,True,True,True,False,True,1.4849692995615273,0.33059576117200756,1.2259591851225644,0.0,True,False
run-03,outer-context-07,7,7936,True,2,sealed-run03-retrospective,outer_once_8contexts_x_3banks,443598345,51,True,0.36899685206656846,0.21476792751885698,0.17780450634766484,0.07890880894348214,0.41796813084976664,0.5562046735239089,0.05614521685279393,1.1000283839595668,True,True,True,True,True,True,True,True,True,1.4849692995615273,0.33059576117200756,1.2259591851225644,0.0,True,False
run-03,outer-context-07,7,7936,True,2,sealed-run03-retrospective,outer_once_8contexts_x_3banks,443598345,52,True,0.372601997472241,0.182298908083524,0.19490802080308606,0.030124902677516985,0.5107409264570425,0.845440415672006,0.020130799392885885,1.0099982640493175,True,True,True,True,True,True,True,True,True,1.4849692995615273,0.33059576117200756,1.2259591851225644,0.0,True,False
run-03,outer-context-07,7,7936,True,2,sealed-run03-retrospective,outer_once_8contexts_x_3banks,443598345,53,True,0.34017506616813875,0.2026171526597602,0.16697506584036237,0.07420227685828201,0.4043738862400562,0.5556086384225559,0.023997622005561492,1.1042922901727277,True,True,True,True,True,True,True,True,True,1.4849692995615273,0.33059576117200756,1.2259591851225644,0.0,True,False
run-03,outer-context-07,7,7936,True,2,sealed-run03-retrospective,outer_once_8contexts_x_3banks,443598345,54,False,0.29838934345331125,0.25780113178293373,0.13589392657576382,0.13561293575848432,0.13602433384732562,0.0020677216735130862,0.0439258759803729,1.2832800945892329,True,True,False,True,True,True,True,False,True,1.4849692995615273,0.33059576117200756,1.2259591851225644,0.0,True,False
run-03,outer-context-07,7,7936,True,2,sealed-run03-retrospective,outer_once_8contexts_x_3banks,443598345,55,False,0.32150767755257187,0.27324851661891797,0.07041516031409545,0.0865948784770264,0.15010267033440508,-0.22977606087608607,0.051009191051952986,1.1237402658937479,False,True,False,True,True,True,True,False,True,1.4849692995615273,0.33059576117200756,1.2259591851225644,0.0,True,False
run-03,outer-context-07,7,7936,True,2,sealed-run03-retrospective,outer_once_8contexts_x_3banks,443598345,56,False,0.26659177565182485,0.3046622737884342,0.07986769167477001,0.22957708703582205,-0.1428044734070503,-1.8744675377709061,0.018311895842422387,1.4204823878702744,False,False,False,True,True,True,True,False,True,1.4849692995615273,0.33059576117200756,1.2259591851225644,0.0,True,False
run-03,outer-context-07,7,7936,True,2,sealed-run03-retrospective,outer_once_8contexts_x_3banks,443598345,57,False,0.26946265992884477,0.344530650986881,0.08702162589550916,0.2745948261461397,-0.27858402005628147,-2.1554780012483135,0.02912189149916411,1.4987066995490086,False,False,False,True,False,True,True,False,True,1.4849692995615273,0.33059576117200756,1.2259591851225644,0.0,True,False
run-03,outer-context-07,7,7936,True,2,sealed-run03-retrospective,outer_once_8contexts_x_3banks,443598345,58,False,0.28363978056978256,0.2862423292283794,0.10425509836302917,0.20575376826549488,-0.00917554178531926,-0.9735607322438541,0.01984878825711298,1.3566253105562407,False,False,False,True,True,True,True,False,True,1.4849692995615273,0.33059576117200756,1.2259591851225644,0.0,True,False
run-03,outer-context-07,7,7936,True,2,sealed-run03-retrospective,outer_once_8contexts_x_3banks,443598345,59,False,0.3064521784049481,0.266441721599445,0.10285836150126597,0.15709399509961916,0.1305601970713779,-0.527284634975307,0.0336018452275332,1.2195708949371924,False,True,False,True,True,True,True,False,True,1.4849692995615273,0.33059576117200756,1.2259591851225644,0.0,True,False
run-03,outer-context-07,7,7936,True,2,sealed-run03-retrospective,outer_once_8contexts_x_3banks,443598345,60,False,0.3426183973098343,0.24639585796062874,0.0997949650207563,0.08248937679064187,0.2808446367875285,0.17341143640378093,0.04552824949181415,1.0692853631274142,True,True,True,True,True,True,True,True,True,1.4849692995615273,0.33059576117200756,1.2259591851225644,0.0,True,False
run-03,outer-context-07,7,7936,True,2,sealed-run03-retrospective,outer_once_8contexts_x_3banks,443598345,61,False,0.3648621191390337,0.24864266191500917,0.06867921014013147,0.0819915945258512,0.3185297983201653,-0.19383426743780907,0.02529389171376748,1.1542216291472895,False,True,False,True,True,True,True,False,True,1.4849692995615273,0.33059576117200756,1.2259591851225644,0.0,True,False
run-03,outer-context-07,7,7936,True,2,sealed-run03-retrospective,outer_once_8contexts_x_3banks,443598345,62,False,0.33771435225665736,0.2674774806019032,0.05015476934462986,0.04581607937304726,0.2079771593520411,0.08650602980087573,0.034378628641605354,1.0406192374059782,True,True,False,True,True,True,True,False,True,1.4849692995615273,0.33059576117200756,1.2259591851225644,0.0,True,False
run-03,outer-context-07,7,7936,True,2,sealed-run03-retrospective,outer_once_8contexts_x_3banks,443598345,63,False,0.42260120220355907,0.33340668756845715,0.06603642105249723,0.11130115857316968,0.2110607214792981,-0.6854511010626722,0.050668703294577795,1.081238228173046,False,True,False,True,True,True,True,False,True,1.4849692995615273,0.33059576117200756,1.2259591851225644,0.0,True,False
