variant,technical_seed,channel,time_w1,occupation_w1
constant_input,0,LAF1,2.867535533026606,2.862574384779877
constant_input,0,LAF2,2.9857676428628785,2.981965308103567
constant_input,0,LAF3,1.8601013758328508,1.835822090158005
constant_input,0,LAF4,1.0209889515983708,0.996911605802607
constant_input,0,RA2,2.844970217482379,2.8361299879078032
constant_input,0,RA3,2.6629792810310446,2.6547247692144476
constant_input,0,RAFa1,1.1576879820114805,1.1311119778586116
constant_input,0,RAFa2,0.7844978361626029,0.7418642478680724
constant_input,0,RAFa3,0.7771252240204701,0.7370955620566311
constant_input,0,RAFa4,0.717082526026707,0.670488025999049
constant_input,0,RAFb1,0.8770557512688775,0.8315972782587514
constant_input,0,RAFb2,0.7204602642299175,0.68181548828722
constant_input,0,RAFb3,0.6228401772841181,0.5788693252043846
constant_input,0,RAFb4,0.584601104606728,0.5301000929054777
constant_input,0,RAFc1,1.1455386699882255,1.0856904270609278
constant_input,0,RAFc2,1.2446768804439163,1.184936563469285
constant_input,0,RAFc3,1.2055862778333681,1.1461643435224846
constant_input,0,RAFc4,0.7245068290354926,0.659895816943445
constant_input,0,RAFd1,1.0351614641570122,0.9681372868266487
constant_input,0,RAFd2,1.0176448687699293,0.9178960206601646
constant_input,0,RAFd3,0.7131352693233377,0.5805238815566233
constant_input,0,RAFd4,0.6265196683462845,0.49268653875820834
constant_input,0,RH1,1.5959979930322448,1.575026193943274
constant_input,0,RH2,2.113462772602265,2.0970819356572923
constant_input,0,RH3,0.8408077738244376,0.7949523770326388
constant_input,0,RH4,1.0754857275820773,1.0360864275385293
constant_input,0,RPFa1,0.7512426134371772,0.7239583836217378
constant_input,0,RPFa2,0.7241018747625376,0.7009856743206727
constant_input,0,RPFa3,0.891241986168091,0.8756081710191586
constant_input,0,RPFa4,0.8785810941723308,0.8683277937305542
constant_input,0,RPFb1,0.717984940397234,0.7060730874098984
constant_input,0,RPFb2,0.705759416631902,0.6912080858674426
constant_input,0,RPFb3,0.7233375432433014,0.7065561874056003
constant_input,0,RPFc1,0.8446961760502443,0.7486249377557161
constant_input,0,RPFc2,0.6158066199326853,0.5678478810729543
constant_input,0,RPFc3,0.7792832871334593,0.728928657475798
constant_input,1,LAF1,2.2496089768941756,2.241356724844522
constant_input,1,LAF2,2.5006194302075984,2.4941132145763545
constant_input,1,LAF3,0.8350651398260271,0.8008814567087507
constant_input,1,LAF4,2.3929930068929828,2.3929930068929894
constant_input,1,RA2,2.601701072679299,2.599592470467823
constant_input,1,RA3,2.7689213547612104,2.7676535505038453
constant_input,1,RAFa1,3.5815509848922122,3.5815509848922082
constant_input,1,RAFa2,2.284709584612062,2.2835356137604927
constant_input,1,RAFa3,1.7664695531342356,1.7595686850240464
constant_input,1,RAFa4,1.4312750618384866,1.4140501963106804
constant_input,1,RAFb1,2.974999976634134,2.974999976634127
constant_input,1,RAFb2,1.5127173435540204,1.5038854534802502
constant_input,1,RAFb3,1.0124069297181173,0.9810650649679341
constant_input,1,RAFb4,0.6320655358588461,0.5759421784591131
constant_input,1,RAFc1,2.7140996951124787,2.7140924113004186
constant_input,1,RAFc2,2.9904379477624423,2.9904379477624343
constant_input,1,RAFc3,3.12279486135498,3.122794861354971
constant_input,1,RAFc4,2.455801070915278,2.4556807628052324
constant_input,1,RAFd1,2.4257983899832456,2.425444975314903
constant_input,1,RAFd2,2.2742971688614375,2.274108509898937
constant_input,1,RAFd3,2.646808886578936,2.6461344007845473
constant_input,1,RAFd4,2.0034508863024105,1.9984846568157466
constant_input,1,RH1,1.6531656761526312,1.6488287607015497
constant_input,1,RH2,1.5706415017007775,1.5630181546496231
constant_input,1,RH3,1.2176592283695766,1.1905543510444807
constant_input,1,RH4,1.3271265010022113,1.3053741106846415
constant_input,1,RPFa1,2.719485970270053,2.7190055762847054
constant_input,1,RPFa2,1.5669534118168533,1.5618965508812581
constant_input,1,RPFa3,1.5405649983139067,1.5362527277843259
constant_input,1,RPFa4,0.5488492357788748,0.5313097732422828
constant_input,1,RPFb1,0.8644960651575058,0.853463398133714
constant_input,1,RPFb2,0.6908085991276441,0.6785775849543195
constant_input,1,RPFb3,1.4644574303587004,1.4486848930140501
constant_input,1,RPFc1,3.004541543765401,3.0045415437653973
constant_input,1,RPFc2,1.0718749438671666,1.0402484351390142
constant_input,1,RPFc3,2.743634391198754,2.74034887347286
constant_input,2,LAF1,1.9673154915792117,1.9547430646156576
constant_input,2,LAF2,2.1144115915805655,2.1054223556875233
constant_input,2,LAF3,0.8758670700121353,0.8249363563055613
constant_input,2,LAF4,1.6808322051466857,1.6808224862743308
constant_input,2,RA2,2.4008636092531854,2.397185026300459
constant_input,2,RA3,2.4053819202958633,2.403986827584862
constant_input,2,RAFa1,1.9232171663974362,1.9228094471978672
constant_input,2,RAFa2,0.7367871910826301,0.6873995506746966
constant_input,2,RAFa3,0.6062236529547163,0.5427070070837129
constant_input,2,RAFa4,0.5922929860091268,0.48586810776844813
constant_input,2,RAFb1,1.3207485239875514,1.309577439993794
constant_input,2,RAFb2,0.9261863096522515,0.9027626066754542
constant_input,2,RAFb3,0.6208924781418863,0.5499756682451655
constant_input,2,RAFb4,0.5375365325578915,0.4378581036176235
constant_input,2,RAFc1,2.417296393946038,2.4172574262335007
constant_input,2,RAFc2,2.526871750408362,2.5268717504083518
constant_input,2,RAFc3,2.1432927342229773,2.143292734222965
constant_input,2,RAFc4,0.975840277795475,0.9609134813514065
constant_input,2,RAFd1,2.437037948906982,2.436805223975068
constant_input,2,RAFd2,2.246346748819798,2.246124089994759
constant_input,2,RAFd3,0.8534520278166116,0.7814536217248362
constant_input,2,RAFd4,0.5080059387010105,0.31502631183157637
constant_input,2,RH1,1.3088941080765228,1.2932819399767836
constant_input,2,RH2,1.5745537445382431,1.553506602588317
constant_input,2,RH3,0.6135464080180362,0.5337973170338651
constant_input,2,RH4,0.966186044937531,0.9065924375147242
constant_input,2,RPFa1,0.7065466780129432,0.6652980144551404
constant_input,2,RPFa2,0.595407486655746,0.5699881582264649
constant_input,2,RPFa3,0.6815723917505196,0.6561004835067515
constant_input,2,RPFa4,0.6916155440788792,0.6767782166289991
constant_input,2,RPFb1,0.5449779056891574,0.5304324034492796
constant_input,2,RPFb2,0.4987253063668123,0.4812680948079829
constant_input,2,RPFb3,0.5329269071721836,0.49588437912010064
constant_input,2,RPFc1,1.3943009092315524,1.3939335577248497
constant_input,2,RPFc2,0.34810176708732915,0.2919148240574357
constant_input,2,RPFc3,0.5469919734335503,0.4762354174245538
constant_input,3,LAF1,4.4313185454178345,4.429527097145296
constant_input,3,LAF2,4.411601179529176,4.410584272659725
constant_input,3,LAF3,4.13425968304216,4.129117062077638
constant_input,3,LAF4,1.3757808793836268,1.3243429792006396
constant_input,3,RA2,3.6752086162643334,3.673376128356579
constant_input,3,RA3,3.1793148963492497,3.1723141625814515
constant_input,3,RAFa1,1.733852088762103,1.7296756240382531
constant_input,3,RAFa2,1.5681727961658358,1.5443795553614081
constant_input,3,RAFa3,1.2296342088850774,1.19816943839369
constant_input,3,RAFa4,0.9281926488245419,0.8683723353264403
constant_input,3,RAFb1,1.5435827058201188,1.532057716589725
constant_input,3,RAFb2,1.730453652227575,1.725872983966828
constant_input,3,RAFb3,1.3629260667681518,1.3541794364904007
constant_input,3,RAFb4,1.1685801058516405,1.157096236130374
constant_input,3,RAFc1,1.56381035077407,1.5224007430856865
constant_input,3,RAFc2,1.7971140921266893,1.7552599106578286
constant_input,3,RAFc3,1.5923084707168254,1.5548511758451453
constant_input,3,RAFc4,1.3695599560617933,1.3441958059014014
constant_input,3,RAFd1,1.3982901798610121,1.3618671360046621
constant_input,3,RAFd2,1.5048354632968974,1.4128660521260252
constant_input,3,RAFd3,1.8628965025240576,1.8535451835434111
constant_input,3,RAFd4,2.0763287074841372,2.0748351460257815
constant_input,3,RH1,1.738370540176757,1.729773981522045
constant_input,3,RH2,3.013753705123962,3.01149452657297
constant_input,3,RH3,1.0321940940745002,1.0065265399607966
constant_input,3,RH4,0.7702600955683921,0.7462279834627639
constant_input,3,RPFa1,1.9308276379601716,1.9238250884840784
constant_input,3,RPFa2,1.5376916468156783,1.5264117882411858
constant_input,3,RPFa3,0.981669314954851,0.9659125216388122
constant_input,3,RPFa4,0.6215615176244679,0.6084664160115262
constant_input,3,RPFb1,0.8220353033322748,0.8132527332964761
constant_input,3,RPFb2,0.6922405765836311,0.6802541652742263
constant_input,3,RPFb3,0.9767415125670696,0.9550049895592735
constant_input,3,RPFc1,1.4580654790642855,1.4174685171408181
constant_input,3,RPFc2,0.5431900344250236,0.49136453142675424
constant_input,3,RPFc3,2.6750997391947915,2.674810121599891
constant_input,4,LAF1,3.7454873361961614,3.7454873361961556
constant_input,4,LAF2,3.9757697399995156,3.9757697399995173
constant_input,4,LAF3,2.912365762891771,2.9123657628917683
constant_input,4,LAF4,1.0458392529707028,0.9977652783706819
constant_input,4,RA2,1.6676394914359949,1.662261059689559
constant_input,4,RA3,1.855502890093534,1.853883869377956
constant_input,4,RAFa1,1.1884400584689034,1.1764553494480585
constant_input,4,RAFa2,1.1343372047157216,1.112638794530363
constant_input,4,RAFa3,0.8132465700848117,0.7707858326025526
constant_input,4,RAFa4,0.880295825777611,0.84206415362618
constant_input,4,RAFb1,1.6584583200726448,1.6553495591084484
constant_input,4,RAFb2,1.3177540783803305,1.3140977770262772
constant_input,4,RAFb3,0.8462705464542822,0.8212947501879923
constant_input,4,RAFb4,0.7748521302131481,0.7450039852513871
constant_input,4,RAFc1,2.7112633252209166,2.7111748041882286
constant_input,4,RAFc2,2.6092040644692562,2.6083450187976784
constant_input,4,RAFc3,2.3795845412183576,2.379337924039494
constant_input,4,RAFc4,1.2631777277229503,1.241470633768915
constant_input,4,RAFd1,2.9809562349220866,2.9805727373791155
constant_input,4,RAFd2,3.0311784674928943,3.0308901281979597
constant_input,4,RAFd3,0.6279951640514321,0.4164078762731122
constant_input,4,RAFd4,0.9469141681386332,0.8691009196896027
constant_input,4,RH1,0.7346834692040467,0.715053169221733
constant_input,4,RH2,1.1342277264385923,1.1216322879859018
constant_input,4,RH3,0.7807967837750553,0.7201280123404054
constant_input,4,RH4,0.6781010384656261,0.620654422772556
constant_input,4,RPFa1,0.5549403205975226,0.5084348944628468
constant_input,4,RPFa2,0.5231239008121255,0.48930842224066734
constant_input,4,RPFa3,0.5869759171611003,0.5552874764172527
constant_input,4,RPFa4,0.39302510870563145,0.3757988829653038
constant_input,4,RPFb1,0.5645661845162194,0.544730995170911
constant_input,4,RPFb2,0.5910979291064833,0.5688192835378527
constant_input,4,RPFb3,1.268441558498906,1.2595057295980805
constant_input,4,RPFc1,1.872429214908476,1.8712561333100823
constant_input,4,RPFc2,0.5492482936111107,0.47689629847774984
constant_input,4,RPFc3,1.8873252927564028,1.886552004963766
constant_input,5,LAF1,4.337283125186851,4.336929263608886
constant_input,5,LAF2,4.58300239084442,4.582637714055357
constant_input,5,LAF3,2.4417572984409084,2.4311052710946655
constant_input,5,LAF4,2.0343290666669365,2.0248946458696886
constant_input,5,RA2,3.6129056416660754,3.6122579687631173
constant_input,5,RA3,3.608132382585417,3.6079168526241725
constant_input,5,RAFa1,3.576473899335579,3.5758235287907865
constant_input,5,RAFa2,2.5197801198039347,2.509233128549654
constant_input,5,RAFa3,2.109752168224319,2.0960258631170396
constant_input,5,RAFa4,1.7190434795332517,1.6970857456377786
constant_input,5,RAFb1,2.714726653547937,2.70695825138008
constant_input,5,RAFb2,2.1197827422799222,2.0926556890916155
constant_input,5,RAFb3,1.7029644896955942,1.6609090171855707
constant_input,5,RAFb4,1.184268050942959,1.0888191084379721
constant_input,5,RAFc1,1.7902883567830823,1.7668266632958005
constant_input,5,RAFc2,2.1354163687439214,2.114865647990458
constant_input,5,RAFc3,2.730023791756195,2.7177992768861254
constant_input,5,RAFc4,2.582400729137341,2.5642783862888257
constant_input,5,RAFd1,1.454970968543862,1.425586461504592
constant_input,5,RAFd2,1.353416183229874,1.2803552821476822
constant_input,5,RAFd3,3.635292135843179,3.633431655243099
constant_input,5,RAFd4,3.189380065428724,3.178653809499629
constant_input,5,RH1,2.223875487662551,2.2182763688033713
constant_input,5,RH2,2.535476986104316,2.532678776023244
constant_input,5,RH3,1.3990237704174022,1.3778109473302256
constant_input,5,RH4,1.6087316175920914,1.5920793317737532
constant_input,5,RPFa1,3.4404207215180684,3.4393891355378354
constant_input,5,RPFa2,2.6752644325739894,2.673406390182935
constant_input,5,RPFa3,2.184955525067807,2.1821750570502294
constant_input,5,RPFa4,0.7286494491032158,0.7161253328592242
constant_input,5,RPFb1,0.597074647135476,0.5777219001335846
constant_input,5,RPFb2,0.6299591706123202,0.6103860044843467
constant_input,5,RPFb3,2.525127818442921,2.521815248051754
constant_input,5,RPFc1,2.972887698162414,2.9653132083879514
constant_input,5,RPFc2,1.6592364135721955,1.6241350219356203
constant_input,5,RPFc3,3.383085773291633,3.377400380220117
constant_input,6,LAF1,2.9173764214248883,2.912725648730604
constant_input,6,LAF2,3.0270829180571353,3.0234901956844604
constant_input,6,LAF3,1.8841337689431037,1.86133111822941
constant_input,6,LAF4,0.9628975933945482,0.9367974075379393
constant_input,6,RA2,2.182504850621983,2.144411549234478
constant_input,6,RA3,1.9271910969200232,1.8668619350041
constant_input,6,RAFa1,0.8176910514223391,0.7791111824527569
constant_input,6,RAFa2,0.8600749771848543,0.8193811934694923
constant_input,6,RAFa3,0.8697558414902804,0.8318547877458954
constant_input,6,RAFa4,0.7414867595261444,0.6901658924196868
constant_input,6,RAFb1,0.8020113829003741,0.7459693859102635
constant_input,6,RAFb2,0.6598366262661491,0.5937468389552322
constant_input,6,RAFb3,0.651631739821045,0.5856331765786781
constant_input,6,RAFb4,0.5877810459380913,0.5125935951227928
constant_input,6,RAFc1,1.172471140592299,1.1084259297883423
constant_input,6,RAFc2,1.2774356282310144,1.2161171976910006
constant_input,6,RAFc3,0.9331105041505616,0.8572769499187686
constant_input,6,RAFc4,0.6801233744509892,0.6177388606579175
constant_input,6,RAFd1,1.0355313627690383,0.9665531307011433
constant_input,6,RAFd2,1.0829431083083734,0.9733262476824724
constant_input,6,RAFd3,0.7432066221699314,0.6143767314949188
constant_input,6,RAFd4,0.5595309097278323,0.4117405511796345
constant_input,6,RH1,1.4611878646733092,1.4409630493430072
constant_input,6,RH2,1.8991059746231271,1.880501302764764
constant_input,6,RH3,0.7203278903570906,0.6792282133066014
constant_input,6,RH4,0.8372672363600413,0.7949929658694286
constant_input,6,RPFa1,1.0402382632466998,1.0182008739974415
constant_input,6,RPFa2,1.1039614738909242,1.0870430134023576
constant_input,6,RPFa3,0.7949350998861459,0.7766511333334944
constant_input,6,RPFa4,0.7602004157390927,0.7487897417043536
constant_input,6,RPFb1,0.6266122032303371,0.6139534740713978
constant_input,6,RPFb2,0.614282593163329,0.5991544497220602
constant_input,6,RPFb3,0.6812311974909057,0.6671246411452114
constant_input,6,RPFc1,1.1115758285097692,1.053992377336079
constant_input,6,RPFc2,0.6042970254415173,0.5571779828393397
constant_input,6,RPFc3,1.0295358168676576,0.9924656306565978
constant_input,7,LAF1,2.81776898237283,2.8078409024032784
constant_input,7,LAF2,2.9796352644587367,2.972620972541527
constant_input,7,LAF3,1.6653261073430785,1.6366207452983732
constant_input,7,LAF4,1.5282606410908248,1.5111052491395134
constant_input,7,RA2,3.6999510953671617,3.6992465097721725
constant_input,7,RA3,3.766150976129377,3.7659499668536354
constant_input,7,RAFa1,2.3965326706834666,2.3898113431191987
constant_input,7,RAFa2,1.779359983657218,1.7543773709324884
constant_input,7,RAFa3,1.5134439759421836,1.4855625828923487
constant_input,7,RAFa4,1.2519982354251655,1.2094691119525771
constant_input,7,RAFb1,2.644696112752147,2.636489698037164
constant_input,7,RAFb2,2.68385715437091,2.680542618794738
constant_input,7,RAFb3,2.1766735912116193,2.171617280588832
constant_input,7,RAFb4,1.700447280008244,1.6898254017277548
constant_input,7,RAFc1,0.8596533392103645,0.8119049924944995
constant_input,7,RAFc2,0.9859382427156956,0.935181196074643
constant_input,7,RAFc3,0.7325854164392706,0.6799825828775042
constant_input,7,RAFc4,0.6456147404635975,0.5887090947085193
constant_input,7,RAFd1,0.916279812019781,0.8523664108458677
constant_input,7,RAFd2,1.0739097429845863,0.9848594343630485
constant_input,7,RAFd3,0.9676012233351243,0.8144436106933045
constant_input,7,RAFd4,1.0723543337096852,0.9197745220705676
constant_input,7,RH1,1.9830357409963546,1.9730062570713929
constant_input,7,RH2,2.357926289515805,2.3540375406538923
constant_input,7,RH3,0.9749436431097279,0.9214089817207678
constant_input,7,RH4,1.1893610354015416,1.1530012634801445
constant_input,7,RPFa1,2.288028531986353,2.278454271920659
constant_input,7,RPFa2,1.6415019109025877,1.6307884226769507
constant_input,7,RPFa3,0.9190565388617119,0.9030118990496326
constant_input,7,RPFa4,0.7763189227065302,0.7637185010708467
constant_input,7,RPFb1,0.9426246841724685,0.9333684578302716
constant_input,7,RPFb2,0.8030262421970825,0.7899657379195572
constant_input,7,RPFb3,0.9815816154948505,0.9579566746846601
constant_input,7,RPFc1,0.629399336105058,0.5652482993269043
constant_input,7,RPFc2,0.7260164058364572,0.6829051565117202
constant_input,7,RPFc3,2.0377984133790332,1.9799075731109683
constant_input,8,LAF1,4.464700190572463,4.464700190572481
constant_input,8,LAF2,4.665550430408138,4.665550430408152
constant_input,8,LAF3,3.6711597458771386,3.6711597458771346
constant_input,8,LAF4,0.9938221310520458,0.9100610043853079
constant_input,8,RA2,2.5318031020670517,2.530149088070584
constant_input,8,RA3,2.8795166502192937,2.878256975153155
constant_input,8,RAFa1,2.61338247188552,2.613382471885514
constant_input,8,RAFa2,1.9981668562339499,1.987421643478644
constant_input,8,RAFa3,1.472913111887752,1.4376110623675167
constant_input,8,RAFa4,1.5200554829217785,1.4871097875744537
constant_input,8,RAFb1,3.256400429820242,3.2564004298202494
constant_input,8,RAFb2,2.497565528937397,2.497565222047141
constant_input,8,RAFb3,1.8407242095633176,1.839246621415648
constant_input,8,RAFb4,1.5953825337367993,1.5938616294877348
constant_input,8,RAFc1,2.4375211058960184,2.437448854443945
constant_input,8,RAFc2,2.2943803190832166,2.293748623853603
constant_input,8,RAFc3,2.18404462201784,2.1840446220178436
constant_input,8,RAFc4,1.0029625457573625,0.9585970901301515
constant_input,8,RAFd1,2.87581264340833,2.8755491041216996
constant_input,8,RAFd2,2.666604998725267,2.666356474128923
constant_input,8,RAFd3,1.548584705663296,1.5425771082560527
constant_input,8,RAFd4,2.248181019588763,2.2472926540655194
constant_input,8,RH1,0.8169184432361948,0.8017559782730367
constant_input,8,RH2,1.237009036153567,1.2236456556069195
constant_input,8,RH3,1.0293610569887273,0.9548552941556312
constant_input,8,RH4,0.7384893754312994,0.6579980893508274
constant_input,8,RPFa1,0.7199608771050028,0.6529207395934219
constant_input,8,RPFa2,0.6391196998056776,0.5895610025468232
constant_input,8,RPFa3,0.9296237063342724,0.9015012872262838
constant_input,8,RPFa4,0.43412470861388835,0.39963167278218026
constant_input,8,RPFb1,0.49684062909545185,0.47196078551091675
constant_input,8,RPFb2,0.380046527829332,0.3489610712933878
constant_input,8,RPFb3,1.2628430053523685,1.2523260248363266
constant_input,8,RPFc1,1.544626845088394,1.5429660537594845
constant_input,8,RPFc2,0.5083924333800124,0.3652532782638161
constant_input,8,RPFc3,1.6582946582772522,1.640383748542049
constant_input,9,LAF1,2.2945476839868033,2.289589888638322
constant_input,9,LAF2,2.5293875245406303,2.5271169609558717
constant_input,9,LAF3,1.4116980394027412,1.393148826013536
constant_input,9,LAF4,1.136863468920574,1.10691625381299
constant_input,9,RA2,2.973960045729133,2.9733149344734855
constant_input,9,RA3,3.3011287589778275,3.3009278654734526
constant_input,9,RAFa1,1.2309983545686485,1.2092575349652281
constant_input,9,RAFa2,1.7213066809188549,1.705537664719887
constant_input,9,RAFa3,1.4965638602253335,1.4811510353579957
constant_input,9,RAFa4,1.3531600765758625,1.3330199827356668
constant_input,9,RAFb1,2.072428088588859,2.0690373710692462
constant_input,9,RAFb2,1.3006132260390946,1.2812185140978931
constant_input,9,RAFb3,1.005198752217768,0.9689097959793701
constant_input,9,RAFb4,0.7258236964251892,0.6512511843026336
constant_input,9,RAFc1,0.5397786535486812,0.46875990663940775
constant_input,9,RAFc2,0.7450859552648212,0.7156501924347168
constant_input,9,RAFc3,0.39018205686771396,0.2911075392124142
constant_input,9,RAFc4,0.3592631583807847,0.2635037103839965
constant_input,9,RAFd1,0.5647985981824538,0.5196452959891075
constant_input,9,RAFd2,0.6764996315365354,0.640125168708202
constant_input,9,RAFd3,1.0186424542685357,0.9930748060475776
constant_input,9,RAFd4,1.2598344194970688,1.2501480535403096
constant_input,9,RH1,0.9783490719123831,0.9694708149225707
constant_input,9,RH2,1.6806854633748594,1.6799829918446487
constant_input,9,RH3,1.0005183674944738,0.9672580236627015
constant_input,9,RH4,0.7030649008767414,0.639698786614945
constant_input,9,RPFa1,1.6738436529779364,1.6710990662457839
constant_input,9,RPFa2,1.0183098938660504,1.009234119998656
constant_input,9,RPFa3,1.1686783297227845,1.1645947055380752
constant_input,9,RPFa4,0.7593830779466075,0.752769478132202
constant_input,9,RPFb1,0.3644454006880785,0.34876070960575767
constant_input,9,RPFb2,0.3481424190528168,0.33026585030711497
constant_input,9,RPFb3,0.48829547048556304,0.4575591794966629
constant_input,9,RPFc1,0.2957048516516676,0.16020395432094311
constant_input,9,RPFc2,0.42883921092056115,0.3700809690338077
constant_input,9,RPFc3,0.6804772560548302,0.6008623631020943
constant_input,10,LAF1,3.5982131075626627,3.596790593967189
constant_input,10,LAF2,3.763213468014163,3.7623095266068374
constant_input,10,LAF3,2.1323816485405276,2.123007114576585
constant_input,10,LAF4,1.288057840639613,1.2645421744625693
constant_input,10,RA2,3.1784906707706035,3.1713893233531074
constant_input,10,RA3,3.0260716411448128,3.020102325655638
constant_input,10,RAFa1,1.7698554548093217,1.758681549305335
constant_input,10,RAFa2,0.87655296128098,0.8298539760027398
constant_input,10,RAFa3,0.7821392191008731,0.7319112792425726
constant_input,10,RAFa4,0.7406381237217338,0.6804868755458445
constant_input,10,RAFb1,1.2468605943711955,1.2145581407241306
constant_input,10,RAFb2,1.2819542277022369,1.2757461877180227
constant_input,10,RAFb3,1.004967196507548,0.996272890116843
constant_input,10,RAFb4,0.8867748292174253,0.8733921170504606
constant_input,10,RAFc1,1.3952224290559634,1.3399073059766682
constant_input,10,RAFc2,1.3000373718052378,1.2278279631907998
constant_input,10,RAFc3,1.8365935075383586,1.8107974584230913
constant_input,10,RAFc4,1.3941456490475885,1.35620519525311
constant_input,10,RAFd1,1.3979072661426823,1.348475846671647
constant_input,10,RAFd2,1.2265426132365889,1.1166740846292662
constant_input,10,RAFd3,1.4346757300244992,1.39455829296266
constant_input,10,RAFd4,1.0113562636858877,0.8844038741196818
constant_input,10,RH1,1.7378423101952043,1.717291469261541
constant_input,10,RH2,2.33518317891496,2.3214510743747523
constant_input,10,RH3,0.8341444179372297,0.7947799833299896
constant_input,10,RH4,1.2676710021032516,1.2312541472190475
constant_input,10,RPFa1,0.8191865898125313,0.7955907770916945
constant_input,10,RPFa2,0.5960220301106165,0.5686368075144103
constant_input,10,RPFa3,0.565225353437148,0.5411860407976378
constant_input,10,RPFa4,0.6009609427451292,0.590019039164628
constant_input,10,RPFb1,0.7064390348029009,0.6913559442500226
constant_input,10,RPFb2,0.6253466806867545,0.6062176727854658
constant_input,10,RPFb3,0.8967380337240373,0.8815511838567778
constant_input,10,RPFc1,1.9030343052342231,1.8894508630498275
constant_input,10,RPFc2,1.1791919888076539,1.1420687660552846
constant_input,10,RPFc3,0.7119244713256037,0.622560049282561
constant_input,11,LAF1,4.366125084835177,4.363935377374368
constant_input,11,LAF2,4.476963043968861,4.475237534188716
constant_input,11,LAF3,3.0338225716575145,3.0285707591412327
constant_input,11,LAF4,1.1956415373989038,1.1557112201422735
constant_input,11,RA2,3.900161517818481,3.899556163891319
constant_input,11,RA3,3.751483381581423,3.751282483546723
constant_input,11,RAFa1,0.950128065905937,0.9107929549916566
constant_input,11,RAFa2,0.9409851744191584,0.8811866514134084
constant_input,11,RAFa3,0.9352417490045948,0.8891314788953456
constant_input,11,RAFa4,0.8794139674143249,0.817813932065287
constant_input,11,RAFb1,0.8302900268360829,0.7470480660640204
constant_input,11,RAFb2,0.6920734145137277,0.6152751940583838
constant_input,11,RAFb3,0.6625657963598265,0.5924667763771475
constant_input,11,RAFb4,0.7374872819683462,0.6774339240205696
constant_input,11,RAFc1,0.9098188346651682,0.8743427492758288
constant_input,11,RAFc2,1.0705985642618059,1.033131895776669
constant_input,11,RAFc3,0.744726957802818,0.6757782687552935
constant_input,11,RAFc4,0.6319797537169831,0.5395425854732254
constant_input,11,RAFd1,0.8177148777222905,0.7522856219567686
constant_input,11,RAFd2,1.0735127681737215,1.030207152393533
constant_input,11,RAFd3,0.8882264664967557,0.7008943090951368
constant_input,11,RAFd4,0.9307981324830318,0.7591262246940291
constant_input,11,RH1,1.9601624830409254,1.9507449673091235
constant_input,11,RH2,2.764881927911197,2.763049188135592
constant_input,11,RH3,0.7634133042234155,0.7146982461943018
constant_input,11,RH4,1.114903600451578,1.0840302145231697
constant_input,11,RPFa1,1.1530175693365,1.1343859370721705
constant_input,11,RPFa2,0.8270821403666547,0.8046984367552065
constant_input,11,RPFa3,1.0163392550923496,1.0048050809663818
constant_input,11,RPFa4,0.6006929402636925,0.5872197911659562
constant_input,11,RPFb1,0.5150560605658575,0.49569605478972817
constant_input,11,RPFb2,0.5388103314268753,0.5134550011109977
constant_input,11,RPFb3,0.9821275209697765,0.9605821276371234
constant_input,11,RPFc1,0.6138114786759055,0.5216390631421524
constant_input,11,RPFc2,0.5977727423924556,0.5137162665814927
constant_input,11,RPFc3,0.8024957723440971,0.734135757750932
constant_input,12,LAF1,1.940345552149526,1.9318659528633884
constant_input,12,LAF2,2.1955281549658814,2.190348443370149
constant_input,12,LAF3,0.9871704707634598,0.9532980332803448
constant_input,12,LAF4,1.8216600005804489,1.8109543014243707
constant_input,12,RA2,3.566773714541365,3.56507592984833
constant_input,12,RA3,3.713371759965229,3.7121086191638053
constant_input,12,RAFa1,0.8164130353683874,0.7781317007629482
constant_input,12,RAFa2,1.2755011624099457,1.259119040708019
constant_input,12,RAFa3,1.1817889017104362,1.1633921671807008
constant_input,12,RAFa4,1.165712602599848,1.1433015978059382
constant_input,12,RAFb1,2.039809041386835,2.036855802318423
constant_input,12,RAFb2,2.338324416643727,2.336520477480932
constant_input,12,RAFb3,2.037908752309551,2.0340182434965017
constant_input,12,RAFb4,1.8696869725475733,1.8662955535569297
constant_input,12,RAFc1,0.8396142626332516,0.7967462329846934
constant_input,12,RAFc2,0.9447043371844468,0.9052804563143295
constant_input,12,RAFc3,0.9969121166561573,0.9635562021154274
constant_input,12,RAFc4,1.0347363161889547,0.9973342792315593
constant_input,12,RAFd1,0.7634304350254839,0.7063398324843746
constant_input,12,RAFd2,0.624023318221387,0.5410407185090522
constant_input,12,RAFd3,1.8695380410206157,1.8653931697948654
constant_input,12,RAFd4,1.8981494823714837,1.887998412166225
constant_input,12,RH1,1.1751649597482408,1.163016534223698
constant_input,12,RH2,2.178450431036445,2.1743378086814173
constant_input,12,RH3,1.1248418721427937,1.0965815175371278
constant_input,12,RH4,0.8734190151260492,0.8290722744356273
constant_input,12,RPFa1,0.9414152981536804,0.911960623503412
constant_input,12,RPFa2,0.9721466560913972,0.951690704670075
constant_input,12,RPFa3,0.8474726564386431,0.8321877798722895
constant_input,12,RPFa4,0.9590139302437644,0.948969731744129
constant_input,12,RPFb1,0.75119396575445,0.7391252060030065
constant_input,12,RPFb2,0.6992758073994177,0.6843810642399313
constant_input,12,RPFb3,1.0263602016458877,1.0126987873961057
constant_input,12,RPFc1,1.1309227132127262,1.1016899292740374
constant_input,12,RPFc2,0.8847738380204734,0.8397627056099606
constant_input,12,RPFc3,1.6464265503687248,1.6309056330595997
constant_input,13,LAF1,3.3432147320065484,3.340850611166243
constant_input,13,LAF2,3.4962109276393045,3.4951300419286446
constant_input,13,LAF3,2.6200143474384454,2.6143336654702383
constant_input,13,LAF4,0.8289231622806215,0.781875846075674
constant_input,13,RA2,2.019410915528156,2.0185937756826053
constant_input,13,RA3,2.550349679597285,2.5501486784103022
constant_input,13,RAFa1,2.548331294246626,2.5478310534159525
constant_input,13,RAFa2,2.300386663758715,2.292294667010319
constant_input,13,RAFa3,1.7601115982391033,1.7461268669721692
constant_input,13,RAFa4,1.4178385247952225,1.3988670814695428
constant_input,13,RAFb1,2.7317708297339425,2.7290022357621933
constant_input,13,RAFb2,2.757670177774297,2.7570698458052894
constant_input,13,RAFb3,2.1031406230694554,2.1010697034407757
constant_input,13,RAFb4,1.6748984576325883,1.670576407223848
constant_input,13,RAFc1,1.0567982301381396,1.0489424700209127
constant_input,13,RAFc2,1.3645022680954515,1.3605651802393854
constant_input,13,RAFc3,1.0468347181803,1.025609307987355
constant_input,13,RAFc4,1.0874429839524264,1.0547975562706544
constant_input,13,RAFd1,0.8672835540285526,0.8469599409432028
constant_input,13,RAFd2,1.085550628796253,1.0723403292345037
constant_input,13,RAFd3,0.5501704374860463,0.3922255306475748
constant_input,13,RAFd4,0.510685292285299,0.37922283116963046
constant_input,13,RH1,0.8156411804758319,0.7958842002268343
constant_input,13,RH2,0.9983436359468664,0.975817963147794
constant_input,13,RH3,0.8848679130024197,0.8454770390794955
constant_input,13,RH4,0.6327702339683433,0.5925049037239551
constant_input,13,RPFa1,2.3312791471675838,2.329064876971349
constant_input,13,RPFa2,1.6473123457864256,1.641673876574722
constant_input,13,RPFa3,0.9100175917156557,0.8954796752369671
constant_input,13,RPFa4,0.6782188585965215,0.6650298131976861
constant_input,13,RPFb1,0.8230272070953404,0.815534520633761
constant_input,13,RPFb2,0.7000192971714096,0.6911808864810771
constant_input,13,RPFb3,0.5485305359114453,0.5284706618751149
constant_input,13,RPFc1,1.203819480118883,1.193890016184083
constant_input,13,RPFc2,0.6229460290282236,0.537792602537128
constant_input,13,RPFc3,1.3790314233788397,1.3480405567000724
constant_input,14,LAF1,4.11140886921935,4.1086656583593335
constant_input,14,LAF2,4.301170907777785,4.30027887267143
constant_input,14,LAF3,3.5845726348564053,3.5778997525457417
constant_input,14,LAF4,1.103395926725936,1.0490128203830553
constant_input,14,RA2,1.741507902551837,1.7333992594573246
constant_input,14,RA3,2.137172355295592,2.136046573256845
constant_input,14,RAFa1,2.547015433040052,2.546476207698429
constant_input,14,RAFa2,2.102756492546485,2.0856179228576934
constant_input,14,RAFa3,1.6211832249125764,1.6004804218941882
constant_input,14,RAFa4,1.5639520850002495,1.5386447826601974
constant_input,14,RAFb1,2.1781987687243363,2.1701178215279047
constant_input,14,RAFb2,0.9223304839918162,0.8840624064757722
constant_input,14,RAFb3,0.7023211890171941,0.6352531468050813
constant_input,14,RAFb4,0.7109582638818301,0.630485332055568
constant_input,14,RAFc1,3.2527123439818655,3.252095060536339
constant_input,14,RAFc2,3.5700121176551085,3.569631448258304
constant_input,14,RAFc3,3.1438137517079827,3.142746787032688
constant_input,14,RAFc4,2.007896077556976,1.994072801714576
constant_input,14,RAFd1,3.493360599873288,3.4932647462943947
constant_input,14,RAFd2,3.4059048379973165,3.4038590507205027
constant_input,14,RAFd3,0.6669811917348254,0.5058961445958907
constant_input,14,RAFd4,1.1431214375912597,1.1101410901608681
constant_input,14,RH1,0.9767046897374754,0.9641740384401795
constant_input,14,RH2,1.0928782406970923,1.0758959768420506
constant_input,14,RH3,1.1790398142901364,1.1276059751723775
constant_input,14,RH4,0.9110026167193551,0.8689611629895314
constant_input,14,RPFa1,1.2826980915217117,1.261769826591745
constant_input,14,RPFa2,0.8204491616006169,0.802331288952619
constant_input,14,RPFa3,0.7692632043119871,0.7544033315459457
constant_input,14,RPFa4,0.8126038866745192,0.8018166887785865
constant_input,14,RPFb1,0.6960178709183791,0.6820055923605982
constant_input,14,RPFb2,0.6860513669875796,0.671649518348369
constant_input,14,RPFb3,0.7635213188063306,0.7457516619960606
constant_input,14,RPFc1,2.528113508610224,2.5247884588559653
constant_input,14,RPFc2,0.8826528666766865,0.8161021962165768
constant_input,14,RPFc3,0.896576760470687,0.8282073423478058
constant_input,15,LAF1,4.083970845437847,4.081133702909432
constant_input,15,LAF2,4.201504285599945,4.199995143602399
constant_input,15,LAF3,2.7901704435884054,2.7806265721189964
constant_input,15,LAF4,1.0066592909386434,0.9628081179422471
constant_input,15,RA2,3.858419752332416,3.856492261335273
constant_input,15,RA3,3.6746993832141857,3.6733998819944067
constant_input,15,RAFa1,1.1108056998574622,1.0505987727370312
constant_input,15,RAFa2,0.9326022009982408,0.8882723548547509
constant_input,15,RAFa3,0.9107873844561576,0.8696526187420596
constant_input,15,RAFa4,0.8762207003754826,0.8125574667510891
constant_input,15,RAFb1,1.1997946590247448,1.1543469289222934
constant_input,15,RAFb2,0.7231167726372345,0.6864593702460906
constant_input,15,RAFb3,0.6215965142914978,0.5825926042492845
constant_input,15,RAFb4,0.5137841739439596,0.46111477514255367
constant_input,15,RAFc1,0.8989287596112353,0.8147973605004637
constant_input,15,RAFc2,0.8352964111676539,0.724491687435431
constant_input,15,RAFc3,1.1311347308403485,1.0717607435578875
constant_input,15,RAFc4,0.8069675314321836,0.7592285457216076
constant_input,15,RAFd1,0.9563739997044114,0.8830312028770255
constant_input,15,RAFd2,0.8230733568235048,0.6366416650207717
constant_input,15,RAFd3,0.9393148132038278,0.7999716147422594
constant_input,15,RAFd4,0.7222917321328771,0.5692041147861221
constant_input,15,RH1,1.927202834613248,1.9224195693390405
constant_input,15,RH2,2.7798276163593334,2.7779452122740267
constant_input,15,RH3,0.6637228297718386,0.6065875439547489
constant_input,15,RH4,1.3630101724760018,1.3409125446710266
constant_input,15,RPFa1,1.1457346257667564,1.1279759333067185
constant_input,15,RPFa2,0.809830379527111,0.7948389359643931
constant_input,15,RPFa3,0.9135043924760866,0.8999187985412176
constant_input,15,RPFa4,0.6519538657506894,0.6391317264563854
constant_input,15,RPFb1,0.716228995821756,0.7067032521867008
constant_input,15,RPFb2,0.6931911223183506,0.681197483731763
constant_input,15,RPFb3,0.943416246994874,0.9241630439921392
constant_input,15,RPFc1,0.8781714775588909,0.7992700153481219
constant_input,15,RPFc2,0.7339757272588554,0.7058028851318494
constant_input,15,RPFc3,0.6329030749495775,0.5683058433612548
constant_input,16,LAF1,2.8277609751976303,2.823417946148673
constant_input,16,LAF2,2.9499332710408575,2.947351165829424
constant_input,16,LAF3,1.7603788399956533,1.742656325920471
constant_input,16,LAF4,0.7560474267407462,0.735022254109425
constant_input,16,RA2,2.899176465125169,2.896930470903382
constant_input,16,RA3,2.727185335090656,2.7255330251245136
constant_input,16,RAFa1,1.0824105409255074,1.0241773541187156
constant_input,16,RAFa2,0.6350280089765311,0.5592370513540815
constant_input,16,RAFa3,0.6134577209105206,0.5452716816235884
constant_input,16,RAFa4,0.5833222995759435,0.4709553449805939
constant_input,16,RAFb1,0.7905547256610774,0.7081371567505396
constant_input,16,RAFb2,0.6904201080856943,0.623104875752443
constant_input,16,RAFb3,0.5744506588278762,0.47816879111488153
constant_input,16,RAFb4,0.5071270040279189,0.38186735433997143
constant_input,16,RAFc1,0.9709548315703058,0.9237248070177213
constant_input,16,RAFc2,1.1042748143805339,1.0628496275331105
constant_input,16,RAFc3,1.094443585909039,1.056150516424047
constant_input,16,RAFc4,0.5688202106473247,0.5013544773110555
constant_input,16,RAFd1,0.8307595018222055,0.7473638412497392
constant_input,16,RAFd2,0.8925041743869512,0.7799309670915224
constant_input,16,RAFd3,0.6387443274410332,0.41160463582693285
constant_input,16,RAFd4,0.5617875412635966,0.3467197458215775
constant_input,16,RH1,1.4884532347379753,1.4751909679356938
constant_input,16,RH2,2.0729414085204247,2.061964143181635
constant_input,16,RH3,0.6104521375458057,0.510215038392422
constant_input,16,RH4,1.0047396754739082,0.943384670724015
constant_input,16,RPFa1,0.608909734385037,0.5675303543120012
constant_input,16,RPFa2,0.5383642759056028,0.5095950505287974
constant_input,16,RPFa3,0.7186989197342076,0.6998235879390688
constant_input,16,RPFa4,0.5555244690274488,0.5396372173924889
constant_input,16,RPFb1,0.5603872303191324,0.5430794826233971
constant_input,16,RPFb2,0.5305744194730319,0.5116731605440167
constant_input,16,RPFb3,0.6173684052143718,0.5829322319929744
constant_input,16,RPFc1,0.7014571336494253,0.6089683560416626
constant_input,16,RPFc2,0.40669885412258217,0.3554663211107079
constant_input,16,RPFc3,0.6582077548646603,0.6049355114246247
constant_input,17,LAF1,2.2357947108030536,2.2309530814889476
constant_input,17,LAF2,2.497930314963733,2.4956368613716577
constant_input,17,LAF3,0.8401397443852039,0.7957337911687533
constant_input,17,LAF4,2.4302261805337406,2.4237742036334478
constant_input,17,RA2,2.55241272496656,2.5511064188090353
constant_input,17,RA3,2.717086923438109,2.7165174580875324
constant_input,17,RAFa1,3.570119511856498,3.570119511856471
constant_input,17,RAFa2,2.267769895671602,2.2582098682541707
constant_input,17,RAFa3,1.7553548432576564,1.7394253671322275
constant_input,17,RAFa4,1.4251162116410165,1.4004531634292408
constant_input,17,RAFb1,2.9538541648851866,2.953635825551991
constant_input,17,RAFb2,1.4976545804553067,1.4803195330155134
constant_input,17,RAFb3,0.959915865054085,0.9235877314554878
constant_input,17,RAFb4,0.5576442870370908,0.4614231774244209
constant_input,17,RAFc1,2.724195913936731,2.7235566428328695
constant_input,17,RAFc2,2.999271363972494,2.9988883654683645
constant_input,17,RAFc3,3.121470027555542,3.120930183912076
constant_input,17,RAFc4,2.45230131329701,2.443808717857702
constant_input,17,RAFd1,2.4344910011366885,2.4337371434670283
constant_input,17,RAFd2,2.291762214970861,2.2895770737599768
constant_input,17,RAFd3,2.642012754457777,2.63830352389304
constant_input,17,RAFd4,2.037604293926433,1.996680468042857
constant_input,17,RH1,1.6698385609950295,1.6585563967562211
constant_input,17,RH2,1.590471164533068,1.5805212430151372
constant_input,17,RH3,1.2055162897318157,1.1818517765296148
constant_input,17,RH4,1.2872837359627063,1.2688284546941397
constant_input,17,RPFa1,2.7012616433234493,2.6996729344104624
constant_input,17,RPFa2,1.5528650251775977,1.5431401537363336
constant_input,17,RPFa3,1.5232092929541423,1.5169335977139733
constant_input,17,RPFa4,0.6710797987251164,0.6599206671794773
constant_input,17,RPFb1,0.7985753972171714,0.7911993292973876
constant_input,17,RPFb2,0.6032135519448102,0.591707617805763
constant_input,17,RPFb3,1.465280648317902,1.4556888252656395
constant_input,17,RPFc1,3.0007859079620114,2.999321821166041
constant_input,17,RPFc2,1.1021843114217764,1.0449982301773395
constant_input,17,RPFc3,2.732370498385788,2.73072890405774
constant_input,18,LAF1,2.009454589094194,1.9951009758621072
constant_input,18,LAF2,2.150843852810858,2.140258812539901
constant_input,18,LAF3,1.0776767582708862,1.025625211635118
constant_input,18,LAF4,1.6961872676833711,1.6862869188434773
constant_input,18,RA2,2.3560058771571564,2.3402008201897213
constant_input,18,RA3,2.342863269719064,2.3322268630959395
constant_input,18,RAFa1,1.9247484763536276,1.9182508815785868
constant_input,18,RAFa2,0.8573227183195861,0.819102495766725
constant_input,18,RAFa3,0.789494442178482,0.7461597465933214
constant_input,18,RAFa4,0.7452324336461118,0.6948185811022968
constant_input,18,RAFb1,1.350464616121221,1.3307635570920562
constant_input,18,RAFb2,0.9301805328126405,0.9133986260235327
constant_input,18,RAFb3,0.630076652519122,0.5920614282015749
constant_input,18,RAFb4,0.5721143492721411,0.5141431845083061
constant_input,18,RAFc1,2.442899123760369,2.439202070852276
constant_input,18,RAFc2,2.552086847693732,2.5499210614815837
constant_input,18,RAFc3,2.165635772977252,2.1587931036118566
constant_input,18,RAFc4,1.0705787708807126,1.0229234105213934
constant_input,18,RAFd1,2.456744742710603,2.4538310651457107
constant_input,18,RAFd2,2.2802079864974165,2.2747771649135484
constant_input,18,RAFd3,0.9239938693682204,0.8302016669705016
constant_input,18,RAFd4,0.5663966753467371,0.4382733794168475
constant_input,18,RH1,1.431136877341597,1.4090070533126433
constant_input,18,RH2,1.656352540905624,1.6331891568916734
constant_input,18,RH3,0.8013918984479141,0.7639858757937473
constant_input,18,RH4,1.0384506828642666,0.9994633020718343
constant_input,18,RPFa1,0.7972881526934731,0.7741195779839924
constant_input,18,RPFa2,0.8084048191007414,0.784873692745228
constant_input,18,RPFa3,0.864931352498667,0.8495475308556166
constant_input,18,RPFa4,0.953270014443114,0.9428231523957554
constant_input,18,RPFb1,0.7039297163279403,0.6933240854692098
constant_input,18,RPFb2,0.6746931582164152,0.6619215655149803
constant_input,18,RPFb3,0.6521979565373415,0.6373371459315464
constant_input,18,RPFc1,1.45008642795462,1.4162466300330832
constant_input,18,RPFc2,0.5549538572040674,0.507081850075289
constant_input,18,RPFc3,0.6964957970672057,0.6347398410733629
constant_input,19,LAF1,4.4170634762151755,4.416340501060363
constant_input,19,LAF2,4.395846457843586,4.3951008571305845
constant_input,19,LAF3,4.111251763487917,4.108362664854207
constant_input,19,LAF4,1.4021291778404315,1.356844976113238
constant_input,19,RA2,3.6937043582339064,3.6932387520646093
constant_input,19,RA3,3.1785509687127367,3.177861184171402
constant_input,19,RAFa1,1.710168739176436,1.7068613941289603
constant_input,19,RAFa2,1.5201232282727513,1.505644386128973
constant_input,19,RAFa3,1.1648993287836475,1.1293269416018625
constant_input,19,RAFa4,0.8639901169262552,0.8043392744041028
constant_input,19,RAFb1,1.5209965504041894,1.5087045524839282
constant_input,19,RAFb2,1.7201548794937547,1.71704061684719
constant_input,19,RAFb3,1.3634293742150405,1.3530352950391829
constant_input,19,RAFb4,1.1784951606482865,1.1634135481426746
constant_input,19,RAFc1,1.5144790843563067,1.4604265015211497
constant_input,19,RAFc2,1.742624233612607,1.6926709914502636
constant_input,19,RAFc3,1.552190969963864,1.5073944870364886
constant_input,19,RAFc4,1.3325294530779002,1.3177146252681302
constant_input,19,RAFd1,1.3602651193677455,1.2928425248908653
constant_input,19,RAFd2,1.4470957697716973,1.3468917231294666
constant_input,19,RAFd3,1.8831557393108016,1.8812052733108755
constant_input,19,RAFd4,2.1079470958610473,2.1068419640318923
constant_input,19,RH1,1.8009719137543354,1.7906653164561215
constant_input,19,RH2,3.067861330994819,3.0672845892089087
constant_input,19,RH3,1.1021494120534,1.0816776778687642
constant_input,19,RH4,0.8157304010931012,0.7856562324972739
constant_input,19,RPFa1,1.9064432551098534,1.9037168728391407
constant_input,19,RPFa2,1.4953590302894408,1.487490735518415
constant_input,19,RPFa3,0.8890607834369834,0.8674657752822678
constant_input,19,RPFa4,0.5300465762654152,0.5134063286018461
constant_input,19,RPFb1,0.7765664572233959,0.7605913016974417
constant_input,19,RPFb2,0.6397276795863142,0.6179591048245671
constant_input,19,RPFb3,0.9867457077321575,0.9678624201788554
constant_input,19,RPFc1,1.4139416804170626,1.3851779741013062
constant_input,19,RPFc2,0.5529147969984135,0.48201015577414685
constant_input,19,RPFc3,2.7090651408947997,2.707354098061921
constant_input,20,LAF1,3.729969299698097,3.7275118106970417
constant_input,20,LAF2,3.9590967931925043,3.9581532385361133
constant_input,20,LAF3,2.8904643349314774,2.885461456931934
constant_input,20,LAF4,1.185204043024367,1.1450934882173258
constant_input,20,RA2,1.6507290769385534,1.6349405097617553
constant_input,20,RA3,1.8202492304327282,1.8066869807189323
constant_input,20,RAFa1,1.239296585680915,1.2184161659865593
constant_input,20,RAFa2,1.2214649635450365,1.1979026676182138
constant_input,20,RAFa3,0.9571303450699198,0.9351155205606908
constant_input,20,RAFa4,0.9871808036024665,0.9566457980098338
constant_input,20,RAFb1,1.6626701946338078,1.644055233594083
constant_input,20,RAFb2,1.3250533609090778,1.3157847626478731
constant_input,20,RAFb3,0.8886080638720447,0.8670207679921262
constant_input,20,RAFb4,0.8131349309840872,0.7870566428912124
constant_input,20,RAFc1,2.701065775439303,2.6996766761348083
constant_input,20,RAFc2,2.603305351417205,2.599205735367081
constant_input,20,RAFc3,2.373133253931099,2.3701604914237855
constant_input,20,RAFc4,1.2919322942814395,1.2610585041383564
constant_input,20,RAFd1,2.969131915839659,2.9685907885599416
constant_input,20,RAFd2,3.029210759308897,3.026021847298175
constant_input,20,RAFd3,0.6164600450191402,0.4625807478516559
constant_input,20,RAFd4,0.9183539699167028,0.8729599567410251
constant_input,20,RH1,0.9732216828248309,0.9608962429829516
constant_input,20,RH2,1.2444283097769728,1.2329978827365038
constant_input,20,RH3,0.9584786551225415,0.9236282722818641
constant_input,20,RH4,0.8231039846010255,0.7941855169511867
constant_input,20,RPFa1,0.7413859150400283,0.7232727492162416
constant_input,20,RPFa2,0.7298167560280727,0.7161584977646865
constant_input,20,RPFa3,0.7981214665273673,0.7857509610471668
constant_input,20,RPFa4,0.7788017946642075,0.7679066057257632
constant_input,20,RPFb1,0.698910631887503,0.6907414835314309
constant_input,20,RPFb2,0.7148127066127068,0.7040319252138814
constant_input,20,RPFb3,1.2621774245401798,1.2545644344108728
constant_input,20,RPFc1,1.871847144899316,1.8651535827757484
constant_input,20,RPFc2,0.6702429488830906,0.6237651746830917
constant_input,20,RPFc3,1.8943609844240306,1.8844480409877638
constant_input,21,LAF1,4.318320638800446,4.315691016286799
constant_input,21,LAF2,4.561326328587312,4.560333743287606
constant_input,21,LAF3,2.4761522734549333,2.4624478780102907
constant_input,21,LAF4,1.947927473243793,1.9441504566045227
constant_input,21,RA2,3.6934772474778583,3.691596542199538
constant_input,21,RA3,3.6877391412146334,3.686455413847878
constant_input,21,RAFa1,3.6102717975632257,3.610269629499259
constant_input,21,RAFa2,2.5606177833737593,2.5600707708522306
constant_input,21,RAFa3,2.1415831463123287,2.138784867934362
constant_input,21,RAFa4,1.7319289146650627,1.7250383887064855
constant_input,21,RAFb1,2.755667788111201,2.7538968347197814
constant_input,21,RAFb2,2.150060202674961,2.1305363352787574
constant_input,21,RAFb3,1.7421840584704351,1.708455613726218
constant_input,21,RAFb4,1.218089370526594,1.1598965946257411
constant_input,21,RAFc1,1.7631902311522156,1.7366295878330638
constant_input,21,RAFc2,2.111194397250926,2.0964368219694602
constant_input,21,RAFc3,2.7259877268910033,2.7254754600130324
constant_input,21,RAFc4,2.5815903276473975,2.5811360766196243
constant_input,21,RAFd1,1.4400237788039099,1.3820527842883286
constant_input,21,RAFd2,1.3672916789459497,1.2486157902955153
constant_input,21,RAFd3,3.6605522813038487,3.65989018525078
constant_input,21,RAFd4,3.1988684428752476,3.197964319571591
constant_input,21,RH1,2.260251371966541,2.257793111470886
constant_input,21,RH2,2.5884916289232964,2.5862980929274184
constant_input,21,RH3,1.3695749802342423,1.3552942683764362
constant_input,21,RH4,1.6304903334274652,1.6241826144068174
constant_input,21,RPFa1,3.4875222897840814,3.487355967060115
constant_input,21,RPFa2,2.717148604966973,2.716037462489697
constant_input,21,RPFa3,2.2212159879180104,2.218949518688269
constant_input,21,RPFa4,0.7409926543765771,0.727199547304711
constant_input,21,RPFb1,0.6690412350150514,0.655212695966474
constant_input,21,RPFb2,0.690285640877114,0.6759446487953001
constant_input,21,RPFb3,2.4972148602923863,2.4964190599817213
constant_input,21,RPFc1,2.983895197134397,2.9838745459508593
constant_input,21,RPFc2,1.636364092841915,1.6239509286191525
constant_input,21,RPFc3,3.4041295636697404,3.4020438937815802
constant_input,22,LAF1,2.885693943181934,2.881680945743029
constant_input,22,LAF2,2.999032983299444,2.9969036428888516
constant_input,22,LAF3,1.8023162268614497,1.7862362965820355
constant_input,22,LAF4,0.7498722614230128,0.7259515098627837
constant_input,22,RA2,2.243541460468307,2.1739816512072205
constant_input,22,RA3,2.005649156882441,1.9080255402157489
constant_input,22,RAFa1,0.7928713325091024,0.7026587724224
constant_input,22,RAFa2,0.7578673642967172,0.7040869887550308
constant_input,22,RAFa3,0.7509608791978728,0.7032893896237556
constant_input,22,RAFa4,0.6434540919152519,0.5487470093764063
constant_input,22,RAFb1,0.790933146220944,0.6938258228499499
constant_input,22,RAFb2,0.6666668514956822,0.5804782218276632
constant_input,22,RAFb3,0.6517351085197252,0.5663721591686403
constant_input,22,RAFb4,0.5685054505634163,0.4672305660035264
constant_input,22,RAFc1,1.0397677016940003,0.9937961661440129
constant_input,22,RAFc2,1.174190316540165,1.134573028298246
constant_input,22,RAFc3,0.8168702204062656,0.7387834916939174
constant_input,22,RAFc4,0.5782341264837352,0.5205161894852153
constant_input,22,RAFd1,0.8880413990050201,0.8027761374565667
constant_input,22,RAFd2,0.9930345810513208,0.8867835476779593
constant_input,22,RAFd3,0.7024577073555495,0.5311820527841686
constant_input,22,RAFd4,0.5155827040724417,0.3211255277194326
constant_input,22,RH1,1.363570899271055,1.350261997131469
constant_input,22,RH2,1.8501845772474608,1.8353950949224769
constant_input,22,RH3,0.5160114107141954,0.4335233915058756
constant_input,22,RH4,0.7849508069358229,0.7143858325811391
constant_input,22,RPFa1,0.9459306279892365,0.9303378644210679
constant_input,22,RPFa2,1.0015428567697207,0.9902625449424982
constant_input,22,RPFa3,0.6528674158519956,0.6302368007363822
constant_input,22,RPFa4,0.5163334272553204,0.49513986356279927
constant_input,22,RPFb1,0.4859014785529721,0.4701448137722051
constant_input,22,RPFb2,0.46411628477304523,0.44716016373738154
constant_input,22,RPFb3,0.621778715044206,0.5956864704902691
constant_input,22,RPFc1,1.035566604146963,1.0125013720885565
constant_input,22,RPFc2,0.4830237009063875,0.44516429197169444
constant_input,22,RPFc3,0.9862741214616817,0.9548890113982172
constant_input,23,LAF1,18631248.1752299,18631248.164066818
constant_input,23,LAF2,16991386.893072806,16991386.883433823
constant_input,23,LAF3,39173272.27227159,39173272.23246217
constant_input,23,LAF4,37189473.41678861,37189473.37754112
constant_input,23,RA2,21448400.18764898,21448400.179210693
constant_input,23,RA3,23065087.583792537,23065087.577086195
constant_input,23,RAFa1,9478934.917702401,9478934.913411247
constant_input,23,RAFa2,10363543.961261285,10363543.932971898
constant_input,23,RAFa3,14032171.619403454,14032171.585552335
constant_input,23,RAFa4,19375899.525073186,19375899.47041374
constant_input,23,RAFb1,10007668.48378225,10007668.478176737
constant_input,23,RAFb2,20113628.092760958,20113628.083679505
constant_input,23,RAFb3,21050607.59945338,21050607.58235093
constant_input,23,RAFb4,18939498.12942458,18939498.104478016
constant_input,23,RAFc1,18331806.71361556,18331806.6054085
constant_input,23,RAFc2,19130633.63693664,19130633.53888991
constant_input,23,RAFc3,21158983.600170992,21158983.505191576
constant_input,23,RAFc4,21570727.196626622,21570727.12232881
constant_input,23,RAFd1,19122161.360285494,19122161.253666654
constant_input,23,RAFd2,17815147.100433372,17815146.94878267
constant_input,23,RAFd3,36615665.33077139,36615665.12372322
constant_input,23,RAFd4,30011539.498439707,30011539.31048065
constant_input,23,RH1,45135084.59839513,45135084.593990654
constant_input,23,RH2,42982910.68057619,42982910.67491433
constant_input,23,RH3,20577957.468090974,20577957.402210105
constant_input,23,RH4,13248650.707374642,13248650.659410613
constant_input,23,RPFa1,25297416.29401125,25297416.28044722
constant_input,23,RPFa2,22923608.5380499,22923608.52139348
constant_input,23,RPFa3,17205282.758569177,17205282.73222084
constant_input,23,RPFa4,30301120.5658018,30301120.544507753
constant_input,23,RPFb1,17212317.265622888,17212317.253276452
constant_input,23,RPFb2,16647776.810049932,16647776.795092493
constant_input,23,RPFb3,22337911.44330117,22337911.399610005
constant_input,23,RPFc1,21119758.568772446,21119758.47346448
constant_input,23,RPFc2,22022811.99505137,22022811.930432666
constant_input,23,RPFc3,26248866.572407905,26248866.489892237
constant_input,24,LAF1,4.422487463592643,4.419865230037241
constant_input,24,LAF2,4.622361201791786,4.621460155573364
constant_input,24,LAF3,3.6202575691595418,3.6144731699426718
constant_input,24,LAF4,1.2634666942428348,1.219770783639947
constant_input,24,RA2,2.5073261221336782,2.5049451460347445
constant_input,24,RA3,2.842132733348041,2.841871390184324
constant_input,24,RAFa1,2.6189029886879642,2.616774856978605
constant_input,24,RAFa2,2.027277443175216,2.010862924296793
constant_input,24,RAFa3,1.5230622546969828,1.5015836288077464
constant_input,24,RAFa4,1.5542813535763769,1.5273981413696884
constant_input,24,RAFb1,3.237612517864362,3.2371310648754483
constant_input,24,RAFb2,2.4717035232948708,2.4678748153396786
constant_input,24,RAFb3,1.8369193566267124,1.8275212875637352
constant_input,24,RAFb4,1.5927401011260285,1.581589764184484
constant_input,24,RAFc1,2.434874547741091,2.431385402165836
constant_input,24,RAFc2,2.2987660824564444,2.2918775935857294
constant_input,24,RAFc3,2.1949852792315947,2.188349810755471
constant_input,24,RAFc4,1.1324566140899779,1.0816338248026522
constant_input,24,RAFd1,2.8669121295700006,2.865986070093467
constant_input,24,RAFd2,2.665168546900684,2.661537344270001
constant_input,24,RAFd3,1.5525703266803832,1.5363445543947427
constant_input,24,RAFd4,2.2345201373736168,2.232997117131414
constant_input,24,RH1,1.1220561191708776,1.1111158002787402
constant_input,24,RH2,1.386763189022768,1.3747928208241258
constant_input,24,RH3,1.184337803359801,1.1424393874053516
constant_input,24,RH4,0.9682421647343366,0.9360822908389653
constant_input,24,RPFa1,0.9044186930342868,0.8813807501874336
constant_input,24,RPFa2,0.8722454850953056,0.8543081778918692
constant_input,24,RPFa3,1.1012953544799633,1.0880787198069697
constant_input,24,RPFa4,0.934388301830128,0.9229441811686584
constant_input,24,RPFb1,0.8653025352919352,0.8530179190445224
constant_input,24,RPFb2,0.812229253964286,0.7979877312601812
constant_input,24,RPFb3,1.318942952925097,1.3095271840082252
constant_input,24,RPFc1,1.5804321641468466,1.56031806755031
constant_input,24,RPFc2,0.7224161692903235,0.6750440461106622
constant_input,24,RPFc3,1.6879115908197198,1.6628012012231628
constant_input,25,LAF1,2.3141583129623653,2.3069938037302355
constant_input,25,LAF2,2.5415844284511793,2.5374021815913395
constant_input,25,LAF3,1.4956232345446674,1.4726551346780106
constant_input,25,LAF4,1.272522388311433,1.246616618785491
constant_input,25,RA2,3.0209388569065707,3.0188158575281547
constant_input,25,RA3,3.3589054957587376,3.357586697001182
constant_input,25,RAFa1,1.2849845137895812,1.2565190876872268
constant_input,25,RAFa2,1.7614908291264417,1.7490274313242413
constant_input,25,RAFa3,1.5634089485910376,1.5483402950671135
constant_input,25,RAFa4,1.4166146758852314,1.3952263625433388
constant_input,25,RAFb1,2.0927321105270367,2.0889670969823073
constant_input,25,RAFb2,1.3531612315438946,1.33478311218706
constant_input,25,RAFb3,1.0560667619275275,1.028995502353526
constant_input,25,RAFb4,0.7943735517105628,0.7378749721747364
constant_input,25,RAFc1,0.7393024026149215,0.697047706125702
constant_input,25,RAFc2,0.8614772879947787,0.8105936793430247
constant_input,25,RAFc3,0.6188583141717641,0.5699166960230094
constant_input,25,RAFc4,0.6077263875984359,0.5611671738840831
constant_input,25,RAFd1,0.7809824635809232,0.7217299769778427
constant_input,25,RAFd2,0.7609188953908248,0.690420549864888
constant_input,25,RAFd3,1.0297358571438158,0.9807751177955134
constant_input,25,RAFd4,1.2624087808502313,1.237283588221004
constant_input,25,RH1,1.081647118507207,1.0688487205352828
constant_input,25,RH2,1.7048485017788941,1.6935905347137101
constant_input,25,RH3,1.0582057094836546,1.0210160436418991
constant_input,25,RH4,0.838977275719106,0.797195390841747
constant_input,25,RPFa1,1.7414824332964802,1.7317426972798766
constant_input,25,RPFa2,1.2031936108100634,1.1863654682473737
constant_input,25,RPFa3,1.3107595276943613,1.2996237015328882
constant_input,25,RPFa4,1.0635329822306812,1.0536718902935056
constant_input,25,RPFb1,0.7521701795177663,0.7391318164686056
constant_input,25,RPFb2,0.7494643108328038,0.7352331119763073
constant_input,25,RPFb3,0.7355831426251808,0.7203859957651425
constant_input,25,RPFc1,0.5554206318884047,0.4837911891533379
constant_input,25,RPFc2,0.6729150395355661,0.6322640926284693
constant_input,25,RPFc3,0.8021882580923952,0.7380761843236049
constant_input,26,LAF1,3.5809610961822114,3.577907859419475
constant_input,26,LAF2,3.7464618849978306,3.7449464061827262
constant_input,26,LAF3,2.1175229466064622,2.1062936587431107
constant_input,26,LAF4,1.2089205131066127,1.1943701250081287
constant_input,26,RA2,3.235461790324754,3.231185195626186
constant_input,26,RA3,3.0930960537406897,3.0900452183215035
constant_input,26,RAFa1,1.7851790269889778,1.7675716351255006
constant_input,26,RAFa2,0.8887362427174896,0.8417626632488772
constant_input,26,RAFa3,0.7807711258169505,0.7360350399526329
constant_input,26,RAFa4,0.7513645078483567,0.6742768027285074
constant_input,26,RAFb1,1.3000929380202082,1.2528803358218268
constant_input,26,RAFb2,1.3422582870866735,1.3302339001792756
constant_input,26,RAFb3,1.0718174444852542,1.0525165050356382
constant_input,26,RAFb4,0.9388095793638921,0.9158316736376898
constant_input,26,RAFc1,1.3276644314266277,1.2859867662746496
constant_input,26,RAFc2,1.24675501223903,1.1695008876786
constant_input,26,RAFc3,1.8038466565261564,1.7979169545510643
constant_input,26,RAFc4,1.3770077054980068,1.3602665161078271
constant_input,26,RAFd1,1.335651071118637,1.2839125406840417
constant_input,26,RAFd2,1.1883391543137898,1.062797966773806
constant_input,26,RAFd3,1.4323927054483507,1.394101784878759
constant_input,26,RAFd4,1.0120122053256881,0.8944860741541814
constant_input,26,RH1,1.6861312706160774,1.6786996498218083
constant_input,26,RH2,2.323311022604444,2.3139167080741037
constant_input,26,RH3,0.7298115004420707,0.6681969506453351
constant_input,26,RH4,1.2946814827110351,1.253727923251822
constant_input,26,RPFa1,0.8898602650891148,0.8648598916658637
constant_input,26,RPFa2,0.6392806424318795,0.621533229682228
constant_input,26,RPFa3,0.6257492132487763,0.6080251094464691
constant_input,26,RPFa4,0.5504904297372134,0.5359468997007514
constant_input,26,RPFb1,0.6919609025856512,0.683607928355309
constant_input,26,RPFb2,0.6226142923975516,0.609914333170063
constant_input,26,RPFb3,0.8983225223858685,0.8765110855816131
constant_input,26,RPFc1,1.8878031219189348,1.8846973425111504
constant_input,26,RPFc2,1.1572936253116468,1.1444960374865938
constant_input,26,RPFc3,0.7319135952578941,0.6525730158279542
constant_input,27,LAF1,4.335602913827406,4.333087247907989
constant_input,27,LAF2,4.4471558819421135,4.445839030715909
constant_input,27,LAF3,3.015928095513974,3.008638307469762
constant_input,27,LAF4,1.0920156500684366,1.0449140324789674
constant_input,27,RA2,3.9281539270954293,3.926144115666321
constant_input,27,RA3,3.7825975249995323,3.7812783593162624
constant_input,27,RAFa1,0.9631015201481106,0.893472735346444
constant_input,27,RAFa2,0.9283479748109987,0.8771259336038015
constant_input,27,RAFa3,0.9741335908025271,0.9279599281126313
constant_input,27,RAFa4,0.9140989510731891,0.8429255124931875
constant_input,27,RAFb1,0.7636676858716455,0.7099608046206408
constant_input,27,RAFb2,0.6799251976857719,0.6435302711553772
constant_input,27,RAFb3,0.6513453502228028,0.6068619614269206
constant_input,27,RAFb4,0.712453473712811,0.6689077038889192
constant_input,27,RAFc1,0.9419872474685053,0.8884663163118542
constant_input,27,RAFc2,1.0982949020786057,1.0474623166225165
constant_input,27,RAFc3,0.783354705846515,0.702815304620244
constant_input,27,RAFc4,0.6525168932239923,0.5683880404121467
constant_input,27,RAFd1,0.8242044939276875,0.7688868639645378
constant_input,27,RAFd2,1.097058467627776,1.0413036309269832
constant_input,27,RAFd3,0.8259853586742948,0.6549151713278712
constant_input,27,RAFd4,0.8392807666137913,0.6939404554222056
constant_input,27,RH1,1.9578442927508641,1.9535197643168054
constant_input,27,RH2,2.775172322786732,2.7731896635898754
constant_input,27,RH3,0.6901698694404728,0.6236640552254019
constant_input,27,RH4,1.139891983424456,1.1068516425031054
constant_input,27,RPFa1,1.243250479488879,1.2212124532682564
constant_input,27,RPFa2,0.949524851227604,0.9313331986984412
constant_input,27,RPFa3,1.1132452147911696,1.0988385425179292
constant_input,27,RPFa4,0.6933833968010842,0.6769393520597639
constant_input,27,RPFb1,0.6200941936491496,0.6101745137689213
constant_input,27,RPFb2,0.6282503761228712,0.6154419557334163
constant_input,27,RPFb3,0.9610571682815129,0.9340367424400813
constant_input,27,RPFc1,0.663325169685791,0.5607906092026598
constant_input,27,RPFc2,0.5922243327530555,0.53209572933362
constant_input,27,RPFc3,0.8099289639442396,0.7420372313802427
constant_input,28,LAF1,1.9349924720755722,1.928941377655774
constant_input,28,LAF2,2.188325097998158,2.1846350929375458
constant_input,28,LAF3,0.8273287778317271,0.8012508589576403
constant_input,28,LAF4,1.7759265278551006,1.7723097698781782
constant_input,28,RA2,3.526620408449125,3.5261479635707804
constant_input,28,RA3,3.6659714373890013,3.6657785500736226
constant_input,28,RAFa1,0.7494078434127643,0.7160803458867778
constant_input,28,RAFa2,1.191551454102156,1.1732277036152792
constant_input,28,RAFa3,1.0631533782378304,1.04508846561049
constant_input,28,RAFa4,1.0721272659536945,1.0490753021848338
constant_input,28,RAFb1,2.0108435824509097,2.0098401172595963
constant_input,28,RAFb2,2.2989280587758043,2.298560971280437
constant_input,28,RAFb3,1.9958860591328078,1.9937985695449276
constant_input,28,RAFb4,1.833995044180956,1.830014425365167
constant_input,28,RAFc1,0.7235227289666937,0.6932282740894501
constant_input,28,RAFc2,0.8532540859989118,0.8312757739699697
constant_input,28,RAFc3,0.9125635119121782,0.9054491962816545
constant_input,28,RAFc4,0.9421601900996882,0.9336473031121323
constant_input,28,RAFd1,0.6381576117050173,0.5956409508164819
constant_input,28,RAFd2,0.5506722642257925,0.4282202823244505
constant_input,28,RAFd3,1.8944223023404205,1.8901447716992326
constant_input,28,RAFd4,1.917639182454193,1.9102843645938345
constant_input,28,RH1,1.1325898263254943,1.1242939721031184
constant_input,28,RH2,2.1708979415168494,2.1704415262977084
constant_input,28,RH3,1.1630593864934244,1.1335633878364986
constant_input,28,RH4,0.8395041632971246,0.7870638282500891
constant_input,28,RPFa1,0.6400181844064489,0.6231110117558629
constant_input,28,RPFa2,0.6878912354255322,0.6749376546391747
constant_input,28,RPFa3,0.5481910776855516,0.5282218780222522
constant_input,28,RPFa4,0.6768539369363947,0.6685858924527205
constant_input,28,RPFb1,0.5080774700372057,0.4966099918736685
constant_input,28,RPFb2,0.4134962607751452,0.39851624028192545
constant_input,28,RPFb3,0.9237899519082623,0.906409439617808
constant_input,28,RPFc1,1.0751001976717454,1.0742024853315004
constant_input,28,RPFc2,0.7350391611388771,0.7191486949120511
constant_input,28,RPFc3,1.632324100999253,1.6236418587748274
constant_input,29,LAF1,3.338224032374808,3.338224032374807
constant_input,29,LAF2,3.4917806115312446,3.491780611531251
constant_input,29,LAF3,2.6138462523123893,2.613567493329112
constant_input,29,LAF4,0.7902837655906605,0.7209985958052577
constant_input,29,RA2,2.078975674670646,2.077046335908026
constant_input,29,RA3,2.6209423827615006,2.61966765552213
constant_input,29,RAFa1,2.5553736933332836,2.555191431459244
constant_input,29,RAFa2,2.3027672617458084,2.3027672617458053
constant_input,29,RAFa3,1.7532656167591545,1.7515887248713113
constant_input,29,RAFa4,1.4098158961032132,1.4050937502641208
constant_input,29,RAFb1,2.750379172360677,2.749318664756509
constant_input,29,RAFb2,2.7899122416470403,2.7898610916487714
constant_input,29,RAFb3,2.133946137363453,2.1329429746560593
constant_input,29,RAFb4,1.698245401344093,1.6969275785481526
constant_input,29,RAFc1,1.047712363839268,1.0320706097931207
constant_input,29,RAFc2,1.3472811255073525,1.346457818993724
constant_input,29,RAFc3,1.0203238424528354,1.0164234405478472
constant_input,29,RAFc4,1.062738585916578,1.0445483809624152
constant_input,29,RAFd1,0.8714189196485789,0.826471620366359
constant_input,29,RAFd2,1.0635108819972496,1.053005549594678
constant_input,29,RAFd3,0.569038644734931,0.34994746724355663
constant_input,29,RAFd4,0.5453496470991106,0.34092324463512524
constant_input,29,RH1,0.7268611996151512,0.7081084785631024
constant_input,29,RH2,0.941117822754967,0.9170448464149991
constant_input,29,RH3,0.8431907260811824,0.7848350876303762
constant_input,29,RH4,0.642532572808847,0.5793759068220471
constant_input,29,RPFa1,2.3439710840145205,2.3439544520790108
constant_input,29,RPFa2,1.6511083158461173,1.64914373602091
constant_input,29,RPFa3,0.8812050316097623,0.8647210296133621
constant_input,29,RPFa4,0.5336414062789107,0.516792998591098
constant_input,29,RPFb1,0.8307761162495731,0.8198547294261653
constant_input,29,RPFb2,0.702941727929411,0.6888687506360325
constant_input,29,RPFb3,0.5571948386327381,0.5251341515524229
constant_input,29,RPFc1,1.192121087104305,1.1906634677500956
constant_input,29,RPFc2,0.5870171563183723,0.48668507496762414
constant_input,29,RPFc3,1.3941434639020878,1.358502840529817
constant_input,30,LAF1,4.136071815781794,4.136071815781817
constant_input,30,LAF2,4.32751630048214,4.327516300482142
constant_input,30,LAF3,3.613507811728084,3.613507811728079
constant_input,30,LAF4,0.8986198141494914,0.8344441459067307
constant_input,30,RA2,1.78237288255995,1.7769429330269422
constant_input,30,RA3,2.189001481061765,2.187639911495387
constant_input,30,RAFa1,2.5669682260856104,2.5669682260856157
constant_input,30,RAFa2,2.1060537192518547,2.1059542039533374
constant_input,30,RAFa3,1.5867762390167999,1.5809549406283407
constant_input,30,RAFa4,1.5393628343033494,1.5355103776612433
constant_input,30,RAFb1,2.204488595958769,2.202555935780949
constant_input,30,RAFb2,0.8379431832609309,0.8081634409420635
constant_input,30,RAFb3,0.6102354409428252,0.5310652334450906
constant_input,30,RAFb4,0.6422797411077037,0.5366302865455697
constant_input,30,RAFc1,3.262273084362782,3.262265782909826
constant_input,30,RAFc2,3.57731995386674,3.5773199538667333
constant_input,30,RAFc3,3.1509381382585806,3.150938138258589
constant_input,30,RAFc4,1.9983222277891186,1.9966844676568851
constant_input,30,RAFd1,3.504685457261845,3.5044835412728546
constant_input,30,RAFd2,3.4069963260490908,3.406820440281964
constant_input,30,RAFd3,0.6302605508454809,0.44061167352687397
constant_input,30,RAFd4,1.1510341788005074,1.1187310290505084
constant_input,30,RH1,0.7959617926918728,0.7794266238086777
constant_input,30,RH2,0.9685372476052332,0.9461228957170928
constant_input,30,RH3,1.084035224768789,1.0114866749369695
constant_input,30,RH4,0.8177919270940943,0.7468368672961785
constant_input,30,RPFa1,1.2045131368327753,1.1912811051747314
constant_input,30,RPFa2,0.6215213200339975,0.5838375656967525
constant_input,30,RPFa3,0.5439914829100646,0.5083909440123545
constant_input,30,RPFa4,0.4608192920534243,0.4351764081220239
constant_input,30,RPFb1,0.47893026569999564,0.4542154728724774
constant_input,30,RPFb2,0.4904821744730874,0.46626195819973953
constant_input,30,RPFb3,0.6952219010205468,0.6684305180806814
constant_input,30,RPFc1,2.529352050228041,2.5293520502280447
constant_input,30,RPFc2,0.7210299765988178,0.6562887491648529
constant_input,30,RPFc3,0.8058035544552549,0.7310946521299334
constant_input,31,LAF1,4.1066945904332295,4.105577514745978
constant_input,31,LAF2,4.2243508231526725,4.223400900813943
constant_input,31,LAF3,2.8011992797826406,2.7954223490123575
constant_input,31,LAF4,1.0628220749673687,1.012197249696283
constant_input,31,RA2,3.8181888500106655,3.81761710381204
constant_input,31,RA3,3.628042368065988,3.6278414742624023
constant_input,31,RAFa1,1.0925249754095572,1.0552718647928006
constant_input,31,RAFa2,0.9120240721634663,0.8570765761407878
constant_input,31,RAFa3,0.8583768016489998,0.8101149995696005
constant_input,31,RAFa4,0.8228976983456362,0.7616915651397876
constant_input,31,RAFb1,1.155232130711075,1.114006216739574
constant_input,31,RAFb2,0.6321681995940936,0.5530761761456282
constant_input,31,RAFb3,0.5447499759649431,0.47098341462509247
constant_input,31,RAFb4,0.4731684176564653,0.37417993346661044
constant_input,31,RAFc1,0.8645956757995751,0.7806579545941914
constant_input,31,RAFc2,0.775153315689686,0.6816566567177077
constant_input,31,RAFc3,1.1238563222275615,1.063871393890982
constant_input,31,RAFc4,0.7706352580040158,0.6922237750966155
constant_input,31,RAFd1,0.9586376148876865,0.8831046830662839
constant_input,31,RAFd2,0.7377467295929788,0.6055868564979484
constant_input,31,RAFd3,0.9889066070038395,0.8183526450824377
constant_input,31,RAFd4,0.7979684926669425,0.5924470784760832
constant_input,31,RH1,1.9421788945120033,1.9306440386968085
constant_input,31,RH2,2.7740282839706687,2.771334388655666
constant_input,31,RH3,0.7268987125561025,0.6805624184034105
constant_input,31,RH4,1.3362699592213696,1.3109680166932145
constant_input,31,RPFa1,1.0470673115573725,1.0283575550757715
constant_input,31,RPFa2,0.6683226364158469,0.6359344800767959
constant_input,31,RPFa3,0.7815036611942037,0.76047583689543
constant_input,31,RPFa4,0.5145354208110237,0.5006439462579282
constant_input,31,RPFb1,0.5811416019808571,0.5627502103707789
constant_input,31,RPFb2,0.5474321451675561,0.5235964687230101
constant_input,31,RPFb3,0.9057775594445349,0.8877834096652094
constant_input,31,RPFc1,0.8681263557254738,0.7640279703942403
constant_input,31,RPFc2,0.7050868207990518,0.6446172471288064
constant_input,31,RPFc3,0.6473569483206607,0.5615292262082586
white_input,0,LAF1,1.9088047151381948,1.8564171553593787
white_input,0,LAF2,1.9081140499592242,1.8587084964780691
white_input,0,LAF3,1.596326265474986,1.5064446145842376
white_input,0,LAF4,0.7846083391078724,0.7207703693971242
white_input,0,RA2,0.9880159156417613,0.808614785076408
white_input,0,RA3,0.9533594501751689,0.7511615516622366
white_input,0,RAFa1,1.0941818269156942,0.9956920558421978
white_input,0,RAFa2,1.0857429124696312,0.9942954294745079
white_input,0,RAFa3,0.9917903421870956,0.9121817295047606
white_input,0,RAFa4,0.9153087863417213,0.8136358290964129
white_input,0,RAFb1,1.166254679429534,1.0590842585453601
white_input,0,RAFb2,0.964156384681315,0.8610902389488139
white_input,0,RAFb3,0.8465671049547664,0.7484706353252665
white_input,0,RAFb4,0.7933255419676007,0.6663515484468573
white_input,0,RAFc1,0.8564664922854146,0.7230199948777387
white_input,0,RAFc2,0.8544072275266007,0.7090446456296654
white_input,0,RAFc3,0.7734253005314585,0.6360347807582741
white_input,0,RAFc4,0.7031554987112921,0.5874238279444076
white_input,0,RAFd1,0.8663147913601754,0.742152743356126
white_input,0,RAFd2,0.7999197455304988,0.5756854862246883
white_input,0,RAFd3,0.9187991001714937,0.6379370475874822
white_input,0,RAFd4,0.8627621114504648,0.6248919169555347
white_input,0,RH1,0.9412375030110929,0.8782707929626345
white_input,0,RH2,0.940691931753641,0.8651675172893638
white_input,0,RH3,0.8227884721616483,0.7482052314435712
white_input,0,RH4,0.7784176423828295,0.7148111435171651
white_input,0,RPFa1,0.9769744781903401,0.9139958401015131
white_input,0,RPFa2,0.9627742937680857,0.9112041460388731
white_input,0,RPFa3,0.9515586384745391,0.9033913216905191
white_input,0,RPFa4,0.732283796209555,0.7034657230869776
white_input,0,RPFb1,0.831244668148146,0.7873757629537151
white_input,0,RPFb2,0.8102024461010042,0.7612790923154904
white_input,0,RPFb3,0.7969838513122329,0.7602170681653687
white_input,0,RPFc1,0.6992484314987029,0.5409430726417731
white_input,0,RPFc2,0.6579024627906593,0.5489942440213468
white_input,0,RPFc3,0.6067573307244715,0.5188023728059377
white_input,1,LAF1,1.5216290278735194,1.473076540905486
white_input,1,LAF2,1.5109798178078504,1.4636421571156515
white_input,1,LAF3,1.2652423829900281,1.1799671218699774
white_input,1,LAF4,0.8066264407705541,0.7393704550223015
white_input,1,RA2,1.4676407582647542,1.262595408924047
white_input,1,RA3,1.455399284211709,1.2328206000653055
white_input,1,RAFa1,1.0787737025030384,0.9889914892516501
white_input,1,RAFa2,0.9779209957358634,0.9113790502225103
white_input,1,RAFa3,0.9015331189183061,0.8465066272715204
white_input,1,RAFa4,0.8399913421997212,0.7623857967768763
white_input,1,RAFb1,1.1016969854340144,1.0006087727963713
white_input,1,RAFb2,0.8896239425517165,0.7788768257526064
white_input,1,RAFb3,0.7864666020924221,0.669371217494803
white_input,1,RAFb4,0.7485216880713947,0.600829373549104
white_input,1,RAFc1,1.052230393315323,0.9408085526866206
white_input,1,RAFc2,1.0788117070181151,0.9523177554948394
white_input,1,RAFc3,0.994822742573379,0.8497137079314806
white_input,1,RAFc4,0.90015969117501,0.7588664206909997
white_input,1,RAFd1,1.1010213006856662,0.9948629916178311
white_input,1,RAFd2,1.0266347472773316,0.8199390980699083
white_input,1,RAFd3,0.6731569091995487,0.47150337045317403
white_input,1,RAFd4,0.8153705494989889,0.6293042334227419
white_input,1,RH1,1.1178205412823548,1.0531572040075707
white_input,1,RH2,1.216988211575061,1.1441100413652896
white_input,1,RH3,0.8112649961306495,0.7280103833314003
white_input,1,RH4,0.8211476863170203,0.7477265216263597
white_input,1,RPFa1,1.0332290567778655,0.967874264270872
white_input,1,RPFa2,1.0383691421605636,0.9873920999038952
white_input,1,RPFa3,1.0044276595745276,0.956048104986762
white_input,1,RPFa4,0.7415711293892039,0.7076958512364703
white_input,1,RPFb1,0.9153676280419129,0.8707705176215267
white_input,1,RPFb2,0.8788040222821931,0.8304236897777657
white_input,1,RPFb3,0.7810105474053631,0.7415945489982986
white_input,1,RPFc1,0.9406028811279764,0.7428470476040683
white_input,1,RPFc2,0.8124007234588813,0.677704832099693
white_input,1,RPFc3,0.8119860469226304,0.6910440014668462
white_input,2,LAF1,2.727075253740056,2.665715280322309
white_input,2,LAF2,2.745199040609431,2.6853935583037396
white_input,2,LAF3,1.9681599699305325,1.8630376563493554
white_input,2,LAF4,0.9644789526015155,0.8863826522375365
white_input,2,RA2,1.4652301755639987,1.2196320874138067
white_input,2,RA3,1.3077270311405698,1.0592084499155403
white_input,2,RAFa1,1.1635070466782582,1.055258045640088
white_input,2,RAFa2,1.1922413434324939,1.1076372748007195
white_input,2,RAFa3,1.1598182519775424,1.0863038108205398
white_input,2,RAFa4,1.0837696004891033,0.9799099911164292
white_input,2,RAFb1,1.1263769670250676,1.0141089312065081
white_input,2,RAFb2,0.9140473998530572,0.8028678961186516
white_input,2,RAFb3,0.897752113291465,0.7674456866408235
white_input,2,RAFb4,0.8891946123878833,0.7156463081672774
white_input,2,RAFc1,1.1302652228612857,0.967888234661249
white_input,2,RAFc2,1.1369608369776854,0.9611816071057083
white_input,2,RAFc3,1.0616850929808204,0.8771687022471114
white_input,2,RAFc4,0.8996848962983616,0.760983010448158
white_input,2,RAFd1,1.1677499322136162,1.008501241838554
white_input,2,RAFd2,1.0687881638811414,0.8179347277681113
white_input,2,RAFd3,1.0369594743476298,0.737490319341107
white_input,2,RAFd4,0.9731854385488863,0.7266531453600691
white_input,2,RH1,1.2348386755979741,1.1547827969492106
white_input,2,RH2,1.335295196858366,1.2500630914324786
white_input,2,RH3,0.939640786391809,0.8461953197199527
white_input,2,RH4,0.9485318076550585,0.8692780790925296
white_input,2,RPFa1,1.1354065571863676,1.0686922809940815
white_input,2,RPFa2,1.1698344224455755,1.1139752315786238
white_input,2,RPFa3,1.1862416806576395,1.1305105431199332
white_input,2,RPFa4,0.8797306340860688,0.8353013985812627
white_input,2,RPFb1,0.9334250009337964,0.8858707713627032
white_input,2,RPFb2,0.9280741909394155,0.8721068528067101
white_input,2,RPFb3,0.9444844258961282,0.892690099242597
white_input,2,RPFc1,0.9811799303304677,0.7649605051576086
white_input,2,RPFc2,0.8216699025673363,0.6900665927514193
white_input,2,RPFc3,0.9141815605669485,0.8058267998391704
white_input,3,LAF1,1.919709240600306,1.8660049136316486
white_input,3,LAF2,1.9335607418685994,1.8810426680289642
white_input,3,LAF3,1.424612640721938,1.3340128530761313
white_input,3,LAF4,0.9106832154514208,0.8212703003070302
white_input,3,RA2,1.1503192584216766,0.9640041686393994
white_input,3,RA3,1.1479647567864741,0.9350736134876201
white_input,3,RAFa1,1.12521247570439,1.0182630612053023
white_input,3,RAFa2,1.2790167296260249,1.1736852945708356
white_input,3,RAFa3,1.2053542835775346,1.1114619337300433
white_input,3,RAFa4,1.126928833131336,1.0011159056096182
white_input,3,RAFb1,1.2302090166032462,1.1240474402888185
white_input,3,RAFb2,0.9995497699136022,0.8965773950262528
white_input,3,RAFb3,0.8261840246875778,0.7262459723623356
white_input,3,RAFb4,0.7229863752536341,0.5971491505437282
white_input,3,RAFc1,0.8638753469911119,0.7331198416631445
white_input,3,RAFc2,0.873100878293925,0.7212380723329671
white_input,3,RAFc3,0.8516337720891068,0.6841263952463793
white_input,3,RAFc4,0.8845430849653364,0.7066652060755679
white_input,3,RAFd1,0.9064520629221924,0.7860640527604712
white_input,3,RAFd2,0.8758142837770937,0.6298445315253225
white_input,3,RAFd3,0.9706065060653805,0.717820271822879
white_input,3,RAFd4,0.9480991507150334,0.7337576392236413
white_input,3,RH1,0.9721538781931417,0.9159067524859273
white_input,3,RH2,0.9903921305672219,0.9278668635013689
white_input,3,RH3,0.8229784893661183,0.7252982311893149
white_input,3,RH4,0.8743018424322673,0.7900924980671313
white_input,3,RPFa1,1.2315302990453416,1.163737121577023
white_input,3,RPFa2,1.1565427288617265,1.1030573818969984
white_input,3,RPFa3,1.0762612579755297,1.02494499747453
white_input,3,RPFa4,0.7185710480408201,0.6822220283085408
white_input,3,RPFb1,0.8469304479923156,0.7985013128431866
white_input,3,RPFb2,0.845054079876015,0.7882225961329357
white_input,3,RPFb3,0.9951901240577565,0.9432810184155688
white_input,3,RPFc1,0.836309012885394,0.6228617049714538
white_input,3,RPFc2,0.9240328197235803,0.7529212178456491
white_input,3,RPFc3,1.0357086938049378,0.8785520422433903
white_input,4,LAF1,1.5997733120001636,1.5494556788306448
white_input,4,LAF2,1.6143096073017609,1.5644082094116452
white_input,4,LAF3,1.2579167410380643,1.1755215682377738
white_input,4,LAF4,0.9879269230422988,0.9081119005699287
white_input,4,RA2,1.8653520625322515,1.6551675817096647
white_input,4,RA3,1.765834184459938,1.5333195960258412
white_input,4,RAFa1,1.1902638947595676,1.0994625638759496
white_input,4,RAFa2,1.0717003258280313,0.9790165329898772
white_input,4,RAFa3,0.979312282445864,0.9000765512012562
white_input,4,RAFa4,0.8975861739693368,0.7948321635194073
white_input,4,RAFb1,1.2740103620099505,1.1649703919868
white_input,4,RAFb2,1.0256701969570337,0.909020325837203
white_input,4,RAFb3,0.9337295228733083,0.8076133884474316
white_input,4,RAFb4,0.9082906332147638,0.7436912761216813
white_input,4,RAFc1,1.1734435198782427,1.0192124092028478
white_input,4,RAFc2,1.1840664813281836,1.010649149438743
white_input,4,RAFc3,1.1113577014172384,0.9278194419418678
white_input,4,RAFc4,0.8770805743488855,0.7254702562014211
white_input,4,RAFd1,1.1598546565431962,1.022543951864952
white_input,4,RAFd2,1.121353758928598,0.8779524521923496
white_input,4,RAFd3,0.9443473897051159,0.6773442988397788
white_input,4,RAFd4,0.8695645495536678,0.6437954466688467
white_input,4,RH1,1.608091113537544,1.5143238132194126
white_input,4,RH2,1.7246658926884,1.6289219203328693
white_input,4,RH3,0.8912094587825526,0.7911170629868218
white_input,4,RH4,1.0012806045147054,0.9194130830993219
white_input,4,RPFa1,1.2299601425975026,1.1456760621813407
white_input,4,RPFa2,1.1566677967820238,1.092650061164585
white_input,4,RPFa3,1.068411784628377,1.0093499106870931
white_input,4,RPFa4,0.7213089648109973,0.684783803617806
white_input,4,RPFb1,0.9363250244068968,0.8877607027476312
white_input,4,RPFb2,0.93183091171008,0.8780623878325241
white_input,4,RPFb3,0.9850929731435428,0.9354986308808839
white_input,4,RPFc1,1.030247754480553,0.8057348124649488
white_input,4,RPFc2,0.8397185049968193,0.7072817832773979
white_input,4,RPFc3,0.7681725440052839,0.6527275692421511
white_input,5,LAF1,1.5773926375892051,1.5212087797104699
white_input,5,LAF2,1.5947322207020964,1.5399151480778484
white_input,5,LAF3,1.2039299780019792,1.115535454306987
white_input,5,LAF4,0.9201819252422572,0.8384072042301692
white_input,5,RA2,1.2902398295827533,1.1218616014679232
white_input,5,RA3,1.239607738973926,1.049212778288938
white_input,5,RAFa1,1.0572657202020919,0.9685298659777533
white_input,5,RAFa2,0.8913800364382151,0.8107543898492141
white_input,5,RAFa3,0.8901240532772673,0.8102309094012191
white_input,5,RAFa4,0.8245156449569979,0.719840044840776
white_input,5,RAFb1,0.9276904335351248,0.8422910009558614
white_input,5,RAFb2,0.8570056753351345,0.7659047453649801
white_input,5,RAFb3,0.8277672037686707,0.732363371242467
white_input,5,RAFb4,0.8186493773358536,0.6852091207126635
white_input,5,RAFc1,1.020195856147705,0.8720926482278326
white_input,5,RAFc2,1.0482032793146212,0.8796948673859329
white_input,5,RAFc3,1.0913323537495552,0.9033421300353229
white_input,5,RAFc4,0.997469777156052,0.8212129685757614
white_input,5,RAFd1,1.0465354604144432,0.905585242721509
white_input,5,RAFd2,0.9359447192663916,0.6989492630133878
white_input,5,RAFd3,0.8337639773896253,0.5845483587493866
white_input,5,RAFd4,0.8818120591751267,0.6446974459495638
white_input,5,RH1,1.2151838026236124,1.1457733158896555
white_input,5,RH2,1.2491964108883336,1.1699947680083227
white_input,5,RH3,0.732188533686068,0.6563709451475824
white_input,5,RH4,0.7622044824081509,0.6988141305503014
white_input,5,RPFa1,1.1764022121968272,1.0955562320975012
white_input,5,RPFa2,1.2573627757019457,1.1938253090668263
white_input,5,RPFa3,1.2413813107373155,1.1808635094286233
white_input,5,RPFa4,0.7938208195238925,0.7579483699138144
white_input,5,RPFb1,0.8840953378174379,0.8338669273475855
white_input,5,RPFb2,0.839565787822444,0.7841796219796161
white_input,5,RPFb3,0.7795798256783872,0.7391579376397795
white_input,5,RPFc1,1.0499281951792383,0.8196502782308194
white_input,5,RPFc2,0.8817804036337062,0.7271676864891283
white_input,5,RPFc3,0.8058736207323287,0.6923878728080753
white_input,6,LAF1,2.1738190443687815,2.118858221756974
white_input,6,LAF2,2.1960046469864145,2.1430767847477794
white_input,6,LAF3,1.514253594641204,1.4268027579191327
white_input,6,LAF4,1.0075930725558513,0.928434465664612
white_input,6,RA2,1.306628290777644,1.1180694076050472
white_input,6,RA3,1.2361837936444917,1.0249369415549983
white_input,6,RAFa1,1.189676836606087,1.087354820027881
white_input,6,RAFa2,1.2557546953914616,1.1576504818291091
white_input,6,RAFa3,1.1757289652071317,1.0825259403499294
white_input,6,RAFa4,1.1056816212801879,0.9773844924812555
white_input,6,RAFb1,1.3541869583503134,1.2333410080423755
white_input,6,RAFb2,1.0282013195241424,0.9051500095953261
white_input,6,RAFb3,0.8509039734151174,0.7243280989747096
white_input,6,RAFb4,0.7736267919504806,0.6141798705730765
white_input,6,RAFc1,1.144260872679263,0.9970407266851784
white_input,6,RAFc2,1.164234059603375,1.0012743916844304
white_input,6,RAFc3,1.0670663568918368,0.899340765266427
white_input,6,RAFc4,0.8961340274906635,0.7575426774088426
white_input,6,RAFd1,1.210489628758626,1.0632358844217011
white_input,6,RAFd2,1.1321972878030404,0.8728557890899914
white_input,6,RAFd3,0.848389490297767,0.5602529526361033
white_input,6,RAFd4,0.9518353581571559,0.6884890590435756
white_input,6,RH1,1.1748285041179318,1.104576624366423
white_input,6,RH2,1.2451978517747802,1.1614582046893616
white_input,6,RH3,0.8391033362980242,0.750137570074105
white_input,6,RH4,0.8427282545021206,0.7597291083976925
white_input,6,RPFa1,1.2504410223937226,1.162226436578978
white_input,6,RPFa2,1.2276404204283657,1.1592620369184934
white_input,6,RPFa3,1.1965824016581215,1.1355769194309653
white_input,6,RPFa4,0.814708225837365,0.7799603051825832
white_input,6,RPFb1,0.9504738797946766,0.9048240534810215
white_input,6,RPFb2,0.929116873063638,0.8793964595901066
white_input,6,RPFb3,0.9625125510454506,0.9140364354357454
white_input,6,RPFc1,0.97600907335512,0.7675748525385574
white_input,6,RPFc2,0.8097336744058014,0.6860175347205466
white_input,6,RPFc3,0.8432300671584666,0.7153239963237316
white_input,7,LAF1,1.5211060983898144,1.479010689715729
white_input,7,LAF2,1.5332731414040301,1.4902239303109388
white_input,7,LAF3,1.1610155209444515,1.0842185207946233
white_input,7,LAF4,0.9772937236356534,0.897160112494299
white_input,7,RA2,1.0804139917679043,0.8719655142701668
white_input,7,RA3,1.0221221313879922,0.7913184219406616
white_input,7,RAFa1,0.8610747671207539,0.7700555518718247
white_input,7,RAFa2,0.8870317887346222,0.8051207331744862
white_input,7,RAFa3,0.8741212426331934,0.8006753782072643
white_input,7,RAFa4,0.8177771761727629,0.7164802178605243
white_input,7,RAFb1,0.9020714349862132,0.8213487021872968
white_input,7,RAFb2,0.9107828286818668,0.8236202119629548
white_input,7,RAFb3,0.9256294523263423,0.8162127212594045
white_input,7,RAFb4,0.905375221747657,0.7637271133443821
white_input,7,RAFc1,0.9818753102750912,0.8025322096869677
white_input,7,RAFc2,0.9972957294055612,0.7990939337477003
white_input,7,RAFc3,0.8729382413429063,0.6976042389138802
white_input,7,RAFc4,0.7045892409413061,0.5680865846722131
white_input,7,RAFd1,0.9481342796281405,0.8035919442073498
white_input,7,RAFd2,0.9481338230248292,0.6654027697889767
white_input,7,RAFd3,0.7601812270101812,0.5238014925134429
white_input,7,RAFd4,0.70766384599108,0.5127456462741218
white_input,7,RH1,1.025133146898858,0.9610802911627119
white_input,7,RH2,1.0853221337739773,1.0078438650410921
white_input,7,RH3,0.8950518112075729,0.8017125848995915
white_input,7,RH4,0.8116913807729159,0.7292900797876445
white_input,7,RPFa1,0.9465137008907085,0.8904432208702661
white_input,7,RPFa2,0.9348787021134736,0.8885353944009293
white_input,7,RPFa3,0.9106108475488554,0.8655932878451708
white_input,7,RPFa4,0.7360268804609923,0.6990968211605223
white_input,7,RPFb1,0.7381185236133245,0.7021559174298395
white_input,7,RPFb2,0.7214209869679786,0.681586295933699
white_input,7,RPFb3,0.7298467521748454,0.6912315852769564
white_input,7,RPFc1,0.7952348686932554,0.5837509133620827
white_input,7,RPFc2,0.625299979927275,0.5165808853492156
white_input,7,RPFc3,0.6794974412151535,0.5782682287048374
white_input,8,LAF1,1.6090238058526376,1.5685364720317576
white_input,8,LAF2,1.6263147351831297,1.586025175715767
white_input,8,LAF3,1.1194343037454133,1.0503064533493258
white_input,8,LAF4,0.8722168676694543,0.7902981999041163
white_input,8,RA2,1.2595105425908872,1.0649091501723658
white_input,8,RA3,1.1849805989427207,0.9729361242572305
white_input,8,RAFa1,1.0978445436598385,0.9944804975760301
white_input,8,RAFa2,0.9366566811085603,0.8548023174129095
white_input,8,RAFa3,0.8779613963385934,0.8069287194944338
white_input,8,RAFa4,0.7954879700027069,0.6941158573297009
white_input,8,RAFb1,1.1075532881089412,1.00154600035544
white_input,8,RAFb2,0.881238445365895,0.7779630333033545
white_input,8,RAFb3,0.7981413113993581,0.6929769745730802
white_input,8,RAFb4,0.74631006471345,0.6122440452332121
white_input,8,RAFc1,1.13565666129126,0.9976089566000573
white_input,8,RAFc2,1.1362605447685947,0.9695533940965927
white_input,8,RAFc3,1.0032606865043654,0.8285770591519293
white_input,8,RAFc4,0.7512789938491046,0.6362638037417084
white_input,8,RAFd1,1.1390578548336279,1.0112381313287513
white_input,8,RAFd2,1.1207732710104854,0.8710514342004333
white_input,8,RAFd3,0.6672808946576111,0.4400156574805586
white_input,8,RAFd4,0.6934765014015128,0.4939917856339445
white_input,8,RH1,1.2021248995950131,1.1307280844660537
white_input,8,RH2,1.2339366614909013,1.151818262309701
white_input,8,RH3,0.803234792975752,0.7242178081134232
white_input,8,RH4,0.8871615092378644,0.8045950871444039
white_input,8,RPFa1,1.0599367716821322,0.9986115608278775
white_input,8,RPFa2,1.0202200435248872,0.9774052379305518
white_input,8,RPFa3,1.0391237668706481,0.9938632290647845
white_input,8,RPFa4,0.7457353592183558,0.7134522668328541
white_input,8,RPFb1,0.8934967214992344,0.8534232716361202
white_input,8,RPFb2,0.8632850074512946,0.820341124892554
white_input,8,RPFb3,0.8421228674337471,0.7985948172803189
white_input,8,RPFc1,0.878915865414818,0.6794547619757949
white_input,8,RPFc2,0.7048719765997674,0.5993551649177914
white_input,8,RPFc3,0.93229044656835,0.8072077499810069
white_input,9,LAF1,1.3504252287381264,1.3085251566352714
white_input,9,LAF2,1.35750258686211,1.3169338600513634
white_input,9,LAF3,1.0256148464077115,0.9725345163263789
white_input,9,LAF4,0.8279123751099883,0.7534479883171628
white_input,9,RA2,1.1141753030718293,0.9304003171567502
white_input,9,RA3,1.067412130270392,0.8652582508159401
white_input,9,RAFa1,1.0102679283903462,0.917681437379799
white_input,9,RAFa2,1.0376631825785891,0.9488486078600369
white_input,9,RAFa3,0.9937920705724358,0.9097737128944786
white_input,9,RAFa4,0.9058207205825863,0.7911078148253412
white_input,9,RAFb1,1.0777065296865036,0.9697711029204616
white_input,9,RAFb2,0.9895339227352844,0.876959849703473
white_input,9,RAFb3,0.9518382441294826,0.8184680693026144
white_input,9,RAFb4,0.9173709707576693,0.7467811823192946
white_input,9,RAFc1,1.0091446947196159,0.8560307410642015
white_input,9,RAFc2,1.0103735284463442,0.8419335626485022
white_input,9,RAFc3,0.9569713831839713,0.7802890643988998
white_input,9,RAFc4,0.8401157397556336,0.6935760854382709
white_input,9,RAFd1,1.0283963148669435,0.8851441497618244
white_input,9,RAFd2,0.9619478178569809,0.7155343164485269
white_input,9,RAFd3,0.667718847334944,0.44381088247057093
white_input,9,RAFd4,0.7271407336115325,0.5099453005995036
white_input,9,RH1,1.165707036961342,1.0923726299368754
white_input,9,RH2,1.1677325647481525,1.0868414453778448
white_input,9,RH3,0.7248546473750181,0.655751397285832
white_input,9,RH4,0.7613092522415725,0.69806669074175
white_input,9,RPFa1,1.2235687810997498,1.1377655834726492
white_input,9,RPFa2,1.241877630489644,1.175250577404741
white_input,9,RPFa3,1.1711466296174584,1.1159013190538996
white_input,9,RPFa4,0.7208337564399102,0.6907053557680554
white_input,9,RPFb1,0.9138065378371244,0.8683283322559334
white_input,9,RPFb2,0.8700096577763778,0.8200903802420312
white_input,9,RPFb3,0.8137124424711876,0.770365967976864
white_input,9,RPFc1,0.9207075561963846,0.7079073933264118
white_input,9,RPFc2,0.7733315775429227,0.6387465252564379
white_input,9,RPFc3,0.720061684736931,0.6066433015088869
white_input,10,LAF1,1.2845238285826022,1.2367903799848439
white_input,10,LAF2,1.2819271110758168,1.2356917084116932
white_input,10,LAF3,0.9904650982660292,0.9220262993550595
white_input,10,LAF4,0.8311934852841804,0.7582918246003717
white_input,10,RA2,1.114128650205329,0.934839435771066
white_input,10,RA3,1.0534324567200901,0.8541661649548701
white_input,10,RAFa1,1.0490871868356935,0.9657230658950424
white_input,10,RAFa2,0.8137329302099762,0.7467210370381314
white_input,10,RAFa3,0.7780845035644212,0.7166877479120194
white_input,10,RAFa4,0.7161027807400225,0.6245091294256335
white_input,10,RAFb1,0.8837195939504932,0.8057916245752542
white_input,10,RAFb2,0.7345462400104428,0.6418153896399741
white_input,10,RAFb3,0.7181039067239594,0.6076926830530658
white_input,10,RAFb4,0.7178087474685554,0.5568880611166206
white_input,10,RAFc1,1.0897716104363517,0.9540215319417746
white_input,10,RAFc2,1.1108025006378717,0.9595253786407416
white_input,10,RAFc3,1.0486555229553582,0.8878035958215409
white_input,10,RAFc4,0.8611027561283194,0.7308604522533155
white_input,10,RAFd1,1.1071628642440399,0.9687810476781855
white_input,10,RAFd2,1.007053731477525,0.7820176125384457
white_input,10,RAFd3,0.5834713670348162,0.3751251890764952
white_input,10,RAFd4,0.6595802783714265,0.4615290146527206
white_input,10,RH1,1.115290943619494,1.0485639797716435
white_input,10,RH2,1.0978433671056402,1.0264962110179598
white_input,10,RH3,0.7596936149331911,0.6775667869428667
white_input,10,RH4,0.640807515991189,0.5838921108983772
white_input,10,RPFa1,0.9450516331088821,0.8820445734614933
white_input,10,RPFa2,0.986389531672708,0.9321806583743056
white_input,10,RPFa3,0.9977994253122694,0.9436140002492959
white_input,10,RPFa4,0.7177332801764728,0.6837615816984128
white_input,10,RPFb1,0.8272178594657686,0.7769149510905051
white_input,10,RPFb2,0.7898547298071069,0.7376041760926249
white_input,10,RPFb3,0.6988591544348588,0.6596331878431952
white_input,10,RPFc1,0.9272740201611085,0.7371237601064672
white_input,10,RPFc2,0.7061940856648865,0.5900613105093488
white_input,10,RPFc3,0.7922606833106177,0.664639419277879
white_input,11,LAF1,1.7188345841308112,1.6720137498349816
white_input,11,LAF2,1.717668947389709,1.6729913712020286
white_input,11,LAF3,1.518025081992346,1.435165783772725
white_input,11,LAF4,1.0239946051439262,0.9316175684213115
white_input,11,RA2,1.462259816580611,1.2237825402934734
white_input,11,RA3,1.3609645411288138,1.113639106224669
white_input,11,RAFa1,1.2314348024462913,1.1292045944749867
white_input,11,RAFa2,1.2409908298573213,1.1447214219517787
white_input,11,RAFa3,1.174005325098545,1.090855611592187
white_input,11,RAFa4,1.0738059872619565,0.9632927044558557
white_input,11,RAFb1,1.2616841972337947,1.1455306459179642
white_input,11,RAFb2,1.1086866194080802,0.9764925825839501
white_input,11,RAFb3,0.9846636637520281,0.8407307589336506
white_input,11,RAFb4,0.9126557548953523,0.7366409569488734
white_input,11,RAFc1,1.0228665784940278,0.8859465848852457
white_input,11,RAFc2,1.0419247316705669,0.8883009936197271
white_input,11,RAFc3,1.0519570091469268,0.8822658461801034
white_input,11,RAFc4,0.9783056137051649,0.8255708056383868
white_input,11,RAFd1,1.0516865505726127,0.9230592020017084
white_input,11,RAFd2,0.9659062804165317,0.728939373547785
white_input,11,RAFd3,0.7494308747267682,0.499369749389341
white_input,11,RAFd4,0.7950018747669951,0.5666715899508137
white_input,11,RH1,1.2698470659632584,1.1950917643318684
white_input,11,RH2,1.3689406823917538,1.2770701120346288
white_input,11,RH3,0.9781036722363505,0.87588461845713
white_input,11,RH4,1.0144102782413809,0.9218357093073021
white_input,11,RPFa1,1.3615095349714053,1.2746648345548481
white_input,11,RPFa2,1.344970442499513,1.2806903940801568
white_input,11,RPFa3,1.2861584427525392,1.2247183436801599
white_input,11,RPFa4,0.8170468383976638,0.7714689470937811
white_input,11,RPFb1,0.9790856416251514,0.9272088129843238
white_input,11,RPFb2,0.9577290597311423,0.898487848257242
white_input,11,RPFb3,0.8964223168898076,0.8428217331934875
white_input,11,RPFc1,1.0246796524372794,0.8147195137721704
white_input,11,RPFc2,0.825166392457556,0.6849148572317378
white_input,11,RPFc3,0.8338515021086637,0.7320159740309151
white_input,12,LAF1,1.8646637390271652,1.8208737252063263
white_input,12,LAF2,1.8673162502028855,1.8244809362583247
white_input,12,LAF3,1.3822610280848473,1.3082093266249697
white_input,12,LAF4,0.9563031984194914,0.8715930361491713
white_input,12,RA2,1.8331921215028597,1.6052238740577918
white_input,12,RA3,1.7395981497835087,1.495866446664063
white_input,12,RAFa1,1.3556684364771636,1.2364028982105666
white_input,12,RAFa2,1.1922259652581586,1.1020068743414162
white_input,12,RAFa3,1.0907337171832845,1.0123915739781293
white_input,12,RAFa4,1.0264087455355078,0.9198999861205359
white_input,12,RAFb1,1.378820912461765,1.265280239970447
white_input,12,RAFb2,1.0713198474694456,0.9667735281516339
white_input,12,RAFb3,0.9558784239817082,0.8371695344015831
white_input,12,RAFb4,0.9118607159935282,0.754387478035882
white_input,12,RAFc1,1.1791603523970802,1.010041474768435
white_input,12,RAFc2,1.2158688905664212,1.0122690239421825
white_input,12,RAFc3,1.1426577882258062,0.9420164737433812
white_input,12,RAFc4,0.9843790362341559,0.8216127751246751
white_input,12,RAFd1,1.2066735314072867,1.0608957559871932
white_input,12,RAFd2,1.2046457735361296,0.8890286970357755
white_input,12,RAFd3,0.8177639813183062,0.5827395911303622
white_input,12,RAFd4,0.8700169903428341,0.6551768597832264
white_input,12,RH1,1.5265777916482017,1.4546351331827372
white_input,12,RH2,1.6247550864712637,1.5449814138428861
white_input,12,RH3,1.0258196952516336,0.9363866964837247
white_input,12,RH4,1.1561801302428676,1.0714452172556685
white_input,12,RPFa1,1.2270529984228478,1.1593126973275703
white_input,12,RPFa2,1.215934594369736,1.163322699938497
white_input,12,RPFa3,1.1711403900589172,1.120802409906019
white_input,12,RPFa4,0.7588449172403313,0.7248175473833018
white_input,12,RPFb1,0.9627080169941149,0.9176192842694186
white_input,12,RPFb2,0.9644512139065279,0.9098816061273339
white_input,12,RPFb3,1.0214031523255565,0.969120873316676
white_input,12,RPFc1,1.0384680325869613,0.8118878020458944
white_input,12,RPFc2,0.883243439749955,0.7439332951180064
white_input,12,RPFc3,0.7967423352543289,0.6894830146438504
white_input,13,LAF1,1.5139143555440728,1.4673293465934443
white_input,13,LAF2,1.5246711294578714,1.480164348340353
white_input,13,LAF3,1.2541795344231754,1.1732931304605307
white_input,13,LAF4,0.7874983377211803,0.7179309842673156
white_input,13,RA2,1.4541362360997494,1.2359109244456676
white_input,13,RA3,1.3537194762132043,1.1220163444028508
white_input,13,RAFa1,1.1008207452642538,0.9924036479122204
white_input,13,RAFa2,0.9720269357023399,0.8871054657357765
white_input,13,RAFa3,0.9114545163730129,0.8349433537935219
white_input,13,RAFa4,0.8579258473238356,0.7470416507158266
white_input,13,RAFb1,1.12351663637781,1.0169596813340636
white_input,13,RAFb2,0.8824655957772134,0.7958993048746779
white_input,13,RAFb3,0.7364710758480241,0.6495480133169397
white_input,13,RAFb4,0.6398473387616811,0.5244755826063354
white_input,13,RAFc1,1.0319628450563263,0.8781080687239746
white_input,13,RAFc2,1.0485939087609937,0.8705984710205419
white_input,13,RAFc3,1.0007710873179354,0.8147233223103199
white_input,13,RAFc4,0.837674618447349,0.6818654711133478
white_input,13,RAFd1,1.0420540496884338,0.8973670606205659
white_input,13,RAFd2,1.0113572369210069,0.7465053850276202
white_input,13,RAFd3,0.6116337571751581,0.4117895772751006
white_input,13,RAFd4,0.7391400906967404,0.5392510820147837
white_input,13,RH1,1.4794238519971727,1.3995020522276533
white_input,13,RH2,1.4870397359230898,1.394308515953575
white_input,13,RH3,0.6667335429274099,0.5850763633127013
white_input,13,RH4,0.7577015299035381,0.6917449425741776
white_input,13,RPFa1,1.1733273680704748,1.0950199161971765
white_input,13,RPFa2,1.1921611797980163,1.1296705467573347
white_input,13,RPFa3,1.1232329928329903,1.0651979150242668
white_input,13,RPFa4,0.7625857804563914,0.7208601998189191
white_input,13,RPFb1,1.0684324892003942,1.012296253105777
white_input,13,RPFb2,1.0171047150304513,0.9580575194756734
white_input,13,RPFb3,0.9229064938406772,0.873587826160289
white_input,13,RPFc1,0.9090683348700241,0.6872739834863569
white_input,13,RPFc2,0.7466716572711359,0.6137663295808882
white_input,13,RPFc3,0.8743365105121376,0.755830994853031
white_input,14,LAF1,1.627756091769809,1.5751472129652733
white_input,14,LAF2,1.649631313902534,1.5976979093347177
white_input,14,LAF3,1.062563713368779,0.9959388451575858
white_input,14,LAF4,1.0183430857044142,0.9273648331476091
white_input,14,RA2,1.6682604387842999,1.4287045364700168
white_input,14,RA3,1.6776720165170118,1.4163829094611977
white_input,14,RAFa1,1.2301086578241847,1.1095815921933867
white_input,14,RAFa2,1.1941748975404867,1.093310293411931
white_input,14,RAFa3,1.1171080183137003,1.0328313697759484
white_input,14,RAFa4,1.056189340557135,0.9464870736118061
white_input,14,RAFb1,1.2536009059093738,1.1409408642917733
white_input,14,RAFb2,0.9054664847276065,0.8195133524306443
white_input,14,RAFb3,0.8015437927811463,0.7110927885118296
white_input,14,RAFb4,0.7775630615528054,0.6482670309242389
white_input,14,RAFc1,1.282136035724185,1.0990068149672092
white_input,14,RAFc2,1.3093822858959407,1.111652559591645
white_input,14,RAFc3,1.198057096270981,1.0094548506952767
white_input,14,RAFc4,0.9651298086406214,0.8164799974696526
white_input,14,RAFd1,1.2986592799642849,1.1321218393101442
white_input,14,RAFd2,1.2971557012909318,0.9821651554487216
white_input,14,RAFd3,0.956161380338686,0.7073821630126362
white_input,14,RAFd4,1.0034430438557673,0.7714492146230019
white_input,14,RH1,1.206894957033776,1.1355939475281704
white_input,14,RH2,1.3109354903727277,1.2356453591567031
white_input,14,RH3,0.9792684021451779,0.874313899950084
white_input,14,RH4,1.1953411316123224,1.0948767963416013
white_input,14,RPFa1,1.200192687073174,1.128402857614184
white_input,14,RPFa2,1.1383871565361758,1.0849108749137437
white_input,14,RPFa3,1.0859006599244287,1.0326151098201222
white_input,14,RPFa4,0.7736641792164791,0.7357029333631037
white_input,14,RPFb1,1.0099054676534995,0.9685287619824485
white_input,14,RPFb2,1.0136867203491455,0.9643398964567699
white_input,14,RPFb3,1.0127119585783169,0.9667004018879699
white_input,14,RPFc1,1.0833043115519077,0.8689608424584185
white_input,14,RPFc2,0.7848249563270813,0.652523839994374
white_input,14,RPFc3,0.9738254134847693,0.8434078110596058
white_input,15,LAF1,1.5155153409107336,1.4788641412904635
white_input,15,LAF2,1.5266640178936255,1.4914256976224967
white_input,15,LAF3,1.2607136228252143,1.1820594447499162
white_input,15,LAF4,0.8285533102147002,0.7621511266957368
white_input,15,RA2,1.5381057607612023,1.333887654910084
white_input,15,RA3,1.5167881881515874,1.2822860870316461
white_input,15,RAFa1,1.0228725616162995,0.9419423744971339
white_input,15,RAFa2,0.9813441857258283,0.9043441277645156
white_input,15,RAFa3,0.918405609058646,0.8450546890261023
white_input,15,RAFa4,0.8518696926154598,0.7462121914668397
white_input,15,RAFb1,1.109974248991169,1.011565384156999
white_input,15,RAFb2,0.9494975626453388,0.842523078229459
white_input,15,RAFb3,0.9132067673727566,0.7930782946185201
white_input,15,RAFb4,0.8989034773062866,0.7452857653710518
white_input,15,RAFc1,0.9707981828111548,0.8380458807284646
white_input,15,RAFc2,0.9519068490487703,0.8120907097928228
white_input,15,RAFc3,0.8807421378737266,0.7347220912600042
white_input,15,RAFc4,0.7860576513807613,0.655441196361388
white_input,15,RAFd1,1.043707349086945,0.9160409980418278
white_input,15,RAFd2,0.9447065339961774,0.7195289564675511
white_input,15,RAFd3,0.9904159993043327,0.6973510211360846
white_input,15,RAFd4,1.0591961204255846,0.7946853282991668
white_input,15,RH1,1.109678921677662,1.0474875315178844
white_input,15,RH2,1.2624674135782854,1.178079850547798
white_input,15,RH3,0.785487395402213,0.7117857815328879
white_input,15,RH4,0.9158681506226996,0.843128327331256
white_input,15,RPFa1,1.1529277296741736,1.0815811438917822
white_input,15,RPFa2,1.1199646589158654,1.0659581982050146
white_input,15,RPFa3,1.0869515631624345,1.0374079122530626
white_input,15,RPFa4,0.7709567265314197,0.7412037619137772
white_input,15,RPFb1,0.9214911464906775,0.8748080408953716
white_input,15,RPFb2,0.9074837522759779,0.8553920513776156
white_input,15,RPFb3,0.9247592203222538,0.8758671419102336
white_input,15,RPFc1,0.799913665011593,0.6132866191171391
white_input,15,RPFc2,0.7973156101926435,0.6723039239864632
white_input,15,RPFc3,0.9863956089113224,0.8504067122393981
white_input,16,LAF1,1.8529366274236545,1.815115313935447
white_input,16,LAF2,1.856818070189141,1.8174329138719088
white_input,16,LAF3,1.5265854135632348,1.4457722589678301
white_input,16,LAF4,0.778264703918073,0.6991827663425395
white_input,16,RA2,0.9958347543723869,0.8042853002171849
white_input,16,RA3,0.9617540101105926,0.7663683655891665
white_input,16,RAFa1,1.0538535100754143,0.9577793247836311
white_input,16,RAFa2,1.0665136929031198,0.9791977140194866
white_input,16,RAFa3,0.9867664616532593,0.9037409243908413
white_input,16,RAFa4,0.9327462098664845,0.8058549934114752
white_input,16,RAFb1,1.0926130840073038,0.9995222445054907
white_input,16,RAFb2,0.8829095229129902,0.7866436336841671
white_input,16,RAFb3,0.7889392603457182,0.671779768644824
white_input,16,RAFb4,0.752544284367327,0.5896746913061867
white_input,16,RAFc1,0.7972185723076988,0.671198689514787
white_input,16,RAFc2,0.8084153317323772,0.6550913755777756
white_input,16,RAFc3,0.7550576742185655,0.5963879970914462
white_input,16,RAFc4,0.6880655942496937,0.5482046524428891
white_input,16,RAFd1,0.8133370176555795,0.696346741577841
white_input,16,RAFd2,0.7561312792930143,0.5176782420194197
white_input,16,RAFd3,0.8974079446371743,0.6602965309701327
white_input,16,RAFd4,0.8643710418513264,0.6425462559570738
white_input,16,RH1,0.8715382403551343,0.811328650044231
white_input,16,RH2,0.8591300949355657,0.799356880776152
white_input,16,RH3,0.8304430498470134,0.7310560075399521
white_input,16,RH4,0.7919490973033542,0.7231867651062944
white_input,16,RPFa1,0.9541350399479372,0.891054046105363
white_input,16,RPFa2,0.9321585576011696,0.8821318890580354
white_input,16,RPFa3,0.9283893392683924,0.8766268455937236
white_input,16,RPFa4,0.710375211028495,0.672431011347617
white_input,16,RPFb1,0.7463136246624037,0.7105353374577862
white_input,16,RPFb2,0.7239295110207301,0.6861755132849988
white_input,16,RPFb3,0.7853507490218639,0.738550092841133
white_input,16,RPFc1,0.698937630949288,0.5009522568013088
white_input,16,RPFc2,0.6251496832724975,0.505945826044281
white_input,16,RPFc3,0.5890029272527836,0.4797593112182109
white_input,17,LAF1,1.3389977741279413,1.2976648555174728
white_input,17,LAF2,1.3323488424979792,1.2914006341307265
white_input,17,LAF3,1.083969278140375,1.0171796825312063
white_input,17,LAF4,0.752928720849933,0.6722028789274236
white_input,17,RA2,1.465603702729656,1.2598645097003012
white_input,17,RA3,1.4597289851577964,1.229163438551225
white_input,17,RAFa1,1.0840389369662493,0.9780666647941804
white_input,17,RAFa2,0.9711451729326418,0.8755702052040935
white_input,17,RAFa3,0.8827260292623296,0.7909840186300446
white_input,17,RAFa4,0.832468018376064,0.7041412119777634
white_input,17,RAFb1,1.0921766720760184,0.9882464358919673
white_input,17,RAFb2,0.8244979786391219,0.7415748061169671
white_input,17,RAFb3,0.726779740770837,0.6377550031489069
white_input,17,RAFb4,0.6923991456960259,0.5713343150297997
white_input,17,RAFc1,1.0975865745925948,0.9187811519336256
white_input,17,RAFc2,1.130650871680464,0.9273799992089037
white_input,17,RAFc3,1.0142128498538017,0.8198736808640753
white_input,17,RAFc4,0.8859354410884674,0.712233191965487
white_input,17,RAFd1,1.1209589451426059,0.9609434428244559
white_input,17,RAFd2,1.093114158101812,0.7941031033766949
white_input,17,RAFd3,0.7099597113354981,0.4630729475499745
white_input,17,RAFd4,0.8538502040548906,0.6220159661475316
white_input,17,RH1,1.1103676052433717,1.0322430945796321
white_input,17,RH2,1.2289556854636146,1.1364677946945534
white_input,17,RH3,0.7290707400705415,0.6487091025997135
white_input,17,RH4,0.7753689365037759,0.6997828476636532
white_input,17,RPFa1,0.9922813564351276,0.9209949451969252
white_input,17,RPFa2,0.9872532209085777,0.9311096564505479
white_input,17,RPFa3,0.963364597356577,0.9116486075186864
white_input,17,RPFa4,0.688355143836287,0.656162812799128
white_input,17,RPFb1,0.8765295109029432,0.8309331301346996
white_input,17,RPFb2,0.8428027541941225,0.7930956183354582
white_input,17,RPFb3,0.7564801283067314,0.7106048396821474
white_input,17,RPFc1,0.9524543479860704,0.7136916841479704
white_input,17,RPFc2,0.7809622618673235,0.6345485374377495
white_input,17,RPFc3,0.8020580609848458,0.6910025668122681
white_input,18,LAF1,2.5942747925129224,2.5396879577240243
white_input,18,LAF2,2.6191431407438923,2.565932244425653
white_input,18,LAF3,1.8001437232057385,1.7198076174687031
white_input,18,LAF4,0.9286819916144787,0.8388991249920431
white_input,18,RA2,1.4361835762356085,1.2377650142113126
white_input,18,RA3,1.3077816416038017,1.0735853149397379
white_input,18,RAFa1,1.117113305921174,1.0165228420356507
white_input,18,RAFa2,1.1117590552671137,1.0179047574765727
white_input,18,RAFa3,1.092079108409037,1.0001869607268796
white_input,18,RAFa4,1.0308374563815974,0.9047112551140064
white_input,18,RAFb1,1.0645799815355332,0.9661452508124675
white_input,18,RAFb2,0.8227597236786565,0.7430881767453625
white_input,18,RAFb3,0.8169685917556707,0.7220158336813025
white_input,18,RAFb4,0.8084156648328005,0.6799155525021133
white_input,18,RAFc1,1.0633158566309846,0.9184065922430207
white_input,18,RAFc2,1.0787487236721633,0.90948595694549
white_input,18,RAFc3,0.9915119117998229,0.830837785237518
white_input,18,RAFc4,0.8535485654020681,0.7106001416185395
white_input,18,RAFd1,1.0795634069077618,0.9496130438525522
white_input,18,RAFd2,1.0376969357346661,0.7661929503104657
white_input,18,RAFd3,0.9508085077840115,0.727460211090535
white_input,18,RAFd4,0.8932769595687053,0.7070633502756064
white_input,18,RH1,1.2391876930018448,1.1682105826650824
white_input,18,RH2,1.3435147975091855,1.263047965831394
white_input,18,RH3,0.8746760189332022,0.7726055401654908
white_input,18,RH4,0.8883626769157259,0.8114860491264222
white_input,18,RPFa1,1.0585413041592797,0.9911623824461665
white_input,18,RPFa2,1.1122779297263719,1.0561884064735771
white_input,18,RPFa3,1.154379226608814,1.0981530656984555
white_input,18,RPFa4,0.8536797414988688,0.8110595004585184
white_input,18,RPFb1,0.8687407556498725,0.8245504144015711
white_input,18,RPFb2,0.8586247885939182,0.8109618401887488
white_input,18,RPFb3,0.8784728511707709,0.834323477982534
white_input,18,RPFc1,0.911540679730644,0.7216784019418326
white_input,18,RPFc2,0.7868464448876237,0.656510981644509
white_input,18,RPFc3,0.8288636117537912,0.7022580553828379
white_input,19,LAF1,2.0776214357386955,2.0316090383917818
white_input,19,LAF2,2.0901122738054285,2.0449910959899276
white_input,19,LAF3,1.5268083422273546,1.4372966261293338
white_input,19,LAF4,0.9881360019597615,0.9081325262591406
white_input,19,RA2,1.2524721750575907,1.0599530688117849
white_input,19,RA3,1.2634730699173482,1.0621825595289274
white_input,19,RAFa1,1.2035561505983448,1.105069115112756
white_input,19,RAFa2,1.3935190412525018,1.2987591776243312
white_input,19,RAFa3,1.3300849714986027,1.2340377006403744
white_input,19,RAFa4,1.2487951977679796,1.1082445392948308
white_input,19,RAFb1,1.3300693191171238,1.2169126129793304
white_input,19,RAFb2,1.0728070913556709,0.9520100832245171
white_input,19,RAFb3,0.9039076456202786,0.7703063703803338
white_input,19,RAFb4,0.7917864600027703,0.6308878369109481
white_input,19,RAFc1,0.9060073561596312,0.7758097030509225
white_input,19,RAFc2,0.9109728496399044,0.7594129061846395
white_input,19,RAFc3,0.8606439170490539,0.7110394054372546
white_input,19,RAFc4,0.8791518951437131,0.7519791024659443
white_input,19,RAFd1,0.9690033351018744,0.8457593862109377
white_input,19,RAFd2,0.9179041919845994,0.6920257770253039
white_input,19,RAFd3,1.0710997100530735,0.7931690231791099
white_input,19,RAFd4,1.0878878372135534,0.830894672063343
white_input,19,RH1,1.0036005354047839,0.9417835858088875
white_input,19,RH2,1.0308232990827555,0.9561345993045733
white_input,19,RH3,0.9137888654648108,0.8306528792244837
white_input,19,RH4,0.9957775818892074,0.9181762691214507
white_input,19,RPFa1,1.3496084503644534,1.2723520800203652
white_input,19,RPFa2,1.2577220092282118,1.1958769361669779
white_input,19,RPFa3,1.1471452163813236,1.0886583373840435
white_input,19,RPFa4,0.721901070591193,0.6914035003700516
white_input,19,RPFb1,0.8789855358762518,0.8402502465017233
white_input,19,RPFb2,0.8703946700799988,0.8269586065165464
white_input,19,RPFb3,1.065621976018592,1.0104748276963083
white_input,19,RPFc1,0.8266535895671825,0.6436944499058131
white_input,19,RPFc2,0.916871997634197,0.7935524724877422
white_input,19,RPFc3,1.1527760318786002,1.0206735533080742
white_input,20,LAF1,1.6203267143443485,1.5765846267945451
white_input,20,LAF2,1.642402540877483,1.599586357372424
white_input,20,LAF3,1.2068233966121669,1.136823459113205
white_input,20,LAF4,1.0606716034636372,0.9709991040135741
white_input,20,RA2,2.0105183893866103,1.7642343166017849
white_input,20,RA3,1.904168368355442,1.6396025532597438
white_input,20,RAFa1,1.28170248439572,1.1723117725403138
white_input,20,RAFa2,1.1199926945465604,1.036330563517497
white_input,20,RAFa3,1.0190461608976353,0.9444850068596053
white_input,20,RAFa4,0.946154756393305,0.8396829251201584
white_input,20,RAFb1,1.3349883045029007,1.2253521474548026
white_input,20,RAFb2,1.052146500851002,0.9458508648715273
white_input,20,RAFb3,0.94701309149725,0.8282965408575024
white_input,20,RAFb4,0.9040010266622579,0.7566135525544622
white_input,20,RAFc1,1.1672448097999166,1.0315314176442052
white_input,20,RAFc2,1.178692052114069,1.0260386968475315
white_input,20,RAFc3,1.101468579844544,0.9353670473915165
white_input,20,RAFc4,0.8977926698034012,0.7569566652258439
white_input,20,RAFd1,1.1689136462755025,1.0446208407864557
white_input,20,RAFd2,1.1272449766672037,0.8865054932170451
white_input,20,RAFd3,0.9565438996543791,0.7092329136352831
white_input,20,RAFd4,0.9240801407961778,0.6950448081212193
white_input,20,RH1,1.6452461686770117,1.5695298258184496
white_input,20,RH2,1.786563952678772,1.6965260715800963
white_input,20,RH3,0.9102921133485414,0.831114371278137
white_input,20,RH4,1.079840881816497,1.002070691324626
white_input,20,RPFa1,1.258806366324728,1.1858494864091857
white_input,20,RPFa2,1.1592338341144792,1.1065839841289535
white_input,20,RPFa3,1.0622933921717732,1.0157504448695176
white_input,20,RPFa4,0.7927855709026557,0.7631301049643335
white_input,20,RPFb1,0.9685112410400994,0.9222582497863278
white_input,20,RPFb2,0.9632193355269507,0.9101086395853547
white_input,20,RPFb3,1.0132748239680052,0.9592208916002956
white_input,20,RPFc1,1.0299104724334454,0.8198058287473531
white_input,20,RPFc2,0.8654225702249254,0.7234515859832675
white_input,20,RPFc3,0.8513794113400387,0.7429472335413567
white_input,21,LAF1,1.510355376147325,1.4776769604499282
white_input,21,LAF2,1.5342375284710774,1.5004464882129709
white_input,21,LAF3,1.1263596018127189,1.0599208565976788
white_input,21,LAF4,1.0178755780958975,0.9269581547643925
white_input,21,RA2,1.4437440309656266,1.2181774919039294
white_input,21,RA3,1.3782177141889118,1.1484635879494827
white_input,21,RAFa1,1.1590760453762028,1.0534469438200544
white_input,21,RAFa2,0.9658233766089322,0.893406055562933
white_input,21,RAFa3,0.9448700609130625,0.8714517452095726
white_input,21,RAFa4,0.8800449945395078,0.7715431018309409
white_input,21,RAFb1,1.0348958888945368,0.9315821807253039
white_input,21,RAFb2,0.9463071138714036,0.8337781585853982
white_input,21,RAFb3,0.9262925707625662,0.7887621404267787
white_input,21,RAFb4,0.9134896163793854,0.7329055029234004
white_input,21,RAFc1,0.9820102042860134,0.8356246261142108
white_input,21,RAFc2,1.0281241210903185,0.8522487469178189
white_input,21,RAFc3,1.0915710818697921,0.9060358657307084
white_input,21,RAFc4,1.0295111454050816,0.8758010310040208
white_input,21,RAFd1,0.9957670398497845,0.8673871384192606
white_input,21,RAFd2,0.9148890970642494,0.6601159797035351
white_input,21,RAFd3,0.9226336310876785,0.6628067262840815
white_input,21,RAFd4,0.9498004580835013,0.7195207061268922
white_input,21,RH1,1.2163322265056997,1.1368963616060708
white_input,21,RH2,1.2676826636757705,1.1819100935383091
white_input,21,RH3,0.8459750013294214,0.7550809126864746
white_input,21,RH4,0.924669435712961,0.8377037388467282
white_input,21,RPFa1,1.2053221069664433,1.1332646217543119
white_input,21,RPFa2,1.2608472475011285,1.206008416195723
white_input,21,RPFa3,1.236921643175003,1.1854394927498124
white_input,21,RPFa4,0.7788263203935,0.7401849999874565
white_input,21,RPFb1,0.8384951098279557,0.7961851380853032
white_input,21,RPFb2,0.7950917565607313,0.747257317714121
white_input,21,RPFb3,0.7956762529864572,0.7506065049839893
white_input,21,RPFc1,1.0694550811022967,0.8511719099790097
white_input,21,RPFc2,0.9196619975431559,0.7741477263128448
white_input,21,RPFc3,0.8823220431017188,0.7641465096123052
white_input,22,LAF1,2.0190569415565136,1.971730899930752
white_input,22,LAF2,2.0482685153190934,2.001340555265195
white_input,22,LAF3,1.3704916480069413,1.298122946415801
white_input,22,LAF4,1.0268429756739832,0.9297414769384927
white_input,22,RA2,1.3435113195223094,1.132126336970659
white_input,22,RA3,1.2646969128091536,1.0459990308135014
white_input,22,RAFa1,1.1479808570676808,1.0486734397240813
white_input,22,RAFa2,1.1649550255842887,1.0739865832677928
white_input,22,RAFa3,1.091550657705091,1.0018763204260002
white_input,22,RAFa4,1.052339104467683,0.9185468600602819
white_input,22,RAFb1,1.284683831411347,1.1808996737218733
white_input,22,RAFb2,0.9740661892876892,0.878533969670485
white_input,22,RAFb3,0.8166033696062703,0.7101192202855489
white_input,22,RAFb4,0.7393889426972526,0.5994729169395155
white_input,22,RAFc1,1.1784912067297262,1.0101315916440394
white_input,22,RAFc2,1.2218479240205657,1.0200866931466748
white_input,22,RAFc3,1.122584692861085,0.9232474384882298
white_input,22,RAFc4,0.9383559133445206,0.7719085776804673
white_input,22,RAFd1,1.2296511056950765,1.0789465741265751
white_input,22,RAFd2,1.1964308503356968,0.9013783173366029
white_input,22,RAFd3,0.7714262790753101,0.5298998725694962
white_input,22,RAFd4,0.888552191891846,0.652601876717058
white_input,22,RH1,1.1296225960206938,1.058318508650213
white_input,22,RH2,1.2102669961678956,1.132464299398198
white_input,22,RH3,0.8183542932536001,0.7423387902741043
white_input,22,RH4,0.8521876154988187,0.7737790980318497
white_input,22,RPFa1,1.1485928463021704,1.087325856562278
white_input,22,RPFa2,1.1301905159180188,1.0786832614874786
white_input,22,RPFa3,1.098602761183071,1.0445378840609072
white_input,22,RPFa4,0.7636422151378627,0.7239168714423005
white_input,22,RPFb1,0.9515560048497795,0.9051113051788928
white_input,22,RPFb2,0.9317652274512372,0.8780590066790591
white_input,22,RPFb3,0.9594231225254465,0.9021763578524303
white_input,22,RPFc1,1.0103047074809755,0.7904233710001689
white_input,22,RPFc2,0.8388368909890561,0.6858510987234567
white_input,22,RPFc3,0.8579262457950825,0.7336714789863908
white_input,23,LAF1,1.5999391998504235,1.5519178160769636
white_input,23,LAF2,1.6100681094667302,1.5650259388214804
white_input,23,LAF3,1.160199480274239,1.088213155396397
white_input,23,LAF4,0.992641659052648,0.9052743068337613
white_input,23,RA2,1.0318400842428515,0.8591040210011549
white_input,23,RA3,0.9676715400412854,0.7840244241013048
white_input,23,RAFa1,0.8491961423290018,0.7712653667736947
white_input,23,RAFa2,0.9334461859032771,0.8570332098017642
white_input,23,RAFa3,0.9180991521383575,0.8422948629830816
white_input,23,RAFa4,0.879388413531912,0.7651302407653154
white_input,23,RAFb1,0.9214203826125561,0.8345673448194267
white_input,23,RAFb2,0.9049141001510983,0.805848887536213
white_input,23,RAFb3,0.9286609416273581,0.8022048050195486
white_input,23,RAFb4,0.9380460923279453,0.7593414933665935
white_input,23,RAFc1,0.8760408877079641,0.7622312053515015
white_input,23,RAFc2,0.9067398842368839,0.7695601761452601
white_input,23,RAFc3,0.8153293225556042,0.6716435592896725
white_input,23,RAFc4,0.7077993609695565,0.5746201880755697
white_input,23,RAFd1,0.8868501784070203,0.7688716451947767
white_input,23,RAFd2,0.8470853880740954,0.6325100349150149
white_input,23,RAFd3,0.8780920615200334,0.6054959800381953
white_input,23,RAFd4,0.8551064179727782,0.6070385504330162
white_input,23,RH1,0.987410522083767,0.9234590250249152
white_input,23,RH2,1.0508011192479856,0.9789536154069222
white_input,23,RH3,0.8981890675584051,0.8064871498896334
white_input,23,RH4,0.8534649202069524,0.7741393955785504
white_input,23,RPFa1,0.9366959895505271,0.8727337891467006
white_input,23,RPFa2,0.9166754111924107,0.8681418930771332
white_input,23,RPFa3,0.894223752035825,0.8458868397346976
white_input,23,RPFa4,0.6877579500232117,0.6557608460161531
white_input,23,RPFb1,0.7337164483044067,0.6912467237455182
white_input,23,RPFb2,0.7194770588714625,0.6745746006119561
white_input,23,RPFb3,0.7510482673947079,0.7072839073088952
white_input,23,RPFc1,0.7607077563043051,0.5729056982877838
white_input,23,RPFc2,0.6407011936518829,0.5199474738325651
white_input,23,RPFc3,0.688157590091652,0.5729605004373497
white_input,24,LAF1,1.5343469149304931,1.4842510363403372
white_input,24,LAF2,1.5533766761179766,1.5043784387639307
white_input,24,LAF3,1.0969654880606976,1.0286074581789757
white_input,24,LAF4,0.8786430130351053,0.8085512480101931
white_input,24,RA2,1.3076656574109196,1.100892266406547
white_input,24,RA3,1.2337356971560913,1.0081758317988139
white_input,24,RAFa1,1.0922211275498663,1.0016493718617046
white_input,24,RAFa2,0.8958131008117445,0.8292725301173308
white_input,24,RAFa3,0.8241942356972215,0.7660518236477513
white_input,24,RAFa4,0.7424430013791694,0.6625570056101734
white_input,24,RAFb1,1.0977368660025777,1.006566305752536
white_input,24,RAFb2,0.8996289696949255,0.8028916197073742
white_input,24,RAFb3,0.8483035075803819,0.7264268667672757
white_input,24,RAFb4,0.8042318223544237,0.6400718469974608
white_input,24,RAFc1,1.1570187798624756,0.993646964822188
white_input,24,RAFc2,1.1468197438181165,0.9744381541692192
white_input,24,RAFc3,0.9948857482254521,0.8297896129660532
white_input,24,RAFc4,0.7628678490982954,0.6277563866314996
white_input,24,RAFd1,1.1545568436667422,1.0093896880418358
white_input,24,RAFd2,1.143458677013746,0.8718627068472775
white_input,24,RAFd3,0.7179974276255842,0.47272268137929013
white_input,24,RAFd4,0.7546034427893004,0.5273576951716968
white_input,24,RH1,1.1888664313711705,1.1108916567867793
white_input,24,RH2,1.225673795139113,1.1474787085409117
white_input,24,RH3,0.809710046467661,0.7277190918475044
white_input,24,RH4,0.8684537464331028,0.7821600410655218
white_input,24,RPFa1,1.047288649166501,0.9806588851372323
white_input,24,RPFa2,1.0073263963850858,0.9552636600576517
white_input,24,RPFa3,1.0315720126503176,0.9780110249244742
white_input,24,RPFa4,0.7511891196002324,0.7163542900409993
white_input,24,RPFb1,0.8872754684437104,0.8398900188122631
white_input,24,RPFb2,0.8569794198646769,0.8028915009409601
white_input,24,RPFb3,0.8340188366813499,0.7880385646106892
white_input,24,RPFc1,0.8679800064322055,0.6763110944389794
white_input,24,RPFc2,0.7078356476733839,0.5841996070146825
white_input,24,RPFc3,0.9910865961385561,0.8536215431662659
white_input,25,LAF1,1.3537099872649558,1.3205143981223142
white_input,25,LAF2,1.362685491564629,1.3302678804122403
white_input,25,LAF3,1.0495281703921848,0.9833983513954068
white_input,25,LAF4,0.8097576450459634,0.7415474253471669
white_input,25,RA2,1.1436161575407275,0.9516336432948151
white_input,25,RA3,1.0675046992511918,0.8661370918839766
white_input,25,RAFa1,1.0167730107331572,0.9189011347713014
white_input,25,RAFa2,1.0151145100480088,0.9349332298111265
white_input,25,RAFa3,0.9795236544275758,0.9054106656067262
white_input,25,RAFa4,0.8964501605321188,0.7933644198579854
white_input,25,RAFb1,1.0329982065216967,0.9452147280395169
white_input,25,RAFb2,0.9254687929939472,0.8368922578611871
white_input,25,RAFb3,0.8800788991475571,0.7763347093985277
white_input,25,RAFb4,0.850919705386304,0.7102503281018321
white_input,25,RAFc1,1.016371098487084,0.8661231120729923
white_input,25,RAFc2,1.0318872914699835,0.8566017275740408
white_input,25,RAFc3,0.9811186156347849,0.8013732186316072
white_input,25,RAFc4,0.8411167050930576,0.7022454397973161
white_input,25,RAFd1,1.0352725495696058,0.8947264412905117
white_input,25,RAFd2,0.9967259633718761,0.7266383022260811
white_input,25,RAFd3,0.6165988737281485,0.40728813412283055
white_input,25,RAFd4,0.6997938623634714,0.502021240021566
white_input,25,RH1,1.1493497701996593,1.0830529914611886
white_input,25,RH2,1.1702431874504835,1.096739480115857
white_input,25,RH3,0.7098369553486455,0.6279348389264031
white_input,25,RH4,0.752130700121292,0.682376961331728
white_input,25,RPFa1,1.1965184345178461,1.1211234802935626
white_input,25,RPFa2,1.2413828375342681,1.1765586793581368
white_input,25,RPFa3,1.1762612133300816,1.1143519685516232
white_input,25,RPFa4,0.6936812262545383,0.6649906185340502
white_input,25,RPFb1,0.9781270096208458,0.930265439973608
white_input,25,RPFb2,0.9251020061970742,0.8731333384023954
white_input,25,RPFb3,0.831075202111527,0.7894261982491863
white_input,25,RPFc1,0.9263267062825615,0.7243425354375501
white_input,25,RPFc2,0.7766946445461421,0.6616776630727046
white_input,25,RPFc3,0.7525109232838723,0.6396023419137881
white_input,26,LAF1,1.2790380275424138,1.245108533002412
white_input,26,LAF2,1.269643595104195,1.2363776725181022
white_input,26,LAF3,1.021718172736194,0.9621686014912182
white_input,26,LAF4,0.8039563163399809,0.7235222267394925
white_input,26,RA2,1.089884043780222,0.9126216260932976
white_input,26,RA3,1.015969737563264,0.8452757044704015
white_input,26,RAFa1,1.0654321730344691,0.9652828843820875
white_input,26,RAFa2,0.7851312868907356,0.71304034502616
white_input,26,RAFa3,0.7589326660527594,0.6902455290608153
white_input,26,RAFa4,0.6944461227235637,0.6020123411113677
white_input,26,RAFb1,0.8991631977726896,0.8070197409359797
white_input,26,RAFb2,0.7522101959931237,0.6725835100831983
white_input,26,RAFb3,0.7300876384891916,0.641969030507204
white_input,26,RAFb4,0.7077523912574621,0.5887894830083092
white_input,26,RAFc1,1.1081670160732224,0.9534049177062679
white_input,26,RAFc2,1.140750935089689,0.9599730163653799
white_input,26,RAFc3,1.0881445059483132,0.9022968139902986
white_input,26,RAFc4,0.9224303647005214,0.7618451947410203
white_input,26,RAFd1,1.0934404035402778,0.9658467822466333
white_input,26,RAFd2,1.0499548644687093,0.7746216967387158
white_input,26,RAFd3,0.6745722789359662,0.4247011229116618
white_input,26,RAFd4,0.7183732230844707,0.49286500413679063
white_input,26,RH1,1.1154583960772328,1.0395713690163175
white_input,26,RH2,1.1057556769452244,1.0225565600144237
white_input,26,RH3,0.750049168431089,0.6588757711412032
white_input,26,RH4,0.618160162167273,0.5524274583046735
white_input,26,RPFa1,0.9595283206547602,0.8936893994531989
white_input,26,RPFa2,1.0232869370246072,0.9690923841670386
white_input,26,RPFa3,1.0378660421559374,0.9852552745371417
white_input,26,RPFa4,0.757258528042636,0.7207415678150145
white_input,26,RPFb1,0.8661404301039183,0.8252229946604943
white_input,26,RPFb2,0.824433855641812,0.7792039861639276
white_input,26,RPFb3,0.7185323442750257,0.6806292465598514
white_input,26,RPFc1,0.9870044864453517,0.7640751861976794
white_input,26,RPFc2,0.7351018792423882,0.6071617750554477
white_input,26,RPFc3,0.7581177664425311,0.6469426445271518
white_input,27,LAF1,1.6488883597964417,1.606780455602443
white_input,27,LAF2,1.6569612959937912,1.6138005923123087
white_input,27,LAF3,1.4218678346444555,1.3462265514694904
white_input,27,LAF4,0.9645638826216264,0.8835600319770743
white_input,27,RA2,1.289514203776742,1.1060189743768585
white_input,27,RA3,1.1739270864208642,0.9806569918347589
white_input,27,RAFa1,1.1552590719947187,1.0570041742609155
white_input,27,RAFa2,1.1410341522485612,1.0402323217584737
white_input,27,RAFa3,1.0959452264908311,1.0004408560023388
white_input,27,RAFa4,1.0148525252005718,0.8828899655817389
white_input,27,RAFb1,1.1486864946288902,1.047742914858663
white_input,27,RAFb2,0.9834032578991994,0.8914325557170086
white_input,27,RAFb3,0.8845544777565778,0.7854842961005998
white_input,27,RAFb4,0.8430172340903133,0.7037057219086691
white_input,27,RAFc1,1.0121713197872215,0.8748623866823976
white_input,27,RAFc2,1.0432064038435107,0.8775319973243577
white_input,27,RAFc3,1.0309931708106843,0.8617802391519256
white_input,27,RAFc4,0.9527551051163272,0.7934744871783798
white_input,27,RAFd1,1.0338960146202536,0.9133554367582993
white_input,27,RAFd2,0.969205166600488,0.7251722295700125
white_input,27,RAFd3,0.6787933937576671,0.4942069903476673
white_input,27,RAFd4,0.7328274940261221,0.5574295018316819
white_input,27,RH1,1.2200074262429268,1.149884908617618
white_input,27,RH2,1.282835908842079,1.2139597584637047
white_input,27,RH3,0.9024566939483126,0.8176949377431924
white_input,27,RH4,0.8899447223898138,0.8219387933379445
white_input,27,RPFa1,1.2655421202532542,1.1915921022657883
white_input,27,RPFa2,1.297607079006353,1.2365421653653907
white_input,27,RPFa3,1.2545877751039567,1.1955297979581871
white_input,27,RPFa4,0.8091268040516592,0.7729280737029922
white_input,27,RPFb1,0.9588049178477486,0.9180453960224773
white_input,27,RPFb2,0.9329553051540235,0.888469811425773
white_input,27,RPFb3,0.8513545017977928,0.8072775844803673
white_input,27,RPFc1,1.0102198724397304,0.7961278101132856
white_input,27,RPFc2,0.8094669549625924,0.6764200097645288
white_input,27,RPFc3,0.8063163777224064,0.6826869707936397
white_input,28,LAF1,2.041250767359562,1.9844706673404573
white_input,28,LAF2,2.0392808412326757,1.9851163341588247
white_input,28,LAF3,1.528370481002143,1.4344276325744845
white_input,28,LAF4,0.9577862957140776,0.8744602759053268
white_input,28,RA2,1.7226230656492194,1.5331714679432342
white_input,28,RA3,1.6065923319217195,1.4074618787814566
white_input,28,RAFa1,1.3140268005839688,1.219052363987347
white_input,28,RAFa2,1.2319793464104627,1.1493698140618076
white_input,28,RAFa3,1.1510888086640765,1.0758408603913159
white_input,28,RAFa4,1.0959874798645635,0.9834849245451717
white_input,28,RAFb1,1.38047568647139,1.2691257681126806
white_input,28,RAFb2,1.068937056341021,0.9580824646028562
white_input,28,RAFb3,0.9341694461597214,0.8181142450586982
white_input,28,RAFb4,0.8818160937668408,0.7344310105458598
white_input,28,RAFc1,1.1351022966644517,0.9981343386301524
white_input,28,RAFc2,1.1455438677476584,0.9983357707237109
white_input,28,RAFc3,1.0668742795239536,0.9069623925534038
white_input,28,RAFc4,0.9309843402716824,0.7732562356782005
white_input,28,RAFd1,1.1945854286687467,1.0545124501705316
white_input,28,RAFd2,1.1081750677263122,0.8916757186385434
white_input,28,RAFd3,0.839983378358908,0.5785208205016682
white_input,28,RAFd4,0.8760968047392028,0.6550995430664862
white_input,28,RH1,1.5299276739509096,1.446675897613741
white_input,28,RH2,1.619436722660899,1.52801574138738
white_input,28,RH3,1.0195658747594136,0.9262753076247022
white_input,28,RH4,1.101019427554402,1.0186499574095695
white_input,28,RPFa1,1.2348251992789785,1.1592380352820837
white_input,28,RPFa2,1.2310416376795819,1.1688550593653824
white_input,28,RPFa3,1.1788216760132562,1.120496163684077
white_input,28,RPFa4,0.7555430477005005,0.723777227764292
white_input,28,RPFb1,1.002143883308934,0.9557486369730889
white_input,28,RPFb2,1.0016695190395508,0.9484659297821904
white_input,28,RPFb3,1.041939617474937,0.9918454778419994
white_input,28,RPFc1,0.9658217995264574,0.757774501453043
white_input,28,RPFc2,0.8524649506178396,0.7142657313894618
white_input,28,RPFc3,0.8082721310314471,0.6902575366863088
white_input,29,LAF1,1.5550855575817573,1.5083367799028944
white_input,29,LAF2,1.5654941402475349,1.518691971709529
white_input,29,LAF3,1.3208065295829001,1.2428841757102012
white_input,29,LAF4,0.7607936426186626,0.6927049718579525
white_input,29,RA2,1.4205470212356537,1.214568378134615
white_input,29,RA3,1.3243530712856926,1.1073553448547848
white_input,29,RAFa1,1.1338619691494782,1.038226203726654
white_input,29,RAFa2,0.9869379991327849,0.9141516809791445
white_input,29,RAFa3,0.9060178265266479,0.8442719277211572
white_input,29,RAFa4,0.8337463257704413,0.7460855771563462
white_input,29,RAFb1,1.150331525744363,1.055717187336613
white_input,29,RAFb2,0.92502586064091,0.8197683145805943
white_input,29,RAFb3,0.7900817776681762,0.6667662128881912
white_input,29,RAFb4,0.6911065772409106,0.5442653746677761
white_input,29,RAFc1,1.0642320494688633,0.9231878708763719
white_input,29,RAFc2,1.0815880329119758,0.9190977436601642
white_input,29,RAFc3,1.0324399930048573,0.8682807471447694
white_input,29,RAFc4,0.8606445526552485,0.721839173469369
white_input,29,RAFd1,1.0663820815709018,0.94358446566284
white_input,29,RAFd2,1.0393487981003664,0.7856175757930451
white_input,29,RAFd3,0.6665725962960677,0.4102194244651162
white_input,29,RAFd4,0.80105999507639,0.5612150924538203
white_input,29,RH1,1.477547621380797,1.3959890860544646
white_input,29,RH2,1.471760806755361,1.3832721552058391
white_input,29,RH3,0.6862752996346736,0.6227924514407192
white_input,29,RH4,0.7898925879354858,0.7238875669784817
white_input,29,RPFa1,1.1736344909008642,1.1077154914567282
white_input,29,RPFa2,1.1850034240959497,1.1295884151296258
white_input,29,RPFa3,1.1127117936218769,1.0619817428548965
white_input,29,RPFa4,0.7205765027025756,0.6895892467351398
white_input,29,RPFb1,1.0798580555208297,1.0303334259461965
white_input,29,RPFb2,1.0336132365740491,0.9798786186141739
white_input,29,RPFb3,0.9155436793770252,0.8702171293032146
white_input,29,RPFc1,0.9138696469823314,0.7219310418441348
white_input,29,RPFc2,0.7610439429064475,0.6363836266212018
white_input,29,RPFc3,0.8696640595384497,0.7387034985138298
white_input,30,LAF1,1.765916061556451,1.7227842285855528
white_input,30,LAF2,1.7852457379404767,1.7426146744925202
white_input,30,LAF3,1.1868760314594453,1.1081302289766968
white_input,30,LAF4,1.0563409421465915,0.9633203879910421
white_input,30,RA2,1.5595992109479497,1.3508060893749207
white_input,30,RA3,1.5411353595521213,1.3119874492662604
white_input,30,RAFa1,1.1755043892085497,1.0886953421562355
white_input,30,RAFa2,1.1686918439625582,1.0901455391185115
white_input,30,RAFa3,1.114854127371648,1.0343526198968709
white_input,30,RAFa4,1.056650042829816,0.9369504287521463
white_input,30,RAFb1,1.2343952740744464,1.1331425753174866
white_input,30,RAFb2,0.9236838903131386,0.8181570245309033
white_input,30,RAFb3,0.8424166477897678,0.7213614605654987
white_input,30,RAFb4,0.8296048317308765,0.6687196892716798
white_input,30,RAFc1,1.2065987825468534,1.0740705269751354
white_input,30,RAFc2,1.2484616080908124,1.0886610263166336
white_input,30,RAFc3,1.1673590097749569,0.9819369012594158
white_input,30,RAFc4,0.9568921839612091,0.7970938131406811
white_input,30,RAFd1,1.227824347426281,1.1068552798652973
white_input,30,RAFd2,1.180288747327742,0.9594710571138311
white_input,30,RAFd3,1.0693883262169677,0.8005904931879038
white_input,30,RAFd4,1.1063219005112241,0.8427443842162393
white_input,30,RH1,1.1824983660087809,1.11805127180757
white_input,30,RH2,1.2977225024086767,1.2127750260029821
white_input,30,RH3,1.0157506467776618,0.9237636191130979
white_input,30,RH4,1.199138707478083,1.112600024025388
white_input,30,RPFa1,1.2103393254980226,1.1368781148696026
white_input,30,RPFa2,1.152674979625936,1.0954271377802565
white_input,30,RPFa3,1.0909298655014334,1.0359728262315375
white_input,30,RPFa4,0.7441052784614827,0.7100347629525429
white_input,30,RPFb1,0.9461495564572032,0.8951379259661669
white_input,30,RPFb2,0.943744468723071,0.8865548512967862
white_input,30,RPFb3,1.0134820648600644,0.9565276804170448
white_input,30,RPFc1,1.0760227612990452,0.842849321179781
white_input,30,RPFc2,0.7855669383217782,0.6679345669541453
white_input,30,RPFc3,0.9003601378799595,0.7706985445398723
white_input,31,LAF1,1.4417079392820515,1.3933310432394415
white_input,31,LAF2,1.4584879082152138,1.411192743047907
white_input,31,LAF3,1.1533292504635932,1.0767044945066484
white_input,31,LAF4,0.8184195480264711,0.7357707188709314
white_input,31,RA2,1.537265976540184,1.3277258367066207
white_input,31,RA3,1.5260571730134447,1.2968490735600424
white_input,31,RAFa1,0.9766033163060179,0.8782430766185904
white_input,31,RAFa2,0.9850826585149628,0.8926710085201157
white_input,31,RAFa3,0.9128446197135668,0.8362596380865095
white_input,31,RAFa4,0.8375864228406074,0.7312573058985555
white_input,31,RAFb1,1.0273485623212222,0.9308502587569074
white_input,31,RAFb2,0.8791123568516823,0.7844819244631784
white_input,31,RAFb3,0.8587809515139665,0.7484983514053737
white_input,31,RAFb4,0.861289811782432,0.705813104286805
white_input,31,RAFc1,0.9252952758658778,0.7839452268735703
white_input,31,RAFc2,0.9225624278232732,0.759377259308211
white_input,31,RAFc3,0.8785939453150069,0.7106906788174326
white_input,31,RAFc4,0.81168253067604,0.6691698974573029
white_input,31,RAFd1,1.0091196481622964,0.8634805703725185
white_input,31,RAFd2,0.953690031629982,0.6789344097939553
white_input,31,RAFd3,0.906290387170136,0.6649688058761072
white_input,31,RAFd4,0.9983100367674733,0.7602456080473073
white_input,31,RH1,1.0343343508101148,0.9743633911155004
white_input,31,RH2,1.195985814702356,1.1295205686394723
white_input,31,RH3,0.7310220835454776,0.6407584334112189
white_input,31,RH4,0.8784972513598507,0.7916513538720734
white_input,31,RPFa1,1.1697538671115673,1.0968122769632047
white_input,31,RPFa2,1.15631535557947,1.1001917156446577
white_input,31,RPFa3,1.0993738288615833,1.0440235644239662
white_input,31,RPFa4,0.7218068056226528,0.6846514256778407
white_input,31,RPFb1,0.9699859951542579,0.9257350503624429
white_input,31,RPFb2,0.9479962370946485,0.8967358278291484
white_input,31,RPFb3,0.9531697638620201,0.8996006846962096
white_input,31,RPFc1,0.8143904675331186,0.614191608313953
white_input,31,RPFc2,0.8268448901303573,0.6837690148885974
white_input,31,RPFc3,1.0855342481009413,0.9493327574560483
