node,role,standardized_amplitude,series,density
RPFa3,selected SOZ,-1.7277853642874588,Observed ictal,8.7552284098607e-06
RPFa3,selected SOZ,-1.7165772966871096,Observed ictal,1.1612424740756753e-05
RPFa3,selected SOZ,-1.7053692290867606,Observed ictal,1.5334258063614327e-05
RPFa3,selected SOZ,-1.6941611614864114,Observed ictal,2.0160098066410488e-05
RPFa3,selected SOZ,-1.6829530938860622,Observed ictal,2.63887100633077e-05
RPFa3,selected SOZ,-1.671745026285713,Observed ictal,3.439101516252001e-05
RPFa3,selected SOZ,-1.660536958685364,Observed ictal,4.4625062237831304e-05
RPFa3,selected SOZ,-1.6493288910850148,Observed ictal,5.765346236168649e-05
RPFa3,selected SOZ,-1.6381208234846656,Observed ictal,7.41635320960999e-05
RPFa3,selected SOZ,-1.6269127558843166,Observed ictal,9.499037777524751e-05
RPFa3,selected SOZ,-1.6157046882839674,Observed ictal,0.00012114312642028104
RPFa3,selected SOZ,-1.6044966206836182,Observed ictal,0.0001538344679045329
RPFa3,selected SOZ,-1.5932885530832692,Observed ictal,0.00019451361516604538
RPFa3,selected SOZ,-1.58208048548292,Observed ictal,0.00024490271252403497
RPFa3,selected SOZ,-1.5708724178825708,Observed ictal,0.00030703662467224823
RPFa3,selected SOZ,-1.5596643502822216,Observed ictal,0.0003833059193364515
RPFa3,selected SOZ,-1.5484562826818726,Observed ictal,0.00047650271419092066
RPFa3,selected SOZ,-1.5372482150815234,Observed ictal,0.0005898688935821879
RPFa3,selected SOZ,-1.5260401474811742,Observed ictal,0.0007271460141236101
RPFa3,selected SOZ,-1.5148320798808252,Observed ictal,0.0008926260127838591
RPFa3,selected SOZ,-1.503624012280476,Observed ictal,0.0010912016106258084
RPFa3,selected SOZ,-1.4924159446801268,Observed ictal,0.0013284150753860085
RPFa3,selected SOZ,-1.4812078770797776,Observed ictal,0.0016105037738360175
RPFa3,selected SOZ,-1.4699998094794289,Observed ictal,0.0019444407192723825
RPFa3,selected SOZ,-1.4587917418790797,Observed ictal,0.002337968111134582
RPFa3,selected SOZ,-1.4475836742787302,Observed ictal,0.0027996216847357524
RPFa3,selected SOZ,-1.4363756066783813,Observed ictal,0.003338743552705402
RPFa3,selected SOZ,-1.425167539078032,Observed ictal,0.003965481140080701
RPFa3,selected SOZ,-1.4139594714776829,Observed ictal,0.004690769806399195
RPFa3,selected SOZ,-1.4027514038773337,Observed ictal,0.005526296824592798
RPFa3,selected SOZ,-1.391543336276985,Observed ictal,0.006484444560726119
RPFa3,selected SOZ,-1.3803352686766357,Observed ictal,0.007578210981382435
RPFa3,selected SOZ,-1.3691272010762865,Observed ictal,0.008821106014523319
RPFa3,selected SOZ,-1.3579191334759373,Observed ictal,0.010227022808781358
RPFa3,selected SOZ,-1.346711065875588,Observed ictal,0.011810083574436565
RPFa3,selected SOZ,-1.3355029982752389,Observed ictal,0.013584460440253751
RPFa3,selected SOZ,-1.3242949306748897,Observed ictal,0.015564172611197337
RPFa3,selected SOZ,-1.3130868630745407,Observed ictal,0.017762862043490382
RPFa3,selected SOZ,-1.3018787954741915,Observed ictal,0.02019355083959633
RPFa3,selected SOZ,-1.2906707278738423,Observed ictal,0.022868384574116184
RPFa3,selected SOZ,-1.279462660273493,Observed ictal,0.025798366754250818
RPFa3,selected SOZ,-1.268254592673144,Observed ictal,0.02899309055263574
RPFa3,selected SOZ,-1.257046525072795,Observed ictal,0.032460474780137465
RPFa3,selected SOZ,-1.2458384574724457,Observed ictal,0.036206511744406235
RPFa3,selected SOZ,-1.2346303898720967,Observed ictal,0.040235035120329256
RPFa3,selected SOZ,-1.2234223222717475,Observed ictal,0.04454751619803855
RPFa3,selected SOZ,-1.2122142546713983,Observed ictal,0.049142896835701944
RPFa3,selected SOZ,-1.2010061870710491,Observed ictal,0.05401746709926041
RPFa3,selected SOZ,-1.1897981194707,Observed ictal,0.059164794901604915
RPFa3,selected SOZ,-1.178590051870351,Observed ictal,0.0645757139542635
RPFa3,selected SOZ,-1.1673819842700015,Observed ictal,0.07023837502463562
RPFa3,selected SOZ,-1.1561739166696523,Observed ictal,0.07613836387556958
RPFa3,selected SOZ,-1.1449658490693035,Observed ictal,0.08225888739144166
RPFa3,selected SOZ,-1.1337577814689546,Observed ictal,0.08858102732040592
RPFa3,selected SOZ,-1.1225497138686054,Observed ictal,0.09508405885397488
RPFa3,selected SOZ,-1.1113416462682562,Observed ictal,0.10174582900128591
RPFa3,selected SOZ,-1.100133578667907,Observed ictal,0.10854318748287144
RPFa3,selected SOZ,-1.0889255110675575,Observed ictal,0.11545246075813255
RPFa3,selected SOZ,-1.0777174434672088,Observed ictal,0.12244995790267571
RPFa3,selected SOZ,-1.0665093758668596,Observed ictal,0.12951249545234375
RPFa3,selected SOZ,-1.0553013082665106,Observed ictal,0.13661792710756532
RPFa3,selected SOZ,-1.0440932406661614,Observed ictal,0.14374566340903472
RPFa3,selected SOZ,-1.0328851730658122,Observed ictal,0.15087716620170197
RPFa3,selected SOZ,-1.021677105465463,Observed ictal,0.1579964029273549
RPFa3,selected SOZ,-1.0104690378651138,Observed ictal,0.1650902465342459
RPFa3,selected SOZ,-0.9992609702647648,Observed ictal,0.17214880805082353
RPFa3,selected SOZ,-0.9880529026644156,Observed ictal,0.17916569060355833
RPFa3,selected SOZ,-0.9768448350640664,Observed ictal,0.18613815580972443
RPFa3,selected SOZ,-0.9656367674637172,Observed ictal,0.19306719597066466
RPFa3,selected SOZ,-0.9544286998633682,Observed ictal,0.19995750824095754
RPFa3,selected SOZ,-0.943220632263019,Observed ictal,0.2068173698551108
RPFa3,selected SOZ,-0.93201256466267,Observed ictal,0.21365841645122505
RPFa3,selected SOZ,-0.9208044970623208,Observed ictal,0.22049532843471037
RPFa3,selected SOZ,-0.9095964294619716,Observed ictal,0.22734543307236074
RPFa3,selected SOZ,-0.8983883618616225,Observed ictal,0.234228232503614
RPFa3,selected SOZ,-0.8871802942612733,Observed ictal,0.2411648700189537
RPFa3,selected SOZ,-0.8759722266609242,Observed ictal,0.24817754871724748
RPFa3,selected SOZ,-0.8647641590605751,Observed ictal,0.25528891796327935
RPFa3,selected SOZ,-0.8535560914602259,Observed ictal,0.2625214438909874
RPFa3,selected SOZ,-0.8423480238598768,Observed ictal,0.26989678052258365
RPFa3,selected SOZ,-0.8311399562595276,Observed ictal,0.2774351579025162
RPFa3,selected SOZ,-0.8199318886591785,Observed ictal,0.2851548029985751
RPFa3,selected SOZ,-0.8087238210588293,Observed ictal,0.29307140803570647
RPFa3,selected SOZ,-0.7975157534584802,Observed ictal,0.3011976594492579
RPFa3,selected SOZ,-0.7863076858581312,Observed ictal,0.30954283883132117
RPFa3,selected SOZ,-0.775099618257782,Observed ictal,0.3181125051618214
RPFa3,selected SOZ,-0.7638915506574329,Observed ictal,0.3269082653347865
RPFa3,selected SOZ,-0.7526834830570837,Observed ictal,0.3359276375815851
RPFa3,selected SOZ,-0.7414754154567346,Observed ictal,0.3451640099284239
RPFa3,selected SOZ,-0.7302673478563854,Observed ictal,0.3546066933741643
RPFa3,selected SOZ,-0.7190592802560363,Observed ictal,0.36424106710177556
RPFa3,selected SOZ,-0.7078512126556871,Observed ictal,0.37404881080213176
RPFa3,selected SOZ,-0.6966431450553381,Observed ictal,0.38400821714560046
RPFa3,selected SOZ,-0.6854350774549889,Observed ictal,0.39409457563062333
RPFa3,selected SOZ,-0.6742270098546397,Observed ictal,0.4042806175069485
RPFa3,selected SOZ,-0.6630189422542905,Observed ictal,0.41453701024340095
RPFa3,selected SOZ,-0.6518108746539415,Observed ictal,0.42483288910641165
RPFa3,selected SOZ,-0.6406028070535923,Observed ictal,0.4351364128471488
RPFa3,selected SOZ,-0.6293947394532431,Observed ictal,0.44541533026440805
RPFa3,selected SOZ,-0.6181866718528941,Observed ictal,0.45563754451073796
RPFa3,selected SOZ,-0.6069786042525449,Observed ictal,0.4657716624256856
RPFa3,selected SOZ,-0.5957705366521957,Observed ictal,0.47578751688943227
RPFa3,selected SOZ,-0.5845624690518465,Observed ictal,0.4856566511624146
RPFa3,selected SOZ,-0.5733544014514975,Observed ictal,0.495352755375429
RPFa3,selected SOZ,-0.5621463338511483,Observed ictal,0.5048520467190788
RPFa3,selected SOZ,-0.5509382662507991,Observed ictal,0.5141335864067113
RPFa3,selected SOZ,-0.5397301986504501,Observed ictal,0.5231795281049259
RPFa3,selected SOZ,-0.5285221310501009,Observed ictal,0.531975294194074
RPFa3,selected SOZ,-0.5173140634497517,Observed ictal,0.5405096778935756
RPFa3,selected SOZ,-0.5061059958494027,Observed ictal,0.5487748709224581
RPFa3,selected SOZ,-0.4948979282490535,Observed ictal,0.5567664179286304
RPFa3,selected SOZ,-0.4836898606487043,Observed ictal,0.5644831003815642
RPFa3,selected SOZ,-0.4724817930483551,Observed ictal,0.5719267539601801
RPFa3,selected SOZ,-0.4612737254480061,Observed ictal,0.579102024666126
RPFa3,selected SOZ,-0.4500656578476569,Observed ictal,0.5860160699450871
RPFa3,selected SOZ,-0.4388575902473077,Observed ictal,0.5926782120047173
RPFa3,selected SOZ,-0.4276495226469587,Observed ictal,0.5990995512820321
RPFa3,selected SOZ,-0.4164414550466095,Observed ictal,0.6052925486442046
RPFa3,selected SOZ,-0.4052333874462603,Observed ictal,0.611270585414727
RPFa3,selected SOZ,-0.3940253198459111,Observed ictal,0.617047510711315
RPFa3,selected SOZ,-0.3828172522455622,Observed ictal,0.6226371858691938
RPFa3,selected SOZ,-0.371609184645213,Observed ictal,0.6280530359051234
RPFa3,selected SOZ,-0.3604011170448638,Observed ictal,0.6333076180485531
RPFa3,selected SOZ,-0.3491930494445148,Observed ictal,0.6384122173141628
RPFa3,selected SOZ,-0.3379849818441656,Observed ictal,0.6433764788944979
RPFa3,selected SOZ,-0.3267769142438164,Observed ictal,0.6482080867855657
RPFa3,selected SOZ,-0.3155688466434672,Observed ictal,0.6529124974902295
RPFa3,selected SOZ,-0.3043607790431182,Observed ictal,0.6574927368402942
RPFa3,selected SOZ,-0.293152711442769,Observed ictal,0.6619492669061944
RPFa3,selected SOZ,-0.2819446438424198,Observed ictal,0.6662799285972278
RPFa3,selected SOZ,-0.2707365762420708,Observed ictal,0.6704799638802317
RPFa3,selected SOZ,-0.2595285086417216,Observed ictal,0.6745421195607599
RPFa3,selected SOZ,-0.2483204410413724,Observed ictal,0.6784568322981624
RPFa3,selected SOZ,-0.2371123734410232,Observed ictal,0.682212492007089
RPFa3,selected SOZ,-0.2259043058406742,Observed ictal,0.6857957781001529
RPFa3,selected SOZ,-0.214696238240325,Observed ictal,0.6891920602413791
RPFa3,selected SOZ,-0.2034881706399758,Observed ictal,0.6923858525220272
RPFa3,selected SOZ,-0.1922801030396268,Observed ictal,0.695361307371915
RPFa3,selected SOZ,-0.1810720354392776,Observed ictal,0.6981027332252208
RPFa3,selected SOZ,-0.1698639678389284,Observed ictal,0.7005951181185139
RPFa3,selected SOZ,-0.1586559002385792,Observed ictal,0.7028246401536611
RPFa3,selected SOZ,-0.1474478326382302,Observed ictal,0.7047791452361268
RPFa3,selected SOZ,-0.136239765037881,Observed ictal,0.7064485728007566
RPFa3,selected SOZ,-0.1250316974375318,Observed ictal,0.7078253114262878
RPFa3,selected SOZ,-0.1138236298371828,Observed ictal,0.7089044683360158
RPFa3,selected SOZ,-0.1026155622368336,Observed ictal,0.7096840397536209
RPFa3,selected SOZ,-0.0914074946364844,Observed ictal,0.7101649728448346
RPFa3,selected SOZ,-0.0801994270361352,Observed ictal,0.7103511143885682
RPFa3,selected SOZ,-0.0689913594357862,Observed ictal,0.7102490461973932
RPFa3,selected SOZ,-0.057783291835437,Observed ictal,0.7098678124176916
RPFa3,selected SOZ,-0.0465752242350878,Observed ictal,0.7092185489254843
RPFa3,selected SOZ,-0.0353671566347388,Observed ictal,0.7083140298206887
RPFa3,selected SOZ,-0.0241590890343896,Observed ictal,0.7071681502369016
RPFa3,selected SOZ,-0.0129510214340404,Observed ictal,0.7057953680709858
RPFa3,selected SOZ,-0.0017429538336914,Observed ictal,0.7042101295770831
RPFa3,selected SOZ,0.0094651137666577,Observed ictal,0.7024263048950867
RPFa3,selected SOZ,0.0206731813670069,Observed ictal,0.7004566593899239
RPFa3,selected SOZ,0.0318812489673561,Observed ictal,0.6983123851350149
RPFa3,selected SOZ,0.043089316567705,Observed ictal,0.6960027140291127
RPFa3,selected SOZ,0.0542973841680543,Observed ictal,0.6935346300170608
RPFa3,selected SOZ,0.0655054517684035,Observed ictal,0.6909126928915703
RPFa3,selected SOZ,0.0767135193687524,Observed ictal,0.6881389804473131
RPFa3,selected SOZ,0.0879215869691016,Observed ictal,0.6852131496510979
RPFa3,selected SOZ,0.0991296545694508,Observed ictal,0.6821326113226566
RPFa3,selected SOZ,0.1103377221698,Observed ictal,0.6788928069391792
RPFa3,selected SOZ,0.121545789770149,Observed ictal,0.6754875709199327
RPFa3,selected SOZ,0.1327538573704982,Observed ictal,0.6719095574183886
RPFa3,selected SOZ,0.1439619249708474,Observed ictal,0.6681507074987753
RPFa3,selected SOZ,0.1551699925711964,Observed ictal,0.6642027307834583
RPFa3,selected SOZ,0.1663780601715456,Observed ictal,0.6600575753284215
RPFa3,selected SOZ,0.1775861277718948,Observed ictal,0.6557078606305343
RPFa3,selected SOZ,0.188794195372244,Observed ictal,0.6511472512189175
RPFa3,selected SOZ,0.200002262972593,Observed ictal,0.6463707520767139
RPFa3,selected SOZ,0.2112103305729422,Observed ictal,0.6413749119492876
RPFa3,selected SOZ,0.2224183981732914,Observed ictal,0.6361579261318621
RPFa3,selected SOZ,0.2336264657736404,Observed ictal,0.6307196362653672
RPFa3,selected SOZ,0.2448345333739896,Observed ictal,0.6250614306553859
RPFa3,selected SOZ,0.2560426009743388,Observed ictal,0.6191860543190977
RPFa3,selected SOZ,0.267250668574688,Observed ictal,0.6130973430354629
RPFa3,selected SOZ,0.278458736175037,Observed ictal,0.6067998998431796
RPFa3,selected SOZ,0.2896668037753862,Observed ictal,0.6002987354763768
RPFa3,selected SOZ,0.3008748713757354,Observed ictal,0.5935988959973547
RPFa3,selected SOZ,0.3120829389760846,Observed ictal,0.5867051013050147
RPFa3,selected SOZ,0.3232910065764338,Observed ictal,0.5796214172736545
RPFa3,selected SOZ,0.3344990741767826,Observed ictal,0.5723509820942333
RPFa3,selected SOZ,0.3457071417771318,Observed ictal,0.5648958041044505
RPFa3,selected SOZ,0.356915209377481,Observed ictal,0.5572566442195036
RPFa3,selected SOZ,0.3681232769778302,Observed ictal,0.5494329912710256
RPFa3,selected SOZ,0.3793313445781794,Observed ictal,0.5414231334137503
RPFa3,selected SOZ,0.3905394121785286,Observed ictal,0.5332243235636324
RPFa3,selected SOZ,0.4017474797788778,Observed ictal,0.5248330318747039
RPFa3,selected SOZ,0.4129555473792266,Observed ictal,0.5162452738072802
RPFa3,selected SOZ,0.4241636149795758,Observed ictal,0.5074569986102886
RPFa3,selected SOZ,0.435371682579925,Observed ictal,0.49846452020797427
RPFa3,selected SOZ,0.4465797501802742,Observed ictal,0.4892649706603661
RPFa3,selected SOZ,0.4577878177806234,Observed ictal,0.47985675560991264
RPFa3,selected SOZ,0.4689958853809726,Observed ictal,0.4702399914241547
RPFa3,selected SOZ,0.4802039529813218,Observed ictal,0.4604169050286925
RPFa3,selected SOZ,0.4914120205816705,Observed ictal,0.45039217957773486
RPFa3,selected SOZ,0.5026200881820198,Observed ictal,0.4401732319720004
RPFa3,selected SOZ,0.513828155782369,Observed ictal,0.42977041161701995
RPFa3,selected SOZ,0.5250362233827182,Observed ictal,0.41919711351370714
RPFa3,selected SOZ,0.5362442909830674,Observed ictal,0.40846980257858784
RPFa3,selected SOZ,0.5474523585834166,Observed ictal,0.39760794980278624
RPFa3,selected SOZ,0.5586604261837658,Observed ictal,0.38663388429590956
RPFa3,selected SOZ,0.5698684937841145,Observed ictal,0.3755725682710039
RPFa3,selected SOZ,0.5810765613844637,Observed ictal,0.3644513044924527
RPFa3,selected SOZ,0.5922846289848129,Observed ictal,0.35329938755213924
RPFa3,selected SOZ,0.6034926965851621,Observed ictal,0.3421477115229735
RPFa3,selected SOZ,0.6147007641855113,Observed ictal,0.3310283470650678
RPFa3,selected SOZ,0.6259088317858605,Observed ictal,0.3199741009666032
RPFa3,selected SOZ,0.6371168993862097,Observed ictal,0.30901807045744967
RPFa3,selected SOZ,0.6483249669865585,Observed ictal,0.29819320353175915
RPFa3,selected SOZ,0.6595330345869077,Observed ictal,0.28753187506499334
RPFa3,selected SOZ,0.6707411021872569,Observed ictal,0.27706548682875753
RPFa3,selected SOZ,0.6819491697876061,Observed ictal,0.26682409771137305
RPFa3,selected SOZ,0.6931572373879553,Observed ictal,0.25683608865518237
RPFa3,selected SOZ,0.7043653049883045,Observed ictal,0.2471278651222005
RPFa3,selected SOZ,0.7155733725886533,Observed ictal,0.23772359838010915
RPFa3,selected SOZ,0.7267814401890025,Observed ictal,0.22864500562231488
RPFa3,selected SOZ,0.7379895077893517,Observed ictal,0.21991116793853238
RPFa3,selected SOZ,0.7491975753897009,Observed ictal,0.21153838445345197
RPFa3,selected SOZ,0.7604056429900501,Observed ictal,0.20354006054688703
RPFa3,selected SOZ,0.7716137105903993,Observed ictal,0.19592662793692975
RPFa3,selected SOZ,0.7828217781907485,Observed ictal,0.18870549451021654
RPFa3,selected SOZ,0.7940298457910973,Observed ictal,0.18188102207080659
RPFa3,selected SOZ,0.8052379133914465,Observed ictal,0.1754545305942509
RPFa3,selected SOZ,0.8164459809917957,Observed ictal,0.16942432805567534
RPFa3,selected SOZ,0.8276540485921449,Observed ictal,0.1637857653900985
RPFa3,selected SOZ,0.8388621161924941,Observed ictal,0.15853131658405703
RPFa3,selected SOZ,0.8500701837928433,Observed ictal,0.15365068424127348
RPFa3,selected SOZ,0.8612782513931925,Observed ictal,0.14913093117262496
RPFa3,selected SOZ,0.8724863189935412,Observed ictal,0.14495663860436303
RPFa3,selected SOZ,0.8836943865938904,Observed ictal,0.14111009146298173
RPFa3,selected SOZ,0.8949024541942396,Observed ictal,0.1375714908774989
RPFa3,selected SOZ,0.9061105217945888,Observed ictal,0.13431919354962588
RPFa3,selected SOZ,0.917318589394938,Observed ictal,0.1313299770000728
RPFa3,selected SOZ,0.9285266569952872,Observed ictal,0.12857932893575108
RPFa3,selected SOZ,0.9397347245956365,Observed ictal,0.12604175813662072
RPFa3,selected SOZ,0.9509427921959852,Observed ictal,0.12369112337713357
RPFa3,selected SOZ,0.9621508597963344,Observed ictal,0.12150097602390221
RPFa3,selected SOZ,0.9733589273966836,Observed ictal,0.11944491113777284
RPFa3,selected SOZ,0.9845669949970328,Observed ictal,0.11749692120273984
RPFa3,selected SOZ,0.995775062597382,Observed ictal,0.11563174605005043
RPFa3,selected SOZ,1.0069831301977312,Observed ictal,0.11382521218100174
RPFa3,selected SOZ,1.0181911977980804,Observed ictal,0.11205455454563168
RPFa3,selected SOZ,1.0293992653984292,Observed ictal,0.11029871392603038
RPFa3,selected SOZ,1.0406073329987784,Observed ictal,0.1085386034104628
RPFa3,selected SOZ,1.0518154005991276,Observed ictal,0.1067573380241338
RPFa3,selected SOZ,1.0630234681994768,Observed ictal,0.10494042238864476
RPFa3,selected SOZ,1.074231535799826,Observed ictal,0.10307589228805465
RPFa3,selected SOZ,1.0854396034001752,Observed ictal,0.10115440718797776
RPFa3,selected SOZ,1.0966476710005244,Observed ictal,0.09916929204002867
RPFa3,selected SOZ,1.1078557386008732,Observed ictal,0.09711652805583187
RPFa3,selected SOZ,1.1190638062012224,Observed ictal,0.09499469349806837
RPFa3,selected SOZ,1.1302718738015716,Observed ictal,0.09280485685540128
RPFa3,selected SOZ,1.1414799414019208,Observed ictal,0.0905504259908049
RPFa3,selected SOZ,1.15268800900227,Observed ictal,0.08823695793117596
RPFa3,selected SOZ,1.1638960766026192,Observed ictal,0.0858719348601612
RPFa3,selected SOZ,1.1751041442029684,Observed ictal,0.08346451255557742
RPFa3,selected SOZ,1.1863122118033171,Observed ictal,0.08102524795843849
RPFa3,selected SOZ,1.1975202794036663,Observed ictal,0.0785658127650708
RPFa3,selected SOZ,1.2087283470040155,Observed ictal,0.07609869990161268
RPFa3,selected SOZ,1.2199364146043647,Observed ictal,0.07363692948706643
RPFa3,selected SOZ,1.231144482204714,Observed ictal,0.07119376044258387
RPFa3,selected SOZ,1.2423525498050632,Observed ictal,0.06878241329436786
RPFa3,selected SOZ,1.2535606174054124,Observed ictal,0.06641580898472574
RPFa3,selected SOZ,1.2647686850057611,Observed ictal,0.0641063276928122
RPFa3,selected SOZ,1.2759767526061103,Observed ictal,0.06186559081641656
RPFa3,selected SOZ,1.2871848202064595,Observed ictal,0.05970426841975653
RPFa3,selected SOZ,1.2983928878068087,Observed ictal,0.057631913646422187
RPFa3,selected SOZ,1.309600955407158,Observed ictal,0.05565682486206903
RPFa3,selected SOZ,1.3208090230075071,Observed ictal,0.05378593565146316
RPFa3,selected SOZ,1.3320170906078563,Observed ictal,0.05202473226406679
RPFa3,selected SOZ,1.343225158208205,Observed ictal,0.050377197688084976
RPFa3,selected SOZ,1.3544332258085543,Observed ictal,0.04884578123320024
RPFa3,selected SOZ,1.3656412934089035,Observed ictal,0.04743139230820817
RPFa3,selected SOZ,1.3768493610092527,Observed ictal,0.04613341697646627
RPFa3,selected SOZ,1.388057428609602,Observed ictal,0.0449497558400022
RPFa3,selected SOZ,1.399265496209951,Observed ictal,0.04387688182002496
RPFa3,selected SOZ,1.4104735638103003,Observed ictal,0.04290991644421557
RPFa3,selected SOZ,1.421681631410649,Observed ictal,0.04204272329709665
RPFa3,selected SOZ,1.4328896990109985,Observed ictal,0.041268017318939844
RPFa3,selected SOZ,1.4440977666113477,Observed ictal,0.04057748863474684
RPFa3,selected SOZ,1.455305834211697,Observed ictal,0.039961939546291146
RPFa3,selected SOZ,1.466513901812046,Observed ictal,0.03941143322092341
RPFa3,selected SOZ,1.477721969412395,Observed ictal,0.03891545246044262
RPFa3,selected SOZ,1.4889300370127443,Observed ictal,0.03846306673704455
RPFa3,selected SOZ,1.500138104613093,Observed ictal,0.03804310545157932
RPFa3,selected SOZ,1.5113461722134425,Observed ictal,0.037644335116835355
RPFa3,selected SOZ,1.5225542398137917,Observed ictal,0.03725563791341872
RPFa3,selected SOZ,1.5337623074141409,Observed ictal,0.03686618882819617
RPFa3,selected SOZ,1.54497037501449,Observed ictal,0.0364656283861323
RPFa3,selected SOZ,1.556178442614839,Observed ictal,0.03604422784594094
RPFa3,selected SOZ,1.5673865102151885,Observed ictal,0.03559304366653231
RPFa3,selected SOZ,1.578594577815537,Observed ictal,0.03510405807979001
RPFa3,selected SOZ,1.5898026454158862,Observed ictal,0.034570302736479
RPFa3,selected SOZ,1.6010107130162354,Observed ictal,0.03398596263172635
RPFa3,selected SOZ,1.6122187806165846,Observed ictal,0.03334645786458561
RPFa3,selected SOZ,1.6234268482169338,Observed ictal,0.032648501236986587
RPFa3,selected SOZ,-1.7277853642874588,Free Graph–RC,0.014837390872241153
RPFa3,selected SOZ,-1.7165772966871096,Free Graph–RC,0.01583565524893107
RPFa3,selected SOZ,-1.7053692290867606,Free Graph–RC,0.016877786573659948
RPFa3,selected SOZ,-1.6941611614864114,Free Graph–RC,0.017962701769614977
RPFa3,selected SOZ,-1.6829530938860622,Free Graph–RC,0.019089073938828638
RPFa3,selected SOZ,-1.671745026285713,Free Graph–RC,0.020255350924875914
RPFa3,selected SOZ,-1.660536958685364,Free Graph–RC,0.021459778217228845
RPFa3,selected SOZ,-1.6493288910850148,Free Graph–RC,0.022700425875539006
RPFa3,selected SOZ,-1.6381208234846656,Free Graph–RC,0.023975219079222333
RPFa3,selected SOZ,-1.6269127558843166,Free Graph–RC,0.025281971844436986
RPFa3,selected SOZ,-1.6157046882839674,Free Graph–RC,0.026618423397126514
RPFa3,selected SOZ,-1.6044966206836182,Free Graph–RC,0.027982276647101966
RPFa3,selected SOZ,-1.5932885530832692,Free Graph–RC,0.029371238173728036
RPFa3,selected SOZ,-1.58208048548292,Free Graph–RC,0.030783059108077743
RPFa3,selected SOZ,-1.5708724178825708,Free Graph–RC,0.03221557627889636
RPFa3,selected SOZ,-1.5596643502822216,Free Graph–RC,0.033666752979980424
RPFa3,selected SOZ,-1.5484562826818726,Free Graph–RC,0.035134718714546744
RPFa3,selected SOZ,-1.5372482150815234,Free Graph–RC,0.0366178072780967
RPFa3,selected SOZ,-1.5260401474811742,Free Graph–RC,0.0381145925558344
RPFa3,selected SOZ,-1.5148320798808252,Free Graph–RC,0.03962392143481106
RPFa3,selected SOZ,-1.503624012280476,Free Graph–RC,0.04114494326585757
RPFa3,selected SOZ,-1.4924159446801268,Free Graph–RC,0.04267713535723771
RPFa3,selected SOZ,-1.4812078770797776,Free Graph–RC,0.04422032404190167
RPFa3,selected SOZ,-1.4699998094794289,Free Graph–RC,0.045774700933903865
RPFa3,selected SOZ,-1.4587917418790797,Free Graph–RC,0.04734083407706039
RPFa3,selected SOZ,-1.4475836742787302,Free Graph–RC,0.04891967378947495
RPFa3,selected SOZ,-1.4363756066783813,Free Graph–RC,0.05051255311945295
RPFa3,selected SOZ,-1.425167539078032,Free Graph–RC,0.05212118294876456
RPFa3,selected SOZ,-1.4139594714776829,Free Graph–RC,0.05374764190441355
RPFa3,selected SOZ,-1.4027514038773337,Free Graph–RC,0.05539436136530599
RPFa3,selected SOZ,-1.391543336276985,Free Graph–RC,0.057064105970083
RPFa3,selected SOZ,-1.3803352686766357,Free Graph–RC,0.05875995014110293
RPFa3,selected SOZ,-1.3691272010762865,Free Graph–RC,0.06048525123130697
RPFa3,selected SOZ,-1.3579191334759373,Free Graph–RC,0.06224361997014231
RPFa3,selected SOZ,-1.346711065875588,Free Graph–RC,0.06403888892728098
RPFa3,selected SOZ,-1.3355029982752389,Free Graph–RC,0.06587507972532945
RPFa3,selected SOZ,-1.3242949306748897,Free Graph–RC,0.06775636971345057
RPFa3,selected SOZ,-1.3130868630745407,Free Graph–RC,0.06968705876301572
RPFa3,selected SOZ,-1.3018787954741915,Free Graph–RC,0.07167153676635374
RPFa3,selected SOZ,-1.2906707278738423,Free Graph–RC,0.07371425231456537
RPFa3,selected SOZ,-1.279462660273493,Free Graph–RC,0.07581968290631377
RPFa3,selected SOZ,-1.268254592673144,Free Graph–RC,0.07799230690403096
RPFa3,selected SOZ,-1.257046525072795,Free Graph–RC,0.08023657731577084
RPFa3,selected SOZ,-1.2458384574724457,Free Graph–RC,0.08255689734910193
RPFa3,selected SOZ,-1.2346303898720967,Free Graph–RC,0.08495759756706524
RPFa3,selected SOZ,-1.2234223222717475,Free Graph–RC,0.0874429143835678
RPFa3,selected SOZ,-1.2122142546713983,Free Graph–RC,0.09001696957354746
RPFa3,selected SOZ,-1.2010061870710491,Free Graph–RC,0.09268375044682063
RPFa3,selected SOZ,-1.1897981194707,Free Graph–RC,0.09544709034623423
RPFa3,selected SOZ,-1.178590051870351,Free Graph–RC,0.09831064918048267
RPFa3,selected SOZ,-1.1673819842700015,Free Graph–RC,0.1012778937868606
RPFa3,selected SOZ,-1.1561739166696523,Free Graph–RC,0.10435207803363974
RPFa3,selected SOZ,-1.1449658490693035,Free Graph–RC,0.10753622270772042
RPFa3,selected SOZ,-1.1337577814689546,Free Graph–RC,0.11083309538069001
RPFa3,selected SOZ,-1.1225497138686054,Free Graph–RC,0.11424519059422884
RPFa3,selected SOZ,-1.1113416462682562,Free Graph–RC,0.11777471084197987
RPFa3,selected SOZ,-1.100133578667907,Free Graph–RC,0.12142354893809353
RPFa3,selected SOZ,-1.0889255110675575,Free Graph–RC,0.12519327244207104
RPFa3,selected SOZ,-1.0777174434672088,Free Graph–RC,0.12908511084676438
RPFa3,selected SOZ,-1.0665093758668596,Free Graph–RC,0.13309994622539043
RPFa3,selected SOZ,-1.0553013082665106,Free Graph–RC,0.1372383079713142
RPFa3,selected SOZ,-1.0440932406661614,Free Graph–RC,0.1415003721517993
RPFa3,selected SOZ,-1.0328851730658122,Free Graph–RC,0.14588596583789482
RPFa3,selected SOZ,-1.021677105465463,Free Graph–RC,0.15039457657491906
RPFa3,selected SOZ,-1.0104690378651138,Free Graph–RC,0.15502536693200283
RPFa3,selected SOZ,-0.9992609702647648,Free Graph–RC,0.1597771938279877
RPFa3,selected SOZ,-0.9880529026644156,Free Graph–RC,0.1646486320892673
RPFa3,selected SOZ,-0.9768448350640664,Free Graph–RC,0.16963800146807131
RPFa3,selected SOZ,-0.9656367674637172,Free Graph–RC,0.1747433961522507
RPFa3,selected SOZ,-0.9544286998633682,Free Graph–RC,0.17996271564322522
RPFa3,selected SOZ,-0.943220632263019,Free Graph–RC,0.18529369577854446
RPFa3,selected SOZ,-0.93201256466267,Free Graph–RC,0.1907339386374907
RPFa3,selected SOZ,-0.9208044970623208,Free Graph–RC,0.19628094009630168
RPFa3,selected SOZ,-0.9095964294619716,Free Graph–RC,0.20193211389414648
RPFa3,selected SOZ,-0.8983883618616225,Free Graph–RC,0.20768481122737545
RPFa3,selected SOZ,-0.8871802942612733,Free Graph–RC,0.21353633509989148
RPFa3,selected SOZ,-0.8759722266609242,Free Graph–RC,0.21948394890985165
RPFa3,selected SOZ,-0.8647641590605751,Free Graph–RC,0.22552487903299678
RPFa3,selected SOZ,-0.8535560914602259,Free Graph–RC,0.23165631145473778
RPFa3,selected SOZ,-0.8423480238598768,Free Graph–RC,0.23787538278998918
RPFa3,selected SOZ,-0.8311399562595276,Free Graph–RC,0.24417916629564448
RPFa3,selected SOZ,-0.8199318886591785,Free Graph–RC,0.25056465371116116
RPFa3,selected SOZ,-0.8087238210588293,Free Graph–RC,0.2570287339462757
RPFa3,selected SOZ,-0.7975157534584802,Free Graph–RC,0.26356816976320535
RPFa3,selected SOZ,-0.7863076858581312,Free Graph–RC,0.270179573669373
RPFa3,selected SOZ,-0.775099618257782,Free Graph–RC,0.276859384245575
RPFa3,selected SOZ,-0.7638915506574329,Free Graph–RC,0.283603844087258
RPFa3,selected SOZ,-0.7526834830570837,Free Graph–RC,0.29040898044017277
RPFa3,selected SOZ,-0.7414754154567346,Free Graph–RC,0.29727058947624296
RPFa3,selected SOZ,-0.7302673478563854,Free Graph–RC,0.30418422499233194
RPFa3,selected SOZ,-0.7190592802560363,Free Graph–RC,0.31114519213613573
RPFa3,selected SOZ,-0.7078512126556871,Free Graph–RC,0.31814854658154323
RPFa3,selected SOZ,-0.6966431450553381,Free Graph–RC,0.32518909940086477
RPFa3,selected SOZ,-0.6854350774549889,Free Graph–RC,0.33226142772149697
RPFa3,selected SOZ,-0.6742270098546397,Free Graph–RC,0.339359891115294
RPFa3,selected SOZ,-0.6630189422542905,Free Graph–RC,0.34647865355213975
RPFa3,selected SOZ,-0.6518108746539415,Free Graph–RC,0.3536117106542228
RPFa3,selected SOZ,-0.6406028070535923,Free Graph–RC,0.36075292191042385
RPFa3,selected SOZ,-0.6293947394532431,Free Graph–RC,0.3678960474454923
RPFa3,selected SOZ,-0.6181866718528941,Free Graph–RC,0.375034788879227
RPFa3,selected SOZ,-0.6069786042525449,Free Graph–RC,0.38216283374956933
RPFa3,selected SOZ,-0.5957705366521957,Free Graph–RC,0.3892739029041229
RPFa3,selected SOZ,-0.5845624690518465,Free Graph–RC,0.39636180018265177
RPFa3,selected SOZ,-0.5733544014514975,Free Graph–RC,0.4034204636165834
RPFa3,selected SOZ,-0.5621463338511483,Free Graph–RC,0.41044401726178853
RPFa3,selected SOZ,-0.5509382662507991,Free Graph–RC,0.4174268226624056
RPFa3,selected SOZ,-0.5397301986504501,Free Graph–RC,0.42436352882367095
RPFa3,selected SOZ,-0.5285221310501009,Free Graph–RC,0.43124911946112565
RPFa3,selected SOZ,-0.5173140634497517,Free Graph–RC,0.43807895620378823
RPFa3,selected SOZ,-0.5061059958494027,Free Graph–RC,0.4448488163729746
RPFa3,selected SOZ,-0.4948979282490535,Free Graph–RC,0.45155492394824853
RPFa3,selected SOZ,-0.4836898606487043,Free Graph–RC,0.4581939723780043
RPFa3,selected SOZ,-0.4724817930483551,Free Graph–RC,0.46476313800205593
RPFa3,selected SOZ,-0.4612737254480061,Free Graph–RC,0.4712600830307034
RPFa3,selected SOZ,-0.4500656578476569,Free Graph–RC,0.477682947268243
RPFa3,selected SOZ,-0.4388575902473077,Free Graph–RC,0.48403032807327
RPFa3,selected SOZ,-0.4276495226469587,Free Graph–RC,0.4903012484025539
RPFa3,selected SOZ,-0.4164414550466095,Free Graph–RC,0.4964951131754507
RPFa3,selected SOZ,-0.4052333874462603,Free Graph–RC,0.5026116546036437
RPFa3,selected SOZ,-0.3940253198459111,Free Graph–RC,0.5086508675362381
RPFa3,selected SOZ,-0.3828172522455622,Free Graph–RC,0.5146129362521594
RPFa3,selected SOZ,-0.371609184645213,Free Graph–RC,0.520498154470073
RPFa3,selected SOZ,-0.3604011170448638,Free Graph–RC,0.5263068406224792
RPFa3,selected SOZ,-0.3491930494445148,Free Graph–RC,0.5320392506408158
RPFa3,selected SOZ,-0.3379849818441656,Free Graph–RC,0.5376954906117807
RPFa3,selected SOZ,-0.3267769142438164,Free Graph–RC,0.543275431686656
RPFa3,selected SOZ,-0.3155688466434672,Free Graph–RC,0.5487786295557235
RPFa3,selected SOZ,-0.3043607790431182,Free Graph–RC,0.5542042506442538
RPFa3,selected SOZ,-0.293152711442769,Free Graph–RC,0.5595510069557175
RPFa3,selected SOZ,-0.2819446438424198,Free Graph–RC,0.5648171011963167
RPFa3,selected SOZ,-0.2707365762420708,Free Graph–RC,0.5700001834799912
RPFa3,selected SOZ,-0.2595285086417216,Free Graph–RC,0.5750973205532877
RPFa3,selected SOZ,-0.2483204410413724,Free Graph–RC,0.5801049781143978
RPFa3,selected SOZ,-0.2371123734410232,Free Graph–RC,0.5850190164474195
RPFa3,selected SOZ,-0.2259043058406742,Free Graph–RC,0.5898346992670859
RPFa3,selected SOZ,-0.214696238240325,Free Graph–RC,0.5945467153827338
RPFa3,selected SOZ,-0.2034881706399758,Free Graph–RC,0.5991492125503873
RPFa3,selected SOZ,-0.1922801030396268,Free Graph–RC,0.6036358426924805
RPFa3,selected SOZ,-0.1810720354392776,Free Graph–RC,0.6079998175240228
RPFa3,selected SOZ,-0.1698639678389284,Free Graph–RC,0.6122339735273125
RPFa3,selected SOZ,-0.1586559002385792,Free Graph–RC,0.6163308451558827
RPFa3,selected SOZ,-0.1474478326382302,Free Graph–RC,0.6202827451115364
RPFa3,selected SOZ,-0.136239765037881,Free Graph–RC,0.6240818505140225
RPFa3,selected SOZ,-0.1250316974375318,Free Graph–RC,0.6277202937594456
RPFa3,selected SOZ,-0.1138236298371828,Free Graph–RC,0.6311902568302796
RPFa3,selected SOZ,-0.1026155622368336,Free Graph–RC,0.6344840677687312
RPFa3,selected SOZ,-0.0914074946364844,Free Graph–RC,0.6375942979512563
RPFa3,selected SOZ,-0.0801994270361352,Free Graph–RC,0.6405138587051531
RPFa3,selected SOZ,-0.0689913594357862,Free Graph–RC,0.6432360956908156
RPFa3,selected SOZ,-0.057783291835437,Free Graph–RC,0.6457548793444972
RPFa3,selected SOZ,-0.0465752242350878,Free Graph–RC,0.6480646895468302
RPFa3,selected SOZ,-0.0353671566347388,Free Graph–RC,0.6501606925676784
RPFa3,selected SOZ,-0.0241590890343896,Free Graph–RC,0.6520388082541991
RPFa3,selected SOZ,-0.0129510214340404,Free Graph–RC,0.6536957653946298
RPFa3,selected SOZ,-0.0017429538336914,Free Graph–RC,0.6551291432216707
RPFa3,selected SOZ,0.0094651137666577,Free Graph–RC,0.6563373971320465
RPFa3,selected SOZ,0.0206731813670069,Free Graph–RC,0.6573198669037718
RPFa3,selected SOZ,0.0318812489673561,Free Graph–RC,0.6580767659971555
RPFa3,selected SOZ,0.043089316567705,Free Graph–RC,0.6586091509303453
RPFa3,selected SOZ,0.0542973841680543,Free Graph–RC,0.6589188702206208
RPFa3,selected SOZ,0.0655054517684035,Free Graph–RC,0.6590084929664215
RPFa3,selected SOZ,0.0767135193687524,Free Graph–RC,0.6588812177951028
RPFa3,selected SOZ,0.0879215869691016,Free Graph–RC,0.6585407635931191
RPFa3,selected SOZ,0.0991296545694508,Free Graph–RC,0.6579912441415102
RPFa3,selected SOZ,0.1103377221698,Free Graph–RC,0.6572370294678165
RPFa3,selected SOZ,0.121545789770149,Free Graph–RC,0.6562825973634445
RPFa3,selected SOZ,0.1327538573704982,Free Graph–RC,0.6551323790700356
RPFa3,selected SOZ,0.1439619249708474,Free Graph–RC,0.653790603578719
RPFa3,selected SOZ,0.1551699925711964,Free Graph–RC,0.6522611452858783
RPFa3,selected SOZ,0.1663780601715456,Free Graph–RC,0.6505473798865885
RPFa3,selected SOZ,0.1775861277718948,Free Graph–RC,0.6486520533485836
RPFa3,selected SOZ,0.188794195372244,Free Graph–RC,0.646577168588437
RPFa3,selected SOZ,0.200002262972593,Free Graph–RC,0.644323894070579
RPFa3,selected SOZ,0.2112103305729422,Free Graph–RC,0.6418924979785293
RPFa3,selected SOZ,0.2224183981732914,Free Graph–RC,0.6392823108860003
RPFa3,selected SOZ,0.2336264657736404,Free Graph–RC,0.6364917190085352
RPFa3,selected SOZ,0.2448345333739896,Free Graph–RC,0.6335181891763645
RPFa3,selected SOZ,0.2560426009743388,Free Graph–RC,0.6303583256725834
RPFa3,selected SOZ,0.267250668574688,Free Graph–RC,0.627007958065962
RPFa3,selected SOZ,0.278458736175037,Free Graph–RC,0.6234622581747857
RPFa3,selected SOZ,0.2896668037753862,Free Graph–RC,0.6197158833645061
RPFa3,selected SOZ,0.3008748713757354,Free Graph–RC,0.6157631425435279
RPFa3,selected SOZ,0.3120829389760846,Free Graph–RC,0.6115981805074884
RPFa3,selected SOZ,0.3232910065764338,Free Graph–RC,0.6072151757184123
RPFa3,selected SOZ,0.3344990741767826,Free Graph–RC,0.6026085462071263
RPFa3,selected SOZ,0.3457071417771318,Free Graph–RC,0.5977731580666431
RPFa3,selected SOZ,0.356915209377481,Free Graph–RC,0.5927045309620131
RPFa3,selected SOZ,0.3681232769778302,Free Graph–RC,0.5873990352141866
RPFa3,selected SOZ,0.3793313445781794,Free Graph–RC,0.5818540753096718
RPFa3,selected SOZ,0.3905394121785286,Free Graph–RC,0.5760682551275089
RPFa3,selected SOZ,0.4017474797788778,Free Graph–RC,0.5700415207379201
RPFa3,selected SOZ,0.4129555473792266,Free Graph–RC,0.5637752772884327
RPFa3,selected SOZ,0.4241636149795758,Free Graph–RC,0.5572724772268399
RPFa3,selected SOZ,0.435371682579925,Free Graph–RC,0.5505376778883923
RPFa3,selected SOZ,0.4465797501802742,Free Graph–RC,0.543577067271619
RPFa3,selected SOZ,0.4577878177806234,Free Graph–RC,0.5363984576183275
RPFa3,selected SOZ,0.4689958853809726,Free Graph–RC,0.5290112471773604
RPFa3,selected SOZ,0.4802039529813218,Free Graph–RC,0.5214263512503614
RPFa3,selected SOZ,0.4914120205816705,Free Graph–RC,0.5136561042766208
RPFa3,selected SOZ,0.5026200881820198,Free Graph–RC,0.5057141353019401
RPFa3,selected SOZ,0.513828155782369,Free Graph–RC,0.4976152196864764
RPFa3,selected SOZ,0.5250362233827182,Free Graph–RC,0.48937511033404557
RPFa3,selected SOZ,0.5362442909830674,Free Graph–RC,0.4810103520691725
RPFa3,selected SOZ,0.5474523585834166,Free Graph–RC,0.47253808304830447
RPFa3,selected SOZ,0.5586604261837658,Free Graph–RC,0.4639758272702228
RPFa3,selected SOZ,0.5698684937841145,Free Graph–RC,0.4553412823501037
RPFa3,selected SOZ,0.5810765613844637,Free Graph–RC,0.44665210674486244
RPFa3,selected SOZ,0.5922846289848129,Free Graph–RC,0.43792571056731844
RPFa3,selected SOZ,0.6034926965851621,Free Graph–RC,0.42917905400570644
RPFa3,selected SOZ,0.6147007641855113,Free Graph–RC,0.4204284571755111
RPFa3,selected SOZ,0.6259088317858605,Free Graph–RC,0.41168942497453187
RPFa3,selected SOZ,0.6371168993862097,Free Graph–RC,0.4029764901916667
RPFa3,selected SOZ,0.6483249669865585,Free Graph–RC,0.39430307773744827
RPFa3,selected SOZ,0.6595330345869077,Free Graph–RC,0.3856813924236327
RPFa3,selected SOZ,0.6707411021872569,Free Graph–RC,0.37712233222433383
RPFa3,selected SOZ,0.6819491697876061,Free Graph–RC,0.3686354284091193
RPFa3,selected SOZ,0.6931572373879553,Free Graph–RC,0.3602288133569753
RPFa3,selected SOZ,0.7043653049883045,Free Graph–RC,0.3519092162500316
RPFa3,selected SOZ,0.7155733725886533,Free Graph–RC,0.3436819862197448
RPFa3,selected SOZ,0.7267814401890025,Free Graph–RC,0.33555114189072077
RPFa3,selected SOZ,0.7379895077893517,Free Graph–RC,0.327519445654687
RPFa3,selected SOZ,0.7491975753897009,Free Graph–RC,0.3195885004268608
RPFa3,selected SOZ,0.7604056429900501,Free Graph–RC,0.3117588661068545
RPFa3,selected SOZ,0.7716137105903993,Free Graph–RC,0.3040301925037926
RPFa3,selected SOZ,0.7828217781907485,Free Graph–RC,0.29640136510685794
RPFa3,selected SOZ,0.7940298457910973,Free Graph–RC,0.2888706598020818
RPFa3,selected SOZ,0.8052379133914465,Free Graph–RC,0.28143590246513184
RPFa3,selected SOZ,0.8164459809917957,Free Graph–RC,0.27409462930585005
RPFa3,selected SOZ,0.8276540485921449,Free Graph–RC,0.26684424390666145
RPFa3,selected SOZ,0.8388621161924941,Free Graph–RC,0.25968216708282793
RPFa3,selected SOZ,0.8500701837928433,Free Graph–RC,0.2526059759920125
RPFa3,selected SOZ,0.8612782513931925,Free Graph–RC,0.24561352932364164
RPFa3,selected SOZ,0.8724863189935412,Free Graph–RC,0.23870307589063472
RPFa3,selected SOZ,0.8836943865938904,Free Graph–RC,0.2318733445093595
RPFa3,selected SOZ,0.8949024541942396,Free Graph–RC,0.2251236136673484
RPFa3,selected SOZ,0.9061105217945888,Free Graph–RC,0.21845376011978612
RPFa3,selected SOZ,0.917318589394938,Free Graph–RC,0.2118642862017624
RPFa3,selected SOZ,0.9285266569952872,Free Graph–RC,0.20535632627037087
RPFa3,selected SOZ,0.9397347245956365,Free Graph–RC,0.19893163327716337
RPFa3,selected SOZ,0.9509427921959852,Free Graph–RC,0.1925925469976276
RPFa3,selected SOZ,0.9621508597963344,Free Graph–RC,0.18634194589343026
RPFa3,selected SOZ,0.9733589273966836,Free Graph–RC,0.18018318494255645
RPFa3,selected SOZ,0.9845669949970328,Free Graph–RC,0.17412002203337648
RPFa3,selected SOZ,0.995775062597382,Free Graph–RC,0.1681565356768678
RPFa3,selected SOZ,1.0069831301977312,Free Graph–RC,0.16229703684692917
RPFa3,selected SOZ,1.0181911977980804,Free Graph–RC,0.15654597771631218
RPFa3,selected SOZ,1.0293992653984292,Free Graph–RC,0.15090785992344405
RPFa3,selected SOZ,1.0406073329987784,Free Graph–RC,0.1453871447946946
RPFa3,selected SOZ,1.0518154005991276,Free Graph–RC,0.13998816767156272
RPFa3,selected SOZ,1.0630234681994768,Free Graph–RC,0.134715058168438
RPFa3,selected SOZ,1.074231535799826,Free Graph–RC,0.12957166783095866
RPFa3,selected SOZ,1.0854396034001752,Free Graph–RC,0.12456150629412291
RPFa3,selected SOZ,1.0966476710005244,Free Graph–RC,0.11968768666971548
RPFa3,selected SOZ,1.1078557386008732,Free Graph–RC,0.11495288053891274
RPFa3,selected SOZ,1.1190638062012224,Free Graph–RC,0.11035928260141394
RPFa3,selected SOZ,1.1302718738015716,Free Graph–RC,0.10590858474747765
RPFa3,selected SOZ,1.1414799414019208,Free Graph–RC,0.10160195908208344
RPFa3,selected SOZ,1.15268800900227,Free Graph–RC,0.09744004924601908
RPFa3,selected SOZ,1.1638960766026192,Free Graph–RC,0.09342296924940033
RPFa3,selected SOZ,1.1751041442029684,Free Graph–RC,0.08955030895840166
RPFa3,selected SOZ,1.1863122118033171,Free Graph–RC,0.08582114535266192
RPFa3,selected SOZ,1.1975202794036663,Free Graph–RC,0.08223405869364955
RPFa3,selected SOZ,1.2087283470040155,Free Graph–RC,0.0787871528058497
RPFa3,selected SOZ,1.2199364146043647,Free Graph–RC,0.07547807876440957
RPFa3,selected SOZ,1.231144482204714,Free Graph–RC,0.07230406139515803
RPFa3,selected SOZ,1.2423525498050632,Free Graph–RC,0.06926192811572345
RPFa3,selected SOZ,1.2535606174054124,Free Graph–RC,0.06634813976994161
RPFa3,selected SOZ,1.2647686850057611,Free Graph–RC,0.06355882322251698
RPFa3,selected SOZ,1.2759767526061103,Free Graph–RC,0.060889805578820615
RPFa3,selected SOZ,1.2871848202064595,Free Graph–RC,0.058336649969032706
RPFa3,selected SOZ,1.2983928878068087,Free Graph–RC,0.05589469288158758
RPFa3,selected SOZ,1.309600955407158,Free Graph–RC,0.05355908304520667
RPFa3,selected SOZ,1.3208090230075071,Free Graph–RC,0.05132482184095581
RPFa3,selected SOZ,1.3320170906078563,Free Graph–RC,0.049186805177193496
RPFa3,selected SOZ,1.343225158208205,Free Graph–RC,0.04713986668455118
RPFa3,selected SOZ,1.3544332258085543,Free Graph–RC,0.04517882199063995
RPFa3,selected SOZ,1.3656412934089035,Free Graph–RC,0.04329851372199667
RPFa3,selected SOZ,1.3768493610092527,Free Graph–RC,0.04149385676202327
RPFa3,selected SOZ,1.388057428609602,Free Graph–RC,0.039759883177158215
RPFa3,selected SOZ,1.399265496209951,Free Graph–RC,0.038091786118161663
RPFa3,selected SOZ,1.4104735638103003,Free Graph–RC,0.03648496191776986
RPFa3,selected SOZ,1.421681631410649,Free Graph–RC,0.034935049547606456
RPFa3,selected SOZ,1.4328896990109985,Free Graph–RC,0.033437966572291346
RPFa3,selected SOZ,1.4440977666113477,Free Graph–RC,0.031989940751415896
RPFa3,selected SOZ,1.455305834211697,Free Graph–RC,0.03058753649260484
RPFa3,selected SOZ,1.466513901812046,Free Graph–RC,0.02922767545105249
RPFa3,selected SOZ,1.477721969412395,Free Graph–RC,0.02790765070017005
RPFa3,selected SOZ,1.4889300370127443,Free Graph–RC,0.02662513405951647
RPFa3,selected SOZ,1.500138104613093,Free Graph–RC,0.025378176353285722
RPFa3,selected SOZ,1.5113461722134425,Free Graph–RC,0.024165200576915236
RPFa3,selected SOZ,1.5225542398137917,Free Graph–RC,0.022984988161451746
RPFa3,selected SOZ,1.5337623074141409,Free Graph–RC,0.021836658735162683
RPFa3,selected SOZ,1.54497037501449,Free Graph–RC,0.020719643979580687
RPFa3,selected SOZ,1.556178442614839,Free Graph–RC,0.019633656353414467
RPFa3,selected SOZ,1.5673865102151885,Free Graph–RC,0.018578653604412423
RPFa3,selected SOZ,1.578594577815537,Free Graph–RC,0.01755480009982918
RPFa3,selected SOZ,1.5898026454158862,Free Graph–RC,0.01656242607610432
RPFa3,selected SOZ,1.6010107130162354,Free Graph–RC,0.015601985935399128
RPFa3,selected SOZ,1.6122187806165846,Free Graph–RC,0.014674016700723012
RPFa3,selected SOZ,1.6234268482169338,Free Graph–RC,0.013779097684698025
RPFa3,selected SOZ,-1.7277853642874588,Preictal reference,3.340300927934187e-19
RPFa3,selected SOZ,-1.7165772966871096,Preictal reference,6.111523782835189e-19
RPFa3,selected SOZ,-1.7053692290867606,Preictal reference,1.112876756124848e-18
RPFa3,selected SOZ,-1.6941611614864114,Preictal reference,2.0168782805631414e-18
RPFa3,selected SOZ,-1.6829530938860622,Preictal reference,3.637883606052077e-18
RPFa3,selected SOZ,-1.671745026285713,Preictal reference,6.530642185097021e-18
RPFa3,selected SOZ,-1.660536958685364,Preictal reference,1.16681630865382e-17
RPFa3,selected SOZ,-1.6493288910850148,Preictal reference,2.074866624269765e-17
RPFa3,selected SOZ,-1.6381208234846656,Preictal reference,3.67215161267501e-17
RPFa3,selected SOZ,-1.6269127558843166,Preictal reference,6.468378605245417e-17
RPFa3,selected SOZ,-1.6157046882839674,Preictal reference,1.1340087601809542e-16
RPFa3,selected SOZ,-1.6044966206836182,Preictal reference,1.978724510594398e-16
RPFa3,selected SOZ,-1.5932885530832692,Preictal reference,3.4364027746009256e-16
RPFa3,selected SOZ,-1.58208048548292,Preictal reference,5.9398367889839565e-16
RPFa3,selected SOZ,-1.5708724178825708,Preictal reference,1.0218771094937523e-15
RPFa3,selected SOZ,-1.5596643502822216,Preictal reference,1.7497604294965127e-15
RPFa3,selected SOZ,-1.5484562826818726,Preictal reference,2.98206012440903e-15
RPFa3,selected SOZ,-1.5372482150815234,Preictal reference,5.0584129718055026e-15
RPFa3,selected SOZ,-1.5260401474811742,Preictal reference,8.540327532775372e-15
RPFa3,selected SOZ,-1.5148320798808252,Preictal reference,1.4351572308891192e-14
RPFa3,selected SOZ,-1.503624012280476,Preictal reference,2.4004440717640054e-14
RPFa3,selected SOZ,-1.4924159446801268,Preictal reference,3.9962567058929764e-14
RPFa3,selected SOZ,-1.4812078770797776,Preictal reference,6.62197382861404e-14
RPFa3,selected SOZ,-1.4699998094794289,Preictal reference,1.0921858612986357e-13
RPFa3,selected SOZ,-1.4587917418790797,Preictal reference,1.7930130891472816e-13
RPFa3,selected SOZ,-1.4475836742787302,Preictal reference,2.929888572583937e-13
RPFa3,selected SOZ,-1.4363756066783813,Preictal reference,4.765434489573296e-13
RPFa3,selected SOZ,-1.425167539078032,Preictal reference,7.715086376202856e-13
RPFa3,selected SOZ,-1.4139594714776829,Preictal reference,1.2432807814705676e-12
RPFa3,selected SOZ,-1.4027514038773337,Preictal reference,1.994303067165556e-12
RPFa3,selected SOZ,-1.391543336276985,Preictal reference,3.1842715662381663e-12
RPFa3,selected SOZ,-1.3803352686766357,Preictal reference,5.06092232422002e-12
RPFa3,selected SOZ,-1.3691272010762865,Preictal reference,8.006701497440437e-12
RPFa3,selected SOZ,-1.3579191334759373,Preictal reference,1.2609152544419855e-11
RPFa3,selected SOZ,-1.346711065875588,Preictal reference,1.976653307199422e-11
RPFa3,selected SOZ,-1.3355029982752389,Preictal reference,3.0845488359946056e-11
RPFa3,selected SOZ,-1.3242949306748897,Preictal reference,4.791524309570727e-11
RPFa3,selected SOZ,-1.3130868630745407,Preictal reference,7.409367850912866e-11
RPFa3,selected SOZ,-1.3018787954741915,Preictal reference,1.1405615255406863e-10
RPFa3,selected SOZ,-1.2906707278738423,Preictal reference,1.7477979908209577e-10
RPFa3,selected SOZ,-1.279462660273493,Preictal reference,2.6662676719816367e-10
RPFa3,selected SOZ,-1.268254592673144,Preictal reference,4.049127667126754e-10
RPFa3,selected SOZ,-1.257046525072795,Preictal reference,6.121668570732715e-10
RPFa3,selected SOZ,-1.2458384574724457,Preictal reference,9.21370658530677e-10
RPFa3,selected SOZ,-1.2346303898720967,Preictal reference,1.3805780545787464e-09
RPFa3,selected SOZ,-1.2234223222717475,Preictal reference,2.0594705297457187e-09
RPFa3,selected SOZ,-1.2122142546713983,Preictal reference,3.0586123668750432e-09
RPFa3,selected SOZ,-1.2010061870710491,Preictal reference,4.522452021215586e-09
RPFa3,selected SOZ,-1.1897981194707,Preictal reference,6.657494402442656e-09
RPFa3,selected SOZ,-1.178590051870351,Preictal reference,9.757573492187274e-09
RPFa3,selected SOZ,-1.1673819842700015,Preictal reference,1.423882395647777e-08
RPFa3,selected SOZ,-1.1561739166696523,Preictal reference,2.068783267864867e-08
RPFa3,selected SOZ,-1.1449658490693035,Preictal reference,2.992760749659249e-08
RPFa3,selected SOZ,-1.1337577814689546,Preictal reference,4.3107507199501024e-08
RPFa3,selected SOZ,-1.1225497138686054,Preictal reference,6.182522873101922e-08
RPFa3,selected SOZ,-1.1113416462682562,Preictal reference,8.82914612134998e-08
RPFa3,selected SOZ,-1.100133578667907,Preictal reference,1.255510344566085e-07
RPFa3,selected SOZ,-1.0889255110675575,Preictal reference,1.7777848501991002e-07
RPFa3,selected SOZ,-1.0777174434672088,Preictal reference,2.506711438097111e-07
RPFa3,selected SOZ,-1.0665093758668596,Preictal reference,3.519693640096124e-07
RPFa3,selected SOZ,-1.0553013082665106,Preictal reference,4.921416507827048e-07
RPFa3,selected SOZ,-1.0440932406661614,Preictal reference,6.852825692829846e-07
RPFa3,selected SOZ,-1.0328851730658122,Preictal reference,9.50283795389404e-07
RPFa3,selected SOZ,-1.021677105465463,Preictal reference,1.31235399454541e-06
RPFa3,selected SOZ,-1.0104690378651138,Preictal reference,1.8049818917518757e-06
RPFa3,selected SOZ,-0.9992609702647648,Preictal reference,2.4724595187124626e-06
RPFa3,selected SOZ,-0.9880529026644156,Preictal reference,3.3731098454201474e-06
RPFa3,selected SOZ,-0.9768448350640664,Preictal reference,4.583395537069827e-06
RPFa3,selected SOZ,-0.9656367674637172,Preictal reference,6.2031241905024615e-06
RPFa3,selected SOZ,-0.9544286998633682,Preictal reference,8.362010905833606e-06
RPFa3,selected SOZ,-0.943220632263019,Preictal reference,1.1227912269254172e-05
RPFa3,selected SOZ,-0.93201256466267,Preictal reference,1.5017107589215722e-05
RPFa3,selected SOZ,-0.9208044970623208,Preictal reference,2.0007074328566553e-05
RPFa3,selected SOZ,-0.9095964294619716,Preictal reference,2.6552285813814445e-05
RPFa3,selected SOZ,-0.8983883618616225,Preictal reference,3.510365104245024e-05
RPFa3,selected SOZ,-0.8871802942612733,Preictal reference,4.623231910151375e-05
RPFa3,selected SOZ,-0.8759722266609242,Preictal reference,6.0658684410583194e-05
RPFa3,selected SOZ,-0.8647641590605751,Preictal reference,7.928755336961795e-05
RPFa3,selected SOZ,-0.8535560914602259,Preictal reference,0.00010325056717533226
RPFa3,selected SOZ,-0.8423480238598768,Preictal reference,0.00013395711807725346
RPFa3,selected SOZ,-0.8311399562595276,Preictal reference,0.00017315514490064626
RPFa3,selected SOZ,-0.8199318886591785,Preictal reference,0.00022300334505495696
RPFa3,selected SOZ,-0.8087238210588293,Preictal reference,0.00028615649016216436
RPFa3,selected SOZ,-0.7975157534584802,Preictal reference,0.00036586567531014694
RPFa3,selected SOZ,-0.7863076858581312,Preictal reference,0.0004660954607816931
RPFa3,selected SOZ,-0.775099618257782,Preictal reference,0.0005916599714048982
RPFa3,selected SOZ,-0.7638915506574329,Preictal reference,0.0007483800922424998
RPFa3,selected SOZ,-0.7526834830570837,Preictal reference,0.0009432639283089721
RPFa3,selected SOZ,-0.7414754154567346,Preictal reference,0.0011847126668013894
RPFa3,selected SOZ,-0.7302673478563854,Preictal reference,0.001482753877773534
RPFa3,selected SOZ,-0.7190592802560363,Preictal reference,0.0018493040966820991
RPFa3,selected SOZ,-0.7078512126556871,Preictal reference,0.0022984622321056557
RPFa3,selected SOZ,-0.6966431450553381,Preictal reference,0.0028468349158678546
RPFa3,selected SOZ,-0.6854350774549889,Preictal reference,0.0035138943424641695
RPFa3,selected SOZ,-0.6742270098546397,Preictal reference,0.0043223684125633394
RPFa3,selected SOZ,-0.6630189422542905,Preictal reference,0.005298662085657714
RPFa3,selected SOZ,-0.6518108746539415,Preictal reference,0.0064733077468109215
RPFa3,selected SOZ,-0.6406028070535923,Preictal reference,0.007881441093256067
RPFa3,selected SOZ,-0.6293947394532431,Preictal reference,0.009563297545360878
RPFa3,selected SOZ,-0.6181866718528941,Preictal reference,0.011564722487431015
RPFa3,selected SOZ,-0.6069786042525449,Preictal reference,0.013937686759968326
RPFa3,selected SOZ,-0.5957705366521957,Preictal reference,0.016740796779652987
RPFa3,selected SOZ,-0.5845624690518465,Preictal reference,0.020039786491485054
RPFa3,selected SOZ,-0.5733544014514975,Preictal reference,0.02390797610707977
RPFa3,selected SOZ,-0.5621463338511483,Preictal reference,0.02842668031562083
RPFa3,selected SOZ,-0.5509382662507991,Preictal reference,0.03368554644500288
RPFa3,selected SOZ,-0.5397301986504501,Preictal reference,0.0397828009895757
RPFa3,selected SOZ,-0.5285221310501009,Preictal reference,0.04682538110974762
RPFa3,selected SOZ,-0.5173140634497517,Preictal reference,0.05492892626065684
RPFa3,selected SOZ,-0.5061059958494027,Preictal reference,0.06421760414365439
RPFa3,selected SOZ,-0.4948979282490535,Preictal reference,0.07482374482167585
RPFa3,selected SOZ,-0.4836898606487043,Preictal reference,0.08688725722421248
RPFa3,selected SOZ,-0.4724817930483551,Preictal reference,0.10055480351082778
RPFa3,selected SOZ,-0.4612737254480061,Preictal reference,0.1159787089740169
RPFa3,selected SOZ,-0.4500656578476569,Preictal reference,0.13331558843474456
RPFa3,selected SOZ,-0.4388575902473077,Preictal reference,0.1527246744840371
RPFa3,selected SOZ,-0.4276495226469587,Preictal reference,0.17436583848635653
RPFa3,selected SOZ,-0.4164414550466095,Preictal reference,0.19839730198076228
RPFa3,selected SOZ,-0.4052333874462603,Preictal reference,0.2249730439445841
RPFa3,selected SOZ,-0.3940253198459111,Preictal reference,0.25423991822203457
RPFa3,selected SOZ,-0.3828172522455622,Preictal reference,0.2863345051135484
RPFa3,selected SOZ,-0.371609184645213,Preictal reference,0.3213797314625331
RPFa3,selected SOZ,-0.3604011170448638,Preictal reference,0.3594813043021952
RPFa3,selected SOZ,-0.3491930494445148,Preictal reference,0.40072401392276985
RPFa3,selected SOZ,-0.3379849818441656,Preictal reference,0.4451679727311993
RPFa3,selected SOZ,-0.3267769142438164,Preictal reference,0.49284486610744016
RPFa3,selected SOZ,-0.3155688466434672,Preictal reference,0.5437543001977553
RPFa3,selected SOZ,-0.3043607790431182,Preictal reference,0.597860338798964
RPFa3,selected SOZ,-0.293152711442769,Preictal reference,0.6550883267610497
RPFa3,selected SOZ,-0.2819446438424198,Preictal reference,0.7153221002753192
RPFa3,selected SOZ,-0.2707365762420708,Preictal reference,0.7784016846746953
RPFa3,selected SOZ,-0.2595285086417216,Preictal reference,0.8441215776672022
RPFa3,selected SOZ,-0.2483204410413724,Preictal reference,0.9122297100527806
RPFa3,selected SOZ,-0.2371123734410232,Preictal reference,0.9824271668344725
RPFa3,selected SOZ,-0.2259043058406742,Preictal reference,1.0543687392376266
RPFa3,selected SOZ,-0.214696238240325,Preictal reference,1.1276643626272649
RPFa3,selected SOZ,-0.2034881706399758,Preictal reference,1.2018814769229114
RPFa3,selected SOZ,-0.1922801030396268,Preictal reference,1.2765483252384324
RPFa3,selected SOZ,-0.1810720354392776,Preictal reference,1.3511581836287438
RPFa3,selected SOZ,-0.1698639678389284,Preictal reference,1.4251744906224628
RPFa3,selected SOZ,-0.1586559002385792,Preictal reference,1.4980368203679681
RPFa3,selected SOZ,-0.1474478326382302,Preictal reference,1.569167618498056
RPFa3,selected SOZ,-0.136239765037881,Preictal reference,1.6379795960449015
RPFa3,selected SOZ,-0.1250316974375318,Preictal reference,1.7038836547430405
RPFa3,selected SOZ,-0.1138236298371828,Preictal reference,1.7662971976532367
RPFa3,selected SOZ,-0.1026155622368336,Preictal reference,1.8246526629773627
RPFa3,selected SOZ,-0.0914074946364844,Preictal reference,1.878406106879582
RPFa3,selected SOZ,-0.0801994270361352,Preictal reference,1.9270456536281502
RPFa3,selected SOZ,-0.0689913594357862,Preictal reference,1.970099628827502
RPFa3,selected SOZ,-0.057783291835437,Preictal reference,2.0071441941562433
RPFa3,selected SOZ,-0.0465752242350878,Preictal reference,2.0378103099197853
RPFa3,selected SOZ,-0.0353671566347388,Preictal reference,2.0617898647338953
RPFa3,selected SOZ,-0.0241590890343896,Preictal reference,2.07884082946009
RPFa3,selected SOZ,-0.0129510214340404,Preictal reference,2.0887913146213344
RPFa3,selected SOZ,-0.0017429538336914,Preictal reference,2.091542436282292
RPFa3,selected SOZ,0.0094651137666577,Preictal reference,2.0870699239940924
RPFa3,selected SOZ,0.0206731813670069,Preictal reference,2.0754244349832076
RPFa3,selected SOZ,0.0318812489673561,Preictal reference,2.0567305703429795
RPFa3,selected SOZ,0.043089316567705,Preictal reference,2.031184620566001
RPFa3,selected SOZ,0.0542973841680543,Preictal reference,1.9990510983437588
RPFa3,selected SOZ,0.0655054517684035,Preictal reference,1.9606581452085952
RPFa3,selected SOZ,0.0767135193687524,Preictal reference,1.9163919244348804
RPFa3,selected SOZ,0.0879215869691016,Preictal reference,1.8666901348960652
RPFa3,selected SOZ,0.0991296545694508,Preictal reference,1.8120347986753593
RPFa3,selected SOZ,0.1103377221698,Preictal reference,1.7529444886940466
RPFa3,selected SOZ,0.121545789770149,Preictal reference,1.6899661711667906
RPFa3,selected SOZ,0.1327538573704982,Preictal reference,1.6236668412113513
RPFa3,selected SOZ,0.1439619249708474,Preictal reference,1.5546251284976398
RPFa3,selected SOZ,0.1551699925711964,Preictal reference,1.4834230436536817
RPFa3,selected SOZ,0.1663780601715456,Preictal reference,1.4106380256363489
RPFa3,selected SOZ,0.1775861277718948,Preictal reference,1.3368354359377328
RPFa3,selected SOZ,0.188794195372244,Preictal reference,1.2625616279508707
RPFa3,selected SOZ,0.200002262972593,Preictal reference,1.1883376997540263
RPFa3,selected SOZ,0.2112103305729422,Preictal reference,1.114654016730394
RPFa3,selected SOZ,0.2224183981732914,Preictal reference,1.0419655675749995
RPFa3,selected SOZ,0.2336264657736404,Preictal reference,0.9706881940950058
RPFa3,selected SOZ,0.2448345333739896,Preictal reference,0.9011957124882798
RPFa3,selected SOZ,0.2560426009743388,Preictal reference,0.8338179221296983
RPFa3,selected SOZ,0.267250668574688,Preictal reference,0.7688394778677499
RPFa3,selected SOZ,0.278458736175037,Preictal reference,0.7064995839029072
RPFa3,selected SOZ,0.2896668037753862,Preictal reference,0.646992451847597
RPFa3,selected SOZ,0.3008748713757354,Preictal reference,0.5904684528104651
RPFa3,selected SOZ,0.3120829389760846,Preictal reference,0.5370358834510963
RPFa3,selected SOZ,0.3232910065764338,Preictal reference,0.4867632589582951
RPFa3,selected SOZ,0.3344990741767826,Preictal reference,0.43968204175986336
RPFa3,selected SOZ,0.3457071417771318,Preictal reference,0.39578971333552654
RPFa3,selected SOZ,0.356915209377481,Preictal reference,0.3550530975632709
RPFa3,selected SOZ,0.3681232769778302,Preictal reference,0.31741184731217115
RPFa3,selected SOZ,0.3793313445781794,Preictal reference,0.28278201118754437
RPFa3,selected SOZ,0.3905394121785286,Preictal reference,0.2510596040944581
RPFa3,selected SOZ,0.4017474797788778,Preictal reference,0.22212411325864434
RPFa3,selected SOZ,0.4129555473792266,Preictal reference,0.19584188017438717
RPFa3,selected SOZ,0.4241636149795758,Preictal reference,0.1720693082951183
RPFa3,selected SOZ,0.435371682579925,Preictal reference,0.15065585582437555
RPFa3,selected SOZ,0.4465797501802742,Preictal reference,0.13144678241364338
RPFa3,selected SOZ,0.4577878177806234,Preictal reference,0.11428562767773602
RPFa3,selected SOZ,0.4689958853809726,Preictal reference,0.09901640798651638
RPFa3,selected SOZ,0.4802039529813218,Preictal reference,0.08548552581606778
RPFa3,selected SOZ,0.4914120205816705,Preictal reference,0.07354339291788621
RPFa3,selected SOZ,0.5026200881820198,Preictal reference,0.06304577460817945
RPFa3,selected SOZ,0.513828155782369,Preictal reference,0.053854867546862736
RPFa3,selected SOZ,0.5250362233827182,Preictal reference,0.045840127458626236
RPFa3,selected SOZ,0.5362442909830674,Preictal reference,0.038878866368757016
RPFa3,selected SOZ,0.5474523585834166,Preictal reference,0.032856641132271484
RPFa3,selected SOZ,0.5586604261837658,Preictal reference,0.02766745639521064
RPFa3,selected SOZ,0.5698684937841145,Preictal reference,0.023213805726032124
RPFa3,selected SOZ,0.5810765613844637,Preictal reference,0.01940657458781061
RPFa3,selected SOZ,0.5922846289848129,Preictal reference,0.016164828189259874
RPFa3,selected SOZ,0.6034926965851621,Preictal reference,0.013415506157019698
RPFa3,selected SOZ,0.6147007641855113,Preictal reference,0.011093044513982186
RPFa3,selected SOZ,0.6259088317858605,Preictal reference,0.009138943724615134
RPFa3,selected SOZ,0.6371168993862097,Preictal reference,0.007501299667089492
RPFa3,selected SOZ,0.6483249669865585,Preictal reference,0.0061343123934247635
RPFa3,selected SOZ,0.6595330345869077,Preictal reference,0.004997785512686621
RPFa3,selected SOZ,0.6707411021872569,Preictal reference,0.0040566270376907404
RPFa3,selected SOZ,0.6819491697876061,Preictal reference,0.0032803606210475684
RPFa3,selected SOZ,0.6931572373879553,Preictal reference,0.0026426543095425968
RPFa3,selected SOZ,0.7043653049883045,Preictal reference,0.002120872294594686
RPFa3,selected SOZ,0.7155733725886533,Preictal reference,0.001695653649535061
RPFa3,selected SOZ,0.7267814401890025,Preictal reference,0.0013505207321923994
RPFa3,selected SOZ,0.7379895077893517,Preictal reference,0.0010715187971928352
RPFa3,selected SOZ,0.7491975753897009,Preictal reference,0.0008468874040258775
RPFa3,selected SOZ,0.7604056429900501,Preictal reference,0.0006667634170805993
RPFa3,selected SOZ,0.7716137105903993,Preictal reference,0.0005229147616744245
RPFa3,selected SOZ,0.7828217781907485,Preictal reference,0.0004085036121286448
RPFa3,selected SOZ,0.7940298457910973,Preictal reference,0.0003178773290592015
RPFa3,selected SOZ,0.8052379133914465,Preictal reference,0.00024638521725156776
RPFa3,selected SOZ,0.8164459809917957,Preictal reference,0.00019021902659754246
RPFa3,selected SOZ,0.8276540485921449,Preictal reference,0.0001462750507888658
RPFa3,selected SOZ,0.8388621161924941,Preictal reference,0.00011203567680247514
RPFa3,selected SOZ,0.8500701837928433,Preictal reference,8.546828882148026e-05
RPFa3,selected SOZ,0.8612782513931925,Preictal reference,6.493952061117102e-05
RPFa3,selected SOZ,0.8724863189935412,Preictal reference,4.91429694797612e-05
RPFa3,selected SOZ,0.8836943865938904,Preictal reference,3.7038623287900574e-05
RPFa3,selected SOZ,0.8949024541942396,Preictal reference,2.78024015209072e-05
RPFa3,selected SOZ,0.9061105217945888,Preictal reference,2.0784365631415982e-05
RPFa3,selected SOZ,0.917318589394938,Preictal reference,1.5474307460569812e-05
RPFa3,selected SOZ,0.9285266569952872,Preictal reference,1.1473573522788853e-05
RPFa3,selected SOZ,0.9397347245956365,Preictal reference,8.472124328446889e-06
RPFa3,selected SOZ,0.9509427921959852,Preictal reference,6.229959674604423e-06
RPFa3,selected SOZ,0.9621508597963344,Preictal reference,4.562161682679755e-06
RPFa3,selected SOZ,0.9733589273966836,Preictal reference,3.326916662168809e-06
RPFa3,selected SOZ,0.9845669949970328,Preictal reference,2.415974492495134e-06
RPFa3,selected SOZ,0.995775062597382,Preictal reference,1.7470903879226445e-06
RPFa3,selected SOZ,1.0069831301977312,Preictal reference,1.2580691737288163e-06
RPFa3,selected SOZ,1.0181911977980804,Preictal reference,9.020972818577607e-07
RPFa3,selected SOZ,1.0293992653984292,Preictal reference,6.441034201178299e-07
RPFa3,selected SOZ,1.0406073329987784,Preictal reference,4.5793619326067464e-07
RPFa3,selected SOZ,1.0518154005991276,Preictal reference,3.241867865988296e-07
RPFa3,selected SOZ,1.0630234681994768,Preictal reference,2.2851807459100388e-07
RPFa3,selected SOZ,1.074231535799826,Preictal reference,1.6038905579692577e-07
RPFa3,selected SOZ,1.0854396034001752,Preictal reference,1.1208614866243907e-07
RPFa3,selected SOZ,1.0966476710005244,Preictal reference,7.799134532811974e-08
RPFa3,selected SOZ,1.1078557386008732,Preictal reference,5.403217228675346e-08
RPFa3,selected SOZ,1.1190638062012224,Preictal reference,3.7270429188948364e-08
RPFa3,selected SOZ,1.1302718738015716,Preictal reference,2.5596277201313886e-08
RPFa3,selected SOZ,1.1414799414019208,Preictal reference,1.750186195765083e-08
RPFa3,selected SOZ,1.15268800900227,Preictal reference,1.1914653959655126e-08
RPFa3,selected SOZ,1.1638960766026192,Preictal reference,8.075383084626333e-09
RPFa3,selected SOZ,1.1751041442029684,Preictal reference,5.449093310192042e-09
RPFa3,selected SOZ,1.1863122118033171,Preictal reference,3.660663052960293e-09
RPFa3,selected SOZ,1.1975202794036663,Preictal reference,2.448300695258147e-09
RPFa3,selected SOZ,1.2087283470040155,Preictal reference,1.6301757666605395e-09
RPFa3,selected SOZ,1.2199364146043647,Preictal reference,1.0805977875271666e-09
RPFa3,selected SOZ,1.231144482204714,Preictal reference,7.130977487027767e-10
RPFa3,selected SOZ,1.2423525498050632,Preictal reference,4.684733510177465e-10
RPFa3,selected SOZ,1.2535606174054124,Preictal reference,3.0638474201531296e-10
RPFa3,selected SOZ,1.2647686850057611,Preictal reference,1.9947637698319956e-10
RPFa3,selected SOZ,1.2759767526061103,Preictal reference,1.2928664955426276e-10
RPFa3,selected SOZ,1.2871848202064595,Preictal reference,8.341605218683343e-11
RPFa3,selected SOZ,1.2983928878068087,Preictal reference,5.3576617461587464e-11
RPFa3,selected SOZ,1.309600955407158,Preictal reference,3.425521649490185e-11
RPFa3,selected SOZ,1.3208090230075071,Preictal reference,2.1802186996459884e-11
RPFa3,selected SOZ,1.3320170906078563,Preictal reference,1.3813113006414648e-11
RPFa3,selected SOZ,1.343225158208205,Preictal reference,8.71159272108298e-12
RPFa3,selected SOZ,1.3544332258085543,Preictal reference,5.469082538217589e-12
RPFa3,selected SOZ,1.3656412934089035,Preictal reference,3.4177383950232034e-12
RPFa3,selected SOZ,1.3768493610092527,Preictal reference,2.126019178600076e-12
RPFa3,selected SOZ,1.388057428609602,Preictal reference,1.316425360069995e-12
RPFa3,selected SOZ,1.399265496209951,Preictal reference,8.113771405188594e-13
RPFa3,selected SOZ,1.4104735638103003,Preictal reference,4.977870649956067e-13
RPFa3,selected SOZ,1.421681631410649,Preictal reference,3.0398747141593284e-13
RPFa3,selected SOZ,1.4328896990109985,Preictal reference,1.8478044403479262e-13
RPFa3,selected SOZ,1.4440977666113477,Preictal reference,1.1179996174929012e-13
RPFa3,selected SOZ,1.455305834211697,Preictal reference,6.733018221679423e-14
RPFa3,selected SOZ,1.466513901812046,Preictal reference,4.036060286532957e-14
RPFa3,selected SOZ,1.477721969412395,Preictal reference,2.4081444064290323e-14
RPFa3,selected SOZ,1.4889300370127443,Preictal reference,1.4301507314405856e-14
RPFa3,selected SOZ,1.500138104613093,Preictal reference,8.453819127726629e-15
RPFa3,selected SOZ,1.5113461722134425,Preictal reference,4.973858889951361e-15
RPFa3,selected SOZ,1.5225542398137917,Preictal reference,2.912734639455631e-15
RPFa3,selected SOZ,1.5337623074141409,Preictal reference,1.6977470402811449e-15
RPFa3,selected SOZ,1.54497037501449,Preictal reference,9.84934514311849e-16
RPFa3,selected SOZ,1.556178442614839,Preictal reference,5.687243436238846e-16
RPFa3,selected SOZ,1.5673865102151885,Preictal reference,3.268542998672596e-16
RPFa3,selected SOZ,1.578594577815537,Preictal reference,1.8696589993463943e-16
RPFa3,selected SOZ,1.5898026454158862,Preictal reference,1.0644478166896944e-16
RPFa3,selected SOZ,1.6010107130162354,Preictal reference,6.031677670561269e-17
RPFa3,selected SOZ,1.6122187806165846,Preictal reference,3.4017446975354096e-17
RPFa3,selected SOZ,1.6234268482169338,Preictal reference,1.909471880312523e-17
RPFa3,selected SOZ,-1.7277853642874588,WGAN-GP Full,7.113071862563891e-15
RPFa3,selected SOZ,-1.7165772966871096,WGAN-GP Full,1.1615618465161222e-14
RPFa3,selected SOZ,-1.7053692290867606,WGAN-GP Full,1.8877743773875883e-14
RPFa3,selected SOZ,-1.6941611614864114,WGAN-GP Full,3.053400410159211e-14
RPFa3,selected SOZ,-1.6829530938860622,WGAN-GP Full,4.915264573194416e-14
RPFa3,selected SOZ,-1.671745026285713,WGAN-GP Full,7.874868194030835e-14
RPFa3,selected SOZ,-1.660536958685364,WGAN-GP Full,1.2556742509444623e-13
RPFa3,selected SOZ,-1.6493288910850148,WGAN-GP Full,1.9927476747593145e-13
RPFa3,selected SOZ,-1.6381208234846656,WGAN-GP Full,3.1475590462990106e-13
RPFa3,selected SOZ,-1.6269127558843166,WGAN-GP Full,4.948193323605663e-13
RPFa3,selected SOZ,-1.6157046882839674,WGAN-GP Full,7.742405598041817e-13
RPFa3,selected SOZ,-1.6044966206836182,WGAN-GP Full,1.2057779045164144e-12
RPFa3,selected SOZ,-1.5932885530832692,WGAN-GP Full,1.869075803893825e-12
RPFa3,selected SOZ,-1.58208048548292,WGAN-GP Full,2.8837736545613296e-12
RPFa3,selected SOZ,-1.5708724178825708,WGAN-GP Full,4.428707551430205e-12
RPFa3,selected SOZ,-1.5596643502822216,WGAN-GP Full,6.769893096723004e-12
RPFa3,selected SOZ,-1.5484562826818726,WGAN-GP Full,1.0301097609743822e-11
RPFa3,selected SOZ,-1.5372482150815234,WGAN-GP Full,1.5602368484655115e-11
RPFa3,selected SOZ,-1.5260401474811742,WGAN-GP Full,2.3524041009687257e-11
RPFa3,selected SOZ,-1.5148320798808252,WGAN-GP Full,3.5306717562869424e-11
RPFa3,selected SOZ,-1.503624012280476,WGAN-GP Full,5.275177537003629e-11
RPFa3,selected SOZ,-1.4924159446801268,WGAN-GP Full,7.846249885109041e-11
RPFa3,selected SOZ,-1.4812078770797776,WGAN-GP Full,1.1618344169311236e-10
RPFa3,selected SOZ,-1.4699998094794289,WGAN-GP Full,1.7127575479853136e-10
RPFa3,selected SOZ,-1.4587917418790797,WGAN-GP Full,2.5137982037851494e-10
RPFa3,selected SOZ,-1.4475836742787302,WGAN-GP Full,3.6733471718674333e-10
RPFa3,selected SOZ,-1.4363756066783813,WGAN-GP Full,5.344482427784386e-10
RPFa3,selected SOZ,-1.425167539078032,WGAN-GP Full,7.742432901659952e-10
RPFa3,selected SOZ,-1.4139594714776829,WGAN-GP Full,1.1168487063120758e-09
RPFa3,selected SOZ,-1.4027514038773337,WGAN-GP Full,1.604258414795375e-09
RPFa3,selected SOZ,-1.391543336276985,WGAN-GP Full,2.294755491567659e-09
RPFa3,selected SOZ,-1.3803352686766357,WGAN-GP Full,3.2688930580635473e-09
RPFa3,selected SOZ,-1.3691272010762865,WGAN-GP Full,4.637547695873889e-09
RPFa3,selected SOZ,-1.3579191334759373,WGAN-GP Full,6.552721728447636e-09
RPFa3,selected SOZ,-1.346711065875588,WGAN-GP Full,9.221978488496041e-09
RPFa3,selected SOZ,-1.3355029982752389,WGAN-GP Full,1.2927662684859149e-08
RPFa3,selected SOZ,-1.3242949306748897,WGAN-GP Full,1.805240275113643e-08
RPFa3,selected SOZ,-1.3130868630745407,WGAN-GP Full,2.5112834482107507e-08
RPFa3,selected SOZ,-1.3018787954741915,WGAN-GP Full,3.480405162221413e-08
RPFa3,selected SOZ,-1.2906707278738423,WGAN-GP Full,4.8058012342784714e-08
RPFa3,selected SOZ,-1.279462660273493,WGAN-GP Full,6.612005198817767e-08
RPFa3,selected SOZ,-1.268254592673144,WGAN-GP Full,9.064882350999209e-08
RPFa3,selected SOZ,-1.257046525072795,WGAN-GP Full,1.2384647147643803e-07
RPFa3,selected SOZ,-1.2458384574724457,WGAN-GP Full,1.6862772230707336e-07
RPFa3,selected SOZ,-1.2346303898720967,WGAN-GP Full,2.2883893936740768e-07
RPFa3,selected SOZ,-1.2234223222717475,WGAN-GP Full,3.0954116518086175e-07
RPFa3,selected SOZ,-1.2122142546713983,WGAN-GP Full,4.173748979995505e-07
RPFa3,selected SOZ,-1.2010061870710491,WGAN-GP Full,5.610289994801325e-07
RPFa3,selected SOZ,-1.1897981194707,WGAN-GP Full,7.518419111761167e-07
RPFa3,selected SOZ,-1.178590051870351,WGAN-GP Full,1.0045705150826376e-06
RPFa3,selected SOZ,-1.1673819842700015,WGAN-GP Full,1.3383707949789248e-06
RPFa3,selected SOZ,-1.1561739166696523,WGAN-GP Full,1.7780452741729991e-06
RPFa3,selected SOZ,-1.1449658490693035,WGAN-GP Full,2.355625403384819e-06
RPFa3,selected SOZ,-1.1337577814689546,WGAN-GP Full,3.1123730814424673e-06
RPFa3,selected SOZ,-1.1225497138686054,WGAN-GP Full,4.1013047911757205e-06
RPFa3,selected SOZ,-1.1113416462682562,WGAN-GP Full,5.390364947533884e-06
RPFa3,selected SOZ,-1.100133578667907,WGAN-GP Full,7.066402544695985e-06
RPFa3,selected SOZ,-1.0889255110675575,WGAN-GP Full,9.240137636772411e-06
RPFa3,selected SOZ,-1.0777174434672088,WGAN-GP Full,1.205234217922161e-05
RPFa3,selected SOZ,-1.0665093758668596,WGAN-GP Full,1.5681503859189703e-05
RPFa3,selected SOZ,-1.0553013082665106,WGAN-GP Full,2.0353292259232243e-05
RPFa3,selected SOZ,-1.0440932406661614,WGAN-GP Full,2.6352204436173063e-05
RPFa3,selected SOZ,-1.0328851730658122,WGAN-GP Full,3.403583200705815e-05
RPFa3,selected SOZ,-1.021677105465463,WGAN-GP Full,4.3852264152204016e-05
RPFa3,selected SOZ,-1.0104690378651138,WGAN-GP Full,5.636122031624518e-05
RPFa3,selected SOZ,-0.9992609702647648,WGAN-GP Full,7.225959218580255e-05
RPFa3,selected SOZ,-0.9880529026644156,WGAN-GP Full,9.241216566097541e-05
RPFa3,selected SOZ,-0.9768448350640664,WGAN-GP Full,0.00011788838837882282
RPFa3,selected SOZ,-0.9656367674637172,WGAN-GP Full,0.00015000614460553244
RPFa3,selected SOZ,-0.9544286998633682,WGAN-GP Full,0.0001903835939694452
RPFa3,selected SOZ,-0.943220632263019,WGAN-GP Full,0.00024100021972347987
RPFa3,selected SOZ,-0.93201256466267,WGAN-GP Full,0.000304268311288868
RPFa3,selected SOZ,-0.9208044970623208,WGAN-GP Full,0.00038311616911316094
RPFa3,selected SOZ,-0.9095964294619716,WGAN-GP Full,0.00048108436082546624
RPFa3,selected SOZ,-0.8983883618616225,WGAN-GP Full,0.0006024363688627251
RPFa3,selected SOZ,-0.8871802942612733,WGAN-GP Full,0.0007522849429549739
RPFa3,selected SOZ,-0.8759722266609242,WGAN-GP Full,0.0009367353972415869
RPFa3,selected SOZ,-0.8647641590605751,WGAN-GP Full,0.001163046962073857
RPFa3,selected SOZ,-0.8535560914602259,WGAN-GP Full,0.0014398131053486973
RPFa3,selected SOZ,-0.8423480238598768,WGAN-GP Full,0.0017771614683678699
RPFa3,selected SOZ,-0.8311399562595276,WGAN-GP Full,0.0021869737082731142
RPFa3,selected SOZ,-0.8199318886591785,WGAN-GP Full,0.002683125095824823
RPFa3,selected SOZ,-0.8087238210588293,WGAN-GP Full,0.0032817431782123175
RPFa3,selected SOZ,-0.7975157534584802,WGAN-GP Full,0.004001484178653986
RPFa3,selected SOZ,-0.7863076858581312,WGAN-GP Full,0.004863825067768714
RPFa3,selected SOZ,-0.775099618257782,WGAN-GP Full,0.005893368409772808
RPFa3,selected SOZ,-0.7638915506574329,WGAN-GP Full,0.0071181561674841754
RPFa3,selected SOZ,-0.7526834830570837,WGAN-GP Full,0.00856998765673346
RPFa3,selected SOZ,-0.7414754154567346,WGAN-GP Full,0.01028473579120262
RPFa3,selected SOZ,-0.7302673478563854,WGAN-GP Full,0.012302654676548239
RPFa3,selected SOZ,-0.7190592802560363,WGAN-GP Full,0.014668670527156171
RPFa3,selected SOZ,-0.7078512126556871,WGAN-GP Full,0.017432646824642777
RPFa3,selected SOZ,-0.6966431450553381,WGAN-GP Full,0.020649613653880395
RPFa3,selected SOZ,-0.6854350774549889,WGAN-GP Full,0.024379950283718307
RPFa3,selected SOZ,-0.6742270098546397,WGAN-GP Full,0.02868950935266743
RPFa3,selected SOZ,-0.6630189422542905,WGAN-GP Full,0.0336496705233985
RPFa3,selected SOZ,-0.6518108746539415,WGAN-GP Full,0.03933731123277385
RPFa3,selected SOZ,-0.6406028070535923,WGAN-GP Full,0.04583468223327534
RPFa3,selected SOZ,-0.6293947394532431,WGAN-GP Full,0.05322917603996249
RPFa3,selected SOZ,-0.6181866718528941,WGAN-GP Full,0.06161297720103164
RPFa3,selected SOZ,-0.6069786042525449,WGAN-GP Full,0.0710825845273425
RPFa3,selected SOZ,-0.5957705366521957,WGAN-GP Full,0.08173819706362047
RPFa3,selected SOZ,-0.5845624690518465,WGAN-GP Full,0.093682957664817
RPFa3,selected SOZ,-0.5733544014514975,WGAN-GP Full,0.10702205054367575
RPFa3,selected SOZ,-0.5621463338511483,WGAN-GP Full,0.12186165205181361
RPFa3,selected SOZ,-0.5509382662507991,WGAN-GP Full,0.1383077372011736
RPFa3,selected SOZ,-0.5397301986504501,WGAN-GP Full,0.1564647479627281
RPFa3,selected SOZ,-0.5285221310501009,WGAN-GP Full,0.17643413311522693
RPFa3,selected SOZ,-0.5173140634497517,WGAN-GP Full,0.19831277326358518
RPFa3,selected SOZ,-0.5061059958494027,WGAN-GP Full,0.22219130849636273
RPFa3,selected SOZ,-0.4948979282490535,WGAN-GP Full,0.24815238988677585
RPFa3,selected SOZ,-0.4836898606487043,WGAN-GP Full,0.2762688795382289
RPFa3,selected SOZ,-0.4724817930483551,WGAN-GP Full,0.3066020270084032
RPFa3,selected SOZ,-0.4612737254480061,WGAN-GP Full,0.3391996525940543
RPFa3,selected SOZ,-0.4500656578476569,WGAN-GP Full,0.3740943700098437
RPFa3,selected SOZ,-0.4388575902473077,WGAN-GP Full,0.41130188235056414
RPFa3,selected SOZ,-0.4276495226469587,WGAN-GP Full,0.4508193858088934
RPFa3,selected SOZ,-0.4164414550466095,WGAN-GP Full,0.4926241153753932
RPFa3,selected SOZ,-0.4052333874462603,WGAN-GP Full,0.5366720656475651
RPFa3,selected SOZ,-0.3940253198459111,WGAN-GP Full,0.5828969179229788
RPFa3,selected SOZ,-0.3828172522455622,WGAN-GP Full,0.6312092019829957
RPFa3,selected SOZ,-0.371609184645213,WGAN-GP Full,0.6814957174539448
RPFa3,selected SOZ,-0.3604011170448638,WGAN-GP Full,0.733619235456753
RPFa3,selected SOZ,-0.3491930494445148,WGAN-GP Full,0.7874184965449441
RPFa3,selected SOZ,-0.3379849818441656,WGAN-GP Full,0.8427085158260159
RPFa3,selected SOZ,-0.3267769142438164,WGAN-GP Full,0.8992812008191644
RPFa3,selected SOZ,-0.3155688466434672,WGAN-GP Full,0.9569062821860882
RPFa3,selected SOZ,-0.3043607790431182,WGAN-GP Full,1.015332552145096
RPFa3,selected SOZ,-0.293152711442769,WGAN-GP Full,1.0742894002956744
RPFa3,selected SOZ,-0.2819446438424198,WGAN-GP Full,1.1334886318794606
RPFa3,selected SOZ,-0.2707365762420708,WGAN-GP Full,1.1926265492988897
RPFa3,selected SOZ,-0.2595285086417216,WGAN-GP Full,1.251386274091573
RPFa3,selected SOZ,-0.2483204410413724,WGAN-GP Full,1.3094402835691024
RPFa3,selected SOZ,-0.2371123734410232,WGAN-GP Full,1.3664531339899721
RPFa3,selected SOZ,-0.2259043058406742,WGAN-GP Full,1.4220843404286572
RPFa3,selected SOZ,-0.214696238240325,WGAN-GP Full,1.475991382375973
RPFa3,selected SOZ,-0.2034881706399758,WGAN-GP Full,1.527832803478709
RPFa3,selected SOZ,-0.1922801030396268,WGAN-GP Full,1.577271373599789
RPFa3,selected SOZ,-0.1810720354392776,WGAN-GP Full,1.6239772814390059
RPFa3,selected SOZ,-0.1698639678389284,WGAN-GP Full,1.6676313261817195
RPFa3,selected SOZ,-0.1586559002385792,WGAN-GP Full,1.7079280769276468
RPFa3,selected SOZ,-0.1474478326382302,WGAN-GP Full,1.7445789689004778
RPFa3,selected SOZ,-0.136239765037881,WGAN-GP Full,1.7773153055803907
RPFa3,selected SOZ,-0.1250316974375318,WGAN-GP Full,1.8058911359008951
RPFa3,selected SOZ,-0.1138236298371828,WGAN-GP Full,1.8300859755071943
RPFa3,selected SOZ,-0.1026155622368336,WGAN-GP Full,1.8497073408275437
RPFa3,selected SOZ,-0.0914074946364844,WGAN-GP Full,1.8645930644407138
RPFa3,selected SOZ,-0.0801994270361352,WGAN-GP Full,1.8746133600463397
RPFa3,selected SOZ,-0.0689913594357862,WGAN-GP Full,1.8796726054056472
RPFa3,selected SOZ,-0.057783291835437,WGAN-GP Full,1.8797108120793125
RPFa3,selected SOZ,-0.0465752242350878,WGAN-GP Full,1.8747047518190239
RPFa3,selected SOZ,-0.0353671566347388,WGAN-GP Full,1.8646687112342857
RPFa3,selected SOZ,-0.0241590890343896,WGAN-GP Full,1.8496548490032136
RPFa3,selected SOZ,-0.0129510214340404,WGAN-GP Full,1.8297531335403878
RPFa3,selected SOZ,-0.0017429538336914,WGAN-GP Full,1.8050908437461364
RPFa3,selected SOZ,0.0094651137666577,WGAN-GP Full,1.775831621258502
RPFa3,selected SOZ,0.0206731813670069,WGAN-GP Full,1.7421740694669003
RPFa3,selected SOZ,0.0318812489673561,WGAN-GP Full,1.7043499023193713
RPFa3,selected SOZ,0.043089316567705,WGAN-GP Full,1.662621654492059
RPFa3,selected SOZ,0.0542973841680543,WGAN-GP Full,1.6172799735629841
RPFa3,selected SOZ,0.0655054517684035,WGAN-GP Full,1.5686405241627024
RPFa3,selected SOZ,0.0767135193687524,WGAN-GP Full,1.5170405433450704
RPFa3,selected SOZ,0.0879215869691016,WGAN-GP Full,1.462835095293039
RPFa3,selected SOZ,0.0991296545694508,WGAN-GP Full,1.406393081598462
RPFa3,selected SOZ,0.1103377221698,WGAN-GP Full,1.348093070395648
RPFa3,selected SOZ,0.121545789770149,WGAN-GP Full,1.28831901327682
RPFa3,selected SOZ,0.1327538573704982,WGAN-GP Full,1.227455922910762
RPFa3,selected SOZ,0.1439619249708474,WGAN-GP Full,1.1658855864169027
RPFa3,selected SOZ,0.1551699925711964,WGAN-GP Full,1.1039823896835557
RPFa3,selected SOZ,0.1663780601715456,WGAN-GP Full,1.0421093259013183
RPFa3,selected SOZ,0.1775861277718948,WGAN-GP Full,0.980614257637765
RPFa3,selected SOZ,0.188794195372244,WGAN-GP Full,0.9198264959118645
RPFa3,selected SOZ,0.200002262972593,WGAN-GP Full,0.8600537521192225
RPFa3,selected SOZ,0.2112103305729422,WGAN-GP Full,0.8015795095627166
RPFa3,selected SOZ,0.2224183981732914,WGAN-GP Full,0.7446608510642561
RPFa3,selected SOZ,0.2336264657736404,WGAN-GP Full,0.6895267680210091
RPFa3,selected SOZ,0.2448345333739896,WGAN-GP Full,0.6363769646997264
RPFa3,selected SOZ,0.2560426009743388,WGAN-GP Full,0.585381159918903
RPFa3,selected SOZ,0.267250668574688,WGAN-GP Full,0.5366788769285386
RPFa3,selected SOZ,0.278458736175037,WGAN-GP Full,0.4903797016147121
RPFa3,selected SOZ,0.2896668037753862,WGAN-GP Full,0.4465639794472685
RPFa3,selected SOZ,0.3008748713757354,WGAN-GP Full,0.40528391312229534
RPFa3,selected SOZ,0.3120829389760846,WGAN-GP Full,0.3665650158355496
RPFa3,selected SOZ,0.3232910065764338,WGAN-GP Full,0.33040786970628755
RPFa3,selected SOZ,0.3344990741767826,WGAN-GP Full,0.2967901351329683
RPFa3,selected SOZ,0.3457071417771318,WGAN-GP Full,0.26566875481907376
RPFa3,selected SOZ,0.356915209377481,WGAN-GP Full,0.23698229581245012
RPFa3,selected SOZ,0.3681232769778302,WGAN-GP Full,0.2106533740534522
RPFa3,selected SOZ,0.3793313445781794,WGAN-GP Full,0.18659110847675586
RPFa3,selected SOZ,0.3905394121785286,WGAN-GP Full,0.16469355547149703
RPFa3,selected SOZ,0.4017474797788778,WGAN-GP Full,0.14485007926018112
RPFa3,selected SOZ,0.4129555473792266,WGAN-GP Full,0.1269436192767533
RPFa3,selected SOZ,0.4241636149795758,WGAN-GP Full,0.11085282167109271
RPFa3,selected SOZ,0.435371682579925,WGAN-GP Full,0.09645400840662066
RPFa3,selected SOZ,0.4465797501802742,WGAN-GP Full,0.0836229638282595
RPFa3,selected SOZ,0.4577878177806234,WGAN-GP Full,0.07223652485738628
RPFa3,selected SOZ,0.4689958853809726,WGAN-GP Full,0.06217396694214582
RPFa3,selected SOZ,0.4802039529813218,WGAN-GP Full,0.053318183408225285
RPFa3,selected SOZ,0.4914120205816705,WGAN-GP Full,0.04555666080166622
RPFa3,selected SOZ,0.5026200881820198,WGAN-GP Full,0.038782257108547956
RPFa3,selected SOZ,0.513828155782369,WGAN-GP Full,0.03289379332570974
RPFa3,selected SOZ,0.5250362233827182,WGAN-GP Full,0.027796471721053158
RPFa3,selected SOZ,0.5362442909830674,WGAN-GP Full,0.023402136267655558
RPFa3,selected SOZ,0.5474523585834166,WGAN-GP Full,0.019629392192409674
RPFa3,selected SOZ,0.5586604261837658,WGAN-GP Full,0.016403602396022274
RPFa3,selected SOZ,0.5698684937841145,WGAN-GP Full,0.0136567787405324
RPFa3,selected SOZ,0.5810765613844637,WGAN-GP Full,0.011327385937121872
RPFa3,selected SOZ,0.5922846289848129,WGAN-GP Full,0.009360075081145705
RPFa3,selected SOZ,0.6034926965851621,WGAN-GP Full,0.007705362855644433
RPFa3,selected SOZ,0.6147007641855113,WGAN-GP Full,0.006319271140721168
RPFa3,selected SOZ,0.6259088317858605,WGAN-GP Full,0.00516294030178926
RPFa3,selected SOZ,0.6371168993862097,WGAN-GP Full,0.0042022278564179715
RPFa3,selected SOZ,0.6483249669865585,WGAN-GP Full,0.0034073026011270536
RPFa3,selected SOZ,0.6595330345869077,WGAN-GP Full,0.002752242670934058
RPFa3,selected SOZ,0.6707411021872569,WGAN-GP Full,0.0022146444512541217
RPFa3,selected SOZ,0.6819491697876061,WGAN-GP Full,0.0017752477998903445
RPFa3,selected SOZ,0.6931572373879553,WGAN-GP Full,0.0014175816931462364
RPFa3,selected SOZ,0.7043653049883045,WGAN-GP Full,0.0011276332027727967
RPFa3,selected SOZ,0.7155733725886533,WGAN-GP Full,0.0008935416500480719
RPFa3,selected SOZ,0.7267814401890025,WGAN-GP Full,0.0007053188735869932
RPFa3,selected SOZ,0.7379895077893517,WGAN-GP Full,0.0005545957866804764
RPFa3,selected SOZ,0.7491975753897009,WGAN-GP Full,0.00043439478175114933
RPFa3,selected SOZ,0.7604056429900501,WGAN-GP Full,0.000338927054150639
RPFa3,selected SOZ,0.7716137105903993,WGAN-GP Full,0.0002634135528571493
RPFa3,selected SOZ,0.7828217781907485,WGAN-GP Full,0.00020392800800867172
RPFa3,selected SOZ,0.7940298457910973,WGAN-GP Full,0.0001572603202571059
RPFa3,selected SOZ,0.8052379133914465,WGAN-GP Full,0.00012079851022857279
RPFa3,selected SOZ,0.8164459809917957,WGAN-GP Full,9.242740397370327e-05
RPFa3,selected SOZ,0.8276540485921449,WGAN-GP Full,7.044225910911382e-05
RPFa3,selected SOZ,0.8388621161924941,WGAN-GP Full,5.34756044616688e-05
RPFa3,selected SOZ,0.8500701837928433,WGAN-GP Full,4.043566283413805e-05
RPFa3,selected SOZ,0.8612782513931925,WGAN-GP Full,3.0454842834810018e-05
RPFa3,selected SOZ,0.8724863189935412,WGAN-GP Full,2.284691380321024e-05
RPFa3,selected SOZ,0.8836943865938904,WGAN-GP Full,1.7071611350604787e-05
RPFa3,selected SOZ,0.8949024541942396,WGAN-GP Full,1.2705554841711402e-05
RPFa3,selected SOZ,0.9061105217945888,WGAN-GP Full,9.418488371123954e-06
RPFa3,selected SOZ,0.917318589394938,WGAN-GP Full,6.953980569359201e-06
RPFa3,selected SOZ,0.9285266569952872,WGAN-GP Full,5.113833935944174e-06
RPFa3,selected SOZ,0.9397347245956365,WGAN-GP Full,3.745560114355168e-06
RPFa3,selected SOZ,0.9509427921959852,WGAN-GP Full,2.732372977857981e-06
RPFa3,selected SOZ,0.9621508597963344,WGAN-GP Full,1.9852364482500845e-06
RPFa3,selected SOZ,0.9733589273966836,WGAN-GP Full,1.4365788479597366e-06
RPFa3,selected SOZ,0.9845669949970328,WGAN-GP Full,1.035350781403365e-06
RPFa3,selected SOZ,0.995775062597382,WGAN-GP Full,7.431597252175139e-07
RPFa3,selected SOZ,1.0069831301977312,WGAN-GP Full,5.312624599858799e-07
RPFa3,selected SOZ,1.0181911977980804,WGAN-GP Full,3.782370331404232e-07
RPFa3,selected SOZ,1.0293992653984292,WGAN-GP Full,2.681899489749853e-07
RPFa3,selected SOZ,1.0406073329987784,WGAN-GP Full,1.8938256048547266e-07
RPFa3,selected SOZ,1.0518154005991276,WGAN-GP Full,1.3318396780743204e-07
RPFa3,selected SOZ,1.0630234681994768,WGAN-GP Full,9.327682872570578e-08
RPFa3,selected SOZ,1.074231535799826,WGAN-GP Full,6.505800954545101e-08
RPFa3,selected SOZ,1.0854396034001752,WGAN-GP Full,4.5188529533030396e-08
RPFa3,selected SOZ,1.0966476710005244,WGAN-GP Full,3.1257287831411994e-08
RPFa3,selected SOZ,1.1078557386008732,WGAN-GP Full,2.1531048381411655e-08
RPFa3,selected SOZ,1.1190638062012224,WGAN-GP Full,1.4769472163055304e-08
RPFa3,selected SOZ,1.1302718738015716,WGAN-GP Full,1.0088944982659895e-08
RPFa3,selected SOZ,1.1414799414019208,WGAN-GP Full,6.862818999210006e-09
RPFa3,selected SOZ,1.15268800900227,WGAN-GP Full,4.648687427662703e-09
RPFa3,selected SOZ,1.1638960766026192,WGAN-GP Full,3.13562505050264e-09
RPFa3,selected SOZ,1.1751041442029684,WGAN-GP Full,2.1060992316759296e-09
RPFa3,selected SOZ,1.1863122118033171,WGAN-GP Full,1.4086055204998519e-09
RPFa3,selected SOZ,1.1975202794036663,WGAN-GP Full,9.381033972768999e-10
RPFa3,selected SOZ,1.2087283470040155,WGAN-GP Full,6.220964219901672e-10
RPFa3,selected SOZ,1.2199364146043647,WGAN-GP Full,4.107762002393769e-10
RPFa3,selected SOZ,1.231144482204714,WGAN-GP Full,2.700774491320341e-10
RPFa3,selected SOZ,1.2423525498050632,WGAN-GP Full,1.768079403294862e-10
RPFa3,selected SOZ,1.2535606174054124,WGAN-GP Full,1.1524989099768176e-10
RPFa3,selected SOZ,1.2647686850057611,WGAN-GP Full,7.479964545142248e-11
RPFa3,selected SOZ,1.2759767526061103,WGAN-GP Full,4.83363414905396e-11
RPFa3,selected SOZ,1.2871848202064595,WGAN-GP Full,3.109984492584846e-11
RPFa3,selected SOZ,1.2983928878068087,WGAN-GP Full,1.9922686538260348e-11
RPFa3,selected SOZ,1.309600955407158,WGAN-GP Full,1.2706848943916007e-11
RPFa3,selected SOZ,1.3208090230075071,WGAN-GP Full,8.069065014489685e-12
RPFa3,selected SOZ,1.3320170906078563,WGAN-GP Full,5.1015140041072325e-12
RPFa3,selected SOZ,1.343225158208205,WGAN-GP Full,3.211150483881092e-12
RPFa3,selected SOZ,1.3544332258085543,WGAN-GP Full,2.0123484181546853e-12
RPFa3,selected SOZ,1.3656412934089035,WGAN-GP Full,1.2555150658335945e-12
RPFa3,selected SOZ,1.3768493610092527,WGAN-GP Full,7.798521273283205e-13
RPFa3,selected SOZ,1.388057428609602,WGAN-GP Full,4.822470525903232e-13
RPFa3,selected SOZ,1.399265496209951,WGAN-GP Full,2.9688575542505736e-13
RPFa3,selected SOZ,1.4104735638103003,WGAN-GP Full,1.8195631455433032e-13
RPFa3,selected SOZ,1.421681631410649,WGAN-GP Full,1.1101930318625589e-13
RPFa3,selected SOZ,1.4328896990109985,WGAN-GP Full,6.743403196033194e-14
RPFa3,selected SOZ,1.4440977666113477,WGAN-GP Full,4.07760134789298e-14
RPFa3,selected SOZ,1.455305834211697,WGAN-GP Full,2.4545462573999592e-14
RPFa3,selected SOZ,1.466513901812046,WGAN-GP Full,1.4708703230918297e-14
RPFa3,selected SOZ,1.477721969412395,WGAN-GP Full,8.774254350384678e-15
RPFa3,selected SOZ,1.4889300370127443,WGAN-GP Full,5.2104443431796454e-15
RPFa3,selected SOZ,1.500138104613093,WGAN-GP Full,3.0800950883576147e-15
RPFa3,selected SOZ,1.5113461722134425,WGAN-GP Full,1.812485327882872e-15
RPFa3,selected SOZ,1.5225542398137917,WGAN-GP Full,1.0617008274353159e-15
RPFa3,selected SOZ,1.5337623074141409,WGAN-GP Full,6.1907524559214e-16
RPFa3,selected SOZ,1.54497037501449,WGAN-GP Full,3.5933107067799357e-16
RPFa3,selected SOZ,1.556178442614839,WGAN-GP Full,2.0761209710749383e-16
RPFa3,selected SOZ,1.5673865102151885,WGAN-GP Full,1.1940256833561904e-16
RPFa3,selected SOZ,1.578594577815537,WGAN-GP Full,6.83556577099553e-17
RPFa3,selected SOZ,1.5898026454158862,WGAN-GP Full,3.895218110864512e-17
RPFa3,selected SOZ,1.6010107130162354,WGAN-GP Full,2.2094410549847323e-17
RPFa3,selected SOZ,1.6122187806165846,WGAN-GP Full,1.2474503412168932e-17
RPFa3,selected SOZ,1.6234268482169338,WGAN-GP Full,7.010536877492438e-18
RA3,selected non-SOZ,-1.7583495634668236,Observed ictal,2.3925503407048284e-09
RA3,selected non-SOZ,-1.746090957072316,Observed ictal,3.696627829270754e-09
RA3,selected non-SOZ,-1.7338323506778084,Observed ictal,5.679085943638783e-09
RA3,selected non-SOZ,-1.7215737442833008,Observed ictal,8.6752514135967e-09
RA3,selected non-SOZ,-1.7093151378887932,Observed ictal,1.3177092631078914e-08
RA3,selected non-SOZ,-1.6970565314942856,Observed ictal,1.9901882375045778e-08
RA3,selected non-SOZ,-1.6847979250997778,Observed ictal,2.9888836811283006e-08
RA3,selected non-SOZ,-1.6725393187052702,Observed ictal,4.4634184709418105e-08
RA3,selected non-SOZ,-1.6602807123107626,Observed ictal,6.62786305697652e-08
RA3,selected non-SOZ,-1.648022105916255,Observed ictal,9.786570718044674e-08
RA3,selected non-SOZ,-1.6357634995217474,Observed ictal,1.4369530692585454e-07
RA3,selected non-SOZ,-1.6235048931272398,Observed ictal,2.0980401290862736e-07
RA3,selected non-SOZ,-1.6112462867327322,Observed ictal,3.046130309682099e-07
RA3,selected non-SOZ,-1.5989876803382246,Observed ictal,4.397958917551808e-07
RA3,selected non-SOZ,-1.586729073943717,Observed ictal,6.314320081605686e-07
RA3,selected non-SOZ,-1.5744704675492094,Observed ictal,9.015290032551184e-07
RA3,selected non-SOZ,-1.5622118611547018,Observed ictal,1.2800168176512618e-06
RA3,selected non-SOZ,-1.5499532547601942,Observed ictal,1.8073402688999996e-06
RA3,selected non-SOZ,-1.5376946483656866,Observed ictal,2.53780419397604e-06
RA3,selected non-SOZ,-1.525436041971179,Observed ictal,3.5438566566771117e-06
RA3,selected non-SOZ,-1.5131774355766714,Observed ictal,4.921530860492226e-06
RA3,selected non-SOZ,-1.5009188291821636,Observed ictal,6.797305045170158e-06
RA3,selected non-SOZ,-1.488660222787656,Observed ictal,9.336681119459623e-06
RA3,selected non-SOZ,-1.4764016163931484,Observed ictal,1.2754826065754945e-05
RA3,selected non-SOZ,-1.4641430099986408,Observed ictal,1.732966376146651e-05
RA3,selected non-SOZ,-1.4518844036041332,Observed ictal,2.3417846794560402e-05
RA3,selected non-SOZ,-1.4396257972096256,Observed ictal,3.147407553621203e-05
RA3,selected non-SOZ,-1.427367190815118,Observed ictal,4.207426200606108e-05
RA3,selected non-SOZ,-1.4151085844206104,Observed ictal,5.5943055168999024e-05
RA3,selected non-SOZ,-1.4028499780261028,Observed ictal,7.39862479363433e-05
RA3,selected non-SOZ,-1.3905913716315952,Observed ictal,9.732856956027783e-05
RA3,selected non-SOZ,-1.3783327652370874,Observed ictal,0.00012735732526670437
RA3,selected non-SOZ,-1.3660741588425798,Observed ictal,0.00016577227275091705
RA3,selected non-SOZ,-1.3538155524480722,Observed ictal,0.00021464201765397474
RA3,selected non-SOZ,-1.3415569460535646,Observed ictal,0.0002764670629921139
RA3,selected non-SOZ,-1.329298339659057,Observed ictal,0.00035424945733163074
RA3,selected non-SOZ,-1.3170397332645494,Observed ictal,0.0004515687512930052
RA3,selected non-SOZ,-1.3047811268700418,Observed ictal,0.0005726636916005981
RA3,selected non-SOZ,-1.2925225204755342,Observed ictal,0.0007225187585573163
RA3,selected non-SOZ,-1.2802639140810266,Observed ictal,0.0009069542914406727
RA3,selected non-SOZ,-1.268005307686519,Observed ictal,0.0011327185548801748
RA3,selected non-SOZ,-1.2557467012920114,Observed ictal,0.0014075796890641134
RA3,selected non-SOZ,-1.2434880948975038,Observed ictal,0.001740415072256572
RA3,selected non-SOZ,-1.2312294885029962,Observed ictal,0.0021412952234058525
RA3,selected non-SOZ,-1.2189708821084886,Observed ictal,0.002621559006254132
RA3,selected non-SOZ,-1.206712275713981,Observed ictal,0.0031938765872024963
RA3,selected non-SOZ,-1.1944536693194734,Observed ictal,0.0038722963714997506
RA3,selected non-SOZ,-1.1821950629249658,Observed ictal,0.0046722720206247475
RA3,selected non-SOZ,-1.169936456530458,Observed ictal,0.005610665661491859
RA3,selected non-SOZ,-1.1576778501359504,Observed ictal,0.006705723556273769
RA3,selected non-SOZ,-1.1454192437414428,Observed ictal,0.007977020827063383
RA3,selected non-SOZ,-1.1331606373469352,Observed ictal,0.009445372333469284
RA3,selected non-SOZ,-1.1209020309524276,Observed ictal,0.01113270748757857
RA3,selected non-SOZ,-1.10864342455792,Observed ictal,0.013061907655082874
RA3,selected non-SOZ,-1.0963848181634124,Observed ictal,0.015256605819844634
RA3,selected non-SOZ,-1.0841262117689046,Observed ictal,0.017740949357833595
RA3,selected non-SOZ,-1.071867605374397,Observed ictal,0.020539328041110246
RA3,selected non-SOZ,-1.0596089989798894,Observed ictal,0.02367607072966387
RA3,selected non-SOZ,-1.0473503925853818,Observed ictal,0.027175115556204672
RA3,selected non-SOZ,-1.0350917861908742,Observed ictal,0.03105965970750814
RA3,selected non-SOZ,-1.0228331797963666,Observed ictal,0.03535179609229953
RA3,selected non-SOZ,-1.010574573401859,Observed ictal,0.040072145195251645
RA3,selected non-SOZ,-0.9983159670073514,Observed ictal,0.045239491186751794
RA3,selected non-SOZ,-0.9860573606128438,Observed ictal,0.050870431831700674
RA3,selected non-SOZ,-0.9737987542183362,Observed ictal,0.056979051870299204
RA3,selected non-SOZ,-0.9615401478238286,Observed ictal,0.0635766292953524
RA3,selected non-SOZ,-0.949281541429321,Observed ictal,0.07067138330646079
RA3,selected non-SOZ,-0.9370229350348134,Observed ictal,0.0782682716832547
RA3,selected non-SOZ,-0.9247643286403056,Observed ictal,0.08636884391038947
RA3,selected non-SOZ,-0.912505722245798,Observed ictal,0.09497115465107378
RA3,selected non-SOZ,-0.9002471158512905,Observed ictal,0.10406974016950525
RA3,selected non-SOZ,-0.8879885094567829,Observed ictal,0.1136556581311547
RA3,selected non-SOZ,-0.8757299030622753,Observed ictal,0.12371658896476942
RA3,selected non-SOZ,-0.8634712966677677,Observed ictal,0.13423699476381581
RA3,selected non-SOZ,-0.85121269027326,Observed ictal,0.14519832965555368
RA3,selected non-SOZ,-0.8389540838787524,Observed ictal,0.1565792937889723
RA3,selected non-SOZ,-0.8266954774842448,Observed ictal,0.16835612169509795
RA3,selected non-SOZ,-0.8144368710897372,Observed ictal,0.18050289484456303
RA3,selected non-SOZ,-0.8021782646952296,Observed ictal,0.19299186783382632
RA3,selected non-SOZ,-0.789919658300722,Observed ictal,0.20579379780914925
RA3,selected non-SOZ,-0.7776610519062144,Observed ictal,0.21887826748812156
RA3,selected non-SOZ,-0.7654024455117067,Observed ictal,0.2322139934271922
RA3,selected non-SOZ,-0.7531438391171992,Observed ictal,0.24576911293856415
RA3,selected non-SOZ,-0.7408852327226916,Observed ictal,0.2595114451751087
RA3,selected non-SOZ,-0.7286266263281838,Observed ictal,0.2734087242429075
RA3,selected non-SOZ,-0.7163680199336762,Observed ictal,0.28742880461174697
RA3,selected non-SOZ,-0.7041094135391686,Observed ictal,0.3015398414069502
RA3,selected non-SOZ,-0.691850807144661,Observed ictal,0.3157104502134659
RA3,selected non-SOZ,-0.6795922007501534,Observed ictal,0.3299098526487961
RA3,selected non-SOZ,-0.6673335943556458,Observed ictal,0.34410801503153254
RA3,selected non-SOZ,-0.6550749879611382,Observed ictal,0.3582757878870049
RA3,selected non-SOZ,-0.6428163815666306,Observed ictal,0.372385053732767
RA3,selected non-SOZ,-0.630557775172123,Observed ictal,0.3864088895641641
RA3,selected non-SOZ,-0.6182991687776154,Observed ictal,0.40032174875455473
RA3,selected non-SOZ,-0.6060405623831078,Observed ictal,0.4140996647859164
RA3,selected non-SOZ,-0.5937819559886002,Observed ictal,0.42772047646899386
RA3,selected non-SOZ,-0.5815233495940924,Observed ictal,0.44116407127060536
RA3,selected non-SOZ,-0.5692647431995848,Observed ictal,0.4544126402387594
RA3,selected non-SOZ,-0.5570061368050772,Observed ictal,0.4674509350174433
RA3,selected non-SOZ,-0.5447475304105696,Observed ictal,0.4802665147858058
RA3,selected non-SOZ,-0.532488924016062,Observed ictal,0.4928499688404163
RA3,selected non-SOZ,-0.5202303176215544,Observed ictal,0.5051950991361039
RA3,selected non-SOZ,-0.5079717112270468,Observed ictal,0.5172990465433135
RA3,selected non-SOZ,-0.4957131048325391,Observed ictal,0.5291623449525635
RA3,selected non-SOZ,-0.4834544984380315,Observed ictal,0.5407888886902326
RA3,selected non-SOZ,-0.4711958920435239,Observed ictal,0.5521858009793158
RA3,selected non-SOZ,-0.4589372856490163,Observed ictal,0.5633631943041939
RA3,selected non-SOZ,-0.4466786792545087,Observed ictal,0.5743338173904573
RA3,selected non-SOZ,-0.4344200728600011,Observed ictal,0.5851125879185851
RA3,selected non-SOZ,-0.4221614664654933,Observed ictal,0.5957160148515553
RA3,selected non-SOZ,-0.4099028600709857,Observed ictal,0.6061615191501062
RA3,selected non-SOZ,-0.3976442536764781,Observed ictal,0.616466666447475
RA3,selected non-SOZ,-0.3853856472819705,Observed ictal,0.6266483297365212
RA3,selected non-SOZ,-0.3731270408874629,Observed ictal,0.6367218040820877
RA3,selected non-SOZ,-0.3608684344929553,Observed ictal,0.6466998986339688
RA3,selected non-SOZ,-0.3486098280984477,Observed ictal,0.6565920336396603
RA3,selected non-SOZ,-0.3363512217039401,Observed ictal,0.6664033716402387
RA3,selected non-SOZ,-0.3240926153094325,Observed ictal,0.6761340125187578
RA3,selected non-SOZ,-0.3118340089149249,Observed ictal,0.6857782815424203
RA3,selected non-SOZ,-0.2995754025204173,Observed ictal,0.6953241380206948
RA3,selected non-SOZ,-0.2873167961259097,Observed ictal,0.7047527297500233
RA3,selected non-SOZ,-0.2750581897314021,Observed ictal,0.7140381151190013
RA3,selected non-SOZ,-0.2627995833368943,Observed ictal,0.7231471707154745
RA3,selected non-SOZ,-0.2505409769423867,Observed ictal,0.7320396976337415
RA3,selected non-SOZ,-0.2382823705478791,Observed ictal,0.7406687345596139
RA3,selected non-SOZ,-0.2260237641533715,Observed ictal,0.7489810802505982
RA3,selected non-SOZ,-0.2137651577588639,Observed ictal,0.7569180223638716
RA3,selected non-SOZ,-0.2015065513643563,Observed ictal,0.7644162638486057
RA3,selected non-SOZ,-0.1892479449698487,Observed ictal,0.7714090324388037
RA3,selected non-SOZ,-0.1769893385753411,Observed ictal,0.7778273532808181
RA3,selected non-SOZ,-0.1647307321808335,Observed ictal,0.7836014595248317
RA3,selected non-SOZ,-0.1524721257863259,Observed ictal,0.7886623109184693
RA3,selected non-SOZ,-0.1402135193918183,Observed ictal,0.792943186179889
RA3,selected non-SOZ,-0.1279549129973107,Observed ictal,0.7963813113147441
RA3,selected non-SOZ,-0.1156963066028031,Observed ictal,0.7989194831952785
RA3,selected non-SOZ,-0.1034377002082953,Observed ictal,0.8005076457601122
RA3,selected non-SOZ,-0.0911790938137877,Observed ictal,0.8011043752368081
RA3,selected non-SOZ,-0.0789204874192801,Observed ictal,0.8006782309461336
RA3,selected non-SOZ,-0.0666618810247725,Observed ictal,0.7992089296130986
RA3,selected non-SOZ,-0.0544032746302649,Observed ictal,0.7966883037599793
RA3,selected non-SOZ,-0.0421446682357573,Observed ictal,0.7931210087342774
RA3,selected non-SOZ,-0.0298860618412497,Observed ictal,0.7885249482336822
RA3,selected non-SOZ,-0.0176274554467421,Observed ictal,0.7829313947853604
RA3,selected non-SOZ,-0.0053688490522345,Observed ictal,0.7763847894168507
RA3,selected non-SOZ,0.006889757342273,Observed ictal,0.7689422135581332
RA3,selected non-SOZ,0.0191483637367806,Observed ictal,0.7606725358135408
RA3,selected non-SOZ,0.0314069701312882,Observed ictal,0.7516552463524933
RA3,selected non-SOZ,0.0436655765257958,Observed ictal,0.7419790019495244
RA3,selected non-SOZ,0.0559241829203036,Observed ictal,0.7317399147742029
RA3,selected non-SOZ,0.0681827893148112,Observed ictal,0.7210396274798846
RA3,selected non-SOZ,0.0804413957093188,Observed ictal,0.7099832255478058
RA3,selected non-SOZ,0.0927000021038264,Observed ictal,0.698677044803724
RA3,selected non-SOZ,0.104958608498334,Observed ictal,0.6872264371679376
RA3,selected non-SOZ,0.1172172148928416,Observed ictal,0.6757335607147131
RA3,selected non-SOZ,0.1294758212873492,Observed ictal,0.6642952607729659
RA3,selected non-SOZ,0.1417344276818568,Observed ictal,0.6530011069634496
RA3,selected non-SOZ,0.1539930340763644,Observed ictal,0.6419316467177987
RA3,selected non-SOZ,0.166251640470872,Observed ictal,0.6311569290591107
RA3,selected non-SOZ,0.1785102468653796,Observed ictal,0.6207353434601685
RA3,selected non-SOZ,0.1907688532598872,Observed ictal,0.6107128077643869
RA3,selected non-SOZ,0.2030274596543948,Observed ictal,0.6011223268865313
RA3,selected non-SOZ,0.2152860660489026,Observed ictal,0.5919839308147924
RA3,selected non-SOZ,0.2275446724434102,Observed ictal,0.5833049868769232
RA3,selected non-SOZ,0.2398032788379178,Observed ictal,0.5750808678994641
RA3,selected non-SOZ,0.2520618852324252,Observed ictal,0.5672959453632179
RA3,selected non-SOZ,0.2643204916269328,Observed ictal,0.5599248654852067
RA3,selected non-SOZ,0.2765790980214404,Observed ictal,0.5529340568157928
RA3,selected non-SOZ,0.2888377044159484,Observed ictal,0.5462834108165932
RA3,selected non-SOZ,0.301096310810456,Observed ictal,0.5399280722555372
RA3,selected non-SOZ,0.3133549172049636,Observed ictal,0.5338202742712649
RA3,selected non-SOZ,0.3256135235994712,Observed ictal,0.5279111536412464
RA3,selected non-SOZ,0.3378721299939788,Observed ictal,0.5221524850301057
RA3,selected non-SOZ,0.3501307363884864,Observed ictal,0.5164982785717235
RA3,selected non-SOZ,0.362389342782994,Observed ictal,0.5109061927230449
RA3,selected non-SOZ,0.3746479491775016,Observed ictal,0.5053387235096063
RA3,selected non-SOZ,0.3869065555720092,Observed ictal,0.4997641415956917
RA3,selected non-SOZ,0.3991651619665168,Observed ictal,0.4941571595576705
RA3,selected non-SOZ,0.4114237683610244,Observed ictal,0.48849932281527353
RA3,selected non-SOZ,0.423682374755532,Observed ictal,0.48277912840063164
RA3,selected non-SOZ,0.4359409811500396,Observed ictal,0.47699188568051937
RA3,selected non-SOZ,0.4481995875445472,Observed ictal,0.4711393419166953
RA3,selected non-SOZ,0.4604581939390548,Observed ictal,0.4652291028513868
RA3,selected non-SOZ,0.4727168003335624,Observed ictal,0.45927388412325293
RA3,selected non-SOZ,0.48497540672807,Observed ictal,0.45329063312548035
RA3,selected non-SOZ,0.4972340131225776,Observed ictal,0.4472995628719182
RA3,selected non-SOZ,0.5094926195170852,Observed ictal,0.4413231395822047
RA3,selected non-SOZ,0.5217512259115928,Observed ictal,0.4353850641506739
RA3,selected non-SOZ,0.5340098323061004,Observed ictal,0.429509284608741
RA3,selected non-SOZ,0.546268438700608,Observed ictal,0.4237190723603392
RA3,selected non-SOZ,0.5585270450951156,Observed ictal,0.41803618963725336
RA3,selected non-SOZ,0.5707856514896232,Observed ictal,0.4124801695823436
RA3,selected non-SOZ,0.5830442578841308,Observed ictal,0.4070677239310759
RA3,selected non-SOZ,0.5953028642786389,Observed ictal,0.40181228673030644
RA3,selected non-SOZ,0.6075614706731465,Observed ictal,0.39672369619842274
RA3,selected non-SOZ,0.6198200770676541,Observed ictal,0.391808010957766
RA3,selected non-SOZ,0.6320786834621617,Observed ictal,0.38706745168933304
RA3,selected non-SOZ,0.6443372898566693,Observed ictal,0.3825004549589961
RA3,selected non-SOZ,0.6565958962511769,Observed ictal,0.37810182268352527
RA3,selected non-SOZ,0.6688545026456845,Observed ictal,0.3738629485305308
RA3,selected non-SOZ,0.6811131090401921,Observed ictal,0.3697721015115676
RA3,selected non-SOZ,0.6933717154346997,Observed ictal,0.3658147471099914
RA3,selected non-SOZ,0.7056303218292073,Observed ictal,0.36197388741058145
RA3,selected non-SOZ,0.7178889282237149,Observed ictal,0.35823040374449255
RA3,selected non-SOZ,0.7301475346182225,Observed ictal,0.3545633881677604
RA3,selected non-SOZ,0.7424061410127301,Observed ictal,0.3509504534585147
RA3,selected non-SOZ,0.7546647474072377,Observed ictal,0.3473680150286677
RA3,selected non-SOZ,0.7669233538017453,Observed ictal,0.3437915419697466
RA3,selected non-SOZ,0.7791819601962529,Observed ictal,0.3401957781592825
RA3,selected non-SOZ,0.7914405665907605,Observed ictal,0.33655493772480416
RA3,selected non-SOZ,0.803699172985268,Observed ictal,0.33284288200078305
RA3,selected non-SOZ,0.8159577793797756,Observed ictal,0.32903328725624564
RA3,selected non-SOZ,0.8282163857742832,Observed ictal,0.32509981379449515
RA3,selected non-SOZ,0.8404749921687908,Observed ictal,0.3210162874559502
RA3,selected non-SOZ,0.8527335985632984,Observed ictal,0.3167569040659139
RA3,selected non-SOZ,0.864992204957806,Observed ictal,0.3122964659886249
RA3,selected non-SOZ,0.8772508113523136,Observed ictal,0.30761065775541263
RA3,selected non-SOZ,0.8895094177468212,Observed ictal,0.3026763648529524
RA3,selected non-SOZ,0.9017680241413288,Observed ictal,0.2974720363525633
RA3,selected non-SOZ,0.9140266305358368,Observed ictal,0.2919780883299718
RA3,selected non-SOZ,0.9262852369303444,Observed ictal,0.28617734118542654
RA3,selected non-SOZ,0.938543843324852,Observed ictal,0.28005548025533755
RA3,selected non-SOZ,0.9508024497193596,Observed ictal,0.27360152573575686
RA3,selected non-SOZ,0.9630610561138672,Observed ictal,0.2668082951284976
RA3,selected non-SOZ,0.9753196625083748,Observed ictal,0.2596728393603736
RA3,selected non-SOZ,0.9875782689028824,Observed ictal,0.2521968325668156
RA3,selected non-SOZ,0.99983687529739,Observed ictal,0.2443868953797523
RA3,selected non-SOZ,1.0120954816918977,Observed ictal,0.23625483247067425
RA3,selected non-SOZ,1.0243540880864053,Observed ictal,0.22781776707140242
RA3,selected non-SOZ,1.0366126944809129,Observed ictal,0.21909815816723455
RA3,selected non-SOZ,1.0488713008754205,Observed ictal,0.21012368991350355
RA3,selected non-SOZ,1.061129907269928,Observed ictal,0.20092702739923318
RA3,selected non-SOZ,1.0733885136644357,Observed ictal,0.19154543795886797
RA3,selected non-SOZ,1.0856471200589433,Observed ictal,0.18202028257059139
RA3,selected non-SOZ,1.0979057264534509,Observed ictal,0.1723963872130811
RA3,selected non-SOZ,1.1101643328479585,Observed ictal,0.16272130911201255
RA3,selected non-SOZ,1.122422939242466,Observed ictal,0.15304451733353328
RA3,selected non-SOZ,1.1346815456369737,Observed ictal,0.14341651093964086
RA3,selected non-SOZ,1.1469401520314813,Observed ictal,0.133887900714269
RA3,selected non-SOZ,1.1591987584259889,Observed ictal,0.12450848215385153
RA3,selected non-SOZ,1.1714573648204964,Observed ictal,0.1153263279064957
RA3,selected non-SOZ,1.183715971215004,Observed ictal,0.10638692711831675
RA3,selected non-SOZ,1.1959745776095116,Observed ictal,0.09773239724799221
RA3,selected non-SOZ,1.2082331840040192,Observed ictal,0.089400790947521
RA3,selected non-SOZ,1.2204917903985268,Observed ictal,0.08142551674005045
RA3,selected non-SOZ,1.2327503967930349,Observed ictal,0.0738348876607678
RA3,selected non-SOZ,1.2450090031875425,Observed ictal,0.06665180700221991
RA3,selected non-SOZ,1.25726760958205,Observed ictal,0.05989359507577355
RA3,selected non-SOZ,1.2695262159765577,Observed ictal,0.05357195572243702
RA3,selected non-SOZ,1.2817848223710653,Observed ictal,0.047693076421389924
RA3,selected non-SOZ,1.2940434287655729,Observed ictal,0.042257851468661206
RA3,selected non-SOZ,1.3063020351600805,Observed ictal,0.03726221400842321
RA3,selected non-SOZ,1.318560641554588,Observed ictal,0.03269755982584826
RA3,selected non-SOZ,1.3308192479490957,Observed ictal,0.02855124383272503
RA3,selected non-SOZ,1.3430778543436033,Observed ictal,0.02480712912203273
RA3,selected non-SOZ,1.3553364607381109,Observed ictal,0.02144616831230941
RA3,selected non-SOZ,1.3675950671326185,Observed ictal,0.018446997578949634
RA3,selected non-SOZ,1.379853673527126,Observed ictal,0.015786525172386368
RA3,selected non-SOZ,1.3921122799216337,Observed ictal,0.013440498219445415
RA3,selected non-SOZ,1.4043708863161413,Observed ictal,0.01138403404343461
RA3,selected non-SOZ,1.4166294927106489,Observed ictal,0.009592104962904344
RA3,selected non-SOZ,1.4288880991051565,Observed ictal,0.008039968383160854
RA3,selected non-SOZ,1.441146705499664,Observed ictal,0.006703536834226349
RA3,selected non-SOZ,1.4534053118941717,Observed ictal,0.005559685307622311
RA3,selected non-SOZ,1.4656639182886793,Observed ictal,0.004586495698558693
RA3,selected non-SOZ,1.4779225246831869,Observed ictal,0.003763440292067007
RA3,selected non-SOZ,1.4901811310776945,Observed ictal,0.0030715079902572566
RA3,selected non-SOZ,1.502439737472202,Observed ictal,0.0024932783380406053
RA3,selected non-SOZ,1.5146983438667097,Observed ictal,0.0020129493647697014
RA3,selected non-SOZ,1.5269569502612172,Observed ictal,0.001616325837927389
RA3,selected non-SOZ,1.5392155566557253,Observed ictal,0.0012907747569312694
RA3,selected non-SOZ,1.551474163050233,Observed ictal,0.0010251548466193063
RA3,selected non-SOZ,1.5637327694447405,Observed ictal,0.0008097264945126161
RA3,selected non-SOZ,1.575991375839248,Observed ictal,0.0006360480700225949
RA3,selected non-SOZ,1.5882499822337557,Observed ictal,0.0004968639233048154
RA3,selected non-SOZ,1.6005085886282633,Observed ictal,0.00038598863886756045
RA3,selected non-SOZ,1.6127671950227709,Observed ictal,0.00029819136100145654
RA3,selected non-SOZ,1.6250258014172785,Observed ictal,0.0002290832541239582
RA3,selected non-SOZ,1.637284407811786,Observed ictal,0.00017501044282781665
RA3,selected non-SOZ,1.6495430142062937,Observed ictal,0.00013295411733853756
RA3,selected non-SOZ,1.6618016206008013,Observed ictal,0.00010043890609722518
RA3,selected non-SOZ,1.6740602269953089,Observed ictal,7.545011723498239e-05
RA3,selected non-SOZ,1.6863188333898165,Observed ictal,5.63600377998295e-05
RA3,selected non-SOZ,1.698577439784324,Observed ictal,4.1863151935288375e-05
RA3,selected non-SOZ,1.7108360461788317,Observed ictal,3.091989134291888e-05
RA3,selected non-SOZ,1.7230946525733393,Observed ictal,2.2708355306247328e-05
RA3,selected non-SOZ,1.7353532589678469,Observed ictal,1.6583323798021595e-05
RA3,selected non-SOZ,1.7476118653623545,Observed ictal,1.2041825552686042e-05
RA3,selected non-SOZ,1.759870471756862,Observed ictal,8.694503299078868e-06
RA3,selected non-SOZ,1.7721290781513697,Observed ictal,6.2420309974869036e-06
RA3,selected non-SOZ,1.7843876845458773,Observed ictal,4.4558742014802625e-06
RA3,selected non-SOZ,1.7966462909403849,Observed ictal,3.16273698784267e-06
RA3,selected non-SOZ,1.8089048973348925,Observed ictal,2.232100914840254e-06
RA3,selected non-SOZ,1.8211635037294,Observed ictal,1.5663280596418023e-06
RA3,selected non-SOZ,1.833422110123908,Observed ictal,1.092867395273851e-06
RA3,selected non-SOZ,1.8456807165184157,Observed ictal,7.581686930375106e-07
RA3,selected non-SOZ,1.8579393229129235,Observed ictal,5.229687845324464e-07
RA3,selected non-SOZ,1.870197929307431,Observed ictal,3.5867015142071426e-07
RA3,selected non-SOZ,1.8824565357019385,Observed ictal,2.4458079806765185e-07
RA3,selected non-SOZ,1.894715142096446,Observed ictal,1.6582703139942633e-07
RA3,selected non-SOZ,1.9069737484909537,Observed ictal,1.1178728833771678e-07
RA3,selected non-SOZ,-1.7583495634668236,Free Graph–RC,0.012698854493479126
RA3,selected non-SOZ,-1.746090957072316,Free Graph–RC,0.01340710714553998
RA3,selected non-SOZ,-1.7338323506778084,Free Graph–RC,0.014163810542724625
RA3,selected non-SOZ,-1.7215737442833008,Free Graph–RC,0.014970291861524225
RA3,selected non-SOZ,-1.7093151378887932,Free Graph–RC,0.015827801810900207
RA3,selected non-SOZ,-1.6970565314942856,Free Graph–RC,0.016737532365970538
RA3,selected non-SOZ,-1.6847979250997778,Free Graph–RC,0.01770063731829963
RA3,selected non-SOZ,-1.6725393187052702,Free Graph–RC,0.018718255509359724
RA3,selected non-SOZ,-1.6602807123107626,Free Graph–RC,0.01979153657431693
RA3,selected non-SOZ,-1.648022105916255,Free Graph–RC,0.020921668963458463
RA3,selected non-SOZ,-1.6357634995217474,Free Graph–RC,0.022109909924727913
RA3,selected non-SOZ,-1.6235048931272398,Free Graph–RC,0.02335761702131319
RA3,selected non-SOZ,-1.6112462867327322,Free Graph–RC,0.024666280623852576
RA3,selected non-SOZ,-1.5989876803382246,Free Graph–RC,0.02603755666132545
RA3,selected non-SOZ,-1.586729073943717,Free Graph–RC,0.027473298744951434
RA3,selected non-SOZ,-1.5744704675492094,Free Graph–RC,0.028975588605423395
RA3,selected non-SOZ,-1.5622118611547018,Free Graph–RC,0.03054676361833801
RA3,selected non-SOZ,-1.5499532547601942,Free Graph–RC,0.032189440050687065
RA3,selected non-SOZ,-1.5376946483656866,Free Graph–RC,0.03390653055894968
RA3,selected non-SOZ,-1.525436041971179,Free Graph–RC,0.0357012544229615
RA3,selected non-SOZ,-1.5131774355766714,Free Graph–RC,0.03757713902440374
RA3,selected non-SOZ,-1.5009188291821636,Free Graph–RC,0.039538011186927124
RA3,selected non-SOZ,-1.488660222787656,Free Graph–RC,0.04158797719506844
RA3,selected non-SOZ,-1.4764016163931484,Free Graph–RC,0.04373139060456458
RA3,selected non-SOZ,-1.4641430099986408,Free Graph–RC,0.04597280734461387
RA3,selected non-SOZ,-1.4518844036041332,Free Graph–RC,0.04831692808360878
RA3,selected non-SOZ,-1.4396257972096256,Free Graph–RC,0.05076852836758515
RA3,selected non-SOZ,-1.427367190815118,Free Graph–RC,0.05333237762241143
RA3,selected non-SOZ,-1.4151085844206104,Free Graph–RC,0.056013148708281404
RA3,selected non-SOZ,-1.4028499780261028,Free Graph–RC,0.05881532029596169
RA3,selected non-SOZ,-1.3905913716315952,Free Graph–RC,0.06174307486353849
RA3,selected non-SOZ,-1.3783327652370874,Free Graph–RC,0.06480019555495878
RA3,selected non-SOZ,-1.3660741588425798,Free Graph–RC,0.06798996546418044
RA3,selected non-SOZ,-1.3538155524480722,Free Graph–RC,0.07131507308236341
RA3,selected non-SOZ,-1.3415569460535646,Free Graph–RC,0.0747775276478274
RA3,selected non-SOZ,-1.329298339659057,Free Graph–RC,0.07837858795569486
RA3,selected non-SOZ,-1.3170397332645494,Free Graph–RC,0.08211870781239741
RA3,selected non-SOZ,-1.3047811268700418,Free Graph–RC,0.08599750076688624
RA3,selected non-SOZ,-1.2925225204755342,Free Graph–RC,0.0900137260341905
RA3,selected non-SOZ,-1.2802639140810266,Free Graph–RC,0.09416529667763761
RA3,selected non-SOZ,-1.268005307686519,Free Graph–RC,0.09844931017335619
RA3,selected non-SOZ,-1.2557467012920114,Free Graph–RC,0.10286210049243055
RA3,selected non-SOZ,-1.2434880948975038,Free Graph–RC,0.10739930985570631
RA3,selected non-SOZ,-1.2312294885029962,Free Graph–RC,0.11205597739991326
RA3,selected non-SOZ,-1.2189708821084886,Free Graph–RC,0.1168266411967665
RA3,selected non-SOZ,-1.206712275713981,Free Graph–RC,0.12170544944015999
RA3,selected non-SOZ,-1.1944536693194734,Free Graph–RC,0.12668627620379871
RA3,selected non-SOZ,-1.1821950629249658,Free Graph–RC,0.13176283700492702
RA3,selected non-SOZ,-1.169936456530458,Free Graph–RC,0.13692879950794565
RA3,selected non-SOZ,-1.1576778501359504,Free Graph–RC,0.1421778850676975
RA3,selected non-SOZ,-1.1454192437414428,Free Graph–RC,0.1475039574323745
RA3,selected non-SOZ,-1.1331606373469352,Free Graph–RC,0.15290109577010524
RA3,selected non-SOZ,-1.1209020309524276,Free Graph–RC,0.15836365020524001
RA3,selected non-SOZ,-1.10864342455792,Free Graph–RC,0.16388627919083443
RA3,selected non-SOZ,-1.0963848181634124,Free Graph–RC,0.16946396923307439
RA3,selected non-SOZ,-1.0841262117689046,Free Graph–RC,0.17509203864558723
RA3,selected non-SOZ,-1.071867605374397,Free Graph–RC,0.18076612806929498
RA3,selected non-SOZ,-1.0596089989798894,Free Graph–RC,0.1864821813729035
RA3,selected non-SOZ,-1.0473503925853818,Free Graph–RC,0.19223642118499037
RA3,selected non-SOZ,-1.0350917861908742,Free Graph–RC,0.19802532364914638
RA3,selected non-SOZ,-1.0228331797963666,Free Graph–RC,0.2038455970041882
RA3,selected non-SOZ,-1.010574573401859,Free Graph–RC,0.20969416825821613
RA3,selected non-SOZ,-0.9983159670073514,Free Graph–RC,0.2155681815566449
RA3,selected non-SOZ,-0.9860573606128438,Free Graph–RC,0.22146501087151357
RA3,selected non-SOZ,-0.9737987542183362,Free Graph–RC,0.22738228841541686
RA3,selected non-SOZ,-0.9615401478238286,Free Graph–RC,0.23331794878035084
RA3,selected non-SOZ,-0.949281541429321,Free Graph–RC,0.2392702873070394
RA3,selected non-SOZ,-0.9370229350348134,Free Graph–RC,0.24523802970118905
RA3,selected non-SOZ,-0.9247643286403056,Free Graph–RC,0.2512204085311538
RA3,selected non-SOZ,-0.912505722245798,Free Graph–RC,0.25721724106561517
RA3,selected non-SOZ,-0.9002471158512905,Free Graph–RC,0.2632290020302023
RA3,selected non-SOZ,-0.8879885094567829,Free Graph–RC,0.2692568843534058
RA3,selected non-SOZ,-0.8757299030622753,Free Graph–RC,0.27530284088911633
RA3,selected non-SOZ,-0.8634712966677677,Free Graph–RC,0.2813696004751984
RA3,selected non-SOZ,-0.85121269027326,Free Graph–RC,0.28746065251705233
RA3,selected non-SOZ,-0.8389540838787524,Free Graph–RC,0.29358019554566755
RA3,selected non-SOZ,-0.8266954774842448,Free Graph–RC,0.29973304683710006
RA3,selected non-SOZ,-0.8144368710897372,Free Graph–RC,0.30592451211536587
RA3,selected non-SOZ,-0.8021782646952296,Free Graph–RC,0.3121602164927808
RA3,selected non-SOZ,-0.789919658300722,Free Graph–RC,0.3184459000149149
RA3,selected non-SOZ,-0.7776610519062144,Free Graph–RC,0.32478718334664075
RA3,selected non-SOZ,-0.7654024455117067,Free Graph–RC,0.33118931113478794
RA3,selected non-SOZ,-0.7531438391171992,Free Graph–RC,0.3376568822913599
RA3,selected non-SOZ,-0.7408852327226916,Free Graph–RC,0.344193577751649
RA3,selected non-SOZ,-0.7286266263281838,Free Graph–RC,0.3508018970868848
RA3,selected non-SOZ,-0.7163680199336762,Free Graph–RC,0.3574829156289546
RA3,selected non-SOZ,-0.7041094135391686,Free Graph–RC,0.3642360734623332
RA3,selected non-SOZ,-0.691850807144661,Free Graph–RC,0.37105900675484627
RA3,selected non-SOZ,-0.6795922007501534,Free Graph–RC,0.37794743046444784
RA3,selected non-SOZ,-0.6673335943556458,Free Graph–RC,0.38489507953549346
RA3,selected non-SOZ,-0.6550749879611382,Free Graph–RC,0.3918937133737756
RA3,selected non-SOZ,-0.6428163815666306,Free Graph–RC,0.39893318577563025
RA3,selected non-SOZ,-0.630557775172123,Free Graph–RC,0.406001579711077
RA3,selected non-SOZ,-0.6182991687776154,Free Graph–RC,0.41308540356062495
RA3,selected non-SOZ,-0.6060405623831078,Free Graph–RC,0.4201698427198395
RA3,selected non-SOZ,-0.5937819559886002,Free Graph–RC,0.4272390580477757
RA3,selected non-SOZ,-0.5815233495940924,Free Graph–RC,0.4342765205661076
RA3,selected non-SOZ,-0.5692647431995848,Free Graph–RC,0.4412653702161326
RA3,selected non-SOZ,-0.5570061368050772,Free Graph–RC,0.44818878542791774
RA3,selected non-SOZ,-0.5447475304105696,Free Graph–RC,0.45503034979829676
RA3,selected non-SOZ,-0.532488924016062,Free Graph–RC,0.4617744023300342
RA3,selected non-SOZ,-0.5202303176215544,Free Graph–RC,0.468406358440687
RA3,selected non-SOZ,-0.5079717112270468,Free Graph–RC,0.4749129902635253
RA3,selected non-SOZ,-0.4957131048325391,Free Graph–RC,0.4812826565647682
RA3,selected non-SOZ,-0.4834544984380315,Free Graph–RC,0.4875054747988356
RA3,selected non-SOZ,-0.4711958920435239,Free Graph–RC,0.4935734303061863
RA3,selected non-SOZ,-0.4589372856490163,Free Graph–RC,0.4994804203053045
RA3,selected non-SOZ,-0.4466786792545087,Free Graph–RC,0.505222233014996
RA3,selected non-SOZ,-0.4344200728600011,Free Graph–RC,0.51079646484087
RA3,selected non-SOZ,-0.4221614664654933,Free Graph–RC,0.5162023809538242
RA3,selected non-SOZ,-0.4099028600709857,Free Graph–RC,0.5214407266755778
RA3,selected non-SOZ,-0.3976442536764781,Free Graph–RC,0.5265134987816085
RA3,selected non-SOZ,-0.3853856472819705,Free Graph–RC,0.5314236870728809
RA3,selected non-SOZ,-0.3731270408874629,Free Graph–RC,0.5361749973148604
RA3,selected non-SOZ,-0.3608684344929553,Free Graph–RC,0.5407715668825984
RA3,selected non-SOZ,-0.3486098280984477,Free Graph–RC,0.5452176841943438
RA3,selected non-SOZ,-0.3363512217039401,Free Graph–RC,0.549517522297848
RA3,selected non-SOZ,-0.3240926153094325,Free Graph–RC,0.5536748958469961
RA3,selected non-SOZ,-0.3118340089149249,Free Graph–RC,0.5576930492431154
RA3,selected non-SOZ,-0.2995754025204173,Free Graph–RC,0.5615744819981702
RA3,selected non-SOZ,-0.2873167961259097,Free Graph–RC,0.5653208154975381
RA3,selected non-SOZ,-0.2750581897314021,Free Graph–RC,0.5689327033916192
RA3,selected non-SOZ,-0.2627995833368943,Free Graph–RC,0.5724097859210099
RA3,selected non-SOZ,-0.2505409769423867,Free Graph–RC,0.5757506866647168
RA3,selected non-SOZ,-0.2382823705478791,Free Graph–RC,0.5789530485718374
RA3,selected non-SOZ,-0.2260237641533715,Free Graph–RC,0.5820136047568657
RA3,selected non-SOZ,-0.2137651577588639,Free Graph–RC,0.5849282784560323
RA3,selected non-SOZ,-0.2015065513643563,Free Graph–RC,0.5876923057875045
RA3,selected non-SOZ,-0.1892479449698487,Free Graph–RC,0.5903003745462805
RA3,selected non-SOZ,-0.1769893385753411,Free Graph–RC,0.592746772192008
RA3,selected non-SOZ,-0.1647307321808335,Free Graph–RC,0.5950255364356412
RA3,selected non-SOZ,-0.1524721257863259,Free Graph–RC,0.59713060236526
RA3,selected non-SOZ,-0.1402135193918183,Free Graph–RC,0.5990559408267353
RA3,selected non-SOZ,-0.1279549129973107,Free Graph–RC,0.6007956837363927
RA3,selected non-SOZ,-0.1156963066028031,Free Graph–RC,0.6023442330885859
RA3,selected non-SOZ,-0.1034377002082953,Free Graph–RC,0.6036963515666436
RA3,selected non-SOZ,-0.0911790938137877,Free Graph–RC,0.6048472338067291
RA3,selected non-SOZ,-0.0789204874192801,Free Graph–RC,0.605792558439284
RA3,selected non-SOZ,-0.0666618810247725,Free Graph–RC,0.606528521988004
RA3,selected non-SOZ,-0.0544032746302649,Free Graph–RC,0.6070518564959122
RA3,selected non-SOZ,-0.0421446682357573,Free Graph–RC,0.6073598333383343
RA3,selected non-SOZ,-0.0298860618412497,Free Graph–RC,0.6074502560526074
RA3,selected non-SOZ,-0.0176274554467421,Free Graph–RC,0.6073214451573689
RA3,selected non-SOZ,-0.0053688490522345,Free Graph–RC,0.6069722178572894
RA3,selected non-SOZ,0.006889757342273,Free Graph–RC,0.6064018652535528
RA3,selected non-SOZ,0.0191483637367806,Free Graph–RC,0.605610129238566
RA3,selected non-SOZ,0.0314069701312882,Free Graph–RC,0.6045971806886946
RA3,selected non-SOZ,0.0436655765257958,Free Graph–RC,0.6033635999309509
RA3,selected non-SOZ,0.0559241829203036,Free Graph–RC,0.6019103598020401
RA3,selected non-SOZ,0.0681827893148112,Free Graph–RC,0.6002388109950373
RA3,selected non-SOZ,0.0804413957093188,Free Graph–RC,0.5983506688498422
RA3,selected non-SOZ,0.0927000021038264,Free Graph–RC,0.596248000331767
RA3,selected non-SOZ,0.104958608498334,Free Graph–RC,0.5939332096903146
RA3,selected non-SOZ,0.1172172148928416,Free Graph–RC,0.591409021217936
RA3,selected non-SOZ,0.1294758212873492,Free Graph–RC,0.5886784576416363
RA3,selected non-SOZ,0.1417344276818568,Free Graph–RC,0.5857448129703758
RA3,selected non-SOZ,0.1539930340763644,Free Graph–RC,0.5826116190651329
RA3,selected non-SOZ,0.166251640470872,Free Graph–RC,0.5792826057613483
RA3,selected non-SOZ,0.1785102468653796,Free Graph–RC,0.5757616550097268
RA3,selected non-SOZ,0.1907688532598872,Free Graph–RC,0.5720527501603548
RA3,selected non-SOZ,0.2030274596543948,Free Graph–RC,0.5681599221421685
RA3,selected non-SOZ,0.2152860660489026,Free Graph–RC,0.5640871948333397
RA3,selected non-SOZ,0.2275446724434102,Free Graph–RC,0.5598385323312248
RA3,selected non-SOZ,0.2398032788379178,Free Graph–RC,0.5554177910760993
RA3,selected non-SOZ,0.2520618852324252,Free Graph–RC,0.5508286798356236
RA3,selected non-SOZ,0.2643204916269328,Free Graph–RC,0.5460747304058705
RA3,selected non-SOZ,0.2765790980214404,Free Graph–RC,0.5411592815337357
RA3,selected non-SOZ,0.2888377044159484,Free Graph–RC,0.5360854780324887
RA3,selected non-SOZ,0.301096310810456,Free Graph–RC,0.5308562863789258
RA3,selected non-SOZ,0.3133549172049636,Free Graph–RC,0.525474527288799
RA3,selected non-SOZ,0.3256135235994712,Free Graph–RC,0.5199429249158725
RA3,selected non-SOZ,0.3378721299939788,Free Graph–RC,0.514264171462535
RA3,selected non-SOZ,0.3501307363884864,Free Graph–RC,0.5084410051780889
RA3,selected non-SOZ,0.362389342782994,Free Graph–RC,0.502476299003695
RA3,selected non-SOZ,0.3746479491775016,Free Graph–RC,0.49637315654073066
RA3,selected non-SOZ,0.3869065555720092,Free Graph–RC,0.490135011603126
RA3,selected non-SOZ,0.3991651619665168,Free Graph–RC,0.48376572738267015
RA3,selected non-SOZ,0.4114237683610244,Free Graph–RC,0.4772696912157153
RA3,selected non-SOZ,0.423682374755532,Free Graph–RC,0.47065190108382926
RA3,selected non-SOZ,0.4359409811500396,Free Graph–RC,0.463918040292469
RA3,selected non-SOZ,0.4481995875445472,Free Graph–RC,0.4570745372244672
RA3,selected non-SOZ,0.4604581939390548,Free Graph–RC,0.45012860762576773
RA3,selected non-SOZ,0.4727168003335624,Free Graph–RC,0.44308827751320035
RA3,selected non-SOZ,0.48497540672807,Free Graph–RC,0.4359623854611961
RA3,selected non-SOZ,0.4972340131225776,Free Graph–RC,0.4287605636913449
RA3,selected non-SOZ,0.5094926195170852,Free Graph–RC,0.42149319802612395
RA3,selected non-SOZ,0.5217512259115928,Free Graph–RC,0.4141713673521672
RA3,selected non-SOZ,0.5340098323061004,Free Graph–RC,0.40680676375404035
RA3,selected non-SOZ,0.546268438700608,Free Graph–RC,0.3994115949181664
RA3,selected non-SOZ,0.5585270450951156,Free Graph–RC,0.3919984707685563
RA3,selected non-SOZ,0.5707856514896232,Free Graph–RC,0.3845802765864689
RA3,selected non-SOZ,0.5830442578841308,Free Graph–RC,0.3771700350958696
RA3,selected non-SOZ,0.5953028642786389,Free Graph–RC,0.36978076017744216
RA3,selected non-SOZ,0.6075614706731465,Free Graph–RC,0.36242530501907094
RA3,selected non-SOZ,0.6198200770676541,Free Graph–RC,0.3551162076304152
RA3,selected non-SOZ,0.6320786834621617,Free Graph–RC,0.34786553675037796
RA3,selected non-SOZ,0.6443372898566693,Free Graph–RC,0.34068474126051745
RA3,selected non-SOZ,0.6565958962511769,Free Graph–RC,0.3335845062806943
RA3,selected non-SOZ,0.6688545026456845,Free Graph–RC,0.3265746191558046
RA3,selected non-SOZ,0.6811131090401921,Free Graph–RC,0.3196638485297061
RA3,selected non-SOZ,0.6933717154346997,Free Graph–RC,0.3128598396263732
RA3,selected non-SOZ,0.7056303218292073,Free Graph–RC,0.30616902869981344
RA3,selected non-SOZ,0.7178889282237149,Free Graph–RC,0.2995965793552092
RA3,selected non-SOZ,0.7301475346182225,Free Graph–RC,0.29314634306921794
RA3,selected non-SOZ,0.7424061410127301,Free Graph–RC,0.28682084573935884
RA3,selected non-SOZ,0.7546647474072377,Free Graph–RC,0.28062130146992015
RA3,selected non-SOZ,0.7669233538017453,Free Graph–RC,0.2745476540640617
RA3,selected non-SOZ,0.7791819601962529,Free Graph–RC,0.2685986458579477
RA3,selected non-SOZ,0.7914405665907605,Free Graph–RC,0.2627719126318242
RA3,selected non-SOZ,0.803699172985268,Free Graph–RC,0.25706410240294475
RA3,selected non-SOZ,0.8159577793797756,Free Graph–RC,0.25147101499115704
RA3,selected non-SOZ,0.8282163857742832,Free Graph–RC,0.245987758398532
RA3,selected non-SOZ,0.8404749921687908,Free Graph–RC,0.24060891730984285
RA3,selected non-SOZ,0.8527335985632984,Free Graph–RC,0.23532872844787733
RA3,selected non-SOZ,0.864992204957806,Free Graph–RC,0.2301412571476922
RA3,selected non-SOZ,0.8772508113523136,Free Graph–RC,0.22504056937843603
RA3,selected non-SOZ,0.8895094177468212,Free Graph–RC,0.22002089355928064
RA3,selected non-SOZ,0.9017680241413288,Free Graph–RC,0.21507676689279825
RA3,selected non-SOZ,0.9140266305358368,Free Graph–RC,0.21020316156449995
RA3,selected non-SOZ,0.9262852369303444,Free Graph–RC,0.20539558700642355
RA3,selected non-SOZ,0.938543843324852,Free Graph–RC,0.20065016545679107
RA3,selected non-SOZ,0.9508024497193596,Free Graph–RC,0.1959636792165359
RA3,selected non-SOZ,0.9630610561138672,Free Graph–RC,0.19133358924752783
RA3,selected non-SOZ,0.9753196625083748,Free Graph–RC,0.18675802601272365
RA3,selected non-SOZ,0.9875782689028824,Free Graph–RC,0.18223575465950395
RA3,selected non-SOZ,0.99983687529739,Free Graph–RC,0.1777661177317103
RA3,selected non-SOZ,1.0120954816918977,Free Graph–RC,0.17334895950736284
RA3,selected non-SOZ,1.0243540880864053,Free Graph–RC,0.1689845367516959
RA3,selected non-SOZ,1.0366126944809129,Free Graph–RC,0.1646734211156086
RA3,selected non-SOZ,1.0488713008754205,Free Graph–RC,0.1604163985789564
RA3,selected non-SOZ,1.061129907269928,Free Graph–RC,0.15621437123270143
RA3,selected non-SOZ,1.0733885136644357,Free Graph–RC,0.15206826632535558
RA3,selected non-SOZ,1.0856471200589433,Free Graph–RC,0.1479789568933876
RA3,selected non-SOZ,1.0979057264534509,Free Graph–RC,0.14394719749057644
RA3,selected non-SOZ,1.1101643328479585,Free Graph–RC,0.13997357757587164
RA3,selected non-SOZ,1.122422939242466,Free Graph–RC,0.1360584940682912
RA3,selected non-SOZ,1.1346815456369737,Free Graph–RC,0.13220214348926215
RA3,selected non-SOZ,1.1469401520314813,Free Graph–RC,0.12840453304617466
RA3,selected non-SOZ,1.1591987584259889,Free Graph–RC,0.12466550902113559
RA3,selected non-SOZ,1.1714573648204964,Free Graph–RC,0.12098479996493418
RA3,selected non-SOZ,1.183715971215004,Free Graph–RC,0.11736207149813511
RA3,selected non-SOZ,1.1959745776095116,Free Graph–RC,0.11379698901840828
RA3,selected non-SOZ,1.2082331840040192,Free Graph–RC,0.11028928432290325
RA3,selected non-SOZ,1.2204917903985268,Free Graph–RC,0.10683882208157579
RA3,selected non-SOZ,1.2327503967930349,Free Graph–RC,0.10344566223455963
RA3,selected non-SOZ,1.2450090031875425,Free Graph–RC,0.10011011471564987
RA3,selected non-SOZ,1.25726760958205,Free Graph–RC,0.09683278339676926
RA3,selected non-SOZ,1.2695262159765577,Free Graph–RC,0.0936145967701608
RA3,selected non-SOZ,1.2817848223710653,Free Graph–RC,0.09045682359596226
RA3,selected non-SOZ,1.2940434287655729,Free Graph–RC,0.0873610725011955
RA3,selected non-SOZ,1.3063020351600805,Free Graph–RC,0.08432927528073544
RA3,selected non-SOZ,1.318560641554588,Free Graph–RC,0.08136365438333505
RA3,selected non-SOZ,1.3308192479490957,Free Graph–RC,0.0784666757332478
RA3,selected non-SOZ,1.3430778543436033,Free Graph–RC,0.0756409886138954
RA3,selected non-SOZ,1.3553364607381109,Free Graph–RC,0.07288935480559572
RA3,selected non-SOZ,1.3675950671326185,Free Graph–RC,0.07021456951377665
RA3,selected non-SOZ,1.379853673527126,Free Graph–RC,0.06761937684423455
RA3,selected non-SOZ,1.3921122799216337,Free Graph–RC,0.06510638268174408
RA3,selected non-SOZ,1.4043708863161413,Free Graph–RC,0.06267796781728174
RA3,selected non-SOZ,1.4166294927106489,Free Graph–RC,0.06033620406112098
RA3,selected non-SOZ,1.4288880991051565,Free Graph–RC,0.05808277589048631
RA3,selected non-SOZ,1.441146705499664,Free Graph–RC,0.05591890992867992
RA3,selected non-SOZ,1.4534053118941717,Free Graph–RC,0.05384531425445616
RA3,selected non-SOZ,1.4656639182886793,Free Graph–RC,0.0518621292110593
RA3,selected non-SOZ,1.4779225246831869,Free Graph–RC,0.04996889103648257
RA3,selected non-SOZ,1.4901811310776945,Free Graph–RC,0.04816450927997253
RA3,selected non-SOZ,1.502439737472202,Free Graph–RC,0.04644725861162631
RA3,selected non-SOZ,1.5146983438667097,Free Graph–RC,0.044814785276745345
RA3,selected non-SOZ,1.5269569502612172,Free Graph–RC,0.04326412809726549
RA3,selected non-SOZ,1.5392155566557253,Free Graph–RC,0.04179175358104002
RA3,selected non-SOZ,1.551474163050233,Free Graph–RC,0.04039360436793877
RA3,selected non-SOZ,1.5637327694447405,Free Graph–RC,0.03906515992230936
RA3,selected non-SOZ,1.575991375839248,Free Graph–RC,0.037801508078381243
RA3,selected non-SOZ,1.5882499822337557,Free Graph–RC,0.03659742576441168
RA3,selected non-SOZ,1.6005085886282633,Free Graph–RC,0.035447466980257476
RA3,selected non-SOZ,1.6127671950227709,Free Graph–RC,0.03434605589049576
RA3,selected non-SOZ,1.6250258014172785,Free Graph–RC,0.03328758273092052
RA3,selected non-SOZ,1.637284407811786,Free Graph–RC,0.03226650011995499
RA3,selected non-SOZ,1.6495430142062937,Free Graph–RC,0.03127741732700518
RA3,selected non-SOZ,1.6618016206008013,Free Graph–RC,0.030315190083889457
RA3,selected non-SOZ,1.6740602269953089,Free Graph–RC,0.02937500363721638
RA3,selected non-SOZ,1.6863188333898165,Free Graph–RC,0.02845244692939323
RA3,selected non-SOZ,1.698577439784324,Free Graph–RC,0.02754357606026599
RA3,selected non-SOZ,1.7108360461788317,Free Graph–RC,0.0266449655125073
RA3,selected non-SOZ,1.7230946525733393,Free Graph–RC,0.025753746010140403
RA3,selected non-SOZ,1.7353532589678469,Free Graph–RC,0.02486762830599248
RA3,selected non-SOZ,1.7476118653623545,Free Graph–RC,0.023984912642832954
RA3,selected non-SOZ,1.759870471756862,Free Graph–RC,0.023104484085409355
RA3,selected non-SOZ,1.7721290781513697,Free Graph–RC,0.022225794357164288
RA3,selected non-SOZ,1.7843876845458773,Free Graph–RC,0.021348831217613534
RA3,selected non-SOZ,1.7966462909403849,Free Graph–RC,0.02047407676773665
RA3,selected non-SOZ,1.8089048973348925,Free Graph–RC,0.019602456357810112
RA3,selected non-SOZ,1.8211635037294,Free Graph–RC,0.01873527998515903
RA3,selected non-SOZ,1.833422110123908,Free Graph–RC,0.01787417820275309
RA3,selected non-SOZ,1.8456807165184157,Free Graph–RC,0.01702103461213666
RA3,selected non-SOZ,1.8579393229129235,Free Graph–RC,0.016177916988721897
RA3,selected non-SOZ,1.870197929307431,Free Graph–RC,0.015347008990509992
RA3,selected non-SOZ,1.8824565357019385,Free Graph–RC,0.014530544242387242
RA3,selected non-SOZ,1.894715142096446,Free Graph–RC,0.013730744379022079
RA3,selected non-SOZ,1.9069737484909537,Free Graph–RC,0.012949762383126751
RA3,selected non-SOZ,-1.7583495634668236,Preictal reference,0.000329884122847229
RA3,selected non-SOZ,-1.746090957072316,Preictal reference,0.0003893886483300065
RA3,selected non-SOZ,-1.7338323506778084,Preictal reference,0.0004572099812849961
RA3,selected non-SOZ,-1.7215737442833008,Preictal reference,0.0005340438337111312
RA3,selected non-SOZ,-1.7093151378887932,Preictal reference,0.0006205645786832544
RA3,selected non-SOZ,-1.6970565314942856,Preictal reference,0.0007174110876150757
RA3,selected non-SOZ,-1.6847979250997778,Preictal reference,0.0008251723133820512
RA3,selected non-SOZ,-1.6725393187052702,Preictal reference,0.0009443732069406031
RA3,selected non-SOZ,-1.6602807123107626,Preictal reference,0.0010754616352616872
RA3,selected non-SOZ,-1.648022105916255,Preictal reference,0.0012187970277369796
RA3,selected non-SOZ,-1.6357634995217474,Preictal reference,0.0013746415104094825
RA3,selected non-SOZ,-1.6235048931272398,Preictal reference,0.0015431542868701176
RA3,selected non-SOZ,-1.6112462867327322,Preictal reference,0.0017243899871147864
RA3,selected non-SOZ,-1.5989876803382246,Preictal reference,0.0019183016284157182
RA3,selected non-SOZ,-1.586729073943717,Preictal reference,0.0021247487147388966
RA3,selected non-SOZ,-1.5744704675492094,Preictal reference,0.0023435108452113033
RA3,selected non-SOZ,-1.5622118611547018,Preictal reference,0.0025743070119075124
RA3,selected non-SOZ,-1.5499532547601942,Preictal reference,0.0028168205496072784
RA3,selected non-SOZ,-1.5376946483656866,Preictal reference,0.0030707294643385627
RA3,selected non-SOZ,-1.525436041971179,Preictal reference,0.0033357416245989005
RA3,selected non-SOZ,-1.5131774355766714,Preictal reference,0.003611634061699559
RA3,selected non-SOZ,-1.5009188291821636,Preictal reference,0.003898295406976249
RA3,selected non-SOZ,-1.488660222787656,Preictal reference,0.004195770306824049
RA3,selected non-SOZ,-1.4764016163931484,Preictal reference,0.004504304513812591
RA3,selected non-SOZ,-1.4641430099986408,Preictal reference,0.004824389263798282
RA3,selected non-SOZ,-1.4518844036041332,Preictal reference,0.00515680352252916
RA3,selected non-SOZ,-1.4396257972096256,Preictal reference,0.005502652724866412
RA3,selected non-SOZ,-1.427367190815118,Preictal reference,0.005863402735638641
RA3,selected non-SOZ,-1.4151085844206104,Preictal reference,0.006240907929338279
RA3,selected non-SOZ,-1.4028499780261028,Preictal reference,0.006637432508280141
RA3,selected non-SOZ,-1.3905913716315952,Preictal reference,0.007055664443602312
RA3,selected non-SOZ,-1.3783327652370874,Preictal reference,0.007498721715617669
RA3,selected non-SOZ,-1.3660741588425798,Preictal reference,0.007970150832345636
RA3,selected non-SOZ,-1.3538155524480722,Preictal reference,0.008473917899357069
RA3,selected non-SOZ,-1.3415569460535646,Preictal reference,0.009014392782394449
RA3,selected non-SOZ,-1.329298339659057,Preictal reference,0.009596327130235198
RA3,selected non-SOZ,-1.3170397332645494,Preictal reference,0.010224827195479931
RA3,selected non-SOZ,-1.3047811268700418,Preictal reference,0.010905322495923962
RA3,selected non-SOZ,-1.2925225204755342,Preictal reference,0.01164353139433576
RA3,selected non-SOZ,-1.2802639140810266,Preictal reference,0.012445424640611453
RA3,selected non-SOZ,-1.268005307686519,Preictal reference,0.013317187823663432
RA3,selected non-SOZ,-1.2557467012920114,Preictal reference,0.014265183532371262
RA3,selected non-SOZ,-1.2434880948975038,Preictal reference,0.015295913841078266
RA3,selected non-SOZ,-1.2312294885029962,Preictal reference,0.01641598353409785
RA3,selected non-SOZ,-1.2189708821084886,Preictal reference,0.017632064285605768
RA3,selected non-SOZ,-1.206712275713981,Preictal reference,0.018950859835945223
RA3,selected non-SOZ,-1.1944536693194734,Preictal reference,0.02037907207042274
RA3,selected non-SOZ,-1.1821950629249658,Preictal reference,0.021923367825895605
RA3,selected non-SOZ,-1.169936456530458,Preictal reference,0.023590346232223315
RA3,selected non-SOZ,-1.1576778501359504,Preictal reference,0.025386506441897168
RA3,selected non-SOZ,-1.1454192437414428,Preictal reference,0.027318215706795313
RA3,selected non-SOZ,-1.1331606373469352,Preictal reference,0.029391677914055035
RA3,selected non-SOZ,-1.1209020309524276,Preictal reference,0.031612902875419326
RA3,selected non-SOZ,-1.10864342455792,Preictal reference,0.03398767685333291
RA3,selected non-SOZ,-1.0963848181634124,Preictal reference,0.03652153497707369
RA3,selected non-SOZ,-1.0841262117689046,Preictal reference,0.039219736327639525
RA3,selected non-SOZ,-1.071867605374397,Preictal reference,0.04208724252771379
RA3,selected non-SOZ,-1.0596089989798894,Preictal reference,0.045128700644663185
RA3,selected non-SOZ,-1.0473503925853818,Preictal reference,0.04834843108954285
RA3,selected non-SOZ,-1.0350917861908742,Preictal reference,0.051750420972255386
RA3,selected non-SOZ,-1.0228331797963666,Preictal reference,0.05533832306163667
RA3,selected non-SOZ,-1.010574573401859,Preictal reference,0.059115460119365
RA3,selected non-SOZ,-0.9983159670073514,Preictal reference,0.06308483395822347
RA3,selected non-SOZ,-0.9860573606128438,Preictal reference,0.06724913815646
RA3,selected non-SOZ,-0.9737987542183362,Preictal reference,0.07161077298410368
RA3,selected non-SOZ,-0.9615401478238286,Preictal reference,0.07617186080906162
RA3,selected non-SOZ,-0.949281541429321,Preictal reference,0.08093426009301151
RA3,selected non-SOZ,-0.9370229350348134,Preictal reference,0.08589957609507862
RA3,selected non-SOZ,-0.9247643286403056,Preictal reference,0.091069166599532
RA3,selected non-SOZ,-0.912505722245798,Preictal reference,0.0964441413822223
RA3,selected non-SOZ,-0.9002471158512905,Preictal reference,0.1020253547220942
RA3,selected non-SOZ,-0.8879885094567829,Preictal reference,0.10781339102336172
RA3,selected non-SOZ,-0.8757299030622753,Preictal reference,0.11380854449724562
RA3,selected non-SOZ,-0.8634712966677677,Preictal reference,0.12001079479985638
RA3,selected non-SOZ,-0.85121269027326,Preictal reference,0.1264197814623713
RA3,selected non-SOZ,-0.8389540838787524,Preictal reference,0.13303478080089953
RA3,selected non-SOZ,-0.8266954774842448,Preictal reference,0.1398546896742971
RA3,selected non-SOZ,-0.8144368710897372,Preictal reference,0.14687802089142316
RA3,selected non-SOZ,-0.8021782646952296,Preictal reference,0.15410291518920285
RA3,selected non-SOZ,-0.789919658300722,Preictal reference,0.16152717446148981
RA3,selected non-SOZ,-0.7776610519062144,Preictal reference,0.16914832029134413
RA3,selected non-SOZ,-0.7654024455117067,Preictal reference,0.1769636808279271
RA3,selected non-SOZ,-0.7531438391171992,Preictal reference,0.184970507684524
RA3,selected non-SOZ,-0.7408852327226916,Preictal reference,0.19316612287514068
RA3,selected non-SOZ,-0.7286266263281838,Preictal reference,0.2015480939383766
RA3,selected non-SOZ,-0.7163680199336762,Preictal reference,0.21011443342414904
RA3,selected non-SOZ,-0.7041094135391686,Preictal reference,0.21886381696126608
RA3,selected non-SOZ,-0.691850807144661,Preictal reference,0.22779581230739449
RA3,selected non-SOZ,-0.6795922007501534,Preictal reference,0.23691111023120337
RA3,selected non-SOZ,-0.6673335943556458,Preictal reference,0.24621174690093212
RA3,selected non-SOZ,-0.6550749879611382,Preictal reference,0.2557013067465227
RA3,selected non-SOZ,-0.6428163815666306,Preictal reference,0.2653850945889983
RA3,selected non-SOZ,-0.630557775172123,Preictal reference,0.2752702662244684
RA3,selected non-SOZ,-0.6182991687776154,Preictal reference,0.2853659076099722
RA3,selected non-SOZ,-0.6060405623831078,Preictal reference,0.2956830542883332
RA3,selected non-SOZ,-0.5937819559886002,Preictal reference,0.30623464464104
RA3,selected non-SOZ,-0.5815233495940924,Preictal reference,0.3170354028755597
RA3,selected non-SOZ,-0.5692647431995848,Preictal reference,0.32810165021930365
RA3,selected non-SOZ,-0.5570061368050772,Preictal reference,0.33945104547612454
RA3,selected non-SOZ,-0.5447475304105696,Preictal reference,0.35110225876833295
RA3,selected non-SOZ,-0.532488924016062,Preictal reference,0.363074584807486
RA3,selected non-SOZ,-0.5202303176215544,Preictal reference,0.37538750429324574
RA3,selected non-SOZ,-0.5079717112270468,Preictal reference,0.38806020393321083
RA3,selected non-SOZ,-0.4957131048325391,Preictal reference,0.4011110670340384
RA3,selected non-SOZ,-0.4834544984380315,Preictal reference,0.4145571475885971
RA3,selected non-SOZ,-0.4711958920435239,Preictal reference,0.4284136412563013
RA3,selected non-SOZ,-0.4589372856490163,Preictal reference,0.44269336661170416
RA3,selected non-SOZ,-0.4466786792545087,Preictal reference,0.4574062695499888
RA3,selected non-SOZ,-0.4344200728600011,Preictal reference,0.47255896283646004
RA3,selected non-SOZ,-0.4221614664654933,Preictal reference,0.4881543115328046
RA3,selected non-SOZ,-0.4099028600709857,Preictal reference,0.5041910734959183
RA3,selected non-SOZ,-0.3976442536764781,Preictal reference,0.5206636023988183
RA3,selected non-SOZ,-0.3853856472819705,Preictal reference,0.5375616188393764
RA3,selected non-SOZ,-0.3731270408874629,Preictal reference,0.5548700531486943
RA3,selected non-SOZ,-0.3608684344929553,Preictal reference,0.5725689615479829
RA3,selected non-SOZ,-0.3486098280984477,Preictal reference,0.5906335153853788
RA3,selected non-SOZ,-0.3363512217039401,Preictal reference,0.6090340613594564
RA3,selected non-SOZ,-0.3240926153094325,Preictal reference,0.627736248946895
RA3,selected non-SOZ,-0.3118340089149249,Preictal reference,0.646701219735631
RA3,selected non-SOZ,-0.2995754025204173,Preictal reference,0.665885852056649
RA3,selected non-SOZ,-0.2873167961259097,Preictal reference,0.6852430532400107
RA3,selected non-SOZ,-0.2750581897314021,Preictal reference,0.7047220910232491
RA3,selected non-SOZ,-0.2627995833368943,Preictal reference,0.7242689551393571
RA3,selected non-SOZ,-0.2505409769423867,Preictal reference,0.7438267399278551
RA3,selected non-SOZ,-0.2382823705478791,Preictal reference,0.7633360389586835
RA3,selected non-SOZ,-0.2260237641533715,Preictal reference,0.7827353431372294
RA3,selected non-SOZ,-0.2137651577588639,Preictal reference,0.8019614345588592
RA3,selected non-SOZ,-0.2015065513643563,Preictal reference,0.8209497694765493
RA3,selected non-SOZ,-0.1892479449698487,Preictal reference,0.8396348450938285
RA3,selected non-SOZ,-0.1769893385753411,Preictal reference,0.8579505464392682
RA3,selected non-SOZ,-0.1647307321808335,Preictal reference,0.8758304712462466
RA3,selected non-SOZ,-0.1524721257863259,Preictal reference,0.8932082324709181
RA3,selected non-SOZ,-0.1402135193918183,Preictal reference,0.9100177397432155
RA3,selected non-SOZ,-0.1279549129973107,Preictal reference,0.9261934625719049
RA3,selected non-SOZ,-0.1156963066028031,Preictal reference,0.9416706794316023
RA3,selected non-SOZ,-0.1034377002082953,Preictal reference,0.9563857178742241
RA3,selected non-SOZ,-0.0911790938137877,Preictal reference,0.9702761914737777
RA3,selected non-SOZ,-0.0789204874192801,Preictal reference,0.9832812396945807
RA3,selected non-SOZ,-0.0666618810247725,Preictal reference,0.9953417766545413
RA3,selected non-SOZ,-0.0544032746302649,Preictal reference,1.0064007542453601
RA3,selected non-SOZ,-0.0421446682357573,Preictal reference,1.0164034441995826
RA3,selected non-SOZ,-0.0298860618412497,Preictal reference,1.0252977425085734
RA3,selected non-SOZ,-0.0176274554467421,Preictal reference,1.033034498157993
RA3,selected non-SOZ,-0.0053688490522345,Preictal reference,1.0395678665300814
RA3,selected non-SOZ,0.006889757342273,Preictal reference,1.0448556861019977
RA3,selected non-SOZ,0.0191483637367806,Preictal reference,1.0488598753223066
RA3,selected non-SOZ,0.0314069701312882,Preictal reference,1.0515468448463579
RA3,selected non-SOZ,0.0436655765257958,Preictal reference,1.0528879187198585
RA3,selected non-SOZ,0.0559241829203036,Preictal reference,1.0528597566750983
RA3,selected non-SOZ,0.0681827893148112,Preictal reference,1.0514447684917272
RA3,selected non-SOZ,0.0804413957093188,Preictal reference,1.0486315104117037
RA3,selected non-SOZ,0.0927000021038264,Preictal reference,1.0444150529145462
RA3,selected non-SOZ,0.104958608498334,Preictal reference,1.0387973087781004
RA3,selected non-SOZ,0.1172172148928416,Preictal reference,1.031787310288117
RA3,selected non-SOZ,0.1294758212873492,Preictal reference,1.0234014247316634
RA3,selected non-SOZ,0.1417344276818568,Preictal reference,1.0136634979230776
RA3,selected non-SOZ,0.1539930340763644,Preictal reference,1.0026049164716986
RA3,selected non-SOZ,0.166251640470872,Preictal reference,0.9902645808061175
RA3,selected non-SOZ,0.1785102468653796,Preictal reference,0.9766887826098107
RA3,selected non-SOZ,0.1907688532598872,Preictal reference,0.9619309822762354
RA3,selected non-SOZ,0.2030274596543948,Preictal reference,0.9460514842235295
RA3,selected non-SOZ,0.2152860660489026,Preictal reference,0.9291170103695802
RA3,selected non-SOZ,0.2275446724434102,Preictal reference,0.9112001746919846
RA3,selected non-SOZ,0.2398032788379178,Preictal reference,0.8923788645030162
RA3,selected non-SOZ,0.2520618852324252,Preictal reference,0.8727355367625409
RA3,selected non-SOZ,0.2643204916269328,Preictal reference,0.852356440327604
RA3,selected non-SOZ,0.2765790980214404,Preictal reference,0.8313307773873739
RA3,selected non-SOZ,0.2888377044159484,Preictal reference,0.809749819348552
RA3,selected non-SOZ,0.301096310810456,Preictal reference,0.787705994020398
RA3,selected non-SOZ,0.3133549172049636,Preictal reference,0.7652919620155221
RA3,selected non-SOZ,0.3256135235994712,Preictal reference,0.7425997007703957
RA3,selected non-SOZ,0.3378721299939788,Preictal reference,0.7197196144604067
RA3,selected non-SOZ,0.3501307363884864,Preictal reference,0.6967396873325987
RA3,selected non-SOZ,0.362389342782994,Preictal reference,0.673744696628154
RA3,selected non-SOZ,0.3746479491775016,Preictal reference,0.6508154993715879
RA3,selected non-SOZ,0.3869065555720092,Preictal reference,0.6280284049467046
RA3,selected non-SOZ,0.3991651619665168,Preictal reference,0.6054546426657232
RA3,selected non-SOZ,0.4114237683610244,Preictal reference,0.5831599305898091
RA3,selected non-SOZ,0.423682374755532,Preictal reference,0.5612041488077728
RA3,selected non-SOZ,0.4359409811500396,Preictal reference,0.539641117357804
RA3,selected non-SOZ,0.4481995875445472,Preictal reference,0.5185184761121719
RA3,selected non-SOZ,0.4604581939390548,Preictal reference,0.497877661350653
RA3,selected non-SOZ,0.4727168003335624,Preictal reference,0.4777539715207263
RA3,selected non-SOZ,0.48497540672807,Preictal reference,0.4581767128934625
RA3,selected non-SOZ,0.4972340131225776,Preictal reference,0.4391694145199761
RA3,selected non-SOZ,0.5094926195170852,Preictal reference,0.4207501010937582
RA3,selected non-SOZ,0.5217512259115928,Preictal reference,0.4029316120223305
RA3,selected non-SOZ,0.5340098323061004,Preictal reference,0.3857219551766878
RA3,selected non-SOZ,0.546268438700608,Preictal reference,0.369124684366636
RA3,selected non-SOZ,0.5585270450951156,Preictal reference,0.35313929051642007
RA3,selected non-SOZ,0.5707856514896232,Preictal reference,0.3377615977074234
RA3,selected non-SOZ,0.5830442578841308,Preictal reference,0.32298415662653335
RA3,selected non-SOZ,0.5953028642786389,Preictal reference,0.30879662942154623
RA3,selected non-SOZ,0.6075614706731465,Preictal reference,0.29518616143399523
RA3,selected non-SOZ,0.6198200770676541,Preictal reference,0.2821377366771491
RA3,selected non-SOZ,0.6320786834621617,Preictal reference,0.2696345151871236
RA3,selected non-SOZ,0.6443372898566693,Preictal reference,0.2576581514455935
RA3,selected non-SOZ,0.6565958962511769,Preictal reference,0.24618909391764401
RA3,selected non-SOZ,0.6688545026456845,Preictal reference,0.23520686634873267
RA3,selected non-SOZ,0.6811131090401921,Preictal reference,0.2246903318183025
RA3,selected non-SOZ,0.6933717154346997,Preictal reference,0.2146179406679124
RA3,selected non-SOZ,0.7056303218292073,Preictal reference,0.2049679633366776
RA3,selected non-SOZ,0.7178889282237149,Preictal reference,0.195718708885452
RA3,selected non-SOZ,0.7301475346182225,Preictal reference,0.18684872962102891
RA3,selected non-SOZ,0.7424061410127301,Preictal reference,0.17833701179474343
RA3,selected non-SOZ,0.7546647474072377,Preictal reference,0.1701631518992474
RA3,selected non-SOZ,0.7669233538017453,Preictal reference,0.16230751767305396
RA3,selected non-SOZ,0.7791819601962529,Preictal reference,0.15475139258852644
RA3,selected non-SOZ,0.7914405665907605,Preictal reference,0.14747710238034858
RA3,selected non-SOZ,0.803699172985268,Preictal reference,0.140468122091695
RA3,selected non-SOZ,0.8159577793797756,Preictal reference,0.13370916218570375
RA3,selected non-SOZ,0.8282163857742832,Preictal reference,0.1271862324890537
RA3,selected non-SOZ,0.8404749921687908,Preictal reference,0.12088668308916971
RA3,selected non-SOZ,0.8527335985632984,Preictal reference,0.11479922177309212
RA3,selected non-SOZ,0.864992204957806,Preictal reference,0.10891390814260936
RA3,selected non-SOZ,0.8772508113523136,Preictal reference,0.10322212512979499
RA3,selected non-SOZ,0.8895094177468212,Preictal reference,0.09771652923050289
RA3,selected non-SOZ,0.9017680241413288,Preictal reference,0.09239098133242313
RA3,selected non-SOZ,0.9140266305358368,Preictal reference,0.08724046050472632
RA3,selected non-SOZ,0.9262852369303444,Preictal reference,0.08226096351008692
RA3,selected non-SOZ,0.938543843324852,Preictal reference,0.07744939307696477
RA3,selected non-SOZ,0.9508024497193596,Preictal reference,0.07280343811958774
RA3,selected non-SOZ,0.9630610561138672,Preictal reference,0.06832144911339755
RA3,selected non-SOZ,0.9753196625083748,Preictal reference,0.06400231173189312
RA3,selected non-SOZ,0.9875782689028824,Preictal reference,0.059845321641401036
RA3,selected non-SOZ,0.99983687529739,Preictal reference,0.0558500630536293
RA3,selected non-SOZ,1.0120954816918977,Preictal reference,0.05201629327598289
RA3,selected non-SOZ,1.0243540880864053,Preictal reference,0.0483438351021126
RA3,selected non-SOZ,1.0366126944809129,Preictal reference,0.044832478475036255
RA3,selected non-SOZ,1.0488713008754205,Preictal reference,0.04148189245501578
RA3,selected non-SOZ,1.061129907269928,Preictal reference,0.038291548152901006
RA3,selected non-SOZ,1.0733885136644357,Preictal reference,0.03526065296072956
RA3,selected non-SOZ,1.0856471200589433,Preictal reference,0.03238809613354434
RA3,selected non-SOZ,1.0979057264534509,Preictal reference,0.029672405552951517
RA3,selected non-SOZ,1.1101643328479585,Preictal reference,0.02711171533242527
RA3,selected non-SOZ,1.122422939242466,Preictal reference,0.024703743801424753
RA3,selected non-SOZ,1.1346815456369737,Preictal reference,0.022445781321857816
RA3,selected non-SOZ,1.1469401520314813,Preictal reference,0.02033468733660272
RA3,selected non-SOZ,1.1591987584259889,Preictal reference,0.018366896015576936
RA3,selected non-SOZ,1.1714573648204964,Preictal reference,0.01653842984083095
RA3,selected non-SOZ,1.183715971215004,Preictal reference,0.014844920450564278
RA3,selected non-SOZ,1.1959745776095116,Preictal reference,0.01328163603718069
RA3,selected non-SOZ,1.2082331840040192,Preictal reference,0.011843514563434344
RA3,selected non-SOZ,1.2204917903985268,Preictal reference,0.010525202022784222
RA3,selected non-SOZ,1.2327503967930349,Preictal reference,0.00932109492699849
RA3,selected non-SOZ,1.2450090031875425,Preictal reference,0.008225386159398627
RA3,selected non-SOZ,1.25726760958205,Preictal reference,0.007232113290735819
RA3,selected non-SOZ,1.2695262159765577,Preictal reference,0.006335208421977282
RA3,selected non-SOZ,1.2817848223710653,Preictal reference,0.005528548599617806
RA3,selected non-SOZ,1.2940434287655729,Preictal reference,0.004806005849215643
RA3,selected non-SOZ,1.3063020351600805,Preictal reference,0.0041614958952295375
RA3,selected non-SOZ,1.318560641554588,Preictal reference,0.003589024681935591
RA3,selected non-SOZ,1.3308192479490957,Preictal reference,0.0030827318815747524
RA3,selected non-SOZ,1.3430778543436033,Preictal reference,0.002636930670555908
RA3,selected non-SOZ,1.3553364607381109,Preictal reference,0.0022461431695657585
RA3,selected non-SOZ,1.3675950671326185,Preictal reference,0.0019051310745368823
RA3,selected non-SOZ,1.379853673527126,Preictal reference,0.0016089211473428564
RA3,selected non-SOZ,1.3921122799216337,Preictal reference,0.0013528253819872498
RA3,selected non-SOZ,1.4043708863161413,Preictal reference,0.0011324558079335797
RA3,selected non-SOZ,1.4166294927106489,Preictal reference,0.0009437340313266983
RA3,selected non-SOZ,1.4288880991051565,Preictal reference,0.0007828957420111821
RA3,selected non-SOZ,1.441146705499664,Preictal reference,0.0006464905251575169
RA3,selected non-SOZ,1.4534053118941717,Preictal reference,0.000531377407725931
RA3,selected non-SOZ,1.4656639182886793,Preictal reference,0.0004347166398656702
RA3,selected non-SOZ,1.4779225246831869,Preictal reference,0.0003539582587899661
RA3,selected non-SOZ,1.4901811310776945,Preictal reference,0.00028682800793878465
RA3,selected non-SOZ,1.502439737472202,Preictal reference,0.00023131118860127877
RA3,selected non-SOZ,1.5146983438667097,Preictal reference,0.0001856350067056042
RA3,selected non-SOZ,1.5269569502612172,Preictal reference,0.00014824994690714515
RA3,selected non-SOZ,1.5392155566557253,Preictal reference,0.00011781066253537778
RA3,selected non-SOZ,1.551474163050233,Preictal reference,9.315681670525337e-05
RA3,selected non-SOZ,1.5637327694447405,Preictal reference,7.329425026721207e-05
RA3,selected non-SOZ,1.575991375839248,Preictal reference,5.7376789393912366e-05
RA3,selected non-SOZ,1.5882499822337557,Preictal reference,4.4688942306408375e-05
RA3,selected non-SOZ,1.6005085886282633,Preictal reference,3.462967334881297e-05
RA3,selected non-SOZ,1.6127671950227709,Preictal reference,2.6697385285991186e-05
RA3,selected non-SOZ,1.6250258014172785,Preictal reference,2.0476188795029386e-05
RA3,selected non-SOZ,1.637284407811786,Preictal reference,1.562349264123937e-05
RA3,selected non-SOZ,1.6495430142062937,Preictal reference,1.1858909521043258e-05
RA3,selected non-SOZ,1.6618016206008013,Preictal reference,8.95444117152312e-06
RA3,selected non-SOZ,1.6740602269953089,Preictal reference,6.725881914312872e-06
RA3,selected non-SOZ,1.6863188333898165,Preictal reference,5.025361884832812e-06
RA3,selected non-SOZ,1.698577439784324,Preictal reference,3.7349391725206655e-06
RA3,selected non-SOZ,1.7108360461788317,Preictal reference,2.7611432175072458e-06
RA3,selected non-SOZ,1.7230946525733393,Preictal reference,2.0303692658562722e-06
RA3,selected non-SOZ,1.7353532589678469,Preictal reference,1.4850246596834933e-06
RA3,selected non-SOZ,1.7476118653623545,Preictal reference,1.0803314405954296e-06
RA3,selected non-SOZ,1.759870471756862,Preictal reference,7.816954455954347e-07
RA3,selected non-SOZ,1.7721290781513697,Preictal reference,5.625591254260882e-07
RA3,selected non-SOZ,1.7843876845458773,Preictal reference,4.0266316044754326e-07
RA3,selected non-SOZ,1.7966462909403849,Preictal reference,2.8665012972715177e-07
RA3,selected non-SOZ,1.8089048973348925,Preictal reference,2.0295164138338347e-07
RA3,selected non-SOZ,1.8211635037294,Preictal reference,1.4290818173570978e-07
RA3,selected non-SOZ,1.833422110123908,Preictal reference,1.0007829255642619e-07
RA3,selected non-SOZ,1.8456807165184157,Preictal reference,6.970041351353998e-08
RA3,selected non-SOZ,1.8579393229129235,Preictal reference,4.8276761533515424e-08
RA3,selected non-SOZ,1.870197929307431,Preictal reference,3.325393647796753e-08
RA3,selected non-SOZ,1.8824565357019385,Preictal reference,2.2779553923024077e-08
RA3,selected non-SOZ,1.894715142096446,Preictal reference,1.5518146477221417e-08
RA3,selected non-SOZ,1.9069737484909537,Preictal reference,1.0512896991760614e-08
RA3,selected non-SOZ,-1.7583495634668236,WGAN-GP Full,7.189789942321538e-05
RA3,selected non-SOZ,-1.746090957072316,WGAN-GP Full,8.741701632489115e-05
RA3,selected non-SOZ,-1.7338323506778084,WGAN-GP Full,0.00010584585213148381
RA3,selected non-SOZ,-1.7215737442833008,WGAN-GP Full,0.0001276392902713046
RA3,selected non-SOZ,-1.7093151378887932,WGAN-GP Full,0.0001533073072942171
RA3,selected non-SOZ,-1.6970565314942856,WGAN-GP Full,0.00018341934153374303
RA3,selected non-SOZ,-1.6847979250997778,WGAN-GP Full,0.00021860876517408714
RA3,selected non-SOZ,-1.6725393187052702,WGAN-GP Full,0.00025957744835736045
RA3,selected non-SOZ,-1.6602807123107626,WGAN-GP Full,0.00030710040537816537
RA3,selected non-SOZ,-1.648022105916255,WGAN-GP Full,0.0003620305147911341
RA3,selected non-SOZ,-1.6357634995217474,WGAN-GP Full,0.00042530330745550434
RA3,selected non-SOZ,-1.6235048931272398,WGAN-GP Full,0.0004979418192501315
RA3,selected non-SOZ,-1.6112462867327322,WGAN-GP Full,0.0005810615085358252
RA3,selected non-SOZ,-1.5989876803382246,WGAN-GP Full,0.0006758752425601007
RA3,selected non-SOZ,-1.586729073943717,WGAN-GP Full,0.000783698362025872
RA3,selected non-SOZ,-1.5744704675492094,WGAN-GP Full,0.0009059538390714386
RA3,selected non-SOZ,-1.5622118611547018,WGAN-GP Full,0.0010441775509428953
RA3,selected non-SOZ,-1.5499532547601942,WGAN-GP Full,0.0012000236995591096
RA3,selected non-SOZ,-1.5376946483656866,WGAN-GP Full,0.0013752704156777104
RA3,selected non-SOZ,-1.525436041971179,WGAN-GP Full,0.0015718255949578612
RA3,selected non-SOZ,-1.5131774355766714,WGAN-GP Full,0.001791733021135655
RA3,selected non-SOZ,-1.5009188291821636,WGAN-GP Full,0.002037178837793272
RA3,selected non-SOZ,-1.488660222787656,WGAN-GP Full,0.0023104984336102343
RA3,selected non-SOZ,-1.4764016163931484,WGAN-GP Full,0.0026141838051667626
RA3,selected non-SOZ,-1.4641430099986408,WGAN-GP Full,0.00295089145488447
RA3,selected non-SOZ,-1.4518844036041332,WGAN-GP Full,0.0033234508681398295
RA3,selected non-SOZ,-1.4396257972096256,WGAN-GP Full,0.0037348735917615184
RA3,selected non-SOZ,-1.427367190815118,WGAN-GP Full,0.0041883629051650585
RA3,selected non-SOZ,-1.4151085844206104,WGAN-GP Full,0.004687324034946218
RA3,selected non-SOZ,-1.4028499780261028,WGAN-GP Full,0.005235374814182687
RA3,selected non-SOZ,-1.3905913716315952,WGAN-GP Full,0.005836356630120823
RA3,selected non-SOZ,-1.3783327652370874,WGAN-GP Full,0.006494345440381748
RA3,selected non-SOZ,-1.3660741588425798,WGAN-GP Full,0.007213662571255386
RA3,selected non-SOZ,-1.3538155524480722,WGAN-GP Full,0.007998884945882237
RA3,selected non-SOZ,-1.3415569460535646,WGAN-GP Full,0.008854854329714381
RA3,selected non-SOZ,-1.329298339659057,WGAN-GP Full,0.009786685130698605
RA3,selected non-SOZ,-1.3170397332645494,WGAN-GP Full,0.010799770257487995
RA3,selected non-SOZ,-1.3047811268700418,WGAN-GP Full,0.011899784525913289
RA3,selected non-SOZ,-1.2925225204755342,WGAN-GP Full,0.013092685116676743
RA3,selected non-SOZ,-1.2802639140810266,WGAN-GP Full,0.014384708629605364
RA3,selected non-SOZ,-1.268005307686519,WGAN-GP Full,0.015782364354296082
RA3,selected non-SOZ,-1.2557467012920114,WGAN-GP Full,0.017292423484389505
RA3,selected non-SOZ,-1.2434880948975038,WGAN-GP Full,0.018921904141761224
RA3,selected non-SOZ,-1.2312294885029962,WGAN-GP Full,0.02067805224414256
RA3,selected non-SOZ,-1.2189708821084886,WGAN-GP Full,0.022568318439267303
RA3,selected non-SOZ,-1.206712275713981,WGAN-GP Full,0.02460033153250633
RA3,selected non-SOZ,-1.1944536693194734,WGAN-GP Full,0.026781869042986368
RA3,selected non-SOZ,-1.1821950629249658,WGAN-GP Full,0.02912082572355084
RA3,selected non-SOZ,-1.169936456530458,WGAN-GP Full,0.03162518105965154
RA3,selected non-SOZ,-1.1576778501359504,WGAN-GP Full,0.03430296690783232
RA3,selected non-SOZ,-1.1454192437414428,WGAN-GP Full,0.03716223653263652
RA3,selected non-SOZ,-1.1331606373469352,WGAN-GP Full,0.04021103633934123
RA3,selected non-SOZ,-1.1209020309524276,WGAN-GP Full,0.0434573815686554
RA3,selected non-SOZ,-1.10864342455792,WGAN-GP Full,0.046909237110940305
RA3,selected non-SOZ,-1.0963848181634124,WGAN-GP Full,0.0505745044077519
RA3,selected non-SOZ,-1.0841262117689046,WGAN-GP Full,0.054461015137856256
RA3,selected non-SOZ,-1.071867605374397,WGAN-GP Full,0.058576532038425576
RA3,selected non-SOZ,-1.0596089989798894,WGAN-GP Full,0.06292875679982951
RA3,selected non-SOZ,-1.0473503925853818,WGAN-GP Full,0.0675253445093633
RA3,selected non-SOZ,-1.0350917861908742,WGAN-GP Full,0.0723739236249813
RA3,selected non-SOZ,-1.0228331797963666,WGAN-GP Full,0.0774821199584351
RA3,selected non-SOZ,-1.010574573401859,WGAN-GP Full,0.08285758266498128
RA3,selected non-SOZ,-0.9983159670073514,WGAN-GP Full,0.08850800980288724
RA3,selected non-SOZ,-0.9860573606128438,WGAN-GP Full,0.09444117066955662
RA3,selected non-SOZ,-0.9737987542183362,WGAN-GP Full,0.10066492187036825
RA3,selected non-SOZ,-0.9615401478238286,WGAN-GP Full,0.10718721395632529
RA3,selected non-SOZ,-0.949281541429321,WGAN-GP Full,0.11401608549781454
RA3,selected non-SOZ,-0.9370229350348134,WGAN-GP Full,0.12115964165805204
RA3,selected non-SOZ,-0.9247643286403056,WGAN-GP Full,0.12862601469732185
RA3,selected non-SOZ,-0.912505722245798,WGAN-GP Full,0.1364233043749978
RA3,selected non-SOZ,-0.9002471158512905,WGAN-GP Full,0.14455949690814637
RA3,selected non-SOZ,-0.8879885094567829,WGAN-GP Full,0.15304236197098064
RA3,selected non-SOZ,-0.8757299030622753,WGAN-GP Full,0.1618793281472835
RA3,selected non-SOZ,-0.8634712966677677,WGAN-GP Full,0.17107733823853916
RA3,selected non-SOZ,-0.85121269027326,WGAN-GP Full,0.18064268683800402
RA3,selected non-SOZ,-0.8389540838787524,WGAN-GP Full,0.19058084355538407
RA3,selected non-SOZ,-0.8266954774842448,WGAN-GP Full,0.20089626616649206
RA3,selected non-SOZ,-0.8144368710897372,WGAN-GP Full,0.21159220871735526
RA3,selected non-SOZ,-0.8021782646952296,WGAN-GP Full,0.22267053018711436
RA3,selected non-SOZ,-0.789919658300722,WGAN-GP Full,0.23413150967061747
RA3,selected non-SOZ,-0.7776610519062144,WGAN-GP Full,0.24597367415185578
RA3,selected non-SOZ,-0.7654024455117067,WGAN-GP Full,0.258193644787295
RA3,selected non-SOZ,-0.7531438391171992,WGAN-GP Full,0.2707860072014897
RA3,selected non-SOZ,-0.7408852327226916,WGAN-GP Full,0.2837432106277925
RA3,selected non-SOZ,-0.7286266263281838,WGAN-GP Full,0.2970554998304218
RA3,selected non-SOZ,-0.7163680199336762,WGAN-GP Full,0.3107108826591684
RA3,selected non-SOZ,-0.7041094135391686,WGAN-GP Full,0.3246951348639813
RA3,selected non-SOZ,-0.691850807144661,WGAN-GP Full,0.3389918424916066
RA3,selected non-SOZ,-0.6795922007501534,WGAN-GP Full,0.35358248086267074
RA3,selected non-SOZ,-0.6673335943556458,WGAN-GP Full,0.3684465278497511
RA3,selected non-SOZ,-0.6550749879611382,WGAN-GP Full,0.3835616080066331
RA3,selected non-SOZ,-0.6428163815666306,WGAN-GP Full,0.39890366309284964
RA3,selected non-SOZ,-0.630557775172123,WGAN-GP Full,0.4144471437427397
RA3,selected non-SOZ,-0.6182991687776154,WGAN-GP Full,0.4301652164808076
RA3,selected non-SOZ,-0.6060405623831078,WGAN-GP Full,0.4460299800072953
RA3,selected non-SOZ,-0.5937819559886002,WGAN-GP Full,0.46201268467788953
RA3,selected non-SOZ,-0.5815233495940924,WGAN-GP Full,0.4780839493721197
RA3,selected non-SOZ,-0.5692647431995848,WGAN-GP Full,0.49421397046573073
RA3,selected non-SOZ,-0.5570061368050772,WGAN-GP Full,0.5103727183594728
RA3,selected non-SOZ,-0.5447475304105696,WGAN-GP Full,0.5265301179259406
RA3,selected non-SOZ,-0.532488924016062,WGAN-GP Full,0.5426562102656668
RA3,selected non-SOZ,-0.5202303176215544,WGAN-GP Full,0.5587212942561642
RA3,selected non-SOZ,-0.5079717112270468,WGAN-GP Full,0.5746960474744192
RA3,selected non-SOZ,-0.4957131048325391,WGAN-GP Full,0.5905516271166282
RA3,selected non-SOZ,-0.4834544984380315,WGAN-GP Full,0.606259752475855
RA3,selected non-SOZ,-0.4711958920435239,WGAN-GP Full,0.6217927713219058
RA3,selected non-SOZ,-0.4589372856490163,WGAN-GP Full,0.6371237131211511
RA3,selected non-SOZ,-0.4466786792545087,WGAN-GP Full,0.6522263324107145
RA3,selected non-SOZ,-0.4344200728600011,WGAN-GP Full,0.6670751457864145
RA3,selected non-SOZ,-0.4221614664654933,WGAN-GP Full,0.681645465875294
RA3,selected non-SOZ,-0.4099028600709857,WGAN-GP Full,0.6959134353509125
RA3,selected non-SOZ,-0.3976442536764781,WGAN-GP Full,0.7098560635344904
RA3,selected non-SOZ,-0.3853856472819705,WGAN-GP Full,0.7234512674392203
RA3,selected non-SOZ,-0.3731270408874629,WGAN-GP Full,0.7366779182990018
RA3,selected non-SOZ,-0.3608684344929553,WGAN-GP Full,0.7495158937239246
RA3,selected non-SOZ,-0.3486098280984477,WGAN-GP Full,0.7619461346939507
RA3,selected non-SOZ,-0.3363512217039401,WGAN-GP Full,0.773950705693937
RA3,selected non-SOZ,-0.3240926153094325,WGAN-GP Full,0.7855128554593849
RA3,selected non-SOZ,-0.3118340089149249,WGAN-GP Full,0.7966170750933631
RA3,selected non-SOZ,-0.2995754025204173,WGAN-GP Full,0.807249149775733
RA3,selected non-SOZ,-0.2873167961259097,WGAN-GP Full,0.8173961999520071
RA3,selected non-SOZ,-0.2750581897314021,WGAN-GP Full,0.82704670778983
RA3,selected non-SOZ,-0.2627995833368943,WGAN-GP Full,0.8361905248416505
RA3,selected non-SOZ,-0.2505409769423867,WGAN-GP Full,0.8448188572587682
RA3,selected non-SOZ,-0.2382823705478791,WGAN-GP Full,0.8529242255571058
RA3,selected non-SOZ,-0.2260237641533715,WGAN-GP Full,0.86050039681938
RA3,selected non-SOZ,-0.2137651577588639,WGAN-GP Full,0.867542288301755
RA3,selected non-SOZ,-0.2015065513643563,WGAN-GP Full,0.8740458426531079
RA3,selected non-SOZ,-0.1892479449698487,WGAN-GP Full,0.880007876301977
RA3,selected non-SOZ,-0.1769893385753411,WGAN-GP Full,0.8854259039620613
RA3,selected non-SOZ,-0.1647307321808335,WGAN-GP Full,0.8902979435884787
RA3,selected non-SOZ,-0.1524721257863259,WGAN-GP Full,0.8946223074191321
RA3,selected non-SOZ,-0.1402135193918183,WGAN-GP Full,0.8983973858921501
RA3,selected non-SOZ,-0.1279549129973107,WGAN-GP Full,0.9016214321799731
RA3,selected non-SOZ,-0.1156963066028031,WGAN-GP Full,0.904292355765195
RA3,selected non-SOZ,-0.1034377002082953,WGAN-GP Full,0.9064075338556241
RA3,selected non-SOZ,-0.0911790938137877,WGAN-GP Full,0.9079636494575952
RA3,selected non-SOZ,-0.0789204874192801,WGAN-GP Full,0.9089565645745282
RA3,selected non-SOZ,-0.0666618810247725,WGAN-GP Full,0.9093812362618289
RA3,selected non-SOZ,-0.0544032746302649,WGAN-GP Full,0.9092316821588902
RA3,selected non-SOZ,-0.0421446682357573,WGAN-GP Full,0.9085010006573807
RA3,selected non-SOZ,-0.0298860618412497,WGAN-GP Full,0.9071814490959762
RA3,selected non-SOZ,-0.0176274554467421,WGAN-GP Full,0.905264581353028
RA3,selected non-SOZ,-0.0053688490522345,WGAN-GP Full,0.9027414440136818
RA3,selected non-SOZ,0.006889757342273,WGAN-GP Full,0.8996028280030944
RA3,selected non-SOZ,0.0191483637367806,WGAN-GP Full,0.8958395702954053
RA3,selected non-SOZ,0.0314069701312882,WGAN-GP Full,0.8914428981293967
RA3,selected non-SOZ,0.0436655765257958,WGAN-GP Full,0.8864048061840765
RA3,selected non-SOZ,0.0559241829203036,WGAN-GP Full,0.880718455486021
RA3,selected non-SOZ,0.0681827893148112,WGAN-GP Full,0.8743785815186879
RA3,selected non-SOZ,0.0804413957093188,WGAN-GP Full,0.8673818981530856
RA3,selected non-SOZ,0.0927000021038264,WGAN-GP Full,0.8597274836706361
RA3,selected non-SOZ,0.104958608498334,WGAN-GP Full,0.8514171353328025
RA3,selected non-SOZ,0.1172172148928416,WGAN-GP Full,0.8424556796748488
RA3,selected non-SOZ,0.1294758212873492,WGAN-GP Full,0.8328512269441533
RA3,selected non-SOZ,0.1417344276818568,WGAN-GP Full,0.822615359824832
RA3,selected non-SOZ,0.1539930340763644,WGAN-GP Full,0.8117632487236088
RA3,selected non-SOZ,0.166251640470872,WGAN-GP Full,0.8003136883530293
RA3,selected non-SOZ,0.1785102468653796,WGAN-GP Full,0.7882890530358168
RA3,selected non-SOZ,0.1907688532598872,WGAN-GP Full,0.7757151709570381
RA3,selected non-SOZ,0.2030274596543948,WGAN-GP Full,0.7626211203918039
RA3,selected non-SOZ,0.2152860660489026,WGAN-GP Full,0.7490389536188017
RA3,selected non-SOZ,0.2275446724434102,WGAN-GP Full,0.7350033566827046
RA3,selected non-SOZ,0.2398032788379178,WGAN-GP Full,0.7205512552911607
RA3,selected non-SOZ,0.2520618852324252,WGAN-GP Full,0.7057213788404127
RA3,selected non-SOZ,0.2643204916269328,WGAN-GP Full,0.690553795790771
RA3,selected non-SOZ,0.2765790980214404,WGAN-GP Full,0.6750894343161539
RA3,selected non-SOZ,0.2888377044159484,WGAN-GP Full,0.659369602309414
RA3,selected non-SOZ,0.301096310810456,WGAN-GP Full,0.6434355204403939
RA3,selected non-SOZ,0.3133549172049636,WGAN-GP Full,0.6273278810626758
RA3,selected non-SOZ,0.3256135235994712,WGAN-GP Full,0.6110864443963416
RA3,selected non-SOZ,0.3378721299939788,WGAN-GP Full,0.5947496816438572
RA3,selected non-SOZ,0.3501307363884864,WGAN-GP Full,0.5783544726081515
RA3,selected non-SOZ,0.362389342782994,WGAN-GP Full,0.5619358630707822
RA3,selected non-SOZ,0.3746479491775016,WGAN-GP Full,0.5455268847560927
RA3,selected non-SOZ,0.3869065555720092,WGAN-GP Full,0.5291584382608372
RA3,selected non-SOZ,0.3991651619665168,WGAN-GP Full,0.5128592369716354
RA3,selected non-SOZ,0.4114237683610244,WGAN-GP Full,0.49665580782290847
RA3,selected non-SOZ,0.423682374755532,WGAN-GP Full,0.48057254285305956
RA3,selected non-SOZ,0.4359409811500396,WGAN-GP Full,0.4646317939698527
RA3,selected non-SOZ,0.4481995875445472,WGAN-GP Full,0.4488540021920598
RA3,selected non-SOZ,0.4604581939390548,WGAN-GP Full,0.4332578519293038
RA3,selected non-SOZ,0.4727168003335624,WGAN-GP Full,0.41786044060904787
RA3,selected non-SOZ,0.48497540672807,WGAN-GP Full,0.40267745415078776
RA3,selected non-SOZ,0.4972340131225776,WGAN-GP Full,0.38772333939340925
RA3,selected non-SOZ,0.5094926195170852,WGAN-GP Full,0.3730114655535178
RA3,selected non-SOZ,0.5217512259115928,WGAN-GP Full,0.35855426806535495
RA3,selected non-SOZ,0.5340098323061004,WGAN-GP Full,0.3443633696486463
RA3,selected non-SOZ,0.546268438700608,WGAN-GP Full,0.33044967508377293
RA3,selected non-SOZ,0.5585270450951156,WGAN-GP Full,0.31682343785416
RA3,selected non-SOZ,0.5707856514896232,WGAN-GP Full,0.30349429845707226
RA3,selected non-SOZ,0.5830442578841308,WGAN-GP Full,0.2904712957045005
RA3,selected non-SOZ,0.5953028642786389,WGAN-GP Full,0.2777628536662435
RA3,selected non-SOZ,0.6075614706731465,WGAN-GP Full,0.26537674799207456
RA3,selected non-SOZ,0.6198200770676541,WGAN-GP Full,0.2533200561507093
RA3,selected non-SOZ,0.6320786834621617,WGAN-GP Full,0.24159909662057213
RA3,selected non-SOZ,0.6443372898566693,WGAN-GP Full,0.2302193622594737
RA3,selected non-SOZ,0.6565958962511769,WGAN-GP Full,0.21918545298360878
RA3,selected non-SOZ,0.6688545026456845,WGAN-GP Full,0.20850101253194026
RA3,selected non-SOZ,0.6811131090401921,WGAN-GP Full,0.19816867352382792
RA3,selected non-SOZ,0.6933717154346997,WGAN-GP Full,0.188190014287423
RA3,selected non-SOZ,0.7056303218292073,WGAN-GP Full,0.17856553010064224
RA3,selected non-SOZ,0.7178889282237149,WGAN-GP Full,0.16929462060221193
RA3,selected non-SOZ,0.7301475346182225,WGAN-GP Full,0.16037559425100437
RA3,selected non-SOZ,0.7424061410127301,WGAN-GP Full,0.15180568988475615
RA3,selected non-SOZ,0.7546647474072377,WGAN-GP Full,0.14358111469253948
RA3,selected non-SOZ,0.7669233538017453,WGAN-GP Full,0.1356970972967199
RA3,selected non-SOZ,0.7791819601962529,WGAN-GP Full,0.12814795415633257
RA3,selected non-SOZ,0.7914405665907605,WGAN-GP Full,0.12092716716074961
RA3,selected non-SOZ,0.803699172985268,WGAN-GP Full,0.11402747007637022
RA3,selected non-SOZ,0.8159577793797756,WGAN-GP Full,0.107440941428116
RA3,selected non-SOZ,0.8282163857742832,WGAN-GP Full,0.1011591014240052
RA3,selected non-SOZ,0.8404749921687908,WGAN-GP Full,0.09517301064376398
RA3,selected non-SOZ,0.8527335985632984,WGAN-GP Full,0.08947336838871006
RA3,selected non-SOZ,0.864992204957806,WGAN-GP Full,0.08405060880815558
RA3,selected non-SOZ,0.8772508113523136,WGAN-GP Full,0.07889499315784679
RA3,selected non-SOZ,0.8895094177468212,WGAN-GP Full,0.07399669679269373
RA3,selected non-SOZ,0.9017680241413288,WGAN-GP Full,0.06934588973758524
RA3,selected non-SOZ,0.9140266305358368,WGAN-GP Full,0.06493280990923982
RA3,selected non-SOZ,0.9262852369303444,WGAN-GP Full,0.06074782827560377
RA3,selected non-SOZ,0.938543843324852,WGAN-GP Full,0.05678150543733215
RA3,selected non-SOZ,0.9508024497193596,WGAN-GP Full,0.053024639300817786
RA3,selected non-SOZ,0.9630610561138672,WGAN-GP Full,0.04946830368761178
RA3,selected non-SOZ,0.9753196625083748,WGAN-GP Full,0.04610387789470079
RA3,selected non-SOZ,0.9875782689028824,WGAN-GP Full,0.042923067386794155
RA3,selected non-SOZ,0.99983687529739,WGAN-GP Full,0.03991791596695196
RA3,selected non-SOZ,1.0120954816918977,WGAN-GP Full,0.03708080993484686
RA3,selected non-SOZ,1.0243540880864053,WGAN-GP Full,0.034404474900004874
RA3,selected non-SOZ,1.0366126944809129,WGAN-GP Full,0.03188196606582379
RA3,selected non-SOZ,1.0488713008754205,WGAN-GP Full,0.02950665293292049
RA3,selected non-SOZ,1.061129907269928,WGAN-GP Full,0.027272199480455946
RA3,selected non-SOZ,1.0733885136644357,WGAN-GP Full,0.02517254096456513
RA3,selected non-SOZ,1.0856471200589433,WGAN-GP Full,0.023201858517650886
RA3,selected non-SOZ,1.0979057264534509,WGAN-GP Full,0.021354552736363216
RA3,selected non-SOZ,1.1101643328479585,WGAN-GP Full,0.01962521740697096
RA3,selected non-SOZ,1.122422939242466,WGAN-GP Full,0.018008614434435882
RA3,selected non-SOZ,1.1346815456369737,WGAN-GP Full,0.01649965091844881
RA3,selected non-SOZ,1.1469401520314813,WGAN-GP Full,0.015093359161225846
RA3,selected non-SOZ,1.1591987584259889,WGAN-GP Full,0.013784880205596022
RA3,selected non-SOZ,1.1714573648204964,WGAN-GP Full,0.012569451297295399
RA3,selected non-SOZ,1.183715971215004,WGAN-GP Full,0.011442397453042942
RA3,selected non-SOZ,1.1959745776095116,WGAN-GP Full,0.010399127106996508
RA3,selected non-SOZ,1.2082331840040192,WGAN-GP Full,0.009435131613313153
RA3,selected non-SOZ,1.2204917903985268,WGAN-GP Full,0.008545988211427259
RA3,selected non-SOZ,1.2327503967930349,WGAN-GP Full,0.007727365921273864
RA3,selected non-SOZ,1.2450090031875425,WGAN-GP Full,0.0069750337337622
RA3,selected non-SOZ,1.25726760958205,WGAN-GP Full,0.006284870400585007
RA3,selected non-SOZ,1.2695262159765577,WGAN-GP Full,0.00565287510754455
RA3,selected non-SOZ,1.2817848223710653,WGAN-GP Full,0.005075178335056251
RA3,selected non-SOZ,1.2940434287655729,WGAN-GP Full,0.004548052264169904
RA3,selected non-SOZ,1.3063020351600805,WGAN-GP Full,0.0040679201702793965
RA3,selected non-SOZ,1.318560641554588,WGAN-GP Full,0.003631364352313246
RA3,selected non-SOZ,1.3308192479490957,WGAN-GP Full,0.0032351322645079034
RA3,selected non-SOZ,1.3430778543436033,WGAN-GP Full,0.002876140642622038
RA3,selected non-SOZ,1.3553364607381109,WGAN-GP Full,0.002551477538837214
RA3,selected non-SOZ,1.3675950671326185,WGAN-GP Full,0.0022584022926963976
RA3,selected non-SOZ,1.379853673527126,WGAN-GP Full,0.0019943435636357236
RA3,selected non-SOZ,1.3921122799216337,WGAN-GP Full,0.00175689562988239
RA3,selected non-SOZ,1.4043708863161413,WGAN-GP Full,0.0015438132162955073
RA3,selected non-SOZ,1.4166294927106489,WGAN-GP Full,0.0013530051493329902
RA3,selected non-SOZ,1.4288880991051565,WGAN-GP Full,0.0011825271514654958
RA3,selected non-SOZ,1.441146705499664,WGAN-GP Full,0.0010305740820452784
RA3,selected non-SOZ,1.4534053118941717,WGAN-GP Full,0.0008954719098867091
RA3,selected non-SOZ,1.4656639182886793,WGAN-GP Full,0.0007756696683057249
RA3,selected non-SOZ,1.4779225246831869,WGAN-GP Full,0.0006697316001040072
RA3,selected non-SOZ,1.4901811310776945,WGAN-GP Full,0.0005763296519862094
RA3,selected non-SOZ,1.502439737472202,WGAN-GP Full,0.0004942364289100991
RA3,selected non-SOZ,1.5146983438667097,WGAN-GP Full,0.0004223186721436275
RA3,selected non-SOZ,1.5269569502612172,WGAN-GP Full,0.0003595312829468816
RA3,selected non-SOZ,1.5392155566557253,WGAN-GP Full,0.00030491187868365236
RA3,selected non-SOZ,1.551474163050233,WGAN-GP Full,0.0002575758409184986
RA3,selected non-SOZ,1.5637327694447405,WGAN-GP Full,0.00021671179607649042
RA3,selected non-SOZ,1.575991375839248,WGAN-GP Full,0.00018157745831107565
RA3,selected non-SOZ,1.5882499822337557,WGAN-GP Full,0.00015149576060508236
RA3,selected non-SOZ,1.6005085886282633,WGAN-GP Full,0.0001258512027101635
RA3,selected non-SOZ,1.6127671950227709,WGAN-GP Full,0.00010408635196699935
RA3,selected non-SOZ,1.6250258014172785,WGAN-GP Full,8.569844390048109e-05
RA3,selected non-SOZ,1.637284407811786,WGAN-GP Full,7.023604233083977e-05
RA3,selected non-SOZ,1.6495430142062937,WGAN-GP Full,5.729573228246676e-05
RA3,selected non-SOZ,1.6618016206008013,WGAN-GP Full,4.6518832096337956e-05
RA3,selected non-SOZ,1.6740602269953089,WGAN-GP Full,3.758812298393131e-05
RA3,selected non-SOZ,1.6863188333898165,WGAN-GP Full,3.0224604178443567e-05
RA3,selected non-SOZ,1.698577439784324,WGAN-GP Full,2.4184289471864082e-05
RA3,selected non-SOZ,1.7108360461788317,WGAN-GP Full,1.9255066132485987e-05
RA3,selected non-SOZ,1.7230946525733393,WGAN-GP Full,1.5253640030978836e-05
RA3,selected non-SOZ,1.7353532589678469,WGAN-GP Full,1.2022591472548935e-05
RA3,selected non-SOZ,1.7476118653623545,WGAN-GP Full,9.427565055759139e-06
RA3,selected non-SOZ,1.759870471756862,WGAN-GP Full,7.354614238714825e-06
RA3,selected non-SOZ,1.7721290781513697,WGAN-GP Full,5.707717600006136e-06
RA3,selected non-SOZ,1.7843876845458773,WGAN-GP Full,4.406479437000666e-06
RA3,selected non-SOZ,1.7966462909403849,WGAN-GP Full,3.3840227163424948e-06
RA3,selected non-SOZ,1.8089048973348925,WGAN-GP Full,2.5850777977148296e-06
RA3,selected non-SOZ,1.8211635037294,WGAN-GP Full,1.9642660466437394e-06
RA3,selected non-SOZ,1.833422110123908,WGAN-GP Full,1.4845736236279981e-06
RA3,selected non-SOZ,1.8456807165184157,WGAN-GP Full,1.116007508613127e-06
RA3,selected non-SOZ,1.8579393229129235,WGAN-GP Full,8.344232560647729e-07
RA3,selected non-SOZ,1.870197929307431,WGAN-GP Full,6.20512090202409e-07
RA3,selected non-SOZ,1.8824565357019385,WGAN-GP Full,4.5893371520277315e-07
RA3,selected non-SOZ,1.894715142096446,WGAN-GP Full,3.3758057404341806e-07
RA3,selected non-SOZ,1.9069737484909537,WGAN-GP Full,2.4695916468768717e-07
RAFa4,unselected,-1.678086996742837,Observed ictal,0.0140643525927454
RAFa4,unselected,-1.666881605074429,Observed ictal,0.01555604250790571
RAFa4,unselected,-1.6556762134060212,Observed ictal,0.017135689735970922
RAFa4,unselected,-1.6444708217376134,Observed ictal,0.018799023806426104
RAFa4,unselected,-1.6332654300692055,Observed ictal,0.020540398747814798
RAFa4,unselected,-1.6220600384007977,Observed ictal,0.022352777638151085
RAFa4,unselected,-1.61085464673239,Observed ictal,0.024227747272973162
RAFa4,unselected,-1.599649255063982,Observed ictal,0.02615556543555845
RAFa4,unselected,-1.5884438633955742,Observed ictal,0.028125242531674158
RAFa4,unselected,-1.5772384717271664,Observed ictal,0.030124658513077173
RAFa4,unselected,-1.5660330800587587,Observed ictal,0.032140715081616235
RAFa4,unselected,-1.554827688390351,Observed ictal,0.034159522166503344
RAFa4,unselected,-1.543622296721943,Observed ictal,0.036166616632947304
RAFa4,unselected,-1.5324169050535352,Observed ictal,0.038147210146198374
RAFa4,unselected,-1.5212115133851274,Observed ictal,0.04008646211850765
RAFa4,unselected,-1.5100061217167196,Observed ictal,0.041969772745448296
RAFa4,unselected,-1.4988007300483115,Observed ictal,0.043783090329161146
RAFa4,unselected,-1.487595338379904,Observed ictal,0.04551322642315052
RAFa4,unselected,-1.476389946711496,Observed ictal,0.04714817184545345
RAFa4,unselected,-1.4651845550430882,Observed ictal,0.04867740631741438
RAFa4,unselected,-1.4539791633746804,Observed ictal,0.05009219440961706
RAFa4,unselected,-1.4427737717062723,Observed ictal,0.05138586062209647
RAFa4,unselected,-1.431568380037865,Observed ictal,0.05255403679122294
RAFa4,unselected,-1.4203629883694568,Observed ictal,0.053594875589997475
RAFa4,unselected,-1.409157596701049,Observed ictal,0.054509224652591205
RAFa4,unselected,-1.3979522050326412,Observed ictal,0.055300756780541735
RAFa4,unselected,-1.386746813364233,Observed ictal,0.05597605274308739
RAFa4,unselected,-1.3755414216958255,Observed ictal,0.05654463432858245
RAFa4,unselected,-1.3643360300274177,Observed ictal,0.05701894649544526
RAFa4,unselected,-1.3531306383590098,Observed ictal,0.0574142886661746
RAFa4,unselected,-1.341925246690602,Observed ictal,0.0577486963641977
RAFa4,unselected,-1.330719855022194,Observed ictal,0.05804277547143055
RAFa4,unselected,-1.3195144633537863,Observed ictal,0.05831949235035791
RAFa4,unselected,-1.3083090716853785,Observed ictal,0.05860392390094682
RAFa4,unselected,-1.2971036800169706,Observed ictal,0.05892297229074115
RAFa4,unselected,-1.285898288348563,Observed ictal,0.05930504959599259
RAFa4,unselected,-1.2746928966801552,Observed ictal,0.05977973792191091
RAFa4,unselected,-1.2634875050117471,Observed ictal,0.06037743073933263
RAFa4,unselected,-1.2522821133433395,Observed ictal,0.06112896119976298
RAFa4,unselected,-1.2410767216749317,Observed ictal,0.062065223094100515
RAFa4,unselected,-1.2298713300065238,Observed ictal,0.06321678993064807
RAFa4,unselected,-1.218665938338116,Observed ictal,0.06461353735628078
RAFa4,unselected,-1.207460546669708,Observed ictal,0.06628427386230004
RAFa4,unselected,-1.1962551550013003,Observed ictal,0.06825638443287137
RAFa4,unselected,-1.1850497633328925,Observed ictal,0.07055549153385825
RAFa4,unselected,-1.1738443716644846,Observed ictal,0.07320513762152858
RAFa4,unselected,-1.1626389799960768,Observed ictal,0.07622649318391184
RAFa4,unselected,-1.151433588327669,Observed ictal,0.07963809421290094
RAFa4,unselected,-1.1402281966592611,Observed ictal,0.0834556129329591
RAFa4,unselected,-1.1290228049908535,Observed ictal,0.08769166556322695
RAFa4,unselected,-1.1178174133224457,Observed ictal,0.09235566083600519
RAFa4,unselected,-1.1066120216540378,Observed ictal,0.09745369290124
RAFa4,unselected,-1.09540662998563,Observed ictal,0.10298848207461768
RAFa4,unselected,-1.084201238317222,Observed ictal,0.10895936659569153
RAFa4,unselected,-1.0729958466488143,Observed ictal,0.1153623481137069
RAFa4,unselected,-1.0617904549804065,Observed ictal,0.12219019297966054
RAFa4,unselected,-1.0505850633119986,Observed ictal,0.12943259056993275
RAFa4,unselected,-1.0393796716435908,Observed ictal,0.13707636878813947
RAFa4,unselected,-1.028174279975183,Observed ictal,0.1451057655909812
RAFa4,unselected,-1.0169688883067751,Observed ictal,0.15350275388072748
RAFa4,unselected,-1.0057634966383673,Observed ictal,0.1622474154386895
RAFa4,unselected,-0.9945581049699594,Observed ictal,0.17131835779464527
RAFa4,unselected,-0.9833527133015516,Observed ictal,0.1806931661060231
RAFa4,unselected,-0.9721473216331438,Observed ictal,0.19034888033963934
RAFa4,unselected,-0.960941929964736,Observed ictal,0.2002624863986265
RAFa4,unselected,-0.949736538296328,Observed ictal,0.21041140841269992
RAFa4,unselected,-0.9385311466279204,Observed ictal,0.2207739883046866
RAFa4,unselected,-0.9273257549595124,Observed ictal,0.23132993804716706
RAFa4,unselected,-0.9161203632911046,Observed ictal,0.24206074980449124
RAFa4,unselected,-0.9049149716226969,Observed ictal,0.2529500494742525
RAFa4,unselected,-0.893709579954289,Observed ictal,0.2639838800332103
RAFa4,unselected,-0.8825041882858812,Observed ictal,0.27515090256495417
RAFa4,unselected,-0.8712987966174733,Observed ictal,0.2864425048819388
RAFa4,unselected,-0.8600934049490655,Observed ictal,0.29785281020626975
RAFa4,unselected,-0.8488880132806577,Observed ictal,0.30937858136785984
RAFa4,unselected,-0.8376826216122498,Observed ictal,0.3210190193164949
RAFa4,unselected,-0.826477229943842,Observed ictal,0.33277545830622673
RAFa4,unselected,-0.8152718382754341,Observed ictal,0.34465096376083937
RAFa4,unselected,-0.8040664466070263,Observed ictal,0.35664984242275394
RAFa4,unselected,-0.7928610549386185,Observed ictal,0.3687770777765907
RAFa4,unselected,-0.7816556632702107,Observed ictal,0.38103770677872206
RAFa4,unselected,-0.7704502716018029,Observed ictal,0.39343615648247876
RAFa4,unselected,-0.7592448799333951,Observed ictal,0.4059755611095149
RAFa4,unselected,-0.7480394882649872,Observed ictal,0.4186570813882646
RAFa4,unselected,-0.7368340965965794,Observed ictal,0.43147924849482827
RAFa4,unselected,-0.7256287049281716,Observed ictal,0.4444373546546573
RAFa4,unselected,-0.7144233132597637,Observed ictal,0.45752291139194573
RAFa4,unselected,-0.7032179215913559,Observed ictal,0.4707231945766238
RAFa4,unselected,-0.692012529922948,Observed ictal,0.48402089287662015
RAFa4,unselected,-0.6808071382545402,Observed ictal,0.49739387306423893
RAFa4,unselected,-0.6696017465861324,Observed ictal,0.5108150719638922
RAFa4,unselected,-0.6583963549177245,Observed ictal,0.5242525207980042
RAFa4,unselected,-0.6471909632493167,Observed ictal,0.5376695034376434
RAFa4,unselected,-0.6359855715809088,Observed ictal,0.5510248457522705
RAFa4,unselected,-0.624780179912501,Observed ictal,0.5642733290400382
RAFa4,unselected,-0.6135747882440932,Observed ictal,0.5773662165637705
RAFa4,unselected,-0.6023693965756853,Observed ictal,0.590251878666579
RAFa4,unselected,-0.5911640049072777,Observed ictal,0.6028764989281055
RAFa4,unselected,-0.5799586132388699,Observed ictal,0.6151848414604688
RAFa4,unselected,-0.568753221570462,Observed ictal,0.6271210578199995
RAFa4,unselected,-0.5575478299020542,Observed ictal,0.6386295111858998
RAFa4,unselected,-0.5463424382336464,Observed ictal,0.6496555954575068
RAFa4,unselected,-0.5351370465652385,Observed ictal,0.6601465277421626
RAFa4,unselected,-0.5239316548968307,Observed ictal,0.6700520943060537
RAFa4,unselected,-0.5127262632284229,Observed ictal,0.6793253323680964
RAFa4,unselected,-0.501520871560015,Observed ictal,0.6879231330286033
RAFa4,unselected,-0.4903154798916072,Observed ictal,0.6958067540092542
RAFa4,unselected,-0.4791100882231993,Observed ictal,0.7029422345863784
RAFa4,unselected,-0.4679046965547915,Observed ictal,0.7093007089571637
RAFa4,unselected,-0.4566993048863836,Observed ictal,0.7148586181118387
RAFa4,unselected,-0.4454939132179758,Observed ictal,0.7195978239177716
RAFa4,unselected,-0.434288521549568,Observed ictal,0.7235056323864694
RAFa4,unselected,-0.4230831298811601,Observed ictal,0.7265747358422406
RAFa4,unselected,-0.4118777382127523,Observed ictal,0.7288030858183231
RAFa4,unselected,-0.4006723465443444,Observed ictal,0.7301937098826898
RAFa4,unselected,-0.3894669548759366,Observed ictal,0.7307544861907795
RAFa4,unselected,-0.3782615632075288,Observed ictal,0.7304978893681917
RAFa4,unselected,-0.3670561715391209,Observed ictal,0.7294407203796883
RAFa4,unselected,-0.3558507798707133,Observed ictal,0.7276038314213631
RAFa4,unselected,-0.3446453882023055,Observed ictal,0.725011854699853
RAFa4,unselected,-0.3334399965338976,Observed ictal,0.7216929413881589
RAFa4,unselected,-0.3222346048654898,Observed ictal,0.7176785142483035
RAFa4,unselected,-0.311029213197082,Observed ictal,0.7130030345768924
RAFa4,unselected,-0.2998238215286741,Observed ictal,0.7077037814528114
RAFa4,unselected,-0.2886184298602663,Observed ictal,0.7018206389286908
RAFa4,unselected,-0.2774130381918585,Observed ictal,0.6953958849696036
RAFa4,unselected,-0.2662076465234506,Observed ictal,0.6884739747310057
RAFa4,unselected,-0.2550022548550428,Observed ictal,0.681101310269401
RAFa4,unselected,-0.2437968631866349,Observed ictal,0.673325989032101
RAFa4,unselected,-0.2325914715182271,Observed ictal,0.6651975244645955
RAFa4,unselected,-0.2213860798498192,Observed ictal,0.6567665337429004
RAFa4,unselected,-0.2101806881814114,Observed ictal,0.6480843898741635
RAFa4,unselected,-0.1989752965130036,Observed ictal,0.6392028380620149
RAFa4,unselected,-0.1877699048445957,Observed ictal,0.6301735791232359
RAFa4,unselected,-0.1765645131761879,Observed ictal,0.6210478256696751
RAFa4,unselected,-0.1653591215077801,Observed ictal,0.6118758395286407
RAFa4,unselected,-0.1541537298393722,Observed ictal,0.6027064612682255
RAFa4,unselected,-0.1429483381709644,Observed ictal,0.5935866445442445
RAFa4,unselected,-0.1317429465025565,Observed ictal,0.5845610091480913
RAFa4,unselected,-0.1205375548341489,Observed ictal,0.5756714270079706
RAFa4,unselected,-0.1093321631657411,Observed ictal,0.5669566549271777
RAFa4,unselected,-0.0981267714973332,Observed ictal,0.5584520265330836
RAFa4,unselected,-0.0869213798289254,Observed ictal,0.55018921381413
RAFa4,unselected,-0.0757159881605176,Observed ictal,0.5421960658444648
RAFa4,unselected,-0.0645105964921097,Observed ictal,0.5344965289867275
RAFa4,unselected,-0.0533052048237019,Observed ictal,0.5271106492076282
RAFa4,unselected,-0.0420998131552941,Observed ictal,0.5200546533472385
RAFa4,unselected,-0.0308944214868862,Observed ictal,0.5133411024711128
RAFa4,unselected,-0.0196890298184784,Observed ictal,0.5069791070220591
RAFa4,unselected,-0.0084836381500705,Observed ictal,0.5009745905777092
RAFa4,unselected,0.0027217535183372,Observed ictal,0.4953305867853975
RAFa4,unselected,0.013927145186745,Observed ictal,0.4900475526238429
RAFa4,unselected,0.0251325368551529,Observed ictal,0.4851236806224211
RAFa4,unselected,0.0363379285235607,Observed ictal,0.48055519309301487
RAFa4,unselected,0.0475433201919686,Observed ictal,0.47633660278340084
RAFa4,unselected,0.0587487118603764,Observed ictal,0.47246092657953576
RAFa4,unselected,0.0699541035287842,Observed ictal,0.46891984185413116
RAFa4,unselected,0.0811594951971921,Observed ictal,0.46570377862654394
RAFa4,unselected,0.0923648868655999,Observed ictal,0.46280194467828223
RAFa4,unselected,0.1035702785340078,Observed ictal,0.46020228495184706
RAFa4,unselected,0.1147756702024154,Observed ictal,0.45789138073069613
RAFa4,unselected,0.1259810618708232,Observed ictal,0.4558542980389339
RAFa4,unselected,0.1371864535392311,Observed ictal,0.4540743982081695
RAFa4,unselected,0.1483918452076389,Observed ictal,0.45253312645601956
RAFa4,unselected,0.1595972368760467,Observed ictal,0.4512097964582715
RAFa4,unselected,0.1708026285444546,Observed ictal,0.45008139016527515
RAFa4,unselected,0.1820080202128624,Observed ictal,0.4491223924463335
RAFa4,unselected,0.1932134118812702,Observed ictal,0.4483046795220868
RAFa4,unselected,0.2044188035496781,Observed ictal,0.4475974785873555
RAFa4,unselected,0.2156241952180859,Observed ictal,0.4469674136008297
RAFa4,unselected,0.2268295868864938,Observed ictal,0.4463786490265959
RAFa4,unselected,0.2380349785549016,Observed ictal,0.4457931394907957
RAFa4,unselected,0.2492403702233094,Observed ictal,0.4451709890247131
RAFa4,unselected,0.2604457618917173,Observed ictal,0.4444709189804395
RAFa4,unselected,0.2716511535601251,Observed ictal,0.4436508390133583
RAFa4,unselected,0.282856545228533,Observed ictal,0.44266851091480647
RAFa4,unselected,0.2940619368969408,Observed ictal,0.44148229073027695
RAFa4,unselected,0.3052673285653486,Observed ictal,0.44005193068271975
RAFa4,unselected,0.3164727202337565,Observed ictal,0.438339419088183
RAFa4,unselected,0.3276781119021643,Observed ictal,0.4363098338306066
RAFa4,unselected,0.3388835035705722,Observed ictal,0.4339321831564757
RAFa4,unselected,0.35008889523898,Observed ictal,0.43118020663195056
RAFa4,unselected,0.3612942869073878,Observed ictal,0.4280331091187808
RAFa4,unselected,0.3724996785757957,Observed ictal,0.424476201583984
RAFa4,unselected,0.3837050702442035,Observed ictal,0.42050142444482785
RAFa4,unselected,0.3949104619126113,Observed ictal,0.41610773191857425
RAFa4,unselected,0.4061158535810192,Observed ictal,0.41130131942131565
RAFa4,unselected,0.417321245249427,Observed ictal,0.40609568034161464
RAFa4,unselected,0.4285266369178349,Observed ictal,0.4005114833788049
RAFa4,unselected,0.4397320285862427,Observed ictal,0.39457626693830744
RAFa4,unselected,0.4509374202546505,Observed ictal,0.3883239526559026
RAFa4,unselected,0.4621428119230584,Observed ictal,0.3817941858052437
RAFa4,unselected,0.4733482035914662,Observed ictal,0.37503151594523026
RAFa4,unselected,0.4845535952598736,Observed ictal,0.36808443650015515
RAFa4,unselected,0.4957589869282814,Observed ictal,0.3610043068519445
RAFa4,unselected,0.5069643785966893,Observed ictal,0.35384418478484353
RAFa4,unselected,0.5181697702650971,Observed ictal,0.34665760059750483
RAFa4,unselected,0.529375161933505,Observed ictal,0.33949730674537126
RAFa4,unselected,0.5405805536019128,Observed ictal,0.33241403838410055
RAFa4,unselected,0.5517859452703207,Observed ictal,0.32545532057144805
RAFa4,unselected,0.5629913369387285,Observed ictal,0.3186643571064453
RAFa4,unselected,0.5741967286071363,Observed ictal,0.3120790340373383
RAFa4,unselected,0.5854021202755442,Observed ictal,0.30573106779261355
RAFa4,unselected,0.596607511943952,Observed ictal,0.29964532376453346
RAFa4,unselected,0.6078129036123598,Observed ictal,0.2938393261254803
RAFa4,unselected,0.6190182952807677,Observed ictal,0.28832297384566985
RAFa4,unselected,0.6302236869491755,Observed ictal,0.2830984715010538
RAFa4,unselected,0.6414290786175834,Observed ictal,0.2781604767329123
RAFa4,unselected,0.6526344702859912,Observed ictal,0.2734964593838631
RAFa4,unselected,0.663839861954399,Observed ictal,0.2690872606347438
RAFa4,unselected,0.6750452536228069,Observed ictal,0.26490783414703445
RAFa4,unselected,0.6862506452912147,Observed ictal,0.26092814550756027
RAFa4,unselected,0.6974560369596225,Observed ictal,0.257114201385107
RAFa4,unselected,0.7086614286280304,Observed ictal,0.2534291759196204
RAFa4,unselected,0.7198668202964382,Observed ictal,0.2498345991118781
RAFa4,unselected,0.7310722119648461,Observed ictal,0.24629157045745304
RAFa4,unselected,0.7422776036332539,Observed ictal,0.24276196081680304
RAFa4,unselected,0.7534829953016617,Observed ictal,0.2392095665257234
RAFa4,unselected,0.7646883869700696,Observed ictal,0.23560118196938837
RAFa4,unselected,0.7758937786384774,Observed ictal,0.23190756016382122
RAFa4,unselected,0.7870991703068853,Observed ictal,0.22810423516410944
RAFa4,unselected,0.7983045619752931,Observed ictal,0.2241721851675113
RAFa4,unselected,0.8095099536437009,Observed ictal,0.22009832079427816
RAFa4,unselected,0.8207153453121088,Observed ictal,0.21587578898561688
RAFa4,unselected,0.8319207369805166,Observed ictal,0.21150408902674983
RAFa4,unselected,0.8431261286489244,Observed ictal,0.20698900315750926
RAFa4,unselected,0.8543315203173323,Observed ictal,0.20234234986124652
RAFa4,unselected,0.8655369119857401,Observed ictal,0.1975815730353854
RAFa4,unselected,0.876742303654148,Observed ictal,0.19272918468396608
RAFa4,unselected,0.8879476953225558,Observed ictal,0.1878120824096554
RAFa4,unselected,0.8991530869909636,Observed ictal,0.18286076573464188
RAFa4,unselected,0.9103584786593716,Observed ictal,0.177908477101943
RAFa4,unselected,0.9215638703277792,Observed ictal,0.17299029429640578
RAFa4,unselected,0.9327692619961871,Observed ictal,0.16814220101130198
RAFa4,unselected,0.943974653664595,Observed ictal,0.16340016143872682
RAFa4,unselected,0.9551800453330024,Observed ictal,0.15879922317488415
RAFa4,unselected,0.9663854370014102,Observed ictal,0.15437267052117873
RAFa4,unselected,0.977590828669818,Observed ictal,0.15015124755951592
RAFa4,unselected,0.988796220338226,Observed ictal,0.14616246732291782
RAFa4,unselected,1.0000016120066335,Observed ictal,0.14243002010791667
RAFa4,unselected,1.0112070036750416,Observed ictal,0.13897329061372188
RAFa4,unselected,1.0224123953434494,Observed ictal,0.13580699026315488
RAFa4,unselected,1.0336177870118572,Observed ictal,0.1329409078632695
RAFa4,unselected,1.044823178680265,Observed ictal,0.13037977878119536
RAFa4,unselected,1.056028570348673,Observed ictal,0.1281232701035329
RAFa4,unselected,1.0672339620170808,Observed ictal,0.12616607685474152
RAFa4,unselected,1.0784393536854886,Observed ictal,0.12449812229044768
RAFa4,unselected,1.0896447453538964,Observed ictal,0.12310485355688115
RAFa4,unselected,1.1008501370223045,Observed ictal,0.12196762260482363
RAFa4,unselected,1.112055528690712,Observed ictal,0.1210641411422782
RAFa4,unselected,1.12326092035912,Observed ictal,0.12036899757515483
RAFa4,unselected,1.1344663120275278,Observed ictal,0.11985422328826462
RAFa4,unselected,1.1456717036959356,Observed ictal,0.11948989523032122
RAFa4,unselected,1.1568770953643437,Observed ictal,0.1192447615619237
RAFa4,unselected,1.1680824870327513,Observed ictal,0.11908687708736809
RAFa4,unselected,1.1792878787011591,Observed ictal,0.11898423531081846
RAFa4,unselected,1.190493270369567,Observed ictal,0.11890538423474813
RAFa4,unselected,1.2016986620379748,Observed ictal,0.1188200134612523
RAFa4,unselected,1.2129040537063829,Observed ictal,0.11869950077831058
RAFa4,unselected,1.2241094453747905,Observed ictal,0.11851740723001013
RAFa4,unselected,1.2353148370431983,Observed ictal,0.11824991069873092
RAFa4,unselected,1.2465202287116062,Observed ictal,0.11787616928144055
RAFa4,unselected,1.257725620380014,Observed ictal,0.11737860722765503
RAFa4,unselected,1.2689310120484218,Observed ictal,0.11674311791934402
RAFa4,unselected,1.2801364037168297,Observed ictal,0.1159591802966477
RAFa4,unselected,1.2913417953852375,Observed ictal,0.11501988723720874
RAFa4,unselected,1.3025471870536454,Observed ictal,0.11392188663610496
RAFa4,unselected,1.3137525787220532,Observed ictal,0.11266523824878798
RAFa4,unselected,1.324957970390461,Observed ictal,0.11125319167994013
RAFa4,unselected,1.3361633620588689,Observed ictal,0.10969189314640283
RAFa4,unselected,1.3473687537272767,Observed ictal,0.10799003072655113
RAFa4,unselected,1.3585741453956846,Observed ictal,0.10615842964502821
RAFa4,unselected,1.3697795370640924,Observed ictal,0.10420961064798077
RAFa4,unselected,1.3809849287325002,Observed ictal,0.10215732562620355
RAFa4,unselected,1.392190320400908,Observed ictal,0.10001608528194506
RAFa4,unselected,1.403395712069316,Observed ictal,0.09780069376742848
RAFa4,unselected,1.4146011037377235,Observed ictal,0.09552580482829254
RAFa4,unselected,1.4258064954061316,Observed ictal,0.09320551306523178
RAFa4,unselected,1.437011887074539,Observed ictal,0.09085299250816804
RAFa4,unselected,1.4482172787429468,Observed ictal,0.08848019282881445
RAFa4,unselected,1.4594226704113546,Observed ictal,0.08609760127060459
RAFa4,unselected,1.4706280620797625,Observed ictal,0.08371407583914312
RAFa4,unselected,1.4818334537481703,Observed ictal,0.08133675257535472
RAFa4,unselected,1.4930388454165782,Observed ictal,0.07897102694023722
RAFa4,unselected,1.504244237084986,Observed ictal,0.07662060659104372
RAFa4,unselected,1.5154496287533938,Observed ictal,0.07428763023804685
RAFa4,unselected,1.5266550204218017,Observed ictal,0.07197284494509391
RAFa4,unselected,1.5378604120902095,Observed ictal,0.06967583226911006
RAFa4,unselected,1.5490658037586174,Observed ictal,0.06739527209909114
RAFa4,unselected,1.5602711954270252,Observed ictal,0.0651292320083886
RAFa4,unselected,1.571476587095433,Observed ictal,0.06287546940622127
RAFa4,unselected,1.5826819787638409,Observed ictal,0.06063173377192787
RAFa4,unselected,1.5938873704322487,Observed ictal,0.058396056760891074
RAFa4,unselected,1.6050927621006563,Observed ictal,0.05616701894413249
RAFa4,unselected,1.6162981537690644,Observed ictal,0.05394398332421099
RAFa4,unselected,1.6275035454374722,Observed ictal,0.051727287481986045
RAFa4,unselected,1.63870893710588,Observed ictal,0.04951838816393631
RAFa4,unselected,1.649914328774288,Observed ictal,0.04731995422306151
RAFa4,unselected,1.6611197204426955,Observed ictal,0.04513590598102831
RAFa4,unselected,1.6723251121111036,Observed ictal,0.04297140119127441
RAFa4,unselected,-1.678086996742837,Free Graph–RC,0.016566493691526154
RAFa4,unselected,-1.666881605074429,Free Graph–RC,0.017479738859856573
RAFa4,unselected,-1.6556762134060212,Free Graph–RC,0.01843828143091625
RAFa4,unselected,-1.6444708217376134,Free Graph–RC,0.019443937288621878
RAFa4,unselected,-1.6332654300692055,Free Graph–RC,0.02049842558103059
RAFa4,unselected,-1.6220600384007977,Free Graph–RC,0.02160334449571877
RAFa4,unselected,-1.61085464673239,Free Graph–RC,0.02276014865634013
RAFa4,unselected,-1.599649255063982,Free Graph–RC,0.02397012889528437
RAFa4,unselected,-1.5884438633955742,Free Graph–RC,0.02523439512575984
RAFa4,unselected,-1.5772384717271664,Free Graph–RC,0.026553862973954595
RAFa4,unselected,-1.5660330800587587,Free Graph–RC,0.027929244739080848
RAFa4,unselected,-1.554827688390351,Free Graph–RC,0.02936104512871148
RAFa4,unselected,-1.543622296721943,Free Graph–RC,0.030849562073203635
RAFa4,unselected,-1.5324169050535352,Free Graph–RC,0.032394892762072885
RAFa4,unselected,-1.5212115133851274,Free Graph–RC,0.033996944874087054
RAFa4,unselected,-1.5100061217167196,Free Graph–RC,0.03565545279964461
RAFa4,unselected,-1.4988007300483115,Free Graph–RC,0.03736999848719464
RAFa4,unselected,-1.487595338379904,Free Graph–RC,0.03914003639338766
RAFa4,unselected,-1.476389946711496,Free Graph–RC,0.0409649218870398
RAFa4,unselected,-1.4651845550430882,Free Graph–RC,0.04284394235635917
RAFa4,unselected,-1.4539791633746804,Free Graph–RC,0.04477635020202198
RAFa4,unselected,-1.4427737717062723,Free Graph–RC,0.04676139686838172
RAFa4,unselected,-1.431568380037865,Free Graph–RC,0.048798367071770044
RAFa4,unselected,-1.4203629883694568,Free Graph–RC,0.05088661242657457
RAFa4,unselected,-1.409157596701049,Free Graph–RC,0.05302558374226613
RAFa4,unselected,-1.3979522050326412,Free Graph–RC,0.055214861361538865
RAFa4,unselected,-1.386746813364233,Free Graph–RC,0.05745418302320449
RAFa4,unselected,-1.3755414216958255,Free Graph–RC,0.059743468854571595
RAFa4,unselected,-1.3643360300274177,Free Graph–RC,0.06208284321727327
RAFa4,unselected,-1.3531306383590098,Free Graph–RC,0.06447265323888283
RAFa4,unselected,-1.341925246690602,Free Graph–RC,0.06691348395220567
RAFa4,unselected,-1.330719855022194,Free Graph–RC,0.06940617002849893
RAFa4,unselected,-1.3195144633537863,Free Graph–RC,0.07195180412610315
RAFa4,unselected,-1.3083090716853785,Free Graph–RC,0.07455174188061692
RAFa4,unselected,-1.2971036800169706,Free Graph–RC,0.07720760353833836
RAFa4,unselected,-1.285898288348563,Free Graph–RC,0.0799212721854537
RAFa4,unselected,-1.2746928966801552,Free Graph–RC,0.082694888458343
RAFa4,unselected,-1.2634875050117471,Free Graph–RC,0.0855308415442762
RAFa4,unselected,-1.2522821133433395,Free Graph–RC,0.08843175620731848
RAFa4,unselected,-1.2410767216749317,Free Graph–RC,0.09140047551251188
RAFa4,unselected,-1.2298713300065238,Free Graph–RC,0.0944400388834886
RAFa4,unselected,-1.218665938338116,Free Graph–RC,0.09755365512452813
RAFa4,unselected,-1.207460546669708,Free Graph–RC,0.10074467007572059
RAFa4,unselected,-1.1962551550013003,Free Graph–RC,0.10401652865486967
RAFa4,unselected,-1.1850497633328925,Free Graph–RC,0.10737273117403247
RAFa4,unselected,-1.1738443716644846,Free Graph–RC,0.1108167840008851
RAFa4,unselected,-1.1626389799960768,Free Graph–RC,0.1143521448600671
RAFa4,unselected,-1.151433588327669,Free Graph–RC,0.11798216332855532
RAFa4,unselected,-1.1402281966592611,Free Graph–RC,0.12171001735986083
RAFa4,unselected,-1.1290228049908535,Free Graph–RC,0.12553864695978
RAFa4,unselected,-1.1178174133224457,Free Graph–RC,0.12947068641510434
RAFa4,unselected,-1.1066120216540378,Free Graph–RC,0.13350839672883377
RAFa4,unselected,-1.09540662998563,Free Graph–RC,0.13765360012402567
RAFa4,unselected,-1.084201238317222,Free Graph–RC,0.14190761862763004
RAFa4,unselected,-1.0729958466488143,Free Graph–RC,0.14627121882220168
RAFa4,unselected,-1.0617904549804065,Free Graph–RC,0.150744564846855
RAFa4,unselected,-1.0505850633119986,Free Graph–RC,0.15532718163308493
RAFa4,unselected,-1.0393796716435908,Free Graph–RC,0.16001793017406765
RAFa4,unselected,-1.028174279975183,Free Graph–RC,0.16481499635069002
RAFa4,unselected,-1.0169688883067751,Free Graph–RC,0.16971589448105234
RAFa4,unselected,-1.0057634966383673,Free Graph–RC,0.17471748633441347
RAFa4,unselected,-0.9945581049699594,Free Graph–RC,0.17981601587083457
RAFa4,unselected,-0.9833527133015516,Free Graph–RC,0.18500715945277926
RAFa4,unselected,-0.9721473216331438,Free Graph–RC,0.19028609074522207
RAFa4,unselected,-0.960941929964736,Free Graph–RC,0.19564755899816985
RAFa4,unselected,-0.949736538296328,Free Graph–RC,0.20108597891167304
RAFa4,unselected,-0.9385311466279204,Free Graph–RC,0.20659552983925455
RAFa4,unselected,-0.9273257549595124,Free Graph–RC,0.2121702617098156
RAFa4,unselected,-0.9161203632911046,Free Graph–RC,0.21780420475666235
RAFa4,unselected,-0.9049149716226969,Free Graph–RC,0.22349147994757199
RAFa4,unselected,-0.893709579954289,Free Graph–RC,0.22922640692035107
RAFa4,unselected,-0.8825041882858812,Free Graph–RC,0.23500360624816788
RAFa4,unselected,-0.8712987966174733,Free Graph–RC,0.24081809298801876
RAFa4,unselected,-0.8600934049490655,Free Graph–RC,0.24666535869953274
RAFa4,unselected,-0.8488880132806577,Free Graph–RC,0.2525414394515537
RAFa4,unselected,-0.8376826216122498,Free Graph–RC,0.2584429677492155
RAFa4,unselected,-0.826477229943842,Free Graph–RC,0.26436720679939973
RAFa4,unselected,-0.8152718382754341,Free Graph–RC,0.2703120660713163
RAFa4,unselected,-0.8040664466070263,Free Graph–RC,0.2762760976826402
RAFa4,unselected,-0.7928610549386185,Free Graph–RC,0.28225847373129925
RAFa4,unselected,-0.7816556632702107,Free Graph–RC,0.2882589452790195
RAFa4,unselected,-0.7704502716018029,Free Graph–RC,0.29427778425607587
RAFa4,unselected,-0.7592448799333951,Free Graph–RC,0.30031571007949237
RAFa4,unselected,-0.7480394882649872,Free Graph–RC,0.30637380324233926
RAFa4,unselected,-0.7368340965965794,Free Graph–RC,0.3124534085252732
RAFa4,unselected,-0.7256287049281716,Free Graph–RC,0.31855603079060196
RAFa4,unselected,-0.7144233132597637,Free Graph–RC,0.3246832265340422
RAFa4,unselected,-0.7032179215913559,Free Graph–RC,0.33083649448315516
RAFa4,unselected,-0.692012529922948,Free Graph–RC,0.337017168540295
RAFa4,unselected,-0.6808071382545402,Free Graph–RC,0.34322631627110367
RAFa4,unselected,-0.6696017465861324,Free Graph–RC,0.3494646459402916
RAFa4,unselected,-0.6583963549177245,Free Graph–RC,0.3557324248003872
RAFa4,unselected,-0.6471909632493167,Free Graph–RC,0.3620294109562076
RAFa4,unselected,-0.6359855715809088,Free Graph–RC,0.3683548006706518
RAFa4,unselected,-0.624780179912501,Free Graph–RC,0.37470719246147705
RAFa4,unselected,-0.6135747882440932,Free Graph–RC,0.3810845687819887
RAFa4,unselected,-0.6023693965756853,Free Graph–RC,0.3874842955011969
RAFa4,unselected,-0.5911640049072777,Free Graph–RC,0.3939031388212933
RAFa4,unselected,-0.5799586132388699,Free Graph–RC,0.40033729871435886
RAFa4,unselected,-0.568753221570462,Free Graph–RC,0.4067824574458869
RAFa4,unselected,-0.5575478299020542,Free Graph–RC,0.4132338412998607
RAFa4,unselected,-0.5463424382336464,Free Graph–RC,0.4196862932448
RAFa4,unselected,-0.5351370465652385,Free Graph–RC,0.42613435399624
RAFa4,unselected,-0.5239316548968307,Free Graph–RC,0.4325723487472915
RAFa4,unselected,-0.5127262632284229,Free Graph–RC,0.4389944767602876
RAFa4,unselected,-0.501520871560015,Free Graph–RC,0.4453949010382952
RAFa4,unselected,-0.4903154798916072,Free Graph–RC,0.4517678354206458
RAFa4,unselected,-0.4791100882231993,Free Graph–RC,0.4581076266609353
RAFa4,unselected,-0.4679046965547915,Free Graph–RC,0.46440882933564165
RAFa4,unselected,-0.4566993048863836,Free Graph–RC,0.4706662717783014
RAFa4,unselected,-0.4454939132179758,Free Graph–RC,0.47687511161867263
RAFa4,unselected,-0.434288521549568,Free Graph–RC,0.4830308799071284
RAFa4,unselected,-0.4230831298811601,Free Graph–RC,0.4891295132008765
RAFa4,unselected,-0.4118777382127523,Free Graph–RC,0.495167373361209
RAFa4,unselected,-0.4006723465443444,Free Graph–RC,0.5011412551431375
RAFa4,unselected,-0.3894669548759366,Free Graph–RC,0.5070483819376957
RAFa4,unselected,-0.3782615632075288,Free Graph–RC,0.5128863902445927
RAFa4,unselected,-0.3670561715391209,Free Graph–RC,0.5186533036057762
RAFa4,unselected,-0.3558507798707133,Free Graph–RC,0.5243474968206033
RAFa4,unselected,-0.3446453882023055,Free Graph–RC,0.5299676512980221
RAFa4,unselected,-0.3334399965338976,Free Graph–RC,0.535512702391572
RAFa4,unselected,-0.3222346048654898,Free Graph–RC,0.540981779523762
RAFa4,unselected,-0.311029213197082,Free Graph–RC,0.5463741398545474
RAFa4,unselected,-0.2998238215286741,Free Graph–RC,0.5516890962014955
RAFa4,unselected,-0.2886184298602663,Free Graph–RC,0.5569259398937918
RAFa4,unselected,-0.2774130381918585,Free Graph–RC,0.5620838592528608
RAFa4,unselected,-0.2662076465234506,Free Graph–RC,0.5671618544502511
RAFa4,unselected,-0.2550022548550428,Free Graph–RC,0.5721586496044898
RAFa4,unselected,-0.2437968631866349,Free Graph–RC,0.5770726031442329
RAFa4,unselected,-0.2325914715182271,Free Graph–RC,0.5819016176794832
RAFa4,unselected,-0.2213860798498192,Free Graph–RC,0.5866430508762026
RAFa4,unselected,-0.2101806881814114,Free Graph–RC,0.5912936291052798
RAFa4,unselected,-0.1989752965130036,Free Graph–RC,0.5958493659153721
RAFa4,unselected,-0.1877699048445957,Free Graph–RC,0.6003054876364486
RAFa4,unselected,-0.1765645131761879,Free Graph–RC,0.604656368633293
RAFa4,unselected,-0.1653591215077801,Free Graph–RC,0.6088954788703584
RAFa4,unselected,-0.1541537298393722,Free Graph–RC,0.6130153465003003
RAFa4,unselected,-0.1429483381709644,Free Graph–RC,0.6170075381287481
RAFa4,unselected,-0.1317429465025565,Free Graph–RC,0.6208626592254312
RAFa4,unselected,-0.1205375548341489,Free Graph–RC,0.6245703768395735
RAFa4,unselected,-0.1093321631657411,Free Graph–RC,0.6281194663365941
RAFa4,unselected,-0.0981267714973332,Free Graph–RC,0.6314978833122363
RAFa4,unselected,-0.0869213798289254,Free Graph–RC,0.6346928611750113
RAFa4,unselected,-0.0757159881605176,Free Graph–RC,0.6376910341408125
RAFa4,unselected,-0.0645105964921097,Free Graph–RC,0.6404785845832893
RAFa4,unselected,-0.0533052048237019,Free Graph–RC,0.6430414128621376
RAFa4,unselected,-0.0420998131552941,Free Graph–RC,0.6453653269432488
RAFa4,unselected,-0.0308944214868862,Free Graph–RC,0.6474362483652675
RAFa4,unselected,-0.0196890298184784,Free Graph–RC,0.6492404304294239
RAFa4,unselected,-0.0084836381500705,Free Graph–RC,0.6507646839235613
RAFa4,unselected,0.0027217535183372,Free Graph–RC,0.6519966052629154
RAFa4,unselected,0.013927145186745,Free Graph–RC,0.6529248016571166
RAFa4,unselected,0.0251325368551529,Free Graph–RC,0.6535391078078532
RAFa4,unselected,0.0363379285235607,Free Graph–RC,0.6538307887085357
RAFa4,unselected,0.0475433201919686,Free Graph–RC,0.653792723352826
RAFa4,unselected,0.0587487118603764,Free Graph–RC,0.6534195645537172
RAFa4,unselected,0.0699541035287842,Free Graph–RC,0.6527078706119291
RAFa4,unselected,0.0811594951971921,Free Graph–RC,0.6516562052317283
RAFa4,unselected,0.0923648868655999,Free Graph–RC,0.6502652028388706
RAFa4,unselected,0.1035702785340078,Free Graph–RC,0.6485375972828367
RAFa4,unselected,0.1147756702024154,Free Graph–RC,0.6464782127768057
RAFa4,unselected,0.1259810618708232,Free Graph–RC,0.6440939168178111
RAFa4,unselected,0.1371864535392311,Free Graph–RC,0.6413935357107046
RAFa4,unselected,0.1483918452076389,Free Graph–RC,0.6383877341724729
RAFa4,unselected,0.1595972368760467,Free Graph–RC,0.6350888612976942
RAFa4,unselected,0.1708026285444546,Free Graph–RC,0.6315107659074239
RAFa4,unselected,0.1820080202128624,Free Graph–RC,0.6276685849697036
RAFa4,unselected,0.1932134118812702,Free Graph–RC,0.6235785093614132
RAFa4,unselected,0.2044188035496781,Free Graph–RC,0.6192575317315689
RAFa4,unselected,0.2156241952180859,Free Graph–RC,0.6147231816206545
RAFa4,unselected,0.2268295868864938,Free Graph–RC,0.6099932532853455
RAFa4,unselected,0.2380349785549016,Free Graph–RC,0.6050855318703017
RAFa4,unselected,0.2492403702233094,Free Graph–RC,0.6000175236552606
RAFa4,unselected,0.2604457618917173,Free Graph–RC,0.594806196083649
RAFa4,unselected,0.2716511535601251,Free Graph–RC,0.5894677331454947
RAFa4,unselected,0.282856545228533,Free Graph–RC,0.5840173114386104
RAFa4,unselected,0.2940619368969408,Free Graph–RC,0.5784689018666368
RAFa4,unselected,0.3052673285653486,Free Graph–RC,0.5728351014482191
RAFa4,unselected,0.3164727202337565,Free Graph–RC,0.5671269991099609
RAFa4,unselected,0.3276781119021643,Free Graph–RC,0.5613540786200187
RAFa4,unselected,0.3388835035705722,Free Graph–RC,0.5555241609973665
RAFa4,unselected,0.35008889523898,Free Graph–RC,0.5496433878151391
RAFa4,unselected,0.3612942869073878,Free Graph–RC,0.5437162458224682
RAFa4,unselected,0.3724996785757957,Free Graph–RC,0.5377456322596484
RAFa4,unselected,0.3837050702442035,Free Graph–RC,0.5317329591631355
RAFa4,unselected,0.3949104619126113,Free Graph–RC,0.5256782938816373
RAFa4,unselected,0.4061158535810192,Free Graph–RC,0.5195805319865556
RAFa4,unselected,0.417321245249427,Free Graph–RC,0.5134375977972058
RAFa4,unselected,0.4285266369178349,Free Graph–RC,0.507246666889978
RAFa4,unselected,0.4397320285862427,Free Graph–RC,0.5010044042581747
RAFa4,unselected,0.4509374202546505,Free Graph–RC,0.49470721126747796
RAFa4,unselected,0.4621428119230584,Free Graph–RC,0.48835147423921516
RAFa4,unselected,0.4733482035914662,Free Graph–RC,0.48193380740948855
RAFa4,unselected,0.4845535952598736,Free Graph–RC,0.475451283168986
RAFa4,unselected,0.4957589869282814,Free Graph–RC,0.4689016428876062
RAFa4,unselected,0.5069643785966893,Free Graph–RC,0.4622834822611333
RAFa4,unselected,0.5181697702650971,Free Graph–RC,0.455596405965204
RAFa4,unselected,0.529375161933505,Free Graph–RC,0.44884114743513925
RAFa4,unselected,0.5405805536019128,Free Graph–RC,0.44201965077083877
RAFa4,unselected,0.5517859452703207,Free Graph–RC,0.4351351130482583
RAFa4,unselected,0.5629913369387285,Free Graph–RC,0.42819198665203756
RAFa4,unselected,0.5741967286071363,Free Graph–RC,0.42119594257459214
RAFa4,unselected,0.5854021202755442,Free Graph–RC,0.4141537969013035
RAFa4,unselected,0.596607511943952,Free Graph–RC,0.40707340386877716
RAFa4,unselected,0.6078129036123598,Free Graph–RC,0.399963519897537
RAFa4,unselected,0.6190182952807677,Free Graph–RC,0.39283364382375807
RAFa4,unselected,0.6302236869491755,Free Graph–RC,0.38569383915783384
RAFa4,unselected,0.6414290786175834,Free Graph–RC,0.37855454456240917
RAFa4,unselected,0.6526344702859912,Free Graph–RC,0.37142637886227786
RAFa4,unselected,0.663839861954399,Free Graph–RC,0.3643199467778038
RAFa4,unselected,0.6750452536228069,Free Graph–RC,0.357245651227928
RAFa4,unselected,0.6862506452912147,Free Graph–RC,0.350213517503498
RAFa4,unselected,0.6974560369596225,Free Graph–RC,0.3432330338999523
RAFa4,unselected,0.7086614286280304,Free Graph–RC,0.33631301255971424
RAFa4,unselected,0.7198668202964382,Free Graph–RC,0.3294614733516433
RAFa4,unselected,0.7310722119648461,Free Graph–RC,0.3226855526519366
RAFa4,unselected,0.7422776036332539,Free Graph–RC,0.31599143793097323
RAFa4,unselected,0.7534829953016617,Free Graph–RC,0.3093843281334845
RAFa4,unselected,0.7646883869700696,Free Graph–RC,0.3028684189999332
RAFa4,unselected,0.7758937786384774,Free Graph–RC,0.296446911743215
RAFa4,unselected,0.7870991703068853,Free Graph–RC,0.2901220428877547
RAFa4,unselected,0.7983045619752931,Free Graph–RC,0.28389513261043775
RAFa4,unselected,0.8095099536437009,Free Graph–RC,0.27776664860013267
RAFa4,unselected,0.8207153453121088,Free Graph–RC,0.27173628227237806
RAFa4,unselected,0.8319207369805166,Free Graph–RC,0.2658030341298989
RAFa4,unselected,0.8431261286489244,Free Graph–RC,0.259965305134077
RAFa4,unselected,0.8543315203173323,Free Graph–RC,0.2542209911297616
RAFa4,unselected,0.8655369119857401,Free Graph–RC,0.24856757762580586
RAFa4,unselected,0.876742303654148,Free Graph–RC,0.24300223255510692
RAFa4,unselected,0.8879476953225558,Free Graph–RC,0.23752189499983484
RAFa4,unselected,0.8991530869909636,Free Graph–RC,0.23212335825002783
RAFa4,unselected,0.9103584786593716,Free Graph–RC,0.22680334594915025
RAFa4,unselected,0.9215638703277792,Free Graph–RC,0.22155858045352045
RAFa4,unselected,0.9327692619961871,Free Graph–RC,0.2163858428815479
RAFa4,unselected,0.943974653664595,Free Graph–RC,0.21128202464449578
RAFa4,unselected,0.9551800453330024,Free Graph–RC,0.2062441705268526
RAFa4,unselected,0.9663854370014102,Free Graph–RC,0.20126951361774068
RAFa4,unselected,0.977590828669818,Free Graph–RC,0.19635550258384915
RAFa4,unselected,0.988796220338226,Free Graph–RC,0.19149982191953546
RAFa4,unselected,1.0000016120066335,Free Graph–RC,0.18670040591269263
RAFa4,unselected,1.0112070036750416,Free Graph–RC,0.18195544712836287
RAFa4,unselected,1.0224123953434494,Free Graph–RC,0.17726340023913734
RAFa4,unselected,1.0336177870118572,Free Graph–RC,0.17262298202560755
RAFa4,unselected,1.044823178680265,Free Graph–RC,0.1680331683353067
RAFa4,unselected,1.056028570348673,Free Graph–RC,0.16349318872854712
RAFa4,unselected,1.0672339620170808,Free Graph–RC,0.1590025194584286
RAFa4,unselected,1.0784393536854886,Free Graph–RC,0.15456087533414983
RAFa4,unselected,1.0896447453538964,Free Graph–RC,0.15016820090620367
RAFa4,unselected,1.1008501370223045,Free Graph–RC,0.14582466129362434
RAFa4,unselected,1.112055528690712,Free Graph–RC,0.1415306328523805
RAFa4,unselected,1.12326092035912,Free Graph–RC,0.13728669376522715
RAFa4,unselected,1.1344663120275278,Free Graph–RC,0.1330936145222971
RAFa4,unselected,1.1456717036959356,Free Graph–RC,0.1289523481634665
RAFa4,unselected,1.1568770953643437,Free Graph–RC,0.1248640200728192
RAFa4,unselected,1.1680824870327513,Free Graph–RC,0.12082991705661793
RAFa4,unselected,1.1792878787011591,Free Graph–RC,0.11685147540214466
RAFa4,unselected,1.190493270369567,Free Graph–RC,0.11293026760778649
RAFa4,unselected,1.2016986620379748,Free Graph–RC,0.10906798749544655
RAFa4,unselected,1.2129040537063829,Free Graph–RC,0.10526643346398624
RAFa4,unselected,1.2241094453747905,Free Graph–RC,0.10152748971459818
RAFa4,unselected,1.2353148370431983,Free Graph–RC,0.09785310537204536
RAFa4,unselected,1.2465202287116062,Free Graph–RC,0.09424527153441462
RAFa4,unselected,1.257725620380014,Free Graph–RC,0.09070599640243632
RAFa4,unselected,1.2689310120484218,Free Graph–RC,0.08723727876063306
RAFa4,unselected,1.2801364037168297,Free Graph–RC,0.08384108019961233
RAFa4,unselected,1.2913417953852375,Free Graph–RC,0.08051929657475881
RAFa4,unselected,1.3025471870536454,Free Graph–RC,0.07727372928506752
RAFa4,unselected,1.3137525787220532,Free Graph–RC,0.07410605702150566
RAFa4,unselected,1.324957970390461,Free Graph–RC,0.07101780867294202
RAFa4,unselected,1.3361633620588689,Free Graph–RC,0.06801033808669102
RAFa4,unselected,1.3473687537272767,Free Graph–RC,0.06508480135906233
RAFa4,unselected,1.3585741453956846,Free Graph–RC,0.062242137279659236
RAFa4,unselected,1.3697795370640924,Free Graph–RC,0.05948305147369998
RAFa4,unselected,1.3809849287325002,Free Graph–RC,0.05680800468305298
RAFa4,unselected,1.392190320400908,Free Graph–RC,0.054217205503757734
RAFa4,unselected,1.403395712069316,Free Graph–RC,0.05171060776126238
RAFa4,unselected,1.4146011037377235,Free Graph–RC,0.04928791256065758
RAFa4,unselected,1.4258064954061316,Free Graph–RC,0.04694857490424247
RAFa4,unselected,1.437011887074539,Free Graph–RC,0.04469181462907037
RAFa4,unselected,1.4482172787429468,Free Graph–RC,0.042516631288460505
RAFa4,unselected,1.4594226704113546,Free Graph–RC,0.0404218224889321
RAFa4,unselected,1.4706280620797625,Free Graph–RC,0.03840600510167385
RAFa4,unselected,1.4818334537481703,Free Graph–RC,0.03646763869863556
RAFa4,unselected,1.4930388454165782,Free Graph–RC,0.03460505051942905
RAFa4,unselected,1.504244237084986,Free Graph–RC,0.03281646125723662
RAFa4,unselected,1.5154496287533938,Free Graph–RC,0.031100010959374088
RAFa4,unselected,1.5266550204218017,Free Graph–RC,0.0294537843696102
RAFa4,unselected,1.5378604120902095,Free Graph–RC,0.027875835092394063
RAFa4,unselected,1.5490658037586174,Free Graph–RC,0.026364208030655294
RAFa4,unselected,1.5602711954270252,Free Graph–RC,0.024916959635068844
RAFa4,unselected,1.571476587095433,Free Graph–RC,0.023532175599523503
RAFa4,unselected,1.5826819787638409,Free Graph–RC,0.022207985740657073
RAFa4,unselected,1.5938873704322487,Free Graph–RC,0.020942575904425463
RAFa4,unselected,1.6050927621006563,Free Graph–RC,0.019734196845614064
RAFa4,unselected,1.6162981537690644,Free Graph–RC,0.018581170123172574
RAFa4,unselected,1.6275035454374722,Free Graph–RC,0.017481891141969522
RAFa4,unselected,1.63870893710588,Free Graph–RC,0.01643482954729883
RAFa4,unselected,1.649914328774288,Free Graph–RC,0.015438527240228149
RAFa4,unselected,1.6611197204426955,Free Graph–RC,0.01449159432837804
RAFa4,unselected,1.6723251121111036,Free Graph–RC,0.01359270335746484
RAFa4,unselected,-1.678086996742837,Preictal reference,1.7191972256228674e-09
RAFa4,unselected,-1.666881605074429,Preictal reference,2.5079234617609574e-09
RAFa4,unselected,-1.6556762134060212,Preictal reference,3.641511698705734e-09
RAFa4,unselected,-1.6444708217376134,Preictal reference,5.262975462835673e-09
RAFa4,unselected,-1.6332654300692055,Preictal reference,7.571233342296612e-09
RAFa4,unselected,-1.6220600384007977,Preictal reference,1.084154333101434e-08
RAFa4,unselected,-1.61085464673239,Preictal reference,1.5452844076732846e-08
RAFa4,unselected,-1.599649255063982,Preictal reference,2.1924127014155117e-08
RAFa4,unselected,-1.5884438633955742,Preictal reference,3.096254224483771e-08
RAFa4,unselected,-1.5772384717271664,Preictal reference,4.352665306890314e-08
RAFa4,unselected,-1.5660330800587587,Preictal reference,6.090912222444543e-08
RAFa4,unselected,-1.554827688390351,Preictal reference,8.484416171834165e-08
RAFa4,unselected,-1.543622296721943,Preictal reference,1.176463331722647e-07
RAFa4,unselected,-1.5324169050535352,Preictal reference,1.62388772393251e-07
RAFa4,unselected,-1.5212115133851274,Preictal reference,2.2313065460784644e-07
RAFa4,unselected,-1.5100061217167196,Preictal reference,3.05205736587821e-07
RAFa4,unselected,-1.4988007300483115,Preictal reference,4.15586124566437e-07
RAFa4,unselected,-1.487595338379904,Preictal reference,5.633380302313827e-07
RAFa4,unselected,-1.476389946711496,Preictal reference,7.60189187842697e-07
RAFa4,unselected,-1.4651845550430882,Preictal reference,1.021230795494646e-06
RAFa4,unselected,-1.4539791633746804,Preictal reference,1.3657802756877031e-06
RAFa4,unselected,-1.4427737717062723,Preictal reference,1.8184347644875426e-06
RAFa4,unselected,-1.431568380037865,Preictal reference,2.410348946831981e-06
RAFa4,unselected,-1.4203629883694568,Preictal reference,3.1807745383939655e-06
RAFa4,unselected,-1.409157596701049,Preictal reference,4.178902216630845e-06
RAFa4,unselected,-1.3979522050326412,Preictal reference,5.466049931622563e-06
RAFa4,unselected,-1.386746813364233,Preictal reference,7.1182440474134005e-06
RAFa4,unselected,-1.3755414216958255,Preictal reference,9.229241403617676e-06
RAFa4,unselected,-1.3643360300274177,Preictal reference,1.1914040835001164e-05
RAFa4,unselected,-1.3531306383590098,Preictal reference,1.5312931602622077e-05
RAFa4,unselected,-1.341925246690602,Preictal reference,1.9596123211424428e-05
RAFa4,unselected,-1.330719855022194,Preictal reference,2.4968995845468542e-05
RAFa4,unselected,-1.3195144633537863,Preictal reference,3.167800278296016e-05
RAFa4,unselected,-1.3083090716853785,Preictal reference,4.001724533147382e-05
RAFa4,unselected,-1.2971036800169706,Preictal reference,5.0335726782186664e-05
RAFa4,unselected,-1.285898288348563,Preictal reference,6.304527444558662e-05
RAFa4,unselected,-1.2746928966801552,Preictal reference,7.862909795250641e-05
RAFa4,unselected,-1.2634875050117471,Preictal reference,9.765092780123393e-05
RAFa4,unselected,-1.2522821133433395,Preictal reference,0.0001207646509254155
RAFa4,unselected,-1.2410767216749317,Preictal reference,0.00014872433041113382
RAFa4,unselected,-1.2298713300065238,Preictal reference,0.00018239446524152085
RAFa4,unselected,-1.218665938338116,Preictal reference,0.00022276031423060656
RAFa4,unselected,-1.207460546669708,Preictal reference,0.00027093807757717334
RAFa4,unselected,-1.1962551550013003,Preictal reference,0.0003281847014935604
RAFa4,unselected,-1.1850497633328925,Preictal reference,0.00039590704821281365
RAFa4,unselected,-1.1738443716644846,Preictal reference,0.00047567015768064456
RAFa4,unselected,-1.1626389799960768,Preictal reference,0.0005692043209253506
RAFa4,unselected,-1.151433588327669,Preictal reference,0.0006784106911054922
RAFa4,unselected,-1.1402281966592611,Preictal reference,0.0008053651791885369
RAFa4,unselected,-1.1290228049908535,Preictal reference,0.0009523204195838113
RAFa4,unselected,-1.1178174133224457,Preictal reference,0.0011217056489828123
RAFa4,unselected,-1.1066120216540378,Preictal reference,0.001316124420771038
RAFa4,unselected,-1.09540662998563,Preictal reference,0.0015383501785635925
RAFa4,unselected,-1.084201238317222,Preictal reference,0.0017913198356378976
RAFa4,unselected,-1.0729958466488143,Preictal reference,0.0020781256511022165
RAFa4,unselected,-1.0617904549804065,Preictal reference,0.002402005856032146
RAFa4,unselected,-1.0505850633119986,Preictal reference,0.002766334659533039
RAFa4,unselected,-1.0393796716435908,Preictal reference,0.003174612450178717
RAFa4,unselected,-1.028174279975183,Preictal reference,0.003630457195368747
RAFa4,unselected,-1.0169688883067751,Preictal reference,0.0041375982211378426
RAFa4,unselected,-1.0057634966383673,Preictal reference,0.004699873717761936
RAFa4,unselected,-0.9945581049699594,Preictal reference,0.005321233450953695
RAFa4,unselected,-0.9833527133015516,Preictal reference,0.006005748252625855
RAFa4,unselected,-0.9721473216331438,Preictal reference,0.006757627907004972
RAFa4,unselected,-0.960941929964736,Preictal reference,0.007581249025575904
RAFa4,unselected,-0.949736538296328,Preictal reference,0.008481194407283694
RAFa4,unselected,-0.9385311466279204,Preictal reference,0.009462305199813935
RAFa4,unselected,-0.9273257549595124,Preictal reference,0.01052974690743805
RAFa4,unselected,-0.9161203632911046,Preictal reference,0.011689089928048452
RAFa4,unselected,-0.9049149716226969,Preictal reference,0.012946404847932266
RAFa4,unselected,-0.893709579954289,Preictal reference,0.014308372183491265
RAFa4,unselected,-0.8825041882858812,Preictal reference,0.015782405645560858
RAFa4,unselected,-0.8712987966174733,Preictal reference,0.01737678733049706
RAFa4,unselected,-0.8600934049490655,Preictal reference,0.019100812534235716
RAFa4,unselected,-0.8488880132806577,Preictal reference,0.020964941167295706
RAFa4,unselected,-0.8376826216122498,Preictal reference,0.0229809520504289
RAFa4,unselected,-0.826477229943842,Preictal reference,0.025162095725552502
RAFa4,unselected,-0.8152718382754341,Preictal reference,0.027523240859567224
RAFa4,unselected,-0.8040664466070263,Preictal reference,0.030081008884527236
RAFa4,unselected,-0.7928610549386185,Preictal reference,0.03285389123941447
RAFa4,unselected,-0.7816556632702107,Preictal reference,0.03586234348575892
RAFa4,unselected,-0.7704502716018029,Preictal reference,0.03912885068513238
RAFa4,unselected,-0.7592448799333951,Preictal reference,0.04267795876721774
RAFa4,unselected,-0.7480394882649872,Preictal reference,0.046536267189660044
RAFa4,unselected,-0.7368340965965794,Preictal reference,0.05073237899189606
RAFa4,unselected,-0.7256287049281716,Preictal reference,0.05529680536008052
RAFa4,unselected,-0.7144233132597637,Preictal reference,0.06026182302327224
RAFa4,unselected,-0.7032179215913559,Preictal reference,0.06566128415532983
RAFa4,unselected,-0.692012529922948,Preictal reference,0.07153037991582264
RAFa4,unselected,-0.6808071382545402,Preictal reference,0.07790536027162902
RAFa4,unselected,-0.6696017465861324,Preictal reference,0.08482321423785105
RAFa4,unselected,-0.6583963549177245,Preictal reference,0.09232131609787461
RAFa4,unselected,-0.6471909632493167,Preictal reference,0.10043704444349973
RAFa4,unselected,-0.6359855715809088,Preictal reference,0.10920738195556143
RAFa4,unselected,-0.624780179912501,Preictal reference,0.11866850466846163
RAFa4,unselected,-0.6135747882440932,Preictal reference,0.1288553699827826
RAFa4,unselected,-0.6023693965756853,Preictal reference,0.13980131287527425
RAFa4,unselected,-0.5911640049072777,Preictal reference,0.15153765958555446
RAFa4,unselected,-0.5799586132388699,Preictal reference,0.16409336753025536
RAFa4,unselected,-0.568753221570462,Preictal reference,0.1774946993205712
RAFa4,unselected,-0.5575478299020542,Preictal reference,0.19176493756664487
RAFa4,unselected,-0.5463424382336464,Preictal reference,0.20692414568537612
RAFa4,unselected,-0.5351370465652385,Preictal reference,0.22298897824307784
RAFa4,unselected,-0.5239316548968307,Preictal reference,0.23997254252743092
RAFa4,unselected,-0.5127262632284229,Preictal reference,0.25788431112787885
RAFa4,unselected,-0.501520871560015,Preictal reference,0.2767300833869617
RAFa4,unselected,-0.4903154798916072,Preictal reference,0.2965119917441461
RAFa4,unselected,-0.4791100882231993,Preictal reference,0.3172285473018058
RAFa4,unselected,-0.4679046965547915,Preictal reference,0.3388747174665607
RAFa4,unselected,-0.4566993048863836,Preictal reference,0.3614420273151721
RAFa4,unselected,-0.4454939132179758,Preictal reference,0.3849186754474494
RAFa4,unselected,-0.434288521549568,Preictal reference,0.4092896545510999
RAFa4,unselected,-0.4230831298811601,Preictal reference,0.4345368667330766
RAFa4,unselected,-0.4118777382127523,Preictal reference,0.4606392238727237
RAFa4,unselected,-0.4006723465443444,Preictal reference,0.4875727238150111
RAFa4,unselected,-0.3894669548759366,Preictal reference,0.5153104941269327
RAFa4,unselected,-0.3782615632075288,Preictal reference,0.5438227963556153
RAFa4,unselected,-0.3670561715391209,Preictal reference,0.5730769852147418
RAFa4,unselected,-0.3558507798707133,Preictal reference,0.6030374188417505
RAFa4,unselected,-0.3446453882023055,Preictal reference,0.6336653181636493
RAFa4,unselected,-0.3334399965338976,Preictal reference,0.6649185754337922
RAFa4,unselected,-0.3222346048654898,Preictal reference,0.6967515141043769
RAFa4,unselected,-0.311029213197082,Preictal reference,0.7291146043293524
RAFa4,unselected,-0.2998238215286741,Preictal reference,0.7619541405000968
RAFa4,unselected,-0.2886184298602663,Preictal reference,0.7952118892538058
RAFa4,unselected,-0.2774130381918585,Preictal reference,0.8288247183152464
RAFa4,unselected,-0.2662076465234506,Preictal reference,0.8627242182909469
RAFa4,unselected,-0.2550022548550428,Preictal reference,0.8968363310866518
RAFa4,unselected,-0.2437968631866349,Preictal reference,0.9310809999201553
RAFa4,unselected,-0.2325914715182271,Preictal reference,0.9653718569095625
RAFa4,unselected,-0.2213860798498192,Preictal reference,0.9996159648897345
RAFa4,unselected,-0.2101806881814114,Preictal reference,1.0337136304068817
RAFa4,unselected,-0.1989752965130036,Preictal reference,1.0675583047259183
RAFa4,unselected,-0.1877699048445957,Preictal reference,1.1010365891243485
RAFa4,unselected,-0.1765645131761879,Preictal reference,1.1340283597136527
RAFa4,unselected,-0.1653591215077801,Preictal reference,1.1664070255067018
RAFa4,unselected,-0.1541537298393722,Preictal reference,1.1980399314307983
RAFa4,unselected,-0.1429483381709644,Preictal reference,1.228788915476558
RAFa4,unselected,-0.1317429465025565,Preictal reference,1.258511026195601
RAFa4,unselected,-0.1205375548341489,Preictal reference,1.287059403352826
RAFa4,unselected,-0.1093321631657411,Preictal reference,1.3142843207600374
RAFa4,unselected,-0.0981267714973332,Preictal reference,1.340034386240671
RAFa4,unselected,-0.0869213798289254,Preictal reference,1.3641578893957937
RAFa4,unselected,-0.0757159881605176,Preictal reference,1.3865042834660999
RAFa4,unselected,-0.0645105964921097,Preictal reference,1.4069257832387971
RAFa4,unselected,-0.0533052048237019,Preictal reference,1.4252790567631144
RAFa4,unselected,-0.0420998131552941,Preictal reference,1.441426984753642
RAFa4,unselected,-0.0308944214868862,Preictal reference,1.4552404581153655
RAFa4,unselected,-0.0196890298184784,Preictal reference,1.4666001811527103
RAFa4,unselected,-0.0084836381500705,Preictal reference,1.475398445851145
RAFa4,unselected,0.0027217535183372,Preictal reference,1.4815408412510904
RAFa4,unselected,0.013927145186745,Preictal reference,1.4849478614567868
RAFa4,unselected,0.0251325368551529,Preictal reference,1.4855563762969233
RAFa4,unselected,0.0363379285235607,Preictal reference,1.4833209301108812
RAFa4,unselected,0.0475433201919686,Preictal reference,1.4782148365720453
RAFa4,unselected,0.0587487118603764,Preictal reference,1.470231040843065
RAFa4,unselected,0.0699541035287842,Preictal reference,1.4593827246202387
RAFa4,unselected,0.0811594951971921,Preictal reference,1.4457036346640202
RAFa4,unselected,0.0923648868655999,Preictal reference,1.4292481211029122
RAFa4,unselected,0.1035702785340078,Preictal reference,1.4100908779844823
RAFa4,unselected,0.1147756702024154,Preictal reference,1.3883263850577685
RAFa4,unselected,0.1259810618708232,Preictal reference,1.3640680564186922
RAFa4,unselected,0.1371864535392311,Preictal reference,1.3374471082417376
RAFa4,unselected,0.1483918452076389,Preictal reference,1.3086111641622704
RAFa4,unselected,0.1595972368760467,Preictal reference,1.2777226227784921
RAFa4,unselected,0.1708026285444546,Preictal reference,1.2449568170357799
RAFa4,unselected,0.1820080202128624,Preictal reference,1.2104999997853827
RAFa4,unselected,0.1932134118812702,Preictal reference,1.1745471934441938
RAFa4,unselected,0.2044188035496781,Preictal reference,1.137299944322901
RAFa4,unselected,0.2156241952180859,Preictal reference,1.098964023768294
RAFa4,unselected,0.2268295868864938,Preictal reference,1.0597471187484915
RAFa4,unselected,0.2380349785549016,Preictal reference,1.0198565539003077
RAFa4,unselected,0.2492403702233094,Preictal reference,0.9794970853919357
RAFa4,unselected,0.2604457618917173,Preictal reference,0.9388688043029236
RAFa4,unselected,0.2716511535601251,Preictal reference,0.8981651836863639
RAFa4,unselected,0.282856545228533,Preictal reference,0.8575712991822464
RAFa4,unselected,0.2940619368969408,Preictal reference,0.8172622481435992
RAFa4,unselected,0.3052673285653486,Preictal reference,0.777401786881036
RAFa4,unselected,0.3164727202337565,Preictal reference,0.7381411999994765
RAFa4,unselected,0.3276781119021643,Preictal reference,0.6996184100681317
RAFa4,unselected,0.3388835035705722,Preictal reference,0.6619573302035615
RAFa4,unselected,0.35008889523898,Preictal reference,0.6252674567178286
RAFa4,unselected,0.3612942869073878,Preictal reference,0.5896436939371498
RAFa4,unselected,0.3724996785757957,Preictal reference,0.5551663987579105
RAFa4,unselected,0.3837050702442035,Preictal reference,0.5219016285804047
RAFa4,unselected,0.3949104619126113,Preictal reference,0.48990157302290444
RAFa4,unselected,0.4061158535810192,Preictal reference,0.4592051473184735
RAFa4,unselected,0.417321245249427,Preictal reference,0.4298387235550704
RAFa4,unselected,0.4285266369178349,Preictal reference,0.40181697492841867
RAFa4,unselected,0.4397320285862427,Preictal reference,0.3751438079050087
RAFa4,unselected,0.4509374202546505,Preictal reference,0.34981335758430127
RAFa4,unselected,0.4621428119230584,Preictal reference,0.32581102253210714
RAFa4,unselected,0.4733482035914662,Preictal reference,0.3031145168439719
RAFa4,unselected,0.4845535952598736,Preictal reference,0.28169491909246
RAFa4,unselected,0.4957589869282814,Preictal reference,0.26151770001495045
RAFa4,unselected,0.5069643785966893,Preictal reference,0.24254371320915402
RAFa4,unselected,0.5181697702650971,Preictal reference,0.2247301356263427
RAFa4,unselected,0.529375161933505,Preictal reference,0.20803134719975463
RAFa4,unselected,0.5405805536019128,Preictal reference,0.19239974144106178
RAFa4,unselected,0.5517859452703207,Preictal reference,0.1777864612167816
RAFa4,unselected,0.5629913369387285,Preictal reference,0.16414205612844007
RAFa4,unselected,0.5741967286071363,Preictal reference,0.1514170599283007
RAFa4,unselected,0.5854021202755442,Preictal reference,0.13956248818251932
RAFa4,unselected,0.596607511943952,Preictal reference,0.12853025793382317
RAFa4,unselected,0.6078129036123598,Preictal reference,0.1182735324143659
RAFa4,unselected,0.6190182952807677,Preictal reference,0.10874699492271395
RAFa4,unselected,0.6302236869491755,Preictal reference,0.09990705681949422
RAFa4,unselected,0.6414290786175834,Preictal reference,0.09171200523068611
RAFa4,unselected,0.6526344702859912,Preictal reference,0.08412209649478733
RAFa4,unselected,0.663839861954399,Preictal reference,0.07709960166968097
RAFa4,unselected,0.6750452536228069,Preictal reference,0.0706088105460661
RAFa4,unselected,0.6862506452912147,Preictal reference,0.06461600061462348
RAFa4,unselected,0.6974560369596225,Preictal reference,0.059089377319718424
RAFa4,unselected,0.7086614286280304,Preictal reference,0.0539989917176722
RAFa4,unselected,0.7198668202964382,Preictal reference,0.04931664135506354
RAFa4,unselected,0.7310722119648461,Preictal reference,0.04501575980354268
RAFa4,unselected,0.7422776036332539,Preictal reference,0.04107129984271691
RAFa4,unselected,0.7534829953016617,Preictal reference,0.0374596147821224
RAFa4,unselected,0.7646883869700696,Preictal reference,0.034158341867461715
RAFa4,unselected,0.7758937786384774,Preictal reference,0.031146291136031543
RAFa4,unselected,0.7870991703068853,Preictal reference,0.028403342483152228
RAFa4,unselected,0.7983045619752931,Preictal reference,0.025910353087661476
RAFa4,unselected,0.8095099536437009,Preictal reference,0.023649076732990746
RAFa4,unselected,0.8207153453121088,Preictal reference,0.021602095964118308
RAFa4,unselected,0.8319207369805166,Preictal reference,0.019752767452830108
RAFa4,unselected,0.8431261286489244,Preictal reference,0.01808518041670445
RAFa4,unselected,0.8543315203173323,Preictal reference,0.016584127462520463
RAFa4,unselected,0.8655369119857401,Preictal reference,0.015235086812331784
RAFa4,unselected,0.876742303654148,Preictal reference,0.014024214528249207
RAFa4,unselected,0.8879476953225558,Preictal reference,0.012938345085813057
RAFa4,unselected,0.8991530869909636,Preictal reference,0.01196499845897714
RAFa4,unselected,0.9103584786593716,Preictal reference,0.011092391772855755
RAFa4,unselected,0.9215638703277792,Preictal reference,0.01030945355161368
RAFa4,unselected,0.9327692619961871,Preictal reference,0.009605838633875553
RAFa4,unselected,0.943974653664595,Preictal reference,0.008971941940258951
RAFa4,unselected,0.9551800453330024,Preictal reference,0.008398909448664818
RAFa4,unselected,0.9663854370014102,Preictal reference,0.007878644952877701
RAFa4,unselected,0.977590828669818,Preictal reference,0.007403811437822187
RAFa4,unselected,0.988796220338226,Preictal reference,0.006967826188866409
RAFa4,unselected,1.0000016120066335,Preictal reference,0.006564849051036382
RAFa4,unselected,1.0112070036750416,Preictal reference,0.006189763555319861
RAFa4,unselected,1.0224123953434494,Preictal reference,0.005838150922443475
RAFa4,unselected,1.0336177870118572,Preictal reference,0.005506257229623213
RAFa4,unselected,1.044823178680265,Preictal reference,0.0051909542741064105
RAFa4,unselected,1.056028570348673,Preictal reference,0.004889694881635913
RAFa4,unselected,1.0672339620170808,Preictal reference,0.004600463582736243
RAFa4,unselected,1.0784393536854886,Preictal reference,0.004321723711179073
RAFa4,unselected,1.0896447453538964,Preictal reference,0.004052362065168505
RAFa4,unselected,1.1008501370223045,Preictal reference,0.003791632312509174
RAFa4,unselected,1.112055528690712,Preictal reference,0.0035390983177698058
RAFa4,unselected,1.12326092035912,Preictal reference,0.0032945785252583228
RAFa4,unselected,1.1344663120275278,Preictal reference,0.0030580924508338135
RAFa4,unselected,1.1456717036959356,Preictal reference,0.00282981022363394
RAFa4,unselected,1.1568770953643437,Preictal reference,0.00261000598195641
RAFa4,unselected,1.1680824870327513,Preictal reference,0.0023990157725705895
RAFa4,unselected,1.1792878787011591,Preictal reference,0.002197200436657484
RAFa4,unselected,1.190493270369567,Preictal reference,0.0020049137953056326
RAFa4,unselected,1.2016986620379748,Preictal reference,0.0018224762796077384
RAFa4,unselected,1.2129040537063829,Preictal reference,0.0016501539908899052
RAFa4,unselected,1.2241094453747905,Preictal reference,0.0014881430306429284
RAFa4,unselected,1.2353148370431983,Preictal reference,0.0013365588115343903
RAFa4,unselected,1.2465202287116062,Preictal reference,0.0011954299536171417
RAFa4,unselected,1.257725620380014,Preictal reference,0.0010646962855546292
RAFa4,unselected,1.2689310120484218,Preictal reference,0.0009442104102894793
RAFa4,unselected,1.2801364037168297,Preictal reference,0.000833742257966058
RAFa4,unselected,1.2913417953852375,Preictal reference,0.0007329860350083552
RAFa4,unselected,1.3025471870536454,Preictal reference,0.0006415689851619723
RAFa4,unselected,1.3137525787220532,Preictal reference,0.0005590614034949212
RAFa4,unselected,1.324957970390461,Preictal reference,0.00048498738480434636
RAFa4,unselected,1.3361633620588689,Preictal reference,0.0004188358402977777
RAFa4,unselected,1.3473687537272767,Preictal reference,0.00036007137740187825
RAFa4,unselected,1.3585741453956846,Preictal reference,0.00030814470375064776
RAFa4,unselected,1.3697795370640924,Preictal reference,0.00026250228467246514
RAFa4,unselected,1.3809849287325002,Preictal reference,0.00022259505100346232
RAFa4,unselected,1.392190320400908,Preictal reference,0.00018788601838298392
RAFa4,unselected,1.403395712069316,Preictal reference,0.00015785673837740815
RAFa4,unselected,1.4146011037377235,Preictal reference,0.0001320125543630672
RAFa4,unselected,1.4258064954061316,Preictal reference,0.00010988668009691936
RAFa4,unselected,1.437011887074539,Preictal reference,9.104315579678184e-05
RAFa4,unselected,1.4482172787429468,Preictal reference,7.507876524077018e-05
RAFa4,unselected,1.4594226704113546,Preictal reference,6.16240181360633e-05
RAFa4,unselected,1.4706280620797625,Preictal reference,5.034331534860907e-05
RAFa4,unselected,1.4818334537481703,Preictal reference,4.093442129540172e-05
RAFa4,unselected,1.4930388454165782,Preictal reference,3.31273687942066e-05
RAFa4,unselected,1.504244237084986,Preictal reference,2.6682917937607923e-05
RAFa4,unselected,1.5154496287533938,Preictal reference,2.139068312552533e-05
RAFa4,unselected,1.5266550204218017,Preictal reference,1.7067032239910023e-05
RAFa4,unselected,1.5378604120902095,Preictal reference,1.3552849994884612e-05
RAFa4,unselected,1.5490658037586174,Preictal reference,1.071124456407629e-05
RAFa4,unselected,1.5602711954270252,Preictal reference,8.425263375580102e-06
RAFa4,unselected,1.571476587095433,Preictal reference,6.595671048041343e-06
RAFa4,unselected,1.5826819787638409,Preictal reference,5.138830264425984e-06
RAFa4,unselected,1.5938873704322487,Preictal reference,3.984715265779295e-06
RAFa4,unselected,1.6050927621006563,Preictal reference,3.0750778055776e-06
RAFa4,unselected,1.6162981537690644,Preictal reference,2.3617769473532266e-06
RAFa4,unselected,1.6275035454374722,Preictal reference,1.80527704246011e-06
RAFa4,unselected,1.63870893710588,Preictal reference,1.3733125533120607e-06
RAFa4,unselected,1.649914328774288,Preictal reference,1.0397140024894787e-06
RAFa4,unselected,1.6611197204426955,Preictal reference,7.83386107449453e-07
RAFa4,unselected,1.6723251121111036,Preictal reference,5.874269607506989e-07
RAFa4,unselected,-1.678086996742837,WGAN-GP Full,1.7473091864329841e-09
RAFa4,unselected,-1.666881605074429,WGAN-GP Full,2.517314966410339e-09
RAFa4,unselected,-1.6556762134060212,WGAN-GP Full,3.6097852682554893e-09
RAFa4,unselected,-1.6444708217376134,WGAN-GP Full,5.152325831093195e-09
RAFa4,unselected,-1.6332654300692055,WGAN-GP Full,7.3199081642859196e-09
RAFa4,unselected,-1.6220600384007977,WGAN-GP Full,1.0351198195406173e-08
RAFa4,unselected,-1.61085464673239,WGAN-GP Full,1.4570039172516668e-08
RAFa4,unselected,-1.599649255063982,WGAN-GP Full,2.0413546262318174e-08
RAFa4,unselected,-1.5884438633955742,WGAN-GP Full,2.8468625612791397e-08
RAFa4,unselected,-1.5772384717271664,WGAN-GP Full,3.951915479258314e-08
RAFa4,unselected,-1.5660330800587587,WGAN-GP Full,5.460656251896977e-08
RAFa4,unselected,-1.554827688390351,WGAN-GP Full,7.510713083920473e-08
RAFa4,unselected,-1.543622296721943,WGAN-GP Full,1.0283001858396823e-07
RAFa4,unselected,-1.5324169050535352,WGAN-GP Full,1.4014077511984382e-07
RAFa4,unselected,-1.5212115133851274,WGAN-GP Full,1.901159794711696e-07
RAFa4,unselected,-1.5100061217167196,WGAN-GP Full,2.567355991715657e-07
RAFa4,unselected,-1.4988007300483115,WGAN-GP Full,3.4512070819608626e-07
RAFa4,unselected,-1.487595338379904,WGAN-GP Full,4.6182532038280364e-07
RAFa4,unselected,-1.476389946711496,WGAN-GP Full,6.151922630497064e-07
RAFa4,unselected,-1.4651845550430882,WGAN-GP Full,8.157842060326227e-07
RAFa4,unselected,-1.4539791633746804,WGAN-GP Full,1.0769021361383276e-06
RAFa4,unselected,-1.4427737717062723,WGAN-GP Full,1.4152046786769676e-06
RAFa4,unselected,-1.431568380037865,WGAN-GP Full,1.851442659684444e-06
RAFa4,unselected,-1.4203629883694568,WGAN-GP Full,2.411324109516866e-06
RAFa4,unselected,-1.409157596701049,WGAN-GP Full,3.126525458600923e-06
RAFa4,unselected,-1.3979522050326412,WGAN-GP Full,4.035864892770273e-06
RAFa4,unselected,-1.386746813364233,WGAN-GP Full,5.1866536415611785e-06
RAFa4,unselected,-1.3755414216958255,WGAN-GP Full,6.636240294887614e-06
RAFa4,unselected,-1.3643360300274177,WGAN-GP Full,8.45376201846305e-06
RAFa4,unselected,-1.3531306383590098,WGAN-GP Full,1.0722114720012471e-05
RAFa4,unselected,-1.341925246690602,WGAN-GP Full,1.3540151785489548e-05
RAFa4,unselected,-1.330719855022194,WGAN-GP Full,1.7025117969308916e-05
RAFa4,unselected,-1.3195144633537863,WGAN-GP Full,2.131532143909267e-05
RAFa4,unselected,-1.3083090716853785,WGAN-GP Full,2.6573042947621938e-05
RAFa4,unselected,-1.2971036800169706,WGAN-GP Full,3.298767679336224e-05
RAFa4,unselected,-1.285898288348563,WGAN-GP Full,4.077909385839093e-05
RAFa4,unselected,-1.2746928966801552,WGAN-GP Full,5.020121286441782e-05
RAFa4,unselected,-1.2634875050117471,WGAN-GP Full,6.154576241080472e-05
RAFa4,unselected,-1.2522821133433395,WGAN-GP Full,7.514621375455755e-05
RAFa4,unselected,-1.2410767216749317,WGAN-GP Full,9.1381863105298e-05
RAFa4,unselected,-1.2298713300065238,WGAN-GP Full,0.00011068204290681163
RAFa4,unselected,-1.218665938338116,WGAN-GP Full,0.00013353044463040867
RAFa4,unselected,-1.207460546669708,WGAN-GP Full,0.00016046954145447788
RAFa4,unselected,-1.1962551550013003,WGAN-GP Full,0.00019210510822637904
RAFa4,unselected,-1.1850497633328925,WGAN-GP Full,0.0002291108485727392
RAFa4,unselected,-1.1738443716644846,WGAN-GP Full,0.0002722331550760856
RAFa4,unselected,-1.1626389799960768,WGAN-GP Full,0.0003222960480222868
RAFa4,unselected,-1.151433588327669,WGAN-GP Full,0.0003802063610799624
RAFa4,unselected,-1.1402281966592611,WGAN-GP Full,0.0004469592678884379
RAFa4,unselected,-1.1290228049908535,WGAN-GP Full,0.000523644271127011
RAFa4,unselected,-1.1178174133224457,WGAN-GP Full,0.0006114518041638269
RAFa4,unselected,-1.1066120216540378,WGAN-GP Full,0.0007116806235222614
RAFa4,unselected,-1.09540662998563,WGAN-GP Full,0.0008257461966043812
RAFa4,unselected,-1.084201238317222,WGAN-GP Full,0.00095519031163388
RAFa4,unselected,-1.0729958466488143,WGAN-GP Full,0.0011016921537623757
RAFa4,unselected,-1.0617904549804065,WGAN-GP Full,0.0012670811008247819
RAFa4,unselected,-1.0505850633119986,WGAN-GP Full,0.0014533514925018155
RAFa4,unselected,-1.0393796716435908,WGAN-GP Full,0.0016626796160030817
RAFa4,unselected,-1.028174279975183,WGAN-GP Full,0.0018974431284794293
RAFa4,unselected,-1.0169688883067751,WGAN-GP Full,0.002160243100293617
RAFa4,unselected,-1.0057634966383673,WGAN-GP Full,0.002453928813646791
RAFa4,unselected,-0.9945581049699594,WGAN-GP Full,0.0027816253881364885
RAFa4,unselected,-0.9833527133015516,WGAN-GP Full,0.0031467642295794646
RAFa4,unselected,-0.9721473216331438,WGAN-GP Full,0.0035531162125845522
RAFa4,unselected,-0.960941929964736,WGAN-GP Full,0.004004827413364731
RAFa4,unselected,-0.949736538296328,WGAN-GP Full,0.004506457110288166
RAFa4,unselected,-0.9385311466279204,WGAN-GP Full,0.005063017669431434
RAFa4,unselected,-0.9273257549595124,WGAN-GP Full,0.00568001583511968
RAFa4,unselected,-0.9161203632911046,WGAN-GP Full,0.006363494855571073
RAFa4,unselected,-0.9049149716226969,WGAN-GP Full,0.007120076795805991
RAFa4,unselected,-0.893709579954289,WGAN-GP Full,0.007957004328187934
RAFa4,unselected,-0.8825041882858812,WGAN-GP Full,0.008882181249099192
RAFa4,unselected,-0.8712987966174733,WGAN-GP Full,0.009904210951305212
RAFa4,unselected,-0.8600934049490655,WGAN-GP Full,0.011032432087482932
RAFa4,unselected,-0.8488880132806577,WGAN-GP Full,0.012276950691892156
RAFa4,unselected,-0.8376826216122498,WGAN-GP Full,0.013648668083551967
RAFa4,unselected,-0.826477229943842,WGAN-GP Full,0.015159303953348498
RAFa4,unselected,-0.8152718382754341,WGAN-GP Full,0.01682141413552445
RAFa4,unselected,-0.8040664466070263,WGAN-GP Full,0.018648402675855564
RAFa4,unselected,-0.7928610549386185,WGAN-GP Full,0.02065452792813135
RAFa4,unselected,-0.7816556632702107,WGAN-GP Full,0.022854902530006563
RAFa4,unselected,-0.7704502716018029,WGAN-GP Full,0.025265487220983585
RAFa4,unselected,-0.7592448799333951,WGAN-GP Full,0.027903078561216207
RAFa4,unselected,-0.7480394882649872,WGAN-GP Full,0.030785290682361452
RAFa4,unselected,-0.7368340965965794,WGAN-GP Full,0.033930531244148306
RAFa4,unselected,-0.7256287049281716,WGAN-GP Full,0.03735797177744512
RAFa4,unselected,-0.7144233132597637,WGAN-GP Full,0.04108751256307512
RAFa4,unselected,-0.7032179215913559,WGAN-GP Full,0.04513974212454632
RAFa4,unselected,-0.692012529922948,WGAN-GP Full,0.04953589130396768
RAFa4,unselected,-0.6808071382545402,WGAN-GP Full,0.0542977817483319
RAFa4,unselected,-0.6696017465861324,WGAN-GP Full,0.0594477684654885
RAFa4,unselected,-0.6583963549177245,WGAN-GP Full,0.0650086759256996
RAFa4,unselected,-0.6471909632493167,WGAN-GP Full,0.07100372699803693
RAFa4,unselected,-0.6359855715809088,WGAN-GP Full,0.07745646383530527
RAFa4,unselected,-0.624780179912501,WGAN-GP Full,0.08439065967190065
RAFa4,unselected,-0.6135747882440932,WGAN-GP Full,0.09183022039142523
RAFa4,unselected,-0.6023693965756853,WGAN-GP Full,0.09979907466974505
RAFa4,unselected,-0.5911640049072777,WGAN-GP Full,0.10832105151734446
RAFa4,unselected,-0.5799586132388699,WGAN-GP Full,0.1174197441426036
RAFa4,unselected,-0.568753221570462,WGAN-GP Full,0.12711835924156364
RAFa4,unselected,-0.5575478299020542,WGAN-GP Full,0.13743955109220327
RAFa4,unselected,-0.5463424382336464,WGAN-GP Full,0.1484052401896227
RAFa4,unselected,-0.5351370465652385,WGAN-GP Full,0.160036416595011
RAFa4,unselected,-0.5239316548968307,WGAN-GP Full,0.17235292867317037
RAFa4,unselected,-0.5127262632284229,WGAN-GP Full,0.18537325844278876
RAFa4,unselected,-0.501520871560015,WGAN-GP Full,0.19911428533890946
RAFa4,unselected,-0.4903154798916072,WGAN-GP Full,0.2135910407629866
RAFa4,unselected,-0.4791100882231993,WGAN-GP Full,0.22881645634553935
RAFa4,unselected,-0.4679046965547915,WGAN-GP Full,0.24480110934197832
RAFa4,unselected,-0.4566993048863836,WGAN-GP Full,0.2615529689968917
RAFa4,unselected,-0.4454939132179758,WGAN-GP Full,0.2790771480217562
RAFa4,unselected,-0.434288521549568,WGAN-GP Full,0.29737566351525946
RAFa4,unselected,-0.4230831298811601,WGAN-GP Full,0.316447211699289
RAFa4,unselected,-0.4118777382127523,WGAN-GP Full,0.33628696073859543
RAFa4,unselected,-0.4006723465443444,WGAN-GP Full,0.35688636565688286
RAFa4,unselected,-0.3894669548759366,WGAN-GP Full,0.37823300896287754
RAFa4,unselected,-0.3782615632075288,WGAN-GP Full,0.40031047007050563
RAFa4,unselected,-0.3670561715391209,WGAN-GP Full,0.42309822595883073
RAFa4,unselected,-0.3558507798707133,WGAN-GP Full,0.44657158479632786
RAFa4,unselected,-0.3446453882023055,WGAN-GP Full,0.47070165348292914
RAFa4,unselected,-0.3334399965338976,WGAN-GP Full,0.4954553392763182
RAFa4,unselected,-0.3222346048654898,WGAN-GP Full,0.5207953849031747
RAFa4,unselected,-0.311029213197082,WGAN-GP Full,0.5466804358466415
RAFa4,unselected,-0.2998238215286741,WGAN-GP Full,0.5730651378815188
RAFa4,unselected,-0.2886184298602663,WGAN-GP Full,0.5999002624270245
RAFa4,unselected,-0.2774130381918585,WGAN-GP Full,0.6271328569256084
RAFa4,unselected,-0.2662076465234506,WGAN-GP Full,0.654706417250244
RAFa4,unselected,-0.2550022548550428,WGAN-GP Full,0.6825610790982838
RAFa4,unselected,-0.2437968631866349,WGAN-GP Full,0.7106338254448347
RAFa4,unselected,-0.2325914715182271,WGAN-GP Full,0.7388587073915752
RAFa4,unselected,-0.2213860798498192,WGAN-GP Full,0.7671670761389041
RAFa4,unselected,-0.2101806881814114,WGAN-GP Full,0.7954878243028543
RAFa4,unselected,-0.1989752965130036,WGAN-GP Full,0.8237476353621671
RAFa4,unselected,-0.1877699048445957,WGAN-GP Full,0.8518712406175045
RAFa4,unselected,-0.1765645131761879,WGAN-GP Full,0.8797816836364863
RAFa4,unselected,-0.1653591215077801,WGAN-GP Full,0.907400592706037
RAFa4,unselected,-0.1541537298393722,WGAN-GP Full,0.9346484622807406
RAFa4,unselected,-0.1429483381709644,WGAN-GP Full,0.9614449447705232
RAFa4,unselected,-0.1317429465025565,WGAN-GP Full,0.9877091542257594
RAFa4,unselected,-0.1205375548341489,WGAN-GP Full,1.013359983533469
RAFa4,unselected,-0.1093321631657411,WGAN-GP Full,1.038316436623295
RAFa4,unselected,-0.0981267714973332,WGAN-GP Full,1.062497976893701
RAFa4,unselected,-0.0869213798289254,WGAN-GP Full,1.0858248926145806
RAFa4,unselected,-0.0757159881605176,WGAN-GP Full,1.1082186794566493
RAFa4,unselected,-0.0645105964921097,WGAN-GP Full,1.1296024395654014
RAFa4,unselected,-0.0533052048237019,WGAN-GP Full,1.149901295767887
RAFa4,unselected,-0.0420998131552941,WGAN-GP Full,1.1690428186112847
RAFa4,unselected,-0.0308944214868862,WGAN-GP Full,1.1869574630229542
RAFa4,unselected,-0.0196890298184784,WGAN-GP Full,1.2035790104961919
RAFa4,unselected,-0.0084836381500705,WGAN-GP Full,1.2188450118856615
RAFa4,unselected,0.0027217535183372,WGAN-GP Full,1.23269722518444
RAFa4,unselected,0.013927145186745,WGAN-GP Full,1.2450820420863775
RAFa4,unselected,0.0251325368551529,WGAN-GP Full,1.2559508967463406
RAFa4,unselected,0.0363379285235607,WGAN-GP Full,1.265260649960802
RAFa4,unselected,0.0475433201919686,WGAN-GP Full,1.2729739420192727
RAFa4,unselected,0.0587487118603764,WGAN-GP Full,1.279059507729668
RAFa4,unselected,0.0699541035287842,WGAN-GP Full,1.2834924475961682
RAFa4,unselected,0.0811594951971921,WGAN-GP Full,1.2862544498133053
RAFa4,unselected,0.0923648868655999,WGAN-GP Full,1.2873339586134063
RAFa4,unselected,0.1035702785340078,WGAN-GP Full,1.286726285535796
RAFa4,unselected,0.1147756702024154,WGAN-GP Full,1.2844336613380534
RAFa4,unselected,0.1259810618708232,WGAN-GP Full,1.2804652274979462
RAFa4,unselected,0.1371864535392311,WGAN-GP Full,1.2748369675140627
RAFa4,unselected,0.1483918452076389,WGAN-GP Full,1.2675715794550424
RAFa4,unselected,0.1595972368760467,WGAN-GP Full,1.258698292383953
RAFa4,unselected,0.1708026285444546,WGAN-GP Full,1.248252630353282
RAFa4,unselected,0.1820080202128624,WGAN-GP Full,1.2362761285875588
RAFa4,unselected,0.1932134118812702,WGAN-GP Full,1.2228160072142045
RAFa4,unselected,0.2044188035496781,WGAN-GP Full,1.2079248084467447
RAFa4,unselected,0.2156241952180859,WGAN-GP Full,1.1916600034546465
RAFa4,unselected,0.2268295868864938,WGAN-GP Full,1.1740835752692023
RAFa4,unselected,0.2380349785549016,WGAN-GP Full,1.1552615839833078
RAFa4,unselected,0.2492403702233094,WGAN-GP Full,1.1352637202211573
RAFa4,unselected,0.2604457618917173,WGAN-GP Full,1.1141628524094653
RAFa4,unselected,0.2716511535601251,WGAN-GP Full,1.0920345728064023
RAFa4,unselected,0.282856545228533,WGAN-GP Full,1.0689567465762118
RAFa4,unselected,0.2940619368969408,WGAN-GP Full,1.0450090674770234
RAFa4,unselected,0.3052673285653486,WGAN-GP Full,1.0202726229961276
RAFa4,unselected,0.3164727202337565,WGAN-GP Full,0.9948294710608633
RAFa4,unselected,0.3276781119021643,WGAN-GP Full,0.9687622298071731
RAFa4,unselected,0.3388835035705722,WGAN-GP Full,0.9421536813312531
RAFa4,unselected,0.35008889523898,WGAN-GP Full,0.9150863899034705
RAFa4,unselected,0.3612942869073878,WGAN-GP Full,0.8876423348007286
RAFa4,unselected,0.3724996785757957,WGAN-GP Full,0.8599025577188544
RAFa4,unselected,0.3837050702442035,WGAN-GP Full,0.8319468246566164
RAFa4,unselected,0.3949104619126113,WGAN-GP Full,0.8038533022064721
RAFa4,unselected,0.4061158535810192,WGAN-GP Full,0.7756982483269326
RAFa4,unselected,0.417321245249427,WGAN-GP Full,0.747555717884827
RAFa4,unselected,0.4285266369178349,WGAN-GP Full,0.7194972835168827
RAFa4,unselected,0.4397320285862427,WGAN-GP Full,0.6915917726421205
RAFa4,unselected,0.4509374202546505,WGAN-GP Full,0.6639050217321056
RAFa4,unselected,0.4621428119230584,WGAN-GP Full,0.6364996491903441
RAFa4,unselected,0.4733482035914662,WGAN-GP Full,0.6094348483831932
RAFa4,unselected,0.4845535952598736,WGAN-GP Full,0.5827662024853543
RAFa4,unselected,0.4957589869282814,WGAN-GP Full,0.5565455228413516
RAFa4,unselected,0.5069643785966893,WGAN-GP Full,0.5308207124938082
RAFa4,unselected,0.5181697702650971,WGAN-GP Full,0.5056356563892188
RAFa4,unselected,0.529375161933505,WGAN-GP Full,0.48103013954675317
RAFa4,unselected,0.5405805536019128,WGAN-GP Full,0.4570397941748785
RAFa4,unselected,0.5517859452703207,WGAN-GP Full,0.4336960763570576
RAFa4,unselected,0.5629913369387285,WGAN-GP Full,0.41102627251785784
RAFa4,unselected,0.5741967286071363,WGAN-GP Full,0.38905353544168825
RAFa4,unselected,0.5854021202755442,WGAN-GP Full,0.36779694916678574
RAFa4,unselected,0.596607511943952,WGAN-GP Full,0.347271621634501
RAFa4,unselected,0.6078129036123598,WGAN-GP Full,0.32748880355484256
RAFa4,unselected,0.6190182952807677,WGAN-GP Full,0.30845603156811174
RAFa4,unselected,0.6302236869491755,WGAN-GP Full,0.29017729345066523
RAFa4,unselected,0.6414290786175834,WGAN-GP Full,0.2726532128390362
RAFa4,unselected,0.6526344702859912,WGAN-GP Full,0.2558812507362233
RAFa4,unselected,0.663839861954399,WGAN-GP Full,0.2398559209191791
RAFa4,unselected,0.6750452536228069,WGAN-GP Full,0.22456901628704345
RAFa4,unselected,0.6862506452912147,WGAN-GP Full,0.21000984317230093
RAFa4,unselected,0.6974560369596225,WGAN-GP Full,0.1961654606771192
RAFa4,unselected,0.7086614286280304,WGAN-GP Full,0.1830209221882926
RAFa4,unselected,0.7198668202964382,WGAN-GP Full,0.17055951635921038
RAFa4,unselected,0.7310722119648461,WGAN-GP Full,0.15876300501870644
RAFa4,unselected,0.7422776036332539,WGAN-GP Full,0.147611855667043
RAFa4,unselected,0.7534829953016617,WGAN-GP Full,0.13708546644154246
RAFa4,unselected,0.7646883869700696,WGAN-GP Full,0.1271623816724546
RAFa4,unselected,0.7758937786384774,WGAN-GP Full,0.11782049639775724
RAFa4,unselected,0.7870991703068853,WGAN-GP Full,0.10903724845946214
RAFa4,unselected,0.7983045619752931,WGAN-GP Full,0.10078979705964378
RAFa4,unselected,0.8095099536437009,WGAN-GP Full,0.09305518690890058
RAFa4,unselected,0.8207153453121088,WGAN-GP Full,0.08581049735068377
RAFa4,unselected,0.8319207369805166,WGAN-GP Full,0.07903297608969917
RAFa4,unselected,0.8431261286489244,WGAN-GP Full,0.07270015738928765
RAFa4,unselected,0.8543315203173323,WGAN-GP Full,0.06678996482927425
RAFa4,unselected,0.8655369119857401,WGAN-GP Full,0.06128079892986347
RAFa4,unselected,0.876742303654148,WGAN-GP Full,0.05615161014642389
RAFa4,unselected,0.8879476953225558,WGAN-GP Full,0.05138195792168359
RAFa4,unselected,0.8991530869909636,WGAN-GP Full,0.04695205664320593
RAFa4,unselected,0.9103584786593716,WGAN-GP Full,0.04284280949227467
RAFa4,unselected,0.9215638703277792,WGAN-GP Full,0.039035831282848925
RAFa4,unselected,0.9327692619961871,WGAN-GP Full,0.03551346147385039
RAFa4,unselected,0.943974653664595,WGAN-GP Full,0.03225876859305446
RAFa4,unselected,0.9551800453330024,WGAN-GP Full,0.029255547335362696
RAFa4,unselected,0.9663854370014102,WGAN-GP Full,0.0264883095922333
RAFa4,unselected,0.977590828669818,WGAN-GP Full,0.023942270633542748
RAFa4,unselected,0.988796220338226,WGAN-GP Full,0.021603331600129765
RAFa4,unselected,1.0000016120066335,WGAN-GP Full,0.019458059377779943
RAFa4,unselected,1.0112070036750416,WGAN-GP Full,0.01749366481530412
RAFa4,unselected,1.0224123953434494,WGAN-GP Full,0.015697980125288877
RAFa4,unselected,1.0336177870118572,WGAN-GP Full,0.01405943617115513
RAFa4,unselected,1.044823178680265,WGAN-GP Full,0.01256704020375961
RAFa4,unselected,1.056028570348673,WGAN-GP Full,0.011210354470268554
RAFa4,unselected,1.0672339620170808,WGAN-GP Full,0.009979475982549108
RAFa4,unselected,1.0784393536854886,WGAN-GP Full,0.008865017606453588
RAFa4,unselected,1.0896447453538964,WGAN-GP Full,0.007858090521001962
RAFa4,unselected,1.1008501370223045,WGAN-GP Full,0.0069502880006084115
RAFa4,unselected,1.112055528690712,WGAN-GP Full,0.006133670396191064
RAFa4,unselected,1.12326092035912,WGAN-GP Full,0.005400751133278928
RAFa4,unselected,1.1344663120275278,WGAN-GP Full,0.004744483507138626
RAFa4,unselected,1.1456717036959356,WGAN-GP Full,0.004158248035612008
RAFa4,unselected,1.1568770953643437,WGAN-GP Full,0.0036358401281518867
RAFa4,unselected,1.1680824870327513,WGAN-GP Full,0.003171457842174716
RAFa4,unselected,1.1792878787011591,WGAN-GP Full,0.0027596895226125492
RAFa4,unselected,1.190493270369567,WGAN-GP Full,0.0023955011544507733
RAFa4,unselected,1.2016986620379748,WGAN-GP Full,0.002074223298041922
RAFa4,unselected,1.2129040537063829,WGAN-GP Full,0.0017915375201295897
RAFa4,unselected,1.2241094453747905,WGAN-GP Full,0.0015434622770868192
RAFa4,unselected,1.2353148370431983,WGAN-GP Full,0.0013263382485125459
RAFa4,unselected,1.2465202287116062,WGAN-GP Full,0.001136813157107554
RAFa4,unselected,1.257725620380014,WGAN-GP Full,0.000971826143219752
RAFa4,unselected,1.2689310120484218,WGAN-GP Full,0.0008285917886441208
RAFa4,unselected,1.2801364037168297,WGAN-GP Full,0.0007045839036908195
RAFa4,unselected,1.2913417953852375,WGAN-GP Full,0.0005975192041261182
RAFa4,unselected,1.3025471870536454,WGAN-GP Full,0.0005053410106378095
RAFa4,unselected,1.3137525787220532,WGAN-GP Full,0.00042620310356381063
RAFa4,unselected,1.324957970390461,WGAN-GP Full,0.00035845386054282743
RAFa4,unselected,1.3361633620588689,WGAN-GP Full,0.00030062079542852326
RAFa4,unselected,1.3473687537272767,WGAN-GP Full,0.00025139560424175143
RAFa4,unselected,1.3585741453956846,WGAN-GP Full,0.00020961980910552704
RAFa4,unselected,1.3697795370640924,WGAN-GP Full,0.0001742710749455323
RAFa4,unselected,1.3809849287325002,WGAN-GP Full,0.00014445025708194928
RAFa4,unselected,1.392190320400908,WGAN-GP Full,0.00011936922140155088
RAFa4,unselected,1.403395712069316,WGAN-GP Full,9.833946316196879e-05
RAFa4,unselected,1.4146011037377235,WGAN-GP Full,8.07615360824633e-05
RAFa4,unselected,1.4258064954061316,WGAN-GP Full,6.611529052228762e-05
RAFa4,unselected,1.437011887074539,WGAN-GP Full,5.395090842004873e-05
RAFa4,unselected,1.4482172787429468,WGAN-GP Full,4.38807133396164e-05
RAFa4,unselected,1.4594226704113546,WGAN-GP Full,3.557172642590843e-05
RAFa4,unselected,1.4706280620797625,WGAN-GP Full,2.8738933234318865e-05
RAFa4,unselected,1.4818334537481703,WGAN-GP Full,2.313922212827775e-05
RAFa4,unselected,1.4930388454165782,WGAN-GP Full,1.856595207569006e-05
RAFa4,unselected,1.504244237084986,WGAN-GP Full,1.4844106035283548e-05
RAFa4,unselected,1.5154496287533938,WGAN-GP Full,1.1825985521926446e-05
RAFa4,unselected,1.5266550204218017,WGAN-GP Full,9.38740219453911e-06
RAFa4,unselected,1.5378604120902095,WGAN-GP Full,7.424323251827737e-06
RAFa4,unselected,1.5490658037586174,WGAN-GP Full,5.849928896490965e-06
RAFa4,unselected,1.5602711954270252,WGAN-GP Full,4.592042003016232e-06
RAFa4,unselected,1.571476587095433,WGAN-GP Full,3.5908922821847565e-06
RAFa4,unselected,1.5826819787638409,WGAN-GP Full,2.797179580063252e-06
RAFa4,unselected,1.5938873704322487,WGAN-GP Full,2.170403401014795e-06
RAFa4,unselected,1.6050927621006563,WGAN-GP Full,1.6774282389837074e-06
RAFa4,unselected,1.6162981537690644,WGAN-GP Full,1.291256788247994e-06
RAFa4,unselected,1.6275035454374722,WGAN-GP Full,9.899855445252728e-07
RAFa4,unselected,1.63870893710588,WGAN-GP Full,7.559196696553654e-07
RAFa4,unselected,1.649914328774288,WGAN-GP Full,5.748262555882036e-07
RAFa4,unselected,1.6611197204426955,WGAN-GP Full,4.353072697688837e-07
RAFa4,unselected,1.6723251121111036,WGAN-GP Full,3.282754828990682e-07
