context_index,crn_bank,channel_index,channel,direct_actuated,time_w1_free,time_w1_controlled,occupation_w1_free,occupation_w1_controlled,mean_abs_error,symmetric_sd_ratio,both_time_and_occupation_improved,time_relative_reduction_pass,occupation_relative_reduction_pass,time_absolute_pass,occupation_absolute_pass,mean_absolute_error_pass,symmetric_sd_ratio_pass,full_gate_b_pass,gate_c_trajectory_pass
0,0,0,EEG AST 01-Ref,True,0.36760380063987014,0.0720416773357235,0.3642959575221501,0.06556627285501623,0.001602154090523796,1.917756984092864,True,True,True,True,True,True,True,True,False
0,0,1,EEG AST 02-Ref,True,0.3953154013373353,0.06823852672447238,0.3911674432130941,0.059747993224072364,0.004837490109435426,1.8539561698911344,True,True,True,True,True,True,True,True,False
0,0,2,EEG AST 03-Ref,True,0.3676049729805405,0.03379622433656818,0.36246078652601577,0.017511371801388998,0.004491226963066311,1.2542195019903115,True,True,True,True,True,True,True,True,False
0,0,3,EEG AST 04-Ref,True,0.31374751530506917,0.050409879362616705,0.30801076812870715,0.031215073228524706,0.014429358238217208,1.3079913331504325,True,True,True,True,True,True,True,True,False
0,0,4,EEG GRID 01-Ref,False,0.2204983489335787,0.06810081917935615,0.21652285984222777,0.05910869451719241,0.004928159548972909,1.6617261334220466,True,True,True,True,True,True,True,True,False
0,0,5,EEG GRID 02-Ref,True,0.31754616220870807,0.10285521290593808,0.31384252672145685,0.0933071140660322,0.020398437350746687,2.082927772447794,True,True,True,True,True,True,False,False,False
0,0,6,EEG GRID 03-Ref,True,0.32472536657652645,0.11767444625536516,0.32023563718603865,0.10885050231510077,0.017161480615422164,2.087806422380462,True,True,True,True,True,True,False,False,False
0,0,7,EEG GRID 04-Ref,True,0.2856635392709035,0.07163128845139305,0.28190064578423046,0.0589081892189425,0.0037007449136450144,1.7368941390155919,True,True,True,True,True,True,True,True,False
0,0,8,EEG GRID 05-Ref,True,0.3374034561445286,0.06502204508143593,0.3345151653029021,0.05416156763559727,0.0009710978080884808,1.711050859377052,True,True,True,True,True,True,True,True,False
0,0,9,EEG GRID 06-Ref,False,0.2580341677033729,0.07804367569340583,0.2535685692250921,0.06455274805163301,0.0006876537195769755,1.5181171531460351,True,True,True,True,True,True,True,True,False
0,0,10,EEG GRID 07-Ref,True,0.322880624302547,0.07393201051755063,0.31940309507426146,0.06326794123970882,0.016307455689204924,1.6006114006777232,True,True,True,True,True,True,True,True,False
0,0,11,EEG GRID 08-Ref,False,0.3139206394000493,0.11272834843343629,0.30926863205617194,0.10068206962686994,5.888661743232355e-05,1.5787652377179942,True,True,True,True,True,True,True,True,False
0,0,12,EEG GRID 09-Ref,True,0.3376470769727766,0.0910277969635144,0.33293442710819376,0.07647478647572407,0.02233655201041373,1.6743762198284327,True,True,True,True,True,True,True,True,False
0,0,13,EEG GRID 10-Ref,True,0.31557377559522537,0.0869972487083346,0.31110566951022234,0.07377875308072229,0.0052919301012096815,1.7741568205066227,True,True,True,True,True,True,True,True,False
0,0,14,EEG GRID 11-Ref,True,0.28090856797445707,0.09602514301702146,0.2736912350660097,0.08084679180038774,0.02091401988960234,1.7288631910845371,True,True,True,True,True,True,True,True,False
0,0,15,EEG GRID 12-Ref,True,0.3417230762001789,0.09555296692362505,0.3359181038249256,0.08246138670886592,0.003706326653678609,1.8819619263959353,True,True,True,True,True,True,True,True,False
0,0,16,EEG GRID 13-Ref,True,0.3071337178323478,0.06528948379898449,0.3035040048996089,0.05449926723267537,0.008735321177639832,1.6352594265830014,True,True,True,True,True,True,True,True,False
0,0,17,EEG GRID 14-Ref,True,0.2989645043036972,0.08072385283098095,0.2929823094484212,0.06609816275321269,0.021421360618427244,1.5966519132812564,True,True,True,True,True,True,True,True,False
0,0,18,EEG GRID 15-Ref,True,0.33522314322803204,0.08337258925925317,0.33069125829314144,0.07126083537081222,0.00848117613006871,1.588569134486097,True,True,True,True,True,True,True,True,False
0,0,19,EEG GRID 16-Ref,False,0.28014669674746084,0.10247922837720495,0.2736106436703971,0.0849131519442046,0.0013251160727083063,1.421869123870335,True,True,True,True,True,True,True,True,False
0,0,20,EEG GRID 17-Ref,True,0.2956032070612523,0.06359692975486847,0.28996700659839403,0.03612389758315624,0.010511080105564808,1.2546164971727365,True,True,True,True,True,True,True,True,False
0,0,21,EEG GRID 18-Ref,True,0.33571245146847234,0.057853994870277974,0.3312986603770812,0.03408827369572988,0.0034593435623979825,1.3041505991082116,True,True,True,True,True,True,True,True,False
0,0,22,EEG GRID 19-Ref,False,0.2796738759967806,0.055017239915184264,0.2757806473534793,0.04284947564761758,0.0031005918381874554,1.4674996390841881,True,True,True,True,True,True,True,True,False
0,0,23,EEG GRID 21-Ref,True,0.27228005633643815,0.09578312457150023,0.26551680422803103,0.08211315159505159,0.008530613187542063,1.64321634627634,True,True,True,True,True,True,True,True,False
0,0,24,EEG GRID 22-Ref,False,0.21922499904221734,0.06486163263603724,0.2139084365352809,0.049459547630774925,0.012758092186896788,1.4350819900118823,True,True,True,True,True,True,True,True,False
0,0,25,EEG GRID 23-Ref,True,0.3057164890368375,0.06999665081075758,0.3006123494843941,0.05322434850804307,0.00607420141126637,1.4272852136032435,True,True,True,True,True,True,True,True,False
0,0,26,EEG GRID 24-Ref,True,0.2569285518107586,0.05976466262974897,0.2505419946099719,0.023676408749659792,0.002630982099915974,1.0351159229080253,True,True,True,True,True,True,True,True,False
0,0,27,EEG GRID 25-Ref,False,0.2240444115392366,0.08188691978466234,0.2152071678587749,0.05851410534147001,0.005497860709127332,1.367520089773077,True,True,True,True,True,True,True,True,False
0,0,28,EEG GRID 26-Ref,True,0.2687448257686273,0.07757414301544212,0.260262879223707,0.051681852880143146,0.0015546705093503164,1.2677829612580356,True,True,True,True,True,True,True,True,False
0,0,29,EEG GRID 27-Ref,True,0.25590500418144907,0.0748660392518102,0.2472998212379787,0.05432878303178079,0.0037522571288912654,1.2563748561541903,True,True,True,True,True,True,True,True,False
0,0,30,EEG GRID 28-Ref,False,0.24555171638388334,0.09594288984020123,0.2406629588852113,0.08894767292068552,0.010421781715945818,1.8971518382969814,True,True,True,True,True,True,True,True,False
0,0,31,EEG GRID 29-Ref,True,0.3511080588757343,0.06090631501136184,0.34737784844661307,0.042378988738568824,0.00727971952914585,1.4907660647968497,True,True,True,True,True,True,True,True,False
0,0,32,EEG GRID 30-Ref,True,0.3325281182264015,0.06291157800036815,0.32881972560644446,0.04926471038167165,0.004993174596405391,1.6148505860053273,True,True,True,True,True,True,True,True,False
0,0,33,EEG GRID 31-Ref,True,0.33502988423795665,0.08366254947326661,0.3272811614511144,0.06863827446646016,0.009432437706063956,1.5556550054850367,True,True,True,True,True,True,True,True,False
0,0,34,EEG GRID 32-Ref,True,0.35359602078736996,0.05587559741826002,0.35044571513635625,0.04562622272189656,0.0018955821597634354,1.448331670268552,True,True,True,True,True,True,True,True,False
0,0,35,EEG GRID 33-Ref,True,0.20110010174611292,0.07292561481093923,0.18449142671854724,0.020238783844537842,0.003696870541419444,1.1155564998546486,True,True,True,True,True,True,True,True,False
0,0,36,EEG GRID 35-Ref,True,0.3024255483100113,0.06652855663816436,0.2966425755756441,0.04277309941763911,0.01879792547371453,1.3456478841580497,True,True,True,True,True,True,True,True,False
0,0,37,EEG GRID 36-Ref,True,0.33399756469903946,0.07173390153026125,0.3289051333951276,0.05322231316420477,0.01965739302073709,1.4565777787338994,True,True,True,True,True,True,True,True,False
0,0,38,EEG GRID 37-Ref,False,0.3097095625845024,0.06171434343863622,0.30608704662624386,0.04639598872923323,0.004273384208953046,1.5332466031947805,True,True,True,True,True,True,True,True,False
0,0,39,EEG GRID 38-Ref,False,0.25593636271732545,0.06753020373771298,0.2508171969145237,0.05544347116139078,0.01793840921858209,1.6274663805400988,True,True,True,True,True,True,True,True,False
0,0,40,EEG GRID 39-Ref,True,0.33956982695336274,0.08936765031285349,0.3325151611865619,0.07673220717792259,0.005605581382483694,1.728949954548711,True,True,True,True,True,True,True,True,False
0,0,41,EEG GRID 40-Ref,False,0.35004987058704,0.07513785038825868,0.3472653026040208,0.0680358154436612,0.0047714859919437995,1.9093896803998447,True,True,True,True,True,True,True,True,False
0,0,42,EEG GRID 41-Ref,True,0.21069068660963639,0.08577930946267677,0.19017705070945565,0.059359242565170806,0.0066254846807033176,1.3885492267213508,True,True,True,True,True,True,True,True,False
0,0,43,EEG GRID 42-Ref,True,0.27424961510737766,0.057467351390731065,0.2657476173514847,0.02162556324274036,0.011392348526003222,1.1459684281280926,True,True,True,True,True,True,True,True,False
0,0,44,EEG GRID 43-Ref,True,0.30218415881398747,0.06180689313603895,0.29229267132800235,0.016197894578475907,0.0009941579146224993,1.1093297094890031,True,True,True,True,True,True,True,True,False
0,0,45,EEG GRID 44-Ref,True,0.3057890936010187,0.0589784096996341,0.29815369772985584,0.006475948274800061,0.004755240054842831,1.0083676901822163,True,True,True,True,True,True,True,True,False
0,0,46,EEG GRID 45-Ref,True,0.34641558132406414,0.05524460371108198,0.33916206886275985,0.030944664336572406,0.0043351319367488745,1.2908498182820045,True,True,True,True,True,True,True,True,False
0,0,47,EEG GRID 46-Ref,True,0.38668869288759783,0.07020086802744763,0.38068180535640467,0.05729280374893598,0.0023213851445855064,1.607614783375989,True,True,True,True,True,True,True,True,False
0,0,48,EEG GRID 47-Ref,True,0.3764609248220518,0.06111620154548353,0.37227649857107864,0.05245839395627022,0.0002923687517819726,1.6942005925076558,True,True,True,True,True,True,True,True,False
0,0,49,EEG GRID 48-Ref,False,0.31829551582703686,0.06828523144576686,0.31467296426481695,0.053073380150110344,0.0017606201725387366,1.4761107521755097,True,True,True,True,True,True,True,True,False
0,0,50,EEG GRID 49-Ref,True,0.26818550762777366,0.05838559541002995,0.25923362666499594,0.012681822791321752,0.010409706187449559,1.0510127198924941,True,True,True,True,True,True,True,True,False
0,0,51,EEG GRID 50-Ref,True,0.26221153242223566,0.05564497618373283,0.2572109551152571,0.03238058830895874,0.00019919180587702119,1.2510239452493106,True,True,True,True,True,True,True,True,False
0,0,52,EEG GRID 51-Ref,True,0.30967232265472605,0.060582608864315844,0.3055541814977727,0.0436052485373318,0.012256762077637382,1.4429672653761483,True,True,True,True,True,True,True,True,False
0,0,53,EEG GRID 52-Ref,True,0.2925210009600029,0.06596437820474302,0.2897135290386682,0.052301126574522024,0.00879037194524651,1.4843642338011371,True,True,True,True,True,True,True,True,False
0,0,54,EEG GRID 53-Ref,True,0.27983839210325046,0.05334554667118383,0.2700402342922347,0.00961296529963099,0.005915783380783416,1.0218483271358394,True,True,True,True,True,True,True,True,False
0,0,55,EEG GRID 54-Ref,True,0.370295113456055,0.05138116002340224,0.36332383919589295,0.03365892483933675,0.002959304382361763,1.3827115195721769,True,True,True,True,True,True,True,True,False
0,0,56,EEG GRID 55-Ref,True,0.3539542511570782,0.0549466323872773,0.3498545570836008,0.04331438251642834,0.0009691512490183777,1.58736411429522,True,True,True,True,True,True,True,True,False
0,0,57,EEG GRID 56-Ref,True,0.3124140126727388,0.05235839065913429,0.3080598070311199,0.007483514012480101,0.006308753976242636,1.029819618671133,True,True,True,True,True,True,True,True,False
0,0,58,EEG GRID 57-Ref,True,0.28729048329805124,0.07850446570515585,0.27911119257534756,0.035086261578554004,0.016820838108377666,1.1717680018549805,True,True,True,True,True,True,True,True,False
0,0,59,EEG GRID 58-Ref,True,0.29504919523350925,0.06377791125172823,0.2870095586625484,0.013895879582592096,0.004907100979525177,1.0378790713102948,True,True,True,True,True,True,True,True,False
0,0,60,EEG GRID 59-Ref,True,0.26538424485463047,0.06764534223329581,0.2561387299253263,0.03229743702873511,0.01784915498190768,1.153791315626114,True,True,True,True,True,True,True,True,False
0,0,61,EEG GRID 60-Ref,True,0.33963753602689184,0.06846535670848046,0.33582013099886243,0.05330815308385485,0.01790641356188425,1.4435280191775186,True,True,True,True,True,True,True,True,False
0,0,62,EEG GRID 61-Ref,False,0.28979674022686,0.0957467812186675,0.2852235078828693,0.08113378182898628,0.009475437892744508,1.6264339260138565,True,True,True,True,True,True,True,True,False
0,0,63,EEG GRID 62-Ref,True,0.29388581360869204,0.06261810676785637,0.28770249208372656,0.03844282670668468,0.01945808091611747,1.2500208653196896,True,True,True,True,True,True,True,True,False
0,0,64,EEG GRID 63-Ref,False,0.25273099305444696,0.051197350442324145,0.2490999167088099,0.03482380245948795,0.00298471625500373,1.3878251425343933,True,True,True,True,True,True,True,True,False
0,0,65,EEG GRID 64-Ref,True,0.281436759315977,0.046202805004009244,0.2788501879714965,0.03298288378787576,0.001637529934382589,1.3873783501645545,True,True,True,True,True,True,True,True,False
0,0,66,EEG LA 01-Ref,True,0.282877925020978,0.07770180946936486,0.262442566371636,0.04308519182365149,0.01554474685276343,1.2319773253021202,True,True,True,True,True,True,True,True,False
0,0,67,EEG LA 02-Ref,True,0.305785670995875,0.0935649690444622,0.28821674804673497,0.06868118220607705,0.0049412597708957135,1.453483546964954,True,True,True,True,True,True,True,True,False
0,0,68,EEG LA 03-Ref,True,0.3337892194532992,0.0777429713902082,0.32217442761798204,0.05441159181768516,0.005019718115379791,1.444305899886985,True,True,True,True,True,True,True,True,False
0,0,69,EEG LA 04-Ref,True,0.3259946428575343,0.07232978821356437,0.3125662036928854,0.03952249768616542,0.005589062410342951,1.2791279660712591,True,True,True,True,True,True,True,True,False
0,0,70,EEG LFP 01-Ref,True,0.3603194588302492,0.1425295944718643,0.3534982160426643,0.13723953558732738,0.00796021628522776,2.7603020817219166,True,True,True,True,True,True,False,False,False
0,0,71,EEG LFP 02-Ref,True,0.3719715301270047,0.12818513497743134,0.3622862605925505,0.11835232663719904,0.0020117023716688803,2.1796314318659546,True,True,True,True,True,True,False,False,False
0,0,72,EEG LFP 03-Ref,True,0.3344784439680324,0.10907082622813737,0.3264876902639302,0.1008257792843904,0.007075534469278269,2.292551079938651,True,True,True,True,True,True,False,False,False
0,0,73,EEG LFP 04-Ref,True,0.39275132237323057,0.1871936963560014,0.3833990974364947,0.17977900532175145,0.029122326159369598,2.8999283658791692,True,True,True,True,True,True,False,False,False
0,0,74,EEG LFP 05-Ref,True,0.40792455449496373,0.17397251091064736,0.40038573359415164,0.1661281468990798,0.0363525942492057,2.866816952410668,True,True,True,True,True,True,False,False,False
0,0,75,EEG LFP 06-Ref,True,0.3581731656414061,0.11529693434467281,0.3523398664874805,0.10611533339068996,0.020858115829551768,2.0414184900228523,True,True,True,True,True,True,False,False,False
0,0,76,EEG LH 01-Ref,True,0.34633431356504163,0.07702664552770708,0.3328749530037797,0.0552658991210093,0.015940891161179492,1.4477856210187088,True,True,True,True,True,True,True,True,False
0,0,77,EEG LH 02-Ref,True,0.3673502333069018,0.08113902968437312,0.35382970561843746,0.05998022971389501,0.01902878848225754,1.4736653792789176,True,True,True,True,True,True,True,True,False
0,0,78,EEG LH 03-Ref,True,0.3606433193511097,0.07005268308730629,0.3498329269551029,0.04954648995475413,0.0065696831350525965,1.4426764541573083,True,True,True,True,True,True,True,True,False
0,0,79,EEG LH 04-Ref,True,0.30429480482588306,0.06079077771432927,0.29131715486168297,0.031410733400958554,0.0068259440734705235,1.2149324152124275,True,True,True,True,True,True,True,True,False
0,0,80,EEG MST 03-Ref,True,0.31460614349150084,0.08946977759389597,0.31026337661512543,0.08115988052570564,0.009028444329450469,1.7936843534301792,True,True,True,True,True,True,True,True,False
0,0,81,EEG MST 04-Ref,False,0.22449149530456294,0.0669428357404298,0.2197940615308357,0.05331632942578463,0.005818023849223797,1.5177503913398651,True,True,True,True,True,True,True,True,False
0,0,82,EEG OF 01-Ref,True,0.3984264593689118,0.1962360994288748,0.3942252523231081,0.19105716184698832,0.03729720072032684,3.1959671485618313,True,True,True,True,True,True,False,False,False
0,0,83,EEG OF 02-Ref,True,0.42304764968330894,0.21127917975992971,0.4188870573271844,0.20632353070309567,0.039853042231160124,3.431789289245283,True,True,True,True,True,True,False,False,False
0,0,84,EEG OF 03-Ref,True,0.42884823923036897,0.2117819757733886,0.42469583525476867,0.2065695736605057,0.03910778536074943,3.373371300179401,True,True,True,True,True,True,False,False,False
0,0,85,EEG OF 04-Ref,True,0.41790097449185615,0.19499726900834302,0.4138926876439629,0.18906632239875568,0.03588233455948015,3.129990355422812,True,True,True,True,True,True,False,False,False
0,0,86,EEG OF 05-Ref,True,0.37826504488632423,0.1509637671740743,0.37383437282946175,0.14324243252431318,0.025817837634419905,2.467539823843787,True,True,True,True,True,True,False,False,False
0,0,87,EEG OF 06-Ref,True,0.36227338368459916,0.14332591895032257,0.3559091225984633,0.13024561105925272,0.003021506074264199,1.9674484168829252,True,True,True,True,True,True,True,True,False
0,0,88,EEG OF 07-Ref,True,0.34880820779340466,0.11023342317590162,0.3440748235519769,0.09681982745022187,0.003242322128367881,1.8717272123209123,True,True,True,True,True,True,True,True,False
0,0,89,EEG OF 08-Ref,True,0.35276647749197876,0.12266976572592105,0.3476950494507956,0.10885458215923087,0.04423904367301905,1.9477505779911037,True,True,True,True,True,True,True,True,False
0,0,90,EEG PPO 03-Ref,False,0.14252573794758094,0.06554030178737318,0.11544758223401705,0.023207368649346166,0.0137470903961382,1.0921480495865585,True,True,True,True,True,True,True,True,False
0,0,91,EEG PPO 04-Ref,True,0.2975157987752872,0.06574117014121067,0.29080007390213586,0.04435804046222813,0.007558525585107582,1.3349270365764723,True,True,True,True,True,True,True,True,False
0,0,92,EEG PPO 05-Ref,False,0.3016204095496029,0.09480727890586119,0.29544396798879036,0.08288223944638384,0.0006359741761611619,1.6107368219443492,True,True,True,True,True,True,True,True,False
0,0,93,EEG PPO 06-Ref,False,0.23521021934260672,0.09249994669944515,0.23028205995872933,0.0858260522820487,0.0006550174466305274,2.0009016398310497,True,True,True,True,True,True,False,False,False
0,0,94,EEG PST 03-Ref,False,0.3483648139973593,0.09367480727681939,0.34503586498119077,0.08653221251919442,0.008459981715153424,1.9530662615496168,True,True,True,True,True,True,True,True,False
0,0,95,EEG PST 04-Ref,False,0.3303513314133825,0.08357782787686663,0.3271434319259164,0.07418827152861725,0.0076465430793286665,1.7615039449690788,True,True,True,True,True,True,True,True,False
0,1,0,EEG AST 01-Ref,True,0.3414096028830718,0.06539052944922906,0.3374723936269459,0.05838667153223419,0.0010831060278704407,1.8211816204794233,True,True,True,True,True,True,True,True,False
0,1,1,EEG AST 02-Ref,True,0.38666312885956,0.06316381149418476,0.3823556587878804,0.05452746751900299,0.0042933774675215025,1.78612478610226,True,True,True,True,True,True,True,True,False
0,1,2,EEG AST 03-Ref,True,0.3815228605772146,0.03336301299442665,0.37692438352840785,0.018846338071475177,0.004016117391521676,1.2738566210093043,True,True,True,True,True,True,True,True,False
0,1,3,EEG AST 04-Ref,True,0.33237022795047994,0.049787768456326126,0.3271528031568613,0.03127088810985693,0.014538970038261214,1.304332137554211,True,True,True,True,True,True,True,True,False
0,1,4,EEG GRID 01-Ref,False,0.21054962250780282,0.0658572297075213,0.20670775492550958,0.05699824548627509,0.004991475328955834,1.648841202533609,True,True,True,True,True,True,True,True,False
0,1,5,EEG GRID 02-Ref,True,0.3144797301909104,0.10147559154403321,0.31081791664676806,0.0918390975832615,0.019922218099535975,2.060690726194162,True,True,True,True,True,True,False,False,False
0,1,6,EEG GRID 03-Ref,True,0.3423254647066232,0.12078888208139546,0.33840007034153397,0.11191500712108991,0.016677173598625486,2.127175679792839,True,True,True,True,True,True,False,False,False
0,1,7,EEG GRID 04-Ref,True,0.2989617535017384,0.07399476843973642,0.29506664522272286,0.0614455412159918,0.003808386977352074,1.7613582883074341,True,True,True,True,True,True,True,True,False
0,1,8,EEG GRID 05-Ref,True,0.36490287204539273,0.06588178341338463,0.36181263792568624,0.05585641960436513,0.0010344338934941376,1.7269148624947512,True,True,True,True,True,True,True,True,False
0,1,9,EEG GRID 06-Ref,False,0.26943143724072843,0.07709781185866903,0.26435630852108233,0.06201277051131418,0.0008221021756114946,1.5133223388980714,True,True,True,True,True,True,True,True,False
0,1,10,EEG GRID 07-Ref,True,0.32973861631566204,0.08097803378425297,0.32561123298496664,0.07115620417119073,0.015716271065471927,1.6876422966135816,True,True,True,True,True,True,True,True,False
0,1,11,EEG GRID 08-Ref,False,0.32089727849897726,0.1167864475707338,0.3160443764693966,0.10424503901840278,0.0004700193024842445,1.629561820617797,True,True,True,True,True,True,True,True,False
0,1,12,EEG GRID 09-Ref,True,0.3246159563359709,0.08740305899511555,0.32002376257914783,0.07126828297546124,0.02196722354063199,1.6406400866763626,True,True,True,True,True,True,True,True,False
0,1,13,EEG GRID 10-Ref,True,0.3216662709113669,0.08611931857392975,0.3174184707185081,0.07447233407917814,0.0056378590961124716,1.7761597112628775,True,True,True,True,True,True,True,True,False
0,1,14,EEG GRID 11-Ref,True,0.2900276117498983,0.09809991425692281,0.2826007417484172,0.0838976886063571,0.021115284517665634,1.7605488216589797,True,True,True,True,True,True,True,True,False
0,1,15,EEG GRID 12-Ref,True,0.36539080184422135,0.10327154478389243,0.36046070879184,0.09232013172855888,0.0033192246183796096,1.971386991867842,True,True,True,True,True,True,True,True,False
0,1,16,EEG GRID 13-Ref,True,0.3409797166915725,0.07275780244747808,0.3379996038594606,0.06345764138035272,0.008611512377821371,1.7170901133914718,True,True,True,True,True,True,True,True,False
0,1,17,EEG GRID 14-Ref,True,0.3224622198389614,0.08086230106161506,0.3170627100628558,0.06800002858040473,0.021267613062792696,1.6091666833379477,True,True,True,True,True,True,True,True,False
0,1,18,EEG GRID 15-Ref,True,0.3193840271474197,0.08047275296217288,0.3146346596476228,0.06757015684899101,0.008225405803658449,1.5605401338479055,True,True,True,True,True,True,True,True,False
0,1,19,EEG GRID 16-Ref,False,0.26973787424748025,0.10379990020015199,0.2632267353645526,0.08766358564230217,0.0016962880953636452,1.4173007063182075,True,True,True,True,True,True,True,True,False
0,1,20,EEG GRID 17-Ref,True,0.2975199697223342,0.06216127741827174,0.292109192962474,0.0352259193975072,0.010308504132614638,1.2532429906951397,True,True,True,True,True,True,True,True,False
0,1,21,EEG GRID 18-Ref,True,0.3324743530309694,0.05770772994308842,0.3273233297511013,0.033023427064643465,0.0033023535896294564,1.310820368263769,True,True,True,True,True,True,True,True,False
0,1,22,EEG GRID 19-Ref,False,0.2790123583452947,0.05472643505158072,0.27490312421799934,0.04247399329857563,0.003040640839801965,1.4649989307783071,True,True,True,True,True,True,True,True,False
0,1,23,EEG GRID 21-Ref,True,0.2841758632288589,0.10202882142620745,0.2779483824048851,0.08932862420816876,0.008685739178532445,1.6836641767859206,True,True,True,True,True,True,True,True,False
0,1,24,EEG GRID 22-Ref,False,0.21079047047568558,0.06377273164897451,0.20528446017016644,0.046386465721795576,0.01294976273299487,1.41274069077414,True,True,True,True,True,True,True,True,False
0,1,25,EEG GRID 23-Ref,True,0.31168813868572304,0.07268710886783193,0.30733608564323106,0.056267973689540694,0.006214197227452052,1.4432787282243351,True,True,True,True,True,True,True,True,False
0,1,26,EEG GRID 24-Ref,True,0.2672676656141775,0.06265127103256336,0.2605033692856922,0.025174307051992275,0.0021104552621500905,1.0564176099194138,True,True,True,True,True,True,True,True,False
0,1,27,EEG GRID 25-Ref,False,0.23505633046209418,0.0823009980392471,0.2259200504053118,0.05683296325076101,0.005350869963513352,1.3598617931933734,True,True,True,True,True,True,True,True,False
0,1,28,EEG GRID 26-Ref,True,0.2592609573734388,0.0800082888025808,0.24993276059096453,0.050475742901512355,0.0019170377106550274,1.2727129657949656,True,True,True,True,True,True,True,True,False
0,1,29,EEG GRID 27-Ref,True,0.2664613344762779,0.0786756160065297,0.2577412786498453,0.05846093468882208,0.003480904444494685,1.2742023828612192,True,True,True,True,True,True,True,True,False
0,1,30,EEG GRID 28-Ref,False,0.26702759731328696,0.10159977438393859,0.2626127408303816,0.09455836129383187,0.010267702301481841,1.9401409169313477,True,True,True,True,True,True,True,True,False
0,1,31,EEG GRID 29-Ref,True,0.3394607642645283,0.0633423053178478,0.33580488359157623,0.04384174347422901,0.006921216623913154,1.5068842283810469,True,True,True,True,True,True,True,True,False
0,1,32,EEG GRID 30-Ref,True,0.3152150813060645,0.06425587502862917,0.3113267425074294,0.05003036545595115,0.005117668083192273,1.6264572484486912,True,True,True,True,True,True,True,True,False
0,1,33,EEG GRID 31-Ref,True,0.32959721228295275,0.08929582253322808,0.32220230433329194,0.07477331138174806,0.009140301706489867,1.611898270086496,True,True,True,True,True,True,True,True,False
0,1,34,EEG GRID 32-Ref,True,0.3327130113408123,0.05480780002695389,0.32950804161706154,0.04407078386358655,0.0014703988519612966,1.4355387726429005,True,True,True,True,True,True,True,True,False
0,1,35,EEG GRID 33-Ref,True,0.21440167889159373,0.07382877958022488,0.19701272022483815,0.022052470277769635,0.004114549951891513,1.1292901744027282,True,True,True,True,True,True,True,True,False
0,1,36,EEG GRID 35-Ref,True,0.3066505548200313,0.06411136265755342,0.30081037362630636,0.040375819234579134,0.018541042435733797,1.3115290319531863,True,True,True,True,True,True,True,True,False
0,1,37,EEG GRID 36-Ref,True,0.32042688617042453,0.07136401456850325,0.3150127346760477,0.05248499022713456,0.019349766663823806,1.4413846426956176,True,True,True,True,True,True,True,True,False
0,1,38,EEG GRID 37-Ref,False,0.29224871680813813,0.059230126870820035,0.28856999070412687,0.04446813722792053,0.0046062749492406215,1.5064966527314583,True,True,True,True,True,True,True,True,False
0,1,39,EEG GRID 38-Ref,False,0.2435211050596447,0.06864834401549336,0.2383391141821377,0.05669799322201457,0.018132100404077527,1.6344365451365623,True,True,True,True,True,True,True,True,False
0,1,40,EEG GRID 39-Ref,True,0.3308088159185578,0.0924798629420392,0.32341966916934617,0.0801328940434628,0.005603809697776163,1.7714940717644192,True,True,True,True,True,True,True,True,False
0,1,41,EEG GRID 40-Ref,False,0.32592528990990643,0.07090271131841816,0.3232637712135189,0.0634803412368755,0.004489950225342051,1.8439326996855923,True,True,True,True,True,True,True,True,False
0,1,42,EEG GRID 41-Ref,True,0.22184894129942434,0.08648815934744535,0.2001663251545771,0.06076974279926165,0.007039379809981422,1.4068838987756962,True,True,True,True,True,True,True,True,False
0,1,43,EEG GRID 42-Ref,True,0.30524962173243386,0.054236820476146856,0.2976654882311481,0.017116349807989373,0.011922919523989087,1.1025422774669205,True,True,True,True,True,True,True,True,False
0,1,44,EEG GRID 43-Ref,True,0.3257466049697478,0.05945545885843127,0.31668478794648475,0.013834614598767076,0.0013896205508643418,1.0870379808553126,True,True,True,True,True,True,True,True,False
0,1,45,EEG GRID 44-Ref,True,0.3252066252927852,0.056999924786534435,0.3179773264637545,0.008066313637327942,0.004447955934480416,1.005283639781364,True,True,True,True,True,True,True,True,False
0,1,46,EEG GRID 45-Ref,True,0.35014014543267735,0.0592838448284827,0.34285898010956223,0.03899306284823823,0.004599293459025975,1.3661868654616882,True,True,True,True,True,True,True,True,False
0,1,47,EEG GRID 46-Ref,True,0.3645983952532464,0.06600260732992907,0.3581357600973194,0.051951656394253545,0.0022095760009025246,1.5611918542594323,True,True,True,True,True,True,True,True,False
0,1,48,EEG GRID 47-Ref,True,0.3461061906519667,0.05433208203006542,0.3417604784690542,0.04403130951687736,2.5982628446900154e-05,1.6031019361346739,True,True,True,True,True,True,True,True,False
0,1,49,EEG GRID 48-Ref,False,0.3096932457363913,0.0697606752082798,0.30554968216525064,0.05595168560546205,0.0014259679354670788,1.5042352511091261,True,True,True,True,True,True,True,True,False
0,1,50,EEG GRID 49-Ref,True,0.27977591529155865,0.05787236287910278,0.2705834284473315,0.014047441872696265,0.01074794447011259,1.0711859003471003,True,True,True,True,True,True,True,True,False
0,1,51,EEG GRID 50-Ref,True,0.2716910244070456,0.0553333240377039,0.26619009080620426,0.030902954277227977,0.0006434042593194616,1.2441922055301993,True,True,True,True,True,True,True,True,False
0,1,52,EEG GRID 51-Ref,True,0.309069845156179,0.05728615325420647,0.3040544529268944,0.04032683705783581,0.012184325420567419,1.3983168368042596,True,True,True,True,True,True,True,True,False
0,1,53,EEG GRID 52-Ref,True,0.2843600365891689,0.06348733019486612,0.2809301928479833,0.05110501618989636,0.008627480921717551,1.459253116785785,True,True,True,True,True,True,True,True,False
0,1,54,EEG GRID 53-Ref,True,0.3066090946569689,0.054453266217714756,0.2959198095681488,0.013692290779959034,0.0060450515082606454,1.0694470075062004,True,True,True,True,True,True,True,True,False
0,1,55,EEG GRID 54-Ref,True,0.3602394288902471,0.053626379329675164,0.3531336605699702,0.03648432951902033,0.0029439227750836265,1.4043892376516691,True,True,True,True,True,True,True,True,False
0,1,56,EEG GRID 55-Ref,True,0.3221978282017128,0.05118918129569255,0.31758118018357523,0.03835695816086833,0.0013695513342566834,1.5142358698321345,True,True,True,True,True,True,True,True,False
0,1,57,EEG GRID 56-Ref,True,0.2985968428901271,0.05386594987754382,0.2930704800265471,0.008493761208063236,0.005826266917044399,1.0157078001012203,True,True,True,True,True,True,True,True,False
0,1,58,EEG GRID 57-Ref,True,0.3030289751529809,0.07734511678390267,0.29473149791584713,0.03648481268254616,0.0171386436401329,1.1694542750447916,True,True,True,True,True,True,True,True,False
0,1,59,EEG GRID 58-Ref,True,0.29875377197792224,0.06279649109569177,0.2896604653014837,0.013997664943960026,0.0052683302863748855,1.045864952140364,True,True,True,True,True,True,True,True,False
0,1,60,EEG GRID 59-Ref,True,0.2660139893915938,0.0658208336217835,0.2558617931605683,0.02848987056750336,0.01776463757115961,1.115798454915359,True,True,True,True,True,True,True,True,False
0,1,61,EEG GRID 60-Ref,True,0.3429368843986279,0.06955766252155965,0.3385664288279442,0.05303173539702844,0.01810472604618489,1.4304704350383841,True,True,True,True,True,True,True,True,False
0,1,62,EEG GRID 61-Ref,False,0.2907665578229889,0.096562058838482,0.2861944683141497,0.0812334897884394,0.00975982219077831,1.6012290784487724,True,True,True,True,True,True,True,True,False
0,1,63,EEG GRID 62-Ref,True,0.3064943065857099,0.06681392423513123,0.30062516098896575,0.041653564332571315,0.01979509926942157,1.2637583456237313,True,True,True,True,True,True,True,True,False
0,1,64,EEG GRID 63-Ref,False,0.2590666868928972,0.05485604113388113,0.2550331808879188,0.0384401959107125,0.0029241116260925928,1.4310111585943806,True,True,True,True,True,True,True,True,False
0,1,65,EEG GRID 64-Ref,True,0.26159560513124536,0.04430287041840411,0.25854968210275087,0.029568261589991568,0.0019317927187274119,1.338650943516328,True,True,True,True,True,True,True,True,False
0,1,66,EEG LA 01-Ref,True,0.306505061506146,0.0738166435849506,0.2888814002449419,0.03496290330903708,0.015474141400514894,1.1791218721262686,True,True,True,True,True,True,True,True,False
0,1,67,EEG LA 02-Ref,True,0.3349182824076551,0.08869827166841888,0.3195007592202778,0.061243414316241314,0.004876913262913464,1.4116907408524426,True,True,True,True,True,True,True,True,False
0,1,68,EEG LA 03-Ref,True,0.3569698735074365,0.07777113119606689,0.3461860363939158,0.05492210903384554,0.004876560245766961,1.443991716947719,True,True,True,True,True,True,True,True,False
0,1,69,EEG LA 04-Ref,True,0.35057422009157374,0.07288708322063835,0.3384828518416377,0.04136802329285121,0.005883788712818898,1.2879193799828084,True,True,True,True,True,True,True,True,False
0,1,70,EEG LFP 01-Ref,True,0.3767675926514837,0.14411309377917997,0.3694428829808217,0.13905590439451132,0.007562104112620801,2.7697941186287145,True,True,True,True,True,True,False,False,False
0,1,71,EEG LFP 02-Ref,True,0.390628121813024,0.12890985969629465,0.3813735115033515,0.11938702495503575,0.0015705336005388641,2.1800012406564986,True,True,True,True,True,True,False,False,False
0,1,72,EEG LFP 03-Ref,True,0.3476275634184233,0.10523167815290457,0.34050838402535955,0.09762985895902158,0.007532628109197749,2.228703046872667,True,True,True,True,True,True,False,False,False
0,1,73,EEG LFP 04-Ref,True,0.3974198512266781,0.18310580326278955,0.3882311888905293,0.17637888073353142,0.029602764027801383,2.8470195972165486,True,True,True,True,True,True,False,False,False
0,1,74,EEG LFP 05-Ref,True,0.410686413905013,0.16879824786161904,0.40303634893393336,0.16166630085219702,0.03674724739044143,2.82746620419561,True,True,True,True,True,True,False,False,False
0,1,75,EEG LFP 06-Ref,True,0.3510970951746647,0.1124023030957856,0.3446759146581251,0.10415600352302658,0.020994307449772088,2.0446918966013987,True,True,True,True,True,True,False,False,False
0,1,76,EEG LH 01-Ref,True,0.3803866598487688,0.07205949273204068,0.368667869211051,0.048056339856028245,0.015955699823173988,1.3896202213680697,True,True,True,True,True,True,True,True,False
0,1,77,EEG LH 02-Ref,True,0.40669777268927015,0.07860442585212138,0.3942438263756375,0.05697924945291704,0.019145058790094507,1.4486142700989053,True,True,True,True,True,True,True,True,False
0,1,78,EEG LH 03-Ref,True,0.3932836619270706,0.07021522951182275,0.3837944862068267,0.0504754177308604,0.0068213297886567555,1.4521872067831116,True,True,True,True,True,True,True,True,False
0,1,79,EEG LH 04-Ref,True,0.3214180614542624,0.05897046176249782,0.30985447779935404,0.02904646078639501,0.007100258722947275,1.202598022332186,True,True,True,True,True,True,True,True,False
0,1,80,EEG MST 03-Ref,True,0.32802919111077516,0.08909762893986822,0.32368111845682795,0.08118880411925757,0.009271273799027847,1.7832772665574372,True,True,True,True,True,True,True,True,False
0,1,81,EEG MST 04-Ref,False,0.23244882118587323,0.06931923765409032,0.2273412071391223,0.05726729648485633,0.005976796025615442,1.5393986444172574,True,True,True,True,True,True,True,True,False
0,1,82,EEG OF 01-Ref,True,0.4099489057915636,0.20432153515601112,0.4055780271967365,0.19905892097036898,0.037695264582923174,3.2747677705590013,True,True,True,True,True,True,False,False,False
0,1,83,EEG OF 02-Ref,True,0.43222270733879375,0.2184474161072555,0.4275773471942681,0.21312754057856903,0.0403048121719581,3.4968878028966373,True,True,True,True,True,True,False,False,False
0,1,84,EEG OF 03-Ref,True,0.43317868386298997,0.21731039289641643,0.42851808152141196,0.21177095921283803,0.039594238511744144,3.4214897458753217,True,True,True,True,True,True,False,False,False
0,1,85,EEG OF 04-Ref,True,0.41436522961782013,0.19888204154769096,0.40959947318954915,0.19285702398320795,0.0364401495562227,3.1628739878878447,True,True,True,True,True,True,False,False,False
0,1,86,EEG OF 05-Ref,True,0.3650727116798149,0.15075901480278936,0.3594046475744625,0.1434150490216056,0.026442531818989937,2.4776525016492883,True,True,True,True,True,True,False,False,False
0,1,87,EEG OF 06-Ref,True,0.34036121447946127,0.1413271498894688,0.33238141959621165,0.12752257669983613,0.0036386257741369402,1.9586848067846203,True,True,True,True,True,True,True,True,False
0,1,88,EEG OF 07-Ref,True,0.3240636014859723,0.1100598093688705,0.3185308374472723,0.09550361155558279,0.0037104623605679933,1.8680775493018937,True,True,True,True,True,True,True,True,False
0,1,89,EEG OF 08-Ref,True,0.3364871859167358,0.12654204697658292,0.33133652815807163,0.11273486455114198,0.043804420157652915,1.9756885939998812,True,True,True,True,True,True,True,True,False
0,1,90,EEG PPO 03-Ref,False,0.14346960369226633,0.06791493569296798,0.11823866584080839,0.019872792382661413,0.014014815919656167,1.0582971235619238,True,True,True,True,True,True,True,True,False
0,1,91,EEG PPO 04-Ref,True,0.2985831520231422,0.07029960459846113,0.29290293112542964,0.05135776910989592,0.006801366553162854,1.3935105204261966,True,True,True,True,True,True,True,True,False
0,1,92,EEG PPO 05-Ref,False,0.3017137836751022,0.099244173027891,0.29626057425127295,0.08890145980186304,0.0011625008165821013,1.6457438760464393,True,True,True,True,True,True,True,True,False
0,1,93,EEG PPO 06-Ref,False,0.23161762847913078,0.09610679950771235,0.2270565518721107,0.09040420112775793,0.00020700786486933895,2.040189451008297,True,True,True,True,True,True,False,False,False
0,1,94,EEG PST 03-Ref,False,0.360362540720876,0.09124665122908168,0.356686327318284,0.08371012977139791,0.008547318199616821,1.9250923780679625,True,True,True,True,True,True,True,True,False
0,1,95,EEG PST 04-Ref,False,0.34305162141637097,0.08250666116339797,0.33957434165956774,0.07279951796084226,0.007714400690143699,1.7462293002779512,True,True,True,True,True,True,True,True,False
0,2,0,EEG AST 01-Ref,True,0.33578342104561654,0.07094312493450038,0.3325675644587946,0.06460422752981877,0.001260277610008573,1.9214146272019084,True,True,True,True,True,True,True,True,False
0,2,1,EEG AST 02-Ref,True,0.36376155860732623,0.06765246166726392,0.359400768664034,0.059687605389086296,0.004598143280092028,1.8654538648968617,True,True,True,True,True,True,True,True,False
0,2,2,EEG AST 03-Ref,True,0.3727915742117971,0.03249048774276171,0.368273356687533,0.016161814334951678,0.0046148121079575555,1.2287958407441804,True,True,True,True,True,True,True,True,False
0,2,3,EEG AST 04-Ref,True,0.32898685868070093,0.045755693950864325,0.32420759991663006,0.02561236242404842,0.014727381525630455,1.2395945366212777,True,True,True,True,True,True,True,True,False
0,2,4,EEG GRID 01-Ref,False,0.21356067075371227,0.06715066010524269,0.20976664412858365,0.059035819321357375,0.004805057393612772,1.6464255305089928,True,True,True,True,True,True,True,True,False
0,2,5,EEG GRID 02-Ref,True,0.3213804261223903,0.1077575558310945,0.31733360446963865,0.09834869180442908,0.020539863112477234,2.131830234604848,True,True,True,True,True,True,False,False,False
0,2,6,EEG GRID 03-Ref,True,0.3088330983387372,0.12429183782350363,0.303868624404446,0.11646517805807463,0.017234205596799584,2.150773031569415,True,True,True,True,True,True,False,False,False
0,2,7,EEG GRID 04-Ref,True,0.2676837362919147,0.07353289423875851,0.2633561795194273,0.06174957489100091,0.003602530582550211,1.762458331574754,True,True,True,True,True,True,True,True,False
0,2,8,EEG GRID 05-Ref,True,0.3246072317078878,0.06330943686991333,0.3214770108329644,0.053185849588157134,0.0009905781013011252,1.6975424180330663,True,True,True,True,True,True,True,True,False
0,2,9,EEG GRID 06-Ref,False,0.2534620266391226,0.07601973799888642,0.24854195758690067,0.0625456237933477,0.0006366015706603805,1.5016213029138095,True,True,True,True,True,True,True,True,False
0,2,10,EEG GRID 07-Ref,True,0.3203503068979994,0.07569439665023565,0.316872094655593,0.06550630460279763,0.016258812766413104,1.6405172399716383,True,True,True,True,True,True,True,True,False
0,2,11,EEG GRID 08-Ref,False,0.3187087406251714,0.11474182494695202,0.31411421645188686,0.10247415699948559,4.803880958867803e-05,1.616517439908374,True,True,True,True,True,True,True,True,False
0,2,12,EEG GRID 09-Ref,True,0.3339829560980983,0.09544083756571439,0.3288085770387455,0.0797741335754865,0.022384406204564344,1.7102789726430017,True,True,True,True,True,True,True,True,False
0,2,13,EEG GRID 10-Ref,True,0.3232506318324438,0.08798282467958603,0.31877668199119336,0.07620667660141899,0.005036133640388771,1.7943615955825067,True,True,True,True,True,True,True,True,False
0,2,14,EEG GRID 11-Ref,True,0.277191035527161,0.10191105024511321,0.2708158437781465,0.0881973363496954,0.020662483568787072,1.7785231278618132,True,True,True,True,True,True,True,True,False
0,2,15,EEG GRID 12-Ref,True,0.3277564011924312,0.10194716487888002,0.32240749764362936,0.09156994653495855,0.003790785848374995,1.9529026663176858,True,True,True,True,True,True,True,True,False
0,2,16,EEG GRID 13-Ref,True,0.30714370116449397,0.07293681756837858,0.304210963945015,0.06400634566187685,0.008611351626391442,1.7319094890900553,True,True,True,True,True,True,True,True,False
0,2,17,EEG GRID 14-Ref,True,0.3098136534889567,0.08520378138689937,0.30378574577346906,0.07340018892851709,0.02122656957810095,1.659114826609062,True,True,True,True,True,True,True,True,False
0,2,18,EEG GRID 15-Ref,True,0.35602583212495553,0.08774675788982161,0.351658058061346,0.07618157856085118,0.008327300637871021,1.632443631569668,True,True,True,True,True,True,True,True,False
0,2,19,EEG GRID 16-Ref,False,0.29386718718710847,0.1095232811543259,0.2873539611251135,0.09411877554273163,0.0014246558198096537,1.478904859376927,True,True,True,True,True,True,True,True,False
0,2,20,EEG GRID 17-Ref,True,0.29256056968032956,0.06660773553712793,0.2864232371475537,0.03850485511222073,0.01058975769313543,1.274701248225181,True,True,True,True,True,True,True,True,False
0,2,21,EEG GRID 18-Ref,True,0.32349141831410433,0.055897986362198344,0.31942223439472067,0.03231943406384321,0.003678970943132018,1.2857610775374206,True,True,True,True,True,True,True,True,False
0,2,22,EEG GRID 19-Ref,False,0.2675992973494875,0.0519789905852236,0.26342182694005956,0.03920319573869405,0.0031294812397109897,1.4323574189123887,True,True,True,True,True,True,True,True,False
0,2,23,EEG GRID 21-Ref,True,0.27646242123731957,0.10815771134939467,0.270667963672709,0.096276331927845,0.008616297964658707,1.7432557593726983,True,True,True,True,True,True,True,True,False
0,2,24,EEG GRID 22-Ref,False,0.22984722160347126,0.06889149863964608,0.22477645881973474,0.05430376559140585,0.012841264932581219,1.475100193796062,True,True,True,True,True,True,True,True,False
0,2,25,EEG GRID 23-Ref,True,0.3120351299257458,0.07592159446266444,0.30709884388425246,0.05898450604027469,0.005832136366987924,1.4663748751692387,True,True,True,True,True,True,True,True,False
0,2,26,EEG GRID 24-Ref,True,0.26841607317513594,0.06276936588915841,0.26191385270920675,0.029239675611808232,0.002806864702962789,1.0726739324985635,True,True,True,True,True,True,True,True,False
0,2,27,EEG GRID 25-Ref,False,0.2289499627080849,0.08238371882186232,0.22036524315516065,0.059928599756748156,0.005719728686318805,1.3708635384492212,True,True,True,True,True,True,True,True,False
0,2,28,EEG GRID 26-Ref,True,0.25774585760349544,0.07588725515728031,0.24957430924155247,0.04801178309538987,0.001537460502423543,1.2408831736703894,True,True,True,True,True,True,True,True,False
0,2,29,EEG GRID 27-Ref,True,0.26166613706283365,0.07648654486267273,0.2535553978846506,0.05598568085630285,0.003820172562262725,1.2680107025378804,True,True,True,True,True,True,True,True,False
0,2,30,EEG GRID 28-Ref,False,0.25822676341456813,0.1018675481919279,0.2533992588475289,0.09460322827208988,0.010392341389544943,1.9583568071732698,True,True,True,True,True,True,True,True,False
0,2,31,EEG GRID 29-Ref,True,0.34615038154438,0.06123707912326826,0.3425585065449801,0.04196715188571802,0.006902113281785642,1.4874236083708667,True,True,True,True,True,True,True,True,False
0,2,32,EEG GRID 30-Ref,True,0.31972392113242887,0.06022635905720378,0.3155384838140366,0.04616873661515673,0.005579691437592899,1.5692402761166726,True,True,True,True,True,True,True,True,False
0,2,33,EEG GRID 31-Ref,True,0.32841581176901047,0.08508638828776403,0.3193908742478862,0.07096988228833245,0.009721837245262231,1.5913142134956655,True,True,True,True,True,True,True,True,False
0,2,34,EEG GRID 32-Ref,True,0.33890130721792805,0.055199942437358714,0.3359704042085161,0.044598982366218544,0.0019370110147883604,1.444578907607123,True,True,True,True,True,True,True,True,False
0,2,35,EEG GRID 33-Ref,True,0.21371247660854,0.07292887796533433,0.20024143868047373,0.024637865837957816,0.003549219644556219,1.147247942757788,True,True,True,True,True,True,True,True,False
0,2,36,EEG GRID 35-Ref,True,0.3037292703789728,0.06006171089892811,0.29860055389682966,0.033069902029708005,0.0191061513729891,1.2572823289478758,True,True,True,True,True,True,True,True,False
0,2,37,EEG GRID 36-Ref,True,0.3235439573791879,0.06678175832583644,0.31863848938327216,0.04639274500868389,0.019757360868931394,1.394496617426105,True,True,True,True,True,True,True,True,False
0,2,38,EEG GRID 37-Ref,False,0.31040550973035513,0.063064993846776,0.3070096260518833,0.0501013776455793,0.0047219531854295884,1.5661280095342975,True,True,True,True,True,True,True,True,False
0,2,39,EEG GRID 38-Ref,False,0.27336408736066725,0.0682012478163864,0.26846636674093693,0.05637241899023025,0.018263214243976512,1.6212954616328028,True,True,True,True,True,True,True,True,False
0,2,40,EEG GRID 39-Ref,True,0.34651871969290965,0.08951786895161891,0.3384082543141716,0.07715572765756151,0.005471151223506457,1.7396964618246815,True,True,True,True,True,True,True,True,False
0,2,41,EEG GRID 40-Ref,False,0.34387473557281323,0.07251143298240292,0.34107163155111303,0.06558944774008751,0.004645348742828397,1.875481839755832,True,True,True,True,True,True,True,True,False
0,2,42,EEG GRID 41-Ref,True,0.20929685007301999,0.08531424471308087,0.18880555580890973,0.061131171431442345,0.006792254093990365,1.4102819502728197,True,True,True,True,True,True,True,True,False
0,2,43,EEG GRID 42-Ref,True,0.3162068817267377,0.05398780970873575,0.3099916791137489,0.01847199497326174,0.011295453933294097,1.1110231098005205,True,True,True,True,True,True,True,True,False
0,2,44,EEG GRID 43-Ref,True,0.3230783982449144,0.05797210951337879,0.31382796112679706,0.00883456753768143,0.0008690548784481011,1.0627026535357575,True,True,True,True,True,True,True,True,False
0,2,45,EEG GRID 44-Ref,True,0.32524988803959237,0.056461201437529945,0.31693457314480633,0.006866918456749605,0.004822193915660592,1.0377679238753932,True,True,True,True,True,True,True,True,False
0,2,46,EEG GRID 45-Ref,True,0.3658228166207984,0.05256490744030213,0.3578588345014283,0.028234004990839348,0.00444323162856305,1.2704779041071206,True,True,True,True,True,True,True,True,False
0,2,47,EEG GRID 46-Ref,True,0.38666073407441254,0.06503725086071623,0.3800912688646919,0.05115546942373441,0.002376449120824861,1.5279451511023505,True,True,True,True,True,True,True,True,False
0,2,48,EEG GRID 47-Ref,True,0.3736728398430545,0.05656151825067961,0.3692424810097897,0.046511078416278724,2.16146507009609e-05,1.6054834155873154,True,True,True,True,True,True,True,True,False
0,2,49,EEG GRID 48-Ref,False,0.3293556148506179,0.07118243233010273,0.3259400756455039,0.05831030342275453,0.0012986030263169213,1.528005717266863,True,True,True,True,True,True,True,True,False
0,2,50,EEG GRID 49-Ref,True,0.2538258913504081,0.056780288567535774,0.24539920273590907,0.011665060763817852,0.010622481669304124,1.0284001528101896,True,True,True,True,True,True,True,True,False
0,2,51,EEG GRID 50-Ref,True,0.25727531473685084,0.053746362734394884,0.2523801094313619,0.03404159170908348,0.00017321663796485327,1.2595182558780653,True,True,True,True,True,True,True,True,False
0,2,52,EEG GRID 51-Ref,True,0.315946406002095,0.059680299261022356,0.3119617242950753,0.04398237412785669,0.01267258815373481,1.4416746243847265,True,True,True,True,True,True,True,True,False
0,2,53,EEG GRID 52-Ref,True,0.2970526330498464,0.06486195244366992,0.2941319603324271,0.052910976164469235,0.009188468058952407,1.4777139495767226,True,True,True,True,True,True,True,True,False
0,2,54,EEG GRID 53-Ref,True,0.31378274173229026,0.050459463115222654,0.3055856883390149,0.008129332487901717,0.005749805974663723,1.0253363627250265,True,True,True,True,True,True,True,True,False
0,2,55,EEG GRID 54-Ref,True,0.37559888584796225,0.05095105293509848,0.36863828653604025,0.03303747071774598,0.002923350917224643,1.3683317339938883,True,True,True,True,True,True,True,True,False
0,2,56,EEG GRID 55-Ref,True,0.3450650681605964,0.05112320612463526,0.34091442092529456,0.03747482238438609,0.0012397387017386815,1.5106037099511893,True,True,True,True,True,True,True,True,False
0,2,57,EEG GRID 56-Ref,True,0.30017673665026257,0.05324306675793122,0.2949657881842528,0.006154445235739813,0.005835036641470308,1.0260886735106165,True,True,True,True,True,True,True,True,False
0,2,58,EEG GRID 57-Ref,True,0.2803085463757934,0.0753476424918318,0.27080060326677263,0.02514679933503158,0.01709760027688662,1.1250111063539558,True,True,True,True,True,True,True,True,False
0,2,59,EEG GRID 58-Ref,True,0.28696464813801664,0.06438134277055914,0.27801606283218233,0.01586218048589399,0.0050440826591893525,1.0571371996562444,True,True,True,True,True,True,True,True,False
0,2,60,EEG GRID 59-Ref,True,0.2751608865223651,0.06789776325870261,0.2663823896705543,0.035069144527702226,0.018107326090488287,1.1657132017428273,True,True,True,True,True,True,True,True,False
0,2,61,EEG GRID 60-Ref,True,0.3377891179809899,0.06709496746769208,0.3340574719304842,0.05087282165853244,0.017266990023728977,1.405105304597907,True,True,True,True,True,True,True,True,False
0,2,62,EEG GRID 61-Ref,False,0.2805361428722943,0.0889028622868178,0.2765356622528214,0.07322198206770893,0.00920201810722081,1.537913922674062,True,True,True,True,True,True,True,True,False
0,2,63,EEG GRID 62-Ref,True,0.3064983564354109,0.06534407620136572,0.3012745217553165,0.043831190785095446,0.019088266953342266,1.2787765127000286,True,True,True,True,True,True,True,True,False
0,2,64,EEG GRID 63-Ref,False,0.2554434462274321,0.05492853922261099,0.251842697725958,0.0393428921852587,0.002914317977914237,1.4370465280242697,True,True,True,True,True,True,True,True,False
0,2,65,EEG GRID 64-Ref,True,0.24999809854575422,0.04246406119621481,0.24686184066192796,0.0288814508009174,0.0019005886073719537,1.3350934235632577,True,True,True,True,True,True,True,True,False
0,2,66,EEG LA 01-Ref,True,0.30488048740868584,0.07091908070581295,0.28733310186661115,0.03418050271783313,0.015511636802761174,1.1628659338253775,True,True,True,True,True,True,True,True,False
0,2,67,EEG LA 02-Ref,True,0.32451006501685853,0.08690718184487073,0.3089240960520054,0.06226695318331761,0.005033404601346932,1.3971921364687987,True,True,True,True,True,True,True,True,False
0,2,68,EEG LA 03-Ref,True,0.346593603393368,0.0789795731926263,0.33557787825499413,0.05714847021297612,0.005239989614248763,1.452984687962103,True,True,True,True,True,True,True,True,False
0,2,69,EEG LA 04-Ref,True,0.3479118532038198,0.07299073116883062,0.3358188725446743,0.044488649981134894,0.005380569256446707,1.2993603749154476,True,True,True,True,True,True,True,True,False
0,2,70,EEG LFP 01-Ref,True,0.35548108218321456,0.13663097306207908,0.34885036191849406,0.1316102487039447,0.008060166257885082,2.669174714940624,True,True,True,True,True,True,False,False,False
0,2,71,EEG LFP 02-Ref,True,0.36862803624797835,0.12087906940749979,0.35998894323373737,0.11143239093743944,0.002169620498729079,2.099790618560401,True,True,True,True,True,True,False,False,False
0,2,72,EEG LFP 03-Ref,True,0.3395750912830881,0.10702066250799065,0.3319796257201532,0.09950860450806229,0.006973186883444145,2.259945256087629,True,True,True,True,True,True,False,False,False
0,2,73,EEG LFP 04-Ref,True,0.3967241930991482,0.18791942261645833,0.38835100080916,0.18134702937602146,0.02899127424557868,2.898486487647045,True,True,True,True,True,True,False,False,False
0,2,74,EEG LFP 05-Ref,True,0.40798848307630353,0.17385874897057696,0.4007760378872469,0.16720683735379782,0.03613712831734878,2.873213488812226,True,True,True,True,True,True,False,False,False
0,2,75,EEG LFP 06-Ref,True,0.3430477876551314,0.11410537700444132,0.33677554728960196,0.10615676455695038,0.02070211419590068,2.038500931703457,True,True,True,True,True,True,False,False,False
0,2,76,EEG LH 01-Ref,True,0.3728332366653783,0.07142654556783347,0.36001135886478464,0.04976353518654365,0.015818766666202796,1.3845092074777114,True,True,True,True,True,True,True,True,False
0,2,77,EEG LH 02-Ref,True,0.3925434067433723,0.08029869817443232,0.3791557005602888,0.05963786200194217,0.018790662095795514,1.4569783784928076,True,True,True,True,True,True,True,True,False
0,2,78,EEG LH 03-Ref,True,0.3788760835015668,0.07184925208094353,0.3691833340663106,0.05396322244815801,0.006284433339902796,1.4687421051204914,True,True,True,True,True,True,True,True,False
0,2,79,EEG LH 04-Ref,True,0.31156103900538673,0.06090422225725044,0.299500828570161,0.033461754449283246,0.00660907761164319,1.2271972909711637,True,True,True,True,True,True,True,True,False
0,2,80,EEG MST 03-Ref,True,0.3339515466956899,0.08836630634319977,0.33014997079351954,0.08009468484742163,0.009318904173715519,1.7849957965767447,True,True,True,True,True,True,True,True,False
0,2,81,EEG MST 04-Ref,False,0.22433630907386523,0.066171177382419,0.21965069537521076,0.05243000692347704,0.005744147385746169,1.500598955150435,True,True,True,True,True,True,True,True,False
0,2,82,EEG OF 01-Ref,True,0.4219587389381532,0.20403011502306626,0.4178737357980438,0.198203098442117,0.03731516691639375,3.2650343829054917,True,True,True,True,True,True,False,False,False
0,2,83,EEG OF 02-Ref,True,0.4470819015485191,0.21941034414207072,0.44281155369486963,0.21358750873735852,0.03987126911785546,3.503876224411248,True,True,True,True,True,True,False,False,False
0,2,84,EEG OF 03-Ref,True,0.450201754851735,0.22039015125266748,0.4456689374061594,0.2144814326319435,0.039102934805672014,3.4541147506504406,True,True,True,True,True,True,False,False,False
0,2,85,EEG OF 04-Ref,True,0.43273292492281296,0.20249340668824647,0.42821544351801477,0.19653963590946724,0.03586623687288475,3.207125218617865,True,True,True,True,True,True,False,False,False
0,2,86,EEG OF 05-Ref,True,0.3835489846192073,0.15595889229044255,0.3782730901316604,0.14849490685470923,0.02576260553341772,2.5288854769242692,True,True,True,True,True,True,False,False,False
0,2,87,EEG OF 06-Ref,True,0.3628065480430853,0.14901764994495403,0.35559606312304426,0.13659896948714467,0.002908450069535593,2.012174616202702,True,True,True,True,True,True,False,False,False
0,2,88,EEG OF 07-Ref,True,0.3367146725143829,0.11103493672179658,0.33164234872033777,0.09822541629908706,0.0030798405625384845,1.890437857077213,True,True,True,True,True,True,True,True,False
0,2,89,EEG OF 08-Ref,True,0.35499989465751913,0.12425996790159115,0.3492516410991853,0.1112174941862889,0.044375749874086635,1.9694321612738694,True,True,True,True,True,True,True,True,False
0,2,90,EEG PPO 03-Ref,False,0.14042193326528862,0.06638928744433333,0.11416353202189392,0.025585260885750413,0.013810179059955364,1.114740153223324,True,True,True,True,True,True,True,True,False
0,2,91,EEG PPO 04-Ref,True,0.2996479497477049,0.06785728309400015,0.29408174917515195,0.0465330797351443,0.007588954061469037,1.3628786226148308,True,True,True,True,True,True,True,True,False
0,2,92,EEG PPO 05-Ref,False,0.3060971445358019,0.09481298051524581,0.3003260291948119,0.08403506609340351,0.0006542902221052496,1.6090869867250213,True,True,True,True,True,True,True,True,False
0,2,93,EEG PPO 06-Ref,False,0.2403403943337592,0.0944275753950082,0.23573051977344597,0.08841539418562402,0.0005737775650424205,2.0196498947157333,True,True,True,True,True,True,False,False,False
0,2,94,EEG PST 03-Ref,False,0.3661129131456701,0.09215130062892438,0.36302173042812924,0.08524038901201686,0.008607565515494747,1.9516538295366084,True,True,True,True,True,True,True,True,False
0,2,95,EEG PST 04-Ref,False,0.3455736092624892,0.08376945963768764,0.342198064171022,0.07467459263825496,0.007823258084904958,1.7734425821865416,True,True,True,True,True,True,True,True,False
1,0,0,EEG AST 01-Ref,True,0.34289843550006716,0.07564998344803198,0.33908496449408265,0.06835677355810979,0.00018637716712041,1.976008785515931,True,True,True,True,True,True,True,True,False
1,0,1,EEG AST 02-Ref,True,0.37012089841487994,0.069165323567531,0.3663025080529735,0.060595054304014274,0.0026126576518573164,1.8661171954850622,True,True,True,True,True,True,True,True,False
1,0,2,EEG AST 03-Ref,True,0.3590747218630232,0.034023886500273284,0.356241584460523,0.016916672321870947,0.004235152631042283,1.2493446093058445,True,True,True,True,True,True,True,True,False
1,0,3,EEG AST 04-Ref,True,0.3148345047629823,0.04801231907021467,0.31201527356263176,0.030799360848271687,0.01595065435677741,1.2959266717440414,True,True,True,True,True,True,True,True,False
1,0,4,EEG GRID 01-Ref,False,0.22262996813421385,0.07122055363394623,0.21578695766727124,0.05846909770157559,0.0034147153312037463,1.64746661111857,True,True,True,True,True,True,True,True,False
1,0,5,EEG GRID 02-Ref,True,0.32936817544112046,0.106172020810046,0.32439428599246983,0.09531870861122803,0.015090185814027112,2.1285546367893824,True,True,True,True,True,True,False,False,False
1,0,6,EEG GRID 03-Ref,True,0.33777755581526814,0.12324849718543078,0.33260017876215653,0.11438241777594095,0.01786309563721847,2.1559430459064766,True,True,True,True,True,True,False,False,False
1,0,7,EEG GRID 04-Ref,True,0.28935272317929245,0.0747473938223264,0.28524965347131503,0.06381235882055741,0.0007333176524366555,1.8165808743830059,True,True,True,True,True,True,True,True,False
1,0,8,EEG GRID 05-Ref,True,0.3515652896392777,0.07791324646504742,0.3486244071096266,0.06740979728512296,0.003711875939706926,1.9607279125456987,True,True,True,True,True,True,True,True,False
1,0,9,EEG GRID 06-Ref,False,0.26592923614069636,0.0868579358028955,0.2601757905180312,0.07167250678791172,0.003868856954098951,1.5966581284661154,True,True,True,True,True,True,True,True,False
1,0,10,EEG GRID 07-Ref,True,0.3423980909757742,0.08106759280992851,0.3385272049572286,0.07091414104285665,0.019207861487239165,1.6794025630164016,True,True,True,True,True,True,True,True,False
1,0,11,EEG GRID 08-Ref,False,0.33957859960016046,0.12761639700044536,0.3348191573104826,0.11541614042965953,0.006681192550841491,1.6796468434124923,True,True,True,True,True,True,True,True,False
1,0,12,EEG GRID 09-Ref,True,0.32886853236313573,0.09272576834648331,0.3216991651364341,0.0742921985342566,0.011557705682240725,1.6599039522811534,True,True,True,True,True,True,True,True,False
1,0,13,EEG GRID 10-Ref,True,0.33372483100783085,0.09450018335037254,0.3288424118966679,0.08239916312443465,0.0016214000628530416,1.9201606232120094,True,True,True,True,True,True,True,True,False
1,0,14,EEG GRID 11-Ref,True,0.2691839580823764,0.09040631752492008,0.26321592511576797,0.07811974285590674,0.01683620953479611,1.6947852911401642,True,True,True,True,True,True,True,True,False
1,0,15,EEG GRID 12-Ref,True,0.3407404856279381,0.09938846665547288,0.33456029338733834,0.08879914444744483,0.0029069277748195147,1.9326267721544563,True,True,True,True,True,True,True,True,False
1,0,16,EEG GRID 13-Ref,True,0.3283641054493123,0.07290085531511713,0.325087985466878,0.0629172594227756,0.0038146571714434353,1.7299706404691333,True,True,True,True,True,True,True,True,False
1,0,17,EEG GRID 14-Ref,True,0.3234377570004083,0.08247841864086021,0.31904397795439254,0.06992943542745288,0.017228240551096785,1.6401160226782676,True,True,True,True,True,True,True,True,False
1,0,18,EEG GRID 15-Ref,True,0.32390908364667503,0.08294704099223761,0.3194265189795275,0.07069008332491677,0.01190115679971607,1.5847888060317832,True,True,True,True,True,True,True,True,False
1,0,19,EEG GRID 16-Ref,False,0.27234705153879296,0.10736499668471498,0.2659676915642614,0.09149816396948138,0.006816773477514139,1.4558368271567845,True,True,True,True,True,True,True,True,False
1,0,20,EEG GRID 17-Ref,True,0.29537076295209425,0.06646142411750013,0.28847140838973145,0.03749911624384621,0.0019940765039581153,1.2621095441039012,True,True,True,True,True,True,True,True,False
1,0,21,EEG GRID 18-Ref,True,0.3425985696861999,0.06969697580549894,0.3377652221399298,0.04541418895547314,0.008040346801124348,1.4455933215326255,True,True,True,True,True,True,True,True,False
1,0,22,EEG GRID 19-Ref,False,0.2802318105671059,0.06838349786171705,0.2746332546368313,0.05359429260574205,0.00528929285736918,1.705715069322575,True,True,True,True,True,True,True,True,False
1,0,23,EEG GRID 21-Ref,True,0.2916346909698493,0.10615610138084461,0.283547938029995,0.09155966297637039,0.018021870270708975,1.7163746713191277,True,True,True,True,True,True,True,True,False
1,0,24,EEG GRID 22-Ref,False,0.23622467996056146,0.07318395119874492,0.23029444762003973,0.057832193806549755,0.014978228135653547,1.5040327270952407,True,True,True,True,True,True,True,True,False
1,0,25,EEG GRID 23-Ref,True,0.3044876962045753,0.07491311612825603,0.2983651824234507,0.0577558259692435,0.004304180015505657,1.4580010462055717,True,True,True,True,True,True,True,True,False
1,0,26,EEG GRID 24-Ref,True,0.25026381574822054,0.06277168988430483,0.2427658654198217,0.026587367126910264,0.0025311484343212344,1.0525620380769762,True,True,True,True,True,True,True,True,False
1,0,27,EEG GRID 25-Ref,False,0.2297129145887032,0.0888534046547007,0.21859168570006984,0.05996730592874511,0.00993841744664566,1.3802450299370124,True,True,True,True,True,True,True,True,False
1,0,28,EEG GRID 26-Ref,True,0.26727581166257175,0.08112934538144874,0.258996827448153,0.050542407349454394,0.0029663273820762677,1.2717008344445497,True,True,True,True,True,True,True,True,False
1,0,29,EEG GRID 27-Ref,True,0.2693605245724017,0.0801398668116231,0.26251806493907365,0.05938655744001696,0.006370445065686976,1.3083030860475058,True,True,True,True,True,True,True,True,False
1,0,30,EEG GRID 28-Ref,False,0.2675582208758106,0.10377734260601745,0.26374691672847517,0.09647685549732399,0.013542469930490722,1.9739820719710863,True,True,True,True,True,True,True,True,False
1,0,31,EEG GRID 29-Ref,True,0.32925441625892454,0.059792680632996226,0.32578078550075473,0.045546595215893576,0.0035628435235027993,1.5224814182090183,True,True,True,True,True,True,True,True,False
1,0,32,EEG GRID 30-Ref,True,0.3084089431515416,0.06061200972740799,0.30591353791677217,0.0496643603833469,0.005928653809188123,1.6026564166495727,True,True,True,True,True,True,True,True,False
1,0,33,EEG GRID 31-Ref,True,0.3488845450568764,0.08348643447120088,0.3429408295266998,0.07184240879284857,0.0033253738737073105,1.593027049630278,True,True,True,True,True,True,True,True,False
1,0,34,EEG GRID 32-Ref,True,0.339402233437693,0.05507440669212513,0.3351614588573895,0.040811025648149396,0.00553887288901365,1.3968037939223588,True,True,True,True,True,True,True,True,False
1,0,35,EEG GRID 33-Ref,True,0.20851678083655745,0.0731103259028519,0.19396010406597464,0.021375515981334452,0.006947853391690496,1.120348416045865,True,True,True,True,True,True,True,True,False
1,0,36,EEG GRID 35-Ref,True,0.2951051578750944,0.058738569195409214,0.2901347314614187,0.03634711612687957,0.01576261066583531,1.288988009281888,True,True,True,True,True,True,True,True,False
1,0,37,EEG GRID 36-Ref,True,0.317355158858842,0.06424817617510878,0.31209100478032614,0.046287885291531355,0.013353285397402626,1.4008744008716463,True,True,True,True,True,True,True,True,False
1,0,38,EEG GRID 37-Ref,False,0.2846589822302087,0.062064327682431565,0.2811097273218838,0.04773149866846955,0.011647028234876263,1.5445753628581553,True,True,True,True,True,True,True,True,False
1,0,39,EEG GRID 38-Ref,False,0.276209866401261,0.07068604602962696,0.27203897236102814,0.05840117135547163,0.019817745927209474,1.65574348825186,True,True,True,True,True,True,True,True,False
1,0,40,EEG GRID 39-Ref,True,0.36065556265226745,0.08909183766448517,0.35488384496745734,0.07996505081695579,0.010070619067229522,1.766713269753509,True,True,True,True,True,True,True,True,False
1,0,41,EEG GRID 40-Ref,False,0.34670262913534233,0.07493482488530583,0.3431104266532766,0.0667792045469655,0.0045944004865178445,1.897138104905941,True,True,True,True,True,True,True,True,False
1,0,42,EEG GRID 41-Ref,True,0.20938281507989437,0.09036485158651934,0.18936683288847075,0.060244818894335785,0.014993001482466356,1.3820348273713632,True,True,True,True,True,True,True,True,False
1,0,43,EEG GRID 42-Ref,True,0.3043723224740334,0.056044681637030365,0.2970690453889236,0.02206141911099532,0.014597371954861084,1.1367338636394098,True,True,True,True,True,True,True,True,False
1,0,44,EEG GRID 43-Ref,True,0.3159651917275289,0.05684804351890099,0.3078574079074679,0.013355207643690132,0.00575478465134946,1.0856936631706862,True,True,True,True,True,True,True,True,False
1,0,45,EEG GRID 44-Ref,True,0.307836806829664,0.054347373546050404,0.30011573875113556,0.003997240448945833,0.0003489451625609212,1.0006084740879135,True,True,True,True,True,True,True,True,False
1,0,46,EEG GRID 45-Ref,True,0.3553970122967104,0.0611541210387059,0.348153269927663,0.03993438937505628,0.004086098786031894,1.3916477799392866,True,True,True,True,True,True,True,True,False
1,0,47,EEG GRID 46-Ref,True,0.3953031532479479,0.07071869809273995,0.38909903360194636,0.05840387417624191,0.0005846144813931239,1.7084864002549205,True,True,True,True,True,True,True,True,False
1,0,48,EEG GRID 47-Ref,True,0.3735158461303129,0.06121020587016343,0.36901356931617196,0.05083568487859551,0.001956476592009449,1.758265893918816,True,True,True,True,True,True,True,True,False
1,0,49,EEG GRID 48-Ref,False,0.32986621930433235,0.07405472520644352,0.327225797487296,0.05889004515879239,0.0030007612590180277,1.5383070507167096,True,True,True,True,True,True,True,True,False
1,0,50,EEG GRID 49-Ref,True,0.2671894811406721,0.05855733382854567,0.2576217097901161,0.019003806848429446,0.015886157738994367,1.0878820991158544,True,True,True,True,True,True,True,True,False
1,0,51,EEG GRID 50-Ref,True,0.24653460239754799,0.057982968214524325,0.24068768479200556,0.031916727561091526,0.0099026299056879,1.2342882982486192,True,True,True,True,True,True,True,True,False
1,0,52,EEG GRID 51-Ref,True,0.3239198090029594,0.06368929338442016,0.3191055890947349,0.04500926697893509,0.009573740654840873,1.4424885616243164,True,True,True,True,True,True,True,True,False
1,0,53,EEG GRID 52-Ref,True,0.2967481270168973,0.07139657262420737,0.29265708214892533,0.05625687088472112,0.0059744996274750505,1.5154329997713853,True,True,True,True,True,True,True,True,False
1,0,54,EEG GRID 53-Ref,True,0.2846746466264636,0.054697570539519916,0.2741915159470267,0.010509261822991134,0.008260238481493478,1.0542655908911052,True,True,True,True,True,True,True,True,False
1,0,55,EEG GRID 54-Ref,True,0.3782781585606459,0.057541822414106346,0.37090473372540006,0.04192348185972658,4.775630482617543e-05,1.570347208339046,True,True,True,True,True,True,True,True,False
1,0,56,EEG GRID 55-Ref,True,0.3423317483371708,0.05173549919226395,0.33793690037337326,0.0402724945671977,0.0015554955769051047,1.5688040732830235,True,True,True,True,True,True,True,True,False
1,0,57,EEG GRID 56-Ref,True,0.3085559050439494,0.05697564996701345,0.302847060318484,0.007218856271603618,0.006711780896982221,1.001533687967396,True,True,True,True,True,True,True,True,False
1,0,58,EEG GRID 57-Ref,True,0.2861851382587014,0.0753548903325891,0.278859369374485,0.03765830289603826,0.01657485346220005,1.1819159877280405,True,True,True,True,True,True,True,True,False
1,0,59,EEG GRID 58-Ref,True,0.2968733116140246,0.0629963028298029,0.2892026420722546,0.013767038361832558,0.006741193519394279,1.0219568161926909,True,True,True,True,True,True,True,True,False
1,0,60,EEG GRID 59-Ref,True,0.27367579739251263,0.07427308313237034,0.26533515339069247,0.035722701122528754,0.01721458122208807,1.1698950870617788,True,True,True,True,True,True,True,True,False
1,0,61,EEG GRID 60-Ref,True,0.3336960400129825,0.07481524463284014,0.3300442874810896,0.05434296496321211,0.017039207816899906,1.4464586153961505,True,True,True,True,True,True,True,True,False
1,0,62,EEG GRID 61-Ref,False,0.2912777143832662,0.10222786642904748,0.2860292796822858,0.08519821073162799,0.006056391110607404,1.651099475755851,True,True,True,True,True,True,True,True,False
1,0,63,EEG GRID 62-Ref,True,0.3062956126300791,0.07314116332742678,0.300413222704604,0.046824278352857476,0.02060224088391586,1.2951577934546772,True,True,True,True,True,True,True,True,False
1,0,64,EEG GRID 63-Ref,False,0.2679329639504219,0.05400330213378161,0.2637095562556429,0.038072648432275674,0.004883542805742851,1.4275005582860458,True,True,True,True,True,True,True,True,False
1,0,65,EEG GRID 64-Ref,True,0.27495395550790386,0.053945030670730115,0.2706678418588034,0.037365209795466627,0.0024093136238563764,1.4987666800487986,True,True,True,True,True,True,True,True,False
1,0,66,EEG LA 01-Ref,True,0.28931717579854516,0.06718143279880888,0.28037689203729366,0.027120233747714256,0.005871888273334085,1.1519481698929794,True,True,True,True,True,True,True,True,False
1,0,67,EEG LA 02-Ref,True,0.32023064497060566,0.08295796705142527,0.3116182000981414,0.05585130105519426,0.012414042935305625,1.3619087324171009,True,True,True,True,True,True,True,True,False
1,0,68,EEG LA 03-Ref,True,0.3632975639216637,0.07211857015487234,0.35502689450517116,0.04924591201733802,0.00781214766984443,1.4005492263525567,True,True,True,True,True,True,True,True,False
1,0,69,EEG LA 04-Ref,True,0.36773516241898135,0.06780740637364975,0.357809151456983,0.037009470144386075,0.0028515789128028754,1.2536928906443576,True,True,True,True,True,True,True,True,False
1,0,70,EEG LFP 01-Ref,True,0.3439532765837179,0.1436763846452142,0.33640844219475086,0.13471671054925555,0.00028848751558021527,2.754070947227491,True,True,True,True,True,True,False,False,False
1,0,71,EEG LFP 02-Ref,True,0.35592498484761886,0.1286315972745028,0.3462269231565777,0.115042241457921,0.006327532019144996,2.1683613997688016,True,True,True,True,True,True,False,False,False
1,0,72,EEG LFP 03-Ref,True,0.33256937203044157,0.10846563087846371,0.32651782624852504,0.09909261902111048,0.012943671809282537,2.2606775077686745,True,True,True,True,True,True,False,False,False
1,0,73,EEG LFP 04-Ref,True,0.39448473051191807,0.1841233196079084,0.3879509467828459,0.1776542992011337,0.029968958309936587,2.8587938937117294,True,True,True,True,True,True,False,False,False
1,0,74,EEG LFP 05-Ref,True,0.4115635494395037,0.17196319767514975,0.4069181415159733,0.1654652696490634,0.032949260053940936,2.8728091005543295,True,True,True,True,True,True,False,False,False
1,0,75,EEG LFP 06-Ref,True,0.3533144545850239,0.11611836965435567,0.34910434443186994,0.10790169805829525,0.015005035168734391,2.0836686856842572,True,True,True,True,True,True,False,False,False
1,0,76,EEG LH 01-Ref,True,0.3669283873170194,0.065907309822686,0.36085103051311224,0.04260453597129661,0.0062821067029814525,1.3530291133406185,True,True,True,True,True,True,True,True,False
1,0,77,EEG LH 02-Ref,True,0.4032046778573929,0.07339083940441261,0.39621382018138684,0.05134744195134591,0.011672000081472868,1.4080924567962734,True,True,True,True,True,True,True,True,False
1,0,78,EEG LH 03-Ref,True,0.4030949879546438,0.0681109592412166,0.3957842957803904,0.04882351486407124,0.002082432896753075,1.436771054422183,True,True,True,True,True,True,True,True,False
1,0,79,EEG LH 04-Ref,True,0.333700067935759,0.061156412459962395,0.3255765873475283,0.03418864078619317,0.00128356946574659,1.246930231588108,True,True,True,True,True,True,True,True,False
1,0,80,EEG MST 03-Ref,True,0.3429673686744681,0.08402802552504704,0.340653109291785,0.07711506256956832,0.0002322258640830373,1.7450701062955905,True,True,True,True,True,True,True,True,False
1,0,81,EEG MST 04-Ref,False,0.2486357209314188,0.07181127688101535,0.24403487856325007,0.05838423309174637,0.0029614113057462687,1.558781237265167,True,True,True,True,True,True,True,True,False
1,0,82,EEG OF 01-Ref,True,0.40551776235500386,0.19224810927621364,0.40138037722810194,0.18769023022359105,0.029959450929272324,3.1451684131396958,True,True,True,True,True,True,False,False,False
1,0,83,EEG OF 02-Ref,True,0.4241197974585053,0.2068971201342675,0.4201107202281478,0.20235714735721883,0.03216229444498922,3.373384970338179,True,True,True,True,True,True,False,False,False
1,0,84,EEG OF 03-Ref,True,0.4245579586703665,0.20624422993572705,0.4200356721190048,0.20139721730470891,0.03278036626241493,3.302908861708423,True,True,True,True,True,True,False,False,False
1,0,85,EEG OF 04-Ref,True,0.4069878705776522,0.18833086038848515,0.4026238190999121,0.18302560830456133,0.030380827410284486,3.0547364345549615,True,True,True,True,True,True,False,False,False
1,0,86,EEG OF 05-Ref,True,0.3617317296822573,0.14415141859849379,0.35685273847269516,0.13513301826709503,0.021576402894187902,2.394211553006171,True,True,True,True,True,True,False,False,False
1,0,87,EEG OF 06-Ref,True,0.34242528889040763,0.1380753330593192,0.33595269108007925,0.12063516010984861,0.00306224135886829,1.9014636006144359,True,True,True,True,True,True,True,True,False
1,0,88,EEG OF 07-Ref,True,0.33748334057603263,0.11333057037509744,0.33042042215955364,0.09515007847204036,0.002203467476319564,1.8629096548255513,True,True,True,True,True,True,True,True,False
1,0,89,EEG OF 08-Ref,True,0.34549008310755164,0.12232313049711403,0.34013065610286286,0.10809451650390652,0.036712247203498846,1.9696800667436427,True,True,True,True,True,True,True,True,False
1,0,90,EEG PPO 03-Ref,False,0.14312988868537227,0.06832792921206586,0.12501807302234363,0.016557664318976248,0.007968962238242411,1.0627775144257854,True,True,True,True,True,True,True,True,False
1,0,91,EEG PPO 04-Ref,True,0.3001933153695001,0.07306314826996954,0.29449081805291444,0.04864330082334139,0.012608141424708974,1.37969605650054,True,True,True,True,True,True,True,True,False
1,0,92,EEG PPO 05-Ref,False,0.30132828332627337,0.1006348097266553,0.2956044937774459,0.08613840725176901,0.0036509731614002244,1.620484700103455,True,True,True,True,True,True,True,True,False
1,0,93,EEG PPO 06-Ref,False,0.23279987397952234,0.09146189606409899,0.22870026596959994,0.08560182185256746,0.00025752613568706196,1.987093358108265,True,True,True,True,True,True,True,True,False
1,0,94,EEG PST 03-Ref,False,0.3712782185369176,0.08731468614651369,0.3690740657826792,0.08202584083644124,0.003368397376662867,1.9039269236863334,True,True,True,True,True,True,True,True,False
1,0,95,EEG PST 04-Ref,False,0.3502314171369797,0.0800571106284504,0.3473631573105749,0.0713602033223066,0.0034427846537251,1.7257672217936761,True,True,True,True,True,True,True,True,False
1,1,0,EEG AST 01-Ref,True,0.3548558767251104,0.07399340666955496,0.3512707966232449,0.06684681578869404,8.461319565614405e-05,1.9590818654311692,True,True,True,True,True,True,True,True,False
1,1,1,EEG AST 02-Ref,True,0.3614147589104653,0.06854616681980963,0.3575345318481765,0.059951034295733424,0.0025652712279352185,1.8708023524824313,True,True,True,True,True,True,True,True,False
1,1,2,EEG AST 03-Ref,True,0.32820664333630106,0.03355154188798396,0.32512924434361623,0.01698342964363621,0.004185246902313105,1.251201949895715,True,True,True,True,True,True,True,True,False
1,1,3,EEG AST 04-Ref,True,0.29445578092553165,0.046002134071889036,0.29117382114618745,0.027853752701424636,0.015776812249363052,1.2762244887629173,True,True,True,True,True,True,True,True,False
1,1,4,EEG GRID 01-Ref,False,0.22794686209515846,0.07775144823650715,0.2227849705333495,0.06619309519690467,0.0033216489777592815,1.7290819978932648,True,True,True,True,True,True,True,True,False
1,1,5,EEG GRID 02-Ref,True,0.34803542211637534,0.11357948449209128,0.3432776446374693,0.10372626908452671,0.015243682352631332,2.2234550864220313,True,True,True,True,True,True,False,False,False
1,1,6,EEG GRID 03-Ref,True,0.37096906527807816,0.13233195405084341,0.366116519337029,0.1238841606318174,0.017837107612723772,2.2553704509681736,True,True,True,True,True,True,False,False,False
1,1,7,EEG GRID 04-Ref,True,0.3140746997883084,0.07955062038835911,0.30971865871344223,0.06884780939863225,0.0006078215791346854,1.8680131381981888,True,True,True,True,True,True,True,True,False
1,1,8,EEG GRID 05-Ref,True,0.36366728986897273,0.07338096468985755,0.3604769493585071,0.06327311748582067,0.0033344733839135226,1.9210959050896306,True,True,True,True,True,True,True,True,False
1,1,9,EEG GRID 06-Ref,False,0.27013047813193025,0.0846669373672372,0.26396835465866486,0.06983449411016869,0.0034601028798099368,1.584331817002274,True,True,True,True,True,True,True,True,False
1,1,10,EEG GRID 07-Ref,True,0.3523781512348406,0.08148221770700999,0.34827940220533826,0.07115583493197716,0.018761695969585795,1.665870223964246,True,True,True,True,True,True,True,True,False
1,1,11,EEG GRID 08-Ref,False,0.3324907041617223,0.11757732664139041,0.3268469475049391,0.1029341727661365,0.006662765084507187,1.6004649187010316,True,True,True,True,True,True,True,True,False
1,1,12,EEG GRID 09-Ref,True,0.34604033899106734,0.09897927968347206,0.3398343023355662,0.08371601236694505,0.011674222276459917,1.7451574451052558,True,True,True,True,True,True,True,True,False
1,1,13,EEG GRID 10-Ref,True,0.36500684388251214,0.09947837553093983,0.36042279822487705,0.08787958990481287,0.0015399775774419767,1.9689464786961395,True,True,True,True,True,True,True,True,False
1,1,14,EEG GRID 11-Ref,True,0.2987223879332157,0.09685372274465373,0.29226398893928535,0.08423353803996152,0.016721756844967274,1.7632965407556453,True,True,True,True,True,True,True,True,False
1,1,15,EEG GRID 12-Ref,True,0.37660207639626664,0.10784619194968932,0.37129377964526716,0.0983733158056928,0.0025946593291844527,2.0390318014284072,True,True,True,True,True,True,False,False,False
1,1,16,EEG GRID 13-Ref,True,0.34097970729928373,0.07809319360666779,0.3379226940446739,0.06985178811075532,0.0033919508863646942,1.805557266305498,True,True,True,True,True,True,True,True,False
1,1,17,EEG GRID 14-Ref,True,0.30925424351169867,0.08558981921046566,0.30508429483834043,0.07425623621877342,0.016626184308542902,1.6746325643893603,True,True,True,True,True,True,True,True,False
1,1,18,EEG GRID 15-Ref,True,0.3257734860771761,0.08149710030536396,0.3210332213999178,0.06752161358680066,0.011683043444916856,1.5620514151337612,True,True,True,True,True,True,True,True,False
1,1,19,EEG GRID 16-Ref,False,0.2760513909070954,0.10125493141392838,0.2693044276920922,0.08321299177535468,0.0067896935711841125,1.4167760698867038,True,True,True,True,True,True,True,True,False
1,1,20,EEG GRID 17-Ref,True,0.30569980781437,0.0697954328990298,0.29905769967683316,0.043183297969415654,0.002039174586045089,1.3003997358360095,True,True,True,True,True,True,True,True,False
1,1,21,EEG GRID 18-Ref,True,0.3755276705025563,0.0734410649879112,0.37064882183879305,0.0503483010800281,0.007854117390231292,1.502001181966646,True,True,True,True,True,True,True,True,False
1,1,22,EEG GRID 19-Ref,False,0.2808894898869048,0.0672332616495851,0.27509210995365563,0.051524531685584664,0.005248598221679101,1.6938786346434562,True,True,True,True,True,True,True,True,False
1,1,23,EEG GRID 21-Ref,True,0.31232307143821314,0.11306557445448101,0.3042743949870432,0.09875173390434816,0.01839022308222634,1.765737363139483,True,True,True,True,True,True,True,True,False
1,1,24,EEG GRID 22-Ref,False,0.22946721476264093,0.06915022470044044,0.22307249299699017,0.051841019795650554,0.01513587305423975,1.4618828043019394,True,True,True,True,True,True,True,True,False
1,1,25,EEG GRID 23-Ref,True,0.3128499288783488,0.06991226187570865,0.3067862606905894,0.052027003656064615,0.004456242245669124,1.4209377985957916,True,True,True,True,True,True,True,True,False
1,1,26,EEG GRID 24-Ref,True,0.2635706985208764,0.06200831602616113,0.2570018425822146,0.022534513208410482,0.0021914293515165727,1.0396047680412959,True,True,True,True,True,True,True,True,False
1,1,27,EEG GRID 25-Ref,False,0.23064298206264355,0.09109911286000359,0.2189335358671765,0.06395864472667213,0.010351159877769441,1.403105569220178,True,True,True,True,True,True,True,True,False
1,1,28,EEG GRID 26-Ref,True,0.27116047723831666,0.07975930739200313,0.26293957248799066,0.05233275424166584,0.0023768588321485306,1.2834309220869269,True,True,True,True,True,True,True,True,False
1,1,29,EEG GRID 27-Ref,True,0.2733734159258684,0.0808839341499472,0.26564091690057057,0.06230112760250348,0.006853939265107146,1.3218572110085014,True,True,True,True,True,True,True,True,False
1,1,30,EEG GRID 28-Ref,False,0.289291624973099,0.10690441707322974,0.2848994546878637,0.09969061731378559,0.013886949645512913,2.0153391030180448,True,True,True,True,True,True,False,False,False
1,1,31,EEG GRID 29-Ref,True,0.3672139240036988,0.05971836867471579,0.3639999468443327,0.04607012688436564,0.0036363717690119134,1.530479996037735,True,True,True,True,True,True,True,True,False
1,1,32,EEG GRID 30-Ref,True,0.3441169571665022,0.06065105969858954,0.3415605331209481,0.04981686218715321,0.005873722261651304,1.6138307036115214,True,True,True,True,True,True,True,True,False
1,1,33,EEG GRID 31-Ref,True,0.3270511491489634,0.08298113049058486,0.32117965639648366,0.07173908572232128,0.003155439734708584,1.574789619935438,True,True,True,True,True,True,True,True,False
1,1,34,EEG GRID 32-Ref,True,0.34946846200940995,0.05451628158653659,0.34601264394709363,0.041707608482851606,0.006113947695980173,1.4143567741107548,True,True,True,True,True,True,True,True,False
1,1,35,EEG GRID 33-Ref,True,0.21491213746912127,0.07231559489337187,0.1968512487567735,0.02124803333273074,0.006560823392455344,1.1201401917267144,True,True,True,True,True,True,True,True,False
1,1,36,EEG GRID 35-Ref,True,0.2770788838923483,0.058780435298233756,0.2707035470058382,0.0370446909481665,0.015424924770766825,1.2838245705705285,True,True,True,True,True,True,True,True,False
1,1,37,EEG GRID 36-Ref,True,0.29493744757001644,0.0657121351739419,0.2888111446950824,0.047456518024526884,0.013093658507780144,1.406730737316918,True,True,True,True,True,True,True,True,False
1,1,38,EEG GRID 37-Ref,False,0.3099874394825271,0.06070474643127904,0.3056909188493504,0.04645694594304324,0.011623975402513545,1.5346784198006866,True,True,True,True,True,True,True,True,False
1,1,39,EEG GRID 38-Ref,False,0.2508383136170202,0.0670553390356942,0.24514129478530622,0.0543955489082896,0.0197667108420352,1.6086403449954272,True,True,True,True,True,True,True,True,False
1,1,40,EEG GRID 39-Ref,True,0.336139837953238,0.08647407970454901,0.33015741659243886,0.07686615958668548,0.01011246041165915,1.7245060447641656,True,True,True,True,True,True,True,True,False
1,1,41,EEG GRID 40-Ref,False,0.3567030221443041,0.07381031998303068,0.3531658756889994,0.06598551532012269,0.0050503582053729925,1.8873038233092092,True,True,True,True,True,True,True,True,False
1,1,42,EEG GRID 41-Ref,True,0.21805205611373132,0.08718337770972738,0.19934725698021383,0.055545198997121646,0.014485461911844778,1.3524102579873787,True,True,True,True,True,True,True,True,False
1,1,43,EEG GRID 42-Ref,True,0.3114657289294528,0.055517682823026014,0.30515948916376573,0.02122272170051399,0.014577861678514211,1.1334504624593849,True,True,True,True,True,True,True,True,False
1,1,44,EEG GRID 43-Ref,True,0.32299529546605416,0.05770319457981425,0.3151856636110401,0.01613001669911315,0.006134880393638045,1.0973170701990733,True,True,True,True,True,True,True,True,False
1,1,45,EEG GRID 44-Ref,True,0.3138398108481247,0.05299468126565907,0.30605626162767174,0.005610605691680922,0.00020860648537022173,1.0047673421013332,True,True,True,True,True,True,True,True,False
1,1,46,EEG GRID 45-Ref,True,0.3437565824633257,0.060002326670101164,0.3344695360870586,0.038190493137095695,0.004435494219674632,1.3788171817181456,True,True,True,True,True,True,True,True,False
1,1,47,EEG GRID 46-Ref,True,0.3709333611801244,0.06851095283442223,0.36356445820954664,0.05575780341677305,0.0005304897465345636,1.675882507088336,True,True,True,True,True,True,True,True,False
1,1,48,EEG GRID 47-Ref,True,0.3717357204412228,0.060866339984328055,0.36767519005169536,0.050546131834013075,0.00202561167055457,1.7409714105711465,True,True,True,True,True,True,True,True,False
1,1,49,EEG GRID 48-Ref,False,0.3346735235917546,0.07036204156281288,0.33101622944380243,0.05575569990155843,0.0033517220413777802,1.5081744514693793,True,True,True,True,True,True,True,True,False
1,1,50,EEG GRID 49-Ref,True,0.2725784993527807,0.05584080946779209,0.26291397271168454,0.01632920831965297,0.015280999093631623,1.053648738651577,True,True,True,True,True,True,True,True,False
1,1,51,EEG GRID 50-Ref,True,0.26340501105409087,0.05939187022136358,0.25794302642749767,0.03350075394454397,0.009328845136064266,1.2410393882693764,True,True,True,True,True,True,True,True,False
1,1,52,EEG GRID 51-Ref,True,0.3183596428846628,0.0643498632031476,0.3135665765893402,0.045342016945109025,0.009112111911891168,1.45288697403805,True,True,True,True,True,True,True,True,False
1,1,53,EEG GRID 52-Ref,True,0.30697811303507555,0.07423706003349316,0.3030632794970858,0.05977992573353695,0.005669587197626169,1.5538195074884689,True,True,True,True,True,True,True,True,False
1,1,54,EEG GRID 53-Ref,True,0.29713860406326426,0.054576646322719996,0.2883222098765755,0.011548636527614451,0.008800819087923312,1.0623545148542912,True,True,True,True,True,True,True,True,False
1,1,55,EEG GRID 54-Ref,True,0.3542562523687365,0.05547343389216535,0.3457922515945524,0.03802965135650849,0.00020383839726193832,1.5380642850493513,True,True,True,True,True,True,True,True,False
1,1,56,EEG GRID 55-Ref,True,0.3373540645298015,0.050158427595892445,0.3329585544865516,0.038094584113655704,0.0014200409222652815,1.5294398629981687,True,True,True,True,True,True,True,True,False
1,1,57,EEG GRID 56-Ref,True,0.3234974743944481,0.05812920758939511,0.3179008952077491,0.008070804405850087,0.006588549150234937,1.0168838189978808,True,True,True,True,True,True,True,True,False
1,1,58,EEG GRID 57-Ref,True,0.2914062625505723,0.07301846668510263,0.2830474144031874,0.03241024026361048,0.01624020826968383,1.1548467312689252,True,True,True,True,True,True,True,True,False
1,1,59,EEG GRID 58-Ref,True,0.3001696751729838,0.06380771224414761,0.2917025077447035,0.012507253025856493,0.006658635319763444,1.037108577249052,True,True,True,True,True,True,True,True,False
1,1,60,EEG GRID 59-Ref,True,0.2772881210863134,0.07525502320231377,0.26824084449764907,0.0372950778945398,0.016856986401071607,1.1842694329160182,True,True,True,True,True,True,True,True,False
1,1,61,EEG GRID 60-Ref,True,0.3481952876955536,0.07308108422798397,0.34401591406089843,0.05401355757488146,0.01744446454882065,1.4410139762566094,True,True,True,True,True,True,True,True,False
1,1,62,EEG GRID 61-Ref,False,0.28946621248239257,0.09297377196156151,0.2840387568032201,0.07685435238198728,0.006029003801234054,1.5711556561649218,True,True,True,True,True,True,True,True,False
1,1,63,EEG GRID 62-Ref,True,0.3083984180612611,0.06691600630469775,0.30326365051536885,0.038629588934501746,0.020915118023664938,1.2277933259540468,True,True,True,True,True,True,True,True,False
1,1,64,EEG GRID 63-Ref,False,0.28208845944359917,0.05595079083003466,0.2778836460488719,0.04066346214098658,0.004961192699752153,1.4577297555394364,True,True,True,True,True,True,True,True,False
1,1,65,EEG GRID 64-Ref,True,0.28802944152943194,0.05449462362660189,0.2837730846966418,0.038571297611891396,0.0023499284737051995,1.5177603821305254,True,True,True,True,True,True,True,True,False
1,1,66,EEG LA 01-Ref,True,0.2849238906478779,0.0691531420541033,0.27443119943945526,0.03691414645612664,0.006102590744121549,1.209600200648752,True,True,True,True,True,True,True,True,False
1,1,67,EEG LA 02-Ref,True,0.3201820093254124,0.08826112461673727,0.31117992950491175,0.06729154460315975,0.012085490841633042,1.4411690666812416,True,True,True,True,True,True,True,True,False
1,1,68,EEG LA 03-Ref,True,0.34195431743432214,0.07664877266157488,0.3339181488559473,0.056654103824000816,0.007706710994272661,1.4605967683754268,True,True,True,True,True,True,True,True,False
1,1,69,EEG LA 04-Ref,True,0.3447022432859202,0.07039642896051199,0.3352889555171968,0.04304426394703678,0.0029596080812841034,1.302165084999361,True,True,True,True,True,True,True,True,False
1,1,70,EEG LFP 01-Ref,True,0.3761289823746547,0.15054039196794902,0.3694306932266564,0.1414854706323919,0.0007668307043255104,2.851404876593151,True,True,True,True,True,True,False,False,False
1,1,71,EEG LFP 02-Ref,True,0.391114697354826,0.13552902633620992,0.3823494171001098,0.12239575285741217,0.005810626575406967,2.2456988276946013,True,True,True,True,True,True,False,False,False
1,1,72,EEG LFP 03-Ref,True,0.3534863059377809,0.11218797999863465,0.34862289045071876,0.10371667579615818,0.012484899924165639,2.3259355378015147,True,True,True,True,True,True,False,False,False
1,1,73,EEG LFP 04-Ref,True,0.4166233395614951,0.1930819829794289,0.4102283756873452,0.1870856627591585,0.029664105048395797,2.9695853574771194,True,True,True,True,True,True,False,False,False
1,1,74,EEG LFP 05-Ref,True,0.4458497684745433,0.1833828487608108,0.44064578496676343,0.17755863820741022,0.03283796897182665,3.0173165080467084,True,True,True,True,True,True,False,False,False
1,1,75,EEG LFP 06-Ref,True,0.39568660391996874,0.12509797614600388,0.3914790450182913,0.11803667526493365,0.015158330951549294,2.1982222422199658,True,True,True,True,True,True,False,False,False
1,1,76,EEG LH 01-Ref,True,0.3611764397292566,0.07065672194065052,0.3542979673398704,0.052827011294891715,0.006489401828536552,1.4337814704396752,True,True,True,True,True,True,True,True,False
1,1,77,EEG LH 02-Ref,True,0.39027840700539185,0.07956447026457521,0.38230661121058584,0.061215757323387014,0.011834601300258464,1.4931458920115213,True,True,True,True,True,True,True,True,False
1,1,78,EEG LH 03-Ref,True,0.37937854583275266,0.0710374366575434,0.37166125331990546,0.053021422112072544,0.0022649234547745725,1.4802792457783975,True,True,True,True,True,True,True,True,False
1,1,79,EEG LH 04-Ref,True,0.31599942951288207,0.06150467962771972,0.3074067942409078,0.03532011315238279,0.0015151149051158411,1.2637468968296859,True,True,True,True,True,True,True,True,False
1,1,80,EEG MST 03-Ref,True,0.3232322819990678,0.08306267266076293,0.3208010400643346,0.07651040899582547,0.00011771783878067083,1.7442124134326311,True,True,True,True,True,True,True,True,False
1,1,81,EEG MST 04-Ref,False,0.24623111759850919,0.07178923363735283,0.24071326810805777,0.05802891570853098,0.0029136575183687143,1.5503449207514133,True,True,True,True,True,True,True,True,False
1,1,82,EEG OF 01-Ref,True,0.4356372828876474,0.21017381808862984,0.4319452033362772,0.20611392059997852,0.030880187509910704,3.3831268816709343,True,True,True,True,True,True,False,False,False
1,1,83,EEG OF 02-Ref,True,0.46296072731107263,0.22517943402008098,0.4594014983156358,0.22105038720567652,0.033102181221332856,3.6245520150535695,True,True,True,True,True,True,False,False,False
1,1,84,EEG OF 03-Ref,True,0.4701553941197923,0.22598907873120705,0.46624962001144266,0.22135717916079062,0.03369632640734764,3.559188017706697,True,True,True,True,True,True,False,False,False
1,1,85,EEG OF 04-Ref,True,0.4557398079118182,0.20788387989131532,0.45198099907622646,0.20297601370635007,0.03125070764135379,3.2978542991165436,True,True,True,True,True,True,False,False,False
1,1,86,EEG OF 05-Ref,True,0.4074834608216801,0.1605717383416245,0.40301555624850594,0.15386379679329382,0.022327637889379866,2.5916837604267715,True,True,True,True,True,True,False,False,False
1,1,87,EEG OF 06-Ref,True,0.3827561307452062,0.15365149248559457,0.37644437432876404,0.140906763535809,0.003690776887790483,2.050921996283968,True,True,True,True,True,True,False,False,False
1,1,88,EEG OF 07-Ref,True,0.35673734304560567,0.12215274703531134,0.3503643413913878,0.10724341582519965,0.002673590771608739,1.9758694368823253,True,True,True,True,True,True,True,True,False
1,1,89,EEG OF 08-Ref,True,0.3418044416763659,0.12904105029185095,0.33731310311683277,0.11596648320842244,0.036407304051298314,2.043639868062887,True,True,True,True,True,True,False,False,False
1,1,90,EEG PPO 03-Ref,False,0.140571670640808,0.06663558088004379,0.12114966679436455,0.016890122634011438,0.007869269235068213,1.0636053141121191,True,True,True,True,True,True,True,True,False
1,1,91,EEG PPO 04-Ref,True,0.28981428556314953,0.07051027524957344,0.2841657705353256,0.04574530233805756,0.012953910157483081,1.3551833085493046,True,True,True,True,True,True,True,True,False
1,1,92,EEG PPO 05-Ref,False,0.29537599234451434,0.09939900165760933,0.2886991503621076,0.08428020119730856,0.0038789570323524186,1.6078114264419854,True,True,True,True,True,True,True,True,False
1,1,93,EEG PPO 06-Ref,False,0.22959352065692876,0.09151490988146418,0.22526293568927208,0.08557373053697248,0.000437528463633713,1.9864429339901775,True,True,True,True,True,True,True,True,False
1,1,94,EEG PST 03-Ref,False,0.3550515506699221,0.08825933682527475,0.35253327028253795,0.0828117790691054,0.003052095409985711,1.9210486606928454,True,True,True,True,True,True,True,True,False
1,1,95,EEG PST 04-Ref,False,0.3356768161726856,0.08024698219015955,0.3325839839701961,0.07215757677448788,0.003183181825577072,1.7396632627219806,True,True,True,True,True,True,True,True,False
1,2,0,EEG AST 01-Ref,True,0.36908576374266144,0.08047948426930346,0.3647947476338807,0.07293475347266556,0.0004888904087845893,2.0370573946837354,True,True,True,True,True,True,False,False,False
1,2,1,EEG AST 02-Ref,True,0.3933537804592132,0.07305018683559779,0.38899581310519216,0.06426445576213632,0.0029014603620422636,1.9247587661180545,True,True,True,True,True,True,True,True,False
1,2,2,EEG AST 03-Ref,True,0.36122208430884456,0.033167064697898936,0.35865899409021335,0.01678221335036743,0.00423714100703954,1.2396239822077937,True,True,True,True,True,True,True,True,False
1,2,3,EEG AST 04-Ref,True,0.31350607872088826,0.0464023316647432,0.31049503679930274,0.02750220109959967,0.015512072025067889,1.261196792001864,True,True,True,True,True,True,True,True,False
1,2,4,EEG GRID 01-Ref,False,0.22471403580432375,0.07399624475247961,0.21932680176333177,0.06249051192601105,0.0031784147533184355,1.7066158979159711,True,True,True,True,True,True,True,True,False
1,2,5,EEG GRID 02-Ref,True,0.3334141549092933,0.10858794693154396,0.32860860150115645,0.09836700515876531,0.014864897439029499,2.1671070951974616,True,True,True,True,True,True,False,False,False
1,2,6,EEG GRID 03-Ref,True,0.35467195589723605,0.1302319190099283,0.34999652808629184,0.12191305863058054,0.017610043129594653,2.2184344715184214,True,True,True,True,True,True,False,False,False
1,2,7,EEG GRID 04-Ref,True,0.3044987396074794,0.08058906136105067,0.30065491937568933,0.07014792062725292,0.0007529835943378257,1.8849950444794001,True,True,True,True,True,True,True,True,False
1,2,8,EEG GRID 05-Ref,True,0.35493365164986557,0.07327968301450842,0.351392420368442,0.06267735844368848,0.0037535426077221967,1.905697639692751,True,True,True,True,True,True,True,True,False
1,2,9,EEG GRID 06-Ref,False,0.26504007280428477,0.083308751403392,0.25834500181958275,0.06777269112489663,0.0038452628153331906,1.5610525951691112,True,True,True,True,True,True,True,True,False
1,2,10,EEG GRID 07-Ref,True,0.3397207063672369,0.08104368711777005,0.33570750835233343,0.07002418827962073,0.019216969124292528,1.6644009076572026,True,True,True,True,True,True,True,True,False
1,2,11,EEG GRID 08-Ref,False,0.3257017792557111,0.12037844934704792,0.3209987991091282,0.1062501766765327,0.006949055845936521,1.6346277024454672,True,True,True,True,True,True,True,True,False
1,2,12,EEG GRID 09-Ref,True,0.3222902349955333,0.09718222650518502,0.3157679437774006,0.08105248504604091,0.011231563674320783,1.7258576758994755,True,True,True,True,True,True,True,True,False
1,2,13,EEG GRID 10-Ref,True,0.33343197775428784,0.09483142738890342,0.32800544129915066,0.08267719510297035,0.002031367635152505,1.9130256007144613,True,True,True,True,True,True,True,True,False
1,2,14,EEG GRID 11-Ref,True,0.27978716034207807,0.09428213343894752,0.27313399188105547,0.08164720911930444,0.017093184201147745,1.7344895338945605,True,True,True,True,True,True,True,True,False
1,2,15,EEG GRID 12-Ref,True,0.35582735892674217,0.10514279809007632,0.3504505876215509,0.09552455243917495,0.0024155476492656743,2.012324613083345,True,True,True,True,True,True,False,False,False
1,2,16,EEG GRID 13-Ref,True,0.3288533998844222,0.07481883379361812,0.3258067717425952,0.0642177521826416,0.0033380367640279806,1.755669579173939,True,True,True,True,True,True,True,True,False
1,2,17,EEG GRID 14-Ref,True,0.30981874595003767,0.08194302557471077,0.3049277282792884,0.06971763834083305,0.016733741399615115,1.6306432399235051,True,True,True,True,True,True,True,True,False
1,2,18,EEG GRID 15-Ref,True,0.3334649056921729,0.08141576071111449,0.32918592543117287,0.06996856501535446,0.011448030621238423,1.569250896517406,True,True,True,True,True,True,True,True,False
1,2,19,EEG GRID 16-Ref,False,0.27699179308463606,0.10063755236366312,0.27035843118630104,0.08340626807743003,0.0067693983688618415,1.4156620819558354,True,True,True,True,True,True,True,True,False
1,2,20,EEG GRID 17-Ref,True,0.28279098957916243,0.06719226316924932,0.275945377944993,0.03954886751602039,0.0016884098238402166,1.2837547244315488,True,True,True,True,True,True,True,True,False
1,2,21,EEG GRID 18-Ref,True,0.3511920484549858,0.07128586450609813,0.34579286457182573,0.04778611246090584,0.007380073365538738,1.4649929165949434,True,True,True,True,True,True,True,True,False
1,2,22,EEG GRID 19-Ref,False,0.2842325794168023,0.07039253830279432,0.27821104502294164,0.05465067293295757,0.0052659216335962395,1.7164167627269515,True,True,True,True,True,True,True,True,False
1,2,23,EEG GRID 21-Ref,True,0.2796098373658466,0.1050110101259185,0.2719605943270983,0.09008777042943014,0.01870954121698665,1.6978725516084159,True,True,True,True,True,True,True,True,False
1,2,24,EEG GRID 22-Ref,False,0.22756908480603372,0.06650241937769125,0.2213358050762037,0.04964012824667932,0.015444892956991467,1.440901307195553,True,True,True,True,True,True,True,True,False
1,2,25,EEG GRID 23-Ref,True,0.3032431002318216,0.06693710945868696,0.2973874453004724,0.047889777499514834,0.004531637061041652,1.3783886059785782,True,True,True,True,True,True,True,True,False
1,2,26,EEG GRID 24-Ref,True,0.2458149551308799,0.06004108576149109,0.23839274548689948,0.019378788228281388,0.002302888413989784,1.0022653352550488,True,True,True,True,True,True,True,True,False
1,2,27,EEG GRID 25-Ref,False,0.22805868912068,0.08716676937199955,0.21718569349738995,0.05838104605547795,0.01031815174569332,1.366020263800994,True,True,True,True,True,True,True,True,False
1,2,28,EEG GRID 26-Ref,True,0.2630330856457483,0.07679377462731743,0.25461164509358164,0.049101198010209235,0.002390646692712529,1.249184705026464,True,True,True,True,True,True,True,True,False
1,2,29,EEG GRID 27-Ref,True,0.25176775939782386,0.07222385621610776,0.2439072983904055,0.04909657543064191,0.0068676909382770785,1.213415852965029,True,True,True,True,True,True,True,True,False
1,2,30,EEG GRID 28-Ref,False,0.25613104628220834,0.09711707090710643,0.25134734401750325,0.08941126226555733,0.014118117111943978,1.890095030090006,True,True,True,True,True,True,True,True,False
1,2,31,EEG GRID 29-Ref,True,0.34564450027622,0.05693438101226248,0.34270989551153047,0.04186934734297477,0.0037541451484322977,1.4881602976450765,True,True,True,True,True,True,True,True,False
1,2,32,EEG GRID 30-Ref,True,0.3175247164387986,0.05964547981463055,0.31496012495628983,0.04905427416195061,0.0059670881090154995,1.5972824082654227,True,True,True,True,True,True,True,True,False
1,2,33,EEG GRID 31-Ref,True,0.33131736167590486,0.08419917063274172,0.3254455252553559,0.07202588305370444,0.0035295881457842165,1.5878575034599405,True,True,True,True,True,True,True,True,False
1,2,34,EEG GRID 32-Ref,True,0.32236614563069166,0.05303181596282889,0.31828956550327614,0.03920701526747784,0.005464158735481509,1.3797932793967025,True,True,True,True,True,True,True,True,False
1,2,35,EEG GRID 33-Ref,True,0.20390709288826012,0.0736272234831987,0.18848910620039738,0.026717284194998445,0.006604166259413181,1.1592083658785197,True,True,True,True,True,True,True,True,False
1,2,36,EEG GRID 35-Ref,True,0.2954217755448896,0.05981492800468268,0.29061686021656585,0.03719776821775549,0.015479413417987385,1.295580386822596,True,True,True,True,True,True,True,True,False
1,2,37,EEG GRID 36-Ref,True,0.31790115934763863,0.06610964839174756,0.31261167963393016,0.04975802729584672,0.013146998178237763,1.4259294798480415,True,True,True,True,True,True,True,True,False
1,2,38,EEG GRID 37-Ref,False,0.29947679568795754,0.06358509509751499,0.2952766566509823,0.04777271776016688,0.01184910997191609,1.5439068626666204,True,True,True,True,True,True,True,True,False
1,2,39,EEG GRID 38-Ref,False,0.2693306625136239,0.07064020181610338,0.26447117147287674,0.05839461683867159,0.020037287134445178,1.6524547630663937,True,True,True,True,True,True,True,True,False
1,2,40,EEG GRID 39-Ref,True,0.3466592777474853,0.09129423183655312,0.3405769874750404,0.08226457257469358,0.009979439841755264,1.7781620972908936,True,True,True,True,True,True,True,True,False
1,2,41,EEG GRID 40-Ref,False,0.33452326009721284,0.07213642541241586,0.33089431898287713,0.06455747820188452,0.004415828333583836,1.8629095290365463,True,True,True,True,True,True,True,True,False
1,2,42,EEG GRID 41-Ref,True,0.20971603720507848,0.0881840539374756,0.18850397807777317,0.05777106351842036,0.014534559547191725,1.373418922862617,True,True,True,True,True,True,True,True,False
1,2,43,EEG GRID 42-Ref,True,0.2873994751521173,0.05307169316696305,0.2805997196244009,0.01739007372850498,0.014570968571952034,1.0922114393822286,True,True,True,True,True,True,True,True,False
1,2,44,EEG GRID 43-Ref,True,0.3051740750726923,0.057230279915988065,0.296741178821856,0.012185324090578023,0.006228562764928694,1.0753276715191276,True,True,True,True,True,True,True,True,False
1,2,45,EEG GRID 44-Ref,True,0.2940282879875339,0.05369769093637599,0.28629698460399633,0.004742397998134531,0.0003970976959929871,1.012049765304505,True,True,True,True,True,True,True,True,False
1,2,46,EEG GRID 45-Ref,True,0.34531044969441116,0.05775849584678489,0.3368551304938495,0.03455057110163602,0.00458381148771693,1.3414555137948136,True,True,True,True,True,True,True,True,False
1,2,47,EEG GRID 46-Ref,True,0.39630779625026974,0.06919368302450052,0.38972127070281093,0.05547093373073566,0.0006210982455538846,1.6776752845564946,True,True,True,True,True,True,True,True,False
1,2,48,EEG GRID 47-Ref,True,0.37493536508718533,0.06139769475905214,0.3705597759675359,0.05151539892035345,0.0020445081947752107,1.7474145001410948,True,True,True,True,True,True,True,True,False
1,2,49,EEG GRID 48-Ref,False,0.33288493682895065,0.07284505303910109,0.32973336329893,0.05775460841022211,0.002997353115029671,1.520881161346374,True,True,True,True,True,True,True,True,False
1,2,50,EEG GRID 49-Ref,True,0.2830759347960149,0.05778807173921615,0.27418324969155583,0.017550399005375274,0.0152210027895332,1.0752281557837478,True,True,True,True,True,True,True,True,False
1,2,51,EEG GRID 50-Ref,True,0.24475932217516785,0.0586747687932921,0.23877891299913548,0.03143499515759691,0.009607091224977108,1.2293946853121056,True,True,True,True,True,True,True,True,False
1,2,52,EEG GRID 51-Ref,True,0.32329625067594125,0.06282270346718936,0.3184620786763249,0.04512466420107295,0.009042278936158797,1.4442513942006743,True,True,True,True,True,True,True,True,False
1,2,53,EEG GRID 52-Ref,True,0.305595223915607,0.07386115828374568,0.3015449996964153,0.05839044866207322,0.005579472382550313,1.5334018560217029,True,True,True,True,True,True,True,True,False
1,2,54,EEG GRID 53-Ref,True,0.28737475552634273,0.05672954578064078,0.27675928105093933,0.011287777962609945,0.008847190540681593,1.0436396397659908,True,True,True,True,True,True,True,True,False
1,2,55,EEG GRID 54-Ref,True,0.3737226528473769,0.054357833700612916,0.36596158879721463,0.035015469333543,4.424490776539037e-05,1.510705045254987,True,True,True,True,True,True,True,True,False
1,2,56,EEG GRID 55-Ref,True,0.3535004751421416,0.05090668561000922,0.34930274360178293,0.038549674762045384,0.0015902901920362912,1.5402936109476166,True,True,True,True,True,True,True,True,False
1,2,57,EEG GRID 56-Ref,True,0.32352425212074637,0.058461448140564844,0.31818836077165313,0.010302366755721165,0.006743368638962191,1.029213054589117,True,True,True,True,True,True,True,True,False
1,2,58,EEG GRID 57-Ref,True,0.31038010027042034,0.07461370589530918,0.3022474704913729,0.030650069701818418,0.015893266751392195,1.14143718615824,True,True,True,True,True,True,True,True,False
1,2,59,EEG GRID 58-Ref,True,0.3197401679188936,0.06504061065851859,0.31177198839427783,0.012342864685037125,0.006494719854129755,1.077996440342334,True,True,True,True,True,True,True,True,False
1,2,60,EEG GRID 59-Ref,True,0.28279373845935907,0.07430542929423434,0.27358117686710437,0.032709754887202805,0.01680675776660489,1.151330336247111,True,True,True,True,True,True,True,True,False
1,2,61,EEG GRID 60-Ref,True,0.3315448087855246,0.07434293460784572,0.3280659365280265,0.055889828853205654,0.017321596642788848,1.4535882241702163,True,True,True,True,True,True,True,True,False
1,2,62,EEG GRID 61-Ref,False,0.27361436249713805,0.09309195684113189,0.2689839657723201,0.07610742421385829,0.006102994931247946,1.5734457625836384,True,True,True,True,True,True,True,True,False
1,2,63,EEG GRID 62-Ref,True,0.275312958943563,0.06591887094388454,0.2697505404631726,0.03470041046702481,0.02068087089704935,1.2033686751319492,True,True,True,True,True,True,True,True,False
1,2,64,EEG GRID 63-Ref,False,0.2712920286416031,0.05445545209823301,0.2668749482618128,0.037224719784261825,0.004905318682260938,1.4267929833368305,True,True,True,True,True,True,True,True,False
1,2,65,EEG GRID 64-Ref,True,0.28759468431003,0.05464846557493147,0.28314719253766746,0.0376170570025315,0.002629241765845242,1.512227716504087,True,True,True,True,True,True,True,True,False
1,2,66,EEG LA 01-Ref,True,0.27243436261211296,0.06471308904712782,0.2623560143449883,0.02779460285018736,0.005578218327433663,1.1509024922254982,True,True,True,True,True,True,True,True,False
1,2,67,EEG LA 02-Ref,True,0.3087235346390056,0.08165808338234072,0.3000561962384102,0.05644990568157631,0.012804908615429357,1.3695981360999245,True,True,True,True,True,True,True,True,False
1,2,68,EEG LA 03-Ref,True,0.3470182856036942,0.07608959969995918,0.3392996311335787,0.05359391775524323,0.008249678922896707,1.4237272626635167,True,True,True,True,True,True,True,True,False
1,2,69,EEG LA 04-Ref,True,0.3444692310595563,0.07004053024168412,0.33511385733365445,0.04006170801101484,0.002463947884885263,1.2725958520456575,True,True,True,True,True,True,True,True,False
1,2,70,EEG LFP 01-Ref,True,0.36619002947194484,0.14846635325371174,0.35981931701786907,0.1395249147043568,0.00010025731147530754,2.831107976266064,True,True,True,True,True,True,False,False,False
1,2,71,EEG LFP 02-Ref,True,0.3774639283410414,0.13318958069868936,0.369153725433403,0.1200539525529259,0.006738969315385623,2.2293503171077145,True,True,True,True,True,True,False,False,False
1,2,72,EEG LFP 03-Ref,True,0.33367957800282266,0.11086635937252319,0.32814951857611613,0.10250435112914899,0.013324784704875935,2.329553259581195,True,True,True,True,True,True,False,False,False
1,2,73,EEG LFP 04-Ref,True,0.4027775525100036,0.1919762225386732,0.39591880940862784,0.18623677860748827,0.030651064069333895,2.972846081476086,True,True,True,True,True,True,False,False,False
1,2,74,EEG LFP 05-Ref,True,0.4250414969581894,0.18103261609043647,0.4200479562287167,0.17501710482539262,0.03374429809207318,2.988974379816022,True,True,True,True,True,True,False,False,False
1,2,75,EEG LFP 06-Ref,True,0.3765677945819493,0.12440469340080575,0.37223019641053123,0.11663144327627237,0.015809655193404486,2.1680696832729445,True,True,True,True,True,True,False,False,False
1,2,76,EEG LH 01-Ref,True,0.3468849716702229,0.06429007457893031,0.34079611890007355,0.04257382629312558,0.005967553926557882,1.3496324981089576,True,True,True,True,True,True,True,True,False
1,2,77,EEG LH 02-Ref,True,0.3800678758976771,0.07423910932074002,0.37276403966235017,0.05393914228585705,0.011280268507204524,1.4233543282091499,True,True,True,True,True,True,True,True,False
1,2,78,EEG LH 03-Ref,True,0.37790995201819283,0.06958934745777379,0.37044709392371317,0.04994493078345716,0.0018297900945265415,1.4474392682255188,True,True,True,True,True,True,True,True,False
1,2,79,EEG LH 04-Ref,True,0.31503319324119006,0.06168109871714661,0.3057260184358389,0.0318110084416535,0.0010431976078943428,1.231549192009773,True,True,True,True,True,True,True,True,False
1,2,80,EEG MST 03-Ref,True,0.30679184600641674,0.08284762805600568,0.3041904855377569,0.07606150187143584,0.0001604846970970524,1.7283096631412314,True,True,True,True,True,True,True,True,False
1,2,81,EEG MST 04-Ref,False,0.22860751969142007,0.07106837830405549,0.22249983815447721,0.05861213801412057,0.003031805644208346,1.5550120211920853,True,True,True,True,True,True,True,True,False
1,2,82,EEG OF 01-Ref,True,0.4295999771667166,0.20255755618833654,0.42586282976043366,0.197972955923925,0.03071014727595016,3.28907770237231,True,True,True,True,True,True,False,False,False
1,2,83,EEG OF 02-Ref,True,0.4559291526987619,0.2177603567231562,0.4523018134194167,0.2131322012223338,0.03300615720716241,3.524553939635161,True,True,True,True,True,True,False,False,False
1,2,84,EEG OF 03-Ref,True,0.4559529125973092,0.21725320029576128,0.45201608453771563,0.212669260603179,0.03364219242384063,3.453864441408377,True,True,True,True,True,True,False,False,False
1,2,85,EEG OF 04-Ref,True,0.43505920582462804,0.19920302099780995,0.43135150783107706,0.194419367717411,0.031213211873643648,3.1981533182863013,True,True,True,True,True,True,False,False,False
1,2,86,EEG OF 05-Ref,True,0.3809621419639719,0.15343465576047494,0.37601301791405445,0.1461568297323601,0.022334655872203978,2.5135728761876233,True,True,True,True,True,True,False,False,False
1,2,87,EEG OF 06-Ref,True,0.34845253831510337,0.14645834284685458,0.34166942428981534,0.13147597542241224,0.003712436923463403,1.9839843672407695,True,True,True,True,True,True,True,True,False
1,2,88,EEG OF 07-Ref,True,0.3348275610814863,0.11527492850016788,0.3283713965988316,0.09891160461753794,0.002545696685282232,1.9056374548807211,True,True,True,True,True,True,True,True,False
1,2,89,EEG OF 08-Ref,True,0.3311474619786137,0.12470567344442055,0.32581121106703903,0.11043671926962782,0.03661935360479306,1.9924946882536891,True,True,True,True,True,True,True,True,False
1,2,90,EEG PPO 03-Ref,False,0.1412484113924829,0.0679623591191307,0.1201408041568944,0.020426391060708943,0.00835842974126946,1.109240411788189,True,True,True,True,True,True,True,True,False
1,2,91,EEG PPO 04-Ref,True,0.30090887174314024,0.06963971731083574,0.29503045426569746,0.04312149530809847,0.011811472634095616,1.3304218752788128,True,True,True,True,True,True,True,True,False
1,2,92,EEG PPO 05-Ref,False,0.3067262040312634,0.09288299015917717,0.3006532947549484,0.07802901328673809,0.002977176567820998,1.5729373782620408,True,True,True,True,True,True,True,True,False
1,2,93,EEG PPO 06-Ref,False,0.23759710114476967,0.08747713242164848,0.23356926776885234,0.08104963229320201,0.00017506410834442583,1.952723960148874,True,True,True,True,True,True,True,True,False
1,2,94,EEG PST 03-Ref,False,0.3390171580164606,0.08604849299549815,0.33643947739007457,0.08055550396848353,0.0031697597126692746,1.8967012820243858,True,True,True,True,True,True,True,True,False
1,2,95,EEG PST 04-Ref,False,0.31872049266906305,0.07797788413504261,0.31537066080951126,0.0691533323793238,0.003268145028808486,1.7084014123615041,True,True,True,True,True,True,True,True,False
2,0,0,EEG AST 01-Ref,True,0.3548103833731593,0.07955083308629644,0.35104264872137636,0.07038587014646232,0.006718459750282236,1.9909677474040908,True,True,True,True,True,True,True,True,False
2,0,1,EEG AST 02-Ref,True,0.38053370538575326,0.07440271477628627,0.3742527104291787,0.06494248811633954,0.009828612272699733,1.9390282484010193,True,True,True,True,True,True,True,True,False
2,0,2,EEG AST 03-Ref,True,0.3552809995374509,0.035560059279812886,0.35026181651306487,0.01766844381869442,0.0061306704544887205,1.2890501182766805,True,True,True,True,True,True,True,True,False
2,0,3,EEG AST 04-Ref,True,0.306650665821472,0.04653494041467018,0.30142997698509266,0.0255765814487171,0.013535829263997358,1.2636385090817674,True,True,True,True,True,True,True,True,False
2,0,4,EEG GRID 01-Ref,False,0.232227459090703,0.07447068970468042,0.22759528278033153,0.0644539891831899,0.0014230705233621397,1.7187593024439907,True,True,True,True,True,True,True,True,False
2,0,5,EEG GRID 02-Ref,True,0.3463722901235981,0.10927897316787402,0.33816925278296034,0.09987092786922395,0.0001689800019959736,2.1837208322391937,True,True,True,True,True,True,False,False,False
2,0,6,EEG GRID 03-Ref,True,0.3629134558533024,0.12994729912843092,0.3558904601016957,0.12100174639056126,0.00017112796124760135,2.216655656673119,True,True,True,True,True,True,False,False,False
2,0,7,EEG GRID 04-Ref,True,0.3034232582330687,0.0791723910026252,0.299159196822772,0.06629530301482268,0.012813718782827067,1.8066751740959335,True,True,True,True,True,True,True,True,False
2,0,8,EEG GRID 05-Ref,True,0.3631030315727414,0.07182096058894454,0.3594680019638854,0.0627763715608481,0.010779971098523954,1.8187205907029333,True,True,True,True,True,True,True,True,False
2,0,9,EEG GRID 06-Ref,False,0.26935858566396237,0.08586202875072486,0.2631022672411975,0.0724685219280157,0.0042284749444296416,1.5906407129788387,True,True,True,True,True,True,True,True,False
2,0,10,EEG GRID 07-Ref,True,0.3362998548998729,0.0815688625001771,0.33295710123060734,0.07110477673868451,0.01707716484341548,1.6817613595310033,True,True,True,True,True,True,True,True,False
2,0,11,EEG GRID 08-Ref,False,0.32825721241378514,0.12699493188505956,0.3230695076265204,0.11147012740076992,0.0024056371199464377,1.6647444688355806,True,True,True,True,True,True,True,True,False
2,0,12,EEG GRID 09-Ref,True,0.3425113736713201,0.09043427838606734,0.33495060294715734,0.07713928905952032,0.008378671975415595,1.6982016718918413,True,True,True,True,True,True,True,True,False
2,0,13,EEG GRID 10-Ref,True,0.3526637307149216,0.098639478307124,0.34629301464580253,0.08703396949735441,0.019253972320403365,1.9068439287287486,True,True,True,True,True,True,True,True,False
2,0,14,EEG GRID 11-Ref,True,0.2966368999033811,0.1066490933456781,0.29057328338112987,0.09180317896278085,0.026665874887515883,1.8192415707313703,True,True,True,True,True,True,True,True,False
2,0,15,EEG GRID 12-Ref,True,0.3679357037510794,0.10907640539473455,0.3612929173976891,0.09707817568610533,0.013748425317353569,2.031594382150981,True,True,True,True,True,True,False,False,False
2,0,16,EEG GRID 13-Ref,True,0.33748741086947853,0.07364101758219832,0.33326745441710476,0.06372994902567446,0.004718352050041125,1.7351262360547393,True,True,True,True,True,True,True,True,False
2,0,17,EEG GRID 14-Ref,True,0.32127099566953815,0.08393056034447795,0.3149054936939062,0.07152564206315204,0.0101431287847318,1.657979674334628,True,True,True,True,True,True,True,True,False
2,0,18,EEG GRID 15-Ref,True,0.329524600089275,0.0863227630597078,0.325162864326827,0.07378551229034193,0.010493575878866557,1.6273057806568652,True,True,True,True,True,True,True,True,False
2,0,19,EEG GRID 16-Ref,False,0.28127092967268785,0.1091346673030426,0.27525109752952376,0.09348130147590535,0.005366800998096941,1.4816261522508698,True,True,True,True,True,True,True,True,False
2,0,20,EEG GRID 17-Ref,True,0.302327671576955,0.06341620718603157,0.2956808395583732,0.03793376954918776,0.003332829622291804,1.2719084364462827,True,True,True,True,True,True,True,True,False
2,0,21,EEG GRID 18-Ref,True,0.36813093037252453,0.06502332362913875,0.3627939831678211,0.045382587303509025,0.0028018542072704325,1.412929524956966,True,True,True,True,True,True,True,True,False
2,0,22,EEG GRID 19-Ref,False,0.2726172093814532,0.05920221667903404,0.26868877490532395,0.04527691376429308,0.010664394820785178,1.5014100816042952,True,True,True,True,True,True,True,True,False
2,0,23,EEG GRID 21-Ref,True,0.2924033550633061,0.10381430985151632,0.2863022002491403,0.093224214410151,0.008848368575981862,1.7171737454847567,True,True,True,True,True,True,True,True,False
2,0,24,EEG GRID 22-Ref,False,0.23154670915553807,0.06603680636442813,0.2264623235934308,0.05008819637743359,0.009274597219314909,1.4466276454175142,True,True,True,True,True,True,True,True,False
2,0,25,EEG GRID 23-Ref,True,0.30874846323305466,0.07919587791214762,0.30219953698119806,0.06049854564688695,0.0032754511831228844,1.4777166524987924,True,True,True,True,True,True,True,True,False
2,0,26,EEG GRID 24-Ref,True,0.25909022877163224,0.06532517748626049,0.2502224831876379,0.027345272669586078,0.005379469798937226,1.058219361344383,True,True,True,True,True,True,True,True,False
2,0,27,EEG GRID 25-Ref,False,0.24024933887411568,0.07997503819769629,0.232368428954957,0.056703065023800875,0.00252047072861074,1.3561442285494647,True,True,True,True,True,True,True,True,False
2,0,28,EEG GRID 26-Ref,True,0.278208099538276,0.08158844442190645,0.2712905742497671,0.05708482155661719,0.00044641142080784177,1.3123424969386852,True,True,True,True,True,True,True,True,False
2,0,29,EEG GRID 27-Ref,True,0.2551251915076749,0.07907152630215061,0.24687391042249926,0.05736827989933654,0.0044774157762049495,1.2861792903648923,True,True,True,True,True,True,True,True,False
2,0,30,EEG GRID 28-Ref,False,0.263275858261438,0.09980423332043972,0.25920561865220076,0.092803854918083,0.005201233545418846,1.9374072434037515,True,True,True,True,True,True,True,True,False
2,0,31,EEG GRID 29-Ref,True,0.36149237754693275,0.06213543730198527,0.35495802550235883,0.04464238995921324,0.003988945553233322,1.5248742547004739,True,True,True,True,True,True,True,True,False
2,0,32,EEG GRID 30-Ref,True,0.34080407081176795,0.06494379706509515,0.33584198161981405,0.0537152224011752,0.011302862117878194,1.6431001155189158,True,True,True,True,True,True,True,True,False
2,0,33,EEG GRID 31-Ref,True,0.3482107676103206,0.08667447308208123,0.34206020287349437,0.07306159336514516,0.004080884655755652,1.5986009099356724,True,True,True,True,True,True,True,True,False
2,0,34,EEG GRID 32-Ref,True,0.370852430064486,0.05564182129636694,0.36665314443507324,0.04234733793434847,0.0006250572483545101,1.423726688833525,True,True,True,True,True,True,True,True,False
2,0,35,EEG GRID 33-Ref,True,0.22072174314994136,0.0661865103088144,0.20539706760284304,0.0191703522840655,0.010761291761901501,1.0962572553833667,True,True,True,True,True,True,True,True,False
2,0,36,EEG GRID 35-Ref,True,0.30907753768732144,0.058275825093008736,0.3041447258748274,0.036206463687577226,0.010557300018876408,1.2990258355776314,True,True,True,True,True,True,True,True,False
2,0,37,EEG GRID 36-Ref,True,0.3342953953769002,0.06622298348984659,0.3273806250411934,0.04476071400453716,0.009602597992951274,1.4152752860642845,True,True,True,True,True,True,True,True,False
2,0,38,EEG GRID 37-Ref,False,0.3211987484431225,0.06440509823206435,0.3169951557755467,0.05077359918823313,0.01050619982038328,1.5817072217030992,True,True,True,True,True,True,True,True,False
2,0,39,EEG GRID 38-Ref,False,0.2702451747379341,0.06530913767637306,0.26655453631940523,0.05447595335624286,0.011109635636107992,1.6012257500665679,True,True,True,True,True,True,True,True,False
2,0,40,EEG GRID 39-Ref,True,0.3514224888739524,0.08964751749133318,0.3466146668342972,0.08015550106038777,0.017405959681011714,1.7550022551561921,True,True,True,True,True,True,True,True,False
2,0,41,EEG GRID 40-Ref,False,0.37815390862798387,0.07534225341876977,0.3734080701779797,0.06807203591759846,0.0066083797551050975,1.9097205201189766,True,True,True,True,True,True,True,True,False
2,0,42,EEG GRID 41-Ref,True,0.2189463957959665,0.0852377036094557,0.19925618883792218,0.05550134585509088,0.010211627204645812,1.352603255164493,True,True,True,True,True,True,True,True,False
2,0,43,EEG GRID 42-Ref,True,0.3204893171393374,0.053860642150838356,0.313564653817009,0.024746221479626577,0.015209345921640322,1.1554869978742435,True,True,True,True,True,True,True,True,False
2,0,44,EEG GRID 43-Ref,True,0.3349420063687382,0.05993726047938533,0.32669194207304186,0.018336884147502595,0.005145911677721956,1.124793679457904,True,True,True,True,True,True,True,True,False
2,0,45,EEG GRID 44-Ref,True,0.31950949487771935,0.05963587253719698,0.31270446451394324,0.006775050936220179,0.0024965646609099645,1.0321944680727926,True,True,True,True,True,True,True,True,False
2,0,46,EEG GRID 45-Ref,True,0.34255389659143964,0.056015341196357746,0.3388907836472016,0.03509665207883947,0.0008263376211031478,1.3409873908833063,True,True,True,True,True,True,True,True,False
2,0,47,EEG GRID 46-Ref,True,0.37574287629152664,0.06389497501292475,0.3723674042296048,0.05109168985387861,0.0068828001940583914,1.5528441053722526,True,True,True,True,True,True,True,True,False
2,0,48,EEG GRID 47-Ref,True,0.38690893539520427,0.05847646465370688,0.3834975280963447,0.04924350546690873,0.006909465961124838,1.663211973906723,True,True,True,True,True,True,True,True,False
2,0,49,EEG GRID 48-Ref,False,0.3463232208935487,0.06979317234915738,0.3421404016614585,0.056838983906564326,0.005131964735088597,1.5220593338877968,True,True,True,True,True,True,True,True,False
2,0,50,EEG GRID 49-Ref,True,0.26126916955145535,0.0567180817540334,0.2503018804327666,0.012042257686300373,0.010934342025485606,1.0484489827240135,True,True,True,True,True,True,True,True,False
2,0,51,EEG GRID 50-Ref,True,0.2725651896207987,0.062276544120376934,0.26549404912461994,0.03906519442069604,0.0012664839892146634,1.3000433759619785,True,True,True,True,True,True,True,True,False
2,0,52,EEG GRID 51-Ref,True,0.33129487939204555,0.06520237460746046,0.32518413014303615,0.04840515815725508,0.01425157983530649,1.4700172383640118,True,True,True,True,True,True,True,True,False
2,0,53,EEG GRID 52-Ref,True,0.309049872904945,0.06838305745728152,0.3047730185156697,0.05435343236558478,0.0073254740500118785,1.497032091295597,True,True,True,True,True,True,True,True,False
2,0,54,EEG GRID 53-Ref,True,0.2891883670623669,0.05996936878976864,0.2784274511802944,0.013134681638040371,0.005498570706784451,1.0778451116660792,True,True,True,True,True,True,True,True,False
2,0,55,EEG GRID 54-Ref,True,0.3576210425465714,0.049934827498599885,0.353559456938496,0.03297952222972338,0.00096566853265109,1.3682545683255851,True,True,True,True,True,True,True,True,False
2,0,56,EEG GRID 55-Ref,True,0.3584215305628542,0.054167879864041917,0.3547598445729791,0.042099250977282975,0.004122596163851097,1.5703200763045977,True,True,True,True,True,True,True,True,False
2,0,57,EEG GRID 56-Ref,True,0.3389098483535197,0.053737255279162795,0.3336206947160749,0.009677355520802604,0.006183658650197416,1.0027367863732128,True,True,True,True,True,True,True,True,False
2,0,58,EEG GRID 57-Ref,True,0.29490810424496344,0.07122559565601845,0.28505821446440033,0.03139524944679752,0.014582504828070181,1.1496308132554522,True,True,True,True,True,True,True,True,False
2,0,59,EEG GRID 58-Ref,True,0.3012608228279461,0.060861250289935664,0.2934603215912723,0.014882285790780258,0.0029010105453116954,1.052734372582101,True,True,True,True,True,True,True,True,False
2,0,60,EEG GRID 59-Ref,True,0.2854233154106499,0.07072472931163672,0.27612279830073927,0.03242728295776072,0.020404653281198993,1.1479269668690344,True,True,True,True,True,True,True,True,False
2,0,61,EEG GRID 60-Ref,True,0.3519291774910167,0.07422141049025062,0.3474621409449598,0.05591297447464677,0.020691032360603455,1.4570907393337977,True,True,True,True,True,True,True,True,False
2,0,62,EEG GRID 61-Ref,False,0.28582725687452193,0.09656777155817908,0.28085480221366166,0.08134050556305836,0.010294158606556093,1.602695854295851,True,True,True,True,True,True,True,True,False
2,0,63,EEG GRID 62-Ref,True,0.2869824332386448,0.0696391954805049,0.28093611717839506,0.04201079651567483,0.024636800297398318,1.255396328163081,True,True,True,True,True,True,True,True,False
2,0,64,EEG GRID 63-Ref,False,0.28020003269344607,0.05277009282197374,0.2758188614239824,0.03769895103026873,0.003651794397517817,1.4375157633998916,True,True,True,True,True,True,True,True,False
2,0,65,EEG GRID 64-Ref,True,0.2926009312933657,0.05202917655476886,0.2878328989895217,0.03747565859460688,0.0029978616442661392,1.432465342617588,True,True,True,True,True,True,True,True,False
2,0,66,EEG LA 01-Ref,True,0.2927724580321644,0.06834365541519179,0.2754137371197229,0.03363203124933584,0.008752012016775583,1.187998938122889,True,True,True,True,True,True,True,True,False
2,0,67,EEG LA 02-Ref,True,0.31269995776688153,0.08849213189169639,0.2971908511171298,0.06447904246058402,0.008174131608650744,1.4369671398728776,True,True,True,True,True,True,True,True,False
2,0,68,EEG LA 03-Ref,True,0.33628284778497525,0.0763697393888492,0.3241146601299094,0.054730062752472476,0.007612814194352336,1.450383300390194,True,True,True,True,True,True,True,True,False
2,0,69,EEG LA 04-Ref,True,0.3373941832717912,0.06878695336467437,0.3240061396312474,0.041135625792907596,0.0030102841460015878,1.2921758421444023,True,True,True,True,True,True,True,True,False
2,0,70,EEG LFP 01-Ref,True,0.3952176720535717,0.15273589077410782,0.38493311018295306,0.14493945329118263,0.023604209664847876,2.956012779521621,True,True,True,True,True,True,False,False,False
2,0,71,EEG LFP 02-Ref,True,0.4147818923104147,0.1401716638548515,0.39895308605102126,0.12595995266970697,0.0160850893958247,2.347173801646278,True,True,True,True,True,True,False,False,False
2,0,72,EEG LFP 03-Ref,True,0.3711876300523819,0.1176194266837401,0.3619055036977466,0.10727776893344605,0.00019656245796605175,2.419564058404316,True,True,True,True,True,True,False,False,False
2,0,73,EEG LFP 04-Ref,True,0.42257234238476443,0.19428761155231933,0.4114630057360042,0.18539070658340098,0.02724796117108952,2.9742501254715976,True,True,True,True,True,True,False,False,False
2,0,74,EEG LFP 05-Ref,True,0.43016354879565627,0.17893624678462766,0.42114793480408974,0.17197664529414672,0.03853332568876873,2.948347464374874,True,True,True,True,True,True,False,False,False
2,0,75,EEG LFP 06-Ref,True,0.376185704479819,0.1215601781257825,0.3696256683614184,0.11318262984267033,0.02192532875952195,2.142797555151586,True,True,True,True,True,True,False,False,False
2,0,76,EEG LH 01-Ref,True,0.3552735491888438,0.06668203056414018,0.3441087235818623,0.04778339444781856,0.008101531471875346,1.3962041259408866,True,True,True,True,True,True,True,True,False
2,0,77,EEG LH 02-Ref,True,0.3736257703178426,0.07471871154024598,0.36253026695144874,0.0573445679580501,0.012902876819560805,1.4534357181443904,True,True,True,True,True,True,True,True,False
2,0,78,EEG LH 03-Ref,True,0.3672338024332694,0.06684727586441645,0.3577580834847615,0.05037901722165707,0.002818984397638128,1.4468831910130178,True,True,True,True,True,True,True,True,False
2,0,79,EEG LH 04-Ref,True,0.30732473749088285,0.054802027031888384,0.2983319095020693,0.03205494778467868,0.0058145428600376945,1.2162731569368526,True,True,True,True,True,True,True,True,False
2,0,80,EEG MST 03-Ref,True,0.29944041918621367,0.08526865080564798,0.29631588065897135,0.07809250955020618,0.0041829569321338265,1.7437685637345408,True,True,True,True,True,True,True,True,False
2,0,81,EEG MST 04-Ref,False,0.23005510303968352,0.06561410237181879,0.2248636381989413,0.051823581716931945,0.004224627291393147,1.4949614825133442,True,True,True,True,True,True,True,True,False
2,0,82,EEG OF 01-Ref,True,0.436275101842657,0.21167162509477405,0.4258050627073287,0.20400341192151109,0.04566310437419718,3.301342442946929,True,True,True,True,True,True,False,False,False
2,0,83,EEG OF 02-Ref,True,0.46623528491223265,0.22746183081557428,0.4556245459224104,0.2199335732790591,0.04657694175605118,3.549262608012481,True,True,True,True,True,True,False,False,False
2,0,84,EEG OF 03-Ref,True,0.4690296494428218,0.2277400056722054,0.45784715869839837,0.22002349491403184,0.04784094216012975,3.4788334858605707,True,True,True,True,True,True,False,False,False
2,0,85,EEG OF 04-Ref,True,0.45047575758217745,0.20909679450649052,0.4392273752827743,0.2009424919459718,0.046325905542208355,3.2189723948105615,True,True,True,True,True,True,False,False,False
2,0,86,EEG OF 05-Ref,True,0.3984393252937715,0.15979372246697474,0.38669025052628886,0.15071959341840943,0.03873209871537344,2.527395349332566,True,True,True,True,True,True,False,False,False
2,0,87,EEG OF 06-Ref,True,0.368673592139727,0.14559830806600643,0.3528635169764001,0.13215007005880056,0.02227178634581567,1.9762019598961675,True,True,True,True,True,True,True,True,False
2,0,88,EEG OF 07-Ref,True,0.3361179686142107,0.1090816840186479,0.3255735024080473,0.09720614437056892,0.02360914421889816,1.8639660832666936,True,True,True,True,True,True,True,True,False
2,0,89,EEG OF 08-Ref,True,0.34075502442390526,0.11609841489743994,0.33412745456099885,0.10395492765013178,0.01748828335099107,1.9555078754658564,True,True,True,True,True,True,True,True,False
2,0,90,EEG PPO 03-Ref,False,0.15499348233467275,0.07054774332763812,0.13323112990044078,0.01409027129267672,0.005949485341592409,1.0450603275556478,True,True,True,True,True,True,True,True,False
2,0,91,EEG PPO 04-Ref,True,0.3268800494148791,0.07704206146694195,0.31872921412120586,0.052484965389374846,0.0143936019082253,1.4035082615018228,True,True,True,True,True,True,True,True,False
2,0,92,EEG PPO 05-Ref,False,0.3312075730575413,0.10487961652381089,0.3241253156434843,0.08852828299169677,0.0033191013652541577,1.649458856139419,True,True,True,True,True,True,True,True,False
2,0,93,EEG PPO 06-Ref,False,0.255356537416266,0.09815815121693856,0.25132404542555153,0.0913785686421836,0.0035553879093092157,2.0459775337847845,True,True,True,True,True,True,False,False,False
2,0,94,EEG PST 03-Ref,False,0.331464504810466,0.08549718948593608,0.32868531709303356,0.07950561138957271,0.005384182815209602,1.8791213901568733,True,True,True,True,True,True,True,True,False
2,0,95,EEG PST 04-Ref,False,0.3112132673712205,0.07759459567369378,0.3078047515085287,0.06872491152994929,0.0035836389350190224,1.7014148908954447,True,True,True,True,True,True,True,True,False
2,1,0,EEG AST 01-Ref,True,0.3618859130730561,0.07508241298290703,0.3580690020912766,0.06630634893887816,0.0064935997048934345,1.9588217613459404,True,True,True,True,True,True,True,True,False
2,1,1,EEG AST 02-Ref,True,0.3912798916639366,0.07062078990437197,0.3854940442751233,0.060863311994407664,0.009375596107476908,1.8978380604888316,True,True,True,True,True,True,True,True,False
2,1,2,EEG AST 03-Ref,True,0.37320584701227993,0.03720112396780117,0.3677040520412618,0.021477260793586302,0.005923989815620511,1.3337124335772454,True,True,True,True,True,True,True,True,False
2,1,3,EEG AST 04-Ref,True,0.3118540291022101,0.048194561942480896,0.3069883831834264,0.02818337455041767,0.013884787986523192,1.2997234293845872,True,True,True,True,True,True,True,True,False
2,1,4,EEG GRID 01-Ref,False,0.2148334494870507,0.07112797643119037,0.20920894141712473,0.06020189088805167,0.001587460431732306,1.6617910371963276,True,True,True,True,True,True,True,True,False
2,1,5,EEG GRID 02-Ref,True,0.3415194220949262,0.10376651910825666,0.3346183649841182,0.09466083986405016,0.000765112655574549,2.105632859358542,True,True,True,True,True,True,False,False,False
2,1,6,EEG GRID 03-Ref,True,0.3473850071171775,0.12079467162908657,0.3404549060346423,0.1116645992145286,0.0004809511271256187,2.1245532817324326,True,True,True,True,True,True,False,False,False
2,1,7,EEG GRID 04-Ref,True,0.2834175146263619,0.07524978262837224,0.27869495853325793,0.06161639403835297,0.012526763271698759,1.738809863228692,True,True,True,True,True,True,True,True,False
2,1,8,EEG GRID 05-Ref,True,0.33507180254036906,0.06611048880585861,0.33122437912993186,0.05607664141338346,0.010444208962120017,1.7346031116791518,True,True,True,True,True,True,True,True,False
2,1,9,EEG GRID 06-Ref,False,0.2631270527092523,0.08303543826550802,0.25684739664645195,0.06842403062715138,0.004253107703177838,1.5619552002243828,True,True,True,True,True,True,True,True,False
2,1,10,EEG GRID 07-Ref,True,0.34051673331078747,0.08078735324077657,0.3371367256772406,0.07092434921587927,0.01707717013346311,1.6735996369313137,True,True,True,True,True,True,True,True,False
2,1,11,EEG GRID 08-Ref,False,0.3273248138813583,0.11984206083809444,0.321956913649262,0.10615733018423518,0.0018231961301905448,1.6237787322788153,True,True,True,True,True,True,True,True,False
2,1,12,EEG GRID 09-Ref,True,0.33376600855117894,0.08785026955136328,0.32694886409659385,0.07394278819735187,0.008935751697087529,1.6526810107441985,True,True,True,True,True,True,True,True,False
2,1,13,EEG GRID 10-Ref,True,0.34604773563617014,0.09122937891173967,0.3396649363444521,0.07859211089138793,0.019046985124511393,1.8141015304539185,True,True,True,True,True,True,True,True,False
2,1,14,EEG GRID 11-Ref,True,0.285261124909335,0.09730145288984078,0.2793220182937321,0.0829995859024339,0.026911007287318406,1.73132955404115,True,True,True,True,True,True,True,True,False
2,1,15,EEG GRID 12-Ref,True,0.3490976794506347,0.10351624283694637,0.3418224030308829,0.0916692561901685,0.013273351777218537,1.9635920268316003,True,True,True,True,True,True,True,True,False
2,1,16,EEG GRID 13-Ref,True,0.3098338372023582,0.06991127758226598,0.30530022986451455,0.0596797633222556,0.004150856192856452,1.6959637778471637,True,True,True,True,True,True,True,True,False
2,1,17,EEG GRID 14-Ref,True,0.30575142680833084,0.08093900095196116,0.29917764184517137,0.0664689484315359,0.010564633932011172,1.6258309102645179,True,True,True,True,True,True,True,True,False
2,1,18,EEG GRID 15-Ref,True,0.326055983536827,0.08320280869828066,0.32197868149990955,0.0701165895916666,0.010498279085492649,1.5748235893646625,True,True,True,True,True,True,True,True,False
2,1,19,EEG GRID 16-Ref,False,0.27278093417366295,0.1025162512943931,0.2660867583738187,0.08662466618182502,0.00515136859410774,1.4304450803603566,True,True,True,True,True,True,True,True,False
2,1,20,EEG GRID 17-Ref,True,0.29020234847901144,0.060339446202476214,0.28328409338990007,0.0323151585776079,0.003461470460616184,1.2168694631849122,True,True,True,True,True,True,True,True,False
2,1,21,EEG GRID 18-Ref,True,0.370737363632717,0.06337811398737946,0.36523155376736716,0.04262191425461239,0.0024525930558656228,1.3974155217280408,True,True,True,True,True,True,True,True,False
2,1,22,EEG GRID 19-Ref,False,0.2763931184783565,0.05810339210130588,0.27249525692215004,0.044257319309007656,0.010483016637189249,1.4897508246036553,True,True,True,True,True,True,True,True,False
2,1,23,EEG GRID 21-Ref,True,0.2686866733360898,0.09279033443800772,0.2618510632026621,0.08178703845467612,0.008868395401479195,1.637420985862144,True,True,True,True,True,True,True,True,False
2,1,24,EEG GRID 22-Ref,False,0.21607733027467138,0.06254785926365695,0.21126421618875182,0.04487286102035426,0.009432986395941124,1.3991928244741985,True,True,True,True,True,True,True,True,False
2,1,25,EEG GRID 23-Ref,True,0.3201101194632518,0.0767298418250595,0.3127047492555978,0.05694240443878277,0.002888466133873209,1.4504462408134458,True,True,True,True,True,True,True,True,False
2,1,26,EEG GRID 24-Ref,True,0.2727923637172882,0.06436478829614721,0.2646912811330247,0.024625693857385035,0.006087307054473912,1.0462335321747833,True,True,True,True,True,True,True,True,False
2,1,27,EEG GRID 25-Ref,False,0.2230165170217922,0.07619946938241318,0.21454864785662828,0.04871152262448581,0.002288005875425997,1.293222023772273,True,True,True,True,True,True,True,True,False
2,1,28,EEG GRID 26-Ref,True,0.26844330475162104,0.07928036469381573,0.26084285549422515,0.05381994893428816,0.000843907094453613,1.2858381977192352,True,True,True,True,True,True,True,True,False
2,1,29,EEG GRID 27-Ref,True,0.24937875516437522,0.07793886099799187,0.24191469803620796,0.054833915949837796,0.004386950856641963,1.2548186251965492,True,True,True,True,True,True,True,True,False
2,1,30,EEG GRID 28-Ref,False,0.23828796399604255,0.09282008958209585,0.23337932313244333,0.08518443122598447,0.005280448291975,1.8593562686903993,True,True,True,True,True,True,True,True,False
2,1,31,EEG GRID 29-Ref,True,0.3578853243335509,0.060934022618919906,0.3517784661751689,0.0441575969283862,0.004057056706378289,1.5177259585930871,True,True,True,True,True,True,True,True,False
2,1,32,EEG GRID 30-Ref,True,0.3327087557981322,0.061559792380120645,0.32806356940715276,0.04842860763727465,0.011759650822369147,1.5885518916167023,True,True,True,True,True,True,True,True,False
2,1,33,EEG GRID 31-Ref,True,0.335707770916861,0.08019273714871562,0.32879046517378385,0.06532278687848889,0.004806014513384839,1.5292166961826634,True,True,True,True,True,True,True,True,False
2,1,34,EEG GRID 32-Ref,True,0.37030162324334664,0.05377865620928914,0.3665237705877584,0.041340625306607315,0.0015300153304008053,1.4115706664722267,True,True,True,True,True,True,True,True,False
2,1,35,EEG GRID 33-Ref,True,0.21048802071303113,0.06903821162516972,0.19598448206803834,0.0269387715288499,0.011262681806074433,1.1569282875243094,True,True,True,True,True,True,True,True,False
2,1,36,EEG GRID 35-Ref,True,0.28874958884179797,0.05735124748114001,0.28340617370096444,0.035217480657349136,0.010955004021563323,1.2846164644867046,True,True,True,True,True,True,True,True,False
2,1,37,EEG GRID 36-Ref,True,0.3217107416182313,0.06660083365537603,0.3156345033488284,0.04764715642508894,0.009996102568500394,1.4328011341806104,True,True,True,True,True,True,True,True,False
2,1,38,EEG GRID 37-Ref,False,0.3041940775462113,0.06241084933587912,0.29951294990996685,0.04879636934806602,0.010373953484360078,1.5547721962551404,True,True,True,True,True,True,True,True,False
2,1,39,EEG GRID 38-Ref,False,0.25084953577144964,0.06262397162944185,0.2467107758082635,0.05013696319776685,0.011182060392970265,1.543995899321369,True,True,True,True,True,True,True,True,False
2,1,40,EEG GRID 39-Ref,True,0.3258626770196943,0.08367829523524019,0.320675894167695,0.07333916067068351,0.017247743619138826,1.6834557234211398,True,True,True,True,True,True,True,True,False
2,1,41,EEG GRID 40-Ref,False,0.37566878401135934,0.07501962957305118,0.3714177480839522,0.06829492423300665,0.006254691747188006,1.9106236466207516,True,True,True,True,True,True,True,True,False
2,1,42,EEG GRID 41-Ref,True,0.22641092502413918,0.08723679023165228,0.20586048339594276,0.05906534018181451,0.010884425370119338,1.3874725021305574,True,True,True,True,True,True,True,True,False
2,1,43,EEG GRID 42-Ref,True,0.3064644172445339,0.05265218344439257,0.30049324530978516,0.020314747634749757,0.01551027987908858,1.1175217052049655,True,True,True,True,True,True,True,True,False
2,1,44,EEG GRID 43-Ref,True,0.30687293014054146,0.06138928289806261,0.29828054553577993,0.015247669748728914,0.004846316037053023,1.0994841076746804,True,True,True,True,True,True,True,True,False
2,1,45,EEG GRID 44-Ref,True,0.28884739561557415,0.06116027125327143,0.2810073879196525,0.007571309631763353,0.003179620313626159,1.0089622789342656,True,True,True,True,True,True,True,True,False
2,1,46,EEG GRID 45-Ref,True,0.31055828348120373,0.054928748543052554,0.306361702811385,0.03399324536827336,0.0013466718146363844,1.3257597765706515,True,True,True,True,True,True,True,True,False
2,1,47,EEG GRID 46-Ref,True,0.3434048178472243,0.06397824734321701,0.3396287225534879,0.05054329175341711,0.006997123625182223,1.5239711001040772,True,True,True,True,True,True,True,True,False
2,1,48,EEG GRID 47-Ref,True,0.3506654432103976,0.057223375121818944,0.34720165640512735,0.04708091403521826,0.006705974690612541,1.6261183452481682,True,True,True,True,True,True,True,True,False
2,1,49,EEG GRID 48-Ref,False,0.33458239386942173,0.06823713639919589,0.33033221261866824,0.05414437252827996,0.005285890960308568,1.4853138212067254,True,True,True,True,True,True,True,True,False
2,1,50,EEG GRID 49-Ref,True,0.24855890035253977,0.05700604913549487,0.2385219160034114,0.015956084872500845,0.011586952988532984,1.076904023999415,True,True,True,True,True,True,True,True,False
2,1,51,EEG GRID 50-Ref,True,0.26991679346961767,0.05787167279923348,0.2634234994293997,0.031402596733535265,0.0006612513347149066,1.2494704699322967,True,True,True,True,True,True,True,True,False
2,1,52,EEG GRID 51-Ref,True,0.32788661649140105,0.06487628927689101,0.3210598704045375,0.0466780347552725,0.014846028973623793,1.4444246804042078,True,True,True,True,True,True,True,True,False
2,1,53,EEG GRID 52-Ref,True,0.30403405959479446,0.06768244480582676,0.29882289367686193,0.052979029080069115,0.007564756981410134,1.4694528833665585,True,True,True,True,True,True,True,True,False
2,1,54,EEG GRID 53-Ref,True,0.2808964455018044,0.05703001486607702,0.2710106920624772,0.010392375163715146,0.00490280847508485,1.0453857482684772,True,True,True,True,True,True,True,True,False
2,1,55,EEG GRID 54-Ref,True,0.3202721983699371,0.047936882642660314,0.31562199547981845,0.030216480962159887,0.0013484848582320382,1.3406615272842999,True,True,True,True,True,True,True,True,False
2,1,56,EEG GRID 55-Ref,True,0.33051896438524025,0.05273698381806989,0.3270046348673448,0.040891172350454016,0.0046556138574295435,1.5454213750726165,True,True,True,True,True,True,True,True,False
2,1,57,EEG GRID 56-Ref,True,0.3122959598530909,0.05229343534392441,0.30663321333115245,0.00719547478113031,0.005746994706495128,1.0307508126330223,True,True,True,True,True,True,True,True,False
2,1,58,EEG GRID 57-Ref,True,0.2644233063966851,0.07056180251722008,0.25312687052503063,0.027440260897010724,0.015078393267003314,1.1305032545574554,True,True,True,True,True,True,True,True,False
2,1,59,EEG GRID 58-Ref,True,0.2716732025266362,0.06170137350671006,0.26326398303296333,0.01467387631728981,0.0031158798514692976,1.0785503109144343,True,True,True,True,True,True,True,True,False
2,1,60,EEG GRID 59-Ref,True,0.2825901393985145,0.07117199713341371,0.2722734728391422,0.03250946170520199,0.02082566120050953,1.1369574528039583,True,True,True,True,True,True,True,True,False
2,1,61,EEG GRID 60-Ref,True,0.3540300470139574,0.07243627681303641,0.3495795932707137,0.055068952076955904,0.020718136471330032,1.43789931855401,True,True,True,True,True,True,True,True,False
2,1,62,EEG GRID 61-Ref,False,0.28570918931819844,0.09623924297419602,0.2801465303889754,0.07874388053847793,0.010690947688404036,1.605827566150177,True,True,True,True,True,True,True,True,False
2,1,63,EEG GRID 62-Ref,True,0.2958314230364645,0.06995039865448868,0.2890961631804243,0.043731724889071864,0.024424939905924977,1.2662378580720315,True,True,True,True,True,True,True,True,False
2,1,64,EEG GRID 63-Ref,False,0.2745030057559244,0.05372201561552435,0.2705255731732126,0.03821070233774797,0.0031768903639965897,1.4372337367288543,True,True,True,True,True,True,True,True,False
2,1,65,EEG GRID 64-Ref,True,0.2740537633122764,0.04953657182137898,0.26851508419831066,0.032622667915577955,0.003606186751138652,1.3825531780073124,True,True,True,True,True,True,True,True,False
2,1,66,EEG LA 01-Ref,True,0.2951388563933608,0.06782543654825894,0.2772022017596102,0.032161438594983015,0.008642240740666376,1.1760036251292245,True,True,True,True,True,True,True,True,False
2,1,67,EEG LA 02-Ref,True,0.32456696574887983,0.08441981817477186,0.3091739116900951,0.060395625007671025,0.008344344997370816,1.3870743625489228,True,True,True,True,True,True,True,True,False
2,1,68,EEG LA 03-Ref,True,0.3485699778521591,0.07348072317299327,0.3372038009939745,0.0522710981579102,0.007742364356859634,1.4180226709154864,True,True,True,True,True,True,True,True,False
2,1,69,EEG LA 04-Ref,True,0.34537389374204736,0.06645846967524019,0.3314949765984501,0.03785262653778475,0.002982192216204501,1.266107661570613,True,True,True,True,True,True,True,True,False
2,1,70,EEG LFP 01-Ref,True,0.41263442034383563,0.15359368000168802,0.40322204859616684,0.1466542110632072,0.023897847981986624,2.9664632099156014,True,True,True,True,True,True,False,False,False
2,1,71,EEG LFP 02-Ref,True,0.43175842776770623,0.13983457183845607,0.4178152340996975,0.12741154877895464,0.01639951381715392,2.354074137829441,True,True,True,True,True,True,False,False,False
2,1,72,EEG LFP 03-Ref,True,0.3777577309084738,0.11737778151724215,0.3688855137390925,0.10828441942371934,0.000508995547999623,2.4302188700610077,True,True,True,True,True,True,False,False,False
2,1,73,EEG LFP 04-Ref,True,0.4392363420041063,0.19508461258458137,0.42898569033841283,0.1866851503416207,0.026790581447473438,2.981536036011662,True,True,True,True,True,True,False,False,False
2,1,74,EEG LFP 05-Ref,True,0.4483470076884713,0.17911213629457526,0.4406860812516575,0.1719651064177282,0.038125560183299295,2.9432901307772052,True,True,True,True,True,True,False,False,False
2,1,75,EEG LFP 06-Ref,True,0.38662764559176943,0.12213477099400964,0.38047584814303315,0.11414377462185751,0.021561474414052994,2.153380176554557,True,True,True,True,True,True,False,False,False
2,1,76,EEG LH 01-Ref,True,0.36599060014952123,0.0650514391501777,0.35481492845132856,0.04609799698141023,0.007906579025407773,1.3835467841805018,True,True,True,True,True,True,True,True,False
2,1,77,EEG LH 02-Ref,True,0.3909994959212954,0.07134862917056017,0.3797381284169481,0.053624303645098986,0.012759392169018016,1.4316595297564014,True,True,True,True,True,True,True,True,False
2,1,78,EEG LH 03-Ref,True,0.3762662978926049,0.0644785993340994,0.36661692017796865,0.04716245160859883,0.002608757512286702,1.425635901977484,True,True,True,True,True,True,True,True,False
2,1,79,EEG LH 04-Ref,True,0.3092673777624194,0.053409863205049514,0.29978039462060446,0.02930374442958847,0.0056463180883120235,1.1986655544912148,True,True,True,True,True,True,True,True,False
2,1,80,EEG MST 03-Ref,True,0.31798811752557493,0.08128106030594538,0.31461118791456494,0.07304753479078159,0.003335492875782988,1.7035656534396055,True,True,True,True,True,True,True,True,False
2,1,81,EEG MST 04-Ref,False,0.23999484487839237,0.06622707412028578,0.23469347963684667,0.054191506339235584,0.0041630901487473716,1.5081202875108106,True,True,True,True,True,True,True,True,False
2,1,82,EEG OF 01-Ref,True,0.4348626303453648,0.20103954882816427,0.42658721096380453,0.19338720219273658,0.04622236657430962,3.183557601896813,True,True,True,True,True,True,False,False,False
2,1,83,EEG OF 02-Ref,True,0.4620250405748666,0.21649099083338383,0.4534109816589409,0.20891934412925406,0.04710316072548206,3.420852720526289,True,True,True,True,True,True,False,False,False
2,1,84,EEG OF 03-Ref,True,0.46564444810078576,0.21785291571485393,0.45659121926051105,0.21003293474476925,0.04831665293442506,3.3694291631564437,True,True,True,True,True,True,False,False,False
2,1,85,EEG OF 04-Ref,True,0.4479286816427837,0.20093827410565235,0.43820573306145205,0.19265874293458057,0.04667989645569999,3.129367654535278,True,True,True,True,True,True,False,False,False
2,1,86,EEG OF 05-Ref,True,0.3919569919259032,0.15446931168710393,0.38148779495286544,0.1450849913566216,0.03887682665178786,2.4631853894307745,True,True,True,True,True,True,False,False,False
2,1,87,EEG OF 06-Ref,True,0.365475284554597,0.1436179129091516,0.3523031032579134,0.12955183731735534,0.022177641280528217,1.9519131026125105,True,True,True,True,True,True,True,True,False
2,1,88,EEG OF 07-Ref,True,0.3371250529798286,0.10815719273978566,0.32750696301099447,0.09610255587630828,0.02337201064795284,1.8431876865609298,True,True,True,True,True,True,True,True,False
2,1,89,EEG OF 08-Ref,True,0.34899266669818024,0.11569890482580002,0.3429411576947897,0.10418024489457609,0.018215891150225524,1.9347538642597901,True,True,True,True,True,True,True,True,False
2,1,90,EEG PPO 03-Ref,False,0.14828512111866995,0.07107923999798327,0.1247769643332126,0.014472634001750046,0.006042673702276448,1.0590225609468025,True,True,True,True,True,True,True,True,False
2,1,91,EEG PPO 04-Ref,True,0.31363583513877386,0.07601617643847491,0.3054374594640736,0.04897512740780013,0.014831528277414876,1.3830159391585835,True,True,True,True,True,True,True,True,False
2,1,92,EEG PPO 05-Ref,False,0.31551728573826043,0.1016661165076541,0.30869976048542114,0.08597621250386078,0.003564026684219125,1.629570735509759,True,True,True,True,True,True,True,True,False
2,1,93,EEG PPO 06-Ref,False,0.24389355888417222,0.09341763425864144,0.2403237260406691,0.08634572644000012,0.003822196088272352,2.002791596205289,True,True,True,True,True,True,False,False,False
2,1,94,EEG PST 03-Ref,False,0.348453201616124,0.08488420612966081,0.3451943925201797,0.07828809318291523,0.004753107608263848,1.8618600406594454,True,True,True,True,True,True,True,True,False
2,1,95,EEG PST 04-Ref,False,0.3299465556749688,0.07746660291855209,0.32621079143559994,0.06799128016954285,0.003013155848751838,1.6883817119908273,True,True,True,True,True,True,True,True,False
2,2,0,EEG AST 01-Ref,True,0.3411183415356495,0.07658982854688683,0.3367703851589665,0.06773608644178353,0.006445507425949075,1.9883817623085878,True,True,True,True,True,True,True,True,False
2,2,1,EEG AST 02-Ref,True,0.3862262966001024,0.07234371768658858,0.38009408180245136,0.06239420705365768,0.009347267908445688,1.9267667989291402,True,True,True,True,True,True,True,True,False
2,2,2,EEG AST 03-Ref,True,0.3698939718802616,0.035176235199028995,0.36521336507994767,0.018371243511755585,0.0056447728150777155,1.2909834228465482,True,True,True,True,True,True,True,True,False
2,2,3,EEG AST 04-Ref,True,0.29987987260911325,0.04792648107568295,0.2952805084249938,0.026840494936457224,0.013279400108205268,1.2814745220686914,True,True,True,True,True,True,True,True,False
2,2,4,EEG GRID 01-Ref,False,0.2086600209536329,0.06706982875352452,0.20356287750179497,0.0559776889105435,0.0014342556185262814,1.630172842123551,True,True,True,True,True,True,True,True,False
2,2,5,EEG GRID 02-Ref,True,0.3456674645079201,0.1020830419435196,0.33782322997234165,0.09266866466690506,0.000703831255584939,2.0744109946292597,True,True,True,True,True,True,False,False,False
2,2,6,EEG GRID 03-Ref,True,0.3511419533853983,0.12741900020620087,0.34455789706978396,0.11838082672880296,0.0002367142408573838,2.176045747952486,True,True,True,True,True,True,False,False,False
2,2,7,EEG GRID 04-Ref,True,0.28341053347575296,0.08062329272904342,0.2783271199523831,0.06748267547534342,0.012504454661429947,1.8047876397729896,True,True,True,True,True,True,True,True,False
2,2,8,EEG GRID 05-Ref,True,0.3337428974621651,0.07115536067892397,0.33002551465274715,0.06119982648649817,0.010572593219953122,1.792889703609899,True,True,True,True,True,True,True,True,False
2,2,9,EEG GRID 06-Ref,False,0.25343766949355573,0.08094210331943688,0.24666552466464012,0.06547369719290487,0.004286427091786341,1.5457748312609991,True,True,True,True,True,True,True,True,False
2,2,10,EEG GRID 07-Ref,True,0.31778218606290626,0.0770894546049664,0.3140084228717473,0.0659781525179053,0.01730932307389203,1.638955087006233,True,True,True,True,True,True,True,True,False
2,2,11,EEG GRID 08-Ref,False,0.29716050458630494,0.1110324073570117,0.2914364689707542,0.09574477357408179,0.0021800068437679643,1.5587726785203382,True,True,True,True,True,True,True,True,False
2,2,12,EEG GRID 09-Ref,True,0.3342794690285413,0.08178802133518526,0.3264044328917673,0.06778614772411726,0.008637538391319555,1.5992679671727867,True,True,True,True,True,True,True,True,False
2,2,13,EEG GRID 10-Ref,True,0.35207740803778975,0.08827427537481822,0.34570636219751966,0.07631221445670264,0.01889391970849801,1.77943957391784,True,True,True,True,True,True,True,True,False
2,2,14,EEG GRID 11-Ref,True,0.28403478058365794,0.10057609084857413,0.2774494712797239,0.0861125019661561,0.02660268582581781,1.7659308394630657,True,True,True,True,True,True,True,True,False
2,2,15,EEG GRID 12-Ref,True,0.36015419726304176,0.10948132237365402,0.35252225650974717,0.09790480402308548,0.013154847061757386,2.0182833335893933,True,True,True,True,True,True,False,False,False
2,2,16,EEG GRID 13-Ref,True,0.3292802587771176,0.0749483448998692,0.32458785975592663,0.06557227306901567,0.004217054466960894,1.7574869322854385,True,True,True,True,True,True,True,True,False
2,2,17,EEG GRID 14-Ref,True,0.3147270589226474,0.08416760752427241,0.3075948425042683,0.07065369195669942,0.010579170879722597,1.6540055959444109,True,True,True,True,True,True,True,True,False
2,2,18,EEG GRID 15-Ref,True,0.3198519026049408,0.08315698888790213,0.3152956743815288,0.06930823547305658,0.010528626051128257,1.5636107313713539,True,True,True,True,True,True,True,True,False
2,2,19,EEG GRID 16-Ref,False,0.25291258547279566,0.09978938878262278,0.24578234644004016,0.08287766082215943,0.005257066387428583,1.3950542154784495,True,True,True,True,True,True,True,True,False
2,2,20,EEG GRID 17-Ref,True,0.29979009886374264,0.06033173177091093,0.2923902796845818,0.0332677775165467,0.003422215324858671,1.231268777701039,True,True,True,True,True,True,True,True,False
2,2,21,EEG GRID 18-Ref,True,0.34963164659073115,0.06096420863785934,0.34405771529122825,0.03805861281270683,0.002685115242982627,1.3419625226527498,True,True,True,True,True,True,True,True,False
2,2,22,EEG GRID 19-Ref,False,0.27887331177687724,0.06052199563518792,0.2746210286953572,0.04658079363833379,0.010719464974221235,1.5080433891424554,True,True,True,True,True,True,True,True,False
2,2,23,EEG GRID 21-Ref,True,0.297077871638002,0.09834956756287531,0.28999378619126065,0.08744736188422264,0.008712678150581661,1.6746993265311552,True,True,True,True,True,True,True,True,False
2,2,24,EEG GRID 22-Ref,False,0.2273398426865419,0.06414910348729858,0.2216182439533396,0.04781817353396085,0.009195122588833423,1.4273455729237017,True,True,True,True,True,True,True,True,False
2,2,25,EEG GRID 23-Ref,True,0.30678984939528825,0.07733012991230157,0.2994818964081269,0.056199341027088706,0.002873808017912006,1.4441937108021987,True,True,True,True,True,True,True,True,False
2,2,26,EEG GRID 24-Ref,True,0.2609474346663534,0.06516253936434192,0.2529338684956952,0.02622386512399539,0.005869134287524946,1.0481691006978657,True,True,True,True,True,True,True,True,False
2,2,27,EEG GRID 25-Ref,False,0.21934769945772056,0.08011845213196804,0.21108057507158529,0.0549256277339306,0.0022434940482375003,1.3278290491552187,True,True,True,True,True,True,True,True,False
2,2,28,EEG GRID 26-Ref,True,0.25499582413328875,0.07856812059995955,0.24726882673273204,0.0534794314778598,0.0007219430859292605,1.2705111079146711,True,True,True,True,True,True,True,True,False
2,2,29,EEG GRID 27-Ref,True,0.2661180614430023,0.08223823789766227,0.25901464513352573,0.06106631664264726,0.004144564037215193,1.2985818403874578,True,True,True,True,True,True,True,True,False
2,2,30,EEG GRID 28-Ref,False,0.26933894468942754,0.10012869918933107,0.2640173260339541,0.09231577210157506,0.00491465653711629,1.9415768855423359,True,True,True,True,True,True,True,True,False
2,2,31,EEG GRID 29-Ref,True,0.3563615058613582,0.059312508439205394,0.3494696098465167,0.04298601870157518,0.004278317459530248,1.5068729538927232,True,True,True,True,True,True,True,True,False
2,2,32,EEG GRID 30-Ref,True,0.3218744416676459,0.060629694848613934,0.3167057372369894,0.04740644727427085,0.011788517991948067,1.5758210016567418,True,True,True,True,True,True,True,True,False
2,2,33,EEG GRID 31-Ref,True,0.346525471498367,0.08432801308836399,0.34021080620221095,0.06944741003767128,0.004662700519141867,1.5716384621749406,True,True,True,True,True,True,True,True,False
2,2,34,EEG GRID 32-Ref,True,0.3516161674777082,0.05636030588789169,0.3472904837556691,0.044382946544793724,0.0014337690927248795,1.435378612663221,True,True,True,True,True,True,True,True,False
2,2,35,EEG GRID 33-Ref,True,0.19808373404379467,0.06779934393354949,0.1815157563566256,0.026794814207953075,0.01089891961645738,1.1591152118885901,True,True,True,True,True,True,True,True,False
2,2,36,EEG GRID 35-Ref,True,0.3039427976240686,0.05668727462551783,0.29908291176368246,0.03322649200802531,0.01065483783024424,1.2692668299337049,True,True,True,True,True,True,True,True,False
2,2,37,EEG GRID 36-Ref,True,0.3309154993713559,0.06624809551218698,0.32456760922093447,0.04690600000863939,0.00951898592932614,1.414789740553796,True,True,True,True,True,True,True,True,False
2,2,38,EEG GRID 37-Ref,False,0.30646755112603064,0.06165438624226498,0.30177226861460926,0.04722111710793957,0.010840109856465241,1.5419989780699026,True,True,True,True,True,True,True,True,False
2,2,39,EEG GRID 38-Ref,False,0.26299676256154353,0.06618363838399827,0.2591277045878044,0.055128898988571165,0.011339745244499143,1.5934561119293429,True,True,True,True,True,True,True,True,False
2,2,40,EEG GRID 39-Ref,True,0.3536895909453107,0.08671957913301719,0.34915028835897643,0.07675516031260202,0.01725152344926744,1.727455998563925,True,True,True,True,True,True,True,True,False
2,2,41,EEG GRID 40-Ref,False,0.3554611812549213,0.07484257301914447,0.3504991649902595,0.06814096607858286,0.006172079711786055,1.9125486154102387,True,True,True,True,True,True,True,True,False
2,2,42,EEG GRID 41-Ref,True,0.2002021159207085,0.08610305845534198,0.17979616025985223,0.05980219397287788,0.010363996680936929,1.4005275468779304,True,True,True,True,True,True,True,True,False
2,2,43,EEG GRID 42-Ref,True,0.2864532120343185,0.053240200636966134,0.28002639234518867,0.01900340338089924,0.015209155028141198,1.1080196727448581,True,True,True,True,True,True,True,True,False
2,2,44,EEG GRID 43-Ref,True,0.3133089363745762,0.06106835107309782,0.30513394607520533,0.014311516153201398,0.004897367254878416,1.0918410835953853,True,True,True,True,True,True,True,True,False
2,2,45,EEG GRID 44-Ref,True,0.316662278517106,0.0598311517903742,0.3100405852992772,0.006306488393034883,0.0027509314319272746,1.0086823712708834,True,True,True,True,True,True,True,True,False
2,2,46,EEG GRID 45-Ref,True,0.3565998616549553,0.057345813885171654,0.35249854489797516,0.03696524957272073,0.0010637975669579526,1.35319481251954,True,True,True,True,True,True,True,True,False
2,2,47,EEG GRID 46-Ref,True,0.3805102958875488,0.06531299497352298,0.3768454073587087,0.052789954718224646,0.0070884979067342415,1.5638203449939714,True,True,True,True,True,True,True,True,False
2,2,48,EEG GRID 47-Ref,True,0.36571452789298703,0.0571601730690408,0.3625016506711127,0.04694516558193873,0.006926645162346765,1.6408794238776658,True,True,True,True,True,True,True,True,False
2,2,49,EEG GRID 48-Ref,False,0.3248456364040801,0.07014754958143885,0.32073786848761693,0.05682823242609134,0.00496903979929756,1.5095893566169105,True,True,True,True,True,True,True,True,False
2,2,50,EEG GRID 49-Ref,True,0.2644323634041461,0.056248898958018295,0.2539625762911465,0.012804516873353046,0.011261927623981387,1.0447342034679583,True,True,True,True,True,True,True,True,False
2,2,51,EEG GRID 50-Ref,True,0.259039300624238,0.056617057804546726,0.2516907379375987,0.0312664290755457,0.000918681258184338,1.2376091093182573,True,True,True,True,True,True,True,True,False
2,2,52,EEG GRID 51-Ref,True,0.32115918562909934,0.06509767150099818,0.3154111272375055,0.04797873515578446,0.014484948533815482,1.4692302720074077,True,True,True,True,True,True,True,True,False
2,2,53,EEG GRID 52-Ref,True,0.30100589465354727,0.06747029484564954,0.29647430949843345,0.052150538763217985,0.007454624249114642,1.4806981583797947,True,True,True,True,True,True,True,True,False
2,2,54,EEG GRID 53-Ref,True,0.2909851951132535,0.05823816443872629,0.28118472521977156,0.012583891750518257,0.005171356424232168,1.0660672424466942,True,True,True,True,True,True,True,True,False
2,2,55,EEG GRID 54-Ref,True,0.35984579780349635,0.05047313380323329,0.3551623044626523,0.0343700928554086,0.0013400048998158016,1.3844459908683688,True,True,True,True,True,True,True,True,False
2,2,56,EEG GRID 55-Ref,True,0.3187017367841622,0.05196491303153002,0.31493307809015436,0.03886454651693143,0.004440932651353809,1.5225928463916354,True,True,True,True,True,True,True,True,False
2,2,57,EEG GRID 56-Ref,True,0.30543814458879487,0.05308185976499511,0.29972830073254,0.007982381257585125,0.006331776703490254,1.0393741232850708,True,True,True,True,True,True,True,True,False
2,2,58,EEG GRID 57-Ref,True,0.2893498086244098,0.07432978464221904,0.2805375636939079,0.03210864764049444,0.014560290177460293,1.1509661961353015,True,True,True,True,True,True,True,True,False
2,2,59,EEG GRID 58-Ref,True,0.2885954312892627,0.06235230880932709,0.2810521215489712,0.011931354997715091,0.0027307569395590443,1.0422776614441593,True,True,True,True,True,True,True,True,False
2,2,60,EEG GRID 59-Ref,True,0.2804211375838588,0.07228471163166954,0.2715194588422691,0.033868201705189685,0.020671501124092106,1.1599389268955123,True,True,True,True,True,True,True,True,False
2,2,61,EEG GRID 60-Ref,True,0.33103142339989433,0.06971895471770047,0.3274539481675989,0.04893480187877038,0.02076232281923457,1.395360934330126,True,True,True,True,True,True,True,True,False
2,2,62,EEG GRID 61-Ref,False,0.2684682278355959,0.09338952831552173,0.26348284149617424,0.07544432278132002,0.010573617724163495,1.564529460121596,True,True,True,True,True,True,True,True,False
2,2,63,EEG GRID 62-Ref,True,0.28763839476151876,0.06943999731912165,0.2814241771464489,0.04047593324008409,0.02461277896199177,1.245739055799677,True,True,True,True,True,True,True,True,False
2,2,64,EEG GRID 63-Ref,False,0.26572068672692006,0.05155387682915186,0.2618743855201698,0.035980865169599634,0.0035224775886662308,1.4021345869571804,True,True,True,True,True,True,True,True,False
2,2,65,EEG GRID 64-Ref,True,0.2758200797315505,0.049781050119871634,0.2705307728779023,0.033766278627850387,0.0026898451591506516,1.4054786650150886,True,True,True,True,True,True,True,True,False
2,2,66,EEG LA 01-Ref,True,0.2670612611256159,0.06666714954943842,0.25065464609558946,0.03211040081376239,0.008543155320258665,1.187870166844015,True,True,True,True,True,True,True,True,False
2,2,67,EEG LA 02-Ref,True,0.2873647491555364,0.08856238174050603,0.27100755168283536,0.06523980224793723,0.00834641584738422,1.4350795372082341,True,True,True,True,True,True,True,True,False
2,2,68,EEG LA 03-Ref,True,0.30881289519215704,0.0781970386075176,0.29746393871551424,0.057253440526014505,0.00756850196063696,1.473762254865986,True,True,True,True,True,True,True,True,False
2,2,69,EEG LA 04-Ref,True,0.30707923856919817,0.06968669939602487,0.2935629350174575,0.04192711638056672,0.003060091574555385,1.3022839180892942,True,True,True,True,True,True,True,True,False
2,2,70,EEG LFP 01-Ref,True,0.40122821812741444,0.15356713265157518,0.39166713473036124,0.14724791901485984,0.022592682885396103,2.981241866242421,True,True,True,True,True,True,False,False,False
2,2,71,EEG LFP 02-Ref,True,0.41967051722388277,0.13939949657887915,0.4049490025498737,0.1275089293257872,0.014993560645269341,2.361927241021952,True,True,True,True,True,True,False,False,False
2,2,72,EEG LFP 03-Ref,True,0.3689242026853925,0.11545164915966284,0.3591757647196406,0.10542454756600621,0.0006104126040550759,2.4073473494659834,True,True,True,True,True,True,False,False,False
2,2,73,EEG LFP 04-Ref,True,0.4234689529123664,0.1890926847465577,0.4115236073403874,0.18000223720521158,0.02775198047066553,2.8893694429839534,True,True,True,True,True,True,False,False,False
2,2,74,EEG LFP 05-Ref,True,0.4321951102163978,0.17203267929914637,0.42331147460014684,0.1641002720053964,0.03877863450952213,2.8174375657406343,True,True,True,True,True,True,False,False,False
2,2,75,EEG LFP 06-Ref,True,0.3630645755433774,0.11568070843194683,0.3562118872076227,0.10589779125714349,0.021958296380339713,2.0407912259127525,True,True,True,True,True,True,False,False,False
2,2,76,EEG LH 01-Ref,True,0.32711796092894113,0.06857437613580981,0.3162675545817379,0.04952469437747404,0.007937568275998064,1.4182425373627838,True,True,True,True,True,True,True,True,False
2,2,77,EEG LH 02-Ref,True,0.33892604324130493,0.07722397396588379,0.32810696252795885,0.05983860475348095,0.012895761899047169,1.4865841807128461,True,True,True,True,True,True,True,True,False
2,2,78,EEG LH 03-Ref,True,0.3340779890190452,0.0696445158650659,0.3247730365259919,0.05138608697106218,0.0028787150468369757,1.4730860175587772,True,True,True,True,True,True,True,True,False
2,2,79,EEG LH 04-Ref,True,0.27883808982275504,0.05637291573256343,0.2696358346527991,0.032221851835427084,0.005778895838949984,1.2341740624322997,True,True,True,True,True,True,True,True,False
2,2,80,EEG MST 03-Ref,True,0.3242379556296614,0.08539137666562929,0.32135710901195846,0.07816677756822595,0.0040178219696478355,1.7510483182992036,True,True,True,True,True,True,True,True,False
2,2,81,EEG MST 04-Ref,False,0.2309690210480678,0.06836568755937235,0.22569291525207383,0.05554233077473206,0.004125184664999003,1.5365418809367684,True,True,True,True,True,True,True,True,False
2,2,82,EEG OF 01-Ref,True,0.42613697851842186,0.20251571046627967,0.41600445116054496,0.19457981883180628,0.045415641284525785,3.2102230616102494,True,True,True,True,True,True,False,False,False
2,2,83,EEG OF 02-Ref,True,0.4606466732224645,0.21773895442529742,0.44995680502624213,0.20983848555165413,0.04640657242734283,3.4493056863493936,True,True,True,True,True,True,False,False,False
2,2,84,EEG OF 03-Ref,True,0.46876867469347955,0.2186319339065108,0.45719900113372536,0.21059754622306046,0.047645569226722626,3.3951480973884105,True,True,True,True,True,True,False,False,False
2,2,85,EEG OF 04-Ref,True,0.4567085772328449,0.20121970261926173,0.4443309476284803,0.1926692794131566,0.04611789418623725,3.149817422052132,True,True,True,True,True,True,False,False,False
2,2,86,EEG OF 05-Ref,True,0.41081651780696193,0.1548671908824668,0.39834923143889955,0.14510658186481518,0.038499900118206073,2.477813085255546,True,True,True,True,True,True,False,False,False
2,2,87,EEG OF 06-Ref,True,0.3868728847722803,0.14605505182017803,0.37035068208919464,0.13068836174785867,0.02185583463764401,1.9615070157752736,True,True,True,True,True,True,True,True,False
2,2,88,EEG OF 07-Ref,True,0.3524141983328393,0.11282746531911424,0.3409623023767143,0.09856912234690993,0.023072031869404225,1.860843023146189,True,True,True,True,True,True,True,True,False
2,2,89,EEG OF 08-Ref,True,0.34966758191849806,0.12010622946103625,0.3432727114564155,0.1070689270440676,0.018251344683616822,1.966764119220677,True,True,True,True,True,True,True,True,False
2,2,90,EEG PPO 03-Ref,False,0.14111943400146953,0.0712208018305932,0.11126929185840735,0.014539692783496849,0.00607184225649602,1.0707201698940745,True,True,True,True,True,True,True,True,False
2,2,91,EEG PPO 04-Ref,True,0.2926679109764916,0.07410502226905766,0.28123553961012226,0.045155824585933445,0.014381213472315427,1.3551333551667324,True,True,True,True,True,True,True,True,False
2,2,92,EEG PPO 05-Ref,False,0.29672804862218427,0.10242522439348999,0.2880191677477231,0.08268751046527317,0.0033142081222685984,1.5961639911770775,True,True,True,True,True,True,True,True,False
2,2,93,EEG PPO 06-Ref,False,0.22701789797175148,0.09158136360978986,0.22259462250126838,0.08357446875588331,0.003547072721208332,1.959169023905506,True,True,True,True,True,True,True,True,False
2,2,94,EEG PST 03-Ref,False,0.3548354089661169,0.08896753604304715,0.3519447152061338,0.08267072214500662,0.005177701758677064,1.916648002823984,True,True,True,True,True,True,True,True,False
2,2,95,EEG PST 04-Ref,False,0.3355621733906638,0.08135794431956096,0.3319275794117311,0.07228054809606337,0.003400512434662454,1.7412718059097403,True,True,True,True,True,True,True,True,False
3,0,0,EEG AST 01-Ref,True,0.40673484382989455,0.1103797747009002,0.3977371161420836,0.09896435372107105,0.0011274218641913912,3.0967444891528983,True,True,True,True,True,True,False,False,False
3,0,1,EEG AST 02-Ref,True,0.4433307671948216,0.10484646170565018,0.4343636806963305,0.09321047523828191,0.011146585661847709,3.016715918280706,True,True,True,True,True,True,False,False,False
3,0,2,EEG AST 03-Ref,True,0.4106629635953943,0.048233123147489274,0.4029671906039048,0.031231778158700034,0.01734146422076026,1.6271933198228468,True,True,True,True,True,True,True,True,False
3,0,3,EEG AST 04-Ref,True,0.3433861923343578,0.057709637143725886,0.33539259574562746,0.03682351953554639,0.02820384430380373,1.3933032944265515,True,True,True,True,True,True,True,True,False
3,0,4,EEG GRID 01-Ref,False,0.2196471000099394,0.07342623219087455,0.21550728986557594,0.06192776541157442,0.006418506936500167,1.692836010643197,True,True,True,True,True,True,True,True,False
3,0,5,EEG GRID 02-Ref,True,0.3221802312860724,0.11103332158848112,0.31818657383362214,0.0994822722102872,0.030841261732781282,2.1663093607271504,True,True,True,True,True,True,False,False,False
3,0,6,EEG GRID 03-Ref,True,0.31762793787291566,0.1218785101549785,0.3139531806012235,0.11235143243963222,0.029970086597044792,2.0992783775492296,True,True,True,True,True,True,False,False,False
3,0,7,EEG GRID 04-Ref,True,0.2741774913670694,0.0698025692103757,0.2700031306368351,0.057152025806703734,0.004546428091881433,1.691179945827501,True,True,True,True,True,True,True,True,False
3,0,8,EEG GRID 05-Ref,True,0.3404126096206471,0.07230301322771306,0.3359618009307362,0.061681640248867624,0.005739661373705732,1.8323647418557407,True,True,True,True,True,True,True,True,False
3,0,9,EEG GRID 06-Ref,False,0.26346510854060695,0.08641961632901728,0.2557080502824406,0.0712338161290023,0.0017209873408553134,1.585221566535627,True,True,True,True,True,True,True,True,False
3,0,10,EEG GRID 07-Ref,True,0.35704252652014135,0.08380485601126089,0.35282490878990863,0.07150750826460216,0.015351169643885033,1.6987962890083284,True,True,True,True,True,True,True,True,False
3,0,11,EEG GRID 08-Ref,False,0.33843540849330767,0.11921514521149953,0.3331591161601037,0.1029505834939061,0.0014056337879032848,1.600654398936914,True,True,True,True,True,True,True,True,False
3,0,12,EEG GRID 09-Ref,True,0.33570094350844487,0.10029245923644069,0.3303813118053991,0.08379298483157589,0.031621844809191064,1.738458802196672,True,True,True,True,True,True,True,True,False
3,0,13,EEG GRID 10-Ref,True,0.3210461746232446,0.09337867793772944,0.31624311588852283,0.07904850485987461,0.009484382856537053,1.853297138560522,True,True,True,True,True,True,True,True,False
3,0,14,EEG GRID 11-Ref,True,0.2604561959398812,0.09162794915896821,0.2549357670064946,0.07759230784594649,0.012195306376496422,1.7147347437175111,True,True,True,True,True,True,True,True,False
3,0,15,EEG GRID 12-Ref,True,0.33024924810581824,0.10142255181791363,0.3262577404212137,0.0905817888365265,0.009017647952265164,1.9381284335841167,True,True,True,True,True,True,True,True,False
3,0,16,EEG GRID 13-Ref,True,0.3180017691331065,0.07113583132129123,0.31492075763071437,0.06060677045659745,0.007472242555028023,1.7100020636805289,True,True,True,True,True,True,True,True,False
3,0,17,EEG GRID 14-Ref,True,0.31749806084502535,0.08090461713550709,0.31333091073857533,0.06934090953490146,0.015732924047410852,1.6446121454893075,True,True,True,True,True,True,True,True,False
3,0,18,EEG GRID 15-Ref,True,0.33767474911569184,0.08613850432400702,0.33293280296419364,0.07071216637930271,0.003953105800948515,1.5836422001590358,True,True,True,True,True,True,True,True,False
3,0,19,EEG GRID 16-Ref,False,0.28768949618067174,0.10728948186383036,0.28001843811013694,0.08771460339574552,0.002588584793530215,1.4291510576557132,True,True,True,True,True,True,True,True,False
3,0,20,EEG GRID 17-Ref,True,0.28405194547256946,0.07265700595067921,0.27828061358331885,0.04484879297698844,0.016750261248338245,1.3177628478414767,True,True,True,True,True,True,True,True,False
3,0,21,EEG GRID 18-Ref,True,0.34111226467525285,0.06148407414839191,0.33268303955459705,0.03851716024946844,0.010391810980746184,1.3494481381156154,True,True,True,True,True,True,True,True,False
3,0,22,EEG GRID 19-Ref,False,0.2709164894540626,0.06346435146970143,0.26642861299904136,0.04793077832105989,0.004091851682099738,1.530047457152936,True,True,True,True,True,True,True,True,False
3,0,23,EEG GRID 21-Ref,True,0.296953423038822,0.10797483744881015,0.2893451194106331,0.09482126575333105,0.015378562182331322,1.7230241524185494,True,True,True,True,True,True,True,True,False
3,0,24,EEG GRID 22-Ref,False,0.22592778745299893,0.0721368516062982,0.21862311121126557,0.052371101344262955,0.01790456785025474,1.4657475786090677,True,True,True,True,True,True,True,True,False
3,0,25,EEG GRID 23-Ref,True,0.3214992118840782,0.08006218500909809,0.3156146157896389,0.0608711053632183,0.010415812414345683,1.4775374521605225,True,True,True,True,True,True,True,True,False
3,0,26,EEG GRID 24-Ref,True,0.2735770706623855,0.06383873330367355,0.2660857746973497,0.02636198291673006,0.001225984970607791,1.0591728578398645,True,True,True,True,True,True,True,True,False
3,0,27,EEG GRID 25-Ref,False,0.2213697617135926,0.088403844893821,0.20971376211589524,0.06362497103161154,0.013873158171701915,1.390893737744409,True,True,True,True,True,True,True,True,False
3,0,28,EEG GRID 26-Ref,True,0.26767080609320565,0.0783181102047785,0.2576802141468922,0.04860316411102025,0.006789211184978794,1.2676740819501973,True,True,True,True,True,True,True,True,False
3,0,29,EEG GRID 27-Ref,True,0.27057780021312966,0.08845483192419322,0.25970012613032223,0.06504102931635958,0.017610891150945062,1.3363568943225408,True,True,True,True,True,True,True,True,False
3,0,30,EEG GRID 28-Ref,False,0.2694760609076399,0.11014851590900902,0.26312198097587214,0.10093423835421873,0.02243625069427508,1.9983426474319899,True,True,True,True,True,True,True,True,False
3,0,31,EEG GRID 29-Ref,True,0.3495702467345425,0.06682271132231092,0.3446243072166224,0.04787267867895793,0.013942168117966197,1.5906914293488237,True,True,True,True,True,True,True,True,False
3,0,32,EEG GRID 30-Ref,True,0.33301737145936755,0.07083853019667934,0.32958697318587604,0.05494125928141128,0.0015695781260044667,1.7084973642883328,True,True,True,True,True,True,True,True,False
3,0,33,EEG GRID 31-Ref,True,0.34648666191256616,0.09214709444041776,0.34134363139228274,0.07651079078138956,0.00573987193349809,1.6314838715606836,True,True,True,True,True,True,True,True,False
3,0,34,EEG GRID 32-Ref,True,0.35447514097486765,0.062732338822121,0.3511076827420283,0.04911912862244104,4.615825144669303e-06,1.5199726976298125,True,True,True,True,True,True,True,True,False
3,0,35,EEG GRID 33-Ref,True,0.21868165694451497,0.08230727279907146,0.19543740662909656,0.015570240878990557,0.0037793541699214367,1.0776001798424544,True,True,True,True,True,True,True,True,False
3,0,36,EEG GRID 35-Ref,True,0.30379983900657154,0.07501436233336152,0.29639560305016965,0.0497137179713172,0.03195050384979143,1.3888141296315122,True,True,True,True,True,True,True,True,False
3,0,37,EEG GRID 36-Ref,True,0.31978728255318917,0.07893189849632486,0.31206873119740985,0.05822518337211756,0.03191869798127663,1.4895009921074966,True,True,True,True,True,True,True,True,False
3,0,38,EEG GRID 37-Ref,False,0.31007547314136946,0.06965418643900856,0.30635702411294125,0.052702132302587454,0.0020849528431784036,1.6034894736053367,True,True,True,True,True,True,True,True,False
3,0,39,EEG GRID 38-Ref,False,0.26912751136573154,0.0750279338434832,0.2639831288036123,0.060529895074511245,0.014964326506078275,1.6873544875669642,True,True,True,True,True,True,True,True,False
3,0,40,EEG GRID 39-Ref,True,0.35345262316509696,0.09508356597911628,0.34855191265938995,0.08305380853442396,0.010355200868671732,1.790756740080009,True,True,True,True,True,True,True,True,False
3,0,41,EEG GRID 40-Ref,False,0.3537856173488303,0.07906385932573909,0.34959616838627305,0.07038187975076253,0.0017968632820409007,1.9839528763278547,True,True,True,True,True,True,True,True,False
3,0,42,EEG GRID 41-Ref,True,0.23706208328693243,0.09955018415719723,0.2107946635331897,0.049149689158881384,0.013651390543486776,1.2401195863270977,True,True,True,True,True,True,True,True,False
3,0,43,EEG GRID 42-Ref,True,0.32901820652774916,0.06372323860523389,0.3221849951423038,0.0288362248169137,0.01091680082185214,1.222082485780152,True,True,True,True,True,True,True,True,False
3,0,44,EEG GRID 43-Ref,True,0.3373849279128332,0.07018434387500005,0.3294042067995772,0.0238177479689435,0.0018352444248287542,1.173121632101328,True,True,True,True,True,True,True,True,False
3,0,45,EEG GRID 44-Ref,True,0.32512227031218593,0.06579718475568885,0.31775716417165883,0.01364785940128789,0.009054119109029236,1.0670918702379888,True,True,True,True,True,True,True,True,False
3,0,46,EEG GRID 45-Ref,True,0.34883232019491267,0.06471350224538121,0.34301394796892154,0.03989083897258435,0.0003900872039328769,1.3940100801313413,True,True,True,True,True,True,True,True,False
3,0,47,EEG GRID 46-Ref,True,0.36449893918765014,0.0676378902327788,0.3602989516662204,0.05349121170901436,0.002491235366443827,1.5609734769615358,True,True,True,True,True,True,True,True,False
3,0,48,EEG GRID 47-Ref,True,0.3710604111970797,0.06548593501373437,0.3681203770093885,0.05346880983347406,0.006707820813490176,1.7266099825584575,True,True,True,True,True,True,True,True,False
3,0,49,EEG GRID 48-Ref,False,0.3327248227767013,0.08125403530082521,0.32563320518780037,0.06514831395917138,0.00889300669113861,1.6143966400602674,True,True,True,True,True,True,True,True,False
3,0,50,EEG GRID 49-Ref,True,0.25627367210446894,0.07051575569522824,0.24335239486603064,0.019759866415385036,0.003001824469939838,1.1352163101236323,True,True,True,True,True,True,True,True,False
3,0,51,EEG GRID 50-Ref,True,0.26778053233744703,0.067950734289916,0.26030449067905664,0.0426825892282334,0.0011031235763622376,1.3647281638115862,True,True,True,True,True,True,True,True,False
3,0,52,EEG GRID 51-Ref,True,0.32643265202987465,0.07113908170979374,0.3185230834972,0.04981657603077064,0.007756705522863386,1.4906204690038516,True,True,True,True,True,True,True,True,False
3,0,53,EEG GRID 52-Ref,True,0.3039686234735586,0.07542195455604649,0.29730934430152517,0.05597945977309718,0.004152992841763743,1.501712844492036,True,True,True,True,True,True,True,True,False
3,0,54,EEG GRID 53-Ref,True,0.3084057828127605,0.06775153599841616,0.29714498960181807,0.015595011076371788,0.009513236890396001,1.1134624448712491,True,True,True,True,True,True,True,True,False
3,0,55,EEG GRID 54-Ref,True,0.34269725534599743,0.053017377044133986,0.33676860781192325,0.0330589461513344,0.0009965459360257748,1.3761758190745477,True,True,True,True,True,True,True,True,False
3,0,56,EEG GRID 55-Ref,True,0.33597075346443955,0.05338559578990423,0.3329447204052339,0.039975295211407594,0.005047545155570444,1.5466902982600645,True,True,True,True,True,True,True,True,False
3,0,57,EEG GRID 56-Ref,True,0.3111478894695723,0.058602072800526664,0.30484888853076947,0.008225172686713805,0.0006383369741301743,1.0585188754564334,True,True,True,True,True,True,True,True,False
3,0,58,EEG GRID 57-Ref,True,0.28956368633743096,0.08701075103190453,0.2772136658697838,0.037999249164761356,0.013666351787496363,1.1934059648859792,True,True,True,True,True,True,True,True,False
3,0,59,EEG GRID 58-Ref,True,0.29493337272415865,0.07429040861296293,0.2849398777481765,0.013539892525653557,0.006151829937433144,1.005045013303772,True,True,True,True,True,True,True,True,False
3,0,60,EEG GRID 59-Ref,True,0.2816025063931812,0.07479360607251158,0.26901043414851294,0.03525689549254535,0.0164184628002383,1.1739116812686066,True,True,True,True,True,True,True,True,False
3,0,61,EEG GRID 60-Ref,True,0.3563345723526889,0.08209486541695482,0.34940023916555274,0.05754139292530596,0.022576598823645395,1.4636645350934883,True,True,True,True,True,True,True,True,False
3,0,62,EEG GRID 61-Ref,False,0.29269038883287124,0.09919651280607815,0.2878007583022365,0.08329872991533642,0.010185939062164227,1.618198738545308,True,True,True,True,True,True,True,True,False
3,0,63,EEG GRID 62-Ref,True,0.2962706732328105,0.076783576857727,0.2874639135346969,0.04326792446192837,0.024798882722971212,1.2722401916374428,True,True,True,True,True,True,True,True,False
3,0,64,EEG GRID 63-Ref,False,0.2712484737554638,0.06072194458121213,0.2657123363794176,0.042318618349171576,0.009916797934696605,1.5102389260962747,True,True,True,True,True,True,True,True,False
3,0,65,EEG GRID 64-Ref,True,0.27649713198541875,0.052064641822227094,0.2728672024755205,0.035560329447015926,0.0033294994062990245,1.4276613891934375,True,True,True,True,True,True,True,True,False
3,0,66,EEG LA 01-Ref,True,0.3290031687674506,0.07616723666831536,0.31189529109898917,0.04079067594226013,0.024426686160044665,1.1912013419198708,True,True,True,True,True,True,True,True,False
3,0,67,EEG LA 02-Ref,True,0.3485646655441063,0.09306934554076715,0.33190898394779633,0.0673333091520801,0.0033658200796220974,1.4449049938475667,True,True,True,True,True,True,True,True,False
3,0,68,EEG LA 03-Ref,True,0.3734972444646205,0.08885517767605264,0.3601746432202909,0.0645617016822802,0.01311717524127672,1.5302112959648102,True,True,True,True,True,True,True,True,False
3,0,69,EEG LA 04-Ref,True,0.3659043848954623,0.08385543061612329,0.3526643126419922,0.04930241688395161,0.0035189439039455895,1.346068451866394,True,True,True,True,True,True,True,True,False
3,0,70,EEG LFP 01-Ref,True,0.35665702218703865,0.148725632493131,0.3513494964890219,0.14150511506103278,0.015643566494396396,2.804149438375806,True,True,True,True,True,True,False,False,False
3,0,71,EEG LFP 02-Ref,True,0.3679249120925153,0.13313750257427148,0.3614886995760761,0.12165571145745453,0.011736369173847041,2.204771299406721,True,True,True,True,True,True,False,False,False
3,0,72,EEG LFP 03-Ref,True,0.33255800019957193,0.10866833219221356,0.3284343466436338,0.10117656143621305,0.004981400549110058,2.280170064346134,True,True,True,True,True,True,False,False,False
3,0,73,EEG LFP 04-Ref,True,0.38145644002996104,0.1825367172017666,0.37653364340864076,0.17534925417564842,0.011684788610082363,2.8837918202763677,True,True,True,True,True,True,False,False,False
3,0,74,EEG LFP 05-Ref,True,0.39614075977687074,0.1689175152129891,0.3916083120374159,0.1618570739789809,0.018631518097939774,2.8567097315797545,True,True,True,True,True,True,False,False,False
3,0,75,EEG LFP 06-Ref,True,0.3503226504678369,0.11310148166002612,0.34432288685089907,0.10445395726872918,0.010927125707373643,2.0403081395395977,True,True,True,True,True,True,False,False,False
3,0,76,EEG LH 01-Ref,True,0.3982124176159266,0.07518578933512483,0.38562765005995653,0.05274801569809838,0.020774519660658804,1.4119793894324562,True,True,True,True,True,True,True,True,False
3,0,77,EEG LH 02-Ref,True,0.41629775219564585,0.08387728355977017,0.40406750832244326,0.06248866494286437,0.015286641692708706,1.4950075210720328,True,True,True,True,True,True,True,True,False
3,0,78,EEG LH 03-Ref,True,0.3950722631349242,0.07897088832860238,0.38562362707473047,0.057142896266432985,0.0023413771584043183,1.512016289897209,True,True,True,True,True,True,True,True,False
3,0,79,EEG LH 04-Ref,True,0.31371502117801703,0.06607041950352864,0.30493677888826803,0.034239571924555616,0.0016513089348480477,1.2491143777510982,True,True,True,True,True,True,True,True,False
3,0,80,EEG MST 03-Ref,True,0.3415187219967761,0.09028257922231302,0.3368107117861386,0.08224614344186486,0.001879141461315812,1.7933949066005654,True,True,True,True,True,True,True,True,False
3,0,81,EEG MST 04-Ref,False,0.2605254726820031,0.07388306174871638,0.2550009116286492,0.059791376807361726,0.004420033688720852,1.5933831953012456,True,True,True,True,True,True,True,True,False
3,0,82,EEG OF 01-Ref,True,0.39950493558473543,0.204742439190005,0.39511412112902955,0.19823966005023902,0.03487406350754825,3.2920205388788,True,True,True,True,True,True,False,False,False
3,0,83,EEG OF 02-Ref,True,0.41843519381886274,0.21895974543270846,0.41427309532791706,0.21292281521901965,0.036864725788094854,3.5261945544529176,True,True,True,True,True,True,False,False,False
3,0,84,EEG OF 03-Ref,True,0.42247075444157645,0.22057850220064498,0.4179648489887338,0.21397529747112884,0.03600248247840661,3.468877027716674,True,True,True,True,True,True,False,False,False
3,0,85,EEG OF 04-Ref,True,0.40617921176969357,0.20376567123458428,0.4018104014979001,0.19640273131636227,0.03187626297560881,3.2173441041388426,True,True,True,True,True,True,False,False,False
3,0,86,EEG OF 05-Ref,True,0.359062758098793,0.15877543271673725,0.3544956548174289,0.14884381941814723,0.0209639736028089,2.5351778651099233,True,True,True,True,True,True,False,False,False
3,0,87,EEG OF 06-Ref,True,0.34330306285685175,0.15128402918409486,0.33559726266442336,0.1337995237461573,0.00018003369653884788,1.9920766005918606,True,True,True,True,True,True,True,True,False
3,0,88,EEG OF 07-Ref,True,0.3211207313203638,0.11703746014039657,0.3145731986865929,0.09909249364387633,0.0014698677507179092,1.9097265904588787,True,True,True,True,True,True,True,True,False
3,0,89,EEG OF 08-Ref,True,0.33558088772120226,0.1220366918158675,0.3297261870949953,0.10504929850438934,0.041885765443992945,1.954433823482624,True,True,True,True,True,True,True,True,False
3,0,90,EEG PPO 03-Ref,False,0.14340080857548756,0.07096138658323128,0.122774295575652,0.014608743878446979,0.008297357120772569,1.0397301820134208,True,True,True,True,True,True,True,True,False
3,0,91,EEG PPO 04-Ref,True,0.3044789715696524,0.08069646771172315,0.297687651626897,0.054270632317997836,0.01509297742167889,1.4202267834498747,True,True,True,True,True,True,True,True,False
3,0,92,EEG PPO 05-Ref,False,0.31039521692366356,0.10553199132969582,0.3030028956519707,0.08855815791572154,0.006651763598999367,1.651410198693853,True,True,True,True,True,True,True,True,False
3,0,93,EEG PPO 06-Ref,False,0.2391326584528053,0.09520416290617871,0.2349772574904361,0.08737182914015841,0.004513707397407082,2.005316250355239,True,True,True,True,True,True,False,False,False
3,0,94,EEG PST 03-Ref,False,0.3741409638203572,0.09470433377849813,0.37110213051621094,0.08732458334291503,0.002606162114321531,1.9683320610739161,True,True,True,True,True,True,True,True,False
3,0,95,EEG PST 04-Ref,False,0.3503731037933643,0.08428533105253336,0.34630030299167874,0.07514646792463779,0.003561685175122899,1.7703744668858954,True,True,True,True,True,True,True,True,False
3,1,0,EEG AST 01-Ref,True,0.3927420726334261,0.11107148539975895,0.38449254071233435,0.09980311565083406,0.001516928124135467,3.093718538862403,True,True,True,True,True,True,False,False,False
3,1,1,EEG AST 02-Ref,True,0.43090139912093384,0.10655413995060736,0.42208221388446776,0.09446965518272077,0.011380840603321904,3.010986909766074,True,True,True,True,True,True,False,False,False
3,1,2,EEG AST 03-Ref,True,0.39959783429666046,0.049012089303282096,0.3913986834800084,0.03198973067953432,0.01700846103513543,1.6450689112737997,True,True,True,True,True,True,True,True,False
3,1,3,EEG AST 04-Ref,True,0.33237284461622374,0.05951801401804081,0.3246977499761963,0.03906560220589784,0.027868208739010514,1.4184080170599682,True,True,True,True,True,True,True,True,False
3,1,4,EEG GRID 01-Ref,False,0.20994608401766154,0.07202843337548366,0.20543624313202963,0.05929351760726663,0.006846450608228378,1.6611637170468128,True,True,True,True,True,True,True,True,False
3,1,5,EEG GRID 02-Ref,True,0.32945574697139085,0.1173022861764311,0.32563865431726824,0.10563308162042336,0.031034614089736,2.2379042797886872,True,True,True,True,True,True,False,False,False
3,1,6,EEG GRID 03-Ref,True,0.33864257756324856,0.12761680512827997,0.3350454377689516,0.11867370292219234,0.03005382053522274,2.166378560680785,True,True,True,True,True,True,False,False,False
3,1,7,EEG GRID 04-Ref,True,0.28896380416399375,0.07515432092931582,0.2848750294475894,0.06321648042711214,0.004935782664753867,1.7640786317487696,True,True,True,True,True,True,True,True,False
3,1,8,EEG GRID 05-Ref,True,0.35358687752069246,0.07521009271994833,0.3492643586416763,0.06350146009511379,0.006277473033463678,1.864407398823666,True,True,True,True,True,True,True,True,False
3,1,9,EEG GRID 06-Ref,False,0.2709317122902356,0.0876105153726677,0.26386102890018504,0.07283467565343146,0.002041604685054351,1.5998086799375686,True,True,True,True,True,True,True,True,False
3,1,10,EEG GRID 07-Ref,True,0.33842865975706155,0.08473818228253296,0.3345459637671621,0.07220508735517679,0.0156237158384865,1.722105265268077,True,True,True,True,True,True,True,True,False
3,1,11,EEG GRID 08-Ref,False,0.3248197516706611,0.12567290218143107,0.3192189885035201,0.11038441714364666,0.0018472533441337014,1.6669869631239032,True,True,True,True,True,True,True,True,False
3,1,12,EEG GRID 09-Ref,True,0.32690412718150086,0.10529163211741899,0.32184190959065695,0.08906683373412258,0.031945577875091245,1.7895269481377092,True,True,True,True,True,True,True,True,False
3,1,13,EEG GRID 10-Ref,True,0.3373110509801047,0.09479760661030512,0.3325446319237358,0.0817610515094135,0.00958825253621819,1.8751136028671451,True,True,True,True,True,True,True,True,False
3,1,14,EEG GRID 11-Ref,True,0.28598643149865294,0.09842219970887274,0.28118229505433956,0.08499631171661129,0.012325025808678143,1.7652159206406104,True,True,True,True,True,True,True,True,False
3,1,15,EEG GRID 12-Ref,True,0.3594955970197251,0.10469922411754728,0.3556705827023553,0.09444472688495796,0.009038153562251705,1.9902197429274389,True,True,True,True,True,True,True,True,False
3,1,16,EEG GRID 13-Ref,True,0.32340139340093393,0.07248969056055485,0.3206153131163563,0.06281714273541043,0.007508269633216062,1.7311122245386052,True,True,True,True,True,True,True,True,False
3,1,17,EEG GRID 14-Ref,True,0.3033615817335026,0.07878461788356933,0.29892319100326026,0.06664308627396043,0.015696946156632054,1.6056436775607006,True,True,True,True,True,True,True,True,False
3,1,18,EEG GRID 15-Ref,True,0.3175659573034814,0.08828681029275824,0.31256437488814665,0.07268717430973705,0.004064593069152527,1.59765083719345,True,True,True,True,True,True,True,True,False
3,1,19,EEG GRID 16-Ref,False,0.27329172921585626,0.11326408196643338,0.26445124585527263,0.09430195499506924,0.0022972174810187425,1.4598217831160853,True,True,True,True,True,True,True,True,False
3,1,20,EEG GRID 17-Ref,True,0.2961649355874482,0.07630850246547223,0.2907648274719578,0.04635656544487855,0.016915060866625514,1.3295214349747053,True,True,True,True,True,True,True,True,False
3,1,21,EEG GRID 18-Ref,True,0.36865526188577685,0.06844434997443771,0.3625032493499117,0.04638994955140819,0.010208916526365411,1.4232050214587313,True,True,True,True,True,True,True,True,False
3,1,22,EEG GRID 19-Ref,False,0.2651955735274768,0.06086350460974561,0.26091338482732124,0.045356935709136584,0.004518286413027003,1.498026789894329,True,True,True,True,True,True,True,True,False
3,1,23,EEG GRID 21-Ref,True,0.2894634847693193,0.10648547228048703,0.2822860166661501,0.09329802398880069,0.01568845009387066,1.7084050454726145,True,True,True,True,True,True,True,True,False
3,1,24,EEG GRID 22-Ref,False,0.22302721142467635,0.07449257984947937,0.2151137537579788,0.05449906313880267,0.018014546711372145,1.4831959927832912,True,True,True,True,True,True,True,True,False
3,1,25,EEG GRID 23-Ref,True,0.3009708925145428,0.07869717790397608,0.2939432453907164,0.05788432699469266,0.010573246351530455,1.4591267102691112,True,True,True,True,True,True,True,True,False
3,1,26,EEG GRID 24-Ref,True,0.2595060956665752,0.06307888933486339,0.25135833512272576,0.0235324458870837,0.0010149811871982364,1.0462269917330735,True,True,True,True,True,True,True,True,False
3,1,27,EEG GRID 25-Ref,False,0.24441755074287516,0.09208072225775706,0.2329763910143123,0.06604431787606918,0.014124200982821765,1.3970265036582488,True,True,True,True,True,True,True,True,False
3,1,28,EEG GRID 26-Ref,True,0.2959296816745312,0.08718414057585341,0.2869541624301487,0.06263270515540106,0.00721176106784289,1.3457152824938001,True,True,True,True,True,True,True,True,False
3,1,29,EEG GRID 27-Ref,True,0.29402533057109387,0.08946116796729496,0.28398130675765987,0.06759438571791798,0.018242766854443683,1.3336477657940202,True,True,True,True,True,True,True,True,False
3,1,30,EEG GRID 28-Ref,False,0.2816994597704313,0.10534377746774054,0.2754641923378484,0.09617436480728928,0.022879905064758704,1.9560829705882592,True,True,True,True,True,True,True,True,False
3,1,31,EEG GRID 29-Ref,True,0.3659677126168137,0.06869316531250957,0.3606640791185864,0.04974832326757589,0.014114071341104276,1.6017800734744425,True,True,True,True,True,True,True,True,False
3,1,32,EEG GRID 30-Ref,True,0.3317517049609128,0.07113519162617535,0.3284223141317809,0.05468338088559846,0.0012707702095223453,1.7008115700951334,True,True,True,True,True,True,True,True,False
3,1,33,EEG GRID 31-Ref,True,0.35170581268864254,0.08896812316709965,0.3466858665626458,0.07333238191744118,0.005223649722366509,1.598472374576162,True,True,True,True,True,True,True,True,False
3,1,34,EEG GRID 32-Ref,True,0.35807929947196393,0.06310516214101615,0.3545905383427427,0.04830091923320952,0.00039151134401293753,1.5062362060396948,True,True,True,True,True,True,True,True,False
3,1,35,EEG GRID 33-Ref,True,0.22978412191264155,0.07874858211704504,0.20634204153276078,0.014120006340137888,0.004553080235669097,1.0755291763044716,True,True,True,True,True,True,True,True,False
3,1,36,EEG GRID 35-Ref,True,0.3254150976078833,0.07332127948084126,0.31708749094180055,0.04882369016115902,0.032584393179144105,1.3692480224397863,True,True,True,True,True,True,True,True,False
3,1,37,EEG GRID 36-Ref,True,0.34120122369402883,0.07845190524598554,0.3330206401650052,0.05722721398089439,0.03249235378703758,1.4715729202532504,True,True,True,True,True,True,True,True,False
3,1,38,EEG GRID 37-Ref,False,0.3169599976681426,0.0724750976449516,0.3128625716999205,0.0555035912208677,0.0023741244245992096,1.6285554619421954,True,True,True,True,True,True,True,True,False
3,1,39,EEG GRID 38-Ref,False,0.2603300264103926,0.07607172496813752,0.2553372262024757,0.06135113007831102,0.014630077970396213,1.7024189011640307,True,True,True,True,True,True,True,True,False
3,1,40,EEG GRID 39-Ref,True,0.3566973611600638,0.09527178649024229,0.35182087218358155,0.08224961250991426,0.010661039149385557,1.779260337655516,True,True,True,True,True,True,True,True,False
3,1,41,EEG GRID 40-Ref,False,0.3679584674062107,0.0853520794884225,0.36392228530787035,0.07735849442201993,0.002001553882333698,2.05673773218287,True,True,True,True,True,True,False,False,False
3,1,42,EEG GRID 41-Ref,True,0.21612038094319164,0.09730290626701445,0.18839554783464935,0.05095929567521034,0.013153795004186168,1.2507342183980912,True,True,True,True,True,True,True,True,False
3,1,43,EEG GRID 42-Ref,True,0.3174578812906323,0.0617008414723944,0.30941465229770454,0.02534739490098698,0.009991675295651368,1.1875200149087666,True,True,True,True,True,True,True,True,False
3,1,44,EEG GRID 43-Ref,True,0.3480920774991286,0.06593553449569278,0.3385282422311689,0.01743238074691434,0.002749515568092679,1.1105858821986372,True,True,True,True,True,True,True,True,False
3,1,45,EEG GRID 44-Ref,True,0.34466831900444034,0.06460706361874638,0.33627856926544253,0.010688323178557868,0.009997027419816102,1.0189267077654018,True,True,True,True,True,True,True,True,False
3,1,46,EEG GRID 45-Ref,True,0.354757014122089,0.06293004685488963,0.34867658733900014,0.03914157933652523,0.00041743115264328013,1.383897622042533,True,True,True,True,True,True,True,True,False
3,1,47,EEG GRID 46-Ref,True,0.3686310547374094,0.06742636080605734,0.3650012365280669,0.05348226808502182,0.0029486665300117025,1.5746549822933151,True,True,True,True,True,True,True,True,False
3,1,48,EEG GRID 47-Ref,True,0.3788348378064354,0.06382540797383646,0.3757944312600301,0.05239147150675652,0.007074822099658656,1.7098185055555652,True,True,True,True,True,True,True,True,False
3,1,49,EEG GRID 48-Ref,False,0.34999006325258325,0.08236786728016908,0.3440451579298485,0.06625411154473744,0.008967259688104981,1.630748106422136,True,True,True,True,True,True,True,True,False
3,1,50,EEG GRID 49-Ref,True,0.27912291280775003,0.07139480537769105,0.2664611617261518,0.01810521342206987,0.0032358010995397375,1.1230991086541084,True,True,True,True,True,True,True,True,False
3,1,51,EEG GRID 50-Ref,True,0.2540425946852078,0.06860290095310856,0.24707629702749023,0.041278767021042564,0.0010206695303824212,1.3582891424044632,True,True,True,True,True,True,True,True,False
3,1,52,EEG GRID 51-Ref,True,0.3361657213457367,0.06966412138618844,0.3286481252637147,0.047186404841664475,0.007323707093620664,1.4622592715810654,True,True,True,True,True,True,True,True,False
3,1,53,EEG GRID 52-Ref,True,0.3164750223131446,0.07392078306796455,0.31063189059421475,0.054496109694370055,0.0034817009740351974,1.498581858942636,True,True,True,True,True,True,True,True,False
3,1,54,EEG GRID 53-Ref,True,0.3214023487471669,0.06810714263289676,0.30913070687302974,0.016095673359737557,0.009012472270387439,1.1126729543712988,True,True,True,True,True,True,True,True,False
3,1,55,EEG GRID 54-Ref,True,0.34820721637757834,0.05320968027501983,0.34291280795574314,0.03561947589038857,0.0004756274118649865,1.4108760597071721,True,True,True,True,True,True,True,True,False
3,1,56,EEG GRID 55-Ref,True,0.34090312793075145,0.05224675031797132,0.3378693921304889,0.03893344522923457,0.005369805930472562,1.5289249544090886,True,True,True,True,True,True,True,True,False
3,1,57,EEG GRID 56-Ref,True,0.32350373587063097,0.059668616439334465,0.3170351119620439,0.006043896812537354,0.0008464714873536905,1.0482694278024214,True,True,True,True,True,True,True,True,False
3,1,58,EEG GRID 57-Ref,True,0.3130347179153623,0.08710376240035655,0.2992064878883741,0.03466471971768611,0.013765107104861871,1.1760392250915486,True,True,True,True,True,True,True,True,False
3,1,59,EEG GRID 58-Ref,True,0.3172586413462908,0.07510699113228697,0.30522323384519057,0.010637616665149022,0.006402602926441148,1.0264884990640115,True,True,True,True,True,True,True,True,False
3,1,60,EEG GRID 59-Ref,True,0.2943317779124208,0.07495970953451597,0.2834616391258722,0.034134538895187014,0.015874031247698515,1.165163520308704,True,True,True,True,True,True,True,True,False
3,1,61,EEG GRID 60-Ref,True,0.3528441228397065,0.07904302729144401,0.346669852685967,0.055684807929250124,0.022940346484029088,1.4411738310332842,True,True,True,True,True,True,True,True,False
3,1,62,EEG GRID 61-Ref,False,0.29339803125335473,0.09320642786673301,0.2879163731278596,0.07693443612185348,0.010429816513404392,1.5704464791067518,True,True,True,True,True,True,True,True,False
3,1,63,EEG GRID 62-Ref,True,0.3043715778677546,0.07831445555628815,0.29606570934924303,0.04760958718724283,0.024616953581165654,1.2987474562840329,True,True,True,True,True,True,True,True,False
3,1,64,EEG GRID 63-Ref,False,0.27789574088752517,0.06359376618112941,0.27233707177384503,0.04477712338712598,0.009615079541322779,1.5352394652803858,True,True,True,True,True,True,True,True,False
3,1,65,EEG GRID 64-Ref,True,0.27647487079952365,0.053830189147429125,0.273334390008386,0.03703131421847304,0.0032971973884605922,1.444015157324977,True,True,True,True,True,True,True,True,False
3,1,66,EEG LA 01-Ref,True,0.29439793606209685,0.07635291775919886,0.27293302585370477,0.03762299835834962,0.023894409243805557,1.1827275916964237,True,True,True,True,True,True,True,True,False
3,1,67,EEG LA 02-Ref,True,0.3156109727824612,0.08922157454816158,0.2981861607740016,0.06317921220094017,0.003660302698335105,1.4247786083806504,True,True,True,True,True,True,True,True,False
3,1,68,EEG LA 03-Ref,True,0.3610566461767747,0.08437341652402654,0.34670988613030435,0.06073710314877731,0.013293527103846627,1.5046316871590337,True,True,True,True,True,True,True,True,False
3,1,69,EEG LA 04-Ref,True,0.3616465267943674,0.08049649867156096,0.3478150453900528,0.04507315042485947,0.003931710270709291,1.3230520163306798,True,True,True,True,True,True,True,True,False
3,1,70,EEG LFP 01-Ref,True,0.3608147594894256,0.14481843031323713,0.35607981356654056,0.1383953119439841,0.015722708899000234,2.776130327421267,True,True,True,True,True,True,False,False,False
3,1,71,EEG LFP 02-Ref,True,0.37319497907752713,0.13050943571237253,0.36741484476101594,0.118322277075851,0.01184525392659582,2.1826481232674526,True,True,True,True,True,True,False,False,False
3,1,72,EEG LFP 03-Ref,True,0.32842747492887303,0.10914745364039564,0.3244385058561397,0.10213554360144296,0.005300004197859375,2.2902601481383296,True,True,True,True,True,True,False,False,False
3,1,73,EEG LFP 04-Ref,True,0.38224880263120864,0.18903898816430972,0.37737643459695164,0.18193607767173572,0.01131039684966516,2.9433451609999173,True,True,True,True,True,True,False,False,False
3,1,74,EEG LFP 05-Ref,True,0.40094062850452256,0.1774235705783106,0.396585492890853,0.17040861542103247,0.018336089529265888,2.947905204388933,True,True,True,True,True,True,False,False,False
3,1,75,EEG LFP 06-Ref,True,0.36834934831198535,0.12360360419897447,0.3638444943188307,0.11449518764992998,0.010962998779769736,2.14708726857496,True,True,True,True,True,True,False,False,False
3,1,76,EEG LH 01-Ref,True,0.356901183804207,0.07062840698618902,0.3415413605559109,0.04774029643873731,0.020178387051933325,1.3846080636817,True,True,True,True,True,True,True,True,False
3,1,77,EEG LH 02-Ref,True,0.3877905268165149,0.07820187586737029,0.37456671326313856,0.05575414637997118,0.01475183958516832,1.4566374799238613,True,True,True,True,True,True,True,True,False
3,1,78,EEG LH 03-Ref,True,0.3894548203662923,0.07548941519336967,0.37987271170790565,0.052619246169819896,0.0028274399728809513,1.483103483385711,True,True,True,True,True,True,True,True,False
3,1,79,EEG LH 04-Ref,True,0.3178562076569651,0.06578930528669549,0.3085603561302369,0.03318247457691112,0.0021085704552867793,1.2445412282352346,True,True,True,True,True,True,True,True,False
3,1,80,EEG MST 03-Ref,True,0.3211050507623507,0.08719450365534435,0.31613249585921066,0.07864666640023606,0.0017505960308065627,1.765069630667228,True,True,True,True,True,True,True,True,False
3,1,81,EEG MST 04-Ref,False,0.24512973645247535,0.07495708793272357,0.23972857367959105,0.06079036929966703,0.004261379260806083,1.6028301081574858,True,True,True,True,True,True,True,True,False
3,1,82,EEG OF 01-Ref,True,0.38939311843075164,0.20223734960648962,0.38462231148159914,0.19549056290701583,0.03528800419134764,3.261894823155307,True,True,True,True,True,True,False,False,False
3,1,83,EEG OF 02-Ref,True,0.41098265547451635,0.21699263883556344,0.4067594612434342,0.21066910991175392,0.03727627305020538,3.5005623428794657,True,True,True,True,True,True,False,False,False
3,1,84,EEG OF 03-Ref,True,0.4149299339239517,0.21973314418031528,0.4100826986468741,0.21289460986084716,0.03642114022494649,3.4583477734648884,True,True,True,True,True,True,False,False,False
3,1,85,EEG OF 04-Ref,True,0.40211089703654546,0.20428877485768965,0.3971097543804108,0.19675522105818571,0.0322742015185322,3.2244372648834885,True,True,True,True,True,True,False,False,False
3,1,86,EEG OF 05-Ref,True,0.36432698431851346,0.16131274945077045,0.35933083139418015,0.15094800781106618,0.02134350132262287,2.5681905533223923,True,True,True,True,True,True,False,False,False
3,1,87,EEG OF 06-Ref,True,0.35430683732330376,0.16095426027140158,0.3458052188702936,0.1418871543769025,0.00025102052436983555,2.0690197395292924,True,True,True,True,True,True,False,False,False
3,1,88,EEG OF 07-Ref,True,0.3481107745968885,0.127721621010761,0.34191419107242704,0.10962340003733419,0.0019060458402947234,2.0177513991875857,True,True,True,True,True,True,False,False,False
3,1,89,EEG OF 08-Ref,True,0.35613905866468876,0.1367455044691999,0.35023479979015953,0.12107849370877334,0.041385269477268234,2.094023316935636,True,True,True,True,True,True,False,False,False
3,1,90,EEG PPO 03-Ref,False,0.13489904571504935,0.06968591845019001,0.11388511224966036,0.01826815004083803,0.0081973390879331,1.0888654513597498,True,True,True,True,True,True,True,True,False
3,1,91,EEG PPO 04-Ref,True,0.29926386157118523,0.07692475985509395,0.29338421255792424,0.04922197436830943,0.015115644220259503,1.3789203337557407,True,True,True,True,True,True,True,True,False
3,1,92,EEG PPO 05-Ref,False,0.31056256507562685,0.10266734271364299,0.30344193263463426,0.08590748946372204,0.006539644448142468,1.633412722638664,True,True,True,True,True,True,True,True,False
3,1,93,EEG PPO 06-Ref,False,0.2337791749565651,0.09479289727694372,0.2297758606769904,0.08715420766246978,0.00445972751927334,1.9935684140440044,True,True,True,True,True,True,True,True,False
3,1,94,EEG PST 03-Ref,False,0.3467518913835674,0.09125509448019194,0.3430613658651039,0.08356024429310174,0.002661278423389166,1.9214669574763295,True,True,True,True,True,True,True,True,False
3,1,95,EEG PST 04-Ref,False,0.33305020235822097,0.08154466743265765,0.328732092011671,0.07208147492969917,0.0036322756171570277,1.7334580230258783,True,True,True,True,True,True,True,True,False
3,2,0,EEG AST 01-Ref,True,0.42602939525428213,0.10905741616504336,0.4168278422418782,0.09765635188373421,0.0009438221385044517,3.0668425716774546,True,True,True,True,True,True,False,False,False
3,2,1,EEG AST 02-Ref,True,0.48145995658520147,0.10281857459285929,0.47196887809138494,0.08987206304045411,0.011002897843833761,2.980578973397875,True,True,True,True,True,True,False,False,False
3,2,2,EEG AST 03-Ref,True,0.43544783390823605,0.04998483411136357,0.42664868652743704,0.03253262439378077,0.017126777660206996,1.651132492975355,True,True,True,True,True,True,True,True,False
3,2,3,EEG AST 04-Ref,True,0.33066396774757045,0.059613917701817204,0.3232867428460964,0.03965302903733869,0.028142296994343563,1.4273497422173609,True,True,True,True,True,True,True,True,False
3,2,4,EEG GRID 01-Ref,False,0.21868012835148484,0.07513174302203139,0.2144796195675166,0.06310209852302885,0.006517704974260117,1.6996583286519704,True,True,True,True,True,True,True,True,False
3,2,5,EEG GRID 02-Ref,True,0.3179746242965289,0.11860642550471538,0.3140793957755105,0.10724540944527695,0.030547361782142818,2.2518595371656684,True,True,True,True,True,True,False,False,False
3,2,6,EEG GRID 03-Ref,True,0.3092405388866412,0.12783312263196844,0.305030939984231,0.11700014796345488,0.029701425122110728,2.1566802194646186,True,True,True,True,True,True,False,False,False
3,2,7,EEG GRID 04-Ref,True,0.2708201499502122,0.07285410989245808,0.2666410535567261,0.06010157227566632,0.0046746469920551734,1.7341282347946205,True,True,True,True,True,True,True,True,False
3,2,8,EEG GRID 05-Ref,True,0.3378573263533083,0.07543529990190133,0.33385115574602,0.06461503422150551,0.005925140253637667,1.8811353970971543,True,True,True,True,True,True,True,True,False
3,2,9,EEG GRID 06-Ref,False,0.26573993873583523,0.08987169040448395,0.2590703398568152,0.07410871403535357,0.002114831714084723,1.6244701465795146,True,True,True,True,True,True,True,True,False
3,2,10,EEG GRID 07-Ref,True,0.343121301371634,0.08042387582583484,0.3392218513535031,0.06716831054368183,0.015908744757035884,1.6613718035939733,True,True,True,True,True,True,True,True,False
3,2,11,EEG GRID 08-Ref,False,0.3323165606324599,0.12000175288890355,0.3269955672991381,0.10439665921821,0.0021786994220689346,1.6214038718426387,True,True,True,True,True,True,True,True,False
3,2,12,EEG GRID 09-Ref,True,0.3291672446613935,0.10473588664271233,0.3240407871676998,0.08768677947582632,0.031569274405692405,1.7932491404071778,True,True,True,True,True,True,True,True,False
3,2,13,EEG GRID 10-Ref,True,0.3265596904444211,0.0991771220338622,0.3220053365717959,0.0856742376386132,0.009824477925639211,1.9014236564609828,True,True,True,True,True,True,True,True,False
3,2,14,EEG GRID 11-Ref,True,0.28265803215657226,0.09763660795358006,0.27793234190665794,0.08123312924171554,0.012006328923307384,1.7431994143268168,True,True,True,True,True,True,True,True,False
3,2,15,EEG GRID 12-Ref,True,0.32642420305439873,0.10371863253930684,0.32273975863545556,0.09195950444268614,0.00884380875590565,1.9688191049818982,True,True,True,True,True,True,True,True,False
3,2,16,EEG GRID 13-Ref,True,0.30451397871471075,0.07654907042616502,0.301190864935942,0.06601186201129766,0.007096956909310382,1.7669523466169785,True,True,True,True,True,True,True,True,False
3,2,17,EEG GRID 14-Ref,True,0.2893519754609468,0.08207696556164044,0.28467321099378884,0.07067560397906948,0.015585305800591946,1.654043273201168,True,True,True,True,True,True,True,True,False
3,2,18,EEG GRID 15-Ref,True,0.31688857729043735,0.08456774258966851,0.3120658234624229,0.06926490224145575,0.004066926030694584,1.583163501152387,True,True,True,True,True,True,True,True,False
3,2,19,EEG GRID 16-Ref,False,0.27736272036110937,0.1106382610799177,0.2688369016396987,0.09320338712455944,0.0022885010454104693,1.4675994413323548,True,True,True,True,True,True,True,True,False
3,2,20,EEG GRID 17-Ref,True,0.293524256728733,0.07493007855604691,0.2877045476575085,0.04391684715119266,0.017032124309046243,1.3266797263050487,True,True,True,True,True,True,True,True,False
3,2,21,EEG GRID 18-Ref,True,0.3520340563786052,0.06802418740710484,0.34485742160981153,0.044391345904076486,0.010477184947206637,1.414162494633308,True,True,True,True,True,True,True,True,False
3,2,22,EEG GRID 19-Ref,False,0.2886415389446727,0.06391998526525426,0.28365744651813624,0.0497541164734666,0.004187467440168995,1.5473240215432171,True,True,True,True,True,True,True,True,False
3,2,23,EEG GRID 21-Ref,True,0.28886690296074574,0.10523591689477874,0.28135455943053467,0.0913753513425381,0.015588357496828024,1.7007310650399494,True,True,True,True,True,True,True,True,False
3,2,24,EEG GRID 22-Ref,False,0.21923404288188886,0.07035193399911521,0.21118639219895946,0.049787347448931235,0.017772182115374464,1.4363680514347126,True,True,True,True,True,True,True,True,False
3,2,25,EEG GRID 23-Ref,True,0.3146231476027895,0.08009378283024628,0.3071765570249507,0.05982806537377663,0.010452504557261513,1.4842223188731047,True,True,True,True,True,True,True,True,False
3,2,26,EEG GRID 24-Ref,True,0.25354011878303906,0.06330347957258026,0.246270544147012,0.026416883252687796,0.0011156541517352674,1.0566306001705361,True,True,True,True,True,True,True,True,False
3,2,27,EEG GRID 25-Ref,False,0.21953647813317054,0.08712498503582185,0.20864424771553758,0.05943657285609642,0.013933768317506215,1.3667551861001805,True,True,True,True,True,True,True,True,False
3,2,28,EEG GRID 26-Ref,True,0.258726113874465,0.08189049281787969,0.24886445845268707,0.05445636363762571,0.007058658980683863,1.2899298314430807,True,True,True,True,True,True,True,True,False
3,2,29,EEG GRID 27-Ref,True,0.27294119493168756,0.08754392840822424,0.2621037155474514,0.06429869520133838,0.017891376638382993,1.3164167574516568,True,True,True,True,True,True,True,True,False
3,2,30,EEG GRID 28-Ref,False,0.2766682829506612,0.10621867787324976,0.2703309410537266,0.09742992197340014,0.02246023986548827,1.968201476451479,True,True,True,True,True,True,True,True,False
3,2,31,EEG GRID 29-Ref,True,0.37962003950838824,0.06958654236375968,0.3747263155106179,0.051476249096990535,0.013605472793490912,1.6279100705692149,True,True,True,True,True,True,True,True,False
3,2,32,EEG GRID 30-Ref,True,0.33973259177209614,0.07067939643139401,0.3361464457574025,0.05464310384158646,0.001443272090542761,1.705615094636473,True,True,True,True,True,True,True,True,False
3,2,33,EEG GRID 31-Ref,True,0.31371265244072455,0.08911060223894575,0.3081837341275613,0.07293416207529194,0.005386481688568219,1.6005200462981364,True,True,True,True,True,True,True,True,False
3,2,34,EEG GRID 32-Ref,True,0.3395133986045412,0.06403941317230151,0.3364214877268588,0.05025389649380575,0.00028642696472485463,1.52024608164195,True,True,True,True,True,True,True,True,False
3,2,35,EEG GRID 33-Ref,True,0.21029127140361836,0.08161117345532977,0.185231373789752,0.013178050681210656,0.00408978167818132,1.0765908947780474,True,True,True,True,True,True,True,True,False
3,2,36,EEG GRID 35-Ref,True,0.30495095135685635,0.07557836680625539,0.29664474467258783,0.051969228648739964,0.03204335539257329,1.4223989749048223,True,True,True,True,True,True,True,True,False
3,2,37,EEG GRID 36-Ref,True,0.33491037916623523,0.08186603874384521,0.3269299110947249,0.062009967513764974,0.03188003713760665,1.5367049885479571,True,True,True,True,True,True,True,True,False
3,2,38,EEG GRID 37-Ref,False,0.31982396902600657,0.07231288953579897,0.31563826186678906,0.05542945802690444,0.0021243846774824026,1.642554879073136,True,True,True,True,True,True,True,True,False
3,2,39,EEG GRID 38-Ref,False,0.2629288150403446,0.07539108277657385,0.25818589929187086,0.06067992702412279,0.014442203188399526,1.6915121465190792,True,True,True,True,True,True,True,True,False
3,2,40,EEG GRID 39-Ref,True,0.3262678951945907,0.09384662547071758,0.32071995549033144,0.08061159660816027,0.010597840234446359,1.7627984260081027,True,True,True,True,True,True,True,True,False
3,2,41,EEG GRID 40-Ref,False,0.35077648907545794,0.08085886192644334,0.3473218358573347,0.07270176198102779,0.001912199485695477,2.0134445863333834,True,True,True,True,True,True,False,False,False
3,2,42,EEG GRID 41-Ref,True,0.217038872898602,0.09630095915577913,0.1904835723659943,0.04671847408625769,0.013621365117789379,1.2354028306800067,True,True,True,True,True,True,True,True,False
3,2,43,EEG GRID 42-Ref,True,0.3130512315502595,0.06475616519888706,0.30484910926333186,0.028477205456265326,0.010798568495962533,1.2160770942894072,True,True,True,True,True,True,True,True,False
3,2,44,EEG GRID 43-Ref,True,0.3352733944495862,0.07021969190710535,0.3244604944109,0.02304925989655737,0.0018502898800972134,1.1660030492047053,True,True,True,True,True,True,True,True,False
3,2,45,EEG GRID 44-Ref,True,0.32313941661523077,0.06563260271181645,0.31317666583832615,0.014316755803610371,0.009122925299785978,1.0685004744409143,True,True,True,True,True,True,True,True,False
3,2,46,EEG GRID 45-Ref,True,0.33909449525543667,0.06516494163969208,0.33298603363290846,0.04130505439491131,0.00011287929958138994,1.4112415286332183,True,True,True,True,True,True,True,True,False
3,2,47,EEG GRID 46-Ref,True,0.3632942580138368,0.06715142492916319,0.3595779148800282,0.05289883900464543,0.0030993079914653633,1.5644346162118123,True,True,True,True,True,True,True,True,False
3,2,48,EEG GRID 47-Ref,True,0.36206754194979124,0.0637172060210838,0.35860604199662544,0.05119663461775022,0.007163812652618009,1.6934190423761608,True,True,True,True,True,True,True,True,False
3,2,49,EEG GRID 48-Ref,False,0.33694671561439926,0.07979099503654612,0.33077855892793584,0.06508884281527001,0.008870799114248144,1.6245196692918153,True,True,True,True,True,True,True,True,False
3,2,50,EEG GRID 49-Ref,True,0.2672042284032242,0.07358624768525153,0.2554444630019472,0.021138297720744877,0.0027204690813091388,1.151666898113315,True,True,True,True,True,True,True,True,False
3,2,51,EEG GRID 50-Ref,True,0.25971320470424986,0.06812999222167325,0.253867038140284,0.04266086555605745,0.0011781045230547294,1.3566753538845133,True,True,True,True,True,True,True,True,False
3,2,52,EEG GRID 51-Ref,True,0.340651856852572,0.07055992799335269,0.33254891495776373,0.04799278130926286,0.0070574999740339985,1.481708333074072,True,True,True,True,True,True,True,True,False
3,2,53,EEG GRID 52-Ref,True,0.3180955998508411,0.07544039426202033,0.31165562603079816,0.056035528069308366,0.003649127793748835,1.5210383908958478,True,True,True,True,True,True,True,True,False
3,2,54,EEG GRID 53-Ref,True,0.3171303127875113,0.06868521087315871,0.3040798969393337,0.017800160674063467,0.009528705206248248,1.1231073275234773,True,True,True,True,True,True,True,True,False
3,2,55,EEG GRID 54-Ref,True,0.34854184930782817,0.0546955884782388,0.34367122374731285,0.036788780577530544,0.00048649750961543754,1.4104119957946528,True,True,True,True,True,True,True,True,False
3,2,56,EEG GRID 55-Ref,True,0.32665192546172617,0.05568249558112935,0.32344557897534465,0.04285605992149576,0.005097160775310061,1.5764243161853442,True,True,True,True,True,True,True,True,False
3,2,57,EEG GRID 56-Ref,True,0.3027334845648027,0.058260128463451695,0.29591103558737974,0.005639646715367652,0.00033726804713304453,1.0338912535500493,True,True,True,True,True,True,True,True,False
3,2,58,EEG GRID 57-Ref,True,0.29683721371295085,0.08978914201598577,0.286563044070585,0.04446112051354695,0.01331375865556856,1.2328350355953643,True,True,True,True,True,True,True,True,False
3,2,59,EEG GRID 58-Ref,True,0.3066346366573424,0.07534206663882405,0.2980470828154522,0.013886242631663154,0.006127922242400725,1.0193307518606463,True,True,True,True,True,True,True,True,False
3,2,60,EEG GRID 59-Ref,True,0.29266269354661345,0.07601998451282002,0.2818495800076614,0.035869071328325876,0.016046355771075896,1.1818716959498874,True,True,True,True,True,True,True,True,False
3,2,61,EEG GRID 60-Ref,True,0.3648688288965445,0.08061387740936189,0.35857846753816464,0.05906041160697508,0.022750552129762264,1.4831365663972746,True,True,True,True,True,True,True,True,False
3,2,62,EEG GRID 61-Ref,False,0.2868524101733001,0.09762166051184008,0.28171917545481184,0.08211739324356841,0.00983598824013536,1.6164025248087626,True,True,True,True,True,True,True,True,False
3,2,63,EEG GRID 62-Ref,True,0.3055360064737387,0.07846130647678484,0.2972454484028472,0.046486306762360374,0.02472219614324434,1.284861162302499,True,True,True,True,True,True,True,True,False
3,2,64,EEG GRID 63-Ref,False,0.2782071799761017,0.06286612826638029,0.2727412632329468,0.044479354438198004,0.0101119316352997,1.5311201744808653,True,True,True,True,True,True,True,True,False
3,2,65,EEG GRID 64-Ref,True,0.26430501221995917,0.051603073048727195,0.26079185743413985,0.03428985248712258,0.002581411353445116,1.4213447425320134,True,True,True,True,True,True,True,True,False
3,2,66,EEG LA 01-Ref,True,0.3202683527216821,0.08006368113138566,0.2971981744555516,0.04676819268233119,0.024544794395530797,1.2343218755178404,True,True,True,True,True,True,True,True,False
3,2,67,EEG LA 02-Ref,True,0.34712923666941325,0.09539314696028667,0.32504016748733194,0.07046094010771244,0.0032982704895752903,1.4639695856337724,True,True,True,True,True,True,True,True,False
3,2,68,EEG LA 03-Ref,True,0.3532369241747691,0.0844301721248089,0.3379262570164748,0.06004865837842829,0.01311621413274331,1.4954961841815253,True,True,True,True,True,True,True,True,False
3,2,69,EEG LA 04-Ref,True,0.3295072196776081,0.07927603802977316,0.3136642481508813,0.043740979936494916,0.0035969227198581278,1.3104537482074623,True,True,True,True,True,True,True,True,False
3,2,70,EEG LFP 01-Ref,True,0.35502071844267985,0.14784037188303445,0.3494445328282086,0.1413456572596957,0.014860060065752415,2.8263773710782796,True,True,True,True,True,True,False,False,False
3,2,71,EEG LFP 02-Ref,True,0.36656687397184606,0.13215663410374198,0.3597771605763426,0.12102425408201513,0.010863577259189017,2.223334046203907,True,True,True,True,True,True,False,False,False
3,2,72,EEG LFP 03-Ref,True,0.32480864148626815,0.11281657134238313,0.32023719421759844,0.10581463961220652,0.004414704709477985,2.3436006039771065,True,True,True,True,True,True,False,False,False
3,2,73,EEG LFP 04-Ref,True,0.3747904222503841,0.19426253465365959,0.3694929602377265,0.18722438512219083,0.012108958015673639,2.9898871599546513,True,True,True,True,True,True,False,False,False
3,2,74,EEG LFP 05-Ref,True,0.39152685215520305,0.18027240400253924,0.38705077583087527,0.17333421956001208,0.018761044553452563,2.9763915972822224,True,True,True,True,True,True,False,False,False
3,2,75,EEG LFP 06-Ref,True,0.3471489025673415,0.1210455729526618,0.3411337410624473,0.11188064304098778,0.010988806862637071,2.1285236221476356,True,True,True,True,True,True,False,False,False
3,2,76,EEG LH 01-Ref,True,0.3798070849035749,0.07663072804614848,0.36231626107079984,0.055446325021654405,0.020844214128864055,1.4381904574000093,True,True,True,True,True,True,True,True,False
3,2,77,EEG LH 02-Ref,True,0.38924077459356493,0.08114157295496033,0.3729698316488242,0.059354419513353886,0.01526507111268106,1.4739716296081427,True,True,True,True,True,True,True,True,False
3,2,78,EEG LH 03-Ref,True,0.3582924793292829,0.07468533861340246,0.34738237764235036,0.051866596164685336,0.0024464319971909706,1.4683269706847715,True,True,True,True,True,True,True,True,False
3,2,79,EEG LH 04-Ref,True,0.28126970360655995,0.06495150428865086,0.2705742995602533,0.033833396296997255,0.0018280231620167002,1.2397201512922988,True,True,True,True,True,True,True,True,False
3,2,80,EEG MST 03-Ref,True,0.31352055948728536,0.08660496827595322,0.3089511002935859,0.07826355505214098,0.001466928158393099,1.7609678677186607,True,True,True,True,True,True,True,True,False
3,2,81,EEG MST 04-Ref,False,0.24090888680841788,0.07591784053326767,0.23472323261031655,0.06181535758539999,0.005111197249597616,1.6152245901885653,True,True,True,True,True,True,True,True,False
3,2,82,EEG OF 01-Ref,True,0.39987882151487386,0.20509907843105069,0.3946894663648507,0.1986970606903636,0.03519269299089272,3.266296025827981,True,True,True,True,True,True,False,False,False
3,2,83,EEG OF 02-Ref,True,0.42357067721690694,0.2198258312758507,0.4189474748706034,0.2137968238131119,0.0373051078891698,3.504061355613851,True,True,True,True,True,True,False,False,False
3,2,84,EEG OF 03-Ref,True,0.4282286731363424,0.22233947977807203,0.42313403591471255,0.21583722838549896,0.03657372962137577,3.4562504120529636,True,True,True,True,True,True,False,False,False
3,2,85,EEG OF 04-Ref,True,0.41593113647487095,0.20657577443424255,0.4110257758179101,0.19936361283477866,0.032548200737403374,3.223136237484738,True,True,True,True,True,True,False,False,False
3,2,86,EEG OF 05-Ref,True,0.37348828906395815,0.1621315198054632,0.3685854556083691,0.15299466470078205,0.021753670655357746,2.565490689453218,True,True,True,True,True,True,False,False,False
3,2,87,EEG OF 06-Ref,True,0.3554481531350241,0.1564899464118249,0.3482254943000818,0.1413552370264076,0.0009235459349306117,2.050036811805117,True,True,True,True,True,True,False,False,False
3,2,88,EEG OF 07-Ref,True,0.33715251412447583,0.12411345619660406,0.3314660056400135,0.10834789858396793,0.0025181432628817862,1.9982327237208728,True,True,True,True,True,True,True,True,False
3,2,89,EEG OF 08-Ref,True,0.3383200907504225,0.1305474462995634,0.33232712426942296,0.11426195982456694,0.040616505412074864,2.0642781865936106,True,True,True,True,True,True,False,False,False
3,2,90,EEG PPO 03-Ref,False,0.1359547753380959,0.07098560829334745,0.1160463188265155,0.015337131178306542,0.008142675937584568,1.0358120835152902,True,True,True,True,True,True,True,True,False
3,2,91,EEG PPO 04-Ref,True,0.3001453260589137,0.07985838679713654,0.29414088562523816,0.054044587959432094,0.01469166180499528,1.4148781908738588,True,True,True,True,True,True,True,True,False
3,2,92,EEG PPO 05-Ref,False,0.3130363151314846,0.11103411061073147,0.30601097382882986,0.09487975007670384,0.006441108343893737,1.6955496501295502,True,True,True,True,True,True,True,True,False
3,2,93,EEG PPO 06-Ref,False,0.2366290067240104,0.09859224440498422,0.2327254847160159,0.09152136560396729,0.0042023038981801085,2.0568128584286125,True,True,True,True,True,True,False,False,False
3,2,94,EEG PST 03-Ref,False,0.33493889466965354,0.08871063212746164,0.33186704171547277,0.08138461275035767,0.0024395785848056665,1.9084770575074976,True,True,True,True,True,True,True,True,False
3,2,95,EEG PST 04-Ref,False,0.31907315322028657,0.08051913352427777,0.3148058700275234,0.07020286731451095,0.0033949592066671464,1.7218750685172497,True,True,True,True,True,True,True,True,False
4,0,0,EEG AST 01-Ref,True,0.36706143314841366,0.07763487675727548,0.36034322638848737,0.06774970140335417,0.0029276705125481006,1.9877467510050542,True,True,True,True,True,True,True,True,False
4,0,1,EEG AST 02-Ref,True,0.42206760345660893,0.08005107961482433,0.41311158817832505,0.06768791409042783,0.005352991347147152,2.0791073331398735,True,True,True,True,True,True,False,False,False
4,0,2,EEG AST 03-Ref,True,0.42795913408390507,0.05294454437670134,0.4190338503184707,0.0325408370027103,0.012191306385674828,1.7893137092232052,True,True,True,True,True,True,True,True,False
4,0,3,EEG AST 04-Ref,True,0.34451130399354346,0.06669620600789704,0.3377041230228963,0.045310194844549824,0.01808221002024871,1.563946558053115,True,True,True,True,True,True,True,True,False
4,0,4,EEG GRID 01-Ref,False,0.21506413329424748,0.0774357707995621,0.20837176750763506,0.06568684184821942,0.013155774945324942,1.7117711722903377,True,True,True,True,True,True,True,True,False
4,0,5,EEG GRID 02-Ref,True,0.32030741241327065,0.10787132889154115,0.31577424873539506,0.09576047906088372,0.016989159772587546,2.1203633801781336,True,True,True,True,True,True,False,False,False
4,0,6,EEG GRID 03-Ref,True,0.3380089336423772,0.12504698000527098,0.3337557042227093,0.115315356113871,0.01538135297396261,2.159628427095701,True,True,True,True,True,True,False,False,False
4,0,7,EEG GRID 04-Ref,True,0.2987407251900646,0.07228388562941124,0.29564473800446517,0.061519508349565134,0.001643370763586904,1.7517422019133257,True,True,True,True,True,True,True,True,False
4,0,8,EEG GRID 05-Ref,True,0.3511278925283362,0.07139878459043326,0.3475561924209565,0.06114217732406485,0.0039479172222740755,1.8134974817676897,True,True,True,True,True,True,True,True,False
4,0,9,EEG GRID 06-Ref,False,0.26975625351297294,0.08961626704653217,0.2622982024654012,0.07269018679139298,0.0059927013160034,1.5947166215090192,True,True,True,True,True,True,True,True,False
4,0,10,EEG GRID 07-Ref,True,0.3409782221744896,0.08917236307107049,0.3351956294061956,0.07288198916714549,0.014376700164575953,1.6929799752068375,True,True,True,True,True,True,True,True,False
4,0,11,EEG GRID 08-Ref,False,0.33300670584070524,0.1333113305855874,0.32549285575683085,0.11417769639099976,0.0034902061238915507,1.672634261897883,True,True,True,True,True,True,True,True,False
4,0,12,EEG GRID 09-Ref,True,0.3312264794821111,0.10502980374409888,0.3233534719089441,0.08696840408020617,0.024149048545262307,1.7746946959297347,True,True,True,True,True,True,True,True,False
4,0,13,EEG GRID 10-Ref,True,0.3502291061852439,0.09743730174226228,0.3452435258308816,0.08301778985916174,0.009908773531492037,1.8783858124645267,True,True,True,True,True,True,True,True,False
4,0,14,EEG GRID 11-Ref,True,0.28928321660002576,0.10780339361658006,0.28236961182809794,0.09093706083325871,0.027147031058129687,1.8181231519128451,True,True,True,True,True,True,True,True,False
4,0,15,EEG GRID 12-Ref,True,0.35957513916561773,0.1122342049005038,0.354419532197008,0.09936308924780772,0.004838845073142191,2.06996931815962,True,True,True,True,True,True,False,False,False
4,0,16,EEG GRID 13-Ref,True,0.3345268581401611,0.08801846103515484,0.33061615407215383,0.07625394548926998,0.00022262245648810536,1.9623400333982117,True,True,True,True,True,True,True,True,False
4,0,17,EEG GRID 14-Ref,True,0.32268141681886736,0.09935257900750494,0.31637867596034225,0.08441799983415521,0.00895689740700473,1.8390890244423321,True,True,True,True,True,True,True,True,False
4,0,18,EEG GRID 15-Ref,True,0.3345773669101358,0.09275410568253382,0.3275640238500164,0.07552884093698765,0.0027347176126429375,1.639849243281552,True,True,True,True,True,True,True,True,False
4,0,19,EEG GRID 16-Ref,False,0.2846732273312655,0.11994622793315428,0.27508553359903876,0.09610332024865065,0.001213707188920858,1.4980930098689995,True,True,True,True,True,True,True,True,False
4,0,20,EEG GRID 17-Ref,True,0.3189281599061095,0.08778233780527471,0.3081162775500619,0.058140455433273584,0.015261979242133968,1.4451776264798677,True,True,True,True,True,True,True,True,False
4,0,21,EEG GRID 18-Ref,True,0.3838147162345362,0.08081567475831894,0.37591364874878813,0.05304611210600638,0.008840017962576434,1.5448444956232883,True,True,True,True,True,True,True,True,False
4,0,22,EEG GRID 19-Ref,False,0.2729764384123109,0.06685825893008387,0.267868468438955,0.05093958654515048,0.013245403962378638,1.5823086580182744,True,True,True,True,True,True,True,True,False
4,0,23,EEG GRID 21-Ref,True,0.3004188645591962,0.12544870986849063,0.29073917638218805,0.10827665875888394,0.021526906676902595,1.8490018479341042,True,True,True,True,True,True,True,True,False
4,0,24,EEG GRID 22-Ref,False,0.23407228211569156,0.0803456153763988,0.22504426646736103,0.059579182052915756,0.015321748944378225,1.5205539904755538,True,True,True,True,True,True,True,True,False
4,0,25,EEG GRID 23-Ref,True,0.3262112745352921,0.07935899330565267,0.3174859095268839,0.05893687657085407,0.005154985513317118,1.4701412107694969,True,True,True,True,True,True,True,True,False
4,0,26,EEG GRID 24-Ref,True,0.27847099668186187,0.07203613941101092,0.2663480471251235,0.0289811213196302,0.005548035990786647,1.0783572805280826,True,True,True,True,True,True,True,True,False
4,0,27,EEG GRID 25-Ref,False,0.25052992755031855,0.09624103043661222,0.23739928187206383,0.06844209811800432,0.002446543061934434,1.4287683392719197,True,True,True,True,True,True,True,True,False
4,0,28,EEG GRID 26-Ref,True,0.2845026116881921,0.08800213611149053,0.2730191263295003,0.0577434367625878,0.010835133065515343,1.3172523323492205,True,True,True,True,True,True,True,True,False
4,0,29,EEG GRID 27-Ref,True,0.27157216537424045,0.08999786262424596,0.26041445881028324,0.0652314943564842,0.015401461363366354,1.3351806039108174,True,True,True,True,True,True,True,True,False
4,0,30,EEG GRID 28-Ref,False,0.2715685305794301,0.11636382370369651,0.26629112771934715,0.10678740121901263,0.01789755840312688,2.0779348932999273,True,True,True,True,True,True,False,False,False
4,0,31,EEG GRID 29-Ref,True,0.347783091756143,0.0694872548970072,0.34197888060901127,0.05138579962027769,0.007020712677174507,1.6224050501562082,True,True,True,True,True,True,True,True,False
4,0,32,EEG GRID 30-Ref,True,0.3184598657176151,0.06588444865783352,0.31423985252464204,0.0518363925759321,0.006853943285319625,1.6379548773627193,True,True,True,True,True,True,True,True,False
4,0,33,EEG GRID 31-Ref,True,0.33689327215945264,0.09276953108790424,0.33081609570777964,0.07777664408671639,0.016728327138812758,1.6228300699040608,True,True,True,True,True,True,True,True,False
4,0,34,EEG GRID 32-Ref,True,0.3545452516027167,0.0635100387935073,0.35114575443271945,0.048897084113810975,0.0029802009356465937,1.5009907940940885,True,True,True,True,True,True,True,True,False
4,0,35,EEG GRID 33-Ref,True,0.22370449576773196,0.07966046813256827,0.19684661516530197,0.017997384018906524,0.013277118517003174,1.0925278850638294,True,True,True,True,True,True,True,True,False
4,0,36,EEG GRID 35-Ref,True,0.3147593496809292,0.0839105695269588,0.3059728511797845,0.05135116523948955,0.009059711464603933,1.503282500428597,True,True,True,True,True,True,True,True,False
4,0,37,EEG GRID 36-Ref,True,0.33571686043291177,0.08544846851707716,0.3270836603279583,0.060596429383537674,0.010427265242529902,1.591981265456419,True,True,True,True,True,True,True,True,False
4,0,38,EEG GRID 37-Ref,False,0.28607543920874545,0.059908597673452,0.2816133166514937,0.044447135777759966,0.0014980759019386902,1.5035779335597077,True,True,True,True,True,True,True,True,False
4,0,39,EEG GRID 38-Ref,False,0.26486792856508584,0.08165753074048361,0.2577459230278775,0.06654219554079426,0.011234294810782747,1.8264672206462718,True,True,True,True,True,True,True,True,False
4,0,40,EEG GRID 39-Ref,True,0.3385539357221456,0.09774498583536587,0.33263681077013674,0.08390906310113458,0.0042475729524637015,1.8007843133974193,True,True,True,True,True,True,True,True,False
4,0,41,EEG GRID 40-Ref,False,0.3650063431083226,0.0884747976836923,0.36161030839169994,0.0788396732997251,0.0028310464423204782,2.1297426022381547,True,True,True,True,True,True,False,False,False
4,0,42,EEG GRID 41-Ref,True,0.233399020717029,0.10693539582934243,0.2007035440258881,0.04614617495879094,0.018916442429044607,1.2060071526950895,True,True,True,True,True,True,True,True,False
4,0,43,EEG GRID 42-Ref,True,0.33245520570030923,0.07660942297365124,0.32013453011812687,0.038415216838070206,0.03001432617317501,1.3288554347747852,True,True,True,True,True,True,True,True,False
4,0,44,EEG GRID 43-Ref,True,0.33280533191693173,0.07484436619757817,0.32086839343094226,0.025366147675977963,0.018278148570140106,1.2199788078001663,True,True,True,True,True,True,True,True,False
4,0,45,EEG GRID 44-Ref,True,0.3146743450674603,0.06893699000085755,0.3042179494010829,0.009351443920694055,0.007493231262397781,1.0691273447824383,True,True,True,True,True,True,True,True,False
4,0,46,EEG GRID 45-Ref,True,0.33103575557276493,0.06018673177851759,0.3229797613311005,0.03606601078879995,0.0065731878624439065,1.3361273596929932,True,True,True,True,True,True,True,True,False
4,0,47,EEG GRID 46-Ref,True,0.36947479306485725,0.07969629602136041,0.3621448951183768,0.06213815432995815,0.004152154191704904,1.6542832868152018,True,True,True,True,True,True,True,True,False
4,0,48,EEG GRID 47-Ref,True,0.36260207668272015,0.06855465451439256,0.3587038930361496,0.05457123910784473,0.0038776600777242947,1.7267494879695198,True,True,True,True,True,True,True,True,False
4,0,49,EEG GRID 48-Ref,False,0.3513159554970884,0.09155217765305511,0.3454265877261998,0.0721175118096158,0.005011723654386093,1.6973790455187343,True,True,True,True,True,True,True,True,False
4,0,50,EEG GRID 49-Ref,True,0.30178222270071686,0.07890123236245224,0.2859722583070673,0.021704171934050887,0.0024462016507846274,1.1714558881402064,True,True,True,True,True,True,True,True,False
4,0,51,EEG GRID 50-Ref,True,0.25902959478992726,0.07142386905917376,0.24914461729068105,0.04388868966003642,0.013750311884275565,1.371103991744566,True,True,True,True,True,True,True,True,False
4,0,52,EEG GRID 51-Ref,True,0.2988901245835401,0.07870819048760959,0.29249530820152125,0.05551118487775281,0.0021920050987320125,1.5716347139058424,True,True,True,True,True,True,True,True,False
4,0,53,EEG GRID 52-Ref,True,0.2772633043796741,0.08168908396190233,0.27173370966607535,0.06095567222366505,0.00766325404303681,1.5679638799889535,True,True,True,True,True,True,True,True,False
4,0,54,EEG GRID 53-Ref,True,0.2778776435506747,0.0590033068171703,0.2654146954420421,0.011861055059763825,0.00938845767374469,1.0651347077974314,True,True,True,True,True,True,True,True,False
4,0,55,EEG GRID 54-Ref,True,0.3485166836495265,0.061945663544309186,0.34064247310697515,0.0396212336688225,0.001374127715275912,1.4637342495142942,True,True,True,True,True,True,True,True,False
4,0,56,EEG GRID 55-Ref,True,0.3409906910291555,0.05817405846086117,0.3360737134003581,0.0428204539087805,0.002578192458761735,1.5576376714810445,True,True,True,True,True,True,True,True,False
4,0,57,EEG GRID 56-Ref,True,0.3390452434833069,0.06825949902508209,0.33258115395279797,0.011788577602577264,0.001983846778192041,1.0655080090763784,True,True,True,True,True,True,True,True,False
4,0,58,EEG GRID 57-Ref,True,0.3226863164670214,0.09236322644973796,0.3083827905569854,0.046496105793862465,0.004023560076119167,1.2518934535515378,True,True,True,True,True,True,True,True,False
4,0,59,EEG GRID 58-Ref,True,0.306861548824786,0.07325921519992595,0.29510059781414893,0.013935428240751566,0.001850244615212091,1.009702623399131,True,True,True,True,True,True,True,True,False
4,0,60,EEG GRID 59-Ref,True,0.256421025496983,0.08328063033630399,0.24487209527290296,0.04479345311945565,0.01971224883481041,1.224467158801692,True,True,True,True,True,True,True,True,False
4,0,61,EEG GRID 60-Ref,True,0.32638828013241,0.0833144657009175,0.3222247444484839,0.06115609818500084,0.018346956220233513,1.5327502323320483,True,True,True,True,True,True,True,True,False
4,0,62,EEG GRID 61-Ref,False,0.28935841400730206,0.10851225228702242,0.28285170270734844,0.08997991300974137,0.0010673562028611385,1.703154710169889,True,True,True,True,True,True,True,True,False
4,0,63,EEG GRID 62-Ref,True,0.2958138648470031,0.08191908106007517,0.2885099612544528,0.04902704315977653,0.01642845273664682,1.3553242092893225,True,True,True,True,True,True,True,True,False
4,0,64,EEG GRID 63-Ref,False,0.27459457821652977,0.06906839036436684,0.26760191264443134,0.049430224095051906,0.006580914134290305,1.6275373800410922,True,True,True,True,True,True,True,True,False
4,0,65,EEG GRID 64-Ref,True,0.3026412091104965,0.06161985373025223,0.2975381609781661,0.044324259966475404,0.004354763190377466,1.6359612991810493,True,True,True,True,True,True,True,True,False
4,0,66,EEG LA 01-Ref,True,0.3115650766701776,0.0856865659913753,0.28967521220784315,0.05191309248221055,0.02291076935487245,1.2832071364116382,True,True,True,True,True,True,True,True,False
4,0,67,EEG LA 02-Ref,True,0.3340950740929231,0.09532443206963272,0.3131262407371987,0.06903414193018485,0.0029653332698428613,1.4483638721710188,True,True,True,True,True,True,True,True,False
4,0,68,EEG LA 03-Ref,True,0.35062327408128663,0.08155328839769753,0.33400729817102004,0.05699048374923524,0.0017003261394395641,1.4649555830432086,True,True,True,True,True,True,True,True,False
4,0,69,EEG LA 04-Ref,True,0.3379025592825965,0.07238288413874007,0.32060314408391094,0.04243992221803637,0.015057511097448831,1.287781558017406,True,True,True,True,True,True,True,True,False
4,0,70,EEG LFP 01-Ref,True,0.3628647368557484,0.14167640614490537,0.3578670683444467,0.13436131947185664,0.009228501118089883,2.7338789874157716,True,True,True,True,True,True,False,False,False
4,0,71,EEG LFP 02-Ref,True,0.3772287548616034,0.12757408368601017,0.3701673169232297,0.11471828761510115,0.003007157760518916,2.159287519368784,True,True,True,True,True,True,False,False,False
4,0,72,EEG LFP 03-Ref,True,0.3443272013135389,0.10774049791834918,0.3392276321307824,0.09938267338565969,0.003289387086159228,2.2655615714406956,True,True,True,True,True,True,False,False,False
4,0,73,EEG LFP 04-Ref,True,0.40263310519044887,0.18512744234613643,0.39543435782082076,0.17752818927244554,0.02872434577819827,2.8767067680096634,True,True,True,True,True,True,False,False,False
4,0,74,EEG LFP 05-Ref,True,0.4275376855333028,0.17709689635174225,0.4212503125926721,0.16922400156136494,0.039726588239914234,2.891866195712403,True,True,True,True,True,True,False,False,False
4,0,75,EEG LFP 06-Ref,True,0.3867214587628155,0.1266711445079907,0.37945059609062737,0.11691536533997691,0.03180306868898994,2.144483350538951,True,True,True,True,True,True,False,False,False
4,0,76,EEG LH 01-Ref,True,0.376397647103822,0.08448705585949357,0.36045932329490915,0.06269975571214294,0.0243407126826285,1.5001742632160895,True,True,True,True,True,True,True,True,False
4,0,77,EEG LH 02-Ref,True,0.392477667309552,0.08406132604893307,0.3759389272022116,0.06395596114154627,0.027388066049855456,1.4758274516644199,True,True,True,True,True,True,True,True,False
4,0,78,EEG LH 03-Ref,True,0.3716070316060236,0.07104946275323892,0.3588067112214745,0.05183254586128868,0.01480902631818578,1.4542642412047233,True,True,True,True,True,True,True,True,False
4,0,79,EEG LH 04-Ref,True,0.3052554841122713,0.059056960169276605,0.2921064562206373,0.031027755982988747,0.012216695470147435,1.2042028286450632,True,True,True,True,True,True,True,True,False
4,0,80,EEG MST 03-Ref,True,0.33530556558333646,0.09281617458451658,0.3302002026329344,0.08351304126843254,0.011278129155877187,1.8186670904346094,True,True,True,True,True,True,True,True,False
4,0,81,EEG MST 04-Ref,False,0.24009178103959464,0.08045628070591442,0.23205720381259823,0.06575707920441481,5.8847536870715745e-05,1.6482382600926775,True,True,True,True,True,True,True,True,False
4,0,82,EEG OF 01-Ref,True,0.41465987094263046,0.20175499561381224,0.4104685534427997,0.19565847218312435,0.034903350224337056,3.2215147828007846,True,True,True,True,True,True,False,False,False
4,0,83,EEG OF 02-Ref,True,0.4414007855092126,0.21626750153781135,0.43712272424854165,0.21031475224886126,0.03736707103164131,3.4504149168714675,True,True,True,True,True,True,False,False,False
4,0,84,EEG OF 03-Ref,True,0.44490526292245147,0.2154535158964218,0.4401923679225069,0.20944599495149438,0.03931985807508199,3.3712489841449003,True,True,True,True,True,True,False,False,False
4,0,85,EEG OF 04-Ref,True,0.4307517833511417,0.19667897840087495,0.425586941269902,0.19038946989706723,0.03917402612691641,3.1088248270202836,True,True,True,True,True,True,False,False,False
4,0,86,EEG OF 05-Ref,True,0.3872285416014276,0.15102026287675385,0.38130439316015163,0.14315330680605787,0.03352975326942546,2.436060012619536,True,True,True,True,True,True,False,False,False
4,0,87,EEG OF 06-Ref,True,0.3624980276006715,0.14221726625745748,0.3515099486887232,0.12712128982277274,0.01879172625575396,1.9217847452740746,True,True,True,True,True,True,True,True,False
4,0,88,EEG OF 07-Ref,True,0.34417157386660496,0.11168568246530186,0.335756552933926,0.09639256708767874,0.022742657224492053,1.8407210886778147,True,True,True,True,True,True,True,True,False
4,0,89,EEG OF 08-Ref,True,0.34408357921111105,0.13285403026006165,0.33736742185218344,0.11439230070800722,0.0162897313444231,2.0526407931203097,True,True,True,True,True,True,False,False,False
4,0,90,EEG PPO 03-Ref,False,0.14447396187942532,0.0747382264136441,0.12063324718377963,0.015817199235801317,0.009308606827690963,1.0388454592474252,True,True,True,True,True,True,True,True,False
4,0,91,EEG PPO 04-Ref,True,0.3028968306940881,0.07515989736524477,0.2957868046318494,0.04686834915914518,0.007077158667132271,1.3729157633788103,True,True,True,True,True,True,True,True,False
4,0,92,EEG PPO 05-Ref,False,0.3087592488910209,0.1055017783838648,0.3013537975805663,0.08838109944501396,0.0049368127602125896,1.6556819251036552,True,True,True,True,True,True,True,True,False
4,0,93,EEG PPO 06-Ref,False,0.24403824308545013,0.09958147917451174,0.2392725753433932,0.09163935450617489,0.004133835956401605,2.0572849472072,True,True,True,True,True,True,False,False,False
4,0,94,EEG PST 03-Ref,False,0.3690254745858732,0.10021970957514288,0.36421976996471617,0.09222130818441565,0.014165300448308696,2.0168960217004925,True,True,True,True,True,True,False,False,False
4,0,95,EEG PST 04-Ref,False,0.3484707640837609,0.08918652181847604,0.344474954022151,0.07888339213585205,0.01058853270289353,1.8042936966101661,True,True,True,True,True,True,True,True,False
4,1,0,EEG AST 01-Ref,True,0.38177672938147184,0.08729192062976743,0.3748003645371113,0.07822599196035342,0.002410323825891877,2.13502523614018,True,True,True,True,True,True,False,False,False
4,1,1,EEG AST 02-Ref,True,0.4298603316627527,0.08527757839131268,0.4209904306705609,0.07354915080021217,0.005687006824169664,2.1607210115122615,True,True,True,True,True,True,False,False,False
4,1,2,EEG AST 03-Ref,True,0.41921914696124246,0.05342151047735321,0.41066573591249544,0.03328681693813056,0.012160936051309966,1.7927400097648325,True,True,True,True,True,True,True,True,False
4,1,3,EEG AST 04-Ref,True,0.32914573237040895,0.06877480922115475,0.321358944840451,0.046459381565355104,0.01758523308079376,1.5779292638609783,True,True,True,True,True,True,True,True,False
4,1,4,EEG GRID 01-Ref,False,0.2219990171244074,0.07647055453754108,0.21651753629997023,0.06428461669551887,0.013541403360840264,1.711405620490931,True,True,True,True,True,True,True,True,False
4,1,5,EEG GRID 02-Ref,True,0.33820012713404807,0.11110333447877987,0.3342950832070218,0.1013701413115193,0.016841952676164167,2.184591612309949,True,True,True,True,True,True,False,False,False
4,1,6,EEG GRID 03-Ref,True,0.34179930280789755,0.12726646339375722,0.33764560861078446,0.11760547892258005,0.015001687483402387,2.180555045841412,True,True,True,True,True,True,False,False,False
4,1,7,EEG GRID 04-Ref,True,0.26936002000099063,0.0713196349986719,0.2659484082302839,0.06105842366828035,0.0014928995673881317,1.7425893093477003,True,True,True,True,True,True,True,True,False
4,1,8,EEG GRID 05-Ref,True,0.33571620269062785,0.07162273367725498,0.33289733276612776,0.06147530587945392,0.003960472950723243,1.8135596947751207,True,True,True,True,True,True,True,True,False
4,1,9,EEG GRID 06-Ref,False,0.26659645960770334,0.08827775498022622,0.26009902833623133,0.07106862434258032,0.005901657023370421,1.5850477803170522,True,True,True,True,True,True,True,True,False
4,1,10,EEG GRID 07-Ref,True,0.33000507224119013,0.09054643647174795,0.3243287728809273,0.07447618257206377,0.013926846033024893,1.7335493207265777,True,True,True,True,True,True,True,True,False
4,1,11,EEG GRID 08-Ref,False,0.3263951620749003,0.1330747156071802,0.3183357289924461,0.11239528519948691,0.002805384296219248,1.6964859087460198,True,True,True,True,True,True,True,True,False
4,1,12,EEG GRID 09-Ref,True,0.3466845769410069,0.10619041004981151,0.33962653991175984,0.08796118174301674,0.024410437201227417,1.7854271331695806,True,True,True,True,True,True,True,True,False
4,1,13,EEG GRID 10-Ref,True,0.35779376424199805,0.09804792117101706,0.35295629652565796,0.08466422031626633,0.010052175915488841,1.8843874076594143,True,True,True,True,True,True,True,True,False
4,1,14,EEG GRID 11-Ref,True,0.29921275116605434,0.10732831765256542,0.2916916811213146,0.09091506830998074,0.027167631276559044,1.8033568380065603,True,True,True,True,True,True,True,True,False
4,1,15,EEG GRID 12-Ref,True,0.34989405210625435,0.11332009001274793,0.34432785595928744,0.09973499365275061,0.004921804905146972,2.0672716701022904,True,True,True,True,True,True,False,False,False
4,1,16,EEG GRID 13-Ref,True,0.331027111159957,0.08861765143699055,0.3275742978423361,0.07694202354223649,0.00013613488264933586,1.950461612506176,True,True,True,True,True,True,True,True,False
4,1,17,EEG GRID 14-Ref,True,0.3202163504552515,0.09698307859271318,0.3137083656569975,0.08280771671590063,0.008974881984292235,1.8079198829898022,True,True,True,True,True,True,True,True,False
4,1,18,EEG GRID 15-Ref,True,0.33297293467991823,0.0916567568297323,0.32410728544285733,0.07386488895513733,0.0019400476986322667,1.6265304891366668,True,True,True,True,True,True,True,True,False
4,1,19,EEG GRID 16-Ref,False,0.2835309763883205,0.11527159283983446,0.271510707615972,0.08969000158369396,0.0020137230019136774,1.4786056999913177,True,True,True,True,True,True,True,True,False
4,1,20,EEG GRID 17-Ref,True,0.3224048218439561,0.0859610819768291,0.31131346058551224,0.05359381028577327,0.015733090440896852,1.4234921562068437,True,True,True,True,True,True,True,True,False
4,1,21,EEG GRID 18-Ref,True,0.3766354117286901,0.08019233566859657,0.36854579174988344,0.053278709996227976,0.008670382222608807,1.551511256143057,True,True,True,True,True,True,True,True,False
4,1,22,EEG GRID 19-Ref,False,0.27467776616007655,0.0660988666416858,0.2695037042096786,0.05141578521035015,0.012933515528169065,1.5893195177412476,True,True,True,True,True,True,True,True,False
4,1,23,EEG GRID 21-Ref,True,0.29947113601763675,0.12181831978065974,0.2901332950792701,0.10597677015161416,0.02133203113895117,1.8380856049592427,True,True,True,True,True,True,True,True,False
4,1,24,EEG GRID 22-Ref,False,0.23339647883947667,0.0801152050134567,0.22396665142740413,0.05464152145621158,0.015714878711122374,1.4837275390419888,True,True,True,True,True,True,True,True,False
4,1,25,EEG GRID 23-Ref,True,0.3324808483879754,0.08051344743865159,0.3228597590093511,0.06155358180540909,0.005894147021689296,1.4885311190950314,True,True,True,True,True,True,True,True,False
4,1,26,EEG GRID 24-Ref,True,0.2961451606107036,0.07387756221725969,0.2844391416005533,0.03160135714520431,0.004865056220160095,1.0977881592606133,True,True,True,True,True,True,True,True,False
4,1,27,EEG GRID 25-Ref,False,0.2408634399910686,0.0921446696971669,0.22800059040883194,0.06301618661386214,0.001932924721324267,1.4117225250032233,True,True,True,True,True,True,True,True,False
4,1,28,EEG GRID 26-Ref,True,0.28469048398861985,0.08875731855129078,0.2724885584929243,0.05713179106331089,0.01042845389069447,1.3159678055332809,True,True,True,True,True,True,True,True,False
4,1,29,EEG GRID 27-Ref,True,0.2661515639702186,0.08765226705034351,0.25456468949750627,0.06372330867583414,0.015060409268513654,1.327691699537561,True,True,True,True,True,True,True,True,False
4,1,30,EEG GRID 28-Ref,False,0.27301272338168947,0.11778000367554588,0.2678332868386195,0.10759203925565426,0.01782951145771248,2.1043481644416913,True,True,True,True,True,True,False,False,False
4,1,31,EEG GRID 29-Ref,True,0.3546095952911936,0.0689765155579784,0.3493364254756066,0.05080107255737774,0.007392190344208405,1.6088163543070224,True,True,True,True,True,True,True,True,False
4,1,32,EEG GRID 30-Ref,True,0.3228513033828693,0.06596045001045378,0.3187797689170689,0.05167622006520794,0.006565762206477782,1.6334740068073605,True,True,True,True,True,True,True,True,False
4,1,33,EEG GRID 31-Ref,True,0.35187074484649333,0.09278229631905534,0.3451644114332521,0.07781961520107128,0.016538335891346543,1.6376911623043189,True,True,True,True,True,True,True,True,False
4,1,34,EEG GRID 32-Ref,True,0.36577129874172304,0.06344444411490663,0.36217735617925634,0.04929334697514789,0.0028359312047748866,1.5078153656003286,True,True,True,True,True,True,True,True,False
4,1,35,EEG GRID 33-Ref,True,0.2287843713627922,0.07756410975217191,0.2053874048888328,0.019588715414112234,0.013064073845936556,1.1014270389840088,True,True,True,True,True,True,True,True,False
4,1,36,EEG GRID 35-Ref,True,0.3118721057982892,0.08602556659306539,0.30378614452552266,0.054221519461666354,0.009736143937806025,1.5257566864745662,True,True,True,True,True,True,True,True,False
4,1,37,EEG GRID 36-Ref,True,0.3269055383828926,0.08716776616408153,0.3192341446665422,0.06121942190325611,0.011136426423840363,1.600922269370751,True,True,True,True,True,True,True,True,False
4,1,38,EEG GRID 37-Ref,False,0.29099335739689924,0.059018675086716016,0.2874168712143605,0.04382606289767534,0.0014117314086823734,1.4967325587711768,True,True,True,True,True,True,True,True,False
4,1,39,EEG GRID 38-Ref,False,0.2849390035260691,0.08062390047476171,0.27902934401504376,0.06563590789942958,0.011480217910297031,1.812979281482735,True,True,True,True,True,True,True,True,False
4,1,40,EEG GRID 39-Ref,True,0.3590232052065934,0.09719524342327326,0.35326616384033654,0.08316072451844045,0.004190952066681918,1.8062936067390554,True,True,True,True,True,True,True,True,False
4,1,41,EEG GRID 40-Ref,False,0.37424074886082076,0.08802808811071881,0.3707543783069781,0.07826894452177524,0.0029362339342505015,2.11594441884086,True,True,True,True,True,True,False,False,False
4,1,42,EEG GRID 41-Ref,True,0.23379885849626045,0.10585340943028881,0.20256223056554543,0.04382504662742591,0.018353904125969944,1.1922522994331077,True,True,True,True,True,True,True,True,False
4,1,43,EEG GRID 42-Ref,True,0.3298586164780311,0.07484580222899093,0.3188763196988167,0.037648672839234634,0.02922899086580413,1.3329717319238987,True,True,True,True,True,True,True,True,False
4,1,44,EEG GRID 43-Ref,True,0.3381981797051249,0.07483567514320691,0.3268084077177428,0.026123953094842528,0.0173669117073902,1.2322153732904764,True,True,True,True,True,True,True,True,False
4,1,45,EEG GRID 44-Ref,True,0.32024244918887435,0.06744339425356986,0.3104209213255429,0.00989062041832151,0.006824979077714751,1.0719186934907416,True,True,True,True,True,True,True,True,False
4,1,46,EEG GRID 45-Ref,True,0.3512944767606257,0.060131642768946454,0.3437610630038968,0.03574339644446086,0.006477756611546076,1.3404507427066892,True,True,True,True,True,True,True,True,False
4,1,47,EEG GRID 46-Ref,True,0.39447374660359635,0.07832131807326598,0.3876742953080488,0.06069109313088818,0.004403009929807976,1.6627861452137942,True,True,True,True,True,True,True,True,False
4,1,48,EEG GRID 47-Ref,True,0.37872817142042253,0.06785657756688511,0.3750492186458509,0.05494557126712152,0.004015503710982797,1.746646162479585,True,True,True,True,True,True,True,True,False
4,1,49,EEG GRID 48-Ref,False,0.35141300401042536,0.08917019986561113,0.3452898453617896,0.06934471435209319,0.004749668705219167,1.675174715053081,True,True,True,True,True,True,True,True,False
4,1,50,EEG GRID 49-Ref,True,0.2966436317408441,0.07893303558627801,0.28182597082768285,0.02345333182070292,0.002476572380181997,1.195086940668755,True,True,True,True,True,True,True,True,False
4,1,51,EEG GRID 50-Ref,True,0.26680504134484456,0.0728467080639921,0.25804005718846057,0.04432782248249574,0.013337527736778392,1.377216395018579,True,True,True,True,True,True,True,True,False
4,1,52,EEG GRID 51-Ref,True,0.3284104732874884,0.07768273465734801,0.3219432790702577,0.05467137321142911,0.0025307000064644365,1.551873441100002,True,True,True,True,True,True,True,True,False
4,1,53,EEG GRID 52-Ref,True,0.2998200634483013,0.0795254713693186,0.29447756723874163,0.0597208597598776,0.007720564858136011,1.541117853531245,True,True,True,True,True,True,True,True,False
4,1,54,EEG GRID 53-Ref,True,0.29366539306908584,0.05999346359700934,0.28171884390229057,0.012621237065462509,0.009106134042959168,1.0645864103343712,True,True,True,True,True,True,True,True,False
4,1,55,EEG GRID 54-Ref,True,0.36731315288682437,0.0625790283681108,0.35953426781458353,0.04190877724114913,0.0015805662565871316,1.4962738855758602,True,True,True,True,True,True,True,True,False
4,1,56,EEG GRID 55-Ref,True,0.3426426351565952,0.061169421307570505,0.337365360338649,0.04693149447634221,0.0022186357522945934,1.6249151334922183,True,True,True,True,True,True,True,True,False
4,1,57,EEG GRID 56-Ref,True,0.32015717660796006,0.06764374125783407,0.3132034583704497,0.011296019306078027,0.002182288644979059,1.061955570468385,True,True,True,True,True,True,True,True,False
4,1,58,EEG GRID 57-Ref,True,0.3169320569727472,0.09101452400340143,0.3027466382963408,0.04330173508674877,0.0037671874192228513,1.2490304569183963,True,True,True,True,True,True,True,True,False
4,1,59,EEG GRID 58-Ref,True,0.3046697528776834,0.07413049217265974,0.29260080303905467,0.015376465546504469,0.0022038155244852426,1.0167714065288518,True,True,True,True,True,True,True,True,False
4,1,60,EEG GRID 59-Ref,True,0.29738401680063564,0.0784862032193296,0.28654908780910426,0.04160604709314979,0.019847908530490194,1.2000233924963397,True,True,True,True,True,True,True,True,False
4,1,61,EEG GRID 60-Ref,True,0.33252836522046414,0.0800155364686243,0.32786420119799964,0.056499774164290834,0.018223632446686136,1.4807703904736362,True,True,True,True,True,True,True,True,False
4,1,62,EEG GRID 61-Ref,False,0.28406551766289945,0.10298922989750574,0.27611270617982436,0.08139466742250846,0.000833592752735907,1.6287616337735031,True,True,True,True,True,True,True,True,False
4,1,63,EEG GRID 62-Ref,True,0.28710127725645046,0.07846849518240762,0.27768088543511343,0.04629831005510961,0.016523620281599472,1.3286958136199003,True,True,True,True,True,True,True,True,False
4,1,64,EEG GRID 63-Ref,False,0.28121488038844117,0.06825784592977639,0.2748335632321416,0.04765985863053191,0.0066907600744421725,1.6101337280360095,True,True,True,True,True,True,True,True,False
4,1,65,EEG GRID 64-Ref,True,0.28272833065143876,0.059781678633203425,0.2769259094471395,0.040979652332810375,0.004294105131925939,1.606106553323637,True,True,True,True,True,True,True,True,False
4,1,66,EEG LA 01-Ref,True,0.28789161502282157,0.08706006596324588,0.2673753496974925,0.05103723538315601,0.022228063783228745,1.2872466713081478,True,True,True,True,True,True,True,True,False
4,1,67,EEG LA 02-Ref,True,0.3074027592559108,0.09393490613814387,0.28807484303504194,0.06667211268088201,0.002352654374526258,1.4361380767049088,True,True,True,True,True,True,True,True,False
4,1,68,EEG LA 03-Ref,True,0.33933365840640345,0.08054507195626624,0.3246137996115225,0.05515303288980812,0.0012346294599349954,1.451551032178061,True,True,True,True,True,True,True,True,False
4,1,69,EEG LA 04-Ref,True,0.33460870516069724,0.07237089182462186,0.3198568618944765,0.04051790078744821,0.014467553787366767,1.2708323729093078,True,True,True,True,True,True,True,True,False
4,1,70,EEG LFP 01-Ref,True,0.3471337122671908,0.1400772100591807,0.341603067533714,0.13370876410732735,0.009449714151137338,2.723437919334987,True,True,True,True,True,True,False,False,False
4,1,71,EEG LFP 02-Ref,True,0.35990557211495533,0.12626097429247946,0.35348954533036153,0.11490343682608509,0.003208140630858121,2.1562570689241776,True,True,True,True,True,True,False,False,False
4,1,72,EEG LFP 03-Ref,True,0.3329561676359116,0.1081367372536949,0.3288307595168304,0.10033162719082182,0.003162661837475925,2.27679460524055,True,True,True,True,True,True,False,False,False
4,1,73,EEG LFP 04-Ref,True,0.40267872901725993,0.18843100666690699,0.3970744961959809,0.1814610103626605,0.028768617324659008,2.9089490421740916,True,True,True,True,True,True,False,False,False
4,1,74,EEG LFP 05-Ref,True,0.429818628071379,0.1793081450297471,0.4229361360284999,0.17184869510719789,0.03977887931195695,2.9232359947249797,True,True,True,True,True,True,False,False,False
4,1,75,EEG LFP 06-Ref,True,0.3809459850223401,0.13023936187889648,0.3737623420808333,0.12033343480791063,0.031761041358151595,2.176887193144844,True,True,True,True,True,True,False,False,False
4,1,76,EEG LH 01-Ref,True,0.3544532658119144,0.08514960748524834,0.3400678299462041,0.06162311268841147,0.02365358082268823,1.5039290259958418,True,True,True,True,True,True,True,True,False
4,1,77,EEG LH 02-Ref,True,0.3756230288998786,0.0833596324684974,0.36219755875518755,0.061581471668007995,0.02676842703050702,1.465890124052927,True,True,True,True,True,True,True,True,False
4,1,78,EEG LH 03-Ref,True,0.36418528918901666,0.06994347982714923,0.35339930988653095,0.050129040119788304,0.014264388024601848,1.4322076446360537,True,True,True,True,True,True,True,True,False
4,1,79,EEG LH 04-Ref,True,0.29313737094020514,0.05898014669436891,0.2797173698815346,0.028621788178001015,0.011732014195913743,1.1861686702400303,True,True,True,True,True,True,True,True,False
4,1,80,EEG MST 03-Ref,True,0.33736792074889443,0.09421306010037059,0.332231125663335,0.08619432856292177,0.011703273498153588,1.843862024441567,True,True,True,True,True,True,True,True,False
4,1,81,EEG MST 04-Ref,False,0.25037048600069584,0.08148633767996909,0.24146986452126645,0.06689413528041152,0.0003371853682627358,1.6530918190916692,True,True,True,True,True,True,True,True,False
4,1,82,EEG OF 01-Ref,True,0.4205853288946756,0.20491153331405973,0.4166140215761449,0.1979471286026247,0.03510650033165222,3.2683861942711276,True,True,True,True,True,True,False,False,False
4,1,83,EEG OF 02-Ref,True,0.44273002499830927,0.21936287053270473,0.43855931531992154,0.21245207622381854,0.03754085453699761,3.501737681652711,True,True,True,True,True,True,False,False,False
4,1,84,EEG OF 03-Ref,True,0.4430149526845476,0.22015641461170232,0.43855457401975523,0.2136040395822024,0.03946361759923444,3.4457952635365454,True,True,True,True,True,True,False,False,False
4,1,85,EEG OF 04-Ref,True,0.42400915198382466,0.20233605901937887,0.4190996257997255,0.1962115973803495,0.0393320003562324,3.1992672618098745,True,True,True,True,True,True,False,False,False
4,1,86,EEG OF 05-Ref,True,0.37696953338906164,0.158280952901582,0.37087416542524976,0.15064036307607534,0.03371665343501097,2.5369813658838196,True,True,True,True,True,True,False,False,False
4,1,87,EEG OF 06-Ref,True,0.3566747686203571,0.1551704283662069,0.3466902123108477,0.1407445265093216,0.018859133834494682,2.039497624497796,True,True,True,True,True,True,False,False,False
4,1,88,EEG OF 07-Ref,True,0.33986649942701996,0.1236294205524456,0.33222918021596465,0.10878974622666888,0.02291051778081327,1.9653610096917657,True,True,True,True,True,True,True,True,False
4,1,89,EEG OF 08-Ref,True,0.3595817291513819,0.141709735296216,0.35238751929102247,0.12343124515082175,0.016335586276809755,2.1321375569834737,True,True,True,True,True,True,False,False,False
4,1,90,EEG PPO 03-Ref,False,0.15823122383982186,0.0776786918525608,0.13786932657977072,0.016079756389584334,0.009421362919547911,1.0353956005901708,True,True,True,True,True,True,True,True,False
4,1,91,EEG PPO 04-Ref,True,0.32250552006044075,0.07743067239685135,0.316589023123571,0.050653394147147666,0.006842472448443356,1.3910681520163581,True,True,True,True,True,True,True,True,False
4,1,92,EEG PPO 05-Ref,False,0.33104099174117224,0.10801337328585484,0.3241370247897737,0.09197330116709038,0.005139474126443146,1.6819558389939309,True,True,True,True,True,True,True,True,False
4,1,93,EEG PPO 06-Ref,False,0.25590065794850025,0.10098592746971766,0.25144421194445965,0.09309178713443446,0.0042058953197209965,2.077181695435935,True,True,True,True,True,True,False,False,False
4,1,94,EEG PST 03-Ref,False,0.3685084033451569,0.09781632344086998,0.36405510688588355,0.09002589064451118,0.014558885568644282,1.9978206049565645,True,True,True,True,True,True,True,True,False
4,1,95,EEG PST 04-Ref,False,0.3434577377022212,0.08704220525805685,0.3393243502857336,0.07677762837989356,0.010980467432684805,1.793641522943195,True,True,True,True,True,True,True,True,False
4,2,0,EEG AST 01-Ref,True,0.3828468910748065,0.08370645264167091,0.37548600344394767,0.07379487156700114,0.002610804136253958,2.0615918604382606,True,True,True,True,True,True,False,False,False
4,2,1,EEG AST 02-Ref,True,0.4366432262256495,0.08460152858031954,0.42770501837311414,0.07298058226691599,0.005882519495736231,2.1383350502742373,True,True,True,True,True,True,False,False,False
4,2,2,EEG AST 03-Ref,True,0.4091553647316847,0.05189895590426639,0.399970467589243,0.03205377919319491,0.01286258715320664,1.7747662024396913,True,True,True,True,True,True,True,True,False
4,2,3,EEG AST 04-Ref,True,0.32376788580741156,0.06733185908287125,0.316699638221543,0.0452032373531221,0.018341363454203296,1.5639266446325064,True,True,True,True,True,True,True,True,False
4,2,4,EEG GRID 01-Ref,False,0.2146851605712982,0.07724365601588083,0.2089230675053806,0.06426619833229112,0.01321877186709845,1.702924976932822,True,True,True,True,True,True,True,True,False
4,2,5,EEG GRID 02-Ref,True,0.31731163028415693,0.10859636637210976,0.31291767346091437,0.09665119554012995,0.016579733484911867,2.1459319513531474,True,True,True,True,True,True,False,False,False
4,2,6,EEG GRID 03-Ref,True,0.322345065141959,0.12725223794666154,0.31777074345723916,0.1178346335757099,0.014947146672629415,2.182950549090445,True,True,True,True,True,True,False,False,False
4,2,7,EEG GRID 04-Ref,True,0.26990608463276966,0.0728506600277548,0.26662737281966503,0.062083633551026716,0.0011531987284886939,1.757493930036576,True,True,True,True,True,True,True,True,False
4,2,8,EEG GRID 05-Ref,True,0.33485440668942806,0.07188397285090481,0.33156904327752684,0.060926253591548164,0.0036661042992422632,1.8194034874665788,True,True,True,True,True,True,True,True,False
4,2,9,EEG GRID 06-Ref,False,0.2681668885854256,0.08614892456624954,0.2615458736438979,0.06810972665618686,0.005867052952858927,1.5597796980962282,True,True,True,True,True,True,True,True,False
4,2,10,EEG GRID 07-Ref,True,0.3458397835905814,0.08906204008596715,0.34054899988278586,0.07329420259889147,0.01400889546299157,1.702862909666628,True,True,True,True,True,True,True,True,False
4,2,11,EEG GRID 08-Ref,False,0.328474562825481,0.13107002048910468,0.32093301655635,0.1092483417376818,0.003077574768293276,1.6576740938877852,True,True,True,True,True,True,True,True,False
4,2,12,EEG GRID 09-Ref,True,0.32708100308877974,0.10391353330443819,0.3195882228248037,0.08216593979248549,0.02418347741622396,1.7297587916887724,True,True,True,True,True,True,True,True,False
4,2,13,EEG GRID 10-Ref,True,0.33077606936548554,0.09611284560380838,0.3254057625635152,0.08222523399356312,0.009909705058597647,1.8681674181797745,True,True,True,True,True,True,True,True,False
4,2,14,EEG GRID 11-Ref,True,0.2965929620809947,0.10551337495010044,0.28897252596751694,0.08892481047428433,0.026975656318143318,1.7923753913380334,True,True,True,True,True,True,True,True,False
4,2,15,EEG GRID 12-Ref,True,0.3497622475511081,0.1138602610095292,0.34425052407138046,0.10119334715820787,0.004975932020109506,2.084066091541291,True,True,True,True,True,True,False,False,False
4,2,16,EEG GRID 13-Ref,True,0.32294338133280304,0.08469149376221691,0.3195130386200206,0.0726436816991221,0.00030136538888278253,1.909946214891355,True,True,True,True,True,True,True,True,False
4,2,17,EEG GRID 14-Ref,True,0.31417108129982074,0.09401293117040532,0.30683252420076557,0.0779244169902491,0.009012710347547243,1.774479654866378,True,True,True,True,True,True,True,True,False
4,2,18,EEG GRID 15-Ref,True,0.33380052229618284,0.09177726918509856,0.3269296715037944,0.07520162411140884,0.0024337544204385284,1.62638672202158,True,True,True,True,True,True,True,True,False
4,2,19,EEG GRID 16-Ref,False,0.284300489397221,0.11844683699180925,0.2739757776735583,0.09545703985622365,0.0016548026409819265,1.4870695029475822,True,True,True,True,True,True,True,True,False
4,2,20,EEG GRID 17-Ref,True,0.312692836308112,0.0827853014513201,0.3010709153918854,0.05178349370498189,0.01574559401993427,1.4040308471211957,True,True,True,True,True,True,True,True,False
4,2,21,EEG GRID 18-Ref,True,0.367000413586231,0.07929784178872896,0.3589084168311046,0.053282749738725606,0.008646487216506262,1.5453826604661391,True,True,True,True,True,True,True,True,False
4,2,22,EEG GRID 19-Ref,False,0.27399567116195334,0.06419318731292051,0.26901789071336835,0.04707332194677295,0.013029162354860813,1.5481438524263298,True,True,True,True,True,True,True,True,False
4,2,23,EEG GRID 21-Ref,True,0.28287213881108647,0.11587960196543678,0.2732394124015728,0.09801440536139336,0.021086093736173896,1.770559756819618,True,True,True,True,True,True,True,True,False
4,2,24,EEG GRID 22-Ref,False,0.22808698866071106,0.08031189846402753,0.21774223200397436,0.056810211534325895,0.015227709736454275,1.494603945882998,True,True,True,True,True,True,True,True,False
4,2,25,EEG GRID 23-Ref,True,0.3132394672950717,0.0800763094086252,0.3055339407367578,0.06167855667081904,0.0054615918792574585,1.4801879810783625,True,True,True,True,True,True,True,True,False
4,2,26,EEG GRID 24-Ref,True,0.2772429838470707,0.07416888521187795,0.26618232175497475,0.031364914783650236,0.0051592433186795445,1.0864884322016277,True,True,True,True,True,True,True,True,False
4,2,27,EEG GRID 25-Ref,False,0.23825922216755588,0.0934176482089422,0.22421497447745314,0.062897948159256,0.0021972964992941057,1.3975196791689177,True,True,True,True,True,True,True,True,False
4,2,28,EEG GRID 26-Ref,True,0.29684226072422387,0.09238471097633506,0.2850278907066902,0.06312652804705764,0.010887559061360613,1.3452693707458265,True,True,True,True,True,True,True,True,False
4,2,29,EEG GRID 27-Ref,True,0.2797822955449596,0.08727427552215808,0.26860230029551674,0.06456132386298119,0.015427021997806845,1.3259936755107458,True,True,True,True,True,True,True,True,False
4,2,30,EEG GRID 28-Ref,False,0.2747789342013613,0.11400026989852362,0.2691281273893248,0.10420767170283703,0.017776356619788485,2.06002098575201,True,True,True,True,True,True,False,False,False
4,2,31,EEG GRID 29-Ref,True,0.35990616585619706,0.069784953519808,0.354454608443746,0.05241327701831325,0.007179531285223784,1.641413367326353,True,True,True,True,True,True,True,True,False
4,2,32,EEG GRID 30-Ref,True,0.3365736977242998,0.06608273499629447,0.33252907718435937,0.05290542017228915,0.006628104027208948,1.6594723502674669,True,True,True,True,True,True,True,True,False
4,2,33,EEG GRID 31-Ref,True,0.353383038771156,0.09415193802249891,0.34750899417809394,0.07900490927388608,0.016396709385072088,1.6508332264684331,True,True,True,True,True,True,True,True,False
4,2,34,EEG GRID 32-Ref,True,0.3656757053225733,0.06354685872352411,0.36252990062748813,0.048171122483835246,0.0026621422342375735,1.4988245049059796,True,True,True,True,True,True,True,True,False
4,2,35,EEG GRID 33-Ref,True,0.2434113435198676,0.0790482328989339,0.21950331034986265,0.014757112642826212,0.012731818946474457,1.062543265837877,True,True,True,True,True,True,True,True,False
4,2,36,EEG GRID 35-Ref,True,0.34107824970221856,0.0859819977980955,0.332999319772942,0.05660635465446268,0.009835511771907507,1.5485534626333763,True,True,True,True,True,True,True,True,False
4,2,37,EEG GRID 36-Ref,True,0.34207478101307254,0.08808272506519338,0.333303839154427,0.06467520131098779,0.011158151294871887,1.6343436610577473,True,True,True,True,True,True,True,True,False
4,2,38,EEG GRID 37-Ref,False,0.2972701161732722,0.06090487079523883,0.29349390490444655,0.046693489292152765,0.0011737951046123358,1.5339908780203324,True,True,True,True,True,True,True,True,False
4,2,39,EEG GRID 38-Ref,False,0.2807723195093501,0.08350395344118708,0.2750614246066675,0.06875055683661692,0.01098435501071747,1.853010357932916,True,True,True,True,True,True,True,True,False
4,2,40,EEG GRID 39-Ref,True,0.3480567812785831,0.09633365088261352,0.3427719789490199,0.08261820733633891,0.004003302422035561,1.817399529602996,True,True,True,True,True,True,True,True,False
4,2,41,EEG GRID 40-Ref,False,0.36235545889731063,0.08716914982010258,0.3591136154573497,0.0762047566840055,0.002641341695382894,2.0950541004302337,True,True,True,True,True,True,False,False,False
4,2,42,EEG GRID 41-Ref,True,0.241964679629284,0.10406409862427092,0.21059408363554286,0.042832715099682665,0.018513610339124457,1.1854323282756736,True,True,True,True,True,True,True,True,False
4,2,43,EEG GRID 42-Ref,True,0.35109530728330274,0.07766308630977456,0.3398515876255498,0.04136799873268198,0.029278825875687305,1.3617023470528224,True,True,True,True,True,True,True,True,False
4,2,44,EEG GRID 43-Ref,True,0.36681127058244506,0.07590564467574737,0.35551433909302405,0.030933141907359157,0.01739528146649738,1.2691803628543732,True,True,True,True,True,True,True,True,False
4,2,45,EEG GRID 44-Ref,True,0.3492028048530898,0.06805955512931211,0.338975572956588,0.01594413071722627,0.0066993515062454476,1.120652805539981,True,True,True,True,True,True,True,True,False
4,2,46,EEG GRID 45-Ref,True,0.3584587044257997,0.06376519424176529,0.35096262775808057,0.04115094616791386,0.0061340688589992635,1.3937725269387247,True,True,True,True,True,True,True,True,False
4,2,47,EEG GRID 46-Ref,True,0.3872590151712158,0.07423163338522362,0.38012998230988565,0.05638832310868606,0.003941327980840525,1.6171512954299982,True,True,True,True,True,True,True,True,False
4,2,48,EEG GRID 47-Ref,True,0.3654891479578045,0.06521767101550818,0.3616488293615031,0.05158156051667478,0.003612007094766776,1.695737319162217,True,True,True,True,True,True,True,True,False
4,2,49,EEG GRID 48-Ref,False,0.3428124236111005,0.08847503256721274,0.336783893338052,0.06823345756485344,0.00513468382866709,1.6676818421593307,True,True,True,True,True,True,True,True,False
4,2,50,EEG GRID 49-Ref,True,0.28974640079551967,0.07574923565584023,0.2721771789978331,0.01922784709982725,0.0028288224008552014,1.1606223979443056,True,True,True,True,True,True,True,True,False
4,2,51,EEG GRID 50-Ref,True,0.26925323160698295,0.07142162125040334,0.26084496250065853,0.04387294977115001,0.013174172658311408,1.3659287098183914,True,True,True,True,True,True,True,True,False
4,2,52,EEG GRID 51-Ref,True,0.31826357179833603,0.07717158632959009,0.31116051248033466,0.05449657808993647,0.0025797733694876137,1.5429881942037504,True,True,True,True,True,True,True,True,False
4,2,53,EEG GRID 52-Ref,True,0.2878459526319984,0.08027878971975612,0.2820038707351173,0.06100454234029698,0.007886725786251927,1.5551777801305744,True,True,True,True,True,True,True,True,False
4,2,54,EEG GRID 53-Ref,True,0.2971445198728976,0.06215053379954602,0.2846794117586343,0.017789923919835776,0.009059310246257436,1.1114677479093014,True,True,True,True,True,True,True,True,False
4,2,55,EEG GRID 54-Ref,True,0.37647672339343147,0.061250564850846505,0.36879944223910205,0.03917365103125983,0.0012670667814722268,1.4759517338328265,True,True,True,True,True,True,True,True,False
4,2,56,EEG GRID 55-Ref,True,0.3507794549667207,0.0588638243310133,0.3451704077913849,0.043117354650918704,0.002326256280479778,1.5831894176371692,True,True,True,True,True,True,True,True,False
4,2,57,EEG GRID 56-Ref,True,0.3281010537216517,0.06731952285990711,0.32149208362524767,0.011929726917286651,0.0020935746667891165,1.0712096900027177,True,True,True,True,True,True,True,True,False
4,2,58,EEG GRID 57-Ref,True,0.31256010353789304,0.0873902603643531,0.29814003807980277,0.038263713588122965,0.0038049813897291333,1.2153042238020622,True,True,True,True,True,True,True,True,False
4,2,59,EEG GRID 58-Ref,True,0.30375351219372493,0.07322591404937999,0.29257155858577494,0.013807292755297356,0.0021460419878432902,1.0135639094981532,True,True,True,True,True,True,True,True,False
4,2,60,EEG GRID 59-Ref,True,0.2735642413075225,0.0773042977738629,0.2600697884657963,0.0394009828084523,0.01991843099273687,1.195999623246443,True,True,True,True,True,True,True,True,False
4,2,61,EEG GRID 60-Ref,True,0.31908448458161415,0.0811734736414775,0.31414077994648887,0.06004265523125818,0.018043950325374754,1.5163953431560815,True,True,True,True,True,True,True,True,False
4,2,62,EEG GRID 61-Ref,False,0.29677121668329287,0.10564593991251259,0.28966088051841415,0.08630636777221694,0.0012137881859881768,1.670751234359878,True,True,True,True,True,True,True,True,False
4,2,63,EEG GRID 62-Ref,True,0.3003332779170475,0.08125426041533565,0.2917926094296229,0.05425279856205721,0.016412904229781783,1.380686444747172,True,True,True,True,True,True,True,True,False
4,2,64,EEG GRID 63-Ref,False,0.27305899538089773,0.07043016737117871,0.2661115492091656,0.050647748038484576,0.007057474630803579,1.6363016390655398,True,True,True,True,True,True,True,True,False
4,2,65,EEG GRID 64-Ref,True,0.29310459012757745,0.05941787360439884,0.2880083700631589,0.04098924729406769,0.004079353925907103,1.60396520098739,True,True,True,True,True,True,True,True,False
4,2,66,EEG LA 01-Ref,True,0.29204963785624605,0.0838262766872094,0.2682212308737826,0.04261107434796283,0.02288266919315634,1.2323730082319713,True,True,True,True,True,True,True,True,False
4,2,67,EEG LA 02-Ref,True,0.3249270361075447,0.08800710987549114,0.30344625695660427,0.0574957792583229,0.002526229759633789,1.3716748683731839,True,True,True,True,True,True,True,True,False
4,2,68,EEG LA 03-Ref,True,0.3515543594204165,0.0757676785555751,0.3369389086600945,0.05137415734698028,0.0008106240114420522,1.413022659240759,True,True,True,True,True,True,True,True,False
4,2,69,EEG LA 04-Ref,True,0.3507394643736709,0.06811821644144433,0.3361368557965369,0.037353848432051,0.01409194570796731,1.2416210241265957,True,True,True,True,True,True,True,True,False
4,2,70,EEG LFP 01-Ref,True,0.36260069369635123,0.1440388588275935,0.3575425794941439,0.13757151264098044,0.009455801012412082,2.776066470722476,True,True,True,True,True,True,False,False,False
4,2,71,EEG LFP 02-Ref,True,0.37612578795475504,0.1276280563181584,0.3693838089013818,0.11644557160029223,0.0032198568062522005,2.1763675664699824,True,True,True,True,True,True,False,False,False
4,2,72,EEG LFP 03-Ref,True,0.337662910644983,0.11045579333078925,0.33254391546996265,0.10183152138350102,0.0033249883364911076,2.2922283550857196,True,True,True,True,True,True,False,False,False
4,2,73,EEG LFP 04-Ref,True,0.38913895860936304,0.19020225988173517,0.38249615216092253,0.18302762802340067,0.029070341936603614,2.9160631080304498,True,True,True,True,True,True,False,False,False
4,2,74,EEG LFP 05-Ref,True,0.40462677832451205,0.18026205307181703,0.3980203405140147,0.17285691156240482,0.0400642888795838,2.9315366658043844,True,True,True,True,True,True,False,False,False
4,2,75,EEG LFP 06-Ref,True,0.3721262764335698,0.12964155147929426,0.3654040281473017,0.11988203950326395,0.031956410647594975,2.185822104529423,True,True,True,True,True,True,False,False,False
4,2,76,EEG LH 01-Ref,True,0.3548454028137446,0.07970486318453877,0.3376227934630104,0.05366647814133797,0.024104011517095476,1.4330369765901945,True,True,True,True,True,True,True,True,False
4,2,77,EEG LH 02-Ref,True,0.3784092877144489,0.07758320079348736,0.3629323960799933,0.0554603884010533,0.026753232221332,1.4062454450489468,True,True,True,True,True,True,True,True,False
4,2,78,EEG LH 03-Ref,True,0.3736136634145022,0.06685554911439534,0.36239765177921945,0.0470608317355521,0.013908358074838924,1.4020501724530545,True,True,True,True,True,True,True,True,False
4,2,79,EEG LH 04-Ref,True,0.3092330006454962,0.058330334329812286,0.2965076115527752,0.026732047564963193,0.011515066868166559,1.1676333381960313,True,True,True,True,True,True,True,True,False
4,2,80,EEG MST 03-Ref,True,0.3352978745658833,0.09030845281081494,0.32946957213321065,0.08053605355738576,0.011844311812842859,1.7858305248101114,True,True,True,True,True,True,True,True,False
4,2,81,EEG MST 04-Ref,False,0.2540802321464986,0.07747249323843751,0.24605259929966392,0.06303686903478603,5.7297456896809006e-05,1.6267577062893461,True,True,True,True,True,True,True,True,False
4,2,82,EEG OF 01-Ref,True,0.40929810769969216,0.20816514752826992,0.4052839813080236,0.20129861664334667,0.03549034032168759,3.2968413931663454,True,True,True,True,True,True,False,False,False
4,2,83,EEG OF 02-Ref,True,0.4363301093456071,0.2229502644187281,0.43214846517559435,0.2165366802509219,0.037983835255313826,3.5375686715164703,True,True,True,True,True,True,False,False,False
4,2,84,EEG OF 03-Ref,True,0.43583490808274916,0.22278660388526475,0.43157889619020556,0.2163139745895148,0.03995498120333604,3.4709954559247183,True,True,True,True,True,True,False,False,False
4,2,85,EEG OF 04-Ref,True,0.4197631678586887,0.20386948701513286,0.4150813502969607,0.19733795114974614,0.03980464015212904,3.211714432290864,True,True,True,True,True,True,False,False,False
4,2,86,EEG OF 05-Ref,True,0.3765940267656872,0.15625094805660086,0.3707134072442684,0.1482358211203543,0.03412412929993015,2.5194789722334536,True,True,True,True,True,True,False,False,False
4,2,87,EEG OF 06-Ref,True,0.35580300902069334,0.14788050018390345,0.34612383764038157,0.13301917367068156,0.01938818688943017,1.9907407440091076,True,True,True,True,True,True,True,True,False
4,2,88,EEG OF 07-Ref,True,0.34139786101349634,0.11549012354394896,0.33323364801997163,0.0997431013473724,0.023383306242344207,1.8957210169283272,True,True,True,True,True,True,True,True,False
4,2,89,EEG OF 08-Ref,True,0.3460679393095708,0.13334720881570317,0.33897721946774434,0.11278656832025767,0.0158105313809136,2.0542519640972463,True,True,True,True,True,True,False,False,False
4,2,90,EEG PPO 03-Ref,False,0.13863975885546714,0.07570846964064314,0.11527922123507718,0.015616105398918537,0.009347216141960607,1.051601290026746,True,True,True,True,True,True,True,True,False
4,2,91,EEG PPO 04-Ref,True,0.30242765532536386,0.07333069683367287,0.2956969926470533,0.04552689790685596,0.006917144792011564,1.3512391125852543,True,True,True,True,True,True,True,True,False
4,2,92,EEG PPO 05-Ref,False,0.31158157770618955,0.10327899400405287,0.30417345160116344,0.08619606584941908,0.0050735657566934045,1.6516832639409451,True,True,True,True,True,True,True,True,False
4,2,93,EEG PPO 06-Ref,False,0.2516010907691367,0.09653600888758668,0.2467508495327764,0.08798439081028075,0.004208141695834613,2.0400361686665947,True,True,True,True,True,True,False,False,False
4,2,94,EEG PST 03-Ref,False,0.3632080061644434,0.09828490980632162,0.35810555348434275,0.09030116909851868,0.014708219044363131,1.9918536163169964,True,True,True,True,True,True,True,True,False
4,2,95,EEG PST 04-Ref,False,0.34175022090304125,0.08632476009522369,0.33706997273704964,0.07691422601965929,0.011203910936685187,1.7842710748727715,True,True,True,True,True,True,True,True,False
5,0,0,EEG AST 01-Ref,True,0.3928078722289442,0.108175962509468,0.3839365792520372,0.09567826988196027,0.004038519591893254,2.486269326899232,True,True,True,True,True,True,False,False,False
5,0,1,EEG AST 02-Ref,True,0.4556936982933557,0.10253534072410352,0.44616540389156956,0.08984400682210443,0.010680010519399865,2.405580838930943,True,True,True,True,True,True,False,False,False
5,0,2,EEG AST 03-Ref,True,0.47747339871433797,0.04606409874685989,0.4661069232585958,0.02694248648008347,0.013338124345230682,1.500913965365784,True,True,True,True,True,True,True,True,False
5,0,3,EEG AST 04-Ref,True,0.40372689429076014,0.06344748526781116,0.3891130613406816,0.03671387732976785,0.005085939773203007,1.4112670264912426,True,True,True,True,True,True,True,True,False
5,0,4,EEG GRID 01-Ref,False,0.23495596119530318,0.08132784745372146,0.23010319013993763,0.06871329575458042,0.01419538662603739,1.7652657604750435,True,True,True,True,True,True,True,True,False
5,0,5,EEG GRID 02-Ref,True,0.33112445654859085,0.11457028733957343,0.32468206506324954,0.10190147948572456,0.021341359551105884,2.2390132663389077,True,True,True,True,True,True,False,False,False
5,0,6,EEG GRID 03-Ref,True,0.3320135318607535,0.12770914081633397,0.3268929293165632,0.11644884435179474,0.02411457451178187,2.1615184403011347,True,True,True,True,True,True,False,False,False
5,0,7,EEG GRID 04-Ref,True,0.30441063039494126,0.07936747241888534,0.299454144776993,0.06673384740882062,0.015435164009866739,1.8250066682349726,True,True,True,True,True,True,True,True,False
5,0,8,EEG GRID 05-Ref,True,0.36579204534794385,0.07299441224266068,0.36167421287177537,0.06173841404943613,0.012740348196689691,1.8218706960906115,True,True,True,True,True,True,True,True,False
5,0,9,EEG GRID 06-Ref,False,0.27930218467332196,0.09270321485400637,0.27258923997474277,0.07425041297424988,0.011647211750970539,1.6242672579383566,True,True,True,True,True,True,True,True,False
5,0,10,EEG GRID 07-Ref,True,0.3732700368935324,0.10730757820834169,0.3672978435048991,0.0916858480885242,0.015780657085873763,2.080177919501042,True,True,True,True,True,True,False,False,False
5,0,11,EEG GRID 08-Ref,False,0.3632592165080367,0.1530052582119427,0.3563575631420488,0.13429551138051896,0.010946187293757438,1.9278970255446313,True,True,True,True,True,True,True,True,False
5,0,12,EEG GRID 09-Ref,True,0.3437761957288839,0.10461592107179918,0.33478989431448986,0.08500584355678195,0.02215273196825494,1.7763634066424348,True,True,True,True,True,True,True,True,False
5,0,13,EEG GRID 10-Ref,True,0.34352192592790876,0.12367047068059549,0.33523403141145475,0.10436805533936132,0.00603211641348785,2.3259842119519405,True,True,True,True,True,True,False,False,False
5,0,14,EEG GRID 11-Ref,True,0.27900740628773035,0.1062752057933611,0.2726319786001425,0.08718242049354792,0.020151236291172783,1.7854489966233902,True,True,True,True,True,True,True,True,False
5,0,15,EEG GRID 12-Ref,True,0.3575277481833238,0.11398774676606595,0.35123751692155003,0.10126073195388301,0.009332987385561837,2.129460397832072,True,True,True,True,True,True,False,False,False
5,0,16,EEG GRID 13-Ref,True,0.3553892520970287,0.10903543012058511,0.35016032768861033,0.09400120710089127,0.01385633258417936,2.539151279439799,True,True,True,True,True,True,False,False,False
5,0,17,EEG GRID 14-Ref,True,0.3482507475130295,0.11511171878423469,0.34054449705028994,0.09674414738105658,0.0023472463779561116,2.162791559502182,True,True,True,True,True,True,False,False,False
5,0,18,EEG GRID 15-Ref,True,0.3638800467475195,0.09962887125869951,0.35893655738398816,0.08414035996149402,0.004220842042340778,1.7373254414623283,True,True,True,True,True,True,True,True,False
5,0,19,EEG GRID 16-Ref,False,0.30882191705899686,0.12539232509361842,0.2992826169219347,0.10269589607887603,0.008398867664694751,1.5461946213805708,True,True,True,True,True,True,True,True,False
5,0,20,EEG GRID 17-Ref,True,0.3083171069299004,0.08530076375570096,0.2987295253874368,0.050782245074603036,0.004544635764946229,1.440125075918327,True,True,True,True,True,True,True,True,False
5,0,21,EEG GRID 18-Ref,True,0.37842135969784313,0.0977488746185799,0.37056840304554,0.07051045231322155,0.014991989472562736,1.8461429150043156,True,True,True,True,True,True,True,True,False
5,0,22,EEG GRID 19-Ref,False,0.2772930491389369,0.06491621325169984,0.27090878258632733,0.0485531755597792,0.009268888852945923,1.5464167458008544,True,True,True,True,True,True,True,True,False
5,0,23,EEG GRID 21-Ref,True,0.3383479061850652,0.15293902637179216,0.327463016956812,0.13431394870207938,0.04446042697215224,2.3773629568699706,True,True,True,True,True,True,False,False,False
5,0,24,EEG GRID 22-Ref,False,0.25632610508011955,0.09764956890476284,0.2469609687767477,0.07299341031925924,0.025031252007964924,1.764955793322717,True,True,True,True,True,True,True,True,False
5,0,25,EEG GRID 23-Ref,True,0.36173233920832615,0.09795066606477006,0.34815545474763454,0.07567943079108128,0.001352539619155568,1.621384419954733,True,True,True,True,True,True,True,True,False
5,0,26,EEG GRID 24-Ref,True,0.3089748812184682,0.08635521842455667,0.2956089387161996,0.046732154271133565,0.011433340424151592,1.2358684300422684,True,True,True,True,True,True,True,True,False
5,0,27,EEG GRID 25-Ref,False,0.2450383110668243,0.09583579318980452,0.2349195674464473,0.06820246940587794,0.00594832632541006,1.4356945406033526,True,True,True,True,True,True,True,True,False
5,0,28,EEG GRID 26-Ref,True,0.28995419637758696,0.08801285316363534,0.27923086361049027,0.057598291352004206,0.0013303429546815675,1.324061002742103,True,True,True,True,True,True,True,True,False
5,0,29,EEG GRID 27-Ref,True,0.2853345918617209,0.09712454329903239,0.2746013634331416,0.06899278903075587,0.020556849336855663,1.3896222337741673,True,True,True,True,True,True,True,True,False
5,0,30,EEG GRID 28-Ref,False,0.28339864264170883,0.1242293218798173,0.2776629038195616,0.11266526308552428,0.02306325525711694,2.2341489789250097,True,True,True,True,True,True,False,False,False
5,0,31,EEG GRID 29-Ref,True,0.37355139938485826,0.08272574615096924,0.3666674344879118,0.05852423906055054,0.01268653104190972,1.7254672104874105,True,True,True,True,True,True,True,True,False
5,0,32,EEG GRID 30-Ref,True,0.34635764482416215,0.07805110290879237,0.3401108310891386,0.06115629347931584,0.018137052360728406,1.819560398591028,True,True,True,True,True,True,True,True,False
5,0,33,EEG GRID 31-Ref,True,0.36260008889347717,0.10579811564034572,0.3528216596549509,0.08874496406289656,0.002940413887204624,1.803588382782209,True,True,True,True,True,True,True,True,False
5,0,34,EEG GRID 32-Ref,True,0.3635247267144159,0.08733639840140583,0.3572052461706549,0.0705516520412306,0.007913493858300556,2.0130313124673638,True,True,True,True,True,True,False,False,False
5,0,35,EEG GRID 33-Ref,True,0.23436411438785,0.07768303026219828,0.20902673173114072,0.018771499792681817,0.013854086567320392,1.0849527229100497,True,True,True,True,True,True,True,True,False
5,0,36,EEG GRID 35-Ref,True,0.3336780949266169,0.07974144100764496,0.31964741984886785,0.04763555305886657,0.0023115500540213402,1.4100405655874286,True,True,True,True,True,True,True,True,False
5,0,37,EEG GRID 36-Ref,True,0.3609466325822788,0.09025037843690024,0.3460206447067609,0.06297542556148197,0.00862713790409563,1.5967537237349898,True,True,True,True,True,True,True,True,False
5,0,38,EEG GRID 37-Ref,False,0.3382088923329005,0.08806444138786622,0.32915337839989106,0.06911531171375085,0.030059173518290964,1.909527953210076,True,True,True,True,True,True,True,True,False
5,0,39,EEG GRID 38-Ref,False,0.27796974477561637,0.07458125488440788,0.2711303791687245,0.06018853700128137,0.014475535396462872,1.6731801166816092,True,True,True,True,True,True,True,True,False
5,0,40,EEG GRID 39-Ref,True,0.36144794047499895,0.09955502106721992,0.3556965683684822,0.08743128536855854,0.023697475441937014,1.8562547092417212,True,True,True,True,True,True,True,True,False
5,0,41,EEG GRID 40-Ref,False,0.36497013505777376,0.09451754913151425,0.35955336581252534,0.08310120601672558,0.007278937935663768,2.3009367923087187,True,True,True,True,True,True,False,False,False
5,0,42,EEG GRID 41-Ref,True,0.24803060971055468,0.10060698337422809,0.2155201332498447,0.044250987244968884,0.016764463528829984,1.2513560719392327,True,True,True,True,True,True,True,True,False
5,0,43,EEG GRID 42-Ref,True,0.3563619157376028,0.06587404293659307,0.3404353302347067,0.029744526572010314,0.016831214735895446,1.1984429492485795,True,True,True,True,True,True,True,True,False
5,0,44,EEG GRID 43-Ref,True,0.3691970057728556,0.0683853576651378,0.35223828584787875,0.021371937924759127,0.01496217461313011,1.1364715473882607,True,True,True,True,True,True,True,True,False
5,0,45,EEG GRID 44-Ref,True,0.36883204643027107,0.06718914068993996,0.3504257693515175,0.010848044969415162,0.008517199282387849,1.06831803505279,True,True,True,True,True,True,True,True,False
5,0,46,EEG GRID 45-Ref,True,0.39786353700087446,0.06955176237040782,0.38702151109539334,0.0441724060556545,0.0038673685262246094,1.4308436056400833,True,True,True,True,True,True,True,True,False
5,0,47,EEG GRID 46-Ref,True,0.411943649391792,0.08876915068653096,0.40521510362496094,0.07156246029241219,0.01790000431859553,1.8497294097085164,True,True,True,True,True,True,True,True,False
5,0,48,EEG GRID 47-Ref,True,0.37932904795132427,0.06972428132097995,0.3755763489586603,0.05837283994812564,0.012560784325380691,1.8452718034424844,True,True,True,True,True,True,True,True,False
5,0,49,EEG GRID 48-Ref,False,0.33397760203357085,0.07510372502187505,0.3277562339767469,0.0548762396326216,0.005051422058625542,1.505842829226144,True,True,True,True,True,True,True,True,False
5,0,50,EEG GRID 49-Ref,True,0.26293131478920256,0.06998980870017993,0.24913242958122314,0.023517587411972234,0.023107543369958652,1.0925151435005893,True,True,True,True,True,True,True,True,False
5,0,51,EEG GRID 50-Ref,True,0.2751576919646159,0.08243741622649466,0.26599110740804227,0.051713990646681356,0.01700838680687168,1.4334088874118234,True,True,True,True,True,True,True,True,False
5,0,52,EEG GRID 51-Ref,True,0.3126240962735883,0.0740263146992711,0.3070243366339273,0.05386819802293995,0.013097627899636598,1.5456179749107646,True,True,True,True,True,True,True,True,False
5,0,53,EEG GRID 52-Ref,True,0.2809193990023263,0.08161258394339482,0.2751996556121112,0.06334906157899085,0.011355077384029875,1.5876209434716368,True,True,True,True,True,True,True,True,False
5,0,54,EEG GRID 53-Ref,True,0.32095876241022636,0.07108390264618973,0.3058651492028541,0.018197474574170903,0.0021318426044049446,1.115297544140894,True,True,True,True,True,True,True,True,False
5,0,55,EEG GRID 54-Ref,True,0.4021446332329885,0.07672116161809006,0.39358110951101005,0.05289165242480076,0.016808979937913346,1.6754645394881635,True,True,True,True,True,True,True,True,False
5,0,56,EEG GRID 55-Ref,True,0.3481402058222055,0.06547041004734515,0.3434704857589363,0.049669678288671776,0.01340083502676127,1.7261204972990585,True,True,True,True,True,True,True,True,False
5,0,57,EEG GRID 56-Ref,True,0.31793323321164635,0.06369133886195838,0.30771725163527003,0.008204478292409884,0.006779354304116968,1.0135131340869057,True,True,True,True,True,True,True,True,False
5,0,58,EEG GRID 57-Ref,True,0.2905013102579926,0.08352793398157334,0.2753049388284906,0.0319363923036307,0.011558382875328146,1.1561525796786079,True,True,True,True,True,True,True,True,False
5,0,59,EEG GRID 58-Ref,True,0.29880390074130325,0.07317086321674504,0.28611360886394593,0.013775806254409235,0.0006498424394926151,1.0248109449568923,True,True,True,True,True,True,True,True,False
5,0,60,EEG GRID 59-Ref,True,0.2544219927108736,0.08360801004912514,0.2441226306855,0.0438716516982415,0.02391453122706496,1.2139532237286226,True,True,True,True,True,True,True,True,False
5,0,61,EEG GRID 60-Ref,True,0.3472082733351319,0.08723448139319462,0.3409530221112245,0.06308635648420498,0.002723745330388401,1.531524998538791,True,True,True,True,True,True,True,True,False
5,0,62,EEG GRID 61-Ref,False,0.2954802578544719,0.09808339604333187,0.2880517001347313,0.07755895517234031,0.00361403112013661,1.5901894233215965,True,True,True,True,True,True,True,True,False
5,0,63,EEG GRID 62-Ref,True,0.3256717824814104,0.08347021785142124,0.31714759522405306,0.04482661708891373,0.008629642999401613,1.3326784622049288,True,True,True,True,True,True,True,True,False
5,0,64,EEG GRID 63-Ref,False,0.29453455918162597,0.07504953919036994,0.2867439438862434,0.052943322497273196,0.004638749143327254,1.6446700568103683,True,True,True,True,True,True,True,True,False
5,0,65,EEG GRID 64-Ref,True,0.2914986469452073,0.05816131954991492,0.2849245197974383,0.040311945718429755,0.007966309855711382,1.5165029697805295,True,True,True,True,True,True,True,True,False
5,0,66,EEG LA 01-Ref,True,0.4184979488641288,0.09249416877933334,0.3857753876342861,0.04192725091664279,0.025440359988347684,1.2576607226230323,True,True,True,True,True,True,True,True,False
5,0,67,EEG LA 02-Ref,True,0.43272513434680426,0.1115098484784884,0.4069042059724916,0.076366303435195,0.027425400144797576,1.5327486230196243,True,True,True,True,True,True,True,True,False
5,0,68,EEG LA 03-Ref,True,0.44320401466699305,0.10461303730471445,0.42465748660319075,0.07527029348038602,0.005858655417454196,1.7286761220851417,True,True,True,True,True,True,True,True,False
5,0,69,EEG LA 04-Ref,True,0.44272114948399716,0.09793620522357724,0.41978034113935064,0.061388096557740086,0.005624879076461478,1.5546217483415692,True,True,True,True,True,True,True,True,False
5,0,70,EEG LFP 01-Ref,True,0.39158072171728386,0.15423159654825017,0.3854857622179272,0.14588010750080802,0.013847844329563855,2.908283904220685,True,True,True,True,True,True,False,False,False
5,0,71,EEG LFP 02-Ref,True,0.40996510746307185,0.13900699211753015,0.4005433246456691,0.12553238870420955,0.008895115780460951,2.2847930809336123,True,True,True,True,True,True,False,False,False
5,0,72,EEG LFP 03-Ref,True,0.3654628129478953,0.11392221201394362,0.3585384602957264,0.10550340797677579,0.008332707411158982,2.344310092249808,True,True,True,True,True,True,False,False,False
5,0,73,EEG LFP 04-Ref,True,0.40270736788336875,0.19457788516000252,0.39481104132167727,0.18545373397189843,0.0030825652716629888,2.9904574619722655,True,True,True,True,True,True,False,False,False
5,0,74,EEG LFP 05-Ref,True,0.4173432131524351,0.1903645305549511,0.41025560787881876,0.1813397056795514,0.007673724919619056,3.137795354828462,True,True,True,True,True,True,False,False,False
5,0,75,EEG LFP 06-Ref,True,0.3829591771183613,0.13604893247567157,0.37645028207380415,0.1250214654547776,0.0021137042893398404,2.294047616342872,True,True,True,True,True,True,False,False,False
5,0,76,EEG LH 01-Ref,True,0.47631280447443336,0.092351840217388,0.4549500889103136,0.05980324415785223,0.022759732328537206,1.550035675033925,True,True,True,True,True,True,True,True,False
5,0,77,EEG LH 02-Ref,True,0.4927027864919916,0.10223084276627792,0.4730055148746322,0.07172443014636931,0.00341085166794453,1.6827850897554701,True,True,True,True,True,True,True,True,False
5,0,78,EEG LH 03-Ref,True,0.47536905918457223,0.0961442822424124,0.4570861413643348,0.07020731421704318,0.0022121213917545165,1.7935120972170573,True,True,True,True,True,True,True,True,False
5,0,79,EEG LH 04-Ref,True,0.4002525290675764,0.0816191157122166,0.37705214727573866,0.04618042186363217,0.00244278489567824,1.4574927788817824,True,True,True,True,True,True,True,True,False
5,0,80,EEG MST 03-Ref,True,0.3359440813354371,0.09964775592514272,0.33106965174570424,0.08695284984635797,0.014062109198811812,1.863520368260336,True,True,True,True,True,True,True,True,False
5,0,81,EEG MST 04-Ref,False,0.2515349578448592,0.08550779611927661,0.24119686217410283,0.06619713691415019,0.009830802016527924,1.6823029098121218,True,True,True,True,True,True,True,True,False
5,0,82,EEG OF 01-Ref,True,0.44596099935119965,0.21340276611290712,0.4394780133912933,0.20558004554638634,0.03652607467886363,3.3520869459756995,True,True,True,True,True,True,False,False,False
5,0,83,EEG OF 02-Ref,True,0.46901603178757023,0.22821996924069896,0.4633814438012515,0.2206581686224765,0.03662066191597554,3.5960472813503657,True,True,True,True,True,True,False,False,False
5,0,84,EEG OF 03-Ref,True,0.4732998735207325,0.2277721307545321,0.46718914666061334,0.22013038019130116,0.03871711428503721,3.523452565201,True,True,True,True,True,True,False,False,False
5,0,85,EEG OF 04-Ref,True,0.45772270433029744,0.20971627274351234,0.45115069919665135,0.2011499427479728,0.036703556154744216,3.2635620014233857,True,True,True,True,True,True,False,False,False
5,0,86,EEG OF 05-Ref,True,0.40842406411809207,0.16237390963236722,0.3996814638478038,0.15191864109847164,0.029875798813035193,2.5610686838266763,True,True,True,True,True,True,False,False,False
5,0,87,EEG OF 06-Ref,True,0.3888987282219747,0.1500421696095596,0.3745698582582544,0.1360097571029274,0.015240628594652871,2.0161355344160006,True,True,True,True,True,True,False,False,False
5,0,88,EEG OF 07-Ref,True,0.3632190700778913,0.11652962174927137,0.3541464790228233,0.10233482486876336,0.012676364694380673,1.9333063443793748,True,True,True,True,True,True,True,True,False
5,0,89,EEG OF 08-Ref,True,0.3767723919843944,0.12889137497398243,0.36914379011714865,0.11642250208573234,0.01702634016765254,2.0629724808848913,True,True,True,True,True,True,False,False,False
5,0,90,EEG PPO 03-Ref,False,0.17228586494284298,0.08632789190772093,0.13935584297697223,0.014976671527348754,0.005289984971079296,1.0088025318773022,True,True,True,True,True,True,True,True,False
5,0,91,EEG PPO 04-Ref,True,0.33051678295477416,0.09886610040917007,0.314379555172872,0.06295158119331361,0.024864497830474577,1.5447678065820023,True,True,True,True,True,True,True,True,False
5,0,92,EEG PPO 05-Ref,False,0.3368643970917355,0.1268094128007034,0.3206533365318472,0.10098813924868252,0.013833158697514284,1.7730862310341766,True,True,True,True,True,True,True,True,False
5,0,93,EEG PPO 06-Ref,False,0.2498209243760066,0.10643049698128547,0.2435282356740122,0.09629937389338637,0.008317504467652698,2.115725507304291,True,True,True,True,True,True,False,False,False
5,0,94,EEG PST 03-Ref,False,0.3713805778809334,0.11550819522475472,0.36524799924043744,0.10213686312258376,0.01972039412727792,2.221072235787921,True,True,True,True,True,True,False,False,False
5,0,95,EEG PST 04-Ref,False,0.34785838170053734,0.10570089351595587,0.34185924446259774,0.09146182247214105,0.021900550645110584,1.9973679990789273,True,True,True,True,True,True,True,True,False
5,1,0,EEG AST 01-Ref,True,0.39429408576340624,0.10014410878942157,0.3856037513264529,0.08617630929242584,0.004149418046650551,2.3958670114493357,True,True,True,True,True,True,False,False,False
5,1,1,EEG AST 02-Ref,True,0.44894985533284915,0.09492221783988267,0.4389180271509195,0.08195770186503025,0.01069611946909276,2.333704231554173,True,True,True,True,True,True,False,False,False
5,1,2,EEG AST 03-Ref,True,0.4483156988870456,0.047711963489115515,0.4368894573457419,0.03109622134612684,0.013210934963929416,1.55511601311653,True,True,True,True,True,True,True,True,False
5,1,3,EEG AST 04-Ref,True,0.39652437167436416,0.06664180798283566,0.38090780345920594,0.04213383968767244,0.005110873399928779,1.4634714838321397,True,True,True,True,True,True,True,True,False
5,1,4,EEG GRID 01-Ref,False,0.22110045616687468,0.07894233578568684,0.21571822071374816,0.06597034294999758,0.013793871428498476,1.7212971944163324,True,True,True,True,True,True,True,True,False
5,1,5,EEG GRID 02-Ref,True,0.34866796999909094,0.12416479554271997,0.3425996897755906,0.112065237527744,0.02134527473490856,2.3334350382444007,True,True,True,True,True,True,False,False,False
5,1,6,EEG GRID 03-Ref,True,0.3633660636020221,0.13853752025377614,0.3587826681505589,0.12787775059182707,0.024035695479321433,2.262529729642028,True,True,True,True,True,True,False,False,False
5,1,7,EEG GRID 04-Ref,True,0.30155936458986443,0.08109334932452124,0.29657301938133074,0.06790411561928121,0.015194399462891793,1.8280130307811007,True,True,True,True,True,True,True,True,False
5,1,8,EEG GRID 05-Ref,True,0.36997996012971207,0.07277465630625579,0.36580293353249205,0.06197145221582351,0.012246553726840836,1.819220883349071,True,True,True,True,True,True,True,True,False
5,1,9,EEG GRID 06-Ref,False,0.2868754612646449,0.09490765919311131,0.2800256045493045,0.0761141924389594,0.011350742529583588,1.6326049846583062,True,True,True,True,True,True,True,True,False
5,1,10,EEG GRID 07-Ref,True,0.35724668704257057,0.10497688695583843,0.3505561978150241,0.08838424295464788,0.015922723208267677,2.0653924535857633,True,True,True,True,True,True,False,False,False
5,1,11,EEG GRID 08-Ref,False,0.3428882643195124,0.14495605615270127,0.3350737904410612,0.12484711351935592,0.01100835437986189,1.8865685793336555,True,True,True,True,True,True,True,True,False
5,1,12,EEG GRID 09-Ref,True,0.3319831052740887,0.10690798749071714,0.32187748601387073,0.08771157382907341,0.022018405460397624,1.7842072555608695,True,True,True,True,True,True,True,True,False
5,1,13,EEG GRID 10-Ref,True,0.35305463420269306,0.12850350425530715,0.34473772965388016,0.11070549610495958,0.006170507244714682,2.3763458733910343,True,True,True,True,True,True,False,False,False
5,1,14,EEG GRID 11-Ref,True,0.30311102330427037,0.11095468262389868,0.29578228608323576,0.0934233357611467,0.019907935736369287,1.8524821990356617,True,True,True,True,True,True,True,True,False
5,1,15,EEG GRID 12-Ref,True,0.38026241735957345,0.12345429787262381,0.37425766058770576,0.11037819250504144,0.008983400599111936,2.238407674728262,True,True,True,True,True,True,False,False,False
5,1,16,EEG GRID 13-Ref,True,0.3670637176594738,0.11042529448172206,0.36166800667492965,0.09537953287448647,0.013586610336036276,2.5378112534404194,True,True,True,True,True,True,False,False,False
5,1,17,EEG GRID 14-Ref,True,0.3463579840412767,0.11730469964082389,0.33812113413243994,0.09926003710424926,0.002102360295943078,2.1625824702193253,True,True,True,True,True,True,False,False,False
5,1,18,EEG GRID 15-Ref,True,0.3558095233876789,0.10121783820013633,0.35073909908371864,0.08513449689560706,0.0045456078199450495,1.7326945756008238,True,True,True,True,True,True,True,True,False
5,1,19,EEG GRID 16-Ref,False,0.30517358778039294,0.125225337250315,0.2966388974864743,0.10341499572331055,0.008422413437933006,1.5502433934725668,True,True,True,True,True,True,True,True,False
5,1,20,EEG GRID 17-Ref,True,0.2873503818617914,0.08549179806055851,0.2785560449728437,0.05196595842523436,0.004433597319266676,1.4305717067794206,True,True,True,True,True,True,True,True,False
5,1,21,EEG GRID 18-Ref,True,0.37896704347812904,0.09960583046297625,0.3717712132444244,0.07062091629480437,0.014967086735685642,1.834004241424184,True,True,True,True,True,True,True,True,False
5,1,22,EEG GRID 19-Ref,False,0.27995570509187595,0.06755140257796251,0.2745529468354118,0.052338737985035376,0.008972874137085375,1.581820169148666,True,True,True,True,True,True,True,True,False
5,1,23,EEG GRID 21-Ref,True,0.3351487093660246,0.15398805733549778,0.3237576062845396,0.1355077241314505,0.04334867467678786,2.3768009287580876,True,True,True,True,True,True,False,False,False
5,1,24,EEG GRID 22-Ref,False,0.24510507047988772,0.09671727595651786,0.23600932852437864,0.07174046102179854,0.024424881249933625,1.748880842937635,True,True,True,True,True,True,True,True,False
5,1,25,EEG GRID 23-Ref,True,0.34011432226286337,0.09555974147727009,0.3285566903986223,0.07339806154315301,0.0018004469149325282,1.6113929446436588,True,True,True,True,True,True,True,True,False
5,1,26,EEG GRID 24-Ref,True,0.29419227671605525,0.08435135527761314,0.28140381978839596,0.042559524895840396,0.011943124351532882,1.2260351593407672,True,True,True,True,True,True,True,True,False
5,1,27,EEG GRID 25-Ref,False,0.23032357077706053,0.09364601031930797,0.22055260378849104,0.06634719904236318,0.005657819689958963,1.420284340314269,True,True,True,True,True,True,True,True,False
5,1,28,EEG GRID 26-Ref,True,0.2978248505998429,0.09157677960388597,0.28610866566723564,0.06090572147911493,0.0013897319910776763,1.3482996683294446,True,True,True,True,True,True,True,True,False
5,1,29,EEG GRID 27-Ref,True,0.279744742674868,0.10143295696162423,0.26842412124471715,0.07526595432273145,0.019898410138371164,1.422552467207305,True,True,True,True,True,True,True,True,False
5,1,30,EEG GRID 28-Ref,False,0.28065406620932826,0.12503178464032835,0.27458404994310404,0.1141322643958867,0.02230686805866848,2.244331839409032,True,True,True,True,True,True,False,False,False
5,1,31,EEG GRID 29-Ref,True,0.3673185533277186,0.08058407811392984,0.3601966335964208,0.05625605301883872,0.012931299922203337,1.69582507580812,True,True,True,True,True,True,True,True,False
5,1,32,EEG GRID 30-Ref,True,0.3472948458012287,0.07856412681405818,0.34088184813873657,0.06021012708644445,0.01824493370621784,1.8218897606421227,True,True,True,True,True,True,True,True,False
5,1,33,EEG GRID 31-Ref,True,0.3683349138287777,0.10974816093115342,0.3599545529647719,0.09224907172204612,0.0032681495243865734,1.831142141643716,True,True,True,True,True,True,True,True,False
5,1,34,EEG GRID 32-Ref,True,0.37254164557983055,0.08716060992158808,0.3667063005534081,0.0698712104691268,0.008512089484044557,2.0055297658880633,True,True,True,True,True,True,False,False,False
5,1,35,EEG GRID 33-Ref,True,0.231081326757089,0.0761370990787087,0.20503129430818623,0.014970790614574748,0.013855759481532138,1.05212942933075,True,True,True,True,True,True,True,True,False
5,1,36,EEG GRID 35-Ref,True,0.32880598582439047,0.08106448848652885,0.31534654015013547,0.050156204113076884,0.0018828601347579685,1.440795862912894,True,True,True,True,True,True,True,True,False
5,1,37,EEG GRID 36-Ref,True,0.34764535614388686,0.09065124348060304,0.3327088400099369,0.0627323393148157,0.008925252956364009,1.6098106757764115,True,True,True,True,True,True,True,True,False
5,1,38,EEG GRID 37-Ref,False,0.33110477385547177,0.0863688704889028,0.32170040481288037,0.06683964362943742,0.02989834500058826,1.8963453064263525,True,True,True,True,True,True,True,True,False
5,1,39,EEG GRID 38-Ref,False,0.2760656406242789,0.07336478148657448,0.26901428580262093,0.057805941548285424,0.014215262513305515,1.664234957912348,True,True,True,True,True,True,True,True,False
5,1,40,EEG GRID 39-Ref,True,0.36447075800789214,0.10168946321349098,0.3595425814490476,0.0894470320215374,0.02365518252563718,1.8869030130183493,True,True,True,True,True,True,True,True,False
5,1,41,EEG GRID 40-Ref,False,0.3735030670915842,0.09600675383218278,0.3680544923768274,0.08550423028327361,0.007784570163397687,2.3280894219286288,True,True,True,True,True,True,False,False,False
5,1,42,EEG GRID 41-Ref,True,0.24547200722901982,0.09865976187298954,0.21312642251926245,0.0419764201875208,0.016534661222363932,1.2418051639695609,True,True,True,True,True,True,True,True,False
5,1,43,EEG GRID 42-Ref,True,0.3508015211778734,0.06565491682715754,0.3341894437998296,0.03103706079572797,0.01678986417677192,1.218729583128213,True,True,True,True,True,True,True,True,False
5,1,44,EEG GRID 43-Ref,True,0.36759380836748085,0.06848798335275258,0.35046321269208386,0.02471417499591416,0.015014604324944593,1.159017241363905,True,True,True,True,True,True,True,True,False
5,1,45,EEG GRID 44-Ref,True,0.36140953921530505,0.0677508587523836,0.34310485993623113,0.014068760674504877,0.008689856919766478,1.0873767952269566,True,True,True,True,True,True,True,True,False
5,1,46,EEG GRID 45-Ref,True,0.3884153246443951,0.07106278696571014,0.37831750378904205,0.046170445628719886,0.003949802402493334,1.4473795060138606,True,True,True,True,True,True,True,True,False
5,1,47,EEG GRID 46-Ref,True,0.4054560714802078,0.08677722633231123,0.39866421445696615,0.06811044909892305,0.01828057716637867,1.8115010759413237,True,True,True,True,True,True,True,True,False
5,1,48,EEG GRID 47-Ref,True,0.3815047989609884,0.06825137216361382,0.37732148789207837,0.05581694444058254,0.012577860602476055,1.825267781522196,True,True,True,True,True,True,True,True,False
5,1,49,EEG GRID 48-Ref,False,0.34427075866641965,0.07788686971529131,0.33766301541959814,0.05881303480095732,0.005387489229146058,1.542805231239798,True,True,True,True,True,True,True,True,False
5,1,50,EEG GRID 49-Ref,True,0.28840823382869735,0.07264906638930908,0.27499734230144207,0.02733434845064404,0.022781561107012713,1.1405301382764548,True,True,True,True,True,True,True,True,False
5,1,51,EEG GRID 50-Ref,True,0.2834584386995315,0.08280020972384473,0.27571734007445153,0.05134950229993101,0.016538687525266958,1.459647356114868,True,True,True,True,True,True,True,True,False
5,1,52,EEG GRID 51-Ref,True,0.32322469651999525,0.07302069384847917,0.31761203062572535,0.05135623721623702,0.013125848297959994,1.5108379068635358,True,True,True,True,True,True,True,True,False
5,1,53,EEG GRID 52-Ref,True,0.29393066780477917,0.08054877783515585,0.28943691073961,0.06165656838274194,0.01153209016581435,1.5607624779977225,True,True,True,True,True,True,True,True,False
5,1,54,EEG GRID 53-Ref,True,0.32551562145409013,0.07204018176563326,0.3122186744280262,0.018295537556994673,0.002083951249478656,1.1208221467278638,True,True,True,True,True,True,True,True,False
5,1,55,EEG GRID 54-Ref,True,0.3887575043332554,0.07628371222204666,0.3798058255464803,0.0524541731275929,0.016941983197846594,1.671090671930252,True,True,True,True,True,True,True,True,False
5,1,56,EEG GRID 55-Ref,True,0.33841751068422904,0.06292804863535238,0.33331184492029026,0.04749037913974882,0.013442699634356278,1.7006547123349087,True,True,True,True,True,True,True,True,False
5,1,57,EEG GRID 56-Ref,True,0.3260116398844975,0.06190127005584707,0.31497973042565053,0.008405091779969606,0.006944005992587435,1.019005548304428,True,True,True,True,True,True,True,True,False
5,1,58,EEG GRID 57-Ref,True,0.3258120096551418,0.08777838084174039,0.3135234334347683,0.04069846970467592,0.011246540911683978,1.2110806732779709,True,True,True,True,True,True,True,True,False
5,1,59,EEG GRID 58-Ref,True,0.3255285857869254,0.07180894734247933,0.31333347892041336,0.012755708883533595,0.0002795226884456369,1.010355163217559,True,True,True,True,True,True,True,True,False
5,1,60,EEG GRID 59-Ref,True,0.2741733155814073,0.08107837124681624,0.2651242325338863,0.03779804865676774,0.023929252334490704,1.1743496196461427,True,True,True,True,True,True,True,True,False
5,1,61,EEG GRID 60-Ref,True,0.3458396596398161,0.08728424733531352,0.3404128854520046,0.06389266120268981,0.00266970713702268,1.5401725753558293,True,True,True,True,True,True,True,True,False
5,1,62,EEG GRID 61-Ref,False,0.3007312462970741,0.108393994247126,0.29438392024594734,0.09200584776896335,0.0034779462290432635,1.6935431663894105,True,True,True,True,True,True,True,True,False
5,1,63,EEG GRID 62-Ref,True,0.330432493501309,0.08802861769036874,0.32313504829712614,0.05537116685053007,0.008644047173344764,1.397102594038113,True,True,True,True,True,True,True,True,False
5,1,64,EEG GRID 63-Ref,False,0.2749176364427085,0.07306682080736508,0.2666550197118631,0.051209002440492576,0.004577386760264947,1.6197663193424068,True,True,True,True,True,True,True,True,False
5,1,65,EEG GRID 64-Ref,True,0.29123770959387324,0.06007389585667203,0.28447159894320295,0.04175618909050122,0.007990755977032976,1.5345786793379526,True,True,True,True,True,True,True,True,False
5,1,66,EEG LA 01-Ref,True,0.39531862877079926,0.09288116143339198,0.361405741849168,0.044206976705905676,0.025013430459690886,1.2679530175468325,True,True,True,True,True,True,True,True,False
5,1,67,EEG LA 02-Ref,True,0.41136506895051606,0.11366620739572598,0.3840411612757355,0.08021446670437828,0.02710995994172257,1.5499235041975505,True,True,True,True,True,True,True,True,False
5,1,68,EEG LA 03-Ref,True,0.4150887384510011,0.10589708814335093,0.39573652714664764,0.07826555661912384,0.005828835446057649,1.7389856399325558,True,True,True,True,True,True,True,True,False
5,1,69,EEG LA 04-Ref,True,0.4255564603620383,0.10045339435863192,0.40045654273192494,0.063880226829552,0.0055542943819119435,1.5666868565311842,True,True,True,True,True,True,True,True,False
5,1,70,EEG LFP 01-Ref,True,0.398035208404404,0.15709854091419254,0.39263846965326515,0.14842183872005713,0.013486198065963084,2.917664686292327,True,True,True,True,True,True,False,False,False
5,1,71,EEG LFP 02-Ref,True,0.4162394031086662,0.14280275475538193,0.4079047749812109,0.12887835739579162,0.008548870555406044,2.3054301318705974,True,True,True,True,True,True,False,False,False
5,1,72,EEG LFP 03-Ref,True,0.35750630706890224,0.11437110069036242,0.3514532767885639,0.10522991233344027,0.008173453913168538,2.348854248826119,True,True,True,True,True,True,False,False,False
5,1,73,EEG LFP 04-Ref,True,0.40721869339830785,0.19645592053676375,0.399347582491226,0.1872252323623263,0.003003898607865636,3.005434737733851,True,True,True,True,True,True,False,False,False
5,1,74,EEG LFP 05-Ref,True,0.42299790282400945,0.19181564397127576,0.4163075220126206,0.1819975570507349,0.007529086361719438,3.1372189569541082,True,True,True,True,True,True,False,False,False
5,1,75,EEG LFP 06-Ref,True,0.37919404258585826,0.13485868695682543,0.3732895237237529,0.1230462229422488,0.0019184136352628537,2.275747185913213,True,True,True,True,True,True,False,False,False
5,1,76,EEG LH 01-Ref,True,0.4549332859463472,0.0952971923770764,0.43269895579585754,0.06402539405862823,0.022330227465156952,1.5807177413059745,True,True,True,True,True,True,True,True,False
5,1,77,EEG LH 02-Ref,True,0.47510238981570774,0.10533243661911501,0.4532501265922771,0.07552798522327499,0.003212412946408791,1.7157479240992255,True,True,True,True,True,True,True,True,False
5,1,78,EEG LH 03-Ref,True,0.46188086042136556,0.09906369497734405,0.4418194669781408,0.07323265536239511,0.0020596976155729946,1.82258790399964,True,True,True,True,True,True,True,True,False
5,1,79,EEG LH 04-Ref,True,0.3958990475270047,0.08582863266627713,0.3728321848241856,0.0498251313580017,0.0022680238490633583,1.4902322714987335,True,True,True,True,True,True,True,True,False
5,1,80,EEG MST 03-Ref,True,0.338047867225405,0.10135224160030558,0.3335404365660082,0.08864892139038702,0.013607175149727122,1.8850432229304828,True,True,True,True,True,True,True,True,False
5,1,81,EEG MST 04-Ref,False,0.2573846944505237,0.08857990877810881,0.24879910553699885,0.0701662917313821,0.009702310786592587,1.7247354099027894,True,True,True,True,True,True,True,True,False
5,1,82,EEG OF 01-Ref,True,0.4551259065296966,0.22634995580970171,0.4500103323420051,0.22014103369191657,0.03531042462646845,3.528561468370544,True,True,True,True,True,True,False,False,False
5,1,83,EEG OF 02-Ref,True,0.4749469946145349,0.24130160252629546,0.4701938840636072,0.23529947999412784,0.0353641782704555,3.779390246755872,True,True,True,True,True,True,False,False,False
5,1,84,EEG OF 03-Ref,True,0.4776172022838935,0.24158418416455935,0.4724093349913917,0.23555339482091714,0.037409404418895495,3.7066234890554868,True,True,True,True,True,True,False,False,False
5,1,85,EEG OF 04-Ref,True,0.46135887392462466,0.2227711636274044,0.4561088653930883,0.21616617624394266,0.035425377830476286,3.4332238792317753,True,True,True,True,True,True,False,False,False
5,1,86,EEG OF 05-Ref,True,0.41240126871737814,0.17343547870417703,0.4059065476240239,0.1647949901144531,0.02871787577677229,2.6899203312365345,True,True,True,True,True,True,False,False,False
5,1,87,EEG OF 06-Ref,True,0.38833704576741657,0.161297559683873,0.3770034132746963,0.14777405863293194,0.014181679593623946,2.0982243177805473,True,True,True,True,True,True,False,False,False
5,1,88,EEG OF 07-Ref,True,0.36404396122759886,0.12334011632890202,0.35519938163656034,0.10878424561254388,0.011758211324439875,1.9804791105931796,True,True,True,True,True,True,True,True,False
5,1,89,EEG OF 08-Ref,True,0.37562764387905545,0.12975335023253254,0.3673474218910158,0.1156578498733706,0.017474024773173086,2.0396439272729845,True,True,True,True,True,True,False,False,False
5,1,90,EEG PPO 03-Ref,False,0.18033126248343445,0.08775061159321991,0.1496025638343542,0.01783606706637907,0.005637539033768078,1.0330570385261946,True,True,True,True,True,True,True,True,False
5,1,91,EEG PPO 04-Ref,True,0.35167650898857966,0.10209317259319138,0.3359540896568991,0.0673576251553193,0.025203695688546916,1.5723900809251774,True,True,True,True,True,True,True,True,False
5,1,92,EEG PPO 05-Ref,False,0.35398767587083435,0.1321391912373384,0.3375888559348092,0.1070389879021961,0.014283260731359786,1.812345486054146,True,True,True,True,True,True,True,True,False
5,1,93,EEG PPO 06-Ref,False,0.26772548746311065,0.10809935115312735,0.26095235948436685,0.0974422593023966,0.008698487720877363,2.141688499340424,True,True,True,True,True,True,False,False,False
5,1,94,EEG PST 03-Ref,False,0.370242113622509,0.11808686260594756,0.36413968202413327,0.10450908069350555,0.019551425604420605,2.2474067438806915,True,True,True,True,True,True,False,False,False
5,1,95,EEG PST 04-Ref,False,0.35126966237582735,0.10791847796144578,0.34557883040283083,0.09354891837896778,0.021672766366440426,2.0246587346370917,True,True,True,True,True,True,False,False,False
5,2,0,EEG AST 01-Ref,True,0.3818546192008734,0.10642642931147793,0.37363352042186077,0.0931455289080806,0.0037204320450873163,2.4418424596711157,True,True,True,True,True,True,False,False,False
5,2,1,EEG AST 02-Ref,True,0.44518558119530277,0.1001820458014997,0.43537852385493964,0.08679114618628994,0.010321542911120354,2.356197522625758,True,True,True,True,True,True,False,False,False
5,2,2,EEG AST 03-Ref,True,0.4702326182548088,0.04644174166757668,0.459739218191459,0.02726352002789531,0.01292489445558515,1.5075946457488718,True,True,True,True,True,True,True,True,False
5,2,3,EEG AST 04-Ref,True,0.4116127559693909,0.06338654825780782,0.3970514615489957,0.03457404328837916,0.005130104121203761,1.3980338800488132,True,True,True,True,True,True,True,True,False
5,2,4,EEG GRID 01-Ref,False,0.2389638188101347,0.0794888936926939,0.23459322035803618,0.06813676657290035,0.01416649084091541,1.7521304737527799,True,True,True,True,True,True,True,True,False
5,2,5,EEG GRID 02-Ref,True,0.3386852092530652,0.11342926269757121,0.3318313714687012,0.0997416715229341,0.021341913208487325,2.199030712313278,True,True,True,True,True,True,False,False,False
5,2,6,EEG GRID 03-Ref,True,0.34625980190466343,0.13027831374015628,0.34124187069670014,0.1189671542161648,0.024165304695501037,2.165251179215128,True,True,True,True,True,True,False,False,False
5,2,7,EEG GRID 04-Ref,True,0.29827890875216456,0.08056592959713615,0.2930228576767048,0.06742619523982632,0.01547584065858548,1.8041925549910838,True,True,True,True,True,True,True,True,False
5,2,8,EEG GRID 05-Ref,True,0.3601743866271154,0.0712544597726909,0.3561077788173549,0.059393511610087185,0.012604142474766274,1.7939529407750867,True,True,True,True,True,True,True,True,False
5,2,9,EEG GRID 06-Ref,False,0.2794479410925213,0.09243101615739445,0.2720983161856814,0.0753447362840518,0.011532854800794223,1.6137036936331457,True,True,True,True,True,True,True,True,False
5,2,10,EEG GRID 07-Ref,True,0.38114444862727437,0.10357278722038012,0.37461054703467267,0.08735094488753971,0.01580519518126155,2.0598384472313844,True,True,True,True,True,True,False,False,False
5,2,11,EEG GRID 08-Ref,False,0.3632069906279014,0.1482583770566588,0.35628978178604903,0.1301926930340381,0.011002828418518781,1.9296249933920768,True,True,True,True,True,True,True,True,False
5,2,12,EEG GRID 09-Ref,True,0.3461236901100893,0.10123342809889371,0.3386527244347236,0.08098024841790143,0.022048565259795105,1.7330285972273338,True,True,True,True,True,True,True,True,False
5,2,13,EEG GRID 10-Ref,True,0.3487231831531206,0.12361900354648243,0.34014910406373244,0.10605869381982239,0.00573895538541808,2.3171299410461557,True,True,True,True,True,True,False,False,False
5,2,14,EEG GRID 11-Ref,True,0.2966876045237447,0.1081672510468906,0.2897401432815218,0.08986913625861699,0.020400098866625697,1.8060783039941404,True,True,True,True,True,True,True,True,False
5,2,15,EEG GRID 12-Ref,True,0.37514129651661215,0.11950948777578221,0.36819975168395963,0.1066434212401184,0.009606819390860022,2.1766443431860885,True,True,True,True,True,True,False,False,False
5,2,16,EEG GRID 13-Ref,True,0.3616582662048934,0.10884559820739789,0.35625718225370745,0.09346797175915565,0.013951117904536625,2.5118494303156886,True,True,True,True,True,True,False,False,False
5,2,17,EEG GRID 14-Ref,True,0.3521496104826926,0.11492629985820674,0.3440215106368589,0.09583014995221971,0.002569381374987885,2.1247890153998683,True,True,True,True,True,True,False,False,False
5,2,18,EEG GRID 15-Ref,True,0.36228110428928234,0.09878469949493583,0.35603327425658654,0.08292094023326078,0.004461150940416635,1.721334323365847,True,True,True,True,True,True,True,True,False
5,2,19,EEG GRID 16-Ref,False,0.30907906955180947,0.12991473584079208,0.30009980767294747,0.10741902977140216,0.00863012549249461,1.5821179616108303,True,True,True,True,True,True,True,True,False
5,2,20,EEG GRID 17-Ref,True,0.3101105702798969,0.08386991850702306,0.3023167173339357,0.052196522195843705,0.0040685291041898785,1.4338502875876558,True,True,True,True,True,True,True,True,False
5,2,21,EEG GRID 18-Ref,True,0.3650569294820154,0.09802141687524513,0.35656475548224464,0.07030707834616379,0.014540311308367797,1.8257929027863689,True,True,True,True,True,True,True,True,False
5,2,22,EEG GRID 19-Ref,False,0.2993538220765777,0.06743752888346158,0.29397104659394924,0.051762754783230384,0.009439586168928302,1.5836329053617062,True,True,True,True,True,True,True,True,False
5,2,23,EEG GRID 21-Ref,True,0.328113936096176,0.1505629822530954,0.31642017582580734,0.13190545080654087,0.04422029545140276,2.3494926816773813,True,True,True,True,True,True,False,False,False
5,2,24,EEG GRID 22-Ref,False,0.248562359527212,0.09643397355877888,0.2398172007389971,0.07204769853467816,0.024733243044939818,1.7408683366477833,True,True,True,True,True,True,True,True,False
5,2,25,EEG GRID 23-Ref,True,0.35789275367550133,0.09040047703573717,0.3466859387519761,0.06589377102476923,0.001772010270936878,1.5613469663269024,True,True,True,True,True,True,True,True,False
5,2,26,EEG GRID 24-Ref,True,0.30667873619769337,0.08202395893071658,0.29521336740618487,0.03612359312949572,0.011971756293540149,1.189644729881101,True,True,True,True,True,True,True,True,False
5,2,27,EEG GRID 25-Ref,False,0.24159983565515547,0.09284632018898403,0.23270705139180364,0.06621482773158036,0.0060588849362729555,1.4198378004697838,True,True,True,True,True,True,True,True,False
5,2,28,EEG GRID 26-Ref,True,0.28260462706568623,0.08952323256620215,0.27180880071054264,0.05666955586200468,0.000933038667528869,1.3274510857036945,True,True,True,True,True,True,True,True,False
5,2,29,EEG GRID 27-Ref,True,0.27050930298187364,0.09782871378958315,0.25962268590914506,0.06911505973686566,0.020802907921798248,1.3809817267207312,True,True,True,True,True,True,True,True,False
5,2,30,EEG GRID 28-Ref,False,0.2664641148492129,0.12296766275396982,0.26101843990197293,0.11205796201095264,0.022922526270277528,2.220482089295057,True,True,True,True,True,True,False,False,False
5,2,31,EEG GRID 29-Ref,True,0.3738724484886005,0.08187225422307691,0.3656125348836569,0.05797212575168695,0.013014155461104985,1.7071167342799756,True,True,True,True,True,True,True,True,False
5,2,32,EEG GRID 30-Ref,True,0.34461871226593643,0.07976811642261745,0.33801026359640984,0.06308722222899853,0.018379541185840585,1.8335369641318493,True,True,True,True,True,True,True,True,False
5,2,33,EEG GRID 31-Ref,True,0.37122301175282596,0.10716859585419791,0.36335023621134865,0.09069565324555162,0.0031100510815156414,1.8161353202728776,True,True,True,True,True,True,True,True,False
5,2,34,EEG GRID 32-Ref,True,0.38806668550263,0.08549057838051304,0.3819824350848585,0.06784633219669049,0.008510135199783895,1.99452120079454,True,True,True,True,True,True,True,True,False
5,2,35,EEG GRID 33-Ref,True,0.22584925092508223,0.07638228717857343,0.1974096214921887,0.016836884145728516,0.013675482850071604,1.0671701119483235,True,True,True,True,True,True,True,True,False
5,2,36,EEG GRID 35-Ref,True,0.31746353317026904,0.08076472713717815,0.3031008388098338,0.05002885518668166,0.0022648576139008545,1.4300635943635467,True,True,True,True,True,True,True,True,False
5,2,37,EEG GRID 36-Ref,True,0.3625120955260584,0.0902914586336167,0.34780775687239296,0.06116606849959891,0.008666343939882333,1.5960179535459558,True,True,True,True,True,True,True,True,False
5,2,38,EEG GRID 37-Ref,False,0.35428927214023376,0.0877699444478161,0.3449267179850016,0.06762770546120356,0.029821633981230042,1.8938055458186211,True,True,True,True,True,True,True,True,False
5,2,39,EEG GRID 38-Ref,False,0.2843688399304256,0.07387155397174448,0.2782122232381514,0.05804060698529522,0.013992822854188602,1.66098212265006,True,True,True,True,True,True,True,True,False
5,2,40,EEG GRID 39-Ref,True,0.3654687260240847,0.10163868733335865,0.3601551536262542,0.0908196517402279,0.023851674817470303,1.8949564045238347,True,True,True,True,True,True,True,True,False
5,2,41,EEG GRID 40-Ref,False,0.38128307269687556,0.09471355906120561,0.3759932045871194,0.08418627601800302,0.007491727205754235,2.335004265350966,True,True,True,True,True,True,False,False,False
5,2,42,EEG GRID 41-Ref,True,0.2334033275016525,0.10306204115859234,0.19976439234795731,0.05092281758410351,0.01669072823968411,1.3030713544145271,True,True,True,True,True,True,True,True,False
5,2,43,EEG GRID 42-Ref,True,0.34276609440698813,0.0660589011241656,0.3253932966564271,0.03083766340833131,0.01660254677611637,1.213190426069135,True,True,True,True,True,True,True,True,False
5,2,44,EEG GRID 43-Ref,True,0.3514878065851493,0.06944636229014092,0.33297005723229756,0.024301164379523357,0.01470089451164603,1.1544022928731952,True,True,True,True,True,True,True,True,False
5,2,45,EEG GRID 44-Ref,True,0.3501091520823104,0.06876595018245005,0.33222274165004717,0.011375893077029266,0.008062429491423117,1.0769790133418011,True,True,True,True,True,True,True,True,False
5,2,46,EEG GRID 45-Ref,True,0.40137656626356066,0.07026354129042674,0.391849195544942,0.04554814355992411,0.004622317539236098,1.4428494111744727,True,True,True,True,True,True,True,True,False
5,2,47,EEG GRID 46-Ref,True,0.4091514021228078,0.08661905594617766,0.40159395744245335,0.0681761701117417,0.018356075620055732,1.8101181051992472,True,True,True,True,True,True,True,True,False
5,2,48,EEG GRID 47-Ref,True,0.3750271209652757,0.06940986134460012,0.3709962481792564,0.056921428686574606,0.012328808096219949,1.8394679511513066,True,True,True,True,True,True,True,True,False
5,2,49,EEG GRID 48-Ref,False,0.3399691240447613,0.07856765825926235,0.3332470927851667,0.05998755962068825,0.005386598788068893,1.5645305294447458,True,True,True,True,True,True,True,True,False
5,2,50,EEG GRID 49-Ref,True,0.281388135451129,0.07158132850222627,0.269360641948219,0.02529633570333973,0.0231879573024645,1.1010400440372512,True,True,True,True,True,True,True,True,False
5,2,51,EEG GRID 50-Ref,True,0.26668840232323404,0.08048174032045044,0.25846025478949414,0.04702625691394191,0.01690458930409699,1.4100197159491088,True,True,True,True,True,True,True,True,False
5,2,52,EEG GRID 51-Ref,True,0.33432692561283445,0.07606339092952977,0.3285390416309941,0.053849680316796884,0.012787951365293282,1.5440246695985964,True,True,True,True,True,True,True,True,False
5,2,53,EEG GRID 52-Ref,True,0.3159929953392779,0.08386786871112539,0.311152802686707,0.06466399935971696,0.010918403590255166,1.5982441645461802,True,True,True,True,True,True,True,True,False
5,2,54,EEG GRID 53-Ref,True,0.3200467014829582,0.06799254547930637,0.30590434578563175,0.015606904452796423,0.001699387510241518,1.104527740015054,True,True,True,True,True,True,True,True,False
5,2,55,EEG GRID 54-Ref,True,0.40019622648257097,0.0758612213340756,0.3909873612185259,0.05180243907613605,0.01725444050672841,1.6574479772202475,True,True,True,True,True,True,True,True,False
5,2,56,EEG GRID 55-Ref,True,0.34295906048441804,0.06466374997654846,0.3382138567822316,0.049491788120762686,0.013389363516537352,1.722572355252932,True,True,True,True,True,True,True,True,False
5,2,57,EEG GRID 56-Ref,True,0.3233464311388903,0.06320989631087667,0.3125005517394935,0.010323961724748877,0.00703215454709398,1.022227381053562,True,True,True,True,True,True,True,True,False
5,2,58,EEG GRID 57-Ref,True,0.310120913599898,0.08553642941528004,0.2953582610233487,0.034920169092360114,0.011578834825267517,1.1730601490908374,True,True,True,True,True,True,True,True,False
5,2,59,EEG GRID 58-Ref,True,0.3264451791960865,0.0715807631837178,0.31214889461551254,0.011805710543805937,0.0007183904472438072,1.0220111801069018,True,True,True,True,True,True,True,True,False
5,2,60,EEG GRID 59-Ref,True,0.29085278571903644,0.08560238518738851,0.2818262202849953,0.04379774962999757,0.023647085113764704,1.2189161819002055,True,True,True,True,True,True,True,True,False
5,2,61,EEG GRID 60-Ref,True,0.3741147221820063,0.08891771746611668,0.367325386060972,0.0648102172814376,0.00321491127874956,1.558288268794174,True,True,True,True,True,True,True,True,False
5,2,62,EEG GRID 61-Ref,False,0.3071342563080333,0.10307435788157235,0.30034183547781673,0.08456796141297873,0.003361409269148921,1.6365729681022667,True,True,True,True,True,True,True,True,False
5,2,63,EEG GRID 62-Ref,True,0.3268417274266888,0.08775180477868183,0.3191277676205548,0.054534075807379595,0.008586275628890321,1.3908404080451242,True,True,True,True,True,True,True,True,False
5,2,64,EEG GRID 63-Ref,False,0.27479689528134105,0.07213998898773567,0.2667448626729878,0.0491554644544866,0.004840411854125574,1.5976646208129974,True,True,True,True,True,True,True,True,False
5,2,65,EEG GRID 64-Ref,True,0.2906339593268858,0.05729222611561516,0.28332397717606317,0.03651653688954198,0.008220748243841901,1.479779264604188,True,True,True,True,True,True,True,True,False
5,2,66,EEG LA 01-Ref,True,0.40669270766596705,0.09501551426642706,0.3760693835654941,0.04847845248180939,0.02520485382432599,1.2775395433952972,True,True,True,True,True,True,True,True,False
5,2,67,EEG LA 02-Ref,True,0.4067714224454515,0.11201915491415929,0.3783208446732564,0.07938588665652083,0.027139657559709675,1.543496765562505,True,True,True,True,True,True,True,True,False
5,2,68,EEG LA 03-Ref,True,0.3988430393308523,0.10334396878762192,0.37847668435000015,0.07598434131892264,0.005760714773276597,1.7249628303881148,True,True,True,True,True,True,True,True,False
5,2,69,EEG LA 04-Ref,True,0.40635460512754756,0.09889282967738788,0.3791635908233435,0.06378486647368732,0.005596965334554686,1.5592255196593328,True,True,True,True,True,True,True,True,False
5,2,70,EEG LFP 01-Ref,True,0.3789694398233623,0.14999617836593707,0.3730481216902677,0.1411938531926314,0.014524099779587907,2.8480486053314604,True,True,True,True,True,True,False,False,False
5,2,71,EEG LFP 02-Ref,True,0.39614519968008005,0.13568831819682386,0.3860873740974693,0.12100405295299621,0.009634628742715794,2.2429641172935635,True,True,True,True,True,True,False,False,False
5,2,72,EEG LFP 03-Ref,True,0.3449343843794809,0.11019952446294597,0.3378045403776402,0.10085474433291988,0.009057581865845842,2.2887770940921115,True,True,True,True,True,True,False,False,False
5,2,73,EEG LFP 04-Ref,True,0.3977869874920248,0.19032565639734972,0.3898176374642583,0.18012911575868937,0.002446805290708113,2.928170817586607,True,True,True,True,True,True,False,False,False
5,2,74,EEG LFP 05-Ref,True,0.41551364363484034,0.1881018784335996,0.40856504596435494,0.17741483373696226,0.007317903731197766,3.073996027400694,True,True,True,True,True,True,False,False,False
5,2,75,EEG LFP 06-Ref,True,0.3679878742042452,0.13496116032175315,0.3618604605311761,0.12275534790951229,0.0020858414420371913,2.260508786611775,True,True,True,True,True,True,False,False,False
5,2,76,EEG LH 01-Ref,True,0.4599248957721288,0.0934057180644409,0.4388458199487943,0.06312999227918241,0.02253137454213949,1.5640437019163598,True,True,True,True,True,True,True,True,False
5,2,77,EEG LH 02-Ref,True,0.46495292583929854,0.10371585013256193,0.44287814988857965,0.07465565995525014,0.003253091432629934,1.6930134312501401,True,True,True,True,True,True,True,True,False
5,2,78,EEG LH 03-Ref,True,0.44309963883540643,0.09839611381448408,0.42114149160951675,0.07343429083853348,0.0021925485427597095,1.8105588298924151,True,True,True,True,True,True,True,True,False
5,2,79,EEG LH 04-Ref,True,0.3795368598669987,0.0835466509849393,0.35330681369759515,0.04798835827922065,0.002372843115772569,1.4694170458854137,True,True,True,True,True,True,True,True,False
5,2,80,EEG MST 03-Ref,True,0.3313213646640826,0.09922871834747826,0.3263855904422647,0.08546499586094775,0.013599919702713665,1.8502739263450687,True,True,True,True,True,True,True,True,False
5,2,81,EEG MST 04-Ref,False,0.25548017501732767,0.08663036432935327,0.24521286365985426,0.06831151586219321,0.009632064304894966,1.6916357546458967,True,True,True,True,True,True,True,True,False
5,2,82,EEG OF 01-Ref,True,0.4238523350918711,0.20709794853587843,0.41774797144719455,0.20033710749952544,0.03583905509907169,3.302702399046264,True,True,True,True,True,True,False,False,False
5,2,83,EEG OF 02-Ref,True,0.44576496288082385,0.22190593943390405,0.44042987750407886,0.2153587651809933,0.03580589304245595,3.535745153412621,True,True,True,True,True,True,False,False,False
5,2,84,EEG OF 03-Ref,True,0.4508921952015419,0.22206736846434552,0.44543292852579014,0.21544963828718214,0.03789596517254893,3.4652090850686585,True,True,True,True,True,True,False,False,False
5,2,85,EEG OF 04-Ref,True,0.4375294126885242,0.20418336758671593,0.43200095333985106,0.19714022025484754,0.0358969684306364,3.2089803334831024,True,True,True,True,True,True,False,False,False
5,2,86,EEG OF 05-Ref,True,0.3997571168797858,0.15748222178605323,0.3926182335238397,0.14848992253915533,0.029182293236137434,2.5219998281637137,True,True,True,True,True,True,False,False,False
5,2,87,EEG OF 06-Ref,True,0.38339132279172006,0.14517997621736622,0.3719369858393999,0.1303904585962748,0.014721362588249695,1.9714710646719409,True,True,True,True,True,True,True,True,False
5,2,88,EEG OF 07-Ref,True,0.3636672358713575,0.11316227249986847,0.35538670524560867,0.09700140355679514,0.012417335839887862,1.8836791184761177,True,True,True,True,True,True,True,True,False
5,2,89,EEG OF 08-Ref,True,0.3647482460052603,0.11800946419355157,0.3560898798301285,0.10261255441249194,0.01682570622466189,1.9291435629443345,True,True,True,True,True,True,True,True,False
5,2,90,EEG PPO 03-Ref,False,0.18232623765293338,0.08647542680724142,0.1475831331252198,0.014109373462781603,0.00554215571602984,1.0025343052388294,True,True,True,True,True,True,True,True,False
5,2,91,EEG PPO 04-Ref,True,0.34577134096607326,0.10011958672665182,0.32814005612550257,0.06411942346861686,0.025103219309018238,1.5412537778918092,True,True,True,True,True,True,True,True,False
5,2,92,EEG PPO 05-Ref,False,0.3500492728023268,0.13158691188720714,0.33159281457041745,0.1060906996992121,0.013995567308803388,1.7998330296923835,True,True,True,True,True,True,True,True,False
5,2,93,EEG PPO 06-Ref,False,0.255586732745994,0.10824779176945801,0.24812086531158378,0.09731683885961524,0.008530359484544028,2.117771434648685,True,True,True,True,True,True,False,False,False
5,2,94,EEG PST 03-Ref,False,0.36850031043486703,0.1130549032542035,0.36264204533616673,0.09890904423130173,0.019562477973000283,2.200816296213217,True,True,True,True,True,True,False,False,False
5,2,95,EEG PST 04-Ref,False,0.34269687659136394,0.10320552758258973,0.33697110710985645,0.08717017428250366,0.021740860497102808,1.9746404746430344,True,True,True,True,True,True,True,True,False
6,0,0,EEG AST 01-Ref,True,0.37374559066920315,0.08528685748092789,0.3675816276236487,0.07502053048820771,0.0061755732942413875,2.1076274481066686,True,True,True,True,True,True,False,False,False
6,0,1,EEG AST 02-Ref,True,0.43163038143585586,0.08415389373086936,0.42440551386797737,0.07277224742911144,0.009188808446529658,2.0799749669879897,True,True,True,True,True,True,False,False,False
6,0,2,EEG AST 03-Ref,True,0.42518833558036107,0.04542477016383006,0.4182996603966051,0.02581343587902038,0.014636746528990585,1.4032493413727514,True,True,True,True,True,True,True,True,False
6,0,3,EEG AST 04-Ref,True,0.36754492508796494,0.06325822660710309,0.35583402366175015,0.03696591307471727,0.009821788004571343,1.457262393627609,True,True,True,True,True,True,True,True,False
6,0,4,EEG GRID 01-Ref,False,0.23927233637365164,0.08525580315926433,0.23049598643622465,0.07206193960215455,0.006415545154748025,1.8180412136405713,True,True,True,True,True,True,True,True,False
6,0,5,EEG GRID 02-Ref,True,0.34174131178401246,0.11401859656124703,0.33568304525774273,0.10415508337497946,0.02243002937827843,2.2095837729654497,True,True,True,True,True,True,False,False,False
6,0,6,EEG GRID 03-Ref,True,0.34709357375088484,0.1283588298721655,0.34235103395097977,0.1191890002279806,0.030169358018124634,2.1838113713789857,True,True,True,True,True,True,False,False,False
6,0,7,EEG GRID 04-Ref,True,0.30409513525342025,0.07963114526320816,0.29868083777267984,0.0665735433170886,0.009944555023905491,1.8261033628579755,True,True,True,True,True,True,True,True,False
6,0,8,EEG GRID 05-Ref,True,0.3663727462260172,0.07651793890713604,0.36222306144147215,0.06462741100952848,0.0012919855367436736,1.8788169757968511,True,True,True,True,True,True,True,True,False
6,0,9,EEG GRID 06-Ref,False,0.27567112545606404,0.09561859621565141,0.2680365573715602,0.07605391126155729,0.0008663854627768634,1.6225375204468118,True,True,True,True,True,True,True,True,False
6,0,10,EEG GRID 07-Ref,True,0.34434535846222375,0.09413400232617618,0.33731617727963653,0.07943663139522981,0.03066870314691258,1.7723186785883782,True,True,True,True,True,True,True,True,False
6,0,11,EEG GRID 08-Ref,False,0.32909037573672756,0.13265712663990722,0.32025380993873626,0.11449452880409917,0.014868190050238789,1.680821882700131,True,True,True,True,True,True,True,True,False
6,0,12,EEG GRID 09-Ref,True,0.35371811625492644,0.1093413379463054,0.34456083556971434,0.09073441600191805,0.01911949773031459,1.829173707356493,True,True,True,True,True,True,True,True,False
6,0,13,EEG GRID 10-Ref,True,0.34333059174220776,0.10315251365092419,0.33608960602560795,0.08774791678664212,0.0076569226614091965,1.961256037186552,True,True,True,True,True,True,True,True,False
6,0,14,EEG GRID 11-Ref,True,0.2947498118895224,0.11112643175025522,0.28774125484733676,0.09200173643057151,0.0018320810266520024,1.8708606189294852,True,True,True,True,True,True,True,True,False
6,0,15,EEG GRID 12-Ref,True,0.35091883322987244,0.10766518064705398,0.345269421806899,0.09414310866994173,0.008420959453774145,1.970115427296106,True,True,True,True,True,True,True,True,False
6,0,16,EEG GRID 13-Ref,True,0.3295304816459705,0.08214002160733287,0.32530347549802163,0.06914731307468573,0.0041536381288856585,1.8062359313011593,True,True,True,True,True,True,True,True,False
6,0,17,EEG GRID 14-Ref,True,0.3186009269285606,0.0918118872684963,0.31189454702486274,0.07626534693399614,0.012776231497684837,1.7009838802427137,True,True,True,True,True,True,True,True,False
6,0,18,EEG GRID 15-Ref,True,0.3444238976188388,0.10179752720100067,0.3381726187702646,0.08336231141583633,0.016772832210484288,1.6835570521548555,True,True,True,True,True,True,True,True,False
6,0,19,EEG GRID 16-Ref,False,0.298461558343298,0.12606309793727513,0.28715226491208523,0.10141128282672565,0.01420139925804782,1.5341805936556299,True,True,True,True,True,True,True,True,False
6,0,20,EEG GRID 17-Ref,True,0.31762972097036074,0.08526757318537694,0.30853737281533145,0.05359690511403148,0.011652267204181287,1.4284912995037748,True,True,True,True,True,True,True,True,False
6,0,21,EEG GRID 18-Ref,True,0.3558559811890664,0.08123110190842199,0.348414692450569,0.05469740010602229,0.015523627583113458,1.5322392966186307,True,True,True,True,True,True,True,True,False
6,0,22,EEG GRID 19-Ref,False,0.2984875667421702,0.07658611248012093,0.29097416584385943,0.056415407863614805,0.020313394117770976,1.6445495905528227,True,True,True,True,True,True,True,True,False
6,0,23,EEG GRID 21-Ref,True,0.31241822786693296,0.12080642883584541,0.30263085706116877,0.10612015244873224,0.02304039823221112,1.8346694653534135,True,True,True,True,True,True,True,True,False
6,0,24,EEG GRID 22-Ref,False,0.24500356837851883,0.09708390668757474,0.2329983802769561,0.07065301576942602,0.02044811172652758,1.6557831542079857,True,True,True,True,True,True,True,True,False
6,0,25,EEG GRID 23-Ref,True,0.33236661632950437,0.08750393894622446,0.32254541942687137,0.06486136060562929,0.015065076745997595,1.5089443253421546,True,True,True,True,True,True,True,True,False
6,0,26,EEG GRID 24-Ref,True,0.29291104625281206,0.09038100038983995,0.27647569689251555,0.04152767829755833,0.029734369650216114,1.1295667245308503,True,True,True,True,True,True,True,True,False
6,0,27,EEG GRID 25-Ref,False,0.23542791735193325,0.09672959025546651,0.22258026299180586,0.06918797071485717,0.008083045816703672,1.4525309930164267,True,True,True,True,True,True,True,True,False
6,0,28,EEG GRID 26-Ref,True,0.269774923423633,0.0874283468176922,0.25808341751764274,0.05270051157430025,0.00037354082963757414,1.29593301346742,True,True,True,True,True,True,True,True,False
6,0,29,EEG GRID 27-Ref,True,0.2656755344426276,0.0934244270994894,0.25455837948621685,0.0666217601714354,0.010626237109942881,1.3577678888201725,True,True,True,True,True,True,True,True,False
6,0,30,EEG GRID 28-Ref,False,0.27190794125387024,0.12118871389272301,0.26548743591156987,0.10975022413481342,0.021109961558436256,2.167153003048491,True,True,True,True,True,True,False,False,False
6,0,31,EEG GRID 29-Ref,True,0.35704065382913425,0.0711224621792039,0.35224145507287746,0.048758881384482956,0.0021564513858829343,1.5842296459647276,True,True,True,True,True,True,True,True,False
6,0,32,EEG GRID 30-Ref,True,0.3447167834817144,0.08411211321070282,0.33773249559620666,0.06447414050140092,0.023928599316251176,1.8218476064136746,True,True,True,True,True,True,True,True,False
6,0,33,EEG GRID 31-Ref,True,0.37716967171989596,0.1001025946991889,0.3670407029560302,0.07982628881530332,0.027291451965679905,1.6499121450321264,True,True,True,True,True,True,True,True,False
6,0,34,EEG GRID 32-Ref,True,0.35332285501179705,0.08278346565866083,0.34845285411919147,0.06100378465521528,0.024308938198544208,1.6320811463814935,True,True,True,True,True,True,True,True,False
6,0,35,EEG GRID 33-Ref,True,0.2109289659497886,0.07863021077949213,0.18359751833508636,0.016501403847791623,0.00961071859979212,1.0812813204688496,True,True,True,True,True,True,True,True,False
6,0,36,EEG GRID 35-Ref,True,0.3409715469852817,0.08890715249233815,0.3296415702750794,0.05922361817617868,0.02052023968742884,1.5657584061874756,True,True,True,True,True,True,True,True,False
6,0,37,EEG GRID 36-Ref,True,0.3617641496595321,0.0844943047022908,0.35336365529835684,0.06470824675377257,0.011682225340346786,1.6627298476864063,True,True,True,True,True,True,True,True,False
6,0,38,EEG GRID 37-Ref,False,0.35539815744340986,0.10678129000192504,0.3461556148514372,0.08154849499148577,0.02987918957817365,2.003523604233477,True,True,True,True,True,True,False,False,False
6,0,39,EEG GRID 38-Ref,False,0.32277649168708733,0.10552409313286959,0.3126497337928507,0.08567475054269279,0.03290365135990944,2.0583307906776778,True,True,True,True,True,True,False,False,False
6,0,40,EEG GRID 39-Ref,True,0.38419453243624074,0.09559304874542611,0.37701341617877543,0.08138603605952384,0.00493100371399467,1.8209174909932944,True,True,True,True,True,True,True,True,False
6,0,41,EEG GRID 40-Ref,False,0.3669653315399314,0.0910319919701586,0.3630240078056489,0.08054210391355758,0.017397674970297355,2.112410938201518,True,True,True,True,True,True,False,False,False
6,0,42,EEG GRID 41-Ref,True,0.21936373603480439,0.10020796917477118,0.19076157737696456,0.04978941945116953,0.012258779559501208,1.2898580403206934,True,True,True,True,True,True,True,True,False
6,0,43,EEG GRID 42-Ref,True,0.3320238712035565,0.07433204192094713,0.3176091872387123,0.03221544290948722,0.009546345898812515,1.2825352591933885,True,True,True,True,True,True,True,True,False
6,0,44,EEG GRID 43-Ref,True,0.35886918724434286,0.08115731959589503,0.3433743062961295,0.032838874635817285,0.0074572705581211355,1.3147654160312152,True,True,True,True,True,True,True,True,False
6,0,45,EEG GRID 44-Ref,True,0.35872802950905813,0.07746199746118358,0.3448659478261195,0.02302199167201531,0.012458187361055473,1.292756816921872,True,True,True,True,True,True,True,True,False
6,0,46,EEG GRID 45-Ref,True,0.40706266147723663,0.08917636612088578,0.39458452405595923,0.05984458375109656,0.019136955502362822,1.9384343063584817,True,True,True,True,True,True,True,True,False
6,0,47,EEG GRID 46-Ref,True,0.4256837054318407,0.09346682861124667,0.41758588541467384,0.07595739696296563,0.003166233599621231,2.1531415561089657,True,True,True,True,True,True,False,False,False
6,0,48,EEG GRID 47-Ref,True,0.406449087598166,0.08180308657807121,0.40158605466216124,0.06841008857922198,0.004321203162893623,2.3118479368073817,True,True,True,True,True,True,False,False,False
6,0,49,EEG GRID 48-Ref,False,0.3784227112706764,0.09798280537199096,0.37029742078365174,0.07798026609851937,0.010228260151512758,1.8333748226876203,True,True,True,True,True,True,True,True,False
6,0,50,EEG GRID 49-Ref,True,0.27297540603979203,0.0659684699245485,0.2604208661364713,0.017594485524552235,0.009724570839576415,1.1029266499171564,True,True,True,True,True,True,True,True,False
6,0,51,EEG GRID 50-Ref,True,0.2648827873928011,0.0710920491636572,0.2565002724722384,0.03997627759616421,0.001031509859607209,1.3198538744301602,True,True,True,True,True,True,True,True,False
6,0,52,EEG GRID 51-Ref,True,0.3264112598629628,0.07844517298200733,0.3176023874441801,0.055056815759077865,0.022584735623059054,1.540619824087645,True,True,True,True,True,True,True,True,False
6,0,53,EEG GRID 52-Ref,True,0.31234557336169827,0.076616098274467,0.306313728713499,0.06128157783261092,0.017278998036739924,1.553364094974093,True,True,True,True,True,True,True,True,False
6,0,54,EEG GRID 53-Ref,True,0.3242735606386519,0.07808945260369302,0.3074060958857984,0.02522085994702474,0.022352147337728345,1.2772184459054097,True,True,True,True,True,True,True,True,False
6,0,55,EEG GRID 54-Ref,True,0.40956203942774294,0.07964850854967234,0.39802294488955425,0.05548364827363997,0.010332464910388571,2.0079988154829613,True,True,True,True,True,True,False,False,False
6,0,56,EEG GRID 55-Ref,True,0.37363178346761056,0.07883310163810359,0.3665734197240749,0.06327352397608163,0.0035817156737454857,2.2131420902563916,True,True,True,True,True,True,False,False,False
6,0,57,EEG GRID 56-Ref,True,0.37472804016046285,0.08699849341810766,0.3599802682257604,0.02885629791159521,0.019146432462375868,1.30909289114209,True,True,True,True,True,True,True,True,False
6,0,58,EEG GRID 57-Ref,True,0.30966772388904146,0.08816036552854085,0.2957652219503761,0.042588637677487454,0.0007981418228578238,1.2397647443510633,True,True,True,True,True,True,True,True,False
6,0,59,EEG GRID 58-Ref,True,0.3216117901270132,0.07315560767870072,0.3094453591861498,0.018706134661144836,0.013715445988529333,1.0677781324370974,True,True,True,True,True,True,True,True,False
6,0,60,EEG GRID 59-Ref,True,0.2990016260999299,0.09051103519323239,0.28121670112310004,0.04956583414387598,0.03203419252405964,1.2329750406042315,True,True,True,True,True,True,True,True,False
6,0,61,EEG GRID 60-Ref,True,0.35616873938209026,0.08239380367310793,0.3489337604254274,0.05999431325788565,0.00949215130812378,1.5096428348098965,True,True,True,True,True,True,True,True,False
6,0,62,EEG GRID 61-Ref,False,0.30177555245087556,0.11393685880413973,0.2913879899954137,0.093270298389984,0.006913562486018602,1.73527415563533,True,True,True,True,True,True,True,True,False
6,0,63,EEG GRID 62-Ref,True,0.33283149837080683,0.09981065394075946,0.3200959864392309,0.06383793568516377,0.037798537346097366,1.4656949688454453,True,True,True,True,True,True,True,True,False
6,0,64,EEG GRID 63-Ref,False,0.292412106281982,0.08663882977194699,0.2819550439608247,0.05992703440350169,0.021160498852166122,1.7271011866036425,True,True,True,True,True,True,True,True,False
6,0,65,EEG GRID 64-Ref,True,0.3176403503175758,0.07213626007125051,0.3096521260398405,0.05139770862103763,0.01346365124273781,1.6959083419502097,True,True,True,True,True,True,True,True,False
6,0,66,EEG LA 01-Ref,True,0.3175978554689179,0.07713648100647849,0.29553898195995254,0.03504953658841012,0.0024924484298153894,1.215432068878696,True,True,True,True,True,True,True,True,False
6,0,67,EEG LA 02-Ref,True,0.33508789379221937,0.08910019101354492,0.31860068905383876,0.059701905232370886,0.007000133624124117,1.400521551369356,True,True,True,True,True,True,True,True,False
6,0,68,EEG LA 03-Ref,True,0.3648179443267833,0.08835532885384893,0.3501634913298331,0.061121254882915664,0.0105224010011105,1.5211339438068283,True,True,True,True,True,True,True,True,False
6,0,69,EEG LA 04-Ref,True,0.3666962294134609,0.08458838057001819,0.3499553948296275,0.05050776924407948,0.021398615483779877,1.3952519517537667,True,True,True,True,True,True,True,True,False
6,0,70,EEG LFP 01-Ref,True,0.37311065775553554,0.15583112205800145,0.36852621410273756,0.14772110075262715,0.0256949924490518,2.8930198297157723,True,True,True,True,True,True,False,False,False
6,0,71,EEG LFP 02-Ref,True,0.38825777411085294,0.1408746619947885,0.3814800927783047,0.1287604780843301,0.019027875939903734,2.292999016761577,True,True,True,True,True,True,False,False,False
6,0,72,EEG LFP 03-Ref,True,0.3437116851947906,0.11952721739208956,0.3386496747175979,0.10948095410262815,0.0030347773702051168,2.447596163213618,True,True,True,True,True,True,False,False,False
6,0,73,EEG LFP 04-Ref,True,0.39509017528821355,0.1938093935454664,0.3881157932167347,0.18555204896155925,0.014211992507647972,3.0143193582739563,True,True,True,True,True,True,False,False,False
6,0,74,EEG LFP 05-Ref,True,0.4095173641269128,0.18159328473454245,0.4022025908830836,0.17281588958107008,0.019274624837556223,3.013304842667872,True,True,True,True,True,True,False,False,False
6,0,75,EEG LFP 06-Ref,True,0.35522156734040045,0.128738608521751,0.34841197820438397,0.11760651461398337,0.004764104487833068,2.2000306510817875,True,True,True,True,True,True,False,False,False
6,0,76,EEG LH 01-Ref,True,0.37661635074155064,0.07626297297822013,0.3621196472700678,0.0494388345744851,0.004769261746513675,1.433219416778122,True,True,True,True,True,True,True,True,False
6,0,77,EEG LH 02-Ref,True,0.40024501395267176,0.08688625937833178,0.385255494979463,0.06210736537915716,0.02291194362084411,1.5287057568208022,True,True,True,True,True,True,True,True,False
6,0,78,EEG LH 03-Ref,True,0.39834242402868286,0.08436704973386396,0.3851511733551439,0.06136994570181475,0.019829959698408305,1.6386166610630817,True,True,True,True,True,True,True,True,False
6,0,79,EEG LH 04-Ref,True,0.335304395651571,0.07202644877561754,0.32041948971687506,0.0395606193810705,0.014945114200368386,1.34620455899614,True,True,True,True,True,True,True,True,False
6,0,80,EEG MST 03-Ref,True,0.35298014759076446,0.10986444776711497,0.3475341942896176,0.09812226204055408,0.011915031673978524,2.0464732986461827,True,True,True,True,True,True,False,False,False
6,0,81,EEG MST 04-Ref,False,0.28724200433250424,0.10219426076742215,0.27635115536610844,0.08069742583264222,0.018853805882497406,1.8780002512139047,True,True,True,True,True,True,True,True,False
6,0,82,EEG OF 01-Ref,True,0.4319272303725429,0.21478887179344058,0.42561471032635684,0.2067651054878975,0.013487314454659952,3.382622484004561,True,True,True,True,True,True,False,False,False
6,0,83,EEG OF 02-Ref,True,0.45343942663804854,0.2278338158161932,0.4475087397137732,0.2203447725317664,0.01608594785189029,3.597775478244548,True,True,True,True,True,True,False,False,False
6,0,84,EEG OF 03-Ref,True,0.45712098779762866,0.22668876955149114,0.45099208444126654,0.2186837565731416,0.01726835946914256,3.505179688909743,True,True,True,True,True,True,False,False,False
6,0,85,EEG OF 04-Ref,True,0.44044868817803917,0.2067645576736357,0.43453827267649947,0.1983296749580297,0.018161193525507924,3.222017450511948,True,True,True,True,True,True,False,False,False
6,0,86,EEG OF 05-Ref,True,0.39165098301978307,0.15846096092718345,0.38581179414152855,0.14765257265197124,0.014251548845612302,2.5178536406627345,True,True,True,True,True,True,False,False,False
6,0,87,EEG OF 06-Ref,True,0.3739061757822156,0.15121350497206887,0.3643460703188506,0.13250033466283803,0.0043333929591784105,1.9818899622786872,True,True,True,True,True,True,True,True,False
6,0,88,EEG OF 07-Ref,True,0.3588041533265945,0.11957591448879047,0.35129230411010187,0.10038803477933998,0.003444209456761204,1.9126822075495133,True,True,True,True,True,True,True,True,False
6,0,89,EEG OF 08-Ref,True,0.34930964802060105,0.13781144452259714,0.34171290905670815,0.11978872739174949,0.038184047205861514,2.084471540844957,True,True,True,True,True,True,False,False,False
6,0,90,EEG PPO 03-Ref,False,0.1665683070595389,0.08972878247123577,0.13944372888401657,0.02349642747750131,0.023193812538479127,1.0215634895296082,True,True,True,True,True,True,True,True,False
6,0,91,EEG PPO 04-Ref,True,0.3331043599364669,0.09126754376167145,0.32361102531762803,0.06274405439948066,0.004868764640393087,1.5339488171886073,True,True,True,True,True,True,True,True,False
6,0,92,EEG PPO 05-Ref,False,0.3429148250109344,0.13035980731924737,0.33382534933110375,0.10994082292913673,0.01038240648714872,1.8388661867962661,True,True,True,True,True,True,True,True,False
6,0,93,EEG PPO 06-Ref,False,0.27022783021396574,0.11626714087411129,0.26387707984147013,0.10634757819841408,0.010606651197678015,2.2639527159042094,True,True,True,True,True,True,False,False,False
6,0,94,EEG PST 03-Ref,False,0.3799658557751322,0.12113492847998758,0.37419678440819626,0.10948528273608558,0.015616402285622633,2.440033216737061,True,True,True,True,True,True,False,False,False
6,0,95,EEG PST 04-Ref,False,0.36328660650069144,0.11409782427543075,0.35574808670510877,0.09877752441049145,0.019212096266877983,2.2436146910041015,True,True,True,True,True,True,False,False,False
6,1,0,EEG AST 01-Ref,True,0.33510823264077993,0.08833508132194726,0.32974263079875965,0.07769809507087815,0.00590086148897765,2.1265790469043075,True,True,True,True,True,True,False,False,False
6,1,1,EEG AST 02-Ref,True,0.37183241254721755,0.08592182846411434,0.36498718199305746,0.07480438736025484,0.00878336818423391,2.0940559454302936,True,True,True,True,True,True,False,False,False
6,1,2,EEG AST 03-Ref,True,0.3886696193093666,0.0462733686343002,0.3817136273695204,0.027075765127627573,0.014228331113428071,1.4241533876177788,True,True,True,True,True,True,True,True,False
6,1,3,EEG AST 04-Ref,True,0.3621753677747334,0.06498652500487034,0.350418569150069,0.04092292107849513,0.01007250547456074,1.489239531186661,True,True,True,True,True,True,True,True,False
6,1,4,EEG GRID 01-Ref,False,0.24097890053697035,0.08241864020097953,0.23186437943387103,0.06865087241102695,0.0055686022512251646,1.7836552388384799,True,True,True,True,True,True,True,True,False
6,1,5,EEG GRID 02-Ref,True,0.3357661359497339,0.1116508102813487,0.330163732376112,0.10139639983254614,0.022007511811083187,2.2009279854827533,True,True,True,True,True,True,False,False,False
6,1,6,EEG GRID 03-Ref,True,0.3242472512953632,0.12964127107816753,0.3193756307355851,0.11976921082413067,0.03086145997658117,2.1970917206850187,True,True,True,True,True,True,False,False,False
6,1,7,EEG GRID 04-Ref,True,0.2837315560098577,0.0786214899467999,0.2786270378439239,0.0648384564653424,0.010674580990536501,1.79996189261537,True,True,True,True,True,True,True,True,False
6,1,8,EEG GRID 05-Ref,True,0.3386460426866281,0.07294800421114563,0.3349003568783786,0.060319240424112235,0.0009275233855731943,1.8304205094743977,True,True,True,True,True,True,True,True,False
6,1,9,EEG GRID 06-Ref,False,0.2543410827447493,0.09112828773614522,0.24766966529068,0.07218271007881924,0.001036074338422251,1.6014845922409493,True,True,True,True,True,True,True,True,False
6,1,10,EEG GRID 07-Ref,True,0.34832534537839516,0.09705946304043336,0.34014272878709045,0.08160733027472118,0.03054512899175307,1.8014998359468455,True,True,True,True,True,True,True,True,False
6,1,11,EEG GRID 08-Ref,False,0.33467654903621613,0.13919457668299814,0.32652978668058313,0.1212922653514681,0.014816079829834615,1.7259470618226795,True,True,True,True,True,True,True,True,False
6,1,12,EEG GRID 09-Ref,True,0.35796376929827284,0.10437525335817656,0.34796009196101146,0.08675512586533884,0.01800398503498865,1.8070678262895656,True,True,True,True,True,True,True,True,False
6,1,13,EEG GRID 10-Ref,True,0.32855550868270744,0.10128400569861651,0.3206965021081588,0.0839190264633986,0.008083783708981992,1.9142316471447607,True,True,True,True,True,True,True,True,False
6,1,14,EEG GRID 11-Ref,True,0.28135236234688743,0.1127619336322684,0.27449809995855273,0.09410006351189436,0.002841082262446309,1.8962323844718783,True,True,True,True,True,True,True,True,False
6,1,15,EEG GRID 12-Ref,True,0.32826720929594433,0.10767346326540045,0.32272439051017304,0.0949307939972989,0.009321997298081808,2.004654240434347,True,True,True,True,True,True,False,False,False
6,1,16,EEG GRID 13-Ref,True,0.31265773603897623,0.08452253148775833,0.30891568477414977,0.07222437174035135,0.003631621819421664,1.8617090374116314,True,True,True,True,True,True,True,True,False
6,1,17,EEG GRID 14-Ref,True,0.3091954090187557,0.09262989657383354,0.30289717761624607,0.0780574886719899,0.013273949522974794,1.7243226903405167,True,True,True,True,True,True,True,True,False
6,1,18,EEG GRID 15-Ref,True,0.3305246884379315,0.10201108240824576,0.3247871230839368,0.08589051576728922,0.01731984908047339,1.7172139924883532,True,True,True,True,True,True,True,True,False
6,1,19,EEG GRID 16-Ref,False,0.287423279713141,0.1293037715163789,0.2770841784901296,0.10699801755387767,0.014606587043365211,1.5785013175956517,True,True,True,True,True,True,True,True,False
6,1,20,EEG GRID 17-Ref,True,0.3170284922763881,0.08210002044809217,0.3089293749383491,0.050290102909739114,0.010749834884097996,1.3990625126563447,True,True,True,True,True,True,True,True,False
6,1,21,EEG GRID 18-Ref,True,0.3576415028421515,0.0804468784004249,0.351033390250051,0.052880133547318714,0.01619655871279202,1.5212299065168742,True,True,True,True,True,True,True,True,False
6,1,22,EEG GRID 19-Ref,False,0.30150067704428873,0.07463041042746818,0.2942603918924965,0.05436645630799075,0.02086510138295701,1.62129798054627,True,True,True,True,True,True,True,True,False
6,1,23,EEG GRID 21-Ref,True,0.3032380711366007,0.12306901648335525,0.2943149175339978,0.10947998116808035,0.022746374267926424,1.8597369639371386,True,True,True,True,True,True,True,True,False
6,1,24,EEG GRID 22-Ref,False,0.2358238444718491,0.09384166654104048,0.22332790293422333,0.06556530514213964,0.020212970798712253,1.6205229926444307,True,True,True,True,True,True,True,True,False
6,1,25,EEG GRID 23-Ref,True,0.3288231692611704,0.09319713995230439,0.3188932244146227,0.07037009542474522,0.015753359264684675,1.5544754905432252,True,True,True,True,True,True,True,True,False
6,1,26,EEG GRID 24-Ref,True,0.2918853703581142,0.09236135050426612,0.2749717895627614,0.04621400205180848,0.03029392988943084,1.165283130941691,True,True,True,True,True,True,True,True,False
6,1,27,EEG GRID 25-Ref,False,0.24213129555720866,0.09782408166799131,0.23125652727805707,0.06995004439009299,0.008712402973452615,1.4499629000417023,True,True,True,True,True,True,True,True,False
6,1,28,EEG GRID 26-Ref,True,0.2905539067516001,0.08665951375458832,0.2805161862925707,0.05356034788854919,3.896522696330803e-05,1.2957190717432217,True,True,True,True,True,True,True,True,False
6,1,29,EEG GRID 27-Ref,True,0.28827453804842584,0.09818952462420417,0.2790514108106248,0.07271044736465751,0.010382718634092646,1.3947992876625357,True,True,True,True,True,True,True,True,False
6,1,30,EEG GRID 28-Ref,False,0.2869868766404874,0.12516526486135557,0.28058057486288857,0.11438555845314109,0.0209817760646988,2.2025880088190544,True,True,True,True,True,True,False,False,False
6,1,31,EEG GRID 29-Ref,True,0.36600637227954147,0.07414994985270974,0.36098085530370205,0.05249911256939249,0.0026315470594014366,1.621725955341587,True,True,True,True,True,True,True,True,False
6,1,32,EEG GRID 30-Ref,True,0.3610329107395507,0.09009272381316615,0.35405502668187727,0.07122162777161248,0.024229704502030863,1.9027770577344805,True,True,True,True,True,True,True,True,False
6,1,33,EEG GRID 31-Ref,True,0.3612702618598959,0.10822101466227263,0.3499796148073817,0.08908318051447572,0.027467359110876714,1.722867562870368,True,True,True,True,True,True,True,True,False
6,1,34,EEG GRID 32-Ref,True,0.36063912059825987,0.08359451729390821,0.3557611378391528,0.06155415448678169,0.02455763350880095,1.641569563581306,True,True,True,True,True,True,True,True,False
6,1,35,EEG GRID 33-Ref,True,0.21655242733557556,0.07923841729076601,0.19470968280088893,0.01811080691604477,0.009337066561970211,1.095735488302512,True,True,True,True,True,True,True,True,False
6,1,36,EEG GRID 35-Ref,True,0.3165126314338108,0.08833725888555272,0.30300759083454726,0.05842888617346129,0.02068496285327088,1.5465940633289958,True,True,True,True,True,True,True,True,False
6,1,37,EEG GRID 36-Ref,True,0.32368341834090203,0.08077770578966688,0.3147957279489191,0.05943586609608408,0.01165724384546649,1.620706199609395,True,True,True,True,True,True,True,True,False
6,1,38,EEG GRID 37-Ref,False,0.33819763188241775,0.10508165480332597,0.3293661062900484,0.07808505171305728,0.02990556703262129,1.9707210265813604,True,True,True,True,True,True,True,True,False
6,1,39,EEG GRID 38-Ref,False,0.2957242880059112,0.10067816078950291,0.284483837493,0.08010559673056133,0.03287408789886847,1.9926707861159367,True,True,True,True,True,True,True,True,False
6,1,40,EEG GRID 39-Ref,True,0.3489293574468641,0.10221707448774808,0.34067543731108674,0.08796178949005558,0.004874586178436111,1.8876633090502297,True,True,True,True,True,True,True,True,False
6,1,41,EEG GRID 40-Ref,False,0.36730750316881877,0.09076733101405807,0.3638169624741887,0.07976819155568234,0.017363321786418147,2.0948127542497357,True,True,True,True,True,True,False,False,False
6,1,42,EEG GRID 41-Ref,True,0.22586672476630912,0.10058216020383066,0.199595651980809,0.049001550689365424,0.011904260964473752,1.2929688818379366,True,True,True,True,True,True,True,True,False
6,1,43,EEG GRID 42-Ref,True,0.33073376901448326,0.07550650038381151,0.31740721427890606,0.03695934141846185,0.009099467932886268,1.3034447584304083,True,True,True,True,True,True,True,True,False
6,1,44,EEG GRID 43-Ref,True,0.34483826668375733,0.08223269375154993,0.32946261537309096,0.035685227557353316,0.007043897065272441,1.3239196378476359,True,True,True,True,True,True,True,True,False
6,1,45,EEG GRID 44-Ref,True,0.3447692494429259,0.07898196908803663,0.33042273276697703,0.022533948573030486,0.012263964564215352,1.2851117584996499,True,True,True,True,True,True,True,True,False
6,1,46,EEG GRID 45-Ref,True,0.39532963997050513,0.08953534994331581,0.38359745356637276,0.05993187234790014,0.018900657342257418,1.9294881881660766,True,True,True,True,True,True,True,True,False
6,1,47,EEG GRID 46-Ref,True,0.41269574495653927,0.09433816411903713,0.40410402213751556,0.07494796961399115,0.0030765282320370057,2.1524999436472734,True,True,True,True,True,True,False,False,False
6,1,48,EEG GRID 47-Ref,True,0.3930091667109051,0.08391087045753703,0.38813563717061644,0.07048875417421929,0.004179752250484546,2.332917535846365,True,True,True,True,True,True,False,False,False
6,1,49,EEG GRID 48-Ref,False,0.37333910870126463,0.09541783672480837,0.36653348240789235,0.07447246964596546,0.010130060674769526,1.8052981140446167,True,True,True,True,True,True,True,True,False
6,1,50,EEG GRID 49-Ref,True,0.27433008021180194,0.06309951110873442,0.2612047992060125,0.014230954494201503,0.009314416427584942,1.069579584748024,True,True,True,True,True,True,True,True,False
6,1,51,EEG GRID 50-Ref,True,0.26150603097826103,0.07019047792348329,0.2533344706747383,0.039617404885498475,0.0014982451125891351,1.3190194655346978,True,True,True,True,True,True,True,True,False
6,1,52,EEG GRID 51-Ref,True,0.3296242035838504,0.08151763293683503,0.3222979138915842,0.06054505495908359,0.02247079994435605,1.605586685843159,True,True,True,True,True,True,True,True,False
6,1,53,EEG GRID 52-Ref,True,0.30829446005835254,0.07969975924694339,0.3022987197028573,0.06483098120102639,0.01691907119405867,1.592879047101945,True,True,True,True,True,True,True,True,False
6,1,54,EEG GRID 53-Ref,True,0.3220106064412989,0.07890462924034476,0.3042867225397209,0.02539148173390433,0.022399098200484312,1.2760014421717678,True,True,True,True,True,True,True,True,False
6,1,55,EEG GRID 54-Ref,True,0.4010723124960646,0.0800521235686021,0.3893317098536651,0.05452274107025907,0.01047603999262347,1.999705635748154,True,True,True,True,True,True,True,True,False
6,1,56,EEG GRID 55-Ref,True,0.37219397661834924,0.07989438727482721,0.3652104911500313,0.06352063243486905,0.0035656156039829815,2.2207800134631657,True,True,True,True,True,True,False,False,False
6,1,57,EEG GRID 56-Ref,True,0.37202332200743904,0.08727891852042437,0.35773759633121366,0.028882031144190575,0.0189237130642889,1.3123580192291393,True,True,True,True,True,True,True,True,False
6,1,58,EEG GRID 57-Ref,True,0.31445063072369217,0.08989579000695397,0.30067051206341294,0.043228937300882175,0.0012861898282193985,1.2247374627072403,True,True,True,True,True,True,True,True,False
6,1,59,EEG GRID 58-Ref,True,0.31947543374600496,0.07406530801922752,0.3072423019057246,0.018473839708387698,0.014147760557628276,1.046417804565304,True,True,True,True,True,True,True,True,False
6,1,60,EEG GRID 59-Ref,True,0.30023716948891954,0.09398754668009764,0.2822516824946973,0.05436142776588231,0.03195394026833496,1.26857400854592,True,True,True,True,True,True,True,True,False
6,1,61,EEG GRID 60-Ref,True,0.3451234088353175,0.08487951919299963,0.33845464959519,0.06116784298274955,0.01017148387564205,1.5089499834705695,True,True,True,True,True,True,True,True,False
6,1,62,EEG GRID 61-Ref,False,0.294125507672215,0.11035542869054424,0.2857778475396499,0.08818913367884154,0.007358560768650383,1.6830215387832295,True,True,True,True,True,True,True,True,False
6,1,63,EEG GRID 62-Ref,True,0.32373522966496965,0.097607723526658,0.31084515005829716,0.05647075499367384,0.038544627716660555,1.4123938835760421,True,True,True,True,True,True,True,True,False
6,1,64,EEG GRID 63-Ref,False,0.29634111749452785,0.0882832662008191,0.2843074701187105,0.06153869358653457,0.021196415619223676,1.724956291526321,True,True,True,True,True,True,True,True,False
6,1,65,EEG GRID 64-Ref,True,0.3129811994315829,0.07196499128036679,0.3059353237905003,0.051681870938649656,0.013218608054916004,1.7081123082884655,True,True,True,True,True,True,True,True,False
6,1,66,EEG LA 01-Ref,True,0.308858254268245,0.08019197412181366,0.28873748026537466,0.0447911609144651,0.0023187836768168357,1.2705864550479047,True,True,True,True,True,True,True,True,False
6,1,67,EEG LA 02-Ref,True,0.33739844214264103,0.09558582804728623,0.3228712902613726,0.06858168027065013,0.006686098137233357,1.4611766487892293,True,True,True,True,True,True,True,True,False
6,1,68,EEG LA 03-Ref,True,0.38318558584502616,0.09290074968592073,0.37004849219769065,0.06755467501129281,0.010892182478958944,1.5638490775340186,True,True,True,True,True,True,True,True,False
6,1,69,EEG LA 04-Ref,True,0.3856103404601223,0.08916116592310316,0.37072430829481146,0.05736424992733752,0.02161324167930686,1.4348720209638612,True,True,True,True,True,True,True,True,False
6,1,70,EEG LFP 01-Ref,True,0.3673425807556665,0.15456645041338282,0.36283166280631984,0.1464182324997885,0.025666394334377427,2.8742218104350465,True,True,True,True,True,True,False,False,False
6,1,71,EEG LFP 02-Ref,True,0.38363026264392414,0.14017879090877472,0.37710589370093817,0.1276331977912821,0.018990630671146643,2.277923286294339,True,True,True,True,True,True,False,False,False
6,1,72,EEG LFP 03-Ref,True,0.3421345863705068,0.12042936622991536,0.3369981938249615,0.1098755883088064,0.0027566458340690307,2.4312674374329313,True,True,True,True,True,True,False,False,False
6,1,73,EEG LFP 04-Ref,True,0.39584914013711814,0.1953380101523953,0.3882020788369191,0.18579326853381206,0.014131040101289006,3.007550382545709,True,True,True,True,True,True,False,False,False
6,1,74,EEG LFP 05-Ref,True,0.40998083074274144,0.18119327014684117,0.4026942943988548,0.17176940292732934,0.01879853894176741,2.9929602446574783,True,True,True,True,True,True,False,False,False
6,1,75,EEG LFP 06-Ref,True,0.3659115048694935,0.1269883713744272,0.3597820417135449,0.11449326739563026,0.0038254319349292345,2.169844029492739,True,True,True,True,True,True,False,False,False
6,1,76,EEG LH 01-Ref,True,0.3814207756778615,0.08131560141073862,0.3688388569364503,0.05883842928673258,0.0050309660053698465,1.5102565956420573,True,True,True,True,True,True,True,True,False
6,1,77,EEG LH 02-Ref,True,0.42234832833237923,0.09415744857891876,0.40911557257569764,0.0706211766946512,0.023265200317264974,1.5946525604658144,True,True,True,True,True,True,True,True,False
6,1,78,EEG LH 03-Ref,True,0.42180713349224114,0.09000046420635796,0.4092135318734231,0.06819513690596517,0.02018765635956475,1.6879292327128725,True,True,True,True,True,True,True,True,False
6,1,79,EEG LH 04-Ref,True,0.35097475705669823,0.07353913311284369,0.33521415529887627,0.043216760131445105,0.015380241385120104,1.3777661959800513,True,True,True,True,True,True,True,True,False
6,1,80,EEG MST 03-Ref,True,0.33628160546944946,0.1074934908458486,0.32972900725306536,0.09488012559583313,0.012253675408500869,2.0264584789594826,True,True,True,True,True,True,False,False,False
6,1,81,EEG MST 04-Ref,False,0.27605880079581474,0.10618033070175541,0.2644488136966569,0.08611676979751458,0.019141908363524134,1.9256533199983876,True,True,True,True,True,True,True,True,False
6,1,82,EEG OF 01-Ref,True,0.42524995326264564,0.20244022419602872,0.41916950549025567,0.19423318625769065,0.013192746597754438,3.231398505290934,True,True,True,True,True,True,False,False,False
6,1,83,EEG OF 02-Ref,True,0.445548646067429,0.21373069571699718,0.4399999146171373,0.206175434416168,0.01580179792035374,3.4230255425544014,True,True,True,True,True,True,False,False,False
6,1,84,EEG OF 03-Ref,True,0.44620733189021344,0.21253741863508108,0.4402064529150884,0.20439945723856529,0.01703967982932204,3.332066511405861,True,True,True,True,True,True,False,False,False
6,1,85,EEG OF 04-Ref,True,0.42655800242038705,0.19357014809422152,0.4204782177103673,0.18497641777660664,0.017937784714135603,3.0637068085356085,True,True,True,True,True,True,False,False,False
6,1,86,EEG OF 05-Ref,True,0.3735411087809861,0.14830037086937742,0.3671650863343616,0.13714977437797654,0.014081419023513411,2.401379016924914,True,True,True,True,True,True,False,False,False
6,1,87,EEG OF 06-Ref,True,0.35106101504632325,0.14563368930292905,0.34156638796443844,0.12565558100881755,0.00424390098744548,1.9339605139709786,True,True,True,True,True,True,True,True,False
6,1,88,EEG OF 07-Ref,True,0.33889536373578816,0.11897871114505283,0.3306913550911945,0.09990788049730269,0.0034579627922283938,1.9067779900396027,True,True,True,True,True,True,True,True,False
6,1,89,EEG OF 08-Ref,True,0.3474133306089843,0.14547787702434858,0.34060594272243105,0.12857883200131398,0.037718529491046496,2.155525605995317,True,True,True,True,True,True,False,False,False
6,1,90,EEG PPO 03-Ref,False,0.1718603070269666,0.08802937331840653,0.14955349621474698,0.023674236766962044,0.023244793530234203,1.043591808752237,True,True,True,True,True,True,True,True,False
6,1,91,EEG PPO 04-Ref,True,0.3366489186330691,0.09279219874911096,0.3282871138615827,0.06576934570637817,0.004792612526797238,1.5524498743934265,True,True,True,True,True,True,True,True,False
6,1,92,EEG PPO 05-Ref,False,0.34103268458333763,0.132085221992207,0.3318106166048095,0.11103457782041332,0.010371340788189059,1.8613599841276505,True,True,True,True,True,True,True,True,False
6,1,93,EEG PPO 06-Ref,False,0.2580012286401246,0.1137337874254545,0.25288524776466054,0.10428016371304048,0.010862471693809796,2.256618822698656,True,True,True,True,True,True,False,False,False
6,1,94,EEG PST 03-Ref,False,0.36265522063452366,0.11999170127031097,0.3567783522579435,0.10844814010218654,0.016057947623933075,2.4353979930079075,True,True,True,True,True,True,False,False,False
6,1,95,EEG PST 04-Ref,False,0.3516358732217047,0.11209422977233091,0.3437218560970054,0.09689575049384339,0.019675662985044574,2.235008306024297,True,True,True,True,True,True,False,False,False
6,2,0,EEG AST 01-Ref,True,0.34648638323540976,0.08834734662989722,0.3405761374557479,0.07756876088039188,0.006335329758399436,2.122118751911342,True,True,True,True,True,True,False,False,False
6,2,1,EEG AST 02-Ref,True,0.3881428508096127,0.08528297473397461,0.38049112145458186,0.07392248339543991,0.00912360921327275,2.093829889520269,True,True,True,True,True,True,False,False,False
6,2,2,EEG AST 03-Ref,True,0.39333827120369214,0.045505590932712316,0.38583105429309195,0.02726249410649687,0.014480004263308697,1.4150180174139773,True,True,True,True,True,True,True,True,False
6,2,3,EEG AST 04-Ref,True,0.3555079185177136,0.06250675346461192,0.3428206433375286,0.037685849087333294,0.010043698563862766,1.4549398919862553,True,True,True,True,True,True,True,True,False
6,2,4,EEG GRID 01-Ref,False,0.2289795521966645,0.08130241150072463,0.21859714543505962,0.06684114102874227,0.005964594483773859,1.7619473288673162,True,True,True,True,True,True,True,True,False
6,2,5,EEG GRID 02-Ref,True,0.35604149727711776,0.1119905736473867,0.34925977948073633,0.10193460395277318,0.0222753157192047,2.200806558877648,True,True,True,True,True,True,False,False,False
6,2,6,EEG GRID 03-Ref,True,0.3612122897498478,0.1333029945636622,0.356199349024141,0.123601932732448,0.030526206947094146,2.2166489185582385,True,True,True,True,True,True,False,False,False
6,2,7,EEG GRID 04-Ref,True,0.29891668839376234,0.08015753382742158,0.29356949327667253,0.06671504024014237,0.010099035069382341,1.813780330791842,True,True,True,True,True,True,True,True,False
6,2,8,EEG GRID 05-Ref,True,0.35663277545340827,0.07422072450512293,0.35283962437949684,0.06258512079628284,0.0014748791129416889,1.86236434015653,True,True,True,True,True,True,True,True,False
6,2,9,EEG GRID 06-Ref,False,0.26039108156111784,0.09162876114487586,0.252999443982746,0.07205015813530924,0.0007097573255083544,1.595639004578919,True,True,True,True,True,True,True,True,False
6,2,10,EEG GRID 07-Ref,True,0.3570067232104965,0.09456961336040154,0.3503397726007762,0.07871168124170638,0.03072106827854126,1.7799599640012371,True,True,True,True,True,True,True,True,False
6,2,11,EEG GRID 08-Ref,False,0.33737448842906614,0.12951856400103284,0.33009648322022733,0.11026529709049074,0.015048110025686194,1.6591806033446337,True,True,True,True,True,True,True,True,False
6,2,12,EEG GRID 09-Ref,True,0.3512137288848346,0.10575733575379805,0.3413110475724169,0.08783344127314066,0.018455512893840564,1.8012138165537026,True,True,True,True,True,True,True,True,False
6,2,13,EEG GRID 10-Ref,True,0.3638983623405752,0.10848422571058917,0.35673796615128284,0.09222661880522247,0.007981344527632054,1.9910843646277618,True,True,True,True,True,True,True,True,False
6,2,14,EEG GRID 11-Ref,True,0.28803855358726566,0.11573360281923574,0.28048553324242653,0.09609336286169276,0.002480259065133248,1.9060853276215814,True,True,True,True,True,True,True,True,False
6,2,15,EEG GRID 12-Ref,True,0.3712496457059748,0.11025284586257114,0.36568440523419665,0.0973626990264025,0.00885900550236122,2.015857242302172,True,True,True,True,True,True,False,False,False
6,2,16,EEG GRID 13-Ref,True,0.3470922365552065,0.08328290685682406,0.3430258789590817,0.07052846143055,0.003983433120051951,1.8252671896853236,True,True,True,True,True,True,True,True,False
6,2,17,EEG GRID 14-Ref,True,0.32321196404025476,0.09204040419824125,0.31693331471370595,0.07757112576466967,0.013086625702584287,1.7182825124542096,True,True,True,True,True,True,True,True,False
6,2,18,EEG GRID 15-Ref,True,0.34274726643487635,0.09842436229061495,0.3367181637097947,0.08027532211886973,0.017508636446109574,1.6636028460916217,True,True,True,True,True,True,True,True,False
6,2,19,EEG GRID 16-Ref,False,0.299566366929983,0.12390540537084875,0.28891964598744324,0.09818698123516163,0.014569069531358753,1.5103768106480993,True,True,True,True,True,True,True,True,False
6,2,20,EEG GRID 17-Ref,True,0.3066789843125841,0.08370774658915969,0.29730668444737185,0.0518406574385068,0.011256075745650223,1.407768395680029,True,True,True,True,True,True,True,True,False
6,2,21,EEG GRID 18-Ref,True,0.37226594237464916,0.0804706915873508,0.36536814449240407,0.05507267346395764,0.01541704403654965,1.540311921464705,True,True,True,True,True,True,True,True,False
6,2,22,EEG GRID 19-Ref,False,0.2831292183472476,0.07474810481923494,0.2753501743901141,0.05516622752138688,0.02037437479157037,1.6249361285289858,True,True,True,True,True,True,True,True,False
6,2,23,EEG GRID 21-Ref,True,0.30869631205739884,0.12138980945033187,0.2991299656247896,0.10616556711114368,0.02282831459586386,1.8229893289871328,True,True,True,True,True,True,True,True,False
6,2,24,EEG GRID 22-Ref,False,0.2547353007267443,0.09585186683683411,0.2416129704639804,0.06806353953071065,0.02007391996878879,1.6352964303473385,True,True,True,True,True,True,True,True,False
6,2,25,EEG GRID 23-Ref,True,0.32570518126727904,0.08552826846097442,0.31494029259767986,0.061431280295373175,0.015879165352408357,1.4864568483983003,True,True,True,True,True,True,True,True,False
6,2,26,EEG GRID 24-Ref,True,0.2905306063525153,0.08884709960337127,0.27348911423383954,0.040445936600999134,0.030344451461069087,1.1150160058685785,True,True,True,True,True,True,True,True,False
6,2,27,EEG GRID 25-Ref,False,0.2307510031585684,0.09729274152134645,0.21906425150141157,0.06892590665611519,0.008505321306526288,1.450499695652483,True,True,True,True,True,True,True,True,False
6,2,28,EEG GRID 26-Ref,True,0.28371543354132944,0.08418922246389564,0.2724559788774034,0.05410927562197082,0.000963120267222744,1.2942776450333868,True,True,True,True,True,True,True,True,False
6,2,29,EEG GRID 27-Ref,True,0.2732431790296105,0.0978196838071693,0.26203048103241844,0.07104769633286485,0.010914420997556292,1.3775587358865315,True,True,True,True,True,True,True,True,False
6,2,30,EEG GRID 28-Ref,False,0.27806704680172656,0.12445082589129491,0.2711557044944767,0.11286518736091318,0.021249956542633612,2.18430288341615,True,True,True,True,True,True,False,False,False
6,2,31,EEG GRID 29-Ref,True,0.36212670887884707,0.07463489980555195,0.3575889949762794,0.05353338003257491,0.0027302885952300918,1.6343706311799204,True,True,True,True,True,True,True,True,False
6,2,32,EEG GRID 30-Ref,True,0.3488437502327584,0.08715309066928714,0.3418046075861155,0.06747293402155904,0.024363656941902137,1.84625247642303,True,True,True,True,True,True,True,True,False
6,2,33,EEG GRID 31-Ref,True,0.3652695119086232,0.10235633414387774,0.3531105084161756,0.08201804049390692,0.027591700965691832,1.654031593025345,True,True,True,True,True,True,True,True,False
6,2,34,EEG GRID 32-Ref,True,0.3559104373814137,0.08263056421763729,0.3506945190009371,0.059768680504032216,0.024804117360790176,1.6141734816801332,True,True,True,True,True,True,True,True,False
6,2,35,EEG GRID 33-Ref,True,0.2205306540527342,0.07668568537521303,0.19464775592677028,0.014469238887734891,0.0090790042388241,1.074567388526534,True,True,True,True,True,True,True,True,False
6,2,36,EEG GRID 35-Ref,True,0.32269474592114994,0.08601946172385164,0.3104983799887086,0.052741772726129184,0.020301334402960357,1.5164808902502322,True,True,True,True,True,True,True,True,False
6,2,37,EEG GRID 36-Ref,True,0.33946405256041134,0.07893654087160282,0.33012414482138186,0.056738477213166646,0.011156030612174623,1.6008846003747315,True,True,True,True,True,True,True,True,False
6,2,38,EEG GRID 37-Ref,False,0.3600745003294549,0.10924841195852307,0.35053371827151564,0.08388958888477223,0.030356666850177624,2.026470222792999,True,True,True,True,True,True,False,False,False
6,2,39,EEG GRID 38-Ref,False,0.31317320368407126,0.10143217663177861,0.30128510649982704,0.08199101447864711,0.03315900259540925,2.020909419729066,True,True,True,True,True,True,False,False,False
6,2,40,EEG GRID 39-Ref,True,0.36845648378939333,0.10154490303354739,0.36040680545515713,0.0869607148465677,0.004991189219980586,1.8546727222025219,True,True,True,True,True,True,True,True,False
6,2,41,EEG GRID 40-Ref,False,0.36018499238493,0.08979877354517485,0.35611226535929086,0.07904578140715693,0.017771940492780233,2.092673663552999,True,True,True,True,True,True,False,False,False
6,2,42,EEG GRID 41-Ref,True,0.23032834137666067,0.09767285144648731,0.20315686450067483,0.045680567056188504,0.011894108154251869,1.260865526654827,True,True,True,True,True,True,True,True,False
6,2,43,EEG GRID 42-Ref,True,0.3320020392779485,0.07504709370574195,0.3175725988231395,0.03606077996246191,0.009458388714019913,1.3049589793879015,True,True,True,True,True,True,True,True,False
6,2,44,EEG GRID 43-Ref,True,0.35565869657169397,0.08271920793947678,0.33860294164943616,0.035350306646013914,0.007541043102599469,1.334971374608707,True,True,True,True,True,True,True,True,False
6,2,45,EEG GRID 44-Ref,True,0.35906370865672327,0.07894729377450473,0.3441467551790803,0.020880006342303904,0.013088392660558636,1.287835773454987,True,True,True,True,True,True,True,True,False
6,2,46,EEG GRID 45-Ref,True,0.4159676051776072,0.09057078550642302,0.4023097891089459,0.06345668019820055,0.019768312843813227,1.9528867460102184,True,True,True,True,True,True,True,True,False
6,2,47,EEG GRID 46-Ref,True,0.41943928103343514,0.09253562682601361,0.4107697295637602,0.07381392065453361,0.003261342521786668,2.1424735773708723,True,True,True,True,True,True,False,False,False
6,2,48,EEG GRID 47-Ref,True,0.3826276264369334,0.08279861725558083,0.3775928541632602,0.06891874277225656,0.004294626228477948,2.3152369245675466,True,True,True,True,True,True,False,False,False
6,2,49,EEG GRID 48-Ref,False,0.34740189771435276,0.09333165128851531,0.338687646582861,0.07131032813524671,0.01035001869675305,1.7776179279843176,True,True,True,True,True,True,True,True,False
6,2,50,EEG GRID 49-Ref,True,0.29624135414854585,0.06525561075387049,0.28251783742257963,0.014690124693492498,0.008699682285943132,1.0859543182263616,True,True,True,True,True,True,True,True,False
6,2,51,EEG GRID 50-Ref,True,0.2759422901377768,0.06944131391401819,0.2682883087538612,0.03825309006464264,0.0015070956997068688,1.3195968455500378,True,True,True,True,True,True,True,True,False
6,2,52,EEG GRID 51-Ref,True,0.35254704723617963,0.08140855892479312,0.3444921707707907,0.058904846825238916,0.022761437983670373,1.5940855348261485,True,True,True,True,True,True,True,True,False
6,2,53,EEG GRID 52-Ref,True,0.32744759942268076,0.07777168495346795,0.3220267173480507,0.06394875897843862,0.01752719269043061,1.5823046597195276,True,True,True,True,True,True,True,True,False
6,2,54,EEG GRID 53-Ref,True,0.34039268989879423,0.07767242215349845,0.32495145188510643,0.028294331886218556,0.023056333791038268,1.2990888001583016,True,True,True,True,True,True,True,True,False
6,2,55,EEG GRID 54-Ref,True,0.40806397214858275,0.07860061942121756,0.39640933043824017,0.05442193139346215,0.01097271622560643,1.991793295179415,True,True,True,True,True,True,True,True,False
6,2,56,EEG GRID 55-Ref,True,0.3594766777725953,0.07528729653407375,0.3514887075097303,0.058035801928104945,0.003974065250184814,2.1728688359444246,True,True,True,True,True,True,False,False,False
6,2,57,EEG GRID 56-Ref,True,0.3422868292451485,0.08738216663161803,0.3257560410704932,0.02521758588327712,0.019507335098341246,1.2908756041848468,True,True,True,True,True,True,True,True,False
6,2,58,EEG GRID 57-Ref,True,0.33767677246255157,0.0881757130302591,0.3229743211768757,0.043568392255464744,0.002048227202071952,1.2358031632844788,True,True,True,True,True,True,True,True,False
6,2,59,EEG GRID 58-Ref,True,0.35030113198109525,0.07563709307154319,0.33721560651242105,0.019848694284338424,0.014881686404192091,1.0679312455812984,True,True,True,True,True,True,True,True,False
6,2,60,EEG GRID 59-Ref,True,0.32364456760910676,0.09034642429830934,0.30742507293999677,0.04843628340494267,0.03268091283393508,1.2455658110251113,True,True,True,True,True,True,True,True,False
6,2,61,EEG GRID 60-Ref,True,0.360060950603127,0.0862065971188929,0.3528333265655705,0.06540399043681032,0.00988002782711709,1.5414813072457116,True,True,True,True,True,True,True,True,False
6,2,62,EEG GRID 61-Ref,False,0.2971714508085588,0.11587363408352697,0.2874632789199767,0.09462176513723837,0.007159057546881994,1.7380433561123994,True,True,True,True,True,True,True,True,False
6,2,63,EEG GRID 62-Ref,True,0.3233204300477797,0.10129999370322798,0.31086609523257636,0.06528848627209358,0.03909019278457882,1.4567370581242933,True,True,True,True,True,True,True,True,False
6,2,64,EEG GRID 63-Ref,False,0.3059221177977848,0.08792574475917672,0.2938717759886781,0.0612113315459008,0.021977144875035395,1.7204158416825355,True,True,True,True,True,True,True,True,False
6,2,65,EEG GRID 64-Ref,True,0.3036064044677629,0.07298952783899694,0.2954779109538105,0.05042895338985817,0.013586254631072598,1.6837198093308527,True,True,True,True,True,True,True,True,False
6,2,66,EEG LA 01-Ref,True,0.3240713197367326,0.0797334122760529,0.29713124014426656,0.043422923714582264,0.002452841905869557,1.2574226291991923,True,True,True,True,True,True,True,True,False
6,2,67,EEG LA 02-Ref,True,0.33825445779049174,0.09514238994399127,0.32109929039024404,0.07047568490214685,0.007455398264218437,1.4751316710892337,True,True,True,True,True,True,True,True,False
6,2,68,EEG LA 03-Ref,True,0.3771580217392976,0.09554282111748343,0.3639735083099339,0.07136113122328214,0.009921677840410975,1.60525068961413,True,True,True,True,True,True,True,True,False
6,2,69,EEG LA 04-Ref,True,0.3817440029412812,0.09288134810917541,0.36669208806666514,0.06287235322677642,0.02095356817306256,1.4758756783413831,True,True,True,True,True,True,True,True,False
6,2,70,EEG LFP 01-Ref,True,0.3591832776604456,0.15249259872992127,0.3544126533437641,0.1444869361549562,0.024503053750478433,2.849353336573383,True,True,True,True,True,True,False,False,False
6,2,71,EEG LFP 02-Ref,True,0.3732348864306061,0.13800200192790651,0.3650568676512618,0.1249054700446235,0.017653105419765443,2.253972538898576,True,True,True,True,True,True,False,False,False
6,2,72,EEG LFP 03-Ref,True,0.33261459216229033,0.12068866097158827,0.3266939550308993,0.11089705234826945,0.00177540066119656,2.430745156621332,True,True,True,True,True,True,False,False,False
6,2,73,EEG LFP 04-Ref,True,0.39973258280901663,0.20046276652601241,0.39173036887951657,0.19144469037150863,0.015472464070088713,3.032241051701601,True,True,True,True,True,True,False,False,False
6,2,74,EEG LFP 05-Ref,True,0.4234022333810626,0.19057128737622625,0.4164008378877311,0.1810083215933419,0.020221975318359845,3.063654613172647,True,True,True,True,True,True,False,False,False
6,2,75,EEG LFP 06-Ref,True,0.37706189763935943,0.13213821283486138,0.3697752346290119,0.12056044559118557,0.0052070109873043145,2.2121328555538016,True,True,True,True,True,True,False,False,False
6,2,76,EEG LH 01-Ref,True,0.384702628090718,0.08164102370314168,0.3674733409722819,0.05906204697856699,0.004846148475691177,1.5060370191815757,True,True,True,True,True,True,True,True,False
6,2,77,EEG LH 02-Ref,True,0.4125658590769834,0.09615148224524478,0.39746967013422285,0.07357352322312097,0.022802667159839328,1.617348425815978,True,True,True,True,True,True,True,True,False
6,2,78,EEG LH 03-Ref,True,0.4124362474427134,0.0929347740247915,0.39942429889332637,0.07210101139655577,0.019725231081632617,1.721613057875338,True,True,True,True,True,True,True,True,False
6,2,79,EEG LH 04-Ref,True,0.34663552345566484,0.0750167821569245,0.33130797349915103,0.04629974217084124,0.015009925331148335,1.3990031364633226,True,True,True,True,True,True,True,True,False
6,2,80,EEG MST 03-Ref,True,0.3362124938699406,0.10638810051052962,0.3311357902094562,0.09502603701962185,0.011921064570046169,2.022291087471076,True,True,True,True,True,True,False,False,False
6,2,81,EEG MST 04-Ref,False,0.2766190869476044,0.10163773596582876,0.264743101861858,0.08072561615459291,0.019360601389930152,1.8721922529446742,True,True,True,True,True,True,True,True,False
6,2,82,EEG OF 01-Ref,True,0.41398962142938983,0.21846068744602695,0.40728249452546644,0.21089451445416535,0.01325581127705754,3.3963120585912057,True,True,True,True,True,True,False,False,False
6,2,83,EEG OF 02-Ref,True,0.43179034910051467,0.23111016776151838,0.425742135165678,0.22415305459974905,0.01600220953947904,3.610267869107527,True,True,True,True,True,True,False,False,False
6,2,84,EEG OF 03-Ref,True,0.4313624112388324,0.2306071381640408,0.42463688717106607,0.22330813702211194,0.017298082391516513,3.5283038602046077,True,True,True,True,True,True,False,False,False
6,2,85,EEG OF 04-Ref,True,0.4115422741583901,0.2108884135353204,0.40446008526899746,0.20294188020324283,0.018274166071217478,3.250465815270601,True,True,True,True,True,True,False,False,False
6,2,86,EEG OF 05-Ref,True,0.36300758755485807,0.16335232343968903,0.35576608180901775,0.15265566572868258,0.014396328712988772,2.545500112187102,True,True,True,True,True,True,False,False,False
6,2,87,EEG OF 06-Ref,True,0.34209760725335725,0.15784283603764498,0.3307153863109694,0.1392789758904298,0.00407082872129178,2.014329216287946,True,True,True,True,True,True,False,False,False
6,2,88,EEG OF 07-Ref,True,0.33296735933174365,0.1224746449354937,0.3242012766377908,0.10365178085158495,0.0036250729328695473,1.9278910203126878,True,True,True,True,True,True,True,True,False
6,2,89,EEG OF 08-Ref,True,0.3423834456717223,0.13797418433864195,0.33533578074403014,0.12017303119967183,0.03798337726516369,2.103149328809458,True,True,True,True,True,True,False,False,False
6,2,90,EEG PPO 03-Ref,False,0.16959362248862886,0.08787144879605763,0.1433787625996737,0.02394968130477088,0.023433793478117096,1.0615764474484866,True,True,True,True,True,True,True,True,False
6,2,91,EEG PPO 04-Ref,True,0.3320238716689181,0.09394289297950648,0.32276991036430264,0.06521654866323513,0.00539086529971222,1.5599195121412412,True,True,True,True,True,True,True,True,False
6,2,92,EEG PPO 05-Ref,False,0.33540741785151806,0.13252472176010605,0.32622770816948965,0.11131652004470911,0.010759063894314332,1.8581139967061768,True,True,True,True,True,True,True,True,False
6,2,93,EEG PPO 06-Ref,False,0.25713077389619804,0.11255155071795897,0.2515146413234836,0.10189499154318982,0.011032905254243197,2.2339071641860984,True,True,True,True,True,True,False,False,False
6,2,94,EEG PST 03-Ref,False,0.3691885116527937,0.11889933356556502,0.3642273526216557,0.10729444935345778,0.015793810632432126,2.4179184247189647,True,True,True,True,True,True,False,False,False
6,2,95,EEG PST 04-Ref,False,0.35526440459112196,0.11097894083793218,0.34833951402087787,0.09530551631913266,0.01935665283052443,2.2113070064596965,True,True,True,True,True,True,False,False,False
7,0,0,EEG AST 01-Ref,True,0.3414019259762269,0.09402524918755872,0.33444297363870384,0.08267796809787774,0.026193133774714824,2.29709134666184,True,True,True,True,True,True,False,False,False
7,0,1,EEG AST 02-Ref,True,0.37637204585680084,0.08814873373218575,0.36800752031123873,0.07374191318180248,0.025213693345468517,2.122851743742509,True,True,True,True,True,True,False,False,False
7,0,2,EEG AST 03-Ref,True,0.393200544258981,0.04668768685893344,0.3857583198019882,0.029435784811820995,0.010224640095305295,1.4454456355037342,True,True,True,True,True,True,True,True,False
7,0,3,EEG AST 04-Ref,True,0.3376617097175353,0.05509338806852712,0.32956064986022393,0.036267681247921804,0.013264035019486737,1.3715788401620974,True,True,True,True,True,True,True,True,False
7,0,4,EEG GRID 01-Ref,False,0.23096113178369598,0.07846276951430912,0.22340109240025185,0.06508984340477766,0.004152888703694359,1.7288171047839145,True,True,True,True,True,True,True,True,False
7,0,5,EEG GRID 02-Ref,True,0.32498404610014475,0.1062588813693538,0.3202161335544684,0.09423782343801825,0.009909124944492332,2.091774264274694,True,True,True,True,True,True,False,False,False
7,0,6,EEG GRID 03-Ref,True,0.34116420292933325,0.11946620210634525,0.33648687925012954,0.10922946532855093,0.010972662355854715,2.0891911312417033,True,True,True,True,True,True,False,False,False
7,0,7,EEG GRID 04-Ref,True,0.2943080384252683,0.07158614017313318,0.29016058816379836,0.05961475245676784,0.0033816418857988383,1.7277907450940513,True,True,True,True,True,True,True,True,False
7,0,8,EEG GRID 05-Ref,True,0.35536335884654907,0.0657744377915056,0.35099557274508414,0.05569926415841717,0.005745535821668914,1.723359675765216,True,True,True,True,True,True,True,True,False
7,0,9,EEG GRID 06-Ref,False,0.26152919480207176,0.0827582279909848,0.25369003925408784,0.06596394508068955,0.005503785780927039,1.5423247375948324,True,True,True,True,True,True,True,True,False
7,0,10,EEG GRID 07-Ref,True,0.353702740227924,0.10513217281440898,0.3473207869634871,0.08801765360634119,0.00243925705936385,2.215186539006215,True,True,True,True,True,True,False,False,False
7,0,11,EEG GRID 08-Ref,False,0.35288759954531496,0.15247262485972643,0.34364035148454114,0.13056797410494414,0.0060983866198166215,2.015156245333788,True,True,True,True,True,True,False,False,False
7,0,12,EEG GRID 09-Ref,True,0.34503093601379753,0.09857065241511104,0.335420873495434,0.07925448523431478,0.003985619951489519,1.7113519658359528,True,True,True,True,True,True,True,True,False
7,0,13,EEG GRID 10-Ref,True,0.3424440341856658,0.09397777227628637,0.33337953946984,0.07935572777862392,0.018704088465530115,1.8447442160188219,True,True,True,True,True,True,True,True,False
7,0,14,EEG GRID 11-Ref,True,0.30272600322554355,0.11382134710533436,0.2919359071532765,0.09547974908589119,0.042006530877098575,1.8383543423964,True,True,True,True,True,True,True,True,False
7,0,15,EEG GRID 12-Ref,True,0.3705316017497131,0.10803670154574473,0.3638397602564965,0.095316102458219,0.014746410604977805,2.0013622959925508,True,True,True,True,True,True,False,False,False
7,0,16,EEG GRID 13-Ref,True,0.3333585770841273,0.07083353972214557,0.33001912116562776,0.059549327293735035,0.003067037928861287,1.6914189778838782,True,True,True,True,True,True,True,True,False
7,0,17,EEG GRID 14-Ref,True,0.31773796889056866,0.08072172724735356,0.3097822035284063,0.0661545852461801,0.01895714908850636,1.5952354917199354,True,True,True,True,True,True,True,True,False
7,0,18,EEG GRID 15-Ref,True,0.33829856412677217,0.09882185923762932,0.3288277792882061,0.08103940383344407,0.025891377811354664,1.6684876909739297,True,True,True,True,True,True,True,True,False
7,0,19,EEG GRID 16-Ref,False,0.28008229602020035,0.11715657890678163,0.26894069263103804,0.09759446263801003,0.017311589146294857,1.4809736767231316,True,True,True,True,True,True,True,True,False
7,0,20,EEG GRID 17-Ref,True,0.33575299195574015,0.09207228490231843,0.32084626301943253,0.05944203149160475,0.017966270332145626,1.463314738579571,True,True,True,True,True,True,True,True,False
7,0,21,EEG GRID 18-Ref,True,0.35148598245186774,0.07238433182088025,0.3422882542951759,0.04475519446439074,0.010230538939266471,1.4280005136516831,True,True,True,True,True,True,True,True,False
7,0,22,EEG GRID 19-Ref,False,0.2962782284421911,0.07575053654614695,0.29196129503424223,0.05912862777932626,0.01580590013710858,1.7320673365709078,True,True,True,True,True,True,True,True,False
7,0,23,EEG GRID 21-Ref,True,0.2973163120929854,0.10928526466861725,0.2844106185999727,0.09127770550509165,0.022031098716830663,1.691700611534932,True,True,True,True,True,True,True,True,False
7,0,24,EEG GRID 22-Ref,False,0.24316589399996355,0.07743003842641324,0.23502099216192068,0.057306466126367576,0.0008779271663444564,1.5109820954866633,True,True,True,True,True,True,True,True,False
7,0,25,EEG GRID 23-Ref,True,0.31650676807478684,0.08985864872055396,0.3065057913864554,0.06639373234299883,0.012834682282344632,1.5477891684268734,True,True,True,True,True,True,True,True,False
7,0,26,EEG GRID 24-Ref,True,0.25397399764387335,0.06751335205021429,0.24158465229495368,0.027656531362046276,0.01148808041220738,1.0565979549255682,True,True,True,True,True,True,True,True,False
7,0,27,EEG GRID 25-Ref,False,0.24390942317136055,0.10490388685964891,0.22833042650520421,0.07050204509299512,0.023350429848923618,1.430932591970453,True,True,True,True,True,True,True,True,False
7,0,28,EEG GRID 26-Ref,True,0.25458473311132784,0.08373226973070226,0.24506684684146138,0.048941345682318,0.008740268725787044,1.2574360131124473,True,True,True,True,True,True,True,True,False
7,0,29,EEG GRID 27-Ref,True,0.262917050851245,0.09238662755387436,0.2524244522941866,0.06585202157651548,0.024122682764405993,1.3410452856708266,True,True,True,True,True,True,True,True,False
7,0,30,EEG GRID 28-Ref,False,0.2678366498823337,0.10992605089614893,0.2611708529376499,0.09966425190547652,0.011852617297778386,2.003274181836341,True,True,True,True,True,True,False,False,False
7,0,31,EEG GRID 29-Ref,True,0.3831034097262876,0.08603850247455813,0.3746098427372857,0.061876979049567286,0.014611288442702026,1.7634214862795046,True,True,True,True,True,True,True,True,False
7,0,32,EEG GRID 30-Ref,True,0.34026230761820714,0.07077209329100485,0.33532385864741265,0.05377025337718543,0.012074801441508546,1.6587686333706566,True,True,True,True,True,True,True,True,False
7,0,33,EEG GRID 31-Ref,True,0.3452845609848709,0.10170562805563264,0.3362648928923999,0.08568448810053798,0.008340162170978691,1.7048055016981996,True,True,True,True,True,True,True,True,False
7,0,34,EEG GRID 32-Ref,True,0.3442366941958793,0.056424271673582875,0.3387546741532036,0.04196719156347401,0.0019394261188974498,1.4077754834926541,True,True,True,True,True,True,True,True,False
7,0,35,EEG GRID 33-Ref,True,0.2109539773937643,0.08081218003005414,0.1883457928273236,0.019894532138567574,0.005088881215298164,1.1041761869708189,True,True,True,True,True,True,True,True,False
7,0,36,EEG GRID 35-Ref,True,0.33418948097399714,0.08428303164494721,0.32288570956713336,0.05498366717613146,0.013087572527523239,1.5090811457052227,True,True,True,True,True,True,True,True,False
7,0,37,EEG GRID 36-Ref,True,0.3711059338518533,0.10546714690340595,0.35935203760511,0.07788655743239797,0.021294925482836166,1.8194156951125977,True,True,True,True,True,True,True,True,False
7,0,38,EEG GRID 37-Ref,False,0.336516108076768,0.08422085980377143,0.3287589487499832,0.06404267405577545,0.02279460630725158,1.8017031863451023,True,True,True,True,True,True,True,True,False
7,0,39,EEG GRID 38-Ref,False,0.292093302094901,0.07687701837294178,0.28542415598502424,0.06333702989682174,0.0036891546227759806,1.7358238305140263,True,True,True,True,True,True,True,True,False
7,0,40,EEG GRID 39-Ref,True,0.36652686884885444,0.1150948572409146,0.35950573617750997,0.1036425769754037,0.029018958758517097,2.043624519137795,True,True,True,True,True,True,False,False,False
7,0,41,EEG GRID 40-Ref,False,0.34666964047157967,0.07153220265987266,0.34291407168050725,0.06262040171035742,0.006038674753012942,1.8261587007742248,True,True,True,True,True,True,True,True,False
7,0,42,EEG GRID 41-Ref,True,0.21312321404102702,0.09602912684833939,0.18406789819285713,0.05205872128874498,0.01256390706196323,1.3123645427564523,True,True,True,True,True,True,True,True,False
7,0,43,EEG GRID 42-Ref,True,0.34191304682953394,0.06545328059122985,0.32925170266272585,0.027625737908319303,0.0177693193887821,1.1873662546283354,True,True,True,True,True,True,True,True,False
7,0,44,EEG GRID 43-Ref,True,0.36538740960316607,0.07313868479663481,0.3490923040619257,0.025894982584893377,0.01887846554263835,1.1684557750390594,True,True,True,True,True,True,True,True,False
7,0,45,EEG GRID 44-Ref,True,0.3626467654665406,0.07412438508913602,0.34768678330961095,0.015868452329899443,0.008681916060478622,1.114649337990582,True,True,True,True,True,True,True,True,False
7,0,46,EEG GRID 45-Ref,True,0.4306970671887485,0.08317543557179183,0.4196494152663736,0.056811402919480544,0.004188799400202847,1.70013264133239,True,True,True,True,True,True,True,True,False
7,0,47,EEG GRID 46-Ref,True,0.4492829034277899,0.09635191596156688,0.4402537677808098,0.08188041113220845,0.0142615864927039,2.130789527814865,True,True,True,True,True,True,False,False,False
7,0,48,EEG GRID 47-Ref,True,0.4045030762564614,0.07617281399754364,0.39877313799939224,0.06490995248640383,0.0011212379966820617,2.0183740421948433,True,True,True,True,True,True,False,False,False
7,0,49,EEG GRID 48-Ref,False,0.3457695381823641,0.08428112492961781,0.3366652782351992,0.06706198632016766,0.021303712766492143,1.6269457433443295,True,True,True,True,True,True,True,True,False
7,0,50,EEG GRID 49-Ref,True,0.2718016106172268,0.07316392556112487,0.2566871301848478,0.023359085197377952,0.021261140258702016,1.1231338432372167,True,True,True,True,True,True,True,True,False
7,0,51,EEG GRID 50-Ref,True,0.24432306586083774,0.0728580900212523,0.23558202453889204,0.043001987587085296,0.004626686155752028,1.361589986486271,True,True,True,True,True,True,True,True,False
7,0,52,EEG GRID 51-Ref,True,0.3254224888035377,0.07716154365008646,0.3180388140267646,0.05313757427195842,0.007297533151053247,1.6080752798272517,True,True,True,True,True,True,True,True,False
7,0,53,EEG GRID 52-Ref,True,0.3138918206837239,0.08356440112304174,0.30717060220190096,0.06560738320156156,0.0054450837742980405,1.692082108415543,True,True,True,True,True,True,True,True,False
7,0,54,EEG GRID 53-Ref,True,0.3330084368089902,0.06491448845875078,0.3206121409637507,0.016725541056724132,0.003690522994068231,1.1098243894893913,True,True,True,True,True,True,True,True,False
7,0,55,EEG GRID 54-Ref,True,0.4301996988894304,0.08118744659627797,0.4195282345789439,0.06124761095771938,0.008430612964101799,2.0219463584679502,True,True,True,True,True,True,False,False,False
7,0,56,EEG GRID 55-Ref,True,0.39008983732594876,0.06856936869812275,0.3827467504811266,0.054704225599524356,0.0025105151867840674,1.971814061377535,True,True,True,True,True,True,True,True,False
7,0,57,EEG GRID 56-Ref,True,0.3396429513429392,0.07008829199133704,0.3258862523038148,0.026175120925551465,0.026175120925551416,1.1495649318195247,True,True,True,True,True,True,True,True,False
7,0,58,EEG GRID 57-Ref,True,0.29747568833355514,0.08115016738998455,0.2874518098779322,0.032513328163318686,0.02196144841493105,1.1642672343257132,True,True,True,True,True,True,True,True,False
7,0,59,EEG GRID 58-Ref,True,0.3053465255213752,0.07464214547122129,0.29266015355680064,0.014929299911640891,0.011250861548508248,1.0057836675302614,True,True,True,True,True,True,True,True,False
7,0,60,EEG GRID 59-Ref,True,0.2808059360148602,0.07988037627379936,0.26877363097991597,0.039474882234313405,0.01266747497735852,1.236451067663109,True,True,True,True,True,True,True,True,False
7,0,61,EEG GRID 60-Ref,True,0.35394331826894054,0.08389045723376988,0.34782087601449874,0.059452605250882286,0.017961291638645693,1.508855936347506,True,True,True,True,True,True,True,True,False
7,0,62,EEG GRID 61-Ref,False,0.29535797351062454,0.0942223214746946,0.288846481139933,0.07585280008824952,0.01128531879685015,1.5627160133119142,True,True,True,True,True,True,True,True,False
7,0,63,EEG GRID 62-Ref,True,0.3152280287872816,0.08119184651233109,0.3063329973880251,0.04779666710953469,0.015053003597130153,1.359361103209651,True,True,True,True,True,True,True,True,False
7,0,64,EEG GRID 63-Ref,False,0.2882310393717665,0.08041371974414913,0.28149402292951986,0.058765914680771525,0.004611604887753854,1.8105174385588463,True,True,True,True,True,True,True,True,False
7,0,65,EEG GRID 64-Ref,True,0.29348819606917154,0.059899475814885854,0.28704624396489153,0.04302661376768108,0.01037970934205435,1.6415542810847499,True,True,True,True,True,True,True,True,False
7,0,66,EEG LA 01-Ref,True,0.32068507171859556,0.08016382475213876,0.3041872406234025,0.03775139950415164,0.0012099388867711032,1.2161648062746047,True,True,True,True,True,True,True,True,False
7,0,67,EEG LA 02-Ref,True,0.3463689161348045,0.09647616855964683,0.3310864392802553,0.07083044804837046,0.017126556956522355,1.4457676573082265,True,True,True,True,True,True,True,True,False
7,0,68,EEG LA 03-Ref,True,0.37589398720264233,0.08152232080824898,0.3652891676316819,0.059736029171097466,0.0107486494632757,1.4771355219966689,True,True,True,True,True,True,True,True,False
7,0,69,EEG LA 04-Ref,True,0.39489717682653397,0.07910289144502526,0.3810793040513386,0.046788267365838423,0.00013062286582336228,1.3239841842356144,True,True,True,True,True,True,True,True,False
7,0,70,EEG LFP 01-Ref,True,0.3601827631562341,0.1523153358044709,0.3557496535224375,0.14489146375121734,0.01870425290446282,2.8671549135321133,True,True,True,True,True,True,False,False,False
7,0,71,EEG LFP 02-Ref,True,0.3718550697266952,0.13781076600869305,0.3658703547199483,0.1256615358835267,0.012942080708546815,2.2648662556544115,True,True,True,True,True,True,False,False,False
7,0,72,EEG LFP 03-Ref,True,0.3337938396781944,0.11093122584816281,0.3303989856782765,0.10341333589829303,0.0035938518031496613,2.3231693594848486,True,True,True,True,True,True,False,False,False
7,0,73,EEG LFP 04-Ref,True,0.3808262819051309,0.18403228702576274,0.3760584908579283,0.1766428709724574,0.02002826913522949,2.877506060602193,True,True,True,True,True,True,False,False,False
7,0,74,EEG LFP 05-Ref,True,0.3965243406649377,0.17018013743049126,0.39161191471999784,0.1629566009878952,0.03238103808703602,2.8561655243251134,True,True,True,True,True,True,False,False,False
7,0,75,EEG LFP 06-Ref,True,0.34905127379869,0.1182026111300056,0.343608234103293,0.10895311893510679,0.023231385129200702,2.0818841142434574,True,True,True,True,True,True,False,False,False
7,0,76,EEG LH 01-Ref,True,0.38412836913368303,0.07715449298150408,0.3739949269947557,0.05115314622018283,0.0005093095176808944,1.4295487341809365,True,True,True,True,True,True,True,True,False
7,0,77,EEG LH 02-Ref,True,0.41757625166913925,0.08240877352122179,0.40625086542742467,0.05948022298041105,0.005565832231526127,1.4794332397331262,True,True,True,True,True,True,True,True,False
7,0,78,EEG LH 03-Ref,True,0.42246175984314016,0.07846747329914598,0.4115748176629364,0.056180836188102615,0.0012406470348089187,1.5078612673049603,True,True,True,True,True,True,True,True,False
7,0,79,EEG LH 04-Ref,True,0.35298138074684254,0.07310171479813693,0.3388992495493698,0.0378352353908628,0.0019584046277373187,1.294960768377648,True,True,True,True,True,True,True,True,False
7,0,80,EEG MST 03-Ref,True,0.33282598535069813,0.09953923290685386,0.32795610045642015,0.08779430508917954,0.015054491450611452,1.8674855954166902,True,True,True,True,True,True,True,True,False
7,0,81,EEG MST 04-Ref,False,0.2461653542987091,0.07457513696223758,0.23987015192995645,0.05776689793991228,0.0030658838825307036,1.5618404927539202,True,True,True,True,True,True,True,True,False
7,0,82,EEG OF 01-Ref,True,0.3997305513321154,0.20229445693624762,0.3929534776197969,0.1957125233812575,0.030452083421315668,3.25358651522118,True,True,True,True,True,True,False,False,False
7,0,83,EEG OF 02-Ref,True,0.4253808057896074,0.21647135473610604,0.4183404473612372,0.21026135232101484,0.03002845683248652,3.486162641574877,True,True,True,True,True,True,False,False,False
7,0,84,EEG OF 03-Ref,True,0.43026988664183735,0.21649775713647096,0.4227243223041929,0.2098474092426926,0.030726016337875865,3.413114266468779,True,True,True,True,True,True,False,False,False
7,0,85,EEG OF 04-Ref,True,0.41674318474859035,0.19761185385553467,0.4088775008053483,0.1903755577760161,0.027431658198781683,3.1460238249982604,True,True,True,True,True,True,False,False,False
7,0,86,EEG OF 05-Ref,True,0.3794770716288347,0.1536267611138813,0.37016454218043426,0.14370648733782954,0.017125307613100455,2.481077305319893,True,True,True,True,True,True,False,False,False
7,0,87,EEG OF 06-Ref,True,0.37087589126073,0.15223032186836846,0.35699636968901743,0.1333640686803387,0.0015195156778422974,1.9896707559727522,True,True,True,True,True,True,True,True,False
7,0,88,EEG OF 07-Ref,True,0.35785028474345865,0.12353810861874936,0.34568905188541765,0.10302147210483935,0.004064616015678047,1.9433342662174562,True,True,True,True,True,True,True,True,False
7,0,89,EEG OF 08-Ref,True,0.36633889908279094,0.14209514239778298,0.35585216304993494,0.12205872110600799,0.036493769758258014,2.1101334215815175,True,True,True,True,True,True,False,False,False
7,0,90,EEG PPO 03-Ref,False,0.15145315201068452,0.08219557702000331,0.12641414734700931,0.011565332384197243,0.011184147556788905,1.0005636510656106,True,True,True,True,True,True,True,True,False
7,0,91,EEG PPO 04-Ref,True,0.3063704141972554,0.09296240568447434,0.2936366508487728,0.0639862521394531,0.011058377021957957,1.5768341524352243,True,True,True,True,True,True,True,True,False
7,0,92,EEG PPO 05-Ref,False,0.2994179435333094,0.11659330671548046,0.28836962023457513,0.09475496135812744,0.006558277438924794,1.7131019893397856,True,True,True,True,True,True,True,True,False
7,0,93,EEG PPO 06-Ref,False,0.2320306929544531,0.10385579544603303,0.22666106916804896,0.09456323433411828,0.0018464935251973921,2.1235769848724924,True,True,True,True,True,True,False,False,False
7,0,94,EEG PST 03-Ref,False,0.363330693364523,0.10744015296939181,0.35783075231489736,0.09609942326322227,0.022643220895715632,2.1121105640798623,True,True,True,True,True,True,False,False,False
7,0,95,EEG PST 04-Ref,False,0.3440779031567887,0.10079445707737308,0.33697380410299804,0.08560433929320214,0.021006401206803714,1.9097400871859185,True,True,True,True,True,True,True,True,False
7,1,0,EEG AST 01-Ref,True,0.3407714788558556,0.09271922855981585,0.3342348616326845,0.08134751972089904,0.025668887123159186,2.2905873274732804,True,True,True,True,True,True,False,False,False
7,1,1,EEG AST 02-Ref,True,0.37629701695766693,0.08726664166149005,0.36899355152157415,0.07332463684224351,0.024676642849794622,2.1256176447264994,True,True,True,True,True,True,False,False,False
7,1,2,EEG AST 03-Ref,True,0.38190875760792925,0.045074741039252054,0.374479438323124,0.026336010976808762,0.00992302806861279,1.4111234547258902,True,True,True,True,True,True,True,True,False
7,1,3,EEG AST 04-Ref,True,0.3359206696354692,0.053908486033229064,0.3272635736236648,0.036288257878608794,0.012683096799627869,1.3637420623411534,True,True,True,True,True,True,True,True,False
7,1,4,EEG GRID 01-Ref,False,0.23637959853060822,0.07888306855229531,0.23058194335164311,0.06538834771033185,0.0039061494832583685,1.7375618320128452,True,True,True,True,True,True,True,True,False
7,1,5,EEG GRID 02-Ref,True,0.32663773664776896,0.10771829375754305,0.3220591538567242,0.09683547984834445,0.0108252780654075,2.1184689521494717,True,True,True,True,True,True,False,False,False
7,1,6,EEG GRID 03-Ref,True,0.3278513848366255,0.11968290898698807,0.3226509271419425,0.10965193585614078,0.011695945637296,2.0809004017113812,True,True,True,True,True,True,False,False,False
7,1,7,EEG GRID 04-Ref,True,0.2748642258532214,0.0697922779031995,0.2704166505565599,0.057510616017339186,0.003021585052830949,1.6946521188858337,True,True,True,True,True,True,True,True,False
7,1,8,EEG GRID 05-Ref,True,0.33071541164241425,0.06406417911748373,0.326369302815345,0.053901733058314395,0.005833653433599855,1.7069778636871569,True,True,True,True,True,True,True,True,False
7,1,9,EEG GRID 06-Ref,False,0.2659052818438718,0.08400993376022863,0.25864884913416103,0.06817868634778194,0.00547169058924501,1.5587074510787626,True,True,True,True,True,True,True,True,False
7,1,10,EEG GRID 07-Ref,True,0.37603624193922,0.10569959281559554,0.37019202184125327,0.0887014237708804,0.0026650634518519674,2.2206358836521023,True,True,True,True,True,True,False,False,False
7,1,11,EEG GRID 08-Ref,False,0.3715483334845156,0.1504374526580589,0.36363788350413134,0.12782161643023404,0.005642465816181213,2.020961606662198,True,True,True,True,True,True,False,False,False
7,1,12,EEG GRID 09-Ref,True,0.3417955172543345,0.102481475294394,0.3332074491546365,0.08452336460517877,0.004680053504742169,1.756581856523589,True,True,True,True,True,True,True,True,False
7,1,13,EEG GRID 10-Ref,True,0.33327207902506456,0.09974779842485941,0.3251105451179643,0.08470554185169932,0.018323221038839706,1.8718356632060456,True,True,True,True,True,True,True,True,False
7,1,14,EEG GRID 11-Ref,True,0.29559417975088204,0.11634234571423743,0.2844064368074216,0.09806323153198368,0.0419506072100809,1.863047071991479,True,True,True,True,True,True,True,True,False
7,1,15,EEG GRID 12-Ref,True,0.34301745792317784,0.10634044516528564,0.33688137277673336,0.09315985965806384,0.014318978727278973,1.9762530199802444,True,True,True,True,True,True,True,True,False
7,1,16,EEG GRID 13-Ref,True,0.3135970089465716,0.07377613549808958,0.31046030596768737,0.06404050158686403,0.0033881590039844833,1.7263492101973277,True,True,True,True,True,True,True,True,False
7,1,17,EEG GRID 14-Ref,True,0.3177104251517957,0.08709286360200529,0.31147082183889346,0.07497750050326002,0.019127966071267738,1.6799661537655808,True,True,True,True,True,True,True,True,False
7,1,18,EEG GRID 15-Ref,True,0.37929680262566173,0.10292906815957706,0.37131659643087,0.08629978155859218,0.026682275149763773,1.7103367508794134,True,True,True,True,True,True,True,True,False
7,1,19,EEG GRID 16-Ref,False,0.31644456241051916,0.12249086225564695,0.3069980714400734,0.1033764576187169,0.017870031973073984,1.5303551543832432,True,True,True,True,True,True,True,True,False
7,1,20,EEG GRID 17-Ref,True,0.3219179917077646,0.09385082550375258,0.3081476347354308,0.060746427375797794,0.01789316983365633,1.4792613667038665,True,True,True,True,True,True,True,True,False
7,1,21,EEG GRID 18-Ref,True,0.3603721080466846,0.0744910445975097,0.35180635963079904,0.04733431441551058,0.010329168450697822,1.4480685849944104,True,True,True,True,True,True,True,True,False
7,1,22,EEG GRID 19-Ref,False,0.2590641124280127,0.07257529411162947,0.2542815497447807,0.05387433832161466,0.016187022301206618,1.6868382832708027,True,True,True,True,True,True,True,True,False
7,1,23,EEG GRID 21-Ref,True,0.29873319432505624,0.11579933989321556,0.2867028934530873,0.09831636521708495,0.021720842715105562,1.7466488201643722,True,True,True,True,True,True,True,True,False
7,1,24,EEG GRID 22-Ref,False,0.24000604609384174,0.07799557604203773,0.23085038883491252,0.05833314580318793,0.0013177205127100553,1.5095564123737115,True,True,True,True,True,True,True,True,False
7,1,25,EEG GRID 23-Ref,True,0.3434713352136381,0.09240268245568418,0.3340599480683252,0.06858968781552092,0.01335972053555829,1.5639660173033045,True,True,True,True,True,True,True,True,False
7,1,26,EEG GRID 24-Ref,True,0.2740890661277755,0.06908302157710117,0.2622525736088083,0.02853548003508301,0.011962585013442845,1.0583971772595755,True,True,True,True,True,True,True,True,False
7,1,27,EEG GRID 25-Ref,False,0.23076414257002428,0.10268550662362665,0.213869601056171,0.06851192751749668,0.023142403508742318,1.3992211528928489,True,True,True,True,True,True,True,True,False
7,1,28,EEG GRID 26-Ref,True,0.2777872834225222,0.08467376472855456,0.2683472478542106,0.050839057629884,0.009051038049263969,1.2642574517503102,True,True,True,True,True,True,True,True,False
7,1,29,EEG GRID 27-Ref,True,0.27302780352595823,0.09584584830656229,0.2621056991589337,0.06821720586821242,0.0242038411438777,1.3468853360555224,True,True,True,True,True,True,True,True,False
7,1,30,EEG GRID 28-Ref,False,0.27216467924618015,0.11279144221103565,0.2652557737621029,0.10187696302294898,0.01179998590116416,2.0294480344783183,True,True,True,True,True,True,False,False,False
7,1,31,EEG GRID 29-Ref,True,0.36457251943482255,0.08290143204322135,0.35532075229619314,0.05530020457671507,0.014904073058361618,1.704118767938765,True,True,True,True,True,True,True,True,False
7,1,32,EEG GRID 30-Ref,True,0.33874069330206835,0.0703035687470862,0.3334715628930162,0.052151722069357226,0.012214605460042398,1.646628866691991,True,True,True,True,True,True,True,True,False
7,1,33,EEG GRID 31-Ref,True,0.3492389512218553,0.09869463641533492,0.34011190002534536,0.08034715691863874,0.00840917678943939,1.6737025855657364,True,True,True,True,True,True,True,True,False
7,1,34,EEG GRID 32-Ref,True,0.35575298767577307,0.059142794569766635,0.3504039680601867,0.04426308750311846,0.00189136182575152,1.4435842376945605,True,True,True,True,True,True,True,True,False
7,1,35,EEG GRID 33-Ref,True,0.20553311916136177,0.08164580856873423,0.18186342111905515,0.021525314008144322,0.005300878445202833,1.1117427362297454,True,True,True,True,True,True,True,True,False
7,1,36,EEG GRID 35-Ref,True,0.3270918615962139,0.08188820391547437,0.3159209546632329,0.0519262651176979,0.013976744477121458,1.4611793747357347,True,True,True,True,True,True,True,True,False
7,1,37,EEG GRID 36-Ref,True,0.3500888425925298,0.10032604164183134,0.33604318053294624,0.07220890283560438,0.02215982047111782,1.7634926526343575,True,True,True,True,True,True,True,True,False
7,1,38,EEG GRID 37-Ref,False,0.32271911214265,0.08242836636078067,0.3151585840429383,0.06298315001755765,0.022860991224564094,1.7915371416344474,True,True,True,True,True,True,True,True,False
7,1,39,EEG GRID 38-Ref,False,0.28493996162496493,0.07347970991179464,0.2789700618630689,0.06064390128007136,0.00357627714551949,1.700903271274875,True,True,True,True,True,True,True,True,False
7,1,40,EEG GRID 39-Ref,True,0.3656338026338644,0.11150313878913334,0.3588976401944924,0.09939642385126686,0.02914031947827975,2.0199067168977463,True,True,True,True,True,True,False,False,False
7,1,41,EEG GRID 40-Ref,False,0.353068739466548,0.07574885402984068,0.3489711308004926,0.06725264346923444,0.006035189502725003,1.9000901164519957,True,True,True,True,True,True,True,True,False
7,1,42,EEG GRID 41-Ref,True,0.22299616558371071,0.09155157116999371,0.1989396677915907,0.04607826689750172,0.01249016830636503,1.2644684895218763,True,True,True,True,True,True,True,True,False
7,1,43,EEG GRID 42-Ref,True,0.30840669400756876,0.06463829209057505,0.29275780072549296,0.026489738003456182,0.01814624937712716,1.174607588441417,True,True,True,True,True,True,True,True,False
7,1,44,EEG GRID 43-Ref,True,0.33757259970353237,0.07489844179514465,0.3213145234238626,0.026532484683539977,0.01941947946514563,1.1648300424286475,True,True,True,True,True,True,True,True,False
7,1,45,EEG GRID 44-Ref,True,0.33757609950704726,0.07433976564438984,0.3239115891204792,0.015668170474690147,0.009401046896094023,1.1092029530162555,True,True,True,True,True,True,True,True,False
7,1,46,EEG GRID 45-Ref,True,0.37792467897236565,0.08251791425268683,0.3673738644439046,0.058403774964268663,0.003943027454582047,1.7162691197576778,True,True,True,True,True,True,True,True,False
7,1,47,EEG GRID 46-Ref,True,0.41985789297856896,0.09641445511770544,0.41205253393892466,0.0818633485804028,0.01433738790262072,2.1364202283266462,True,True,True,True,True,True,False,False,False
7,1,48,EEG GRID 47-Ref,True,0.3792602837724468,0.07870372834514985,0.37302750039493815,0.06702973443309229,0.0011271529756788942,2.04813420863309,True,True,True,True,True,True,False,False,False
7,1,49,EEG GRID 48-Ref,False,0.34899119398542017,0.08435774701058538,0.34011838360419605,0.06670959264011639,0.021361900636404103,1.635203707440274,True,True,True,True,True,True,True,True,False
7,1,50,EEG GRID 49-Ref,True,0.27427131279823797,0.07387357133648348,0.25818262758245847,0.023028325000002448,0.020723833589356606,1.1059133226634297,True,True,True,True,True,True,True,True,False
7,1,51,EEG GRID 50-Ref,True,0.27497192729743736,0.07537430692917875,0.2669071572661243,0.04777892148418486,0.00461993306959763,1.4028194125361069,True,True,True,True,True,True,True,True,False
7,1,52,EEG GRID 51-Ref,True,0.33428853612335463,0.07959758049665562,0.32654757599467493,0.056994526709030637,0.007264727434720565,1.6383666846850211,True,True,True,True,True,True,True,True,False
7,1,53,EEG GRID 52-Ref,True,0.32077576360866134,0.0841716320356954,0.3134976339425494,0.06803857857122557,0.005742312095114955,1.7089068690748253,True,True,True,True,True,True,True,True,False
7,1,54,EEG GRID 53-Ref,True,0.29901918198131455,0.06553908310457822,0.2864262002842274,0.01778826043543133,0.0038765253527814954,1.1271896997057347,True,True,True,True,True,True,True,True,False
7,1,55,EEG GRID 54-Ref,True,0.4006447941575793,0.07958512779633116,0.3914388616996303,0.05956048945603705,0.008392209806134001,2.0197670122406377,True,True,True,True,True,True,False,False,False
7,1,56,EEG GRID 55-Ref,True,0.3598375072135874,0.0680721076523504,0.352640637876079,0.05404538643793921,0.0024279564491771328,1.9644777230857289,True,True,True,True,True,True,True,True,False
7,1,57,EEG GRID 56-Ref,True,0.3415566702667898,0.06954246874907384,0.328447579194895,0.026284390821842023,0.02628439082184212,1.135579417756379,True,True,True,True,True,True,True,True,False
7,1,58,EEG GRID 57-Ref,True,0.27124200591046205,0.08401963822757341,0.25835515662480474,0.03178630445575093,0.02122335446039078,1.1516718632738852,True,True,True,True,True,True,True,True,False
7,1,59,EEG GRID 58-Ref,True,0.28200487358109777,0.0751962626048122,0.26633863185237727,0.013348429130183637,0.010513950772506804,1.0080021087929145,True,True,True,True,True,True,True,True,False
7,1,60,EEG GRID 59-Ref,True,0.2896010100700356,0.081782771889848,0.27678046424343233,0.04307963471892211,0.012985478314393544,1.2497637301398883,True,True,True,True,True,True,True,True,False
7,1,61,EEG GRID 60-Ref,True,0.3595409973110302,0.08637851800704466,0.3528341475436762,0.06638175765473908,0.017999954168037804,1.5578874988618445,True,True,True,True,True,True,True,True,False
7,1,62,EEG GRID 61-Ref,False,0.29927186705215464,0.1010583849829856,0.29207678027230216,0.08312115938794455,0.011339299848724163,1.615850542870674,True,True,True,True,True,True,True,True,False
7,1,63,EEG GRID 62-Ref,True,0.30385175079491955,0.0834828820980888,0.29549619001113264,0.05264808064207817,0.015322544038157589,1.3868186564950078,True,True,True,True,True,True,True,True,False
7,1,64,EEG GRID 63-Ref,False,0.27800941083437974,0.07857005426105286,0.27189796775300845,0.0551822018755649,0.004596301159460303,1.7839875566913448,True,True,True,True,True,True,True,True,False
7,1,65,EEG GRID 64-Ref,True,0.2959501601159399,0.06085933690391761,0.28954223695523434,0.04400307403865515,0.010647182712462597,1.6550072260988078,True,True,True,True,True,True,True,True,False
7,1,66,EEG LA 01-Ref,True,0.30292078844786,0.07941415993569312,0.2814678593081863,0.036298623886838084,0.001011258408940028,1.2133580652070066,True,True,True,True,True,True,True,True,False
7,1,67,EEG LA 02-Ref,True,0.3111801091144216,0.0934512015902902,0.2921612961793976,0.06538134046090498,0.017210042784319046,1.4266334231637694,True,True,True,True,True,True,True,True,False
7,1,68,EEG LA 03-Ref,True,0.32795963490923596,0.077388897630725,0.31410026806290103,0.0544331803704685,0.010543641546133119,1.4454621817964062,True,True,True,True,True,True,True,True,False
7,1,69,EEG LA 04-Ref,True,0.33629294875857146,0.07760089520916608,0.3173548928200106,0.045940298958293845,0.0004335765544771052,1.3253952583744446,True,True,True,True,True,True,True,True,False
7,1,70,EEG LFP 01-Ref,True,0.362464793841693,0.15340626460609483,0.35818356882328606,0.14544694728219798,0.0190239938683622,2.8710544297812532,True,True,True,True,True,True,False,False,False
7,1,71,EEG LFP 02-Ref,True,0.37430939120889994,0.13826260472037058,0.36821844195879877,0.125308501763427,0.013354841965751697,2.2630301565656565,True,True,True,True,True,True,False,False,False
7,1,72,EEG LFP 03-Ref,True,0.3311842619379651,0.10967944231192896,0.32791428039083376,0.10228559500890784,0.004224697084740775,2.292275468117027,True,True,True,True,True,True,False,False,False
7,1,73,EEG LFP 04-Ref,True,0.3795431098640142,0.1843451810684876,0.3749858116603825,0.17731095296706767,0.01912885312147543,2.869095670029388,True,True,True,True,True,True,False,False,False
7,1,74,EEG LFP 05-Ref,True,0.38921153485773274,0.1729809074482941,0.38460996808501924,0.1665011891562066,0.03167806733342966,2.8621093867930965,True,True,True,True,True,True,False,False,False
7,1,75,EEG LFP 06-Ref,True,0.3503222334641482,0.12170683335238397,0.3452995296668508,0.11278533494596087,0.0229990724405206,2.1083780598962982,True,True,True,True,True,True,False,False,False
7,1,76,EEG LH 01-Ref,True,0.3606442246896952,0.07457277548745021,0.34777060235922364,0.049011239287645614,0.0005740148823324108,1.4217536568969287,True,True,True,True,True,True,True,True,False
7,1,77,EEG LH 02-Ref,True,0.37315704414753675,0.07926209661997873,0.3592512251994348,0.056668727871108965,0.005725221719489567,1.4720573741427958,True,True,True,True,True,True,True,True,False
7,1,78,EEG LH 03-Ref,True,0.3692714377150446,0.07691302543275418,0.3550759143230969,0.055671624229313536,0.0008673131827586285,1.5085396783453549,True,True,True,True,True,True,True,True,False
7,1,79,EEG LH 04-Ref,True,0.31428029875952423,0.072401973920173,0.29628387923830135,0.039036132600856956,0.002303518568199705,1.3013226146630932,True,True,True,True,True,True,True,True,False
7,1,80,EEG MST 03-Ref,True,0.3393016172223343,0.1014077016203124,0.33496951598288754,0.0896193355010095,0.014884744707430482,1.8745112683224205,True,True,True,True,True,True,True,True,False
7,1,81,EEG MST 04-Ref,False,0.24162848221479036,0.07829491238347272,0.2351729313486828,0.062304368701930145,0.003012658961585654,1.6021690669137363,True,True,True,True,True,True,True,True,False
7,1,82,EEG OF 01-Ref,True,0.4087924137384513,0.20962811194917944,0.4021599577803823,0.2021360805176242,0.029501807850120826,3.329381810098204,True,True,True,True,True,True,False,False,False
7,1,83,EEG OF 02-Ref,True,0.4340430989955968,0.2233439809614874,0.4271455312177889,0.21642920307999913,0.028975962237036756,3.556822440668143,True,True,True,True,True,True,False,False,False
7,1,84,EEG OF 03-Ref,True,0.4397867285985653,0.22322226658401656,0.4322722072327378,0.2162424440416795,0.029621072231192907,3.483198474574017,True,True,True,True,True,True,False,False,False
7,1,85,EEG OF 04-Ref,True,0.4279963216522127,0.20389612600294127,0.4199751759336783,0.19655256817974456,0.02631734757236466,3.2128584765621455,True,True,True,True,True,True,False,False,False
7,1,86,EEG OF 05-Ref,True,0.391950341530489,0.15911901695498054,0.38239674393907785,0.14870104870713702,0.016039333583714236,2.5353647143257954,True,True,True,True,True,True,False,False,False
7,1,87,EEG OF 06-Ref,True,0.3904643942616722,0.15928400729729908,0.3757721826529019,0.14136811763047746,0.002649371207776693,2.044651772619205,True,True,True,True,True,True,False,False,False
7,1,88,EEG OF 07-Ref,True,0.3787463396530382,0.13045063407233512,0.3664871252132401,0.11104277514589743,0.005016294747419335,2.005540832251704,True,True,True,True,True,True,False,False,False
7,1,89,EEG OF 08-Ref,True,0.37902723403206184,0.14698795269823212,0.36798962030389876,0.12707425272829143,0.037076577222254756,2.1512304655429317,True,True,True,True,True,True,False,False,False
7,1,90,EEG PPO 03-Ref,False,0.1521356597386964,0.08246879336055989,0.1247833331415502,0.011317745169131956,0.010907538388292677,1.0049722115913122,True,True,True,True,True,True,True,True,False
7,1,91,EEG PPO 04-Ref,True,0.32346363137341,0.09194187169429821,0.3115129706560794,0.06302464752855157,0.011664699709085086,1.5635498759372761,True,True,True,True,True,True,True,True,False
7,1,92,EEG PPO 05-Ref,False,0.32812227147607337,0.11788013958903237,0.3167922147575256,0.09707117443685284,0.006223368286201595,1.7353093815212153,True,True,True,True,True,True,True,True,False
7,1,93,EEG PPO 06-Ref,False,0.2546401980087595,0.10869745054022359,0.24852572440926513,0.09997475935186943,0.0021394209931059035,2.1786131229479295,True,True,True,True,True,True,False,False,False
7,1,94,EEG PST 03-Ref,False,0.3702837458813888,0.11090246074919659,0.3647303839993832,0.0997664996664106,0.02268112012297132,2.1421153738939265,True,True,True,True,True,True,False,False,False
7,1,95,EEG PST 04-Ref,False,0.3545261997655729,0.10442114958044044,0.3479301318893295,0.08974095441027988,0.021095840170458457,1.938434527853443,True,True,True,True,True,True,True,True,False
7,2,0,EEG AST 01-Ref,True,0.3783971285723232,0.09487467816837139,0.37216446188112107,0.08424946502916231,0.025336008601915257,2.348040440422982,True,True,True,True,True,True,False,False,False
7,2,1,EEG AST 02-Ref,True,0.4034655893344683,0.08814472143715767,0.3966072831443028,0.0750454281256554,0.024571173440437737,2.161446934850226,True,True,True,True,True,True,False,False,False
7,2,2,EEG AST 03-Ref,True,0.39340797993761784,0.04644879954099031,0.38666217668492686,0.027617083524694157,0.010232093573489313,1.43103326052506,True,True,True,True,True,True,True,True,False
7,2,3,EEG AST 04-Ref,True,0.32712468777885934,0.053607996246197394,0.319147896608733,0.03374829214959018,0.01339110248462576,1.338696713263915,True,True,True,True,True,True,True,True,False
7,2,4,EEG GRID 01-Ref,False,0.2306556023901745,0.08141024443056238,0.2247090866082428,0.06901147406076708,0.004000393734879369,1.7673801023613573,True,True,True,True,True,True,True,True,False
7,2,5,EEG GRID 02-Ref,True,0.307903435305492,0.10679268859789606,0.30346330075568784,0.09487140321525823,0.01043498834122424,2.1082279836512265,True,True,True,True,True,True,False,False,False
7,2,6,EEG GRID 03-Ref,True,0.31898859152612086,0.12469170579304353,0.31394377720486166,0.11538937041102049,0.011178839805072501,2.158087439955274,True,True,True,True,True,True,False,False,False
7,2,7,EEG GRID 04-Ref,True,0.27980839586683737,0.0755541885993945,0.2751552244526291,0.06390736222046939,0.003294096181728332,1.7823007094116001,True,True,True,True,True,True,True,True,False
7,2,8,EEG GRID 05-Ref,True,0.33688461394375907,0.06494133627770994,0.33260133442908274,0.054317661982759974,0.005758956284573567,1.7184013515112058,True,True,True,True,True,True,True,True,False
7,2,9,EEG GRID 06-Ref,False,0.2632405190874654,0.08399071990909268,0.2563297180175906,0.06893349009473473,0.005638340387018219,1.5523196742156813,True,True,True,True,True,True,True,True,False
7,2,10,EEG GRID 07-Ref,True,0.37093409495428914,0.10775054435797037,0.3644054737548739,0.09017237330332271,0.002619336889432652,2.2370014415934865,True,True,True,True,True,True,False,False,False
7,2,11,EEG GRID 08-Ref,False,0.3663391120467718,0.1545613401780332,0.3571310553141328,0.13152801443963766,0.005758663164802816,2.0352513586685173,True,True,True,True,True,True,False,False,False
7,2,12,EEG GRID 09-Ref,True,0.3452278184014262,0.10057992036565035,0.336804903072896,0.08142981811236559,0.004635605205668381,1.7403052814166813,True,True,True,True,True,True,True,True,False
7,2,13,EEG GRID 10-Ref,True,0.34239688443640226,0.09915892759059902,0.3342190573242734,0.08513601818440412,0.0181980150796931,1.8939733740309599,True,True,True,True,True,True,True,True,False
7,2,14,EEG GRID 11-Ref,True,0.3007396531846745,0.12242650952543858,0.2887240913617339,0.1038434678670122,0.04186398629771956,1.916973730627619,True,True,True,True,True,True,True,True,False
7,2,15,EEG GRID 12-Ref,True,0.3377912836878072,0.10814166197191577,0.3310749260735889,0.09414770841684583,0.014603554838518756,1.9997701717243572,True,True,True,True,True,True,True,True,False
7,2,16,EEG GRID 13-Ref,True,0.3085369084718999,0.06895025336438927,0.30469421882011316,0.057761600104140144,0.0030535505739514544,1.6807099143910336,True,True,True,True,True,True,True,True,False
7,2,17,EEG GRID 14-Ref,True,0.30690423612087975,0.08125023123972136,0.3000250016075367,0.06801203900232686,0.018886048788356254,1.627076597734457,True,True,True,True,True,True,True,True,False
7,2,18,EEG GRID 15-Ref,True,0.3444768622286657,0.10279671340543045,0.33497369179273656,0.08569204805765535,0.025769296590354415,1.7245405539178191,True,True,True,True,True,True,True,True,False
7,2,19,EEG GRID 16-Ref,False,0.28583816910171583,0.11879303299483998,0.274581343766975,0.0985802881029093,0.01721723377565488,1.5168561761164818,True,True,True,True,True,True,True,True,False
7,2,20,EEG GRID 17-Ref,True,0.3347590183529309,0.09396537977764254,0.32014800588729037,0.0621631483419564,0.017506831245870515,1.4857228766432709,True,True,True,True,True,True,True,True,False
7,2,21,EEG GRID 18-Ref,True,0.3701096425617911,0.07374653096963388,0.36023270387826684,0.04649623782111077,0.00979670352349903,1.4485392027220945,True,True,True,True,True,True,True,True,False
7,2,22,EEG GRID 19-Ref,False,0.2812521544953378,0.07286213727339867,0.276361144241114,0.055702181743124954,0.015928320121157396,1.6963005960299402,True,True,True,True,True,True,True,True,False
7,2,23,EEG GRID 21-Ref,True,0.30002567914797185,0.10795802248864114,0.28821820993189984,0.08895537774938983,0.021627880656289435,1.6749514415883284,True,True,True,True,True,True,True,True,False
7,2,24,EEG GRID 22-Ref,False,0.23504738398463446,0.07774019634283089,0.2266150320111574,0.0578835994561786,0.0010544572886230482,1.5028415063481912,True,True,True,True,True,True,True,True,False
7,2,25,EEG GRID 23-Ref,True,0.32749668272247884,0.09426127349380015,0.3177696388928212,0.0713460604993356,0.012830431187942528,1.6062212446850592,True,True,True,True,True,True,True,True,False
7,2,26,EEG GRID 24-Ref,True,0.2741002182253127,0.07082393898758689,0.26223086531915146,0.029278475386085384,0.01163951877955717,1.0922132026689018,True,True,True,True,True,True,True,True,False
7,2,27,EEG GRID 25-Ref,False,0.25020785740709833,0.11032218161480659,0.23339960150483854,0.07681293514884237,0.023147978702193702,1.4741648793318367,True,True,True,True,True,True,True,True,False
7,2,28,EEG GRID 26-Ref,True,0.26548421368325464,0.08420699392897346,0.2537116471301582,0.051062328837824494,0.008678481152233726,1.2668890988218642,True,True,True,True,True,True,True,True,False
7,2,29,EEG GRID 27-Ref,True,0.27384516317380514,0.09279964797809503,0.2629641307020516,0.06790189516537268,0.02384371113892513,1.3386805875962942,True,True,True,True,True,True,True,True,False
7,2,30,EEG GRID 28-Ref,False,0.28170053282516017,0.1069907340457302,0.2752970093546661,0.09674495819371207,0.011633700045635218,1.9680060026925263,True,True,True,True,True,True,True,True,False
7,2,31,EEG GRID 29-Ref,True,0.3800016724777629,0.08376817276339125,0.3722098524348665,0.05854439798371245,0.014741332640589655,1.732343788857645,True,True,True,True,True,True,True,True,False
7,2,32,EEG GRID 30-Ref,True,0.3271477142279624,0.07106237072201507,0.32295272408112513,0.0545036493466897,0.012266957707580907,1.6759673797960404,True,True,True,True,True,True,True,True,False
7,2,33,EEG GRID 31-Ref,True,0.35775581399133727,0.10252979625254938,0.3491141286281346,0.08661417277863147,0.007990906070024256,1.7159510039530854,True,True,True,True,True,True,True,True,False
7,2,34,EEG GRID 32-Ref,True,0.36799757271673117,0.05984883584543764,0.36275400868654323,0.04625722975320542,0.002044023270154445,1.4562593447869852,True,True,True,True,True,True,True,True,False
7,2,35,EEG GRID 33-Ref,True,0.21264957114553773,0.07937539744814509,0.188840036038785,0.022338432638876415,0.005170514069162233,1.1272872945633536,True,True,True,True,True,True,True,True,False
7,2,36,EEG GRID 35-Ref,True,0.3343383625961347,0.08376390619938003,0.32492088615293335,0.055656319382510776,0.01303204029954471,1.4861773222328054,True,True,True,True,True,True,True,True,False
7,2,37,EEG GRID 36-Ref,True,0.3712428815270424,0.10307792305857641,0.35911374764646176,0.07559489512381949,0.021208991959827454,1.7883320757800278,True,True,True,True,True,True,True,True,False
7,2,38,EEG GRID 37-Ref,False,0.34044000225652726,0.08458166572551742,0.3331513099941302,0.06565197282681805,0.02269024094437763,1.8227692732346905,True,True,True,True,True,True,True,True,False
7,2,39,EEG GRID 38-Ref,False,0.2964731914792324,0.07594075492711293,0.29030210349505986,0.06194211103492051,0.0037376805207540885,1.733190217309361,True,True,True,True,True,True,True,True,False
7,2,40,EEG GRID 39-Ref,True,0.38320655223348604,0.11324609998827137,0.3766052796641328,0.1017096459876773,0.0287310401328497,2.033057737229255,True,True,True,True,True,True,False,False,False
7,2,41,EEG GRID 40-Ref,False,0.3650989602588427,0.0767246547870039,0.3609677168683483,0.06821820931020255,0.006159000557525294,1.9170371877328845,True,True,True,True,True,True,True,True,False
7,2,42,EEG GRID 41-Ref,True,0.21325892686488165,0.09549408580018472,0.18937506784817962,0.05364412499138709,0.012644030729629045,1.3222543766306933,True,True,True,True,True,True,True,True,False
7,2,43,EEG GRID 42-Ref,True,0.33516968193452806,0.06395641164711309,0.32120949830547235,0.024716011825785537,0.017920675122272196,1.1601418251870446,True,True,True,True,True,True,True,True,False
7,2,44,EEG GRID 43-Ref,True,0.36388349887008925,0.0759532299634746,0.34721662960879107,0.026768377776790107,0.019010208498055004,1.1624544728273096,True,True,True,True,True,True,True,True,False
7,2,45,EEG GRID 44-Ref,True,0.3654808474756482,0.07538070802912389,0.35267169793445835,0.01554597877955606,0.008939072413076121,1.1108477650701334,True,True,True,True,True,True,True,True,False
7,2,46,EEG GRID 45-Ref,True,0.4103517159564691,0.08273713002683984,0.39908733437406035,0.056343827084721916,0.003844613557760808,1.6969732730637623,True,True,True,True,True,True,True,True,False
7,2,47,EEG GRID 46-Ref,True,0.4562319681362721,0.09657341882803956,0.44796577563515816,0.082738047402521,0.014001926402667219,2.1418310131200826,True,True,True,True,True,True,False,False,False
7,2,48,EEG GRID 47-Ref,True,0.4174348161019122,0.07792319506137035,0.41170475047354355,0.06671316047330374,0.0010187311862712497,2.0565583004522034,True,True,True,True,True,True,False,False,False
7,2,49,EEG GRID 48-Ref,False,0.3578669713796185,0.08537492417800037,0.34834361116178425,0.06826847468391496,0.02118431455026945,1.6382003540369856,True,True,True,True,True,True,True,True,False
7,2,50,EEG GRID 49-Ref,True,0.2845840491617899,0.07402356935157388,0.2705160948489409,0.02601112760314487,0.021009859950056803,1.1447236320075052,True,True,True,True,True,True,True,True,False
7,2,51,EEG GRID 50-Ref,True,0.2606749662941946,0.07368111597025771,0.25225580744335,0.04536517771188921,0.004496129402668314,1.3759723497876926,True,True,True,True,True,True,True,True,False
7,2,52,EEG GRID 51-Ref,True,0.32469216476649554,0.07703753897271699,0.31805375600844094,0.054394541582932526,0.00724703392410571,1.6239439937520603,True,True,True,True,True,True,True,True,False
7,2,53,EEG GRID 52-Ref,True,0.31273373451017644,0.08295870841625654,0.3054548356783374,0.06472244696820578,0.005547103066292518,1.686527471417323,True,True,True,True,True,True,True,True,False
7,2,54,EEG GRID 53-Ref,True,0.32075207313444926,0.06585394758369363,0.30744148615982064,0.015239428596745664,0.004019959879238012,1.108542604692112,True,True,True,True,True,True,True,True,False
7,2,55,EEG GRID 54-Ref,True,0.4293399175154035,0.08144159495848101,0.419021863717113,0.0628437435947847,0.008038018018890923,2.0434365030932393,True,True,True,True,True,True,False,False,False
7,2,56,EEG GRID 55-Ref,True,0.3864368450026452,0.07049651422567524,0.3782282822068696,0.05756545023173884,0.0026196396827474237,2.0059902200288136,True,True,True,True,True,True,False,False,False
7,2,57,EEG GRID 56-Ref,True,0.3637616861873161,0.06952777046608762,0.3504649002688681,0.02604370172289041,0.026043701722890368,1.1310287415885811,True,True,True,True,True,True,True,True,False
7,2,58,EEG GRID 57-Ref,True,0.28356479438690796,0.08276348316305346,0.2735968934422117,0.03548637644516177,0.02184924410709391,1.1749668566094178,True,True,True,True,True,True,True,True,False
7,2,59,EEG GRID 58-Ref,True,0.2970602950054551,0.07527655680300789,0.2842802818705114,0.01607735891407372,0.011092358302909945,1.0200680795760977,True,True,True,True,True,True,True,True,False
7,2,60,EEG GRID 59-Ref,True,0.2848449457985028,0.08094245473346683,0.27187823380127374,0.04284221161592194,0.012734986782800762,1.2547694949694823,True,True,True,True,True,True,True,True,False
7,2,61,EEG GRID 60-Ref,True,0.34517956042178144,0.08179888741782076,0.3392975171388299,0.05866962380869972,0.017974432555207972,1.4956178792238344,True,True,True,True,True,True,True,True,False
7,2,62,EEG GRID 61-Ref,False,0.28878350429176064,0.09795765722815122,0.282080936116456,0.0798106580680244,0.011325150218726213,1.5942124168686493,True,True,True,True,True,True,True,True,False
7,2,63,EEG GRID 62-Ref,True,0.3142954890954888,0.08059744944951952,0.3066073455076629,0.048457301045705135,0.015353627786030288,1.3525918473069185,True,True,True,True,True,True,True,True,False
7,2,64,EEG GRID 63-Ref,False,0.28842906544470454,0.07986277196142835,0.2810949143223024,0.05878113037944791,0.004575783310796973,1.8040463204664532,True,True,True,True,True,True,True,True,False
7,2,65,EEG GRID 64-Ref,True,0.3138925464157901,0.059027904335864925,0.30851648140254107,0.04039185280813569,0.010110091418657203,1.6214523813181159,True,True,True,True,True,True,True,True,False
7,2,66,EEG LA 01-Ref,True,0.31808263956529037,0.07988133177778063,0.29620167186800717,0.03939422545439789,0.0015122360715308526,1.232377062567375,True,True,True,True,True,True,True,True,False
7,2,67,EEG LA 02-Ref,True,0.3372776822603658,0.09669631445207265,0.3189359715088055,0.06958598205705842,0.016901124763295226,1.4546842293306927,True,True,True,True,True,True,True,True,False
7,2,68,EEG LA 03-Ref,True,0.3693831660311843,0.08257560754168873,0.35733392748504766,0.05894542991419713,0.010537975553545818,1.4881861858500178,True,True,True,True,True,True,True,True,False
7,2,69,EEG LA 04-Ref,True,0.38004990487358364,0.08183848880591924,0.3637110308705391,0.04918332998701836,0.0004152198181605277,1.355494225790428,True,True,True,True,True,True,True,True,False
7,2,70,EEG LFP 01-Ref,True,0.35968084349775686,0.14991291347827404,0.3549149998981262,0.14206344384198274,0.018961309420299773,2.826253695892818,True,True,True,True,True,True,False,False,False
7,2,71,EEG LFP 02-Ref,True,0.3741842895908946,0.13487352888103588,0.36815816935529877,0.12211258509793667,0.01330256270767011,2.2308971528091375,True,True,True,True,True,True,False,False,False
7,2,72,EEG LFP 03-Ref,True,0.3357444813430025,0.10859820866555663,0.3324201809010962,0.10016892236513682,0.004125120432154626,2.2684155052367414,True,True,True,True,True,True,False,False,False
7,2,73,EEG LFP 04-Ref,True,0.40107269752342345,0.1849062175948383,0.3965739437445729,0.1778481140669699,0.019299094594092174,2.8759205760825157,True,True,True,True,True,True,False,False,False
7,2,74,EEG LFP 05-Ref,True,0.4259320712078655,0.1737993069587354,0.42118889944114785,0.16722330842867525,0.03163816574238928,2.874470854802986,True,True,True,True,True,True,False,False,False
7,2,75,EEG LFP 06-Ref,True,0.36641471190008723,0.11911161963781736,0.3608752455589633,0.1101238011639407,0.022785496292231623,2.0967543032401363,True,True,True,True,True,True,False,False,False
7,2,76,EEG LH 01-Ref,True,0.37762249803744224,0.07732188527880424,0.36530537497997106,0.053415762048199075,0.00013576521310831562,1.454990514340707,True,True,True,True,True,True,True,True,False
7,2,77,EEG LH 02-Ref,True,0.4061599009236728,0.08380149434608686,0.392759549405183,0.060442881266815025,0.005922829858089779,1.5094483296013343,True,True,True,True,True,True,True,True,False
7,2,78,EEG LH 03-Ref,True,0.4079387322407708,0.08162144908643593,0.3952164474241818,0.05855197035548367,0.0008868311658976041,1.542845888997195,True,True,True,True,True,True,True,True,False
7,2,79,EEG LH 04-Ref,True,0.3421953882944832,0.07833298710752999,0.32618944715014536,0.042701790456939406,0.002311628389839567,1.3390899407062968,True,True,True,True,True,True,True,True,False
7,2,80,EEG MST 03-Ref,True,0.3338075422557269,0.10237543987096566,0.32928767491303,0.09094461338496812,0.014773649330099116,1.8928588766069414,True,True,True,True,True,True,True,True,False
7,2,81,EEG MST 04-Ref,False,0.23396695762534334,0.07567303753295672,0.22751043410383098,0.0592164289219516,0.00308451678620264,1.5616788652411722,True,True,True,True,True,True,True,True,False
7,2,82,EEG OF 01-Ref,True,0.4506130061611568,0.2145447882786216,0.444167733792438,0.20789789035509348,0.029397862921233146,3.363836140408756,True,True,True,True,True,True,False,False,False
7,2,83,EEG OF 02-Ref,True,0.47535766015598807,0.22848659636118746,0.4689229967180571,0.22217574322949424,0.028918358742927548,3.5969714348336965,True,True,True,True,True,True,False,False,False
7,2,84,EEG OF 03-Ref,True,0.47942750669558454,0.2279776751650628,0.47244555522262033,0.22119481302005956,0.02956123137316708,3.5165765978704164,True,True,True,True,True,True,False,False,False
7,2,85,EEG OF 04-Ref,True,0.4622274327098413,0.20822171545946344,0.45489786296436235,0.20104869064973357,0.026308668524695954,3.240618904008696,True,True,True,True,True,True,False,False,False
7,2,86,EEG OF 05-Ref,True,0.41199933477624084,0.16191516841924408,0.4031165545723324,0.1516996053066652,0.016133288923564155,2.5447668702248825,True,True,True,True,True,True,False,False,False
7,2,87,EEG OF 06-Ref,True,0.3961706244316445,0.158897685511401,0.3825059921299661,0.1400857608858128,0.0024754361018361677,2.030455223923673,True,True,True,True,True,True,False,False,False
7,2,88,EEG OF 07-Ref,True,0.3741252462187606,0.12782472425755106,0.362829452637608,0.10730092101138548,0.004749336772731832,1.9762232279676788,True,True,True,True,True,True,True,True,False
7,2,89,EEG OF 08-Ref,True,0.3614178547708522,0.14288624643979383,0.35031664573493354,0.12366313376761008,0.03681038156189492,2.1382073087549016,True,True,True,True,True,True,False,False,False
7,2,90,EEG PPO 03-Ref,False,0.1511716511521035,0.08216311746958876,0.1258244548350179,0.0128997261918626,0.011150076475345992,1.0154420362447472,True,True,True,True,True,True,True,True,False
7,2,91,EEG PPO 04-Ref,True,0.3174154189154175,0.09274301607395687,0.30630745118531977,0.06332021578616184,0.011026387485127347,1.5585327534095863,True,True,True,True,True,True,True,True,False
7,2,92,EEG PPO 05-Ref,False,0.30880053789056733,0.11258018439362684,0.2980901755904475,0.09053516180065822,0.006668737603856906,1.6910803907061993,True,True,True,True,True,True,True,True,False
7,2,93,EEG PPO 06-Ref,False,0.23989982768620577,0.10213359553815395,0.23428535526564917,0.09245813143678122,0.0016962146567158596,2.097659314537882,True,True,True,True,True,True,False,False,False
7,2,94,EEG PST 03-Ref,False,0.3724670595391588,0.11342876572466234,0.36746915714367434,0.10222764848419408,0.02235142195363105,2.171407882142699,True,True,True,True,True,True,False,False,False
7,2,95,EEG PST 04-Ref,False,0.3517896909640569,0.10701546239048969,0.34509910917521563,0.09251933158848095,0.02070437909519689,1.9676475215967386,True,True,True,True,True,True,True,True,False
