context_index,crn_bank,channel_index,channel,direct_actuated,time_w1_free,time_w1_controlled,occupation_w1_free,occupation_w1_controlled,mean_abs_error,symmetric_sd_ratio,both_time_and_occupation_improved,time_relative_reduction_pass,occupation_relative_reduction_pass,time_absolute_pass,occupation_absolute_pass,mean_absolute_error_pass,symmetric_sd_ratio_pass,full_gate_b_pass,gate_c_trajectory_pass
0,0,0,EEG AST 01-Ref,True,0.42522599294495567,0.11661180378571291,0.406613296040766,0.07255314877773447,0.013391939918683315,1.6629483622173569,True,True,True,True,True,True,True,True,False
0,0,1,EEG AST 02-Ref,True,0.4712336019932166,0.12461534349264386,0.4509337728809358,0.08101424479687727,0.03000507506053592,2.1281434843027087,True,True,True,True,True,True,False,False,False
0,0,2,EEG AST 03-Ref,True,0.45348685669361866,0.09484022700076788,0.4397695811942018,0.0663519598008578,0.024782107664814864,2.954165576113336,True,True,True,True,True,True,False,False,False
0,0,3,EEG AST 04-Ref,True,0.3474927638590413,0.09856965061602356,0.3325102104141232,0.056386092123068124,0.020025755302483617,1.7122743330258503,True,True,True,True,True,True,True,True,False
0,0,4,EEG GRID 01-Ref,False,0.22537537355189463,0.09828616744063261,0.2036537002953258,0.046438621946832494,0.02118602418638677,1.2575246523496901,True,True,True,True,True,True,True,True,False
0,0,5,EEG GRID 02-Ref,True,0.30364909439127885,0.11198118778768433,0.2881557880073135,0.05992034833784886,0.00020919684891145159,1.285345189178956,True,True,True,True,True,True,True,True,False
0,0,6,EEG GRID 03-Ref,True,0.3094608470812947,0.11573594502453449,0.2854734630483471,0.05397681713436289,0.007752668916997392,1.1840398022740255,True,True,True,True,True,True,True,True,False
0,0,7,EEG GRID 04-Ref,True,0.27377330160226376,0.07277420853035346,0.26361837592928233,0.02909339182915223,0.005605716982925016,1.139568143185008,True,True,True,True,True,True,True,True,False
0,0,8,EEG GRID 05-Ref,True,0.34089373791794886,0.08113332326804801,0.33134849632533403,0.03744986708804657,0.00335829375709655,1.260715257768342,True,True,True,True,True,True,True,True,False
0,0,9,EEG GRID 06-Ref,False,0.27069363297177484,0.1080077764994082,0.25648404550108844,0.060326136307743576,0.0016962515854810904,1.3719827967962057,True,True,True,True,True,True,True,True,False
0,0,10,EEG GRID 07-Ref,True,0.34354354002838106,0.11919631191119956,0.32598465579169156,0.0501123001048224,0.014496552845043567,1.1925694773684892,True,True,True,True,True,True,True,True,False
0,0,11,EEG GRID 08-Ref,False,0.363028396791982,0.15991892980569364,0.3401168234261758,0.11535614712062474,0.007726925443497328,1.5848707036105545,True,True,True,True,True,True,True,True,False
0,0,12,EEG GRID 09-Ref,True,0.32216662297800336,0.13219144597748567,0.29915049086756984,0.05076085177633073,0.0037267891141689073,1.1891670386467743,True,True,True,True,True,True,True,True,False
0,0,13,EEG GRID 10-Ref,True,0.3165094474306323,0.09784373423196685,0.2958737461349663,0.04124258408053058,0.012511215118973256,1.064930623935291,True,True,True,True,True,True,True,True,False
0,0,14,EEG GRID 11-Ref,True,0.25613787211744254,0.10789076999993877,0.23628643228849586,0.056765518576982976,0.019798069953784057,1.149862975063654,True,True,True,True,True,True,True,True,False
0,0,15,EEG GRID 12-Ref,True,0.3237015357605339,0.10713679022042057,0.3081255587550561,0.04687550482387487,0.011052772278321289,1.1585122484411279,True,True,True,True,True,True,True,True,False
0,0,16,EEG GRID 13-Ref,True,0.3234067275517892,0.0858437744272857,0.31374680211815487,0.04187435936490447,0.005011790111914398,1.2468818039377434,True,True,True,True,True,True,True,True,False
0,0,17,EEG GRID 14-Ref,True,0.321803598493484,0.09931972375511187,0.3076573186729731,0.04618147712916108,0.00953675094135185,1.1276291156264333,True,True,True,True,True,True,True,True,False
0,0,18,EEG GRID 15-Ref,True,0.3700583013866472,0.1390885929676055,0.354539444570681,0.08489916489276182,0.020502298938308416,1.606441812594966,True,True,True,True,True,True,True,True,False
0,0,19,EEG GRID 16-Ref,False,0.3214356211122757,0.16403092886647183,0.2959199855208065,0.1031489986722811,0.017092319330563124,1.485808717685555,True,True,True,True,True,True,True,True,False
0,0,20,EEG GRID 17-Ref,True,0.3022755410899568,0.09961394550462967,0.2859124427274824,0.03369771933133589,0.009209565053447163,1.1830279298718969,True,True,True,True,True,True,True,True,False
0,0,21,EEG GRID 18-Ref,True,0.3758056801477475,0.08992692575410981,0.3557150948620068,0.026741844769737927,0.0013193236968645518,1.104725470848565,True,True,True,True,True,True,True,True,False
0,0,22,EEG GRID 19-Ref,False,0.2870672264087126,0.0850143361096909,0.275053876331198,0.047424939241715154,0.007936155898129932,1.3930002679025864,True,True,True,True,True,True,True,True,False
0,0,23,EEG GRID 21-Ref,True,0.2813858378322905,0.11480188492095296,0.26819007338641354,0.06992560208067429,0.008054457994879723,1.2048284340663844,True,True,True,True,True,True,True,True,False
0,0,24,EEG GRID 22-Ref,False,0.2212209830396377,0.08084088534814433,0.21045212027598226,0.03936920334585382,0.00620515581035191,1.0978400788289577,True,True,True,True,True,True,True,True,False
0,0,25,EEG GRID 23-Ref,True,0.36236595429825486,0.12530559109170272,0.3474429131443357,0.07034004597994024,0.005409157226566791,1.5221445623016838,True,True,True,True,True,True,True,True,False
0,0,26,EEG GRID 24-Ref,True,0.3554321192258056,0.12191151885397229,0.338684153122268,0.07314853385278006,0.0025654886598467748,1.6216903773820526,True,True,True,True,True,True,True,True,False
0,0,27,EEG GRID 25-Ref,False,0.23390894868530818,0.10499455698541837,0.21390323663618116,0.05091267417910546,0.022763666318146598,1.2306249115686416,True,True,True,True,True,True,True,True,False
0,0,28,EEG GRID 26-Ref,True,0.2772468550141148,0.10351234245625464,0.2521317069104867,0.03638225143400045,0.005731055630729085,1.073255856357555,True,True,True,True,True,True,True,True,False
0,0,29,EEG GRID 27-Ref,True,0.27192041651379456,0.10781394880120843,0.24610193643830178,0.035610398496536695,0.013277977142519172,1.0672133790440343,True,True,True,True,True,True,True,True,False
0,0,30,EEG GRID 28-Ref,False,0.2664133360630751,0.11525709707000135,0.2498168166965128,0.07643156002247666,0.007095278704342665,1.3883491270491972,True,True,True,True,True,True,True,True,False
0,0,31,EEG GRID 29-Ref,True,0.3254248910816524,0.07498476426881145,0.31591247317937565,0.027639406492655824,0.012429951624273381,1.0894146699492169,True,True,True,True,True,True,True,True,False
0,0,32,EEG GRID 30-Ref,True,0.29511906734206383,0.06630840576041867,0.28837436183596393,0.02949236175703132,0.009218389085008128,1.0156474618135418,True,True,True,True,True,True,True,True,False
0,0,33,EEG GRID 31-Ref,True,0.37028497365904384,0.11811897011570034,0.3491628306227069,0.05870370583572501,0.01704719514950402,1.3110751174985407,True,True,True,True,True,True,True,True,False
0,0,34,EEG GRID 32-Ref,True,0.37720555345179774,0.07659068289841864,0.36721251042643854,0.04087957641851792,0.01728845496636799,1.2161211861789059,True,True,True,True,True,True,True,True,False
0,0,35,EEG GRID 33-Ref,True,0.2957007423611772,0.11047053736227787,0.25571203906384143,0.033725444444653786,0.023228559394938196,1.188772676395418,True,True,True,True,True,True,True,True,False
0,0,36,EEG GRID 35-Ref,True,0.30660340443957096,0.09327587776851902,0.2851353199888879,0.03520093923423252,0.020560882093236994,1.2444822131254636,True,True,True,True,True,True,True,True,False
0,0,37,EEG GRID 36-Ref,True,0.3106198911144312,0.08829526759653207,0.2910394250385447,0.030574761928456515,0.01795981445368899,1.0883841725896584,True,True,True,True,True,True,True,True,False
0,0,38,EEG GRID 37-Ref,False,0.2846897508343759,0.08379582092109338,0.27295753130236583,0.03530995768308561,0.00414082503384312,1.2597972757626457,True,True,True,True,True,True,True,True,False
0,0,39,EEG GRID 38-Ref,False,0.23835311564240627,0.07514818901430714,0.2258133321344765,0.02901313758880777,0.0024586175308156837,1.0474206426823505,True,True,True,True,True,True,True,True,False
0,0,40,EEG GRID 39-Ref,True,0.3667381926197341,0.11871703277458005,0.3507610015967876,0.07142080374960647,0.03662247554916421,1.502021276805024,True,True,True,True,True,True,True,True,False
0,0,41,EEG GRID 40-Ref,False,0.3730488461896532,0.0822332308596606,0.3666804586165993,0.059853382372534944,0.02523276298959043,1.480000855620066,True,True,True,True,True,True,True,True,False
0,0,42,EEG GRID 41-Ref,True,0.29256514130643646,0.10278834386634203,0.2695780697117484,0.025839369608044827,0.022789481888691697,1.2379994784587542,True,True,True,True,True,True,True,True,False
0,0,43,EEG GRID 42-Ref,True,0.3668300545584145,0.10296301924258008,0.33678471202203647,0.027805778161898293,0.013681514125540212,1.2506969533022858,True,True,True,True,True,True,True,True,False
0,0,44,EEG GRID 43-Ref,True,0.395130724760138,0.11146296532161463,0.36723531645599583,0.04685002287594985,0.019531222950989156,1.3470335680547976,True,True,True,True,True,True,True,True,False
0,0,45,EEG GRID 44-Ref,True,0.3744293797974277,0.10279471336155782,0.3520844916154554,0.03969589269000606,0.024503981822452153,1.281546373549748,True,True,True,True,True,True,True,True,False
0,0,46,EEG GRID 45-Ref,True,0.3388278794195716,0.09066405545503758,0.32781802752864375,0.04299525202245039,0.023600240232592513,1.3402961466973018,True,True,True,True,True,True,True,True,False
0,0,47,EEG GRID 46-Ref,True,0.349562494517329,0.08636100200398268,0.3436438271019126,0.044875575468505374,0.027379843146127576,1.2641259453514107,True,True,True,True,True,True,True,True,False
0,0,48,EEG GRID 47-Ref,True,0.361538145480952,0.07978888055809119,0.35550963953176246,0.04507533170729261,0.02940873668410531,1.4747106060949735,True,True,True,True,True,True,True,True,False
0,0,49,EEG GRID 48-Ref,False,0.33385313087923424,0.08978317004227361,0.3227123616726523,0.04769376219191655,0.026769770921419175,1.2543129119611902,True,True,True,True,True,True,True,True,False
0,0,50,EEG GRID 49-Ref,True,0.2791217867306853,0.10000261391988582,0.26079080665086396,0.01989846317086976,0.0019141471752335572,1.1471912133357607,True,True,True,True,True,True,True,True,False
0,0,51,EEG GRID 50-Ref,True,0.2566719787152707,0.09217104167662979,0.23632772201107566,0.021954049947520544,0.016486241002755277,1.1912820775017057,True,True,True,True,True,True,True,True,False
0,0,52,EEG GRID 51-Ref,True,0.33079607343195516,0.1070678713933744,0.32004114087202234,0.04897544960130355,0.003756543876010668,1.3168507874552817,True,True,True,True,True,True,True,True,False
0,0,53,EEG GRID 52-Ref,True,0.2872104832353648,0.09988669805853323,0.27559336315124217,0.030288582558250732,0.013230872686042637,1.2083922555224225,True,True,True,True,True,True,True,True,False
0,0,54,EEG GRID 53-Ref,True,0.3251926354259277,0.0982557073690349,0.30450332183873424,0.025051302736380055,0.0049931648336214015,1.137717134042576,True,True,True,True,True,True,True,True,False
0,0,55,EEG GRID 54-Ref,True,0.32722962939570743,0.08587205464911181,0.321028917684113,0.03486341293692421,0.0158331476334415,1.2820816939911148,True,True,True,True,True,True,True,True,False
0,0,56,EEG GRID 55-Ref,True,0.3295751763052034,0.07897822813818815,0.3222759298251424,0.03818820280288088,0.019297580019962592,1.3241116873300118,True,True,True,True,True,True,True,True,False
0,0,57,EEG GRID 56-Ref,True,0.3503566392037009,0.08581545808084695,0.33586354337582447,0.027459448268140115,0.01207406909912622,1.1806716647598265,True,True,True,True,True,True,True,True,False
0,0,58,EEG GRID 57-Ref,True,0.29915587120373544,0.10581119246719624,0.2769703638711762,0.029906258101820175,0.009449147737781993,1.1176149660983627,True,True,True,True,True,True,True,True,False
0,0,59,EEG GRID 58-Ref,True,0.3222608751155711,0.09576882188871087,0.30977337890013057,0.019957344200529574,0.0025554560862626054,1.0749518684414936,True,True,True,True,True,True,True,True,False
0,0,60,EEG GRID 59-Ref,True,0.2709448863538252,0.11360062390181785,0.25248268329117673,0.03305163357475056,0.005256020994388669,1.123108519393237,True,True,True,True,True,True,True,True,False
0,0,61,EEG GRID 60-Ref,True,0.30297008479917037,0.10782488698504056,0.28950239753784884,0.041437398868648674,0.04143739886864856,1.0721138066325304,True,True,True,True,True,True,True,True,False
0,0,62,EEG GRID 61-Ref,False,0.22999101058203011,0.09391744520497645,0.21399532283947073,0.04105615544829673,0.018513064601136407,1.094506764825001,True,True,True,True,True,True,True,True,False
0,0,63,EEG GRID 62-Ref,True,0.2747399150350929,0.10305761515069281,0.253301950421711,0.032401664761058276,0.029525490446116014,1.0661382720314587,True,True,True,True,True,True,True,True,False
0,0,64,EEG GRID 63-Ref,False,0.29675436513487186,0.08121154545973971,0.2861863297263482,0.04597341575263556,0.0033330953210377007,1.5111827204715416,True,True,True,True,True,True,True,True,False
0,0,65,EEG GRID 64-Ref,True,0.2866794475399441,0.06613707786110315,0.2779953629887856,0.03288951343972939,0.015680234913548256,1.1750665454277467,True,True,True,True,True,True,True,True,False
0,0,66,EEG LA 01-Ref,True,0.30160313185456533,0.10910170734601761,0.2700527584717943,0.031900224977552516,0.003531995642132083,1.0011063045234312,True,True,True,True,True,True,True,True,False
0,0,67,EEG LA 02-Ref,True,0.3206491475259771,0.11375942233479479,0.2794623390527455,0.03921651302606081,0.03470066214434131,1.0164413264921341,True,True,True,True,True,True,True,True,False
0,0,68,EEG LA 03-Ref,True,0.4044838245827418,0.1264160954981779,0.3788715546809114,0.07673775060481641,0.04996421470071176,1.4867744631305326,True,True,True,True,True,True,True,True,False
0,0,69,EEG LA 04-Ref,True,0.4216899971683412,0.13238936864478118,0.39045071964773453,0.0702442182609362,0.04053381619335266,1.49573860214102,True,True,True,True,True,True,True,True,False
0,0,70,EEG LFP 01-Ref,True,0.3943764711889659,0.13148216074835983,0.3604915807282353,0.1001961186270743,0.015806135393223612,1.0803369293659648,True,True,True,True,True,True,True,True,False
0,0,71,EEG LFP 02-Ref,True,0.42566923288844494,0.12765988369478007,0.3910327591303224,0.0888435410388717,0.01050254168239741,1.0779902996293427,True,True,True,True,True,True,True,True,False
0,0,72,EEG LFP 03-Ref,True,0.39587101952019504,0.11888768527657863,0.3594029650972914,0.06810316053893409,0.0027282372623070716,1.1393429230862528,True,True,True,True,True,True,True,True,False
0,0,73,EEG LFP 04-Ref,True,0.451095397488255,0.1612019436942265,0.3989878241703721,0.1082270616487378,0.029441316779755977,1.1451060808508937,True,True,True,True,True,True,True,True,False
0,0,74,EEG LFP 05-Ref,True,0.45576162765353107,0.1516465007817281,0.4130881259399293,0.09763289349214481,0.03669755920544325,1.1314517055615179,True,True,True,True,True,True,True,True,False
0,0,75,EEG LFP 06-Ref,True,0.402966262150294,0.1090006974133232,0.3774231338377693,0.06607413418039268,0.01902813284745211,1.207582758031933,True,True,True,True,True,True,True,True,False
0,0,76,EEG LH 01-Ref,True,0.37044569512808867,0.09267077984845523,0.3511760714375131,0.03923389923941855,0.0036542965814148586,1.1575617383784143,True,True,True,True,True,True,True,True,False
0,0,77,EEG LH 02-Ref,True,0.4037399647377665,0.10243671004234647,0.382412914916395,0.04610737713998517,0.01457620131452482,1.1910773318487495,True,True,True,True,True,True,True,True,False
0,0,78,EEG LH 03-Ref,True,0.41820990843550526,0.1090845879421546,0.3976074776380924,0.05769557112214701,0.03071744099404677,1.3914277935372394,True,True,True,True,True,True,True,True,False
0,0,79,EEG LH 04-Ref,True,0.3469958368040284,0.09030844603974003,0.3253870764964218,0.033929330037207335,0.019156516183432445,1.2120961167213944,True,True,True,True,True,True,True,True,False
0,0,80,EEG MST 03-Ref,True,0.42451544487364457,0.1910727828452808,0.3834389564166681,0.09203599013565775,0.06057015667789584,1.4942124579827796,True,True,True,True,True,True,True,True,False
0,0,81,EEG MST 04-Ref,False,0.2699564585083887,0.11983077031111079,0.24346043723270241,0.060500721547551456,0.03930037267461687,1.3900841808140796,True,True,True,True,True,True,True,True,False
0,0,82,EEG OF 01-Ref,True,0.4646261392305174,0.19570832390922166,0.42904436186473544,0.14889523207233243,0.01563751349731358,1.4607063133320997,True,True,True,True,True,True,True,True,False
0,0,83,EEG OF 02-Ref,True,0.49456394116654295,0.2133062526208453,0.4619586320456768,0.16731393398732403,0.012443665137744635,1.5442418382697825,True,True,True,True,True,True,True,True,False
0,0,84,EEG OF 03-Ref,True,0.4970951727220915,0.21394055174257837,0.4640046593175882,0.16700313083525894,0.012213073709050889,1.529163230806592,True,True,True,True,True,True,True,True,False
0,0,85,EEG OF 04-Ref,True,0.48173585191158347,0.1999658073579456,0.4517041479574509,0.1558881834198686,0.00869959250740031,1.5733525270390982,True,True,True,True,True,True,True,True,False
0,0,86,EEG OF 05-Ref,True,0.42370483565343176,0.1564652071042203,0.3961670659438116,0.11534791749973113,0.0027704198518831652,1.5034767012282777,True,True,True,True,True,True,True,True,False
0,0,87,EEG OF 06-Ref,True,0.37356145092327886,0.14495590588990667,0.3355496007277769,0.08928851966736764,0.010029690679060687,1.2761058344997727,True,True,True,True,True,True,True,True,False
0,0,88,EEG OF 07-Ref,True,0.3205764251568383,0.11453549972635062,0.30006025294283134,0.06089006571744453,0.0019816561908479,1.2393983433641855,True,True,True,True,True,True,True,True,False
0,0,89,EEG OF 08-Ref,True,0.30030603528790095,0.1170032611977453,0.28902298159459705,0.07583421949129407,0.023503337036901,1.3815565985189766,True,True,True,True,True,True,True,True,False
0,0,90,EEG PPO 03-Ref,False,0.231840766789371,0.12893179001625085,0.16560856327911708,0.020524277398719412,0.007634949377665269,1.2576463294953664,True,True,True,True,True,True,True,True,False
0,0,91,EEG PPO 04-Ref,True,0.37117038282640724,0.13878325954533768,0.33018081175153985,0.04368609354866589,0.0011499174848019931,1.366358014318149,True,True,True,True,True,True,True,True,False
0,0,92,EEG PPO 05-Ref,False,0.3976594682833672,0.16301412137052065,0.36900597143590447,0.12000069371933662,0.015619765619895424,1.882739596377997,True,True,True,True,True,True,True,True,False
0,0,93,EEG PPO 06-Ref,False,0.26535303778185254,0.11789500857690383,0.22528602901780387,0.05277344268940465,0.014076950089088443,1.2048458514265008,True,True,True,True,True,True,True,True,False
0,0,94,EEG PST 03-Ref,False,0.4722556185193507,0.21241554509648566,0.4458919452882391,0.1504898513590382,0.07091217260128464,2.195214757405281,True,True,True,True,True,True,False,False,False
0,0,95,EEG PST 04-Ref,False,0.47519692756745513,0.2121595178746694,0.4428093929353512,0.15240102829762264,0.07426835616421569,2.401711255787487,True,True,True,True,True,True,False,False,False
0,1,0,EEG AST 01-Ref,True,0.4383744209423678,0.11525697838609221,0.4203293611986578,0.07163274497481546,0.014237451762438557,1.653908790360968,True,True,True,True,True,True,True,True,False
0,1,1,EEG AST 02-Ref,True,0.5005762286709263,0.12278801452403174,0.4799086150849013,0.08046622866506971,0.030542577192177938,2.1235942332836273,True,True,True,True,True,True,False,False,False
0,1,2,EEG AST 03-Ref,True,0.4873788892061626,0.09533094179215419,0.4742659655104705,0.06715677456698961,0.024244622244675555,2.963096650143695,True,True,True,True,True,True,False,False,False
0,1,3,EEG AST 04-Ref,True,0.3514776145025477,0.09889965978344534,0.33823793554510406,0.057723409321043105,0.019546575325687283,1.7255738390599682,True,True,True,True,True,True,True,True,False
0,1,4,EEG GRID 01-Ref,False,0.21772866901449314,0.09795048919611157,0.1964640554474388,0.04523775399632411,0.021128741800404225,1.2444600111523447,True,True,True,True,True,True,True,True,False
0,1,5,EEG GRID 02-Ref,True,0.30202794758310664,0.10952292405089609,0.28664850068974645,0.059197425900708416,3.9780270877228744e-05,1.292311600370188,True,True,True,True,True,True,True,True,False
0,1,6,EEG GRID 03-Ref,True,0.3126922078232847,0.11437883097741319,0.2874614360382831,0.053358319789247835,0.007882504441366008,1.177168509985624,True,True,True,True,True,True,True,True,False
0,1,7,EEG GRID 04-Ref,True,0.2872955979658234,0.07532010866683546,0.2777069575785429,0.03382161276749824,0.005648814628830978,1.1778557496408373,True,True,True,True,True,True,True,True,False
0,1,8,EEG GRID 05-Ref,True,0.3383091537006127,0.0826198197135489,0.32903067234720645,0.04093648578261755,0.003532458482270779,1.2931187479753246,True,True,True,True,True,True,True,True,False
0,1,9,EEG GRID 06-Ref,False,0.26811483750744736,0.10652247979790253,0.25269044408126545,0.06135748927117092,0.00138316664384951,1.3693899092060395,True,True,True,True,True,True,True,True,False
0,1,10,EEG GRID 07-Ref,True,0.35139987801889216,0.11758733247114903,0.33246440728311283,0.0505961449387456,0.014329620964074608,1.2018060440108234,True,True,True,True,True,True,True,True,False
0,1,11,EEG GRID 08-Ref,False,0.3728604277402583,0.15937901712257468,0.349043268636418,0.11486053571088868,0.007572351356199169,1.586523949646465,True,True,True,True,True,True,True,True,False
0,1,12,EEG GRID 09-Ref,True,0.3245899089480565,0.13035150046191726,0.30565139542188435,0.05265786333645187,0.004000136987937789,1.2024616429623494,True,True,True,True,True,True,True,True,False
0,1,13,EEG GRID 10-Ref,True,0.3011364543424474,0.09620511884292936,0.28146214067844344,0.039824432882968205,0.012575423761079929,1.0549383213048469,True,True,True,True,True,True,True,True,False
0,1,14,EEG GRID 11-Ref,True,0.26766076927802007,0.10768084360488601,0.24976793096085395,0.055545034445820936,0.01937070360366005,1.1434230626090727,True,True,True,True,True,True,True,True,False
0,1,15,EEG GRID 12-Ref,True,0.3329548764117164,0.10505739010333846,0.3164083178765902,0.045534328034221354,0.010905231356530185,1.1425734913639631,True,True,True,True,True,True,True,True,False
0,1,16,EEG GRID 13-Ref,True,0.33978000648542744,0.0864616477657761,0.33167131986190057,0.045977189004686524,0.005165982392184625,1.263148077047026,True,True,True,True,True,True,True,True,False
0,1,17,EEG GRID 14-Ref,True,0.32453810055158255,0.10230668196380843,0.3115171832823358,0.05117007392169062,0.00939256042563183,1.152233094229178,True,True,True,True,True,True,True,True,False
0,1,18,EEG GRID 15-Ref,True,0.3876309680838777,0.13986492955926172,0.36860659454279077,0.09027983147842789,0.020228056206709276,1.629406392565847,True,True,True,True,True,True,True,True,False
0,1,19,EEG GRID 16-Ref,False,0.3375966902365419,0.16765276958908965,0.3142489324908066,0.11111984966083144,0.016978966309409507,1.5122685625137358,True,True,True,True,True,True,True,True,False
0,1,20,EEG GRID 17-Ref,True,0.3044157197282862,0.09835598143167833,0.28954952433100356,0.0295259247431784,0.009324897246662543,1.1647721566585065,True,True,True,True,True,True,True,True,False
0,1,21,EEG GRID 18-Ref,True,0.34696602592352016,0.08952370053979118,0.33020898259621945,0.026334160581068616,0.0014486468756754304,1.1086545151352067,True,True,True,True,True,True,True,True,False
0,1,22,EEG GRID 19-Ref,False,0.2971968561401269,0.08716379002795163,0.28478582050262335,0.051073557247665435,0.0076499638512702636,1.4195793317666259,True,True,True,True,True,True,True,True,False
0,1,23,EEG GRID 21-Ref,True,0.2839388877921463,0.119979672400384,0.2705624429074425,0.07262474702307274,0.008327334182692579,1.2117989567165655,True,True,True,True,True,True,True,True,False
0,1,24,EEG GRID 22-Ref,False,0.23707176940129698,0.08129409611030722,0.22532424466417644,0.04088590615524292,0.005947676308695239,1.1139672827562428,True,True,True,True,True,True,True,True,False
0,1,25,EEG GRID 23-Ref,True,0.3653039919660174,0.1258143569140566,0.35043643808463276,0.07356468275435624,0.00577559130293849,1.539567062578716,True,True,True,True,True,True,True,True,False
0,1,26,EEG GRID 24-Ref,True,0.35225740625608654,0.12180833911454378,0.3348387066968238,0.07185579971651052,0.0027110844029370872,1.6216326427345982,True,True,True,True,True,True,True,True,False
0,1,27,EEG GRID 25-Ref,False,0.2387617176385414,0.10230622100690369,0.21960073322319668,0.04964418087334502,0.02278875181767261,1.2222435447268973,True,True,True,True,True,True,True,True,False
0,1,28,EEG GRID 26-Ref,True,0.25764528931615527,0.10247633196707932,0.23230175662390587,0.037177607121770546,0.0059415299278391676,1.0842818195175357,True,True,True,True,True,True,True,True,False
0,1,29,EEG GRID 27-Ref,True,0.24037848372638504,0.10850315858278434,0.20938804626430835,0.02992326719379964,0.013443986065981683,1.0421783793078736,True,True,True,True,True,True,True,True,False
0,1,30,EEG GRID 28-Ref,False,0.2557293367144675,0.11219280726263706,0.24023742130066056,0.07336115674343345,0.0072806053945418045,1.3692460901156203,True,True,True,True,True,True,True,True,False
0,1,31,EEG GRID 29-Ref,True,0.3602929202511092,0.07422018819631344,0.35304276544668184,0.031127791207577495,0.011951695558780452,1.1275969049678063,True,True,True,True,True,True,True,True,False
0,1,32,EEG GRID 30-Ref,True,0.3256036822603182,0.06597197587479094,0.3194981751236542,0.03053201870688526,0.00885368749490066,1.0356091670143037,True,True,True,True,True,True,True,True,False
0,1,33,EEG GRID 31-Ref,True,0.3746157142029334,0.11676529458507419,0.35343549580607025,0.05811852556126583,0.017109992014365895,1.3145135173594424,True,True,True,True,True,True,True,True,False
0,1,34,EEG GRID 32-Ref,True,0.364910471996273,0.0755376999747651,0.3551461041378166,0.037902980302823235,0.017205549347042888,1.195384319761062,True,True,True,True,True,True,True,True,False
0,1,35,EEG GRID 33-Ref,True,0.30408947372331335,0.11000708318122732,0.2648188825246223,0.03541981778245906,0.0236292764583708,1.2159565873752942,True,True,True,True,True,True,True,True,False
0,1,36,EEG GRID 35-Ref,True,0.3293216404236807,0.09299692603653752,0.3101190194031699,0.03498375460214853,0.020905070497140386,1.2514635589039753,True,True,True,True,True,True,True,True,False
0,1,37,EEG GRID 36-Ref,True,0.3468231536101001,0.08827209011930291,0.3318075773669902,0.03192744702957594,0.018348961895076236,1.1188010429529376,True,True,True,True,True,True,True,True,False
0,1,38,EEG GRID 37-Ref,False,0.33972152167424374,0.08606311614151271,0.3306615710193925,0.04183434398995564,0.004064505355450922,1.3072174462108492,True,True,True,True,True,True,True,True,False
0,1,39,EEG GRID 38-Ref,False,0.2760528328152562,0.07718507355894938,0.26704442907048304,0.03339391632840875,0.002387242436952884,1.0999756601892894,True,True,True,True,True,True,True,True,False
0,1,40,EEG GRID 39-Ref,True,0.3860373282458414,0.11688428482456403,0.37000154266062324,0.07240647110492128,0.03666107897676363,1.509351584868789,True,True,True,True,True,True,True,True,False
0,1,41,EEG GRID 40-Ref,False,0.3600014631454773,0.07931310115000233,0.3522816819731779,0.05682324980410982,0.025062343909029443,1.448725967962015,True,True,True,True,True,True,True,True,False
0,1,42,EEG GRID 41-Ref,True,0.293651721475109,0.10301503424010786,0.2720184850059695,0.02871220971202178,0.02335570722172054,1.2645551675935744,True,True,True,True,True,True,True,True,False
0,1,43,EEG GRID 42-Ref,True,0.3672975115752014,0.10244165252970318,0.33579280859448113,0.030675464695448136,0.014437408937783659,1.2723489503479886,True,True,True,True,True,True,True,True,False
0,1,44,EEG GRID 43-Ref,True,0.39150712080094363,0.11138424275757731,0.3624772348903249,0.04564920551319273,0.02012565793470305,1.3374516636722624,True,True,True,True,True,True,True,True,False
0,1,45,EEG GRID 44-Ref,True,0.38577675962374,0.10281063066226571,0.3632647033422361,0.03806390440920184,0.02503186067787922,1.2668375488002472,True,True,True,True,True,True,True,True,False
0,1,46,EEG GRID 45-Ref,True,0.37242051694874295,0.08989692123347147,0.3648802791649222,0.04410023620924851,0.023754392139407637,1.3329586903721844,True,True,True,True,True,True,True,True,False
0,1,47,EEG GRID 46-Ref,True,0.38321667854866287,0.08618219090565418,0.3776495524599323,0.04598033074393563,0.027262937586434857,1.2927653577414664,True,True,True,True,True,True,True,True,False
0,1,48,EEG GRID 47-Ref,True,0.37015308110142964,0.07932867310499228,0.3639553021182379,0.044898119840908524,0.029336147030528236,1.471086543838688,True,True,True,True,True,True,True,True,False
0,1,49,EEG GRID 48-Ref,False,0.32405836911979935,0.08844332637110157,0.3116544195256132,0.04568243394109479,0.02660150783767825,1.2342093118538977,True,True,True,True,True,True,True,True,False
0,1,50,EEG GRID 49-Ref,True,0.2919598079385435,0.09928911066496675,0.27037487561121615,0.01605400454970477,0.001290617946544728,1.1280704269137534,True,True,True,True,True,True,True,True,False
0,1,51,EEG GRID 50-Ref,True,0.2656323291220538,0.09385263723751942,0.2490674481123444,0.025630505329201133,0.01654349558505127,1.2079830291601084,True,True,True,True,True,True,True,True,False
0,1,52,EEG GRID 51-Ref,True,0.3315893805445252,0.10748556187548251,0.31843037715996003,0.04764131500989294,0.0037637201862458173,1.2972196879258655,True,True,True,True,True,True,True,True,False
0,1,53,EEG GRID 52-Ref,True,0.2885167302514326,0.09984225599779088,0.2731245673359209,0.030857342787653647,0.013445759586747605,1.212346011710557,True,True,True,True,True,True,True,True,False
0,1,54,EEG GRID 53-Ref,True,0.32612711378141834,0.09760409563748916,0.3052960269639325,0.024972510842421133,0.005079667227976816,1.1260907908438333,True,True,True,True,True,True,True,True,False
0,1,55,EEG GRID 54-Ref,True,0.3677531687441436,0.0852349976097347,0.3619932339002784,0.034893141999819306,0.015800625678155024,1.2896029746891,True,True,True,True,True,True,True,True,False
0,1,56,EEG GRID 55-Ref,True,0.331447184133496,0.07856382005968986,0.3241646844500232,0.03747774528915738,0.019143360615672993,1.3170293248333584,True,True,True,True,True,True,True,True,False
0,1,57,EEG GRID 56-Ref,True,0.3450119059240941,0.08523369145318943,0.3302386945701706,0.026058485839125484,0.011860832649582391,1.1675841432392047,True,True,True,True,True,True,True,True,False
0,1,58,EEG GRID 57-Ref,True,0.2961979371335276,0.10365798414568611,0.27173103035518004,0.02377564706903851,0.009868902645856858,1.094083785235458,True,True,True,True,True,True,True,True,False
0,1,59,EEG GRID 58-Ref,True,0.31507910668546724,0.09529824390168772,0.3003011123156592,0.018005227021858382,0.0028852203999120605,1.0519420775166957,True,True,True,True,True,True,True,True,False
0,1,60,EEG GRID 59-Ref,True,0.27480856917801666,0.11491320471679116,0.25202813051292294,0.03547803030838803,0.005007876193722942,1.108744948922026,True,True,True,True,True,True,True,True,False
0,1,61,EEG GRID 60-Ref,True,0.30351637126156794,0.10577491456048815,0.28610941581157046,0.04141996833235227,0.04141996833235232,1.0936828154017815,True,True,True,True,True,True,True,True,False
0,1,62,EEG GRID 61-Ref,False,0.24946360214108726,0.09814689089508745,0.23295812448276235,0.050766535583548926,0.018378410638904698,1.153568411451205,True,True,True,True,True,True,True,True,False
0,1,63,EEG GRID 62-Ref,True,0.2781627579281695,0.10301115712081035,0.2555830853122407,0.03280023869775555,0.02938427304296268,1.058621966508793,True,True,True,True,True,True,True,True,False
0,1,64,EEG GRID 63-Ref,False,0.2951028787286063,0.0805187423274876,0.28467426333832424,0.04625803951439982,0.0033414794706818065,1.493305775006792,True,True,True,True,True,True,True,True,False
0,1,65,EEG GRID 64-Ref,True,0.28955182469361784,0.06570095162556525,0.28130274409731726,0.03328891934798837,0.01576571820957785,1.1728025112939966,True,True,True,True,True,True,True,True,False
0,1,66,EEG LA 01-Ref,True,0.30009173344529677,0.10824479846381663,0.2666205199847731,0.032669351398786996,0.00281125179899447,1.0123256007249641,True,True,True,True,True,True,True,True,False
0,1,67,EEG LA 02-Ref,True,0.342288915713636,0.11379040018234811,0.2993113796523585,0.03928835451678073,0.035201199208457205,1.0078829202299913,True,True,True,True,True,True,True,True,False
0,1,68,EEG LA 03-Ref,True,0.44236410640600543,0.12710034387708508,0.4171833933410379,0.07295552736509597,0.050048624548973145,1.4620086227338416,True,True,True,True,True,True,True,True,False
0,1,69,EEG LA 04-Ref,True,0.4632377090643108,0.13356441612801478,0.4325008231030985,0.0707961513687419,0.04076513869258864,1.4878589318885305,True,True,True,True,True,True,True,True,False
0,1,70,EEG LFP 01-Ref,True,0.403973105082472,0.13680323272684286,0.3696643725612921,0.10561149728046638,0.015458390220837703,1.1049568365529967,True,True,True,True,True,True,True,True,False
0,1,71,EEG LFP 02-Ref,True,0.43798851191255644,0.13208364162907776,0.40469105487936236,0.09465168414548772,0.010081593995831686,1.1015139442020574,True,True,True,True,True,True,True,True,False
0,1,72,EEG LFP 03-Ref,True,0.40303393722506037,0.11774566612266936,0.3641451081085611,0.07035828268720241,0.0030766176417686177,1.1479033770139375,True,True,True,True,True,True,True,True,False
0,1,73,EEG LFP 04-Ref,True,0.4541091996828153,0.1622543311092956,0.40176246669266186,0.11285632436816617,0.029994833222968073,1.1660843350181913,True,True,True,True,True,True,True,True,False
0,1,74,EEG LFP 05-Ref,True,0.4482240310413706,0.15140847744727645,0.4046554704018164,0.10058296911375592,0.03722250181069568,1.1504719929589038,True,True,True,True,True,True,True,True,False
0,1,75,EEG LFP 06-Ref,True,0.3816183953055093,0.10969769723893096,0.35686860234261414,0.06967368763543699,0.01935887863481567,1.2301210178316295,True,True,True,True,True,True,True,True,False
0,1,76,EEG LH 01-Ref,True,0.374797338502589,0.09168785636095325,0.35242367786605405,0.038547412580082596,0.004304157620857739,1.1433586034822378,True,True,True,True,True,True,True,True,False
0,1,77,EEG LH 02-Ref,True,0.4328536695026341,0.10222426019672716,0.4095813201839267,0.04457380855965628,0.014973613487486133,1.1730630202748695,True,True,True,True,True,True,True,True,False
0,1,78,EEG LH 03-Ref,True,0.45907805099419385,0.10991294288543743,0.437314270072137,0.05734475123902717,0.03100886892308879,1.3775584991976697,True,True,True,True,True,True,True,True,False
0,1,79,EEG LH 04-Ref,True,0.378662357179366,0.08950743338455662,0.3568357801782065,0.03406180946113787,0.019461888165049995,1.2007758079813755,True,True,True,True,True,True,True,True,False
0,1,80,EEG MST 03-Ref,True,0.43090395772771634,0.19086491900159366,0.3864920296362227,0.08950320234434353,0.06028907110492182,1.476363727296122,True,True,True,True,True,True,True,True,False
0,1,81,EEG MST 04-Ref,False,0.27556558437265866,0.11626550995005513,0.24911933739659334,0.0542717352351337,0.039609621613376805,1.3577871809159723,True,True,True,True,True,True,True,True,False
0,1,82,EEG OF 01-Ref,True,0.486606279663024,0.19231834523758248,0.44726778339679735,0.14612877440573938,0.015697635197775808,1.4364053200885774,True,True,True,True,True,True,True,True,False
0,1,83,EEG OF 02-Ref,True,0.5173708625473433,0.20932372262625415,0.480712305433347,0.16396433818994618,0.012498084104605093,1.5196391507416094,True,True,True,True,True,True,True,True,False
0,1,84,EEG OF 03-Ref,True,0.5205427400162729,0.20997329735374767,0.4827657516484355,0.16360616706319195,0.012341629309940462,1.5043205614645014,True,True,True,True,True,True,True,True,False
0,1,85,EEG OF 04-Ref,True,0.5052558174222819,0.1969458541014744,0.47084615350793685,0.15211570751171424,0.008862060248082318,1.5517985705910073,True,True,True,True,True,True,True,True,False
0,1,86,EEG OF 05-Ref,True,0.4471060405712824,0.15543829103372742,0.4157566445517456,0.1124555723539101,0.0029664300159158003,1.4878773904106415,True,True,True,True,True,True,True,True,False
0,1,87,EEG OF 06-Ref,True,0.39702757759622614,0.14510652649829409,0.35666671901404495,0.08666003196202532,0.009705756885949612,1.2696633140829596,True,True,True,True,True,True,True,True,False
0,1,88,EEG OF 07-Ref,True,0.33504073900729314,0.1179172668288969,0.3143296146656441,0.06300118438709704,0.0015781803920062393,1.2422739816177573,True,True,True,True,True,True,True,True,False
0,1,89,EEG OF 08-Ref,True,0.30659861055137544,0.12050963174698659,0.29746100826544797,0.0809585165620075,0.023231230013835223,1.4060795036159444,True,True,True,True,True,True,True,True,False
0,1,90,EEG PPO 03-Ref,False,0.23211753886971737,0.12706310737298573,0.16870195398423593,0.02370669663238319,0.0076210778490427376,1.2651531096389343,True,True,True,True,True,True,True,True,False
0,1,91,EEG PPO 04-Ref,True,0.3735427291251229,0.1381456335277084,0.3303587471855054,0.04892249839610446,0.0011273660371134485,1.3855507791935118,True,True,True,True,True,True,True,True,False
0,1,92,EEG PPO 05-Ref,False,0.40553256717160896,0.16775827345855324,0.3782687575955309,0.12739215544890833,0.015555654823246714,1.9185902021211807,True,True,True,True,True,True,True,True,False
0,1,93,EEG PPO 06-Ref,False,0.2633192859166683,0.11796968392686989,0.2249868592542681,0.05706523007276673,0.013943388752689202,1.2291295856700295,True,True,True,True,True,True,True,True,False
0,1,94,EEG PST 03-Ref,False,0.48570195161373003,0.21190979554587971,0.45668634429753746,0.15297269760546123,0.07089250644722206,2.1951277515910155,True,True,True,True,True,True,False,False,False
0,1,95,EEG PST 04-Ref,False,0.48263886703560377,0.21210344883829574,0.4480143499900152,0.1538244793640023,0.07423048654307361,2.3992813576284466,True,True,True,True,True,True,False,False,False
0,2,0,EEG AST 01-Ref,True,0.4239155628905068,0.11529156509300635,0.4043546288165308,0.07190764572363026,0.01379374197073093,1.6482372696119327,True,True,True,True,True,True,True,True,False
0,2,1,EEG AST 02-Ref,True,0.467501985498866,0.12253125402449995,0.4473002490735116,0.0793633163807483,0.030121400729716783,2.1136736712389776,True,True,True,True,True,True,False,False,False
0,2,2,EEG AST 03-Ref,True,0.4530492992981269,0.09511030582285378,0.44002334810954413,0.06655376063636895,0.024072258972781257,2.9611429881695925,True,True,True,True,True,True,False,False,False
0,2,3,EEG AST 04-Ref,True,0.33573200834738226,0.09783308657473466,0.3213975119605741,0.05572239356357081,0.019332654632903516,1.7214883411237112,True,True,True,True,True,True,True,True,False
0,2,4,EEG GRID 01-Ref,False,0.23051462864988279,0.09926736878092265,0.21025971569860472,0.046900881773123834,0.02157759351846826,1.262094273700414,True,True,True,True,True,True,True,True,False
0,2,5,EEG GRID 02-Ref,True,0.3059681431802792,0.10833499157435368,0.2916216318887196,0.05852745480121082,0.00044304387365198144,1.282912164959929,True,True,True,True,True,True,True,True,False
0,2,6,EEG GRID 03-Ref,True,0.30418103573929606,0.11413957927411444,0.2809667131085776,0.052397879909639844,0.007362583871799755,1.1628745299603425,True,True,True,True,True,True,True,True,False
0,2,7,EEG GRID 04-Ref,True,0.2525870999495369,0.07334044895405345,0.24231677366939566,0.0288128024405824,0.005976589016515697,1.126624617432765,True,True,True,True,True,True,True,True,False
0,2,8,EEG GRID 05-Ref,True,0.32644874896961584,0.08203953725426226,0.3162682564791552,0.037969770100693856,0.0034839418293058097,1.2714588857501767,True,True,True,True,True,True,True,True,False
0,2,9,EEG GRID 06-Ref,False,0.2691579391862434,0.10733574268827538,0.25616480751110327,0.06245104162922934,0.0014997721764964341,1.3837305266540982,True,True,True,True,True,True,True,True,False
0,2,10,EEG GRID 07-Ref,True,0.3331854930124085,0.11825726277786915,0.3153677670762615,0.0513213945943874,0.014015608181562075,1.2090226026662094,True,True,True,True,True,True,True,True,False
0,2,11,EEG GRID 08-Ref,False,0.36623838574021733,0.16071493383475788,0.3449654753490749,0.11750472481296152,0.007284472254891311,1.606029661306656,True,True,True,True,True,True,True,True,False
0,2,12,EEG GRID 09-Ref,True,0.3253099678490844,0.12901453376410807,0.3059809110020568,0.05101000314112715,0.004499022464895329,1.1954104727376358,True,True,True,True,True,True,True,True,False
0,2,13,EEG GRID 10-Ref,True,0.3016764440182259,0.09589060248000485,0.28273385388254313,0.03993237692898507,0.012962360342838609,1.041890858574444,True,True,True,True,True,True,True,True,False
0,2,14,EEG GRID 11-Ref,True,0.27575688883518035,0.10496541683192605,0.25728220290387044,0.05450089277260366,0.019811914443264248,1.1188680134223177,True,True,True,True,True,True,True,True,False
0,2,15,EEG GRID 12-Ref,True,0.31915903463325085,0.10714445674329204,0.30149714315345183,0.04841660195135393,0.010998856278737017,1.1497408217040739,True,True,True,True,True,True,True,True,False
0,2,16,EEG GRID 13-Ref,True,0.30547729012476094,0.08585050751632044,0.29434025031469163,0.04352484949458672,0.00469958038308286,1.2488052192533983,True,True,True,True,True,True,True,True,False
0,2,17,EEG GRID 14-Ref,True,0.28493747409636977,0.09736900774387836,0.2683531625183849,0.044526410788896756,0.010020098690082118,1.1073335296736455,True,True,True,True,True,True,True,True,False
0,2,18,EEG GRID 15-Ref,True,0.35348784520001675,0.13833937236018054,0.3367189075606619,0.08502088245797376,0.020968771199007325,1.6139886324792854,True,True,True,True,True,True,True,True,False
0,2,19,EEG GRID 16-Ref,False,0.3108945184060043,0.16085739685992878,0.28905242383838275,0.10559459338131656,0.017477770364204802,1.5066901314120729,True,True,True,True,True,True,True,True,False
0,2,20,EEG GRID 17-Ref,True,0.28913387888826264,0.09810498945416046,0.2741350376801554,0.028366444723376242,0.00953413676872621,1.1576210092849164,True,True,True,True,True,True,True,True,False
0,2,21,EEG GRID 18-Ref,True,0.3385181174026888,0.08931001457074485,0.31700586511492723,0.024247854746678493,0.0017622110678710374,1.0839693603193656,True,True,True,True,True,True,True,True,False
0,2,22,EEG GRID 19-Ref,False,0.2970803131154409,0.08577494479552451,0.28618123060057127,0.04932787487483533,0.007923380065086714,1.4221530329352583,True,True,True,True,True,True,True,True,False
0,2,23,EEG GRID 21-Ref,True,0.25827595232438466,0.1107908895202254,0.24442607047953196,0.06473902570219087,0.008047429775669171,1.1823636033270652,True,True,True,True,True,True,True,True,False
0,2,24,EEG GRID 22-Ref,False,0.2164396717939599,0.07747848569154518,0.2038392337241407,0.037221416738958825,0.006447464784691252,1.0822439055773612,True,True,True,True,True,True,True,True,False
0,2,25,EEG GRID 23-Ref,True,0.3428831551732229,0.12647068136762457,0.32770843027982666,0.07230642797900916,0.0052163687410355245,1.540320509210787,True,True,True,True,True,True,True,True,False
0,2,26,EEG GRID 24-Ref,True,0.32815776317795586,0.12134736759632865,0.31120445588033235,0.07091738381403632,0.0027247638389578917,1.6269103845383697,True,True,True,True,True,True,True,True,False
0,2,27,EEG GRID 25-Ref,False,0.2310866123901073,0.10162386897530362,0.21204229581092457,0.04876169764753157,0.02289542436355012,1.2275524401285376,True,True,True,True,True,True,True,True,False
0,2,28,EEG GRID 26-Ref,True,0.2541132215462078,0.10357128603851318,0.22574609351072664,0.02934295093071781,0.005796395595641331,1.0627546363336833,True,True,True,True,True,True,True,True,False
0,2,29,EEG GRID 27-Ref,True,0.2530610493233633,0.10818881111906387,0.22584185083457314,0.03072386989834482,0.013432054758569257,1.05814431948926,True,True,True,True,True,True,True,True,False
0,2,30,EEG GRID 28-Ref,False,0.24082913948151052,0.11098790487935398,0.22457491154186712,0.07182011402042938,0.007069581247468415,1.3638447541435783,True,True,True,True,True,True,True,True,False
0,2,31,EEG GRID 29-Ref,True,0.3131504566039498,0.07481744162115893,0.3057576400076156,0.02768213821491051,0.012378707383081887,1.1047449507511151,True,True,True,True,True,True,True,True,False
0,2,32,EEG GRID 30-Ref,True,0.29851540684551847,0.06546712365159879,0.293037014114687,0.02771645377905956,0.008831634881236677,1.0215786776247764,True,True,True,True,True,True,True,True,False
0,2,33,EEG GRID 31-Ref,True,0.3621137488131677,0.11675035622152342,0.3408227386834273,0.055473370523632895,0.01768781060986198,1.3056915066194965,True,True,True,True,True,True,True,True,False
0,2,34,EEG GRID 32-Ref,True,0.34600420005246246,0.0747264397872435,0.33643012219957996,0.03601054654929903,0.01792075344104791,1.1858116142743775,True,True,True,True,True,True,True,True,False
0,2,35,EEG GRID 33-Ref,True,0.3078400719334083,0.11253779253922822,0.2715467028811509,0.03498336691209683,0.023797589314996672,1.2194165810236102,True,True,True,True,True,True,True,True,False
0,2,36,EEG GRID 35-Ref,True,0.33762451906650087,0.09377095041626472,0.31749177965897735,0.03411549609474926,0.020428444403915915,1.2384702482147318,True,True,True,True,True,True,True,True,False
0,2,37,EEG GRID 36-Ref,True,0.33687856276074024,0.08778191727452656,0.31914858106366495,0.027378452066761236,0.017662217995942545,1.0809534873778766,True,True,True,True,True,True,True,True,False
0,2,38,EEG GRID 37-Ref,False,0.3026902462059624,0.08451837044414068,0.2929721251021065,0.03749367872388318,0.004219978491385869,1.2808148701232,True,True,True,True,True,True,True,True,False
0,2,39,EEG GRID 38-Ref,False,0.26672030609920916,0.07747247955406013,0.2563742265886058,0.03237919352508448,0.0026015408124138465,1.081378852814749,True,True,True,True,True,True,True,True,False
0,2,40,EEG GRID 39-Ref,True,0.3684852016176834,0.11721465373561518,0.3514384411369575,0.06975959782485164,0.03698643564280317,1.4995864815967868,True,True,True,True,True,True,True,True,False
0,2,41,EEG GRID 40-Ref,False,0.3415390566621368,0.07848880380964861,0.3334772305244518,0.053612559452824574,0.025764848437876575,1.4260248834125564,True,True,True,True,True,True,True,True,False
0,2,42,EEG GRID 41-Ref,True,0.29241430612665525,0.1039357421833561,0.2723680885594449,0.029532426967398533,0.023707572442562247,1.2613069856235075,True,True,True,True,True,True,True,True,False
0,2,43,EEG GRID 42-Ref,True,0.3706090087722786,0.10475754259304716,0.3426693556722128,0.02930795957544331,0.014479625589982845,1.2622673809815035,True,True,True,True,True,True,True,True,False
0,2,44,EEG GRID 43-Ref,True,0.41891785432762646,0.11063456465441866,0.3910482396560538,0.043852013855469024,0.020063518427865877,1.3330611808973196,True,True,True,True,True,True,True,True,False
0,2,45,EEG GRID 44-Ref,True,0.4175064688466701,0.10137740884045379,0.3964497578394197,0.03750279785593313,0.024999902666434495,1.2681767354587867,True,True,True,True,True,True,True,True,False
0,2,46,EEG GRID 45-Ref,True,0.38746962538703505,0.089330790823451,0.3787979384311857,0.04282889452379719,0.023989396244310394,1.3322497930603205,True,True,True,True,True,True,True,True,False
0,2,47,EEG GRID 46-Ref,True,0.38537378217374135,0.08497317785700978,0.37971117960080436,0.0437418139645881,0.027527316938256906,1.275543869635008,True,True,True,True,True,True,True,True,False
0,2,48,EEG GRID 47-Ref,True,0.37386467019772474,0.0791661350063737,0.3680265602925622,0.04372098064860946,0.029630038094427633,1.465670092111701,True,True,True,True,True,True,True,True,False
0,2,49,EEG GRID 48-Ref,False,0.34213452227558777,0.08922030824597744,0.32973630391972736,0.04578718112575324,0.026974395660987822,1.2503597953613144,True,True,True,True,True,True,True,True,False
0,2,50,EEG GRID 49-Ref,True,0.3040209859193177,0.09850196639441644,0.2863415306217969,0.021639009841315924,0.001242426133258503,1.1639660766342106,True,True,True,True,True,True,True,True,False
0,2,51,EEG GRID 50-Ref,True,0.25983159432946645,0.09412597305052815,0.24077937480500922,0.023393583291518177,0.016829108407096716,1.1998732899921007,True,True,True,True,True,True,True,True,False
0,2,52,EEG GRID 51-Ref,True,0.3295572205949316,0.10649845012769553,0.3171742141926337,0.04515286739717012,0.0038782816301142975,1.2958041546455454,True,True,True,True,True,True,True,True,False
0,2,53,EEG GRID 52-Ref,True,0.2789078363195891,0.09766289460102304,0.2675280487064723,0.02850884619303057,0.01348315540057799,1.1985718777489933,True,True,True,True,True,True,True,True,False
0,2,54,EEG GRID 53-Ref,True,0.33977237673916594,0.09687819121624533,0.32086003846802574,0.023389132651447927,0.005307952899105862,1.1224395326885002,True,True,True,True,True,True,True,True,False
0,2,55,EEG GRID 54-Ref,True,0.3805063744494088,0.08583013559910325,0.3744731582610349,0.03515377303603778,0.016040668900572003,1.2970918847310933,True,True,True,True,True,True,True,True,False
0,2,56,EEG GRID 55-Ref,True,0.35296665680836226,0.07831273549285957,0.3470150249003026,0.03965896001456465,0.01925422570927243,1.3406859381037495,True,True,True,True,True,True,True,True,False
0,2,57,EEG GRID 56-Ref,True,0.37465730332546315,0.08497438150545186,0.36212839523602613,0.02681547827735944,0.01210901875622596,1.1879177211027379,True,True,True,True,True,True,True,True,False
0,2,58,EEG GRID 57-Ref,True,0.31428847390853903,0.1047513620883387,0.2934867632219658,0.029624042240985724,0.00999328501641281,1.1333241153336848,True,True,True,True,True,True,True,True,False
0,2,59,EEG GRID 58-Ref,True,0.3287216399091889,0.09467988006063494,0.31618485584464623,0.02213294166639565,0.0029903237154276035,1.0890835785735136,True,True,True,True,True,True,True,True,False
0,2,60,EEG GRID 59-Ref,True,0.2701447170814345,0.11376258032272799,0.24890780285391695,0.03430758431462095,0.004712217956515009,1.1108841421373428,True,True,True,True,True,True,True,True,False
0,2,61,EEG GRID 60-Ref,True,0.303754840148536,0.10703716285991335,0.2887185450220722,0.04151961759218184,0.041519617592182166,1.1018849598688465,True,True,True,True,True,True,True,True,False
0,2,62,EEG GRID 61-Ref,False,0.25244773752089605,0.10182939466997913,0.23685144491487536,0.050756227799285424,0.018478547602885347,1.1736003111562425,True,True,True,True,True,True,True,True,False
0,2,63,EEG GRID 62-Ref,True,0.2922286748064489,0.10379964840405353,0.27136818289126324,0.031066754578744735,0.029390088065547843,1.08864888482479,True,True,True,True,True,True,True,True,False
0,2,64,EEG GRID 63-Ref,False,0.2804955839409939,0.08071093043263981,0.26954980958612745,0.046213217735720645,0.0034313416476525545,1.5058874619902782,True,True,True,True,True,True,True,True,False
0,2,65,EEG GRID 64-Ref,True,0.285240910337475,0.06455609733259288,0.27647097547841565,0.030774956416715574,0.015879823802063413,1.1588773851286374,True,True,True,True,True,True,True,True,False
0,2,66,EEG LA 01-Ref,True,0.2765238121203483,0.11097069294336524,0.23823767552678057,0.03642274532930949,0.002945743212927263,1.0117104336578182,True,True,True,True,True,True,True,True,False
0,2,67,EEG LA 02-Ref,True,0.31567697159229124,0.11498406136949134,0.26716165132525305,0.038976830529787426,0.034869107475956854,1.0018857208735776,True,True,True,True,True,True,True,True,False
0,2,68,EEG LA 03-Ref,True,0.4157571964437916,0.12798561501067945,0.38840269214341955,0.0733980630920424,0.049810200562162524,1.464221176787315,True,True,True,True,True,True,True,True,False
0,2,69,EEG LA 04-Ref,True,0.4434571652533906,0.13395711415333336,0.40787876107629967,0.06953998303882182,0.04054333181847375,1.4813938865857406,True,True,True,True,True,True,True,True,False
0,2,70,EEG LFP 01-Ref,True,0.38901132118347787,0.13484187604909353,0.3573879199151176,0.10650422061126885,0.015040390132316681,1.114001546091079,True,True,True,True,True,True,True,True,False
0,2,71,EEG LFP 02-Ref,True,0.41914089743454674,0.13018555749421942,0.3882988058029869,0.09515779675478658,0.009629818621978104,1.11193058558849,True,True,True,True,True,True,True,True,False
0,2,72,EEG LFP 03-Ref,True,0.37925544579458775,0.1183803134048818,0.3445086074325355,0.07159512119394557,0.003754989975153751,1.1567894706687458,True,True,True,True,True,True,True,True,False
0,2,73,EEG LFP 04-Ref,True,0.42675360235742443,0.1597818582462267,0.3750439789735254,0.1139222539238099,0.030611546804941735,1.1619886640924246,True,True,True,True,True,True,True,True,False
0,2,74,EEG LFP 05-Ref,True,0.42232590689026367,0.15020172048344044,0.37645459978562473,0.10243923930937772,0.03769204086512936,1.1423116397504103,True,True,True,True,True,True,True,True,False
0,2,75,EEG LFP 06-Ref,True,0.35966839941191187,0.10688691245994919,0.33223595561493535,0.06653826784691484,0.019636456160160454,1.2115214437357646,True,True,True,True,True,True,True,True,False
0,2,76,EEG LH 01-Ref,True,0.3472321797717547,0.09425206721320095,0.32293258702954936,0.040261987015627096,0.004167380494647473,1.143268000503514,True,True,True,True,True,True,True,True,False
0,2,77,EEG LH 02-Ref,True,0.4027226149195112,0.10417517619826876,0.3756507005045541,0.04432671767287463,0.014777513316276282,1.1727114780606491,True,True,True,True,True,True,True,True,False
0,2,78,EEG LH 03-Ref,True,0.4365445932191339,0.1106861601176002,0.4102304646376891,0.056706288163618654,0.03078257748575106,1.3728937854581031,True,True,True,True,True,True,True,True,False
0,2,79,EEG LH 04-Ref,True,0.36674556570447225,0.09183545573726497,0.340498306810278,0.03394293207211949,0.01915631424854843,1.2017826980967992,True,True,True,True,True,True,True,True,False
0,2,80,EEG MST 03-Ref,True,0.41883817089900727,0.19116066205836943,0.3723992341428571,0.0907925076459304,0.06084017666803898,1.478279614480805,True,True,True,True,True,True,True,True,False
0,2,81,EEG MST 04-Ref,False,0.2623439492424365,0.11665573806556259,0.2375843059883495,0.058139504930309435,0.039925578634225925,1.3750491884185394,True,True,True,True,True,True,True,True,False
0,2,82,EEG OF 01-Ref,True,0.4822713066785468,0.19277945998136883,0.44289619060690294,0.14614225957719001,0.016742214692078337,1.4427989579852558,True,True,True,True,True,True,True,True,False
0,2,83,EEG OF 02-Ref,True,0.5104208381249331,0.2101814764363548,0.4718581864816517,0.164617253873902,0.01364977052452231,1.5281083423525377,True,True,True,True,True,True,True,True,False
0,2,84,EEG OF 03-Ref,True,0.5107565844219417,0.21111483161076633,0.47191618718476835,0.16443560160042575,0.01347449197165834,1.5143090159056796,True,True,True,True,True,True,True,True,False
0,2,85,EEG OF 04-Ref,True,0.49167006360984805,0.19806083431585042,0.4566992272328705,0.15351139222411858,0.009938910536012906,1.5634078686203512,True,True,True,True,True,True,True,True,False
0,2,86,EEG OF 05-Ref,True,0.4315163436312597,0.15665054428218111,0.40003597946295394,0.11510654174828551,0.003931428270798131,1.5012640789992944,True,True,True,True,True,True,True,True,False
0,2,87,EEG OF 06-Ref,True,0.38454778227213315,0.14635275301555034,0.34371666278728874,0.09179565349480373,0.008890140497743526,1.283363454011075,True,True,True,True,True,True,True,True,False
0,2,88,EEG OF 07-Ref,True,0.32324504688432304,0.11508459866406069,0.3037931656873571,0.06361062208639036,0.0011384138499289384,1.244229465565502,True,True,True,True,True,True,True,True,False
0,2,89,EEG OF 08-Ref,True,0.30146528787799043,0.11875815312503417,0.29225811889195175,0.0789911721517591,0.023036570820133745,1.3878128560055534,True,True,True,True,True,True,True,True,False
0,2,90,EEG PPO 03-Ref,False,0.23669675460399717,0.1281751454265894,0.17161566025545213,0.021747367410177437,0.0075280848255148275,1.2569171546022726,True,True,True,True,True,True,True,True,False
0,2,91,EEG PPO 04-Ref,True,0.37836541977827554,0.13786116305963272,0.33219746705739106,0.04558157792367148,0.001492763411942104,1.3599709349371816,True,True,True,True,True,True,True,True,False
0,2,92,EEG PPO 05-Ref,False,0.40999248618516715,0.1644299385106516,0.3794285859825078,0.12105044484256952,0.015232590932431761,1.8782952132757869,True,True,True,True,True,True,True,True,False
0,2,93,EEG PPO 06-Ref,False,0.27438047782514485,0.11758111993212704,0.2326050910330358,0.05554893753701012,0.013755295794040287,1.2032915049809836,True,True,True,True,True,True,True,True,False
0,2,94,EEG PST 03-Ref,False,0.46487122447283424,0.2114577114599697,0.4355522333160915,0.1504703619165495,0.07129454051826546,2.1832050120746866,True,True,True,True,True,True,False,False,False
0,2,95,EEG PST 04-Ref,False,0.4695026891795146,0.21180261295802724,0.43465755383398297,0.15109533089187616,0.07463183678866118,2.3826411784002066,True,True,True,True,True,True,False,False,False
1,0,0,EEG AST 01-Ref,True,0.387436641631777,0.11827679829861612,0.376103945142946,0.07584410505678639,0.019623960868777168,2.042197173137801,True,True,True,True,True,True,False,False,False
1,0,1,EEG AST 02-Ref,True,0.416386607323843,0.10706929575021235,0.4053981209425869,0.06328874378298745,0.023398044321798775,2.0718454666117543,True,True,True,True,True,True,False,False,False
1,0,2,EEG AST 03-Ref,True,0.41516428679219336,0.057974564440994275,0.40782876304983867,0.029882650352152353,0.011919149783036535,1.5570868631970207,True,True,True,True,True,True,True,True,False
1,0,3,EEG AST 04-Ref,True,0.3488216588553886,0.07480986012978935,0.3354502492252185,0.03651391849257123,0.012310580828305445,1.374150435116176,True,True,True,True,True,True,True,True,False
1,0,4,EEG GRID 01-Ref,False,0.29631449641837093,0.16801794418667285,0.27479137342751936,0.11525061474773032,0.04381586261614672,2.6907101850571675,True,True,True,True,True,True,False,False,False
1,0,5,EEG GRID 02-Ref,True,0.35125183807721316,0.13950068988650616,0.3354248593684049,0.09446464869988741,0.04199949283515221,1.8790072051350784,True,True,True,True,True,True,True,True,False
1,0,6,EEG GRID 03-Ref,True,0.337385794060938,0.1252572059101161,0.3073368011917071,0.06607963529595948,0.018056349471358094,1.3015261056135807,True,True,True,True,True,True,True,True,False
1,0,7,EEG GRID 04-Ref,True,0.3258752728149833,0.1200893036812358,0.3066225457006668,0.07151517756480531,0.015520290001796654,1.8618995122093707,True,True,True,True,True,True,True,True,False
1,0,8,EEG GRID 05-Ref,True,0.3726488636090968,0.1379689852650567,0.3612425390422664,0.0957036585990986,0.009049076609516407,2.439913540311572,True,True,True,True,True,True,False,False,False
1,0,9,EEG GRID 06-Ref,False,0.280655582939117,0.12655692536361113,0.26651594966561337,0.08392460119435483,0.005955087762045368,1.720719872816902,True,True,True,True,True,True,True,True,False
1,0,10,EEG GRID 07-Ref,True,0.3570344288195125,0.1475654391742121,0.3419445791226478,0.0865674704713895,0.021089866614370595,2.146699516811799,True,True,True,True,True,True,False,False,False
1,0,11,EEG GRID 08-Ref,False,0.3674588129038532,0.182932724125692,0.3448901156785381,0.14191979646171846,0.026437537961672627,2.326848799901216,True,True,True,True,True,True,False,False,False
1,0,12,EEG GRID 09-Ref,True,0.38312428091982914,0.1833745671393576,0.36689931809137316,0.1212490452681443,0.049363715616416885,2.3198971076471415,True,True,True,True,True,True,False,False,False
1,0,13,EEG GRID 10-Ref,True,0.3632515165763606,0.13281039600216013,0.3337386111381154,0.06353806357767199,0.0053851007717947525,1.4233178095121595,True,True,True,True,True,True,True,True,False
1,0,14,EEG GRID 11-Ref,True,0.3113683001524887,0.13315656764636544,0.2806739478925483,0.0711730012639437,0.039255012521950856,1.3225770948642812,True,True,True,True,True,True,True,True,False
1,0,15,EEG GRID 12-Ref,True,0.3785632430514612,0.15521794658821592,0.3549377714624388,0.0876386359046788,0.03822950102593488,1.6883906114295135,True,True,True,True,True,True,True,True,False
1,0,16,EEG GRID 13-Ref,True,0.36153815105588183,0.14033711257981296,0.34933848670190615,0.09625600777576646,0.026910976281163887,2.283040289228002,True,True,True,True,True,True,False,False,False
1,0,17,EEG GRID 14-Ref,True,0.34735050579869603,0.15877748725067373,0.32926371631194523,0.08981193835784626,0.020450809943206784,1.8671352209926952,True,True,True,True,True,True,True,True,False
1,0,18,EEG GRID 15-Ref,True,0.3506430164529738,0.11176002606271396,0.3348135112793145,0.06401233100947916,0.014341107113034683,1.3063007830904536,True,True,True,True,True,True,True,True,False
1,0,19,EEG GRID 16-Ref,False,0.29468055043361385,0.1363536455083586,0.27202515474726924,0.07950098537088969,0.01339600731440491,1.281843533686416,True,True,True,True,True,True,True,True,False
1,0,20,EEG GRID 17-Ref,True,0.3506361993145205,0.15249319130328565,0.3346728318251462,0.08646961013591997,0.01663695455583033,2.0173359318474664,True,True,True,True,True,True,False,False,False
1,0,21,EEG GRID 18-Ref,True,0.45850819989928904,0.15634718635844128,0.43189538394227656,0.08430509210698559,0.0026177937449793844,1.9659971407025714,True,True,True,True,True,True,True,True,False
1,0,22,EEG GRID 19-Ref,False,0.3357658153227725,0.12398665230892987,0.32587230108218207,0.08880339500684169,0.024959836065573525,2.155452564579226,True,True,True,True,True,True,False,False,False
1,0,23,EEG GRID 21-Ref,True,0.36061213277550325,0.17098596589599163,0.3334197846863853,0.1143450974961087,0.04156667662414614,1.7629875706405884,True,True,True,True,True,True,True,True,False
1,0,24,EEG GRID 22-Ref,False,0.2740847060879416,0.09460896664786896,0.2501542197245984,0.04364609728611267,0.014018486531482107,1.1951650134634575,True,True,True,True,True,True,True,True,False
1,0,25,EEG GRID 23-Ref,True,0.34925274117556077,0.1142161531566242,0.33313515431412755,0.06247701311738323,0.0007762011544367566,1.4031444371650286,True,True,True,True,True,True,True,True,False
1,0,26,EEG GRID 24-Ref,True,0.32725676256342373,0.09206752402947284,0.31012560983342174,0.04832985862909686,0.008519178765415218,1.2150287581896175,True,True,True,True,True,True,True,True,False
1,0,27,EEG GRID 25-Ref,False,0.26457916395572756,0.13383286516352594,0.23963838457933453,0.07636109949693873,0.029673173856048677,1.4694931099863249,True,True,True,True,True,True,True,True,False
1,0,28,EEG GRID 26-Ref,True,0.376714200748095,0.16831216300965732,0.3423490768012221,0.08915917302933704,0.030541649590146384,1.7308847897590147,True,True,True,True,True,True,True,True,False
1,0,29,EEG GRID 27-Ref,True,0.3171483070949349,0.13648468856972895,0.2819415869023625,0.060928769694885136,0.05203891143278502,1.2849170255463653,True,True,True,True,True,True,True,True,False
1,0,30,EEG GRID 28-Ref,False,0.3249957308648494,0.13931557607306927,0.2979228078796572,0.10464346333128244,0.02054257404231658,1.7120439363959175,True,True,True,True,True,True,True,True,False
1,0,31,EEG GRID 29-Ref,True,0.42536911284077505,0.13741275361092212,0.4082569608360622,0.08282521938341736,0.059202239593690024,2.150932087571484,True,True,True,True,True,True,False,False,False
1,0,32,EEG GRID 30-Ref,True,0.3491826910057815,0.11779410252414962,0.3372291180535132,0.07335124268510278,0.05367937673821086,1.911592732634082,True,True,True,True,True,True,True,True,False
1,0,33,EEG GRID 31-Ref,True,0.34835585976923805,0.10781916950619534,0.3274407782739544,0.05252225052979356,0.006495925859344503,1.2271928675805273,True,True,True,True,True,True,True,True,False
1,0,34,EEG GRID 32-Ref,True,0.38762605844603737,0.08410662692439888,0.3738669104385,0.04527440353251718,0.014187017757110688,1.2976602593407731,True,True,True,True,True,True,True,True,False
1,0,35,EEG GRID 33-Ref,True,0.3149160732571446,0.11014715194855644,0.27818284460872417,0.03408197423099175,0.02667994475810602,1.1782488696612023,True,True,True,True,True,True,True,True,False
1,0,36,EEG GRID 35-Ref,True,0.36611660859001427,0.12512962183744195,0.3406406643463011,0.0605910394405452,0.017956459025064247,1.4649285904609084,True,True,True,True,True,True,True,True,False
1,0,37,EEG GRID 36-Ref,True,0.3977675899873073,0.14684588585778766,0.3746279764121094,0.07709563162468788,0.007018290417861971,1.6734003941863678,True,True,True,True,True,True,True,True,False
1,0,38,EEG GRID 37-Ref,False,0.32924871571500436,0.11509197503522828,0.3168493455125909,0.07044637330162673,0.05525904439193523,1.9712968376987638,True,True,True,True,True,True,True,True,False
1,0,39,EEG GRID 38-Ref,False,0.28086066901268947,0.08264746402463917,0.26274126074696724,0.03411256704762088,0.010396432051695739,1.181932057766084,True,True,True,True,True,True,True,True,False
1,0,40,EEG GRID 39-Ref,True,0.3621825806370519,0.1274446361432903,0.34382079138237165,0.0802140494646045,0.04245335657230305,1.5519165440323746,True,True,True,True,True,True,True,True,False
1,0,41,EEG GRID 40-Ref,False,0.40164765175521,0.1055500589418753,0.38923204896964597,0.08007007680164528,0.019457921689457522,1.8661570069834508,True,True,True,True,True,True,True,True,False
1,0,42,EEG GRID 41-Ref,True,0.3026664833644851,0.09743239268218629,0.27744027461033693,0.02073985494231177,0.010142905442760627,1.129439227173301,True,True,True,True,True,True,True,True,False
1,0,43,EEG GRID 42-Ref,True,0.35277770544923404,0.09511434714080667,0.32893003973352686,0.023253263716305435,0.012130798523281076,1.186817206103616,True,True,True,True,True,True,True,True,False
1,0,44,EEG GRID 43-Ref,True,0.3714007998568344,0.10046665699147155,0.35179400347502937,0.0382466761106022,0.01837879241015115,1.2483607529026106,True,True,True,True,True,True,True,True,False
1,0,45,EEG GRID 44-Ref,True,0.3558567557926175,0.09613017426637434,0.34657668864821845,0.03701718347132776,0.02787777822006765,1.271319553234945,True,True,True,True,True,True,True,True,False
1,0,46,EEG GRID 45-Ref,True,0.4013584803745,0.09670885427454008,0.38682825084939443,0.055475175597180834,0.029945158911854074,1.4996440942578866,True,True,True,True,True,True,True,True,False
1,0,47,EEG GRID 46-Ref,True,0.4411089981923395,0.11797579722009577,0.42370871294552714,0.07681781194770612,0.040163048964713996,1.721307987100799,True,True,True,True,True,True,True,True,False
1,0,48,EEG GRID 47-Ref,True,0.431770414968216,0.11202608306874141,0.4177030877145035,0.0752068950710225,0.0324285972653047,2.0367759270755887,True,True,True,True,True,True,False,False,False
1,0,49,EEG GRID 48-Ref,False,0.39531856989397196,0.11939729286111159,0.3773131529938778,0.07571946108843336,0.013850362635257714,1.667111987593549,True,True,True,True,True,True,True,True,False
1,0,50,EEG GRID 49-Ref,True,0.27612170997776414,0.1043072685676575,0.26306696734412827,0.020357705235008298,0.00931414681331601,1.137022913767484,True,True,True,True,True,True,True,True,False
1,0,51,EEG GRID 50-Ref,True,0.2604737134147553,0.0867751615717889,0.2445777049419649,0.0252743450687678,0.008594816674505108,1.1707293511264087,True,True,True,True,True,True,True,True,False
1,0,52,EEG GRID 51-Ref,True,0.31334591483629215,0.09260774685718058,0.30658420167828443,0.042436046010577405,0.015018297419201616,1.2899036528394814,True,True,True,True,True,True,True,True,False
1,0,53,EEG GRID 52-Ref,True,0.27244041500955096,0.10000362231422753,0.26036817622769826,0.036667681817692734,0.0031653212916747816,1.2950240860042268,True,True,True,True,True,True,True,True,False
1,0,54,EEG GRID 53-Ref,True,0.35940328863230464,0.09798143796014161,0.3421815318839535,0.03244541415040033,0.025821817790755913,1.20198273207229,True,True,True,True,True,True,True,True,False
1,0,55,EEG GRID 54-Ref,True,0.4248320158458471,0.10553805036187638,0.4090985414285082,0.060510782750916425,0.03400340047152943,1.6246226520830094,True,True,True,True,True,True,True,True,False
1,0,56,EEG GRID 55-Ref,True,0.4164739754944786,0.10555324310336454,0.4027517219996252,0.06915252539390465,0.026630004123217494,1.8942942727238816,True,True,True,True,True,True,True,True,False
1,0,57,EEG GRID 56-Ref,True,0.3891666548087465,0.10757158867860513,0.3709782698906658,0.04904422952105439,0.0011479830476294572,1.491860028692746,True,True,True,True,True,True,True,True,False
1,0,58,EEG GRID 57-Ref,True,0.2977812612931597,0.1036961103679668,0.2795914556784171,0.02527049732487364,0.013654308792908602,1.14205297820595,True,True,True,True,True,True,True,True,False
1,0,59,EEG GRID 58-Ref,True,0.3238979596621976,0.09032147248238774,0.31170313189777016,0.015408934385102813,0.008844841035276324,1.0782661235227189,True,True,True,True,True,True,True,True,False
1,0,60,EEG GRID 59-Ref,True,0.2581151383674592,0.1105306690800039,0.24522924203978091,0.03361193223243718,0.014688133228833276,1.1491631431618876,True,True,True,True,True,True,True,True,False
1,0,61,EEG GRID 60-Ref,True,0.32010476574361185,0.10897720143119938,0.30870852271616317,0.027943986588825766,0.022269856096657076,1.1972160399075749,True,True,True,True,True,True,True,True,False
1,0,62,EEG GRID 61-Ref,False,0.2777030728714718,0.11194599229571082,0.2647420592982832,0.06125938847364864,0.02071282983158598,1.2624829702682085,True,True,True,True,True,True,True,True,False
1,0,63,EEG GRID 62-Ref,True,0.32892721755541127,0.09921815732360115,0.3067172734532445,0.02336815611229099,0.0031764705653889386,1.0731392926392547,True,True,True,True,True,True,True,True,False
1,0,64,EEG GRID 63-Ref,False,0.3285444765573097,0.10050879384488555,0.31251094208096203,0.06390847640684304,0.022151861813447835,1.8523794506182938,True,True,True,True,True,True,True,True,False
1,0,65,EEG GRID 64-Ref,True,0.2922018182725567,0.08581816823400931,0.28528580954426597,0.05386801223693258,0.005340979351264546,1.6191952585054714,True,True,True,True,True,True,True,True,False
1,0,66,EEG LA 01-Ref,True,0.39139512261346604,0.11353053941144249,0.34825719154225854,0.0396917105051772,0.01816765959855095,1.0484828467853318,True,True,True,True,True,True,True,True,False
1,0,67,EEG LA 02-Ref,True,0.42967158364628094,0.125535275486921,0.3796287122786421,0.04539600726989356,0.043738521132784085,1.0811463662881187,True,True,True,True,True,True,True,True,False
1,0,68,EEG LA 03-Ref,True,0.5089833184536751,0.13969384288669498,0.47461611866710723,0.0838024651962459,0.050618124950018176,1.5623097759969828,True,True,True,True,True,True,True,True,False
1,0,69,EEG LA 04-Ref,True,0.4974729784782214,0.1337261825668515,0.4610494320267327,0.068818895408032,0.0395805377559189,1.44382377728507,True,True,True,True,True,True,True,True,False
1,0,70,EEG LFP 01-Ref,True,0.42357351520776926,0.1876891452044617,0.3873170616298849,0.13670866021410377,0.04997834923504123,1.4270392059960026,True,True,True,True,True,True,True,True,False
1,0,71,EEG LFP 02-Ref,True,0.46518057523794065,0.19179349532530057,0.4253425962218424,0.1317469709012712,0.050638442743752954,1.5224288391693956,True,True,True,True,True,True,True,True,False
1,0,72,EEG LFP 03-Ref,True,0.45330873954578227,0.1810497622520067,0.41366616655043115,0.12218263944176028,0.041828987103953254,1.9901816144876618,True,True,True,True,True,True,True,True,False
1,0,73,EEG LFP 04-Ref,True,0.4874796326223477,0.21420788394096069,0.43004494375620833,0.1448518226806867,0.0017951391846077053,1.5488508714520373,True,True,True,True,True,True,True,True,False
1,0,74,EEG LFP 05-Ref,True,0.49341264397557916,0.19747655063994093,0.44326618713034666,0.1266350338710627,0.019301647454421186,1.4999720691717617,True,True,True,True,True,True,True,True,False
1,0,75,EEG LFP 06-Ref,True,0.47388739832157906,0.17504456503248306,0.4356289888476861,0.1243643833719322,0.03103047068610538,1.882569923725343,True,True,True,True,True,True,True,True,False
1,0,76,EEG LH 01-Ref,True,0.4910800886588245,0.11474017597148055,0.460535907121688,0.05842930207283816,0.030540724596800538,1.3458775524002609,True,True,True,True,True,True,True,True,False
1,0,77,EEG LH 02-Ref,True,0.545510111020613,0.13466844789773735,0.5124665783933108,0.06998735646595669,0.0335916487733546,1.4207699724479046,True,True,True,True,True,True,True,True,False
1,0,78,EEG LH 03-Ref,True,0.525656895799962,0.1321678941907131,0.49601635316635184,0.07617899147682385,0.04432674820206727,1.5544240551882902,True,True,True,True,True,True,True,True,False
1,0,79,EEG LH 04-Ref,True,0.41717354604546303,0.10298655441789092,0.38596464893246357,0.04688489734529308,0.027849661804930675,1.3191378104111589,True,True,True,True,True,True,True,True,False
1,0,80,EEG MST 03-Ref,True,0.27817543597198857,0.10641784367837846,0.2605132216781742,0.03250573588918222,0.007416060127532209,1.0316002032306375,True,True,True,True,True,True,True,True,False
1,0,81,EEG MST 04-Ref,False,0.22754472845301496,0.08622528866568081,0.21469336338924397,0.03649978523496093,0.008576978164889924,1.2490215432872305,True,True,True,True,True,True,True,True,False
1,0,82,EEG OF 01-Ref,True,0.5616583928524145,0.24526444333909264,0.5188718171019115,0.19211618462247945,0.11748576546322999,1.7701766346745365,True,True,True,True,True,False,True,False,False
1,0,83,EEG OF 02-Ref,True,0.5941222271465163,0.26000035153665485,0.5495689674551706,0.20808884797875524,0.11885982166127008,1.8303333422731147,True,True,True,True,True,False,True,False,False
1,0,84,EEG OF 03-Ref,True,0.5967691490675272,0.2581052311815388,0.550815788012041,0.20558898018995084,0.11808727977237111,1.778093066528823,True,True,True,True,True,False,True,False,False
1,0,85,EEG OF 04-Ref,True,0.5746077529411879,0.23783503254829466,0.5304608550790549,0.19050262702771523,0.1093274148029823,1.7917605713833158,True,True,True,True,True,False,True,False,False
1,0,86,EEG OF 05-Ref,True,0.4957928761810489,0.1873487431148494,0.45423026014552,0.14352678001899422,0.08837503154770067,1.6754335706161068,True,True,True,True,True,True,True,True,False
1,0,87,EEG OF 06-Ref,True,0.43442459990968463,0.1694421113419371,0.39097888320754204,0.11427679257289539,0.059122811497055845,1.4121613531786963,True,True,True,True,True,True,True,True,False
1,0,88,EEG OF 07-Ref,True,0.383062979709635,0.1348422282827971,0.3498519514130537,0.08194838523840246,0.04488982534850247,1.3811258304224263,True,True,True,True,True,True,True,True,False
1,0,89,EEG OF 08-Ref,True,0.36356400094008706,0.14543108255666154,0.3440355725077288,0.10609206588941711,0.013915867270604712,1.6396091070232137,True,True,True,True,True,True,True,True,False
1,0,90,EEG PPO 03-Ref,False,0.22778200081960015,0.1264190411550508,0.18212978890778894,0.04712243875477385,0.0461204903713524,1.2799239047757134,True,True,True,True,True,True,True,True,False
1,0,91,EEG PPO 04-Ref,True,0.35830546643693323,0.13486576807279937,0.33702694729041266,0.06057732045691855,0.033393691424504525,1.320026348753625,True,True,True,True,True,True,True,True,False
1,0,92,EEG PPO 05-Ref,False,0.41068621591870413,0.1850106352490164,0.3928363031656045,0.1493401171880707,0.06402568498140157,2.009266919323429,True,True,True,True,True,True,False,False,False
1,0,93,EEG PPO 06-Ref,False,0.2673919355470309,0.13896809161540308,0.2417549035516694,0.07962797106976899,0.03374579787129302,1.4774742316710956,True,True,True,True,True,True,True,True,False
1,0,94,EEG PST 03-Ref,False,0.3384748961410196,0.11568314817796391,0.3293896034025145,0.07037746067902226,0.005462588318684052,1.4312324343712015,True,True,True,True,True,True,True,True,False
1,0,95,EEG PST 04-Ref,False,0.3297354205289933,0.1046343059723987,0.3174621050123613,0.06448326683160667,0.005172145118080217,1.484718184615836,True,True,True,True,True,True,True,True,False
1,1,0,EEG AST 01-Ref,True,0.37463951481826885,0.12041618022728362,0.3628855812241244,0.07718442081822462,0.019239656300670146,2.042320417144468,True,True,True,True,True,True,False,False,False
1,1,1,EEG AST 02-Ref,True,0.39100328233941206,0.10972306511511813,0.381306029825565,0.06638441504896833,0.02295656417793878,2.079311423507702,True,True,True,True,True,True,False,False,False
1,1,2,EEG AST 03-Ref,True,0.38827433826874136,0.05864175443305223,0.3819308235401095,0.03073771431366308,0.01128704365254716,1.5692690623074956,True,True,True,True,True,True,True,True,False
1,1,3,EEG AST 04-Ref,True,0.34256969806277315,0.07413163340456339,0.3276838380825991,0.0358578212015823,0.012111126132828496,1.3647078812488949,True,True,True,True,True,True,True,True,False
1,1,4,EEG GRID 01-Ref,False,0.2989057256490071,0.16857552627983252,0.28009472032206184,0.11750516874179649,0.04378663464916725,2.7084935405120683,True,True,True,True,True,True,False,False,False
1,1,5,EEG GRID 02-Ref,True,0.35192442527489814,0.14173882699103726,0.3365755870559711,0.09619658458007442,0.042081339938548054,1.877316131703015,True,True,True,True,True,True,True,True,False
1,1,6,EEG GRID 03-Ref,True,0.32882399278508057,0.12918992992502076,0.2992937001524715,0.06929830511446887,0.01830227176579343,1.307404431140709,True,True,True,True,True,True,True,True,False
1,1,7,EEG GRID 04-Ref,True,0.32377584665273185,0.12033126643966517,0.30550083121173843,0.07241948719019708,0.015526771792884867,1.8713058453005165,True,True,True,True,True,True,True,True,False
1,1,8,EEG GRID 05-Ref,True,0.37541389113379425,0.13592136889915968,0.36484749072201794,0.09267768731348261,0.009242388565970594,2.435741201301754,True,True,True,True,True,True,False,False,False
1,1,9,EEG GRID 06-Ref,False,0.28981120963912166,0.12382381157726556,0.2776133416580139,0.08508984495311435,0.006167572401938417,1.7297466314294483,True,True,True,True,True,True,True,True,False
1,1,10,EEG GRID 07-Ref,True,0.3549494841853449,0.14905547419116283,0.34097752618982297,0.0909977711696632,0.020992438409298233,2.168323413451191,True,True,True,True,True,True,False,False,False
1,1,11,EEG GRID 08-Ref,False,0.3881611827358588,0.18995856060204985,0.36484841290029507,0.15185167534691177,0.02630295080105048,2.3613842717631512,True,True,True,True,True,True,False,False,False
1,1,12,EEG GRID 09-Ref,True,0.3910909725699012,0.18471368576774908,0.3757582740496905,0.1180275358118823,0.04919874888022325,2.3220080145007747,True,True,True,True,True,True,False,False,False
1,1,13,EEG GRID 10-Ref,True,0.3788889607419407,0.13298500894878781,0.35298701369454477,0.06688800077097287,0.0055872732398476324,1.440323297441824,True,True,True,True,True,True,True,True,False
1,1,14,EEG GRID 11-Ref,True,0.3016971431459684,0.13473223692961123,0.2720519048468314,0.07624670812531723,0.038630432991667074,1.3446909078739975,True,True,True,True,True,True,True,True,False
1,1,15,EEG GRID 12-Ref,True,0.3597660457017393,0.15732735996822783,0.3343950807415619,0.08862671157717976,0.037758917898248964,1.68739982157305,True,True,True,True,True,True,True,True,False
1,1,16,EEG GRID 13-Ref,True,0.34602006908815847,0.14021507508186673,0.33324553600681867,0.09725238025357524,0.02673066356790917,2.2849323754539728,True,True,True,True,True,True,False,False,False
1,1,17,EEG GRID 14-Ref,True,0.3286726622575436,0.16192921702764662,0.30954295866504317,0.09212505926880833,0.020476709119703555,1.8718369672607653,True,True,True,True,True,True,True,True,False
1,1,18,EEG GRID 15-Ref,True,0.34740653473221994,0.1142877654227763,0.33253107974710266,0.06568864098451765,0.014655248378711808,1.3258489422501727,True,True,True,True,True,True,True,True,False
1,1,19,EEG GRID 16-Ref,False,0.30202318791839966,0.13750842143918385,0.2812839320513459,0.08255558599913065,0.013669741868565196,1.3067016402866596,True,True,True,True,True,True,True,True,False
1,1,20,EEG GRID 17-Ref,True,0.3498972878248018,0.15034348627583002,0.333298636938182,0.08663215866928756,0.01660053096916188,2.029273502846432,True,True,True,True,True,True,False,False,False
1,1,21,EEG GRID 18-Ref,True,0.47838133839346325,0.1561592135045142,0.4535569506420415,0.08683621000973447,0.002789872602048579,1.9694678349317762,True,True,True,True,True,True,True,True,False
1,1,22,EEG GRID 19-Ref,False,0.3096007134865207,0.12390212326852018,0.3007571702894716,0.08758122853709639,0.024539025314316905,2.1408653593025218,True,True,True,True,True,True,False,False,False
1,1,23,EEG GRID 21-Ref,True,0.33767849641218606,0.169624037487,0.30468540435384556,0.11173560985432598,0.04113710507918523,1.763437715647131,True,True,True,True,True,True,True,True,False
1,1,24,EEG GRID 22-Ref,False,0.2714426982901645,0.097967196035306,0.2466611220587138,0.049930350924710966,0.01395211085848456,1.2430094454298197,True,True,True,True,True,True,True,True,False
1,1,25,EEG GRID 23-Ref,True,0.35875966495814077,0.11034119219370404,0.3448021884819539,0.057472707150501866,0.000562409230149724,1.3799361177265541,True,True,True,True,True,True,True,True,False
1,1,26,EEG GRID 24-Ref,True,0.3369165295343468,0.09168367771870099,0.3206508850137814,0.046238704545647734,0.008668989383049523,1.191267726107048,True,True,True,True,True,True,True,True,False
1,1,27,EEG GRID 25-Ref,False,0.2728454473867795,0.1361806716019417,0.2483811150655204,0.0820012064313739,0.029650837441359004,1.4741643777352094,True,True,True,True,True,True,True,True,False
1,1,28,EEG GRID 26-Ref,True,0.3854364459064988,0.16526083529970467,0.35096494073578616,0.08692568677906976,0.03074587253065037,1.7177413045919923,True,True,True,True,True,True,True,True,False
1,1,29,EEG GRID 27-Ref,True,0.3135144299657858,0.13697030593552287,0.27481710406067406,0.05994624090341623,0.051784118552145306,1.258383621586472,True,True,True,True,True,True,True,True,False
1,1,30,EEG GRID 28-Ref,False,0.32105345496681104,0.1372193794449694,0.2902262998690184,0.09913819709637803,0.020097002741235805,1.6902229281308347,True,True,True,True,True,True,True,True,False
1,1,31,EEG GRID 29-Ref,True,0.42891701835103696,0.13956032991325718,0.4107481953651468,0.08611978659764863,0.05938560329056782,2.150513343914075,True,True,True,True,True,True,False,False,False
1,1,32,EEG GRID 30-Ref,True,0.3685444899340449,0.1187104014953604,0.35775251026203503,0.07562655402342171,0.053922928786248235,1.9176667123467348,True,True,True,True,True,True,True,True,False
1,1,33,EEG GRID 31-Ref,True,0.3674627251305887,0.11094157345200209,0.3492961848521603,0.05387277037981125,0.006369831971089564,1.2408955787241145,True,True,True,True,True,True,True,True,False
1,1,34,EEG GRID 32-Ref,True,0.3988665332959234,0.08131351080789441,0.38531650769664105,0.04214133757857264,0.01410530049675604,1.2580225745180318,True,True,True,True,True,True,True,True,False
1,1,35,EEG GRID 33-Ref,True,0.30739235607790627,0.11240392084680605,0.2695929765019599,0.03427862448246765,0.026778306692218496,1.167218428965228,True,True,True,True,True,True,True,True,False
1,1,36,EEG GRID 35-Ref,True,0.35638489470840756,0.1232943943461419,0.33178693489696387,0.05886132344269322,0.017992261501327527,1.4655488305942879,True,True,True,True,True,True,True,True,False
1,1,37,EEG GRID 36-Ref,True,0.40066766424896205,0.1444691864821789,0.37676295536298915,0.07569573442070686,0.00705724222589747,1.6768421314507536,True,True,True,True,True,True,True,True,False
1,1,38,EEG GRID 37-Ref,False,0.33445911312836407,0.11662130243272438,0.32133205575268275,0.07155329059460362,0.05553368370265725,1.9699682380385652,True,True,True,True,True,True,True,True,False
1,1,39,EEG GRID 38-Ref,False,0.28379956485082464,0.08157975942011039,0.2634526331275064,0.03216035668149042,0.010630921344391267,1.1844861548500298,True,True,True,True,True,True,True,True,False
1,1,40,EEG GRID 39-Ref,True,0.3815730152283273,0.13142000166754456,0.3655880247697271,0.08588990372366014,0.04236544407619669,1.585769804035581,True,True,True,True,True,True,True,True,False
1,1,41,EEG GRID 40-Ref,False,0.4102377330193598,0.10310382036677106,0.3986426826014816,0.07671632578671228,0.019430471615639593,1.8124054508625094,True,True,True,True,True,True,True,True,False
1,1,42,EEG GRID 41-Ref,True,0.29563498114073605,0.0989561907369734,0.26993317503096725,0.019987016492604665,0.010219549592140753,1.1320212820189195,True,True,True,True,True,True,True,True,False
1,1,43,EEG GRID 42-Ref,True,0.32959236857145563,0.09479600215947859,0.30344274941956234,0.022857755386483443,0.012215563701383403,1.1761804367952429,True,True,True,True,True,True,True,True,False
1,1,44,EEG GRID 43-Ref,True,0.3408626128405204,0.09865585604246721,0.31974348090000754,0.0363533016037696,0.01836301865601183,1.236790695867351,True,True,True,True,True,True,True,True,False
1,1,45,EEG GRID 44-Ref,True,0.3345092648382903,0.09683788515317097,0.32179771688714576,0.03860271229407548,0.027762173829965722,1.2810197212114642,True,True,True,True,True,True,True,True,False
1,1,46,EEG GRID 45-Ref,True,0.3691462949736868,0.09582014562777208,0.3538884016099582,0.05147531915026127,0.029701738292363576,1.4878425838492377,True,True,True,True,True,True,True,True,False
1,1,47,EEG GRID 46-Ref,True,0.4303774880100435,0.11592092159433207,0.4125566742934461,0.07192827660619065,0.04008702092314574,1.7056131432208999,True,True,True,True,True,True,True,True,False
1,1,48,EEG GRID 47-Ref,True,0.4334378493920861,0.11305502537398712,0.4205975390210861,0.07565598607862607,0.03242572442752214,2.051564835651368,True,True,True,True,True,True,False,False,False
1,1,49,EEG GRID 48-Ref,False,0.38455809958282783,0.12100275499225971,0.3666004833566188,0.07913616119388808,0.013855769704384863,1.697197966064918,True,True,True,True,True,True,True,True,False
1,1,50,EEG GRID 49-Ref,True,0.26024748799895503,0.10407841981142436,0.24365355622071952,0.020425318951250417,0.009456538501270055,1.1497750071428203,True,True,True,True,True,True,True,True,False
1,1,51,EEG GRID 50-Ref,True,0.24733116185223103,0.08968710426278455,0.23013661184491774,0.025134163482253124,0.008560299913293316,1.182514328404085,True,True,True,True,True,True,True,True,False
1,1,52,EEG GRID 51-Ref,True,0.3275217250232174,0.09629045168928882,0.31955690555583205,0.0515458311541361,0.014988748742436438,1.3389328386042159,True,True,True,True,True,True,True,True,False
1,1,53,EEG GRID 52-Ref,True,0.28795008601366406,0.10051608755473507,0.27750021046630585,0.04198189571557937,0.003100825944204424,1.32166207352731,True,True,True,True,True,True,True,True,False
1,1,54,EEG GRID 53-Ref,True,0.3202856574066245,0.09862427836872383,0.30078311562475113,0.033995425120041965,0.025633835894825704,1.218959616856331,True,True,True,True,True,True,True,True,False
1,1,55,EEG GRID 54-Ref,True,0.40417045517214445,0.10428582594026095,0.3872293660005272,0.05523943079821842,0.03389054671201849,1.6009465549254431,True,True,True,True,True,True,True,True,False
1,1,56,EEG GRID 55-Ref,True,0.40674513629013664,0.10533478727419467,0.39087315874667977,0.06537627270380815,0.026530377842694117,1.864019513063227,True,True,True,True,True,True,True,True,False
1,1,57,EEG GRID 56-Ref,True,0.38283122327351027,0.10743856651448248,0.365244116151116,0.04931189306828879,0.0009345931325933374,1.5185249094962305,True,True,True,True,True,True,True,True,False
1,1,58,EEG GRID 57-Ref,True,0.27643710187486753,0.1034305950380114,0.25240563018536954,0.024003392046330098,0.013672619873419034,1.1447288632124895,True,True,True,True,True,True,True,True,False
1,1,59,EEG GRID 58-Ref,True,0.29759463412464626,0.09029478159052919,0.2813611893702963,0.015265165248066651,0.008828108473991141,1.081850538900355,True,True,True,True,True,True,True,True,False
1,1,60,EEG GRID 59-Ref,True,0.26727055960271096,0.11102312693977849,0.2527010616742413,0.03685951780254633,0.014697072541786555,1.1655547817635907,True,True,True,True,True,True,True,True,False
1,1,61,EEG GRID 60-Ref,True,0.3254499490726861,0.10711847902901966,0.31296051298530864,0.027393178618898655,0.02209075568124535,1.1899432311950922,True,True,True,True,True,True,True,True,False
1,1,62,EEG GRID 61-Ref,False,0.2714585458188206,0.11086769416829363,0.257010522445005,0.06003808187197755,0.02036828902940792,1.2507495844154783,True,True,True,True,True,True,True,True,False
1,1,63,EEG GRID 62-Ref,True,0.303064593758729,0.10118044745324593,0.2807320319564437,0.026084401973266415,0.003209095524669282,1.1078503304561644,True,True,True,True,True,True,True,True,False
1,1,64,EEG GRID 63-Ref,False,0.3280449720965181,0.10248529464947724,0.31432335072839807,0.06550302480150338,0.02185110708065693,1.8700543835692345,True,True,True,True,True,True,True,True,False
1,1,65,EEG GRID 64-Ref,True,0.2867518987777391,0.08525050988670455,0.27986760012596423,0.052612805430521055,0.005021645806355301,1.6463320182224128,True,True,True,True,True,True,True,True,False
1,1,66,EEG LA 01-Ref,True,0.3538189435969132,0.10549569966747901,0.304682769223799,0.03201075427751097,0.018147203620796457,1.0070967462095934,True,True,True,True,True,True,True,True,False
1,1,67,EEG LA 02-Ref,True,0.38978696588419254,0.11997355744302339,0.33844014562495667,0.043640000555971455,0.0436060405609717,1.0509276761228352,True,True,True,True,True,True,True,True,False
1,1,68,EEG LA 03-Ref,True,0.475655511703701,0.1353584348337129,0.4398266550080785,0.0813501911613225,0.0504026151728811,1.5540894203291045,True,True,True,True,True,True,True,True,False
1,1,69,EEG LA 04-Ref,True,0.4589730815123941,0.12853644929906627,0.41871228082257456,0.06471903402373737,0.03936334266592671,1.4387680024940959,True,True,True,True,True,True,True,True,False
1,1,70,EEG LFP 01-Ref,True,0.4323265346515263,0.18757874186706397,0.39374962356744747,0.1374295586350036,0.04944089083011444,1.4281913245195672,True,True,True,True,True,True,True,True,False
1,1,71,EEG LFP 02-Ref,True,0.4792759979159315,0.1920585612355666,0.4374250088164061,0.1337283122091444,0.050067099305055145,1.5218235938760771,True,True,True,True,True,True,True,True,False
1,1,72,EEG LFP 03-Ref,True,0.4700091976294726,0.18124453805394758,0.43122787262883877,0.12399646726261782,0.041346031107284395,1.9927051690592605,True,True,True,True,True,True,True,True,False
1,1,73,EEG LFP 04-Ref,True,0.5043890713165972,0.21495152782548002,0.44919491183649457,0.1475200446025679,0.0013000965337756293,1.5581771932609083,True,True,True,True,True,True,True,True,False
1,1,74,EEG LFP 05-Ref,True,0.5064422326150678,0.19964395179537966,0.4582540045534571,0.1308060156739135,0.019680766184218206,1.5191636982651264,True,True,True,True,True,True,True,True,False
1,1,75,EEG LFP 06-Ref,True,0.4864160549152093,0.17769915267509637,0.4505915789723695,0.12975189885063748,0.03125911227119426,1.9083833632612806,True,True,True,True,True,True,True,True,False
1,1,76,EEG LH 01-Ref,True,0.4437140480530207,0.10903752856026266,0.4104917571516376,0.050686681114958616,0.030394957465114208,1.3034411266387531,True,True,True,True,True,True,True,True,False
1,1,77,EEG LH 02-Ref,True,0.4955523392069525,0.13063194619004434,0.4607445486430967,0.06258012476931844,0.033334144236323686,1.3966368290813702,True,True,True,True,True,True,True,True,False
1,1,78,EEG LH 03-Ref,True,0.4839734564459041,0.12815209046519294,0.4526168597598043,0.07223926892758277,0.04405883419166533,1.5510880176065576,True,True,True,True,True,True,True,True,False
1,1,79,EEG LH 04-Ref,True,0.38918059580698683,0.10158809132025616,0.3567938886429753,0.0462355667793554,0.02763802815207768,1.3335649216914605,True,True,True,True,True,True,True,True,False
1,1,80,EEG MST 03-Ref,True,0.2983547585101524,0.10684816348276263,0.28274328241922186,0.03137836179681932,0.007141998188757706,1.0219541231251354,True,True,True,True,True,True,True,True,False
1,1,81,EEG MST 04-Ref,False,0.2444767768266532,0.09036449992063193,0.23335077734217402,0.047314981629775064,0.008579801056810556,1.3164219423294217,True,True,True,True,True,True,True,True,False
1,1,82,EEG OF 01-Ref,True,0.5575973104250899,0.2494547379930343,0.5146923324209778,0.19305363996688146,0.11688136870880533,1.7579599528345773,True,True,True,True,True,False,True,False,False
1,1,83,EEG OF 02-Ref,True,0.5941424972290656,0.2644521763737098,0.5504548769176085,0.20955971104234866,0.11829309582436642,1.8185325205127352,True,True,True,True,True,False,True,False,False
1,1,84,EEG OF 03-Ref,True,0.5983945792381391,0.2616323252443634,0.5531691388271296,0.20544900820433568,0.11756632845498098,1.7594677523103175,True,True,True,True,True,False,True,False,False
1,1,85,EEG OF 04-Ref,True,0.5789155066366896,0.23946046090672324,0.5341517811201157,0.1880581040471802,0.10888801921864831,1.7647620056933921,True,True,True,True,True,False,True,False,False
1,1,86,EEG OF 05-Ref,True,0.5012449701942557,0.1850367724857895,0.4560502443856056,0.1385637521655698,0.08806600179907921,1.6376907512392718,True,True,True,True,True,True,True,True,False
1,1,87,EEG OF 06-Ref,True,0.43757809477807147,0.16278886866821576,0.39044135552254083,0.10544285171922411,0.058969404267691615,1.3540192839708867,True,True,True,True,True,True,True,True,False
1,1,88,EEG OF 07-Ref,True,0.38592249135560464,0.1265785965151073,0.3516214826277676,0.07353677532899174,0.044880881038934645,1.3264770441939067,True,True,True,True,True,True,True,True,False
1,1,89,EEG OF 08-Ref,True,0.3519480363395116,0.1403376136525229,0.3343792850401632,0.0986285344724415,0.013863500422276189,1.5986375105328343,True,True,True,True,True,True,True,True,False
1,1,90,EEG PPO 03-Ref,False,0.22484697150443042,0.12656238518440538,0.17397727488370676,0.04652523524745937,0.046174223269381795,1.2749445917730169,True,True,True,True,True,True,True,True,False
1,1,91,EEG PPO 04-Ref,True,0.3402426169568186,0.13572922620502875,0.31332824537355924,0.05902027892016601,0.033573320462396125,1.3238429626049006,True,True,True,True,True,True,True,True,False
1,1,92,EEG PPO 05-Ref,False,0.3999973415017941,0.18315080950355192,0.37714060910307556,0.14791006688510333,0.06416183436693079,1.9996362678627646,True,True,True,True,True,True,True,True,False
1,1,93,EEG PPO 06-Ref,False,0.25664761285689736,0.14126506608877099,0.22693448994910687,0.0796750211893064,0.0339232246042724,1.4833297184536893,True,True,True,True,True,True,True,True,False
1,1,94,EEG PST 03-Ref,False,0.3575873610873873,0.11647478696776384,0.3485102164840563,0.07290206596671316,0.005160591638729709,1.43718017214659,True,True,True,True,True,True,True,True,False
1,1,95,EEG PST 04-Ref,False,0.35392572698283675,0.10522420754787257,0.34297366855924666,0.0678794712444058,0.004916316603158943,1.4968959660111216,True,True,True,True,True,True,True,True,False
1,2,0,EEG AST 01-Ref,True,0.40449142325767057,0.11971009452942327,0.3932864952885397,0.0793957583612368,0.019250170474054855,2.049439741425079,True,True,True,True,True,True,False,False,False
1,2,1,EEG AST 02-Ref,True,0.4195444289622269,0.10740432055542848,0.4080565922081626,0.0649463171519255,0.02308713510085793,2.0740322205584167,True,True,True,True,True,True,False,False,False
1,2,2,EEG AST 03-Ref,True,0.41115996424031304,0.05708476591490972,0.40356968023252804,0.028515525693513823,0.011872240146233422,1.5460858387936494,True,True,True,True,True,True,True,True,False
1,2,3,EEG AST 04-Ref,True,0.35983477125171,0.07392046573754477,0.34698643500275284,0.036107684982760256,0.012417610998917536,1.360746225172534,True,True,True,True,True,True,True,True,False
1,2,4,EEG GRID 01-Ref,False,0.30121814876980957,0.16894363339236868,0.28146305174297337,0.11899687044151878,0.043651467473555784,2.7031036790742085,True,True,True,True,True,True,False,False,False
1,2,5,EEG GRID 02-Ref,True,0.3500893052022413,0.14041274816719426,0.336296297613291,0.09907218896974712,0.04184004373901215,1.8995918930759554,True,True,True,True,True,True,True,True,False
1,2,6,EEG GRID 03-Ref,True,0.33692662180413474,0.1267908646877178,0.31149717748354194,0.07036959143462053,0.01794040260090202,1.3320814480150518,True,True,True,True,True,True,True,True,False
1,2,7,EEG GRID 04-Ref,True,0.3233161215758425,0.11978717228500525,0.3081246231643803,0.07233732581670149,0.015343356346501625,1.878484332323494,True,True,True,True,True,True,True,True,False
1,2,8,EEG GRID 05-Ref,True,0.40151707296376055,0.13816673683397862,0.3909624827156987,0.098451056106516,0.008595702690964898,2.439265058992871,True,True,True,True,True,True,False,False,False
1,2,9,EEG GRID 06-Ref,False,0.3095474432444575,0.12661637834037517,0.2963733190731083,0.08932640532876965,0.0056115640725957015,1.742977161825425,True,True,True,True,True,True,True,True,False
1,2,10,EEG GRID 07-Ref,True,0.36942220170211526,0.14842359209046452,0.35626615343921175,0.08926358620703047,0.0212714970146057,2.158016961371146,True,True,True,True,True,True,False,False,False
1,2,11,EEG GRID 08-Ref,False,0.3774247357124111,0.18778986473202505,0.35727125518686015,0.14860717985986596,0.02647445521334951,2.347089905839812,True,True,True,True,True,True,False,False,False
1,2,12,EEG GRID 09-Ref,True,0.3840645326091527,0.18385113871608394,0.3685364370239695,0.12194033762501448,0.048887143718588974,2.324613076349222,True,True,True,True,True,True,False,False,False
1,2,13,EEG GRID 10-Ref,True,0.37075548173701056,0.1298518736262932,0.3410956747304139,0.061120533042966364,0.0051507006232515895,1.4218278387467167,True,True,True,True,True,True,True,True,False
1,2,14,EEG GRID 11-Ref,True,0.32012176419045574,0.13504793600856277,0.29187699446255266,0.07401456501564456,0.03938296613251288,1.3578475869913331,True,True,True,True,True,True,True,True,False
1,2,15,EEG GRID 12-Ref,True,0.3892624276852527,0.15573469757048822,0.368992073086317,0.08809729436534462,0.03816922597459057,1.6946889401620007,True,True,True,True,True,True,True,True,False
1,2,16,EEG GRID 13-Ref,True,0.3793822885397103,0.14132705192985254,0.36838766452580096,0.09911053640273407,0.026594810258513457,2.290402625159372,True,True,True,True,True,True,False,False,False
1,2,17,EEG GRID 14-Ref,True,0.36593969969836687,0.16108538630552915,0.34932340805848733,0.09280919792217145,0.020326943541933998,1.8669238613588826,True,True,True,True,True,True,True,True,False
1,2,18,EEG GRID 15-Ref,True,0.3417576858035606,0.11406922853553657,0.3260483944901829,0.0652684691839274,0.014943504736371604,1.3052027769150774,True,True,True,True,True,True,True,True,False
1,2,19,EEG GRID 16-Ref,False,0.2877309201861435,0.14022082284931708,0.26696387471976896,0.08263755283085476,0.013912212069215082,1.2925638810135598,True,True,True,True,True,True,True,True,False
1,2,20,EEG GRID 17-Ref,True,0.3589077657262584,0.15140973101161248,0.3424112385158965,0.08811105443721139,0.016097521652303125,2.019038705159456,True,True,True,True,True,True,False,False,False
1,2,21,EEG GRID 18-Ref,True,0.4691683559827632,0.15515568614851058,0.44158311566273317,0.08733913674254867,0.002860698563229858,1.9687502348031203,True,True,True,True,True,True,True,True,False
1,2,22,EEG GRID 19-Ref,False,0.32019467575071214,0.12562042887747513,0.31070582609333763,0.08945825565898158,0.024892398536256632,2.1643580063228636,True,True,True,True,True,True,False,False,False
1,2,23,EEG GRID 21-Ref,True,0.3622074230487007,0.16898194363191418,0.3318526641130424,0.10809401517236941,0.0414689153323109,1.759099522614587,True,True,True,True,True,True,True,True,False
1,2,24,EEG GRID 22-Ref,False,0.277572397616558,0.09406373941407638,0.2534327559023426,0.04651337170054805,0.01418578546196405,1.2053952274708928,True,True,True,True,True,True,True,True,False
1,2,25,EEG GRID 23-Ref,True,0.3538788439668088,0.11157233748980427,0.3391539094828777,0.05587767952062148,0.0004070369787024218,1.3762268031214802,True,True,True,True,True,True,True,True,False
1,2,26,EEG GRID 24-Ref,True,0.3223646605197367,0.09216184959440071,0.30530311012937644,0.041441988755135224,0.008972199206129104,1.179539867343976,True,True,True,True,True,True,True,True,False
1,2,27,EEG GRID 25-Ref,False,0.26831894834487063,0.13621000058560503,0.24419136075228803,0.08109520151803053,0.02999944827041361,1.4669460118127016,True,True,True,True,True,True,True,True,False
1,2,28,EEG GRID 26-Ref,True,0.3851128263704339,0.16780413384466816,0.35045322157947595,0.09356271294671287,0.030448547508304582,1.7423251058195548,True,True,True,True,True,True,True,True,False
1,2,29,EEG GRID 27-Ref,True,0.3185624157266747,0.13547869893658057,0.2842567508633895,0.060338839992888124,0.05175259285760714,1.2811706804750957,True,True,True,True,True,True,True,True,False
1,2,30,EEG GRID 28-Ref,False,0.316616153915603,0.13755602282716792,0.2841382683417611,0.09932694693888257,0.020180820709719296,1.6949674780151844,True,True,True,True,True,True,True,True,False
1,2,31,EEG GRID 29-Ref,True,0.4269462248366925,0.13790771739756214,0.4091000711237388,0.08039581251963647,0.059499721482780564,2.1486660853699333,True,True,True,True,True,True,False,False,False
1,2,32,EEG GRID 30-Ref,True,0.36676386294636726,0.11602679027542206,0.35614128819294355,0.06992404178739353,0.05385906858360507,1.9042980842053097,True,True,True,True,True,True,True,True,False
1,2,33,EEG GRID 31-Ref,True,0.36595152441648454,0.10875299530943935,0.34870493678834263,0.05134936802257373,0.006486378014263931,1.2262742393271777,True,True,True,True,True,True,True,True,False
1,2,34,EEG GRID 32-Ref,True,0.38787752308542495,0.08102895238961486,0.3758662361176613,0.04080732796623131,0.0141793545109363,1.2848676039108948,True,True,True,True,True,True,True,True,False
1,2,35,EEG GRID 33-Ref,True,0.30818392926495647,0.11184934678042079,0.2719390217622801,0.03319072985855876,0.026668633430911613,1.1670925209033922,True,True,True,True,True,True,True,True,False
1,2,36,EEG GRID 35-Ref,True,0.37395983848484093,0.12196441052414288,0.349857831904897,0.05641815171545041,0.01764234501157497,1.4338105021520362,True,True,True,True,True,True,True,True,False
1,2,37,EEG GRID 36-Ref,True,0.4194763017819073,0.14431590450923387,0.3971202863050637,0.07585089055583,0.007387012072749063,1.663440206958602,True,True,True,True,True,True,True,True,False
1,2,38,EEG GRID 37-Ref,False,0.34967066708860434,0.116662621441106,0.3381953679206616,0.07331689801965607,0.05562362998440932,1.9842125212253596,True,True,True,True,True,True,True,True,False
1,2,39,EEG GRID 38-Ref,False,0.30085944477633275,0.08330661137198772,0.2857795762708262,0.037631234178723987,0.01066721228478833,1.2053684303124668,True,True,True,True,True,True,True,True,False
1,2,40,EEG GRID 39-Ref,True,0.37830423620409814,0.13103885652670927,0.3628597390969919,0.08526827731470014,0.04230202721859418,1.567554042055343,True,True,True,True,True,True,True,True,False
1,2,41,EEG GRID 40-Ref,False,0.40219268694973304,0.10393833413733633,0.3912926590458694,0.07773830661850982,0.019347042396740812,1.8448147128409678,True,True,True,True,True,True,True,True,False
1,2,42,EEG GRID 41-Ref,True,0.3089581749062593,0.0981518801616171,0.2874141072680358,0.015986167162548547,0.010128791575133229,1.1207353387140757,True,True,True,True,True,True,True,True,False
1,2,43,EEG GRID 42-Ref,True,0.35726095113694023,0.0919005045383086,0.33733409537998477,0.01590048177097477,0.011763812284252346,1.1375140755766295,True,True,True,True,True,True,True,True,False
1,2,44,EEG GRID 43-Ref,True,0.38112178437062144,0.09574904368184807,0.36192322423635487,0.030048770679941394,0.017826353537841733,1.185502627889326,True,True,True,True,True,True,True,True,False
1,2,45,EEG GRID 44-Ref,True,0.36437188406694054,0.09456530146348277,0.3537018608875798,0.03280296872870567,0.027286103217610484,1.224309490846794,True,True,True,True,True,True,True,True,False
1,2,46,EEG GRID 45-Ref,True,0.40459162204487814,0.09395491392145401,0.39073637999123695,0.05187229729117126,0.029454214421262104,1.4627814694055072,True,True,True,True,True,True,True,True,False
1,2,47,EEG GRID 46-Ref,True,0.4407792934804274,0.11490426481687503,0.42527089601120727,0.07514511731607429,0.04005362858806609,1.6992421757679725,True,True,True,True,True,True,True,True,False
1,2,48,EEG GRID 47-Ref,True,0.4277416036253533,0.1116064708801076,0.4146736535389568,0.0758715551249192,0.03238749837370728,2.034950630934734,True,True,True,True,True,True,False,False,False
1,2,49,EEG GRID 48-Ref,False,0.38535827086504837,0.11911718658391056,0.3672261530018156,0.07533846612172447,0.013729194833266163,1.6685618330725318,True,True,True,True,True,True,True,True,False
1,2,50,EEG GRID 49-Ref,True,0.2845693318515437,0.10412322145077287,0.2687705267827739,0.02464987070873424,0.009230242474399047,1.172772073264204,True,True,True,True,True,True,True,True,False
1,2,51,EEG GRID 50-Ref,True,0.2624054846199396,0.08782834187874974,0.2485797045171612,0.023482022089526468,0.008542452927867821,1.1761164072776182,True,True,True,True,True,True,True,True,False
1,2,52,EEG GRID 51-Ref,True,0.32771787038954175,0.09371771334841243,0.31835052354730364,0.04476897101060181,0.01472302048723643,1.3291028922824089,True,True,True,True,True,True,True,True,False
1,2,53,EEG GRID 52-Ref,True,0.2910285406986568,0.09759024669676049,0.27971983857205285,0.03781572085060133,0.0031832042318637667,1.316823694806086,True,True,True,True,True,True,True,True,False
1,2,54,EEG GRID 53-Ref,True,0.3444329218734375,0.0965832029376715,0.32725693417643414,0.033299441172063814,0.02552472804873448,1.1974683533346244,True,True,True,True,True,True,True,True,False
1,2,55,EEG GRID 54-Ref,True,0.4186493525347457,0.10413020121328102,0.4032694874908129,0.05748172851939289,0.03390594273122238,1.5969503826527436,True,True,True,True,True,True,True,True,False
1,2,56,EEG GRID 55-Ref,True,0.3955495499802247,0.10334744040730448,0.3815560642958006,0.06523093260301871,0.026570151819843114,1.8474202678262177,True,True,True,True,True,True,True,True,False
1,2,57,EEG GRID 56-Ref,True,0.37486269533762684,0.10735136376089263,0.357321116113512,0.048313595392239395,0.0010385178727433798,1.4973998386122416,True,True,True,True,True,True,True,True,False
1,2,58,EEG GRID 57-Ref,True,0.3002437547401852,0.105504183797014,0.2779940896850505,0.032409888548912046,0.013777902018640868,1.176649194133952,True,True,True,True,True,True,True,True,False
1,2,59,EEG GRID 58-Ref,True,0.32785354720053955,0.09103548662259628,0.31322272764498743,0.018633040883434496,0.009074745943768886,1.1066725211610433,True,True,True,True,True,True,True,True,False
1,2,60,EEG GRID 59-Ref,True,0.2732576139468986,0.11407295793361487,0.2581099540997453,0.03539150766938984,0.01448836669202135,1.1668948762660232,True,True,True,True,True,True,True,True,False
1,2,61,EEG GRID 60-Ref,True,0.3311964802082355,0.10820394651291797,0.3197700952116326,0.028622283056039834,0.022046254066885273,1.193280410765923,True,True,True,True,True,True,True,True,False
1,2,62,EEG GRID 61-Ref,False,0.2644979695692171,0.10855763041287687,0.24920734796790475,0.05275448917073353,0.02028304791078357,1.211341528841093,True,True,True,True,True,True,True,True,False
1,2,63,EEG GRID 62-Ref,True,0.3087496721016535,0.10191194342615892,0.28694700693071346,0.025017887023520997,0.002949252698987631,1.1006941577843166,True,True,True,True,True,True,True,True,False
1,2,64,EEG GRID 63-Ref,False,0.31739400979309695,0.10135706827247891,0.3032129138364512,0.06593083844474465,0.022154477604822267,1.8671997287066595,True,True,True,True,True,True,True,True,False
1,2,65,EEG GRID 64-Ref,True,0.28837407723911207,0.08674479798078334,0.28179571276084797,0.0553042789053789,0.004990016973985104,1.6525325945088722,True,True,True,True,True,True,True,True,False
1,2,66,EEG LA 01-Ref,True,0.38140213978581355,0.1082405946531927,0.3351655634272153,0.0352151205662382,0.01761334115345677,1.0332985834516206,True,True,True,True,True,True,True,True,False
1,2,67,EEG LA 02-Ref,True,0.43364007400075966,0.12112763162485182,0.38111215209863086,0.04367578231430246,0.04325738834245589,1.0647353726006623,True,True,True,True,True,True,True,True,False
1,2,68,EEG LA 03-Ref,True,0.5257651566271363,0.1357583957022479,0.4919685735410561,0.08137880204537863,0.050303600645388157,1.5608308939166038,True,True,True,True,True,True,True,True,False
1,2,69,EEG LA 04-Ref,True,0.5163424385517895,0.1301145366149105,0.48026420049848023,0.06637825172317349,0.039169309244860825,1.4498202303256866,True,True,True,True,True,True,True,True,False
1,2,70,EEG LFP 01-Ref,True,0.4181658782540811,0.18281289628794492,0.38033099022309724,0.13152187272330584,0.04904545303256069,1.4033081676114276,True,True,True,True,True,True,True,True,False
1,2,71,EEG LFP 02-Ref,True,0.46092190236136055,0.18646624725568023,0.4209891710306197,0.12695346729248172,0.04970216893209119,1.498989513491491,True,True,True,True,True,True,True,True,False
1,2,72,EEG LFP 03-Ref,True,0.44714951939785386,0.17801433433456776,0.4068709744900258,0.11608021360045041,0.04098331849426212,1.9757290393432119,True,True,True,True,True,True,True,True,False
1,2,73,EEG LFP 04-Ref,True,0.4838335755488798,0.20838378866009535,0.42598888540341817,0.13856461335505402,0.0010273961784778235,1.536368328494437,True,True,True,True,True,True,True,True,False
1,2,74,EEG LFP 05-Ref,True,0.493297589289904,0.19266690686421137,0.44290577526944397,0.12286486927287832,0.019889459723635594,1.4951991857066513,True,True,True,True,True,True,True,True,False
1,2,75,EEG LFP 06-Ref,True,0.48497998118207775,0.17606958905300124,0.4501760015155696,0.12717411322103409,0.03135514383767021,1.8928402846304437,True,True,True,True,True,True,True,True,False
1,2,76,EEG LH 01-Ref,True,0.48086814693870866,0.1109722190305464,0.44825136890461115,0.05453546999764407,0.029910052819713616,1.3271173253316082,True,True,True,True,True,True,True,True,False
1,2,77,EEG LH 02-Ref,True,0.551860580131718,0.1303845615950834,0.5163335722779495,0.06516925610893202,0.033040317871801464,1.4101459710963515,True,True,True,True,True,True,True,True,False
1,2,78,EEG LH 03-Ref,True,0.5441919986635745,0.128591611403491,0.5135648328648775,0.0740429897949875,0.04381194340995215,1.5598670194222815,True,True,True,True,True,True,True,True,False
1,2,79,EEG LH 04-Ref,True,0.44110077125156316,0.10116226345961041,0.4103572811926343,0.046038834230221676,0.027377836784681298,1.3334490093192042,True,True,True,True,True,True,True,True,False
1,2,80,EEG MST 03-Ref,True,0.2892578108942074,0.1089117431826759,0.2719491269588183,0.03392310383203184,0.006836364329340212,1.0268364622526407,True,True,True,True,True,True,True,True,False
1,2,81,EEG MST 04-Ref,False,0.227560618381884,0.08640268624141831,0.21676231375239888,0.03810237884176867,0.008565643259034968,1.274631512386791,True,True,True,True,True,True,True,True,False
1,2,82,EEG OF 01-Ref,True,0.5583020604997493,0.25083751156243794,0.5163083707485392,0.1952137491701074,0.1175248829627666,1.772345598043929,True,True,True,True,True,False,True,False,False
1,2,83,EEG OF 02-Ref,True,0.5936232450690503,0.265555088157782,0.5502006033067217,0.2115480273855509,0.11900501117091247,1.8320071406026206,True,True,True,True,True,False,True,False,False
1,2,84,EEG OF 03-Ref,True,0.5934277825656102,0.262159173913599,0.5478818529546492,0.20720199871512743,0.11822902861809184,1.7720438585245366,True,True,True,True,True,False,True,False,False
1,2,85,EEG OF 04-Ref,True,0.5717628355443239,0.24082127230854672,0.5272035104540707,0.19100230755229744,0.10946379322817573,1.779149341370969,True,True,True,True,True,False,True,False,False
1,2,86,EEG OF 05-Ref,True,0.4934968407320996,0.1867816387138239,0.45295774239551245,0.14308431717785844,0.08852303711621337,1.6577459598858901,True,True,True,True,True,True,True,True,False
1,2,87,EEG OF 06-Ref,True,0.4284151143039653,0.1653575531206153,0.3873523183957231,0.1139559491736649,0.05924075278675494,1.3877357442655711,True,True,True,True,True,True,True,True,False
1,2,88,EEG OF 07-Ref,True,0.3900215693282449,0.1314495389558725,0.3615154465100187,0.08367279790989679,0.04476137169392169,1.3682570457476548,True,True,True,True,True,True,True,True,False
1,2,89,EEG OF 08-Ref,True,0.3667297246697356,0.14530055293568922,0.3511258878832115,0.10906399570409656,0.014080834527387365,1.6547183768630815,True,True,True,True,True,True,True,True,False
1,2,90,EEG PPO 03-Ref,False,0.23119320083617761,0.12754342535967925,0.18352270484238473,0.047464651906439295,0.046331435138449,1.2719778388013638,True,True,True,True,True,True,True,True,False
1,2,91,EEG PPO 04-Ref,True,0.35811021822255384,0.13454377561326153,0.33157006229964614,0.06305134259582955,0.033929050262998216,1.3381043469964902,True,True,True,True,True,True,True,True,False
1,2,92,EEG PPO 05-Ref,False,0.41713640694452386,0.18519383112489565,0.3950582523644149,0.1513444601734093,0.06436149585819578,1.9996691091340733,True,True,True,True,True,True,True,True,False
1,2,93,EEG PPO 06-Ref,False,0.2627658921321349,0.1394741835911529,0.23751550252027706,0.08092946241743647,0.0341222853738629,1.4876150516947577,True,True,True,True,True,True,True,True,False
1,2,94,EEG PST 03-Ref,False,0.35167497000050374,0.11661351440954786,0.34257039615330837,0.0718769018050756,0.005057724545817358,1.43200646573358,True,True,True,True,True,True,True,True,False
1,2,95,EEG PST 04-Ref,False,0.34291521153354604,0.1044005927678649,0.33106637036611747,0.06440820213559655,0.004810022080751944,1.4840755946706123,True,True,True,True,True,True,True,True,False
2,0,0,EEG AST 01-Ref,True,0.3654066246613422,0.10053432686405299,0.35433621210720667,0.06322059626187759,0.03430726948536023,1.5617023999784385,True,True,True,True,True,True,True,True,False
2,0,1,EEG AST 02-Ref,True,0.40355165932790676,0.0880508001364687,0.39120961151136285,0.043547310322399585,0.028430159452963417,1.5091615674445034,True,True,True,True,True,True,True,True,False
2,0,2,EEG AST 03-Ref,True,0.4005416941302058,0.04655131073754152,0.3947790808162775,0.01799235835534097,0.0019922931864374493,1.3089594971331344,True,True,True,True,True,True,True,True,False
2,0,3,EEG AST 04-Ref,True,0.32638756849507344,0.070077030846488,0.3179119585766094,0.034524818068093245,0.030320538739995972,1.3898762066367312,True,True,True,True,True,True,True,True,False
2,0,4,EEG GRID 01-Ref,False,0.20273518231067827,0.07945344798635048,0.18985489473513115,0.03753979254147137,0.007933007603528452,1.2355893472561161,True,True,True,True,True,True,True,True,False
2,0,5,EEG GRID 02-Ref,True,0.2939051921566872,0.08862604407861123,0.28198988904474814,0.048014054742164594,0.03280536359519429,1.1497399890668776,True,True,True,True,True,True,True,True,False
2,0,6,EEG GRID 03-Ref,True,0.2690390340398102,0.09330179669117003,0.25007028235957934,0.0436457922883716,0.03325350994864554,1.0436199105600492,True,True,True,True,True,True,True,True,False
2,0,7,EEG GRID 04-Ref,True,0.23335051021170772,0.06867409597915104,0.2214460454365099,0.02291518630511435,0.001825530625334695,1.0788913035805419,True,True,True,True,True,True,True,True,False
2,0,8,EEG GRID 05-Ref,True,0.3042080217634888,0.06996575799298156,0.29655788249790993,0.033814579986456345,0.003631334165365623,1.160803566446542,True,True,True,True,True,True,True,True,False
2,0,9,EEG GRID 06-Ref,False,0.24723737442147978,0.08086815216719556,0.2390337861616085,0.049502126162622485,0.0006838086221245781,1.2409930258582602,True,True,True,True,True,True,True,True,False
2,0,10,EEG GRID 07-Ref,True,0.32687342431417055,0.10016938728152737,0.31438185660246853,0.052163680714962954,0.037549773008662406,1.2015039132074252,True,True,True,True,True,True,True,True,False
2,0,11,EEG GRID 08-Ref,False,0.3266222214274363,0.12774061731239128,0.31623011517225724,0.09603811056095167,0.014246920542199422,1.4524138454020432,True,True,True,True,True,True,True,True,False
2,0,12,EEG GRID 09-Ref,True,0.31189944206940745,0.10431886364668105,0.29929493773444377,0.05082105112129612,0.0405509755232237,1.1975682396960727,True,True,True,True,True,True,True,True,False
2,0,13,EEG GRID 10-Ref,True,0.282993229910047,0.07764635417556877,0.26906399615652676,0.03056468150906859,0.006446222659485161,1.0298788323331338,True,True,True,True,True,True,True,True,False
2,0,14,EEG GRID 11-Ref,True,0.22838430427870626,0.08322774393149274,0.21486082474249726,0.03981144376309327,0.0065590181866640685,1.0119761710325403,True,True,True,True,True,True,True,True,False
2,0,15,EEG GRID 12-Ref,True,0.2854258903595911,0.08990829065498081,0.27198756399747365,0.04225269039409916,0.028279847050153885,1.0171842045697648,True,True,True,True,True,True,True,True,False
2,0,16,EEG GRID 13-Ref,True,0.27677863490750965,0.07841005586276316,0.2665760845735708,0.044104163716616025,0.028993643300936005,1.1613360045903038,True,True,True,True,True,True,True,True,False
2,0,17,EEG GRID 14-Ref,True,0.26835736605274096,0.09854679930057918,0.25412478404528066,0.054141449597399985,0.043162843125773336,1.0644770675882427,True,True,True,True,True,True,True,True,False
2,0,18,EEG GRID 15-Ref,True,0.32264952534722524,0.09854075925443151,0.31253680973892944,0.060270289766239195,0.02982456812326429,1.2515619289447648,True,True,True,True,True,True,True,True,False
2,0,19,EEG GRID 16-Ref,False,0.26016690464407205,0.11068426378191489,0.24877971278569386,0.07263503062694031,0.012883831425307567,1.1659365746272519,True,True,True,True,True,True,True,True,False
2,0,20,EEG GRID 17-Ref,True,0.3143429140066077,0.09378379721294935,0.3003638417464308,0.03671589991286381,0.02909327994986866,1.3653017584153817,True,True,True,True,True,True,True,True,False
2,0,21,EEG GRID 18-Ref,True,0.34157533928340966,0.07438984845063237,0.32726292728212547,0.025081007893377708,0.014496631483643897,1.0078988405393763,True,True,True,True,True,True,True,True,False
2,0,22,EEG GRID 19-Ref,False,0.25884834129345097,0.06921120329626547,0.25231016752875496,0.0394938712310924,0.009985265033449552,1.312059698218391,True,True,True,True,True,True,True,True,False
2,0,23,EEG GRID 21-Ref,True,0.26888065347916995,0.12723751804630876,0.24739848502545006,0.07360609648060629,0.029414676582368408,1.2615744176106514,True,True,True,True,True,True,True,True,False
2,0,24,EEG GRID 22-Ref,False,0.21170333452913417,0.08045229716105419,0.19668195673104769,0.03858721365873057,0.010362644830145692,1.0857374817897767,True,True,True,True,True,True,True,True,False
2,0,25,EEG GRID 23-Ref,True,0.2988108412469991,0.08821558326543176,0.2882206200046587,0.042834133954388245,0.004621706653078291,1.0955411539405628,True,True,True,True,True,True,True,True,False
2,0,26,EEG GRID 24-Ref,True,0.2931016868770196,0.08138239144701037,0.281183891191577,0.03989905513425573,0.016774566969858268,1.1554935234209271,True,True,True,True,True,True,True,True,False
2,0,27,EEG GRID 25-Ref,False,0.25925290781376464,0.11595425456851394,0.234329256407495,0.058495130698126147,0.004654145998272931,1.3429536952568866,True,True,True,True,True,True,True,True,False
2,0,28,EEG GRID 26-Ref,True,0.25237743646010075,0.08986976340663223,0.2310367845710553,0.035358440988880226,0.0014664727512431507,1.002428417871754,True,True,True,True,True,True,True,True,False
2,0,29,EEG GRID 27-Ref,True,0.23079197767807658,0.093398745413959,0.21259732619161842,0.02832970846687412,0.0036616271278245797,1.046505505045101,True,True,True,True,True,True,True,True,False
2,0,30,EEG GRID 28-Ref,False,0.23702086461118616,0.09900153533870831,0.22489915594144366,0.06615961580154318,0.0074236481627183255,1.2996711349500145,True,True,True,True,True,True,True,True,False
2,0,31,EEG GRID 29-Ref,True,0.3417248774951212,0.07211725381380353,0.3328983490759413,0.022002766369788457,0.0023306680148655495,1.1210260519349053,True,True,True,True,True,True,True,True,False
2,0,32,EEG GRID 30-Ref,True,0.3072699290801055,0.0641554700867867,0.2987448698500833,0.0301848556130581,0.005124118943991822,1.0507407545690801,True,True,True,True,True,True,True,True,False
2,0,33,EEG GRID 31-Ref,True,0.32323376357287187,0.08896421903299227,0.3085433396069867,0.0411645642970035,0.0043870101754712645,1.078145957722117,True,True,True,True,True,True,True,True,False
2,0,34,EEG GRID 32-Ref,True,0.3322658797754641,0.06076876821344798,0.32784944177933156,0.029236365697402445,0.0004298912020263924,1.0903096874731653,True,True,True,True,True,True,True,True,False
2,0,35,EEG GRID 33-Ref,True,0.20829052488155703,0.08390245252785795,0.1892573307205403,0.011153407515167711,0.011104826912678424,1.02390529552683,True,True,True,True,True,True,True,True,False
2,0,36,EEG GRID 35-Ref,True,0.3128765025594232,0.08833473467481294,0.2992597409982636,0.03592231295931797,0.033479547558997985,1.2360009540056998,True,True,True,True,True,True,True,True,False
2,0,37,EEG GRID 36-Ref,True,0.32491434560334603,0.09112886373072591,0.30972331161690275,0.037222652977880806,0.03460470890681999,1.1910817282142552,True,True,True,True,True,True,True,True,False
2,0,38,EEG GRID 37-Ref,False,0.2981432508694643,0.07010518358365397,0.28956840998482175,0.02850506623691006,0.01714603946552078,1.245378587742932,True,True,True,True,True,True,True,True,False
2,0,39,EEG GRID 38-Ref,False,0.23147245535020486,0.07261802875638247,0.22028850867966998,0.02636961918629523,0.005134738211286489,1.05541741283199,True,True,True,True,True,True,True,True,False
2,0,40,EEG GRID 39-Ref,True,0.346887904761962,0.1044541508368449,0.3334908924800802,0.0559984825453911,0.01809946968755021,1.2583676345796349,True,True,True,True,True,True,True,True,False
2,0,41,EEG GRID 40-Ref,False,0.3350315940537826,0.06989123097044879,0.3310890406199823,0.04864146134762259,0.010871835495451305,1.416299003836358,True,True,True,True,True,True,True,True,False
2,0,42,EEG GRID 41-Ref,True,0.2477404598378379,0.08840784931883537,0.233192614231362,0.02881552937295441,0.028815529372954285,1.190480023902043,True,True,True,True,True,True,True,True,False
2,0,43,EEG GRID 42-Ref,True,0.2925540959685756,0.0834660583372978,0.2832035565355865,0.02060935431845391,0.017585713911819616,1.1705270191666708,True,True,True,True,True,True,True,True,False
2,0,44,EEG GRID 43-Ref,True,0.35800912033535165,0.09503930457869267,0.342186091632287,0.028933912008402084,0.007538953253064103,1.2502494741567076,True,True,True,True,True,True,True,True,False
2,0,45,EEG GRID 44-Ref,True,0.36997980488678156,0.0938173714630234,0.356472449615028,0.03073605533838244,0.023844109589550126,1.3277854470168895,True,True,True,True,True,True,True,True,False
2,0,46,EEG GRID 45-Ref,True,0.3638112854144945,0.0874586433147464,0.3525091819966638,0.04258205519601745,0.023881711331423756,1.4572455673657119,True,True,True,True,True,True,True,True,False
2,0,47,EEG GRID 46-Ref,True,0.3668564194588396,0.08179299909736197,0.35676968296228684,0.041818720534011145,0.0232910385308908,1.3328887440901862,True,True,True,True,True,True,True,True,False
2,0,48,EEG GRID 47-Ref,True,0.36720150365538584,0.07307846121849289,0.361480639178135,0.04220855803323837,0.022785100009219874,1.3651182498600278,True,True,True,True,True,True,True,True,False
2,0,49,EEG GRID 48-Ref,False,0.3112048297733136,0.07746226838337814,0.3044910762703107,0.039220978390812136,0.02243025863625853,1.1903984323983379,True,True,True,True,True,True,True,True,False
2,0,50,EEG GRID 49-Ref,True,0.26469073047726777,0.07107177994824998,0.2545285614119406,0.014885133968127616,0.011778832038185706,1.0724198745666864,True,True,True,True,True,True,True,True,False
2,0,51,EEG GRID 50-Ref,True,0.2338685409164439,0.07723777223035812,0.22082361617637522,0.01408701466380832,0.00664616312875049,1.0637830731353655,True,True,True,True,True,True,True,True,False
2,0,52,EEG GRID 51-Ref,True,0.3235446069653549,0.07307740685724216,0.31403135461714987,0.028997487712647603,0.017438325091149204,1.0991421472488627,True,True,True,True,True,True,True,True,False
2,0,53,EEG GRID 52-Ref,True,0.28050621924166824,0.07331149155287955,0.2673647464806276,0.020837244295478584,0.01020937248387099,1.0976707637138894,True,True,True,True,True,True,True,True,False
2,0,54,EEG GRID 53-Ref,True,0.31215200503548435,0.0826440933066187,0.2975260945693476,0.015347144352009744,0.0025056017446391113,1.0692382744569437,True,True,True,True,True,True,True,True,False
2,0,55,EEG GRID 54-Ref,True,0.3475623005887781,0.07470404303952198,0.3378791655068083,0.031158565173823247,0.01728202999777009,1.2815776458211257,True,True,True,True,True,True,True,True,False
2,0,56,EEG GRID 55-Ref,True,0.3339444913626575,0.06707613502652918,0.32776936747844354,0.03231039160670616,0.020520048606388258,1.2625333288233211,True,True,True,True,True,True,True,True,False
2,0,57,EEG GRID 56-Ref,True,0.33828086651741396,0.061606933545704214,0.3296260193024191,0.018298730558762646,0.009392990565285834,1.0371117935560523,True,True,True,True,True,True,True,True,False
2,0,58,EEG GRID 57-Ref,True,0.273002462038339,0.08173266920969903,0.26308356247008796,0.02148524228388313,0.021485242283883044,1.035641380969698,True,True,True,True,True,True,True,True,False
2,0,59,EEG GRID 58-Ref,True,0.29692815041707304,0.06969314790392697,0.2881436194811486,0.013599525248780397,0.006700825418571721,1.1417268506014786,True,True,True,True,True,True,True,True,False
2,0,60,EEG GRID 59-Ref,True,0.26403854317787856,0.09337672271540369,0.24336756946465965,0.028333429236760063,0.02274511648507869,1.0421619305911547,True,True,True,True,True,True,True,True,False
2,0,61,EEG GRID 60-Ref,True,0.31156208149537956,0.08452658201306881,0.29122593770139427,0.023879066894161097,0.023864948686155435,1.0129784549818683,True,True,True,True,True,True,True,True,False
2,0,62,EEG GRID 61-Ref,False,0.26931675792266163,0.10091368904862671,0.242556977703169,0.03917698716174762,0.015554276924696448,1.0823567796592126,True,True,True,True,True,True,True,True,False
2,0,63,EEG GRID 62-Ref,True,0.276975392882176,0.09334483734089177,0.25802490780530374,0.027303383359931262,0.02610048185332967,1.0080038120592887,True,True,True,True,True,True,True,True,False
2,0,64,EEG GRID 63-Ref,False,0.2715251979871373,0.061662824245749,0.2647862037565771,0.03247305470446571,0.011598073135927471,1.296887914301924,True,True,True,True,True,True,True,True,False
2,0,65,EEG GRID 64-Ref,True,0.2839283407572564,0.05292212200973253,0.27847243506651115,0.029061228332044945,0.012714735039521733,1.0879650308254234,True,True,True,True,True,True,True,True,False
2,0,66,EEG LA 01-Ref,True,0.2882504085113831,0.10289699251349946,0.2604967706880727,0.03183159899253084,0.028477255121415634,1.033541291001968,True,True,True,True,True,True,True,True,False
2,0,67,EEG LA 02-Ref,True,0.27481794070203064,0.10072612866271813,0.2386459321183677,0.027339991772432046,0.006315698311315138,1.0651159453488936,True,True,True,True,True,True,True,True,False
2,0,68,EEG LA 03-Ref,True,0.31713136741101317,0.08785143211791639,0.2968282217521536,0.036605057496768616,0.0047262249208275,1.1505825700365797,True,True,True,True,True,True,True,True,False
2,0,69,EEG LA 04-Ref,True,0.3205820985514183,0.090426348598614,0.3006995723548354,0.03503109398372036,0.005616612820182492,1.1480876459866185,True,True,True,True,True,True,True,True,False
2,0,70,EEG LFP 01-Ref,True,0.3177306642893158,0.12847044326809304,0.2977853527618132,0.09764978348147185,0.032541050113801935,1.1053500770289644,True,True,True,True,True,True,True,True,False
2,0,71,EEG LFP 02-Ref,True,0.3337184098386197,0.12176448034117447,0.31689378961765746,0.08495842505257634,0.02918181660665923,1.0935838250667058,True,True,True,True,True,True,True,True,False
2,0,72,EEG LFP 03-Ref,True,0.2900960132378722,0.10213603780277175,0.2756126643178133,0.05674834142046945,0.011909236436786718,1.1160974562217936,True,True,True,True,True,True,True,True,False
2,0,73,EEG LFP 04-Ref,True,0.31968570169460186,0.14874493730154253,0.28926959722490775,0.1008240293097722,0.002655576265429891,1.1104779523047188,True,True,True,True,True,True,True,True,False
2,0,74,EEG LFP 05-Ref,True,0.33115714227540294,0.1367158706703796,0.3053780138174389,0.0904929805259495,0.011162004981802434,1.0797032260735475,True,True,True,True,True,True,True,True,False
2,0,75,EEG LFP 06-Ref,True,0.3184298938952506,0.09521096084590402,0.30010642831894285,0.0601368655388353,0.002499857909148255,1.1464575814798106,True,True,True,True,True,True,True,True,False
2,0,76,EEG LH 01-Ref,True,0.34319404211958326,0.08370427210364564,0.32675259114604316,0.03390609347667721,0.023531094576576046,1.1320905137616029,True,True,True,True,True,True,True,True,False
2,0,77,EEG LH 02-Ref,True,0.343176537909167,0.08966293603352068,0.32578933628842,0.03709160283377401,0.020529309789436307,1.0934058531937618,True,True,True,True,True,True,True,True,False
2,0,78,EEG LH 03-Ref,True,0.341324706933702,0.08841908287988154,0.326460583579435,0.04020010521026401,0.0023075308271817293,1.2121806297585802,True,True,True,True,True,True,True,True,False
2,0,79,EEG LH 04-Ref,True,0.2942259976610217,0.08133460928204563,0.2786961887863233,0.03133320716084363,0.0026587029385693756,1.2101479074354786,True,True,True,True,True,True,True,True,False
2,0,80,EEG MST 03-Ref,True,0.2674218315834187,0.09958299598882485,0.25088087693842837,0.03386249224168226,0.00959678031094154,1.124414174162918,True,True,True,True,True,True,True,True,False
2,0,81,EEG MST 04-Ref,False,0.22783798858186508,0.07436869374231485,0.21480977107288418,0.025290938033082484,0.014076812369227346,1.1661197611029457,True,True,True,True,True,True,True,True,False
2,0,82,EEG OF 01-Ref,True,0.3891408584797716,0.1851645758055199,0.36432902780486814,0.14455821627583346,0.041423617621772296,1.4326062495760232,True,True,True,True,True,True,True,True,False
2,0,83,EEG OF 02-Ref,True,0.4141358247754941,0.19786489539457103,0.3900959632149706,0.15988377173453622,0.04425130411631886,1.4932349653196617,True,True,True,True,True,True,True,True,False
2,0,84,EEG OF 03-Ref,True,0.41777565027849217,0.19745059363161674,0.3939317557086472,0.15880890852961455,0.043400458135380696,1.473578573491409,True,True,True,True,True,True,True,True,False
2,0,85,EEG OF 04-Ref,True,0.40448213276230327,0.18102472826420954,0.3834994313506344,0.1441452950734555,0.04015318948620296,1.4888323864329298,True,True,True,True,True,True,True,True,False
2,0,86,EEG OF 05-Ref,True,0.3672514965239381,0.1419388320817622,0.34830964327223674,0.10446334969160524,0.02916122656822514,1.416956621050253,True,True,True,True,True,True,True,True,False
2,0,87,EEG OF 06-Ref,True,0.35414926646287137,0.13622527378674992,0.3279184554867925,0.08657339654164858,0.010766567868311002,1.2435473468938434,True,True,True,True,True,True,True,True,False
2,0,88,EEG OF 07-Ref,True,0.32565844293202173,0.1012040269349538,0.3043169368515518,0.05352990698551363,0.01685453354349483,1.1473935799179522,True,True,True,True,True,True,True,True,False
2,0,89,EEG OF 08-Ref,True,0.3348597831698741,0.10837071640568775,0.3193339023042782,0.07380317740169619,0.03166632346721171,1.341237598774978,True,True,True,True,True,True,True,True,False
2,0,90,EEG PPO 03-Ref,False,0.15634704295534174,0.08391500881658762,0.12529125099647587,0.011103920309619484,0.004832544903641634,1.0392289819387994,True,True,True,True,True,True,True,True,False
2,0,91,EEG PPO 04-Ref,True,0.28257400572269176,0.09561754495556918,0.2671138114720405,0.03381267924815815,0.015675956568269832,1.03283859540501,True,True,True,True,True,True,True,True,False
2,0,92,EEG PPO 05-Ref,False,0.3213336612906381,0.129923984560381,0.3099980294601916,0.09944986094873474,0.014303759173708127,1.5024799347949016,True,True,True,True,True,True,True,True,False
2,0,93,EEG PPO 06-Ref,False,0.20936290998742543,0.10398810741117859,0.19054340611315226,0.058765279811121604,0.01014670854706216,1.0892715888720188,True,True,True,True,True,True,True,True,False
2,0,94,EEG PST 03-Ref,False,0.3269730582077722,0.09185795712711106,0.3206114826434415,0.053412372412006075,0.009863468304988573,1.208673926972527,True,True,True,True,True,True,True,True,False
2,0,95,EEG PST 04-Ref,False,0.3186555511080433,0.08416469270113684,0.3106161713075983,0.04821544100275137,0.008995227975233413,1.2890952757459775,True,True,True,True,True,True,True,True,False
2,1,0,EEG AST 01-Ref,True,0.35503797126917924,0.09824943981768278,0.34472201056220864,0.05979970827024412,0.033847023366008616,1.540339436150686,True,True,True,True,True,True,True,True,False
2,1,1,EEG AST 02-Ref,True,0.3843160110503178,0.0862680552123436,0.37360126103924884,0.04157073578580378,0.028336037013893606,1.4922016049516333,True,True,True,True,True,True,True,True,False
2,1,2,EEG AST 03-Ref,True,0.3699642241440789,0.046713826930333505,0.3646274438353033,0.019718267125161008,0.00249655720503242,1.3259449668963312,True,True,True,True,True,True,True,True,False
2,1,3,EEG AST 04-Ref,True,0.3008351262606404,0.06877454230540934,0.2907615256120924,0.03469325622791092,0.030041315772280544,1.386520420031366,True,True,True,True,True,True,True,True,False
2,1,4,EEG GRID 01-Ref,False,0.19434275331446402,0.07789881677744201,0.18034851028307133,0.03288858524347785,0.00812426998985332,1.203057937838009,True,True,True,True,True,True,True,True,False
2,1,5,EEG GRID 02-Ref,True,0.27329555633755975,0.08984692346974786,0.25984754909399466,0.04839994889975361,0.0328568399849556,1.153739828729008,True,True,True,True,True,True,True,True,False
2,1,6,EEG GRID 03-Ref,True,0.2652440196422212,0.0947342131244414,0.24844852577400325,0.0474978490348377,0.03317875419316694,1.0609391323088126,True,True,True,True,True,True,True,True,False
2,1,7,EEG GRID 04-Ref,True,0.2549882501543178,0.07014493051987541,0.24451045879714048,0.026527401473985992,0.0018999599910408504,1.115672653047261,True,True,True,True,True,True,True,True,False
2,1,8,EEG GRID 05-Ref,True,0.3118451278428431,0.06885372733819814,0.3042346077990974,0.03175406283359355,0.00417247122177619,1.1704398358209904,True,True,True,True,True,True,True,True,False
2,1,9,EEG GRID 06-Ref,False,0.23795449829840343,0.07948238955571772,0.22849761947834177,0.04804607788727992,0.0003521867925577126,1.2370497624371821,True,True,True,True,True,True,True,True,False
2,1,10,EEG GRID 07-Ref,True,0.308320769603755,0.09837797032981256,0.2927698899647196,0.0511601510231628,0.03746433714345296,1.1930517824426343,True,True,True,True,True,True,True,True,False
2,1,11,EEG GRID 08-Ref,False,0.2990145391547008,0.1250595408889551,0.28613933044808243,0.09173182118876833,0.013898646293172385,1.419943817917737,True,True,True,True,True,True,True,True,False
2,1,12,EEG GRID 09-Ref,True,0.29929564639398093,0.10278686537296781,0.28689872520016174,0.05140969813785033,0.04072726261796879,1.1893379084548876,True,True,True,True,True,True,True,True,False
2,1,13,EEG GRID 10-Ref,True,0.28224060443577903,0.07692854783074893,0.2672340228044769,0.03064633308573982,0.0063980563078838175,1.0287656580243636,True,True,True,True,True,True,True,True,False
2,1,14,EEG GRID 11-Ref,True,0.24646748404765634,0.08274546301158581,0.2346240302516457,0.04570583516737384,0.006885268345567948,1.0278089172602083,True,True,True,True,True,True,True,True,False
2,1,15,EEG GRID 12-Ref,True,0.29072492399924477,0.09252351061754495,0.2779222455178925,0.04406607194641872,0.028440557977583412,1.044261147296338,True,True,True,True,True,True,True,True,False
2,1,16,EEG GRID 13-Ref,True,0.30094769480637207,0.08062110425125389,0.2927746149059488,0.04762478598612683,0.029314487947696623,1.2098368923353424,True,True,True,True,True,True,True,True,False
2,1,17,EEG GRID 14-Ref,True,0.28339156483746863,0.1015260462546465,0.27068094637069884,0.05727820245750699,0.04358660778268808,1.096259007851541,True,True,True,True,True,True,True,True,False
2,1,18,EEG GRID 15-Ref,True,0.30626509465295415,0.10122898171230274,0.29536833221450554,0.06316865479635562,0.029557526790411598,1.2585492524698256,True,True,True,True,True,True,True,True,False
2,1,19,EEG GRID 16-Ref,False,0.2541598109065233,0.11472675940279103,0.2407590533022081,0.07499569438198071,0.012467751480289271,1.1669358278189046,True,True,True,True,True,True,True,True,False
2,1,20,EEG GRID 17-Ref,True,0.3182445780512242,0.0956962630230926,0.3020321753932568,0.041434624958873,0.02906053585229392,1.3717268324398677,True,True,True,True,True,True,True,True,False
2,1,21,EEG GRID 18-Ref,True,0.3442333907329171,0.0726775172037274,0.3307818245210156,0.020623034135757317,0.014685181207345395,1.0276841235157714,True,True,True,True,True,True,True,True,False
2,1,22,EEG GRID 19-Ref,False,0.2564745336304574,0.06936014203604776,0.24994565851782863,0.03825397872025367,0.009984520104223347,1.3168567088158178,True,True,True,True,True,True,True,True,False
2,1,23,EEG GRID 21-Ref,True,0.2813807976571207,0.1303476210276785,0.2608452724687101,0.07822453425766267,0.02932007838248253,1.2795659604373522,True,True,True,True,True,True,True,True,False
2,1,24,EEG GRID 22-Ref,False,0.2047668771859543,0.07890147938040436,0.19128340657639836,0.03553799654372214,0.010043785079403589,1.0925949148966818,True,True,True,True,True,True,True,True,False
2,1,25,EEG GRID 23-Ref,True,0.2922680005570165,0.08706963886237473,0.2814606118695453,0.045367510436134066,0.004285696481151142,1.1037887734210134,True,True,True,True,True,True,True,True,False
2,1,26,EEG GRID 24-Ref,True,0.2876234370018565,0.08154710116397008,0.27384806932982747,0.04166277366939955,0.016435408728874838,1.163938162007274,True,True,True,True,True,True,True,True,False
2,1,27,EEG GRID 25-Ref,False,0.268466406011732,0.11776045402039,0.24721845014821262,0.060775667715238756,0.004565808813076384,1.3505471199544399,True,True,True,True,True,True,True,True,False
2,1,28,EEG GRID 26-Ref,True,0.2498953554468211,0.0846273386789425,0.2304886723004652,0.031688541911120825,0.0017718285666449942,1.0478396867757989,True,True,True,True,True,True,True,True,False
2,1,29,EEG GRID 27-Ref,True,0.23536853535273236,0.09225076834256415,0.21948614885386536,0.02565620564283527,0.003637760727540423,1.0569191680083683,True,True,True,True,True,True,True,True,False
2,1,30,EEG GRID 28-Ref,False,0.24027459250017635,0.09651458485999254,0.22898826017974483,0.06240749572146389,0.007475811999539387,1.2842740279310558,True,True,True,True,True,True,True,True,False
2,1,31,EEG GRID 29-Ref,True,0.35679554266755764,0.07133731144551028,0.34892627450804753,0.023771983208104877,0.002327439625621665,1.1317193230124343,True,True,True,True,True,True,True,True,False
2,1,32,EEG GRID 30-Ref,True,0.330666393855597,0.06421094329075452,0.32275686475596677,0.029428667340913397,0.005080175850538219,1.0566475271782918,True,True,True,True,True,True,True,True,False
2,1,33,EEG GRID 31-Ref,True,0.3326974233415751,0.0866317662917064,0.3163225881237213,0.039029062203193,0.004010253586506329,1.0622819414519826,True,True,True,True,True,True,True,True,False
2,1,34,EEG GRID 32-Ref,True,0.33627383199757366,0.05981859542527179,0.3308949010344441,0.0286522784682711,0.00025834014122696927,1.0873112414953618,True,True,True,True,True,True,True,True,False
2,1,35,EEG GRID 33-Ref,True,0.21887203234225286,0.08288022360541256,0.20138914442648115,0.011281316085443208,0.011081679664363702,1.0243533309052957,True,True,True,True,True,True,True,True,False
2,1,36,EEG GRID 35-Ref,True,0.31251574527984816,0.08647952470689653,0.29915222524485574,0.03491760068647918,0.03374135164744865,1.2430738855581558,True,True,True,True,True,True,True,True,False
2,1,37,EEG GRID 36-Ref,True,0.3315264303231479,0.09085268914532138,0.3180633038055865,0.037279418640691245,0.03477891357595371,1.200035849997782,True,True,True,True,True,True,True,True,False
2,1,38,EEG GRID 37-Ref,False,0.329775827913706,0.06996069076760912,0.32167131411519445,0.03446359646828757,0.016952160451205674,1.296489277199444,True,True,True,True,True,True,True,True,False
2,1,39,EEG GRID 38-Ref,False,0.2592218318456244,0.07194602079219901,0.24715638296528408,0.02770039016858787,0.0051065130069646615,1.0703814256797386,True,True,True,True,True,True,True,True,False
2,1,40,EEG GRID 39-Ref,True,0.3447117947554441,0.10098349126425815,0.3291796288272419,0.050551167206423164,0.018675892520852017,1.2259316175544692,True,True,True,True,True,True,True,True,False
2,1,41,EEG GRID 40-Ref,False,0.33749778728343,0.07384089779252218,0.33293250024975146,0.05407209652130534,0.01078323990927687,1.452408130332718,True,True,True,True,True,True,True,True,False
2,1,42,EEG GRID 41-Ref,True,0.2374566930000125,0.08830602146374988,0.22261689457946152,0.028751880741931274,0.02873540113046502,1.173688888709529,True,True,True,True,True,True,True,True,False
2,1,43,EEG GRID 42-Ref,True,0.29059654596906254,0.08270369081686442,0.279934984454125,0.019330642512697515,0.017195716462662283,1.1707208726332081,True,True,True,True,True,True,True,True,False
2,1,44,EEG GRID 43-Ref,True,0.3412634486932528,0.09637175324756608,0.32442307074407584,0.02870637214177869,0.007968327858494727,1.259424074730877,True,True,True,True,True,True,True,True,False
2,1,45,EEG GRID 44-Ref,True,0.3533528155445327,0.09410687693958976,0.33878751891276504,0.030577396515001527,0.0242636385447329,1.3353581815261475,True,True,True,True,True,True,True,True,False
2,1,46,EEG GRID 45-Ref,True,0.35739936802076694,0.08802022861292838,0.34461611533124176,0.04393240124237931,0.024273150344668464,1.469358494474801,True,True,True,True,True,True,True,True,False
2,1,47,EEG GRID 46-Ref,True,0.3588794141907882,0.08281142673705193,0.34808494957087405,0.042841843977415535,0.02392467992887731,1.3313652189945744,True,True,True,True,True,True,True,True,False
2,1,48,EEG GRID 47-Ref,True,0.34790702250047967,0.07188935041988263,0.3418113614271991,0.03949738984580806,0.023446197048960535,1.337448673460008,True,True,True,True,True,True,True,True,False
2,1,49,EEG GRID 48-Ref,False,0.328520335206308,0.07918480086085283,0.3209131239563511,0.03932840885067033,0.02218902057132463,1.1941484909659412,True,True,True,True,True,True,True,True,False
2,1,50,EEG GRID 49-Ref,True,0.24824189761845378,0.07047432339260588,0.2360205757370442,0.015912733051043,0.01203534184931766,1.089487767037136,True,True,True,True,True,True,True,True,False
2,1,51,EEG GRID 50-Ref,True,0.22336767822496764,0.07613541466205712,0.209432565536149,0.016752418291272244,0.006595252141176845,1.057161920223846,True,True,True,True,True,True,True,True,False
2,1,52,EEG GRID 51-Ref,True,0.3075399263799712,0.07379671323399097,0.2978340010792091,0.031693487344268786,0.017495799923543987,1.1077297540705975,True,True,True,True,True,True,True,True,False
2,1,53,EEG GRID 52-Ref,True,0.2657790247114309,0.07319355883702584,0.2538922766603746,0.02009279994599066,0.010080938036487219,1.094637239627216,True,True,True,True,True,True,True,True,False
2,1,54,EEG GRID 53-Ref,True,0.30020632705576134,0.08373581071158354,0.28398899854904175,0.014133976128928883,0.0028335487624144475,1.059148924853917,True,True,True,True,True,True,True,True,False
2,1,55,EEG GRID 54-Ref,True,0.33949051171684985,0.07410270185320417,0.328087272564014,0.030623984518192808,0.01797392815166527,1.2761839878686148,True,True,True,True,True,True,True,True,False
2,1,56,EEG GRID 55-Ref,True,0.3155782198653613,0.06726477413739469,0.30869786489226686,0.03364831166896714,0.02112736767947501,1.2825254819646155,True,True,True,True,True,True,True,True,False
2,1,57,EEG GRID 56-Ref,True,0.34963140370422296,0.060427914419681636,0.34039313154410616,0.017858799341620525,0.009338055479317634,1.0339907727006918,True,True,True,True,True,True,True,True,False
2,1,58,EEG GRID 57-Ref,True,0.2497824259521101,0.08194677324637806,0.238882160717767,0.02168363334212289,0.02153286938650341,1.0073892765878196,True,True,True,True,True,True,True,True,False
2,1,59,EEG GRID 58-Ref,True,0.2835972214826684,0.07057349909049793,0.2749261495212086,0.012859535593638696,0.006767882758417396,1.0923919744254647,True,True,True,True,True,True,True,True,False
2,1,60,EEG GRID 59-Ref,True,0.25211145291322323,0.09322424385853041,0.23171874861529523,0.028767636799243036,0.022577669891656608,1.0287120232788258,True,True,True,True,True,True,True,True,False
2,1,61,EEG GRID 60-Ref,True,0.29848707171824773,0.08533640708699652,0.2801613721967453,0.023831472187639875,0.023831472187639844,1.0147656648198407,True,True,True,True,True,True,True,True,False
2,1,62,EEG GRID 61-Ref,False,0.26165136073504025,0.10124103620223392,0.23360848432271325,0.04201429244020738,0.015959881983984986,1.1095054901428818,True,True,True,True,True,True,True,True,False
2,1,63,EEG GRID 62-Ref,True,0.27027432517040534,0.09461411218494319,0.250125586139012,0.026000438865473045,0.02588956739010639,1.037096810217409,True,True,True,True,True,True,True,True,False
2,1,64,EEG GRID 63-Ref,False,0.28089737359286665,0.06307331722584338,0.27465811640901133,0.03307351049637055,0.011342017323025835,1.3088643534444933,True,True,True,True,True,True,True,True,False
2,1,65,EEG GRID 64-Ref,True,0.28799508290301384,0.05173785772906822,0.2822292651893082,0.027320105824712698,0.012794026762437193,1.0519993548950666,True,True,True,True,True,True,True,True,False
2,1,66,EEG LA 01-Ref,True,0.28423701340456864,0.10448078179764311,0.2551678402461616,0.03189658047154657,0.02768242072117264,1.0253241921181495,True,True,True,True,True,True,True,True,False
2,1,67,EEG LA 02-Ref,True,0.2812984816842998,0.10190726721098423,0.24638067685814521,0.025939268096139185,0.005475555152849609,1.0825715230757673,True,True,True,True,True,True,True,True,False
2,1,68,EEG LA 03-Ref,True,0.3398071866687606,0.08732566779830726,0.3215276738228223,0.033969113971025436,0.005365056153190642,1.1305753977057835,True,True,True,True,True,True,True,True,False
2,1,69,EEG LA 04-Ref,True,0.34027299733533256,0.08901456612696393,0.3221481839266948,0.028666121253138065,0.004857084729994637,1.123086084485603,True,True,True,True,True,True,True,True,False
2,1,70,EEG LFP 01-Ref,True,0.33805939710716054,0.13177926999016917,0.31850063806325196,0.10047928133219673,0.03263244474011535,1.0960558606883226,True,True,True,True,True,True,True,True,False
2,1,71,EEG LFP 02-Ref,True,0.35657232004025546,0.1234988810363383,0.3393547908334446,0.08858127324808053,0.029287186611504017,1.0815969339009177,True,True,True,True,True,True,True,True,False
2,1,72,EEG LFP 03-Ref,True,0.318023558432131,0.10387366049162035,0.3017477717575715,0.05881084203002575,0.012055325043797964,1.1171174082834834,True,True,True,True,True,True,True,True,False
2,1,73,EEG LFP 04-Ref,True,0.3502657073245404,0.15178468360452743,0.319844940453771,0.10503821470341054,0.0024996834372485992,1.1360748198991775,True,True,True,True,True,True,True,True,False
2,1,74,EEG LFP 05-Ref,True,0.35883465316765256,0.13852147445551602,0.3369964585222213,0.0914494436384375,0.011018719300229426,1.103718963022977,True,True,True,True,True,True,True,True,False
2,1,75,EEG LFP 06-Ref,True,0.3360340465120686,0.09480343841497602,0.3219468730562333,0.05833106186011882,0.002301144884408216,1.147225538575018,True,True,True,True,True,True,True,True,False
2,1,76,EEG LH 01-Ref,True,0.3420635260361246,0.08577748343987997,0.3254963221659092,0.03500840855925197,0.02255755360257083,1.1384790590318397,True,True,True,True,True,True,True,True,False
2,1,77,EEG LH 02-Ref,True,0.35410630191619424,0.08958993433783692,0.338340283843883,0.03317656221522429,0.019518941426624636,1.0800994455326265,True,True,True,True,True,True,True,True,False
2,1,78,EEG LH 03-Ref,True,0.36518696999764183,0.08751707558397745,0.3511959536151171,0.035217862158932293,0.001419073732638223,1.1938683736540172,True,True,True,True,True,True,True,True,False
2,1,79,EEG LH 04-Ref,True,0.3126776615203272,0.08075800622102998,0.29715266838944454,0.026768836180473717,0.0017665325353406803,1.1903258215748367,True,True,True,True,True,True,True,True,False
2,1,80,EEG MST 03-Ref,True,0.2690923465165342,0.09933303348620738,0.252301835125979,0.03699867357646706,0.010617442954367238,1.0940256531340864,True,True,True,True,True,True,True,True,False
2,1,81,EEG MST 04-Ref,False,0.22867377814909645,0.07439890042157929,0.21409998501734276,0.02694740060941453,0.014293825465113496,1.165017184842541,True,True,True,True,True,True,True,True,False
2,1,82,EEG OF 01-Ref,True,0.41741556277976155,0.19000917669995698,0.3946233884236109,0.14812245125087037,0.04199573338943995,1.4535749155516675,True,True,True,True,True,True,True,True,False
2,1,83,EEG OF 02-Ref,True,0.44833172735139465,0.2032549523128638,0.4263343649214586,0.164911893136721,0.044789737656822454,1.518632945554988,True,True,True,True,True,True,True,True,False
2,1,84,EEG OF 03-Ref,True,0.4538573124241902,0.20324908412720957,0.4319074775158169,0.16401092146285826,0.04390354545823874,1.4995817605911632,True,True,True,True,True,True,True,True,False
2,1,85,EEG OF 04-Ref,True,0.44112782713269677,0.1862439763812761,0.4207085377785343,0.14926512173906933,0.04055647661993688,1.5172809221924142,True,True,True,True,True,True,True,True,False
2,1,86,EEG OF 05-Ref,True,0.39958661998800754,0.14476103058450798,0.38002395327817345,0.10904910178054017,0.029366589097756537,1.4475376891001988,True,True,True,True,True,True,True,True,False
2,1,87,EEG OF 06-Ref,True,0.3750334857043958,0.13900051817313364,0.3516541942519218,0.08996147641439203,0.010791656966959273,1.271730500031955,True,True,True,True,True,True,True,True,False
2,1,88,EEG OF 07-Ref,True,0.32757636975745,0.10191323654638741,0.3081817334279399,0.05493796837796933,0.016648362335910615,1.1703037061765698,True,True,True,True,True,True,True,True,False
2,1,89,EEG OF 08-Ref,True,0.3465752010816667,0.11081280503563874,0.33359064198907057,0.0785202861914199,0.032135957448494866,1.3704659145472473,True,True,True,True,True,True,True,True,False
2,1,90,EEG PPO 03-Ref,False,0.14908514810975532,0.08429894403214029,0.11963243610561382,0.014200347453737017,0.004704822697978308,1.0718422967324974,True,True,True,True,True,True,True,True,False
2,1,91,EEG PPO 04-Ref,True,0.28083366873882076,0.09467824082971947,0.26606530948989676,0.031424266031185775,0.01623054618887814,1.012808681770446,True,True,True,True,True,True,True,True,False
2,1,92,EEG PPO 05-Ref,False,0.31858216558698377,0.12500463791159294,0.3076403877294923,0.09473302448231413,0.01443833829295929,1.4778776486102376,True,True,True,True,True,True,True,True,False
2,1,93,EEG PPO 06-Ref,False,0.19683744557901944,0.10196905122735012,0.179718666267022,0.0555435817125545,0.010339146581950126,1.0624236092216,True,True,True,True,True,True,True,True,False
2,1,94,EEG PST 03-Ref,False,0.32070623275646487,0.09200608020659312,0.31373928968800285,0.05344580739545162,0.010662753321791485,1.2115059631579457,True,True,True,True,True,True,True,True,False
2,1,95,EEG PST 04-Ref,False,0.3129994999240573,0.08389953731062032,0.30459121474058637,0.04887576440655519,0.009682237887493728,1.2992294928915553,True,True,True,True,True,True,True,True,False
2,2,0,EEG AST 01-Ref,True,0.3752789655123322,0.10095502460948394,0.36426002538597596,0.06614435867821626,0.03415135209449218,1.5779977675846637,True,True,True,True,True,True,True,True,False
2,2,1,EEG AST 02-Ref,True,0.40392123744682046,0.08762264042945159,0.39252752390807444,0.04818155938224914,0.028489216267501862,1.5368440852128251,True,True,True,True,True,True,True,True,False
2,2,2,EEG AST 03-Ref,True,0.38829193117089034,0.04695191743923997,0.38269455099517324,0.01927516657489593,0.002653528189333575,1.327004690121551,True,True,True,True,True,True,True,True,False
2,2,3,EEG AST 04-Ref,True,0.3124464426294682,0.07074627637180562,0.30411365398560647,0.03455090871157417,0.029810863971105023,1.3953681002735232,True,True,True,True,True,True,True,True,False
2,2,4,EEG GRID 01-Ref,False,0.19787082376321302,0.07882291175258255,0.18445955715982032,0.034853514834935186,0.008079198237317071,1.212564547206273,True,True,True,True,True,True,True,True,False
2,2,5,EEG GRID 02-Ref,True,0.2863074342517003,0.09122094676181315,0.27383860187826997,0.05108319706980719,0.03279342132495385,1.1608505522999686,True,True,True,True,True,True,True,True,False
2,2,6,EEG GRID 03-Ref,True,0.2654967782002067,0.09475649240965389,0.24797113257724504,0.04622268202837812,0.03311071427007174,1.081230400042748,True,True,True,True,True,True,True,True,False
2,2,7,EEG GRID 04-Ref,True,0.2453951567206756,0.0706695774382095,0.23409442039936815,0.02875670835093453,0.0015022463715040465,1.1244121726155982,True,True,True,True,True,True,True,True,False
2,2,8,EEG GRID 05-Ref,True,0.3200346291720901,0.0680411523701424,0.31273157514038485,0.029999079048470687,0.003779430481630373,1.153143193625906,True,True,True,True,True,True,True,True,False
2,2,9,EEG GRID 06-Ref,False,0.2509815578885742,0.07884023878832586,0.24216943958227785,0.04461552485807896,0.0006015097621526749,1.226371911079032,True,True,True,True,True,True,True,True,False
2,2,10,EEG GRID 07-Ref,True,0.2982006169334909,0.09882590233924422,0.2824769531068681,0.05332813717595549,0.03739604315705982,1.193597770316813,True,True,True,True,True,True,True,True,False
2,2,11,EEG GRID 08-Ref,False,0.2913579400026092,0.12309611275540179,0.2778945640965396,0.0906167929794698,0.014104424082418557,1.4058327314752481,True,True,True,True,True,True,True,True,False
2,2,12,EEG GRID 09-Ref,True,0.2992122491291194,0.10445757930863975,0.286043158710137,0.05188964084296828,0.040625838282163027,1.1909916372941776,True,True,True,True,True,True,True,True,False
2,2,13,EEG GRID 10-Ref,True,0.2765133690283231,0.0776969804599342,0.2628175794951039,0.03141246332306072,0.006187682150007871,1.0239630196434475,True,True,True,True,True,True,True,True,False
2,2,14,EEG GRID 11-Ref,True,0.2403638801499686,0.08392863302353039,0.22615041536860295,0.045310380756059546,0.007089852108147912,1.0413245888808367,True,True,True,True,True,True,True,True,False
2,2,15,EEG GRID 12-Ref,True,0.2669375843007206,0.09103136796729379,0.2537974858070855,0.044567101827468966,0.027972985814904896,1.0395831451673305,True,True,True,True,True,True,True,True,False
2,2,16,EEG GRID 13-Ref,True,0.2798180462408547,0.07815764505950948,0.271863572629502,0.04200370259829701,0.0289031185806549,1.1576330286303296,True,True,True,True,True,True,True,True,False
2,2,17,EEG GRID 14-Ref,True,0.2689432947267492,0.0988981991813276,0.2558645162450102,0.05460104845928946,0.04340292980792576,1.0657996409315773,True,True,True,True,True,True,True,True,False
2,2,18,EEG GRID 15-Ref,True,0.2920156745857967,0.09687332783577915,0.2804048153441636,0.05933582525794941,0.029763202081268186,1.250626752210553,True,True,True,True,True,True,True,True,False
2,2,19,EEG GRID 16-Ref,False,0.23321096662157026,0.10737136414387,0.21931041229297366,0.0639962462864009,0.012806464626807021,1.1251067904334329,True,True,True,True,True,True,True,True,False
2,2,20,EEG GRID 17-Ref,True,0.31049069475793717,0.09522643244577725,0.2942378663574821,0.03947733444897604,0.02888417525816534,1.3670104111171006,True,True,True,True,True,True,True,True,False
2,2,21,EEG GRID 18-Ref,True,0.3324933087248062,0.07280115879996507,0.31971144001274104,0.021242283614633588,0.014422838587213287,1.0366721798128007,True,True,True,True,True,True,True,True,False
2,2,22,EEG GRID 19-Ref,False,0.2733595656653841,0.0714978323529191,0.2674580486888974,0.04255964798501998,0.009839913553034256,1.3415537690479735,True,True,True,True,True,True,True,True,False
2,2,23,EEG GRID 21-Ref,True,0.26995795901550623,0.12512656743766443,0.24688444120736353,0.07185099322907205,0.029044014008771945,1.2443327853662345,True,True,True,True,True,True,True,True,False
2,2,24,EEG GRID 22-Ref,False,0.2138633828077921,0.07769748989821629,0.19910553193998448,0.036405201541250425,0.010087917338108965,1.0737846066616081,True,True,True,True,True,True,True,True,False
2,2,25,EEG GRID 23-Ref,True,0.2748837117999014,0.08381773870707045,0.2653881323065886,0.03992354378095538,0.00425233013708031,1.0905908450900625,True,True,True,True,True,True,True,True,False
2,2,26,EEG GRID 24-Ref,True,0.28257165190548506,0.07983323946095637,0.2704904846644667,0.039318511579455845,0.01642718821331585,1.1523801924158024,True,True,True,True,True,True,True,True,False
2,2,27,EEG GRID 25-Ref,False,0.24727337212290637,0.1146863022825803,0.22289484519797836,0.056588276424187005,0.004339566788407878,1.3298482142373693,True,True,True,True,True,True,True,True,False
2,2,28,EEG GRID 26-Ref,True,0.2574429832146632,0.08789787563832552,0.23720716650528328,0.03226612957903205,0.001504342907758489,1.0273364564865972,True,True,True,True,True,True,True,True,False
2,2,29,EEG GRID 27-Ref,True,0.21928793697552165,0.09109419417113687,0.19955719889208812,0.02729996449940551,0.0034256686124051246,1.0715345748742384,True,True,True,True,True,True,True,True,False
2,2,30,EEG GRID 28-Ref,False,0.22571491569164379,0.09447369320383497,0.2131875297521299,0.058992079526639936,0.007142998137584158,1.253639717991924,True,True,True,True,True,True,True,True,False
2,2,31,EEG GRID 29-Ref,True,0.32568990132950804,0.07129416005323874,0.3174134959791829,0.020164763459411976,0.002637636423686724,1.107315992519063,True,True,True,True,True,True,True,True,False
2,2,32,EEG GRID 30-Ref,True,0.30726396344819656,0.062433599360557104,0.2977735404180368,0.026974684878646293,0.0048514250265665445,1.0345420979434317,True,True,True,True,True,True,True,True,False
2,2,33,EEG GRID 31-Ref,True,0.32515236979662615,0.08788766806342742,0.30994627604329145,0.04211451407261129,0.0041293767643198,1.0731711256586223,True,True,True,True,True,True,True,True,False
2,2,34,EEG GRID 32-Ref,True,0.34653583809666655,0.060852614313785684,0.34194918515167666,0.030986800952822784,0.0001463998544061503,1.0951351795089626,True,True,True,True,True,True,True,True,False
2,2,35,EEG GRID 33-Ref,True,0.23482270568945574,0.08441031198673746,0.21666443402795385,0.011249474239938584,0.010914270981061649,1.0403008133406426,True,True,True,True,True,True,True,True,False
2,2,36,EEG GRID 35-Ref,True,0.3095806861309883,0.08717919749106542,0.2949634277044737,0.03561975907025188,0.03369563487561446,1.2401243610424564,True,True,True,True,True,True,True,True,False
2,2,37,EEG GRID 36-Ref,True,0.3228657188957847,0.09055484169862107,0.3086646968354432,0.037233097861933635,0.03483305734809812,1.194290265347406,True,True,True,True,True,True,True,True,False
2,2,38,EEG GRID 37-Ref,False,0.2954365314546832,0.07176576210773021,0.28631659828911804,0.029085226342053714,0.017194286971160662,1.2564791575762153,True,True,True,True,True,True,True,True,False
2,2,39,EEG GRID 38-Ref,False,0.24973214867182095,0.07294612613695924,0.23678112367654844,0.030189329465289922,0.005028568477427432,1.0653810192821616,True,True,True,True,True,True,True,True,False
2,2,40,EEG GRID 39-Ref,True,0.33091439399698336,0.10089238543560777,0.31692238701978387,0.05294192249768624,0.018423330657759168,1.2485275152002813,True,True,True,True,True,True,True,True,False
2,2,41,EEG GRID 40-Ref,False,0.34196448273532176,0.0702169669747933,0.338152248764157,0.050141521421157006,0.01067329615560719,1.4232425369234936,True,True,True,True,True,True,True,True,False
2,2,42,EEG GRID 41-Ref,True,0.2646080352340738,0.08823156232871422,0.24981117591505111,0.028422120443443815,0.02841520292137846,1.202533851481824,True,True,True,True,True,True,True,True,False
2,2,43,EEG GRID 42-Ref,True,0.3019456722071553,0.08389022526482695,0.29006091027656017,0.020737366345976022,0.017156122814781287,1.1893990243672037,True,True,True,True,True,True,True,True,False
2,2,44,EEG GRID 43-Ref,True,0.33819037027440707,0.09442990433027845,0.320516457872843,0.03183088799824508,0.007967897672841184,1.2658838157001655,True,True,True,True,True,True,True,True,False
2,2,45,EEG GRID 44-Ref,True,0.3478169606386711,0.09255996783943801,0.3327856266454116,0.03183398605290956,0.02415299198107471,1.3377540508370342,True,True,True,True,True,True,True,True,False
2,2,46,EEG GRID 45-Ref,True,0.34330500283679877,0.08773232254592549,0.3297198758395156,0.04457336974046593,0.023997938148132763,1.4673440846030474,True,True,True,True,True,True,True,True,False
2,2,47,EEG GRID 46-Ref,True,0.35443339269629565,0.08318757713927677,0.34484230774570024,0.044832506875113726,0.023507134556838862,1.3577256248175318,True,True,True,True,True,True,True,True,False
2,2,48,EEG GRID 47-Ref,True,0.3506747525851406,0.07251530245531576,0.3447386545948177,0.04071596890548403,0.02293747159894029,1.3636170970694153,True,True,True,True,True,True,True,True,False
2,2,49,EEG GRID 48-Ref,False,0.31037796319288996,0.07733198514827229,0.30354519679978,0.0382174616427198,0.02191385257947316,1.188903833257226,True,True,True,True,True,True,True,True,False
2,2,50,EEG GRID 49-Ref,True,0.24189321860713953,0.07034424446955004,0.2295211987326124,0.015397996724721993,0.011723534116752138,1.0792771686630953,True,True,True,True,True,True,True,True,False
2,2,51,EEG GRID 50-Ref,True,0.2485447889314958,0.07906502064446672,0.23534860981900707,0.01825074810380437,0.006421096958780864,1.0971046069538177,True,True,True,True,True,True,True,True,False
2,2,52,EEG GRID 51-Ref,True,0.3064891894436759,0.07453275768825791,0.2966050451792462,0.03392069267769499,0.017080318733654867,1.1212436185703882,True,True,True,True,True,True,True,True,False
2,2,53,EEG GRID 52-Ref,True,0.27293688012401757,0.07297426081257509,0.25811282278270903,0.021707313450207686,0.009575477224307837,1.1000430803863976,True,True,True,True,True,True,True,True,False
2,2,54,EEG GRID 53-Ref,True,0.28719409572662336,0.08372718833593372,0.26953818766098075,0.014304860433185351,0.0024171713283863434,1.0662330628247665,True,True,True,True,True,True,True,True,False
2,2,55,EEG GRID 54-Ref,True,0.3400623388368931,0.07606274936043092,0.32881444059706844,0.03390561013854763,0.017356515005539388,1.3043586823748266,True,True,True,True,True,True,True,True,False
2,2,56,EEG GRID 55-Ref,True,0.32551112666003623,0.06794051888909497,0.3194802659452835,0.03514920116043147,0.020627153640922786,1.299154098386651,True,True,True,True,True,True,True,True,False
2,2,57,EEG GRID 56-Ref,True,0.3262878241603032,0.06050148727278755,0.3173757015634818,0.01786607257267074,0.009009124636775436,1.0376397753287134,True,True,True,True,True,True,True,True,False
2,2,58,EEG GRID 57-Ref,True,0.2328227541562849,0.08210106633746202,0.22141458974208794,0.02191068952195346,0.02129048421357128,1.0018011342710191,True,True,True,True,True,True,True,True,False
2,2,59,EEG GRID 58-Ref,True,0.26331752169146316,0.07047640758818118,0.25368316402408775,0.01375597067815646,0.006687751701976288,1.0859983879683126,True,True,True,True,True,True,True,True,False
2,2,60,EEG GRID 59-Ref,True,0.25960108359442136,0.09303125204972452,0.23810639658295296,0.02656167371803806,0.022248993324352755,1.0058264997020927,True,True,True,True,True,True,True,True,False
2,2,61,EEG GRID 60-Ref,True,0.30747857017533986,0.08463638366052396,0.28810389841996276,0.02483093251684878,0.024830114758237282,1.0100401863855333,True,True,True,True,True,True,True,True,False
2,2,62,EEG GRID 61-Ref,False,0.27858742954235816,0.1026114546273544,0.25231998866388977,0.046994836045247596,0.016575970866391867,1.1383513676904993,True,True,True,True,True,True,True,True,False
2,2,63,EEG GRID 62-Ref,True,0.2813667611849272,0.09491113136457803,0.26066001946317585,0.02881965373739705,0.026666034152178976,1.0053774256213344,True,True,True,True,True,True,True,True,False
2,2,64,EEG GRID 63-Ref,False,0.2623086685637232,0.06200613262451695,0.25514409238010893,0.030882797791843563,0.011318564679080177,1.2902039836737387,True,True,True,True,True,True,True,True,False
2,2,65,EEG GRID 64-Ref,True,0.2804946257558705,0.05150115793061599,0.2753912667323568,0.025963229531141677,0.012769349521386747,1.0529321284196347,True,True,True,True,True,True,True,True,False
2,2,66,EEG LA 01-Ref,True,0.2817397859063456,0.1033910476844791,0.25526877332685627,0.033063151363743035,0.02805464202365271,1.0073149291585064,True,True,True,True,True,True,True,True,False
2,2,67,EEG LA 02-Ref,True,0.27857944227753795,0.10000296863395283,0.2453130206351561,0.028574493727721712,0.0058217165265404556,1.052741850978408,True,True,True,True,True,True,True,True,False
2,2,68,EEG LA 03-Ref,True,0.32359062086467166,0.08745502978186304,0.3045996033815498,0.03802217035260848,0.005024509820750433,1.1542927430173726,True,True,True,True,True,True,True,True,False
2,2,69,EEG LA 04-Ref,True,0.32645754448345055,0.08932525479648529,0.30672896291856655,0.034399795706917126,0.005258474682246243,1.1405779086816137,True,True,True,True,True,True,True,True,False
2,2,70,EEG LFP 01-Ref,True,0.3175669352529631,0.13178263746861973,0.29857313615394326,0.10084421132753987,0.03251781472342827,1.1152115170778092,True,True,True,True,True,True,True,True,False
2,2,71,EEG LFP 02-Ref,True,0.33136070767691356,0.12404283783725731,0.31561699048610825,0.08792558091875706,0.029185305915015447,1.100916476407782,True,True,True,True,True,True,True,True,False
2,2,72,EEG LFP 03-Ref,True,0.28926994840187426,0.10201739783609419,0.2732024035996992,0.05780355782800314,0.011965906537662389,1.1167329797019891,True,True,True,True,True,True,True,True,False
2,2,73,EEG LFP 04-Ref,True,0.32660417987083096,0.14251907557785015,0.2971734345196252,0.09528108748265739,0.002810791447504752,1.098187295121447,True,True,True,True,True,True,True,True,False
2,2,74,EEG LFP 05-Ref,True,0.34108052513549536,0.1309873578921649,0.3162693949350332,0.08279751129284778,0.011406469226081704,1.0640988635327124,True,True,True,True,True,True,True,True,False
2,2,75,EEG LFP 06-Ref,True,0.3286115047423587,0.09208538373282997,0.3123276792242128,0.051806340611532796,0.002665831243729852,1.1185733040449362,True,True,True,True,True,True,True,True,False
2,2,76,EEG LH 01-Ref,True,0.3340611773596416,0.08693630155550607,0.31834819427548,0.036812092353925796,0.02305360537861068,1.1565496444489802,True,True,True,True,True,True,True,True,False
2,2,77,EEG LH 02-Ref,True,0.3434992547995876,0.09102811508732499,0.3277247513171268,0.03968280686471723,0.02010901854372642,1.1046169186019874,True,True,True,True,True,True,True,True,False
2,2,78,EEG LH 03-Ref,True,0.3491041067504079,0.08899851752163973,0.33427759002708196,0.03986649775144176,0.001977311545571436,1.2097290708472903,True,True,True,True,True,True,True,True,False
2,2,79,EEG LH 04-Ref,True,0.30128747401193684,0.08045484437989159,0.28562641344915934,0.02755302641177513,0.0023580599594498373,1.1940417313962293,True,True,True,True,True,True,True,True,False
2,2,80,EEG MST 03-Ref,True,0.27391482907102394,0.09830524315809024,0.2591929888793002,0.03399467121621539,0.0103033725508352,1.085694008213277,True,True,True,True,True,True,True,True,False
2,2,81,EEG MST 04-Ref,False,0.2247070207256831,0.07370115494527595,0.21049486330266878,0.02868910547074893,0.01404918067235891,1.180111659686703,True,True,True,True,True,True,True,True,False
2,2,82,EEG OF 01-Ref,True,0.4193448668386614,0.1865521391593037,0.39569396613508334,0.14496669532846262,0.042340354563796645,1.4399395684389789,True,True,True,True,True,True,True,True,False
2,2,83,EEG OF 02-Ref,True,0.4508903596545437,0.19915240986780583,0.4272442375526076,0.16026906213282063,0.04515923255631911,1.500538704712288,True,True,True,True,True,True,True,True,False
2,2,84,EEG OF 03-Ref,True,0.45633548325138906,0.19911101050817276,0.432951165994628,0.15996030606116726,0.04426090574949032,1.4826369027836932,True,True,True,True,True,True,True,True,False
2,2,85,EEG OF 04-Ref,True,0.44612444781643895,0.18315558559080986,0.4252966600612105,0.14710288808150906,0.04086313872581466,1.501056625030589,True,True,True,True,True,True,True,True,False
2,2,86,EEG OF 05-Ref,True,0.4104984781001189,0.14305913013366292,0.39116030548162856,0.10807566529702407,0.029622553059922757,1.4338418562177828,True,True,True,True,True,True,True,True,False
2,2,87,EEG OF 06-Ref,True,0.3889239158373387,0.13620406577469787,0.36519874501159505,0.08901751911662686,0.010967300303971498,1.2690256970584117,True,True,True,True,True,True,True,True,False
2,2,88,EEG OF 07-Ref,True,0.34745990258055726,0.09956683202253036,0.3288624598602145,0.05488211317458533,0.016756410627407934,1.1720242368480311,True,True,True,True,True,True,True,True,False
2,2,89,EEG OF 08-Ref,True,0.34776510474326844,0.11169830381623595,0.33276692005934216,0.0805469223116396,0.032274395414172284,1.3704027419981308,True,True,True,True,True,True,True,True,False
2,2,90,EEG PPO 03-Ref,False,0.15106513760977475,0.08405890473149573,0.12131167931617587,0.010346848250400411,0.004715763427130951,1.0373506490240008,True,True,True,True,True,True,True,True,False
2,2,91,EEG PPO 04-Ref,True,0.266814386323811,0.09639135750113982,0.2523358036986399,0.0339635599772573,0.01605573725975448,1.0280916866092848,True,True,True,True,True,True,True,True,False
2,2,92,EEG PPO 05-Ref,False,0.3063090495181278,0.12527999533480383,0.2957677555084235,0.09456005989371681,0.014586007114717081,1.4906243104101125,True,True,True,True,True,True,True,True,False
2,2,93,EEG PPO 06-Ref,False,0.19419987686848197,0.10207899887849262,0.17542945089593362,0.05581224217445463,0.010413140355367018,1.074473969351403,True,True,True,True,True,True,True,True,False
2,2,94,EEG PST 03-Ref,False,0.335937681528196,0.09340208774353434,0.32967750752159175,0.05682301458720945,0.01039276363629977,1.2487798564676789,True,True,True,True,True,True,True,True,False
2,2,95,EEG PST 04-Ref,False,0.32317570802534096,0.08542448296295693,0.3156340359424544,0.053359334058496834,0.009469297964363892,1.335068997442154,True,True,True,True,True,True,True,True,False
