variant,technical_seed,channel,time_w1,occupation_w1
constant_input,0,LAF1,1.8060711675433982,1.7980578981156101
constant_input,0,LAF2,1.8728576402658113,1.8663453722273349
constant_input,0,LAF3,1.2043798386194116,1.1804955023431656
constant_input,0,LAF4,0.7483419557986067,0.7310312322450976
constant_input,0,RA2,1.7170600144402628,1.7054022752452314
constant_input,0,RA3,1.601436746554119,1.587573728858918
constant_input,0,RAFa1,0.786275095845813,0.7615577737696817
constant_input,0,RAFa2,0.6311164446918808,0.5956669782348338
constant_input,0,RAFa3,0.62453040800788,0.5920765666652127
constant_input,0,RAFa4,0.5677339948378212,0.5297797974480065
constant_input,0,RAFb1,0.6538530566715625,0.616480452576817
constant_input,0,RAFb2,0.5485546178126222,0.5148826123119826
constant_input,0,RAFb3,0.4952087843612413,0.4609262807907438
constant_input,0,RAFb4,0.45931813073990346,0.4142195346735059
constant_input,0,RAFc1,0.746602385692826,0.6972434871811111
constant_input,0,RAFc2,0.7886990378438165,0.7371223335272844
constant_input,0,RAFc3,0.7627393795574451,0.7100773862556763
constant_input,0,RAFc4,0.524437635207887,0.47303858662788356
constant_input,0,RAFd1,0.701496320586387,0.6457496883895765
constant_input,0,RAFd2,0.6376966722415046,0.5493759458807244
constant_input,0,RAFd3,0.48529741310659186,0.36290482600433394
constant_input,0,RAFd4,0.45534375940234495,0.34307897982596236
constant_input,0,RH1,1.0678709398180253,1.0495573941792617
constant_input,0,RH2,1.3333213559008208,1.3163656957535992
constant_input,0,RH3,0.6576453160966477,0.621091357343592
constant_input,0,RH4,0.763901594246825,0.7278534053350442
constant_input,0,RPFa1,0.588629353731835,0.568256166480861
constant_input,0,RPFa2,0.5797504810649574,0.5622125839212805
constant_input,0,RPFa3,0.6606973031498968,0.6480331317129648
constant_input,0,RPFa4,0.7145638997809529,0.7048537027591154
constant_input,0,RPFb1,0.5821891135426068,0.5724949489494144
constant_input,0,RPFb2,0.57697303301094,0.5656680965620815
constant_input,0,RPFb3,0.5644685811203318,0.5541520457733085
constant_input,0,RPFc1,0.5594918969178885,0.4778302823796298
constant_input,0,RPFc2,0.47550505964574297,0.4385576323115767
constant_input,0,RPFc3,0.5327819870878144,0.49513469418355854
constant_input,1,LAF1,1.3570564131119571,1.3475314017758833
constant_input,1,LAF2,1.4927458166278682,1.4848114181680434
constant_input,1,LAF3,0.6298869509347388,0.6006314024197531
constant_input,1,LAF4,1.496679270614138,1.4954669670613836
constant_input,1,RA2,1.6305446520878097,1.6254304399065251
constant_input,1,RA3,1.7299541849955702,1.727699951869847
constant_input,1,RAFa1,2.1970762456436628,2.1970010653975787
constant_input,1,RAFa2,1.45698527587307,1.4483386827459637
constant_input,1,RAFa3,1.165806392688348,1.148984902995731
constant_input,1,RAFa4,0.9671883924824537,0.9368804900846248
constant_input,1,RAFb1,1.8376786371843625,1.8368889700033642
constant_input,1,RAFb2,0.9674235987070232,0.9530947781276491
constant_input,1,RAFb3,0.678623004355371,0.6488352266306818
constant_input,1,RAFb4,0.47615653122396445,0.42335614907025926
constant_input,1,RAFc1,1.6919045670853288,1.6905006477864382
constant_input,1,RAFc2,1.8661690049455277,1.865427326094232
constant_input,1,RAFc3,1.9584324507337716,1.9580133094303593
constant_input,1,RAFc4,1.5705490954377703,1.5668117671247659
constant_input,1,RAFd1,1.5136456451681013,1.510555953247623
constant_input,1,RAFd2,1.4276553583834213,1.4260870664554788
constant_input,1,RAFd3,1.6656024806219718,1.6645691465707502
constant_input,1,RAFd4,1.259172972864069,1.2478016972787591
constant_input,1,RH1,1.0757599236398065,1.0661851682252768
constant_input,1,RH2,1.0508392585854092,1.036364429505516
constant_input,1,RH3,0.8172790304353112,0.7810625858378201
constant_input,1,RH4,0.9018094306477966,0.870718140545893
constant_input,1,RPFa1,1.7108915109213128,1.7077419890644827
constant_input,1,RPFa2,1.0485464747904716,1.0382335306311297
constant_input,1,RPFa3,1.0244783790943255,1.0154574397197726
constant_input,1,RPFa4,0.48469460193120273,0.4701492219240072
constant_input,1,RPFb1,0.6523543369631288,0.6415569226178625
constant_input,1,RPFb2,0.5741324325689786,0.5633615148490003
constant_input,1,RPFb3,0.9476902500926796,0.9288217218049427
constant_input,1,RPFc1,1.8896648419696171,1.8895031917825995
constant_input,1,RPFc2,0.7737818828248739,0.7408036645988955
constant_input,1,RPFc3,1.6793187287085094,1.6683131010048073
constant_input,2,LAF1,1.2357645578184617,1.222384051236994
constant_input,2,LAF2,1.315668982042297,1.304174718692829
constant_input,2,LAF3,0.5964314769100125,0.5568273022597636
constant_input,2,LAF4,1.0048808646836456,1.0024508867611304
constant_input,2,RA2,1.4822073303982735,1.4741113055399018
constant_input,2,RA3,1.4806862870392097,1.4780012768475017
constant_input,2,RAFa1,1.1819287635809683,1.1768172921738127
constant_input,2,RAFa2,0.5485920970266073,0.5010036837261684
constant_input,2,RAFa3,0.4619636234877551,0.41147622518675914
constant_input,2,RAFa4,0.4401330126798764,0.35563701809095194
constant_input,2,RAFb1,0.8468881235322656,0.8242936954216976
constant_input,2,RAFb2,0.6300251373994803,0.5978991771010712
constant_input,2,RAFb3,0.4698517837275788,0.4069561698706637
constant_input,2,RAFb4,0.41029644024171535,0.31883850353082144
constant_input,2,RAFc1,1.4639474250039164,1.4634761496600759
constant_input,2,RAFc2,1.5321421344812207,1.5318531974862604
constant_input,2,RAFc3,1.308798830353118,1.3082942393315995
constant_input,2,RAFc4,0.6356216529127242,0.6126562694909936
constant_input,2,RAFd1,1.4773671990925665,1.4764437644073412
constant_input,2,RAFd2,1.3599883685466,1.3591632540510847
constant_input,2,RAFd3,0.5451736853800037,0.46895313581119596
constant_input,2,RAFd4,0.3763147832566301,0.19558055627231674
constant_input,2,RH1,0.8340087931175887,0.81848913694181
constant_input,2,RH2,0.9929853708769488,0.9716700002279958
constant_input,2,RH3,0.497623736575845,0.4275737816658301
constant_input,2,RH4,0.6818705368147625,0.630249705926953
constant_input,2,RPFa1,0.5237679222480278,0.4847128396138138
constant_input,2,RPFa2,0.4416468825531988,0.4218113947958958
constant_input,2,RPFa3,0.4773663920126521,0.4569884945679733
constant_input,2,RPFa4,0.48594161476564113,0.4715467273591621
constant_input,2,RPFb1,0.4307749446282694,0.4190017639725356
constant_input,2,RPFb2,0.4148852324765098,0.40149105341364844
constant_input,2,RPFb3,0.43908264775289074,0.41226750277682306
constant_input,2,RPFc1,0.8645394029849031,0.859267870429201
constant_input,2,RPFc2,0.2780681092526621,0.23461752324333618
constant_input,2,RPFc3,0.3766097088651571,0.32449439398943986
constant_input,3,LAF1,2.8610065338981565,2.8571558990801194
constant_input,3,LAF2,2.8500054680275104,2.8468620443665404
constant_input,3,LAF3,2.5873174966885126,2.580164301871099
constant_input,3,LAF4,0.7464976517439932,0.7045732003680206
constant_input,3,RA2,2.322138180761129,2.318379802973299
constant_input,3,RA3,2.0150721223864765,2.004326198892192
constant_input,3,RAFa1,1.1277861072377102,1.1165105354523424
constant_input,3,RAFa2,1.0677367159293432,1.039050658821041
constant_input,3,RAFa3,0.8651821856585223,0.8355539193686703
constant_input,3,RAFa4,0.6851023019345311,0.6287265456696101
constant_input,3,RAFb1,1.0543883446762838,1.0317446197926468
constant_input,3,RAFb2,1.1393567834950302,1.1286980247721354
constant_input,3,RAFb3,0.9171498452658301,0.9012532085369802
constant_input,3,RAFb4,0.7881479577323665,0.7704700655280967
constant_input,3,RAFc1,0.9940924564117095,0.9698487694907071
constant_input,3,RAFc2,1.1409828470704546,1.120836332371455
constant_input,3,RAFc3,1.011567858177709,0.9911141684237357
constant_input,3,RAFc4,0.883689750003226,0.8548007999793238
constant_input,3,RAFd1,0.889593753231473,0.8632141723690048
constant_input,3,RAFd2,0.9466627588432196,0.9087439498949936
constant_input,3,RAFd3,1.1926019548138378,1.1842005988025137
constant_input,3,RAFd4,1.3115791497183587,1.3062923372744688
constant_input,3,RH1,1.1321628534725081,1.1215851395135708
constant_input,3,RH2,1.9073087036925622,1.9015417126707224
constant_input,3,RH3,0.6577871246727031,0.6266324181784501
constant_input,3,RH4,0.6178178002423765,0.5809982533938893
constant_input,3,RPFa1,1.188840464987057,1.1765231660969833
constant_input,3,RPFa2,0.9554468695842734,0.9432721145779777
constant_input,3,RPFa3,0.6593217157143836,0.6457176921002176
constant_input,3,RPFa4,0.5277520530155521,0.5163851471892297
constant_input,3,RPFb1,0.5547632377556496,0.547265988969465
constant_input,3,RPFb2,0.5122149677472301,0.5023355327818553
constant_input,3,RPFb3,0.6859064491277989,0.666295171206454
constant_input,3,RPFc1,0.9269781951381869,0.9044331624482116
constant_input,3,RPFc2,0.41712823840297003,0.36954026019042413
constant_input,3,RPFc3,1.6248929465437405,1.623125300550424
constant_input,4,LAF1,2.3531016091247925,2.3531016091247783
constant_input,4,LAF2,2.4927374885425855,2.4927374885425646
constant_input,4,LAF3,1.769876056820444,1.7685918790600996
constant_input,4,LAF4,0.7004896071431699,0.6634197116098388
constant_input,4,RA2,1.0765231926869876,1.0719858597221479
constant_input,4,RA3,1.1941903760368635,1.1920546965635215
constant_input,4,RAFa1,0.7928419046308259,0.7749068689265474
constant_input,4,RAFa2,0.7655449391798169,0.7447727337890038
constant_input,4,RAFa3,0.5709675885560672,0.538831765953282
constant_input,4,RAFa4,0.6014967344203601,0.5709095496052825
constant_input,4,RAFb1,1.071285726793227,1.0669015936321025
constant_input,4,RAFb2,0.8258180928177459,0.8168855390493103
constant_input,4,RAFb3,0.5457162445125376,0.5139740759537661
constant_input,4,RAFb4,0.48614937672394404,0.4528664233381534
constant_input,4,RAFc1,1.7514001940187336,1.7509518104167237
constant_input,4,RAFc2,1.6983950878386136,1.697693376149089
constant_input,4,RAFc3,1.5429632518326561,1.5426061082191973
constant_input,4,RAFc4,0.8427163976021469,0.8262615597430683
constant_input,4,RAFd1,1.9190488868132707,1.9181740834237693
constant_input,4,RAFd2,1.9593088063940798,1.9589146777694098
constant_input,4,RAFd3,0.47165687246896404,0.241215619609526
constant_input,4,RAFd4,0.644089228644871,0.5355553557896305
constant_input,4,RH1,0.5043222694255808,0.4831048130530917
constant_input,4,RH2,0.727681235056135,0.7126744253366071
constant_input,4,RH3,0.4725508969707864,0.42103784806905864
constant_input,4,RH4,0.499612529259967,0.45061595936684823
constant_input,4,RPFa1,0.41189813045548795,0.37229448826601125
constant_input,4,RPFa2,0.3893271185011753,0.36281915360798506
constant_input,4,RPFa3,0.40779444929787734,0.3837710264242046
constant_input,4,RPFa4,0.3385451674888974,0.32721640830054416
constant_input,4,RPFb1,0.42489515930566146,0.408464209935323
constant_input,4,RPFb2,0.44227008695823616,0.42356840894418185
constant_input,4,RPFb3,0.8270958766594508,0.8156633754135141
constant_input,4,RPFc1,1.2218740812752047,1.221048431674066
constant_input,4,RPFc2,0.38020730828461213,0.3181568183228379
constant_input,4,RPFc3,1.2200761323293703,1.2186751592230614
constant_input,5,LAF1,2.6529654264402613,2.6520516221843975
constant_input,5,LAF2,2.803631033764409,2.8028911226524627
constant_input,5,LAF3,1.4203959419471615,1.4134204605667255
constant_input,5,LAF4,1.3280525997297745,1.319533524275516
constant_input,5,RA2,2.271803058722017,2.2707811629104135
constant_input,5,RA3,2.27968542686381,2.2791319262697884
constant_input,5,RAFa1,2.1392814373533158,2.137417136072719
constant_input,5,RAFa2,1.505325720228311,1.4883762748480471
constant_input,5,RAFa3,1.261278540348304,1.244288908541129
constant_input,5,RAFa4,1.0297588831586804,1.0023670608164015
constant_input,5,RAFb1,1.6021700676139068,1.591690580403769
constant_input,5,RAFb2,1.2227101224865484,1.1979709923242639
constant_input,5,RAFb3,0.9754000971856457,0.9352986882999854
constant_input,5,RAFb4,0.6876099205611995,0.5980055930561785
constant_input,5,RAFc1,1.1770261918971299,1.1576168121555377
constant_input,5,RAFc2,1.3977479334814584,1.3833911418333704
constant_input,5,RAFc3,1.7716951861366845,1.7654606120417073
constant_input,5,RAFc4,1.696284596149307,1.6817429586075507
constant_input,5,RAFd1,0.9678976321647376,0.9370802806860031
constant_input,5,RAFd2,0.9125100419460508,0.8625539826903008
constant_input,5,RAFd3,2.3362368094213064,2.331789462185011
constant_input,5,RAFd4,2.016758960580466,2.002487229422564
constant_input,5,RH1,1.3638662113428324,1.3511171979813739
constant_input,5,RH2,1.587273183652451,1.57951332917574
constant_input,5,RH3,0.9156105762798614,0.890717823200778
constant_input,5,RH4,1.0588440841797149,1.0347748424322745
constant_input,5,RPFa1,2.096974325284352,2.0947749176159154
constant_input,5,RPFa2,1.6507522240435217,1.6468604164452165
constant_input,5,RPFa3,1.3698260482510634,1.3658124044220308
constant_input,5,RPFa4,0.501859368170174,0.49188668217173126
constant_input,5,RPFb1,0.3922136539907542,0.3748563585600431
constant_input,5,RPFb2,0.40579189583765135,0.3857463205459931
constant_input,5,RPFb3,1.5253295739280999,1.5214209995082757
constant_input,5,RPFc1,1.9293838025561636,1.925746742333585
constant_input,5,RPFc2,1.1423095247828943,1.1089928598429206
constant_input,5,RPFc3,2.0404965775833928,2.03027701309983
constant_input,6,LAF1,1.8140231937727744,1.807041783955786
constant_input,6,LAF2,1.8762755517963554,1.8706827157181343
constant_input,6,LAF3,1.204172020384818,1.1816832296030366
constant_input,6,LAF4,0.6856175368145494,0.66684119146756
constant_input,6,RA2,1.3152836492479634,1.2833251922978686
constant_input,6,RA3,1.1558044022469072,1.1058017514285872
constant_input,6,RAFa1,0.5972865955988694,0.5653451314955701
constant_input,6,RAFa2,0.6410600842355536,0.6063914750570205
constant_input,6,RAFa3,0.6443147249921501,0.6125662669958837
constant_input,6,RAFa4,0.5547819465189726,0.5144740067450256
constant_input,6,RAFb1,0.5975854095139969,0.5542170238750362
constant_input,6,RAFb2,0.5073819250031103,0.460629670010603
constant_input,6,RAFb3,0.49632571794141284,0.44625812136394505
constant_input,6,RAFb4,0.4446981864955941,0.38700816504948155
constant_input,6,RAFc1,0.751698245617781,0.698434558738496
constant_input,6,RAFc2,0.7991392899772096,0.7458667368799617
constant_input,6,RAFc3,0.6074106124941242,0.5438017211341862
constant_input,6,RAFc4,0.4787562219295712,0.4272475916975509
constant_input,6,RAFd1,0.6901724883320683,0.631051396051801
constant_input,6,RAFd2,0.6710953928597814,0.5746239504699722
constant_input,6,RAFd3,0.477697355987525,0.3531244166480853
constant_input,6,RAFd4,0.40145577791539366,0.27771851721260155
constant_input,6,RH1,0.9730560376857444,0.9539996253602326
constant_input,6,RH2,1.1990493210658204,1.179733231833052
constant_input,6,RH3,0.5720322589378756,0.5358380625825253
constant_input,6,RH4,0.6201199444571096,0.5843144247562854
constant_input,6,RPFa1,0.7248264981924099,0.7037744744867351
constant_input,6,RPFa2,0.7578560120929542,0.741638594672434
constant_input,6,RPFa3,0.6023187739412985,0.5876108978792989
constant_input,6,RPFa4,0.6277973092018779,0.6185980199340398
constant_input,6,RPFb1,0.529333586734854,0.5187569436009011
constant_input,6,RPFb2,0.5239834281654696,0.5119044736831243
constant_input,6,RPFb3,0.5334040456723461,0.5239315345224529
constant_input,6,RPFc1,0.6888993358152502,0.6276805272157248
constant_input,6,RPFc2,0.44646803672197627,0.4080929492891768
constant_input,6,RPFc3,0.6701403849447846,0.6368486272842278
constant_input,7,LAF1,1.8358357249304598,1.826501170066778
constant_input,7,LAF2,1.93536016233765,1.9279060452633416
constant_input,7,LAF3,1.0657140637256957,1.0432775871023068
constant_input,7,LAF4,0.9312578028636537,0.9189208702394176
constant_input,7,RA2,2.255280289335353,2.2543653561104176
constant_input,7,RA3,2.301448641481777,2.3009735667335347
constant_input,7,RAFa1,1.3305453551102642,1.32043452786115
constant_input,7,RAFa2,0.9385851446298878,0.9128490681630388
constant_input,7,RAFa3,0.8026217012972857,0.7786100061983809
constant_input,7,RAFa4,0.6669560038596283,0.6327161048433975
constant_input,7,RAFb1,1.4207508401463889,1.409386737908043
constant_input,7,RAFb2,1.424128907724652,1.4199580451206313
constant_input,7,RAFb3,1.1512856057455283,1.144980394900845
constant_input,7,RAFb4,0.9085848171103689,0.8955695155837816
constant_input,7,RAFc1,0.5188235322296885,0.48466345342208356
constant_input,7,RAFc2,0.5792549958415513,0.5406674742522923
constant_input,7,RAFc3,0.4624820908349474,0.41565380791648954
constant_input,7,RAFc4,0.44522010918237037,0.3914675264074823
constant_input,7,RAFd1,0.5378796953543628,0.4855795180730964
constant_input,7,RAFd2,0.577407054777661,0.5105555071304164
constant_input,7,RAFd3,0.5581354619305824,0.41483947807993926
constant_input,7,RAFd4,0.5671653457704031,0.43017729355337003
constant_input,7,RH1,1.155785663057667,1.1420907933674906
constant_input,7,RH2,1.3971448602067107,1.3902399651404604
constant_input,7,RH3,0.6580442896104127,0.6123055445596024
constant_input,7,RH4,0.814414950693253,0.7774012288623128
constant_input,7,RPFa1,1.2222379891946853,1.210367341744428
constant_input,7,RPFa2,0.8817408133202519,0.8691490696070936
constant_input,7,RPFa3,0.5486236969631464,0.5346234995065565
constant_input,7,RPFa4,0.5749543687994798,0.5646335967210989
constant_input,7,RPFb1,0.6091352711558006,0.6004800939447131
constant_input,7,RPFb2,0.5517314228556932,0.5399274743761648
constant_input,7,RPFb3,0.6302943219332892,0.6123411184164819
constant_input,7,RPFc1,0.40425120600705955,0.33759378628248393
constant_input,7,RPFc2,0.45998561284224265,0.4152279125936651
constant_input,7,RPFc3,1.0191195778782167,0.9860964316582862
constant_input,8,LAF1,2.8492587420209454,2.8492587420209645
constant_input,8,LAF2,2.9741660800805336,2.974166080080556
constant_input,8,LAF3,2.2517903591313466,2.251790359131346
constant_input,8,LAF4,0.6748001530607468,0.6092511718880067
constant_input,8,RA2,1.6915292712164463,1.689211472113636
constant_input,8,RA3,1.888049137712337,1.8862307451723344
constant_input,8,RAFa1,1.7311480719343075,1.7310476276908828
constant_input,8,RAFa2,1.393114997145726,1.391699526489377
constant_input,8,RAFa3,1.0432706264091174,1.028192229247078
constant_input,8,RAFa4,1.078799024148187,1.0733577704865982
constant_input,8,RAFb1,2.1322612575549877,2.1322612575549895
constant_input,8,RAFb2,1.5756937732165017,1.5755630755783965
constant_input,8,RAFb3,1.1259061279477713,1.1231051857948287
constant_input,8,RAFb4,0.9530550588136645,0.9495558794350074
constant_input,8,RAFc1,1.6497673580974697,1.649632534209931
constant_input,8,RAFc2,1.5798540609816802,1.579487759776793
constant_input,8,RAFc3,1.5034320143690514,1.5034006208767834
constant_input,8,RAFc4,0.749632159866605,0.72697054152205
constant_input,8,RAFd1,1.9216333679283875,1.9210182808365024
constant_input,8,RAFd2,1.8036415695996726,1.803330554564393
constant_input,8,RAFd3,0.9387498057902753,0.8979948684612497
constant_input,8,RAFd4,1.3894006464489495,1.3867772438005745
constant_input,8,RH1,0.6068089356661192,0.5939250238280662
constant_input,8,RH2,0.8778448247948545,0.8713677943240247
constant_input,8,RH3,0.5788282421696269,0.5080447865663389
constant_input,8,RH4,0.577743783261871,0.5148239201343496
constant_input,8,RPFa1,0.5074711637740802,0.453266754396646
constant_input,8,RPFa2,0.4303640889655694,0.39185917183069274
constant_input,8,RPFa3,0.5484511508515868,0.5212842864700693
constant_input,8,RPFa4,0.33175855595560405,0.311310795681363
constant_input,8,RPFb1,0.37779320029645,0.35849800684665384
constant_input,8,RPFb2,0.33269093147796236,0.3073285412253715
constant_input,8,RPFb3,0.8418494438209457,0.8274984064977989
constant_input,8,RPFc1,1.09695599027469,1.0959934819400294
constant_input,8,RPFc2,0.3193908881362836,0.21670782661230156
constant_input,8,RPFc3,1.1049820130291086,1.081079977563994
constant_input,9,LAF1,1.433259333438371,1.4276704847500359
constant_input,9,LAF2,1.5717305142389166,1.5673162771194273
constant_input,9,LAF3,0.8644414881337482,0.8481208415680207
constant_input,9,LAF4,0.7554045879774899,0.7341044189047297
constant_input,9,RA2,1.7758011028047707,1.7749423848556811
constant_input,9,RA3,1.9545114641619736,1.954044598190214
constant_input,9,RAFa1,0.7619322717004064,0.7392177114283665
constant_input,9,RAFa2,1.0501355464328543,1.0295334125321385
constant_input,9,RAFa3,0.9237409510952276,0.9044357909118195
constant_input,9,RAFa4,0.8501160865540205,0.8221832678193913
constant_input,9,RAFb1,1.230793917631675,1.2227779643313386
constant_input,9,RAFb2,0.7582997229154438,0.7344664891512445
constant_input,9,RAFb3,0.5977236802657723,0.5568517774317838
constant_input,9,RAFb4,0.45438241645654615,0.38450659794148934
constant_input,9,RAFc1,0.45090494822746785,0.38725262030425506
constant_input,9,RAFc2,0.5601152896519724,0.5209640973124717
constant_input,9,RAFc3,0.3579290283089934,0.2751945416406416
constant_input,9,RAFc4,0.32694152683102384,0.25874258278746576
constant_input,9,RAFd1,0.4717059294971263,0.4298031061516716
constant_input,9,RAFd2,0.521374754675595,0.479454095850058
constant_input,9,RAFd3,0.6354837285463562,0.5868894566334698
constant_input,9,RAFd4,0.7898172817606116,0.7745596606293178
constant_input,9,RH1,0.6535974427186451,0.6401131255790188
constant_input,9,RH2,1.0475023358729016,1.0436707998799075
constant_input,9,RH3,0.6642279167595897,0.6243466218037819
constant_input,9,RH4,0.5160365063378907,0.4654384957279966
constant_input,9,RPFa1,0.9658821491960137,0.9579878158904054
constant_input,9,RPFa2,0.6194817041213884,0.6059839388208091
constant_input,9,RPFa3,0.700522850978469,0.6904166020060097
constant_input,9,RPFa4,0.5192121839247962,0.5106889162378188
constant_input,9,RPFb1,0.3702835259835977,0.3600932125480087
constant_input,9,RPFb2,0.3646690643032089,0.35304163566488406
constant_input,9,RPFb3,0.4329131651667498,0.4099308964075377
constant_input,9,RPFc1,0.27098458962452154,0.16539460046054663
constant_input,9,RPFc2,0.30094465879845733,0.260367507730672
constant_input,9,RPFc3,0.48291512782166157,0.4455044221787173
constant_input,10,LAF1,2.207952573546215,2.2046156450229666
constant_input,10,LAF2,2.30385575065333,2.301400464742547
constant_input,10,LAF3,1.3258424064655545,1.310258724015486
constant_input,10,LAF4,0.8293042679324542,0.8091088617846388
constant_input,10,RA2,1.9635694150975302,1.9583514732728127
constant_input,10,RA3,1.8562741748006952,1.853048009915664
constant_input,10,RAFa1,1.1059990768111736,1.0919085884109336
constant_input,10,RAFa2,0.6332768198779009,0.5926223331881839
constant_input,10,RAFa3,0.5816405219817354,0.5415676451909746
constant_input,10,RAFa4,0.5344784126760521,0.4852773546273579
constant_input,10,RAFb1,0.8095283552476731,0.7784375565602126
constant_input,10,RAFb2,0.8128045080500175,0.8004269242604446
constant_input,10,RAFb3,0.6524162710071553,0.6334859042114326
constant_input,10,RAFb4,0.5761463694048332,0.5519175519552102
constant_input,10,RAFc1,0.8524623180229649,0.8023372133847217
constant_input,10,RAFc2,0.7921249194334823,0.7303899593411515
constant_input,10,RAFc3,1.1118171932479064,1.0833428363172148
constant_input,10,RAFc4,0.8650061162594018,0.82341697278476
constant_input,10,RAFd1,0.8573390216211508,0.8107468541042375
constant_input,10,RAFd2,0.7264155736990486,0.6339245834203578
constant_input,10,RAFd3,0.8688125127926051,0.8207126737803158
constant_input,10,RAFd4,0.6352499850939115,0.5136187990405481
constant_input,10,RH1,1.1577476014241248,1.137906961692312
constant_input,10,RH2,1.4986219943748007,1.4848099846398708
constant_input,10,RH3,0.6029333882440487,0.566321406746324
constant_input,10,RH4,0.8156384674165664,0.779805192365665
constant_input,10,RPFa1,0.5982811217554134,0.5753942315394508
constant_input,10,RPFa2,0.4730817762263348,0.4503939915062061
constant_input,10,RPFa3,0.4567260593152503,0.43838506626216167
constant_input,10,RPFa4,0.5032065223513525,0.49485813688935076
constant_input,10,RPFb1,0.5135969799573757,0.5006082389944694
constant_input,10,RPFb2,0.48218571576069286,0.46733331999794847
constant_input,10,RPFb3,0.6115410493020975,0.5979862516750074
constant_input,10,RPFc1,1.150990460571927,1.132571408702488
constant_input,10,RPFc2,0.7443042538398764,0.7031390041995512
constant_input,10,RPFc3,0.47313544202589675,0.40806277951879055
constant_input,11,LAF1,2.795946325505106,2.7936353094136
constant_input,11,LAF2,2.8591631667353004,2.857372066207214
constant_input,11,LAF3,1.9696347782520303,1.9631808891403006
constant_input,11,LAF4,0.6717098321196874,0.6444462680778912
constant_input,11,RA2,2.4266283154990442,2.4257981768147334
constant_input,11,RA3,2.3182502681439674,2.317773774872475
constant_input,11,RAFa1,0.593865353527218,0.5539141823388289
constant_input,11,RAFa2,0.6223433002109351,0.5616753627227293
constant_input,11,RAFa3,0.6152083002831789,0.5657269285570701
constant_input,11,RAFa4,0.5671931993794272,0.5019218961438052
constant_input,11,RAFb1,0.5838675384713502,0.5108671457702575
constant_input,11,RAFb2,0.5131403569836025,0.44611795958464473
constant_input,11,RAFb3,0.48020087178453885,0.4192101611492964
constant_input,11,RAFb4,0.5084246365785726,0.4496055517507821
constant_input,11,RAFc1,0.6014031740743794,0.5689520041955343
constant_input,11,RAFc2,0.695313560612028,0.6590806262509729
constant_input,11,RAFc3,0.4892521449061335,0.4190762759487505
constant_input,11,RAFc4,0.40663406621204695,0.32314748313938396
constant_input,11,RAFd1,0.5500990960654746,0.48838095268605125
constant_input,11,RAFd2,0.6931017627982056,0.6657620474461308
constant_input,11,RAFd3,0.5936690459387275,0.38951734172790775
constant_input,11,RAFd4,0.597344121262146,0.42117778062032163
constant_input,11,RH1,1.2535752615333329,1.2428996815452342
constant_input,11,RH2,1.7579353518602683,1.755340396542539
constant_input,11,RH3,0.5580480672567266,0.5121658936401227
constant_input,11,RH4,0.7358379355793636,0.69660730168283
constant_input,11,RPFa1,0.7128241424949379,0.6895188556094518
constant_input,11,RPFa2,0.5468609306050548,0.524699906137927
constant_input,11,RPFa3,0.6482830084519454,0.6341409593541064
constant_input,11,RPFa4,0.44928287032401637,0.4398194666754445
constant_input,11,RPFb1,0.39934413522463014,0.3829174669346238
constant_input,11,RPFb2,0.4142844255881566,0.3943920171247425
constant_input,11,RPFb3,0.6284720732499632,0.6103310702331025
constant_input,11,RPFc1,0.4048504847412637,0.3060202017807488
constant_input,11,RPFc2,0.3839510264294997,0.3125797216551644
constant_input,11,RPFc3,0.5093226590594466,0.449114146605475
constant_input,12,LAF1,1.2162390861057604,1.2065432024232574
constant_input,12,LAF2,1.3620793043544026,1.3553572982188102
constant_input,12,LAF3,0.626867885999122,0.6022405353002895
constant_input,12,LAF4,1.2045209473883227,1.1929018467852832
constant_input,12,RA2,2.130887955697769,2.1284738200737863
constant_input,12,RA3,2.193081318275499,2.1912581983248645
constant_input,12,RAFa1,0.5433925057717099,0.500630944025315
constant_input,12,RAFa2,0.7881430172296102,0.7634826736545595
constant_input,12,RAFa3,0.7520684885590504,0.7282023694209523
constant_input,12,RAFa4,0.7315111661773277,0.7049720237078853
constant_input,12,RAFb1,1.1613586382191012,1.1520952729789722
constant_input,12,RAFb2,1.2870737451774916,1.281575189851033
constant_input,12,RAFb3,1.112169034840006,1.1030926916499948
constant_input,12,RAFb4,1.0261187166799828,1.0181487144387165
constant_input,12,RAFc1,0.5154075102233275,0.4714216879228954
constant_input,12,RAFc2,0.5464544141257442,0.5045197785049571
constant_input,12,RAFc3,0.576654056694169,0.5348364199155919
constant_input,12,RAFc4,0.6221365782477324,0.5746718675675975
constant_input,12,RAFd1,0.49897173185127963,0.4443938849325392
constant_input,12,RAFd2,0.3786529345064409,0.28912558319003934
constant_input,12,RAFd3,1.1718539398177445,1.1624849860648294
constant_input,12,RAFd4,1.2309455535073568,1.2181067920917992
constant_input,12,RH1,0.783073669202479,0.7683766804214013
constant_input,12,RH2,1.3560502525426534,1.3467905295870697
constant_input,12,RH3,0.6991911962239268,0.6660730439439598
constant_input,12,RH4,0.5853301876089644,0.5476808732066049
constant_input,12,RPFa1,0.624938181376782,0.5925743448149035
constant_input,12,RPFa2,0.6443647042076289,0.6234168110684709
constant_input,12,RPFa3,0.5884220539928281,0.573973967069544
constant_input,12,RPFa4,0.6552449885091319,0.6459374519297848
constant_input,12,RPFb1,0.5717032981768742,0.5601310708868988
constant_input,12,RPFb2,0.5396564975794474,0.5266139420415975
constant_input,12,RPFb3,0.7309241507490982,0.7185791426696335
constant_input,12,RPFc1,0.6484619697829848,0.6063908677926606
constant_input,12,RPFc2,0.5484720482955234,0.4962805878763903
constant_input,12,RPFc3,1.1563713610849322,1.1464411045337632
constant_input,13,LAF1,2.1071426841039216,2.103220893054276
constant_input,13,LAF2,2.1976208982124144,2.1945594818637297
constant_input,13,LAF3,1.6491381609563387,1.6394440611634657
constant_input,13,LAF4,0.5781557241104752,0.5389208209686562
constant_input,13,RA2,1.2292647065492739,1.225098239946058
constant_input,13,RA3,1.5451744052855467,1.5443629351133605
constant_input,13,RAFa1,1.5776420261226192,1.5753463374819516
constant_input,13,RAFa2,1.480224217787053,1.4637382122575338
constant_input,13,RAFa3,1.1722681784158537,1.1536622091886617
constant_input,13,RAFa4,0.9773680429052941,0.9491335830628962
constant_input,13,RAFb1,1.6875051077699303,1.682927576194719
constant_input,13,RAFb2,1.6573254299146065,1.655081355495987
constant_input,13,RAFb3,1.2419198956267692,1.2382635624882063
constant_input,13,RAFb4,0.9748809707479259,0.9680104259518202
constant_input,13,RAFc1,0.734976985126997,0.7131666514857782
constant_input,13,RAFc2,0.9134019010571137,0.8998445033392305
constant_input,13,RAFc3,0.7289718708584292,0.7003070213458839
constant_input,13,RAFc4,0.750589929607197,0.7143177894563357
constant_input,13,RAFd1,0.6412380644051027,0.6127691713690712
constant_input,13,RAFd2,0.7462481743275838,0.7227520939399561
constant_input,13,RAFd3,0.3662032664828031,0.23213779154896425
constant_input,13,RAFd4,0.3452241252864801,0.23055748625597375
constant_input,13,RH1,0.5862409978471194,0.5742481154629661
constant_input,13,RH2,0.671552004755732,0.6571638429934151
constant_input,13,RH3,0.5640563498810521,0.5301252337391672
constant_input,13,RH4,0.466039089201557,0.4378809532887271
constant_input,13,RPFa1,1.4416032640421341,1.4352497309398031
constant_input,13,RPFa2,1.0474326638585933,1.0380989598079275
constant_input,13,RPFa3,0.6520094099206285,0.6394341037937372
constant_input,13,RPFa4,0.5605380611103793,0.5505323200576175
constant_input,13,RPFb1,0.591803628254811,0.5851466872060482
constant_input,13,RPFb2,0.5411153581550582,0.5323036542584484
constant_input,13,RPFb3,0.44880574592380124,0.4360358240181705
constant_input,13,RPFc1,0.8057050421468832,0.786438706053569
constant_input,13,RPFc2,0.4551756740343453,0.39616258929343817
constant_input,13,RPFc3,0.8217480652025861,0.798937646113581
constant_input,14,LAF1,2.6358410977878775,2.6313142093221655
constant_input,14,LAF2,2.7486416182823765,2.7452620168114588
constant_input,14,LAF3,2.2505947318149446,2.241202373151773
constant_input,14,LAF4,0.766867555817108,0.7257086388354407
constant_input,14,RA2,1.2237813905837447,1.2106625569340017
constant_input,14,RA3,1.4560893372684294,1.4478896945482835
constant_input,14,RAFa1,1.6680896276452906,1.6636770637904483
constant_input,14,RAFa2,1.4405256074330524,1.418686607827836
constant_input,14,RAFa3,1.1526407117047457,1.130132544662302
constant_input,14,RAFa4,1.1162805326502734,1.0858544878097307
constant_input,14,RAFb1,1.4713483044323095,1.4578654252209475
constant_input,14,RAFb2,0.7053284913436827,0.6707742025599842
constant_input,14,RAFb3,0.5383232877963425,0.48699062564413215
constant_input,14,RAFb4,0.4865523749888677,0.4300853643886127
constant_input,14,RAFc1,2.141244498178751,2.1390871771613433
constant_input,14,RAFc2,2.3447713990717096,2.3432983990916503
constant_input,14,RAFc3,2.0745959978296913,2.071279998157633
constant_input,14,RAFc4,1.3659235826114786,1.3471206852738429
constant_input,14,RAFd1,2.2941151647961333,2.292481561295816
constant_input,14,RAFd2,2.2533902375117956,2.250496196975358
constant_input,14,RAFd3,0.46497742422689414,0.3299294676215107
constant_input,14,RAFd4,0.7498335516199909,0.7097480374329425
constant_input,14,RH1,0.7557638397323314,0.7451765720658995
constant_input,14,RH2,0.8274969988450437,0.8139717455308741
constant_input,14,RH3,0.7205859188318934,0.6810656367970424
constant_input,14,RH4,0.6458332626790725,0.6137468704108684
constant_input,14,RPFa1,0.9098451644962496,0.8927830448353493
constant_input,14,RPFa2,0.6599330098444939,0.646384423864059
constant_input,14,RPFa3,0.6267228476138403,0.615023801113197
constant_input,14,RPFa4,0.6997452991414193,0.6901919805532758
constant_input,14,RPFb1,0.6079223728822348,0.5979396599157983
constant_input,14,RPFb2,0.6035091278937165,0.5922935049874679
constant_input,14,RPFb3,0.6129539042384229,0.5998234460026485
constant_input,14,RPFc1,1.6829011842940382,1.676431489195622
constant_input,14,RPFc2,0.65080848821841,0.607473475904194
constant_input,14,RPFc3,0.6154146761797211,0.5785188591672287
constant_input,15,LAF1,2.566160781616347,2.5615020805658686
constant_input,15,LAF2,2.634585865996236,2.630788582656519
constant_input,15,LAF3,1.7671822298966207,1.7548948416464645
constant_input,15,LAF4,0.6524746415066123,0.6275073186571836
constant_input,15,RA2,2.400198089441507,2.396831291039197
constant_input,15,RA3,2.278538257073418,2.276246956964669
constant_input,15,RAFa1,0.7385422006714818,0.6825004324320698
constant_input,15,RAFa2,0.6707816516151277,0.6380615550582861
constant_input,15,RAFa3,0.6718358036475288,0.6416593087116728
constant_input,15,RAFa4,0.629234740196272,0.5768930522639945
constant_input,15,RAFb1,0.7836957910315532,0.7431527752828139
constant_input,15,RAFb2,0.5653906166739285,0.5375884822372128
constant_input,15,RAFb3,0.5083373554215174,0.47453225687009304
constant_input,15,RAFb4,0.43545208798526913,0.3885461427193865
constant_input,15,RAFc1,0.5825730168367207,0.5213569107920474
constant_input,15,RAFc2,0.5444510690357238,0.46519799246939686
constant_input,15,RAFc3,0.7112432852697679,0.6551941961312518
constant_input,15,RAFc4,0.5691518478687645,0.5264310261692776
constant_input,15,RAFd1,0.6096415718968394,0.5554296826255622
constant_input,15,RAFd2,0.5098598303016881,0.36022837739533753
constant_input,15,RAFd3,0.6010782549476055,0.4786707966018165
constant_input,15,RAFd4,0.4909074787026086,0.3624071238377018
constant_input,15,RH1,1.2430322711757813,1.234042983544256
constant_input,15,RH2,1.7573707697225442,1.7500252115513417
constant_input,15,RH3,0.5276403378758915,0.481403234697731
constant_input,15,RH4,0.9334167269581227,0.9000484857228179
constant_input,15,RPFa1,0.8115967799544885,0.7913830458193326
constant_input,15,RPFa2,0.6571342007911822,0.6439577836474358
constant_input,15,RPFa3,0.7088697130084443,0.6960586194438754
constant_input,15,RPFa4,0.5862317536370165,0.5753676211139044
constant_input,15,RPFb1,0.593559140430842,0.5847511312599691
constant_input,15,RPFb2,0.58950285664599,0.5787711533796651
constant_input,15,RPFb3,0.6776463722221471,0.6610927131321865
constant_input,15,RPFc1,0.5744056866863729,0.5031577534921549
constant_input,15,RPFc2,0.542873586159575,0.5178703479320849
constant_input,15,RPFc3,0.4853227356820383,0.43297729966620685
constant_input,16,LAF1,1.769613905867255,1.7621213068029498
constant_input,16,LAF2,1.83958265756011,1.833172701428983
constant_input,16,LAF3,1.1077153205676578,1.0902012117537219
constant_input,16,LAF4,0.5156000907797977,0.4906453007436778
constant_input,16,RA2,1.762062073393586,1.753756773320985
constant_input,16,RA3,1.6555418629852243,1.6477427316214008
constant_input,16,RAFa1,0.6954334002855425,0.6394195932993232
constant_input,16,RAFa2,0.494055165376978,0.43624722658542386
constant_input,16,RAFa3,0.47758411053882355,0.42953196228372414
constant_input,16,RAFa4,0.4444180040284055,0.36048745546823097
constant_input,16,RAFb1,0.5741512428482023,0.49688537040777164
constant_input,16,RAFb2,0.5215919940278181,0.45740122537955735
constant_input,16,RAFb3,0.4539035532901621,0.37486327074736264
constant_input,16,RAFb4,0.39669148119204634,0.29226406031459456
constant_input,16,RAFc1,0.5755296020064586,0.5323747566294712
constant_input,16,RAFc2,0.6436419381829286,0.6046907769869887
constant_input,16,RAFc3,0.6462838850495619,0.6093551268516717
constant_input,16,RAFc4,0.38703698768041683,0.3247276666531545
constant_input,16,RAFd1,0.5030877101897078,0.43731335842920793
constant_input,16,RAFd2,0.5209305068220851,0.43104592069695113
constant_input,16,RAFd3,0.4516935737836294,0.23650761405055007
constant_input,16,RAFd4,0.4079896848779937,0.21714196646920206
constant_input,16,RH1,0.9300901307959962,0.9160302186287971
constant_input,16,RH2,1.2742501995895488,1.2596596356101497
constant_input,16,RH3,0.46637305422294484,0.3933687251954443
constant_input,16,RH4,0.6938348573501507,0.6353082460270681
constant_input,16,RPFa1,0.48113332141484116,0.44494021712051446
constant_input,16,RPFa2,0.432731142572694,0.41191786883181963
constant_input,16,RPFa3,0.4999818919682221,0.48268829875314107
constant_input,16,RPFa4,0.43180838603821364,0.4174233591848356
constant_input,16,RPFb1,0.4445680495345637,0.43298154654674126
constant_input,16,RPFb2,0.4340513010641044,0.4211243150051213
constant_input,16,RPFb3,0.47886605946100647,0.45189137357523673
constant_input,16,RPFc1,0.4340703634910242,0.3456357278137107
constant_input,16,RPFc2,0.3054529219969314,0.2641577964955253
constant_input,16,RPFc3,0.44328714565327,0.3957676320045894
constant_input,17,LAF1,1.347136167249482,1.3350259734112595
constant_input,17,LAF2,1.481939277432088,1.4739679269337576
constant_input,17,LAF3,0.6528016201563023,0.6090454804039074
constant_input,17,LAF4,1.518149058780805,1.5093287525412997
constant_input,17,RA2,1.5840500506324307,1.5781083588565088
constant_input,17,RA3,1.6765600062104635,1.6744614086504461
constant_input,17,RAFa1,2.1886123614106454,2.188380109019746
constant_input,17,RAFa2,1.4426617347588186,1.4259371396272533
constant_input,17,RAFa3,1.1448269919692182,1.1265813965835954
constant_input,17,RAFa4,0.9462238343040406,0.9182257578246757
constant_input,17,RAFb1,1.8197988957200906,1.8184266670698566
constant_input,17,RAFb2,0.9345124698210944,0.9160243227600272
constant_input,17,RAFb3,0.6192033825869421,0.5795767306885155
constant_input,17,RAFb4,0.40750090621518964,0.32776075911201114
constant_input,17,RAFc1,1.705855903419036,1.7037951544053758
constant_input,17,RAFc2,1.8798350429984199,1.8785005700759219
constant_input,17,RAFc3,1.962273076018264,1.9606735250858347
constant_input,17,RAFc4,1.572755817872127,1.5588968010423903
constant_input,17,RAFd1,1.5263259285491628,1.5235643314106295
constant_input,17,RAFd2,1.45014643100592,1.446031755989118
constant_input,17,RAFd3,1.66936314764946,1.6593111966343126
constant_input,17,RAFd4,1.2854780988067047,1.2460429444381547
constant_input,17,RH1,1.1027393297019328,1.0871456258151457
constant_input,17,RH2,1.0810716924629498,1.0623089667817205
constant_input,17,RH3,0.7827313202013644,0.7532172273211678
constant_input,17,RH4,0.828480525948886,0.8002744217875006
constant_input,17,RPFa1,1.6945110733514908,1.6888059076840396
constant_input,17,RPFa2,1.02610812010654,1.0142227335990828
constant_input,17,RPFa3,1.00361491429343,0.9942692737171049
constant_input,17,RPFa4,0.552607398328521,0.5431714708507118
constant_input,17,RPFb1,0.5709712033454525,0.5634353370331977
constant_input,17,RPFb2,0.47872393712213757,0.4673378125691458
constant_input,17,RPFb3,0.916581567267715,0.9057611617197617
constant_input,17,RPFc1,1.8910392665416396,1.8883688415308568
constant_input,17,RPFc2,0.7826116813584805,0.7195111277282451
constant_input,17,RPFc3,1.6604642924955917,1.6566606776371597
constant_input,18,LAF1,1.3174180081601512,1.300213433408881
constant_input,18,LAF2,1.3860171869568079,1.3722633851370827
constant_input,18,LAF3,0.7861720533940174,0.7456320305777377
constant_input,18,LAF4,1.0909043554355238,1.077241111956125
constant_input,18,RA2,1.449375373401128,1.4327312082681474
constant_input,18,RA3,1.4356139182222654,1.4189113020556312
constant_input,18,RAFa1,1.2129192869904735,1.202315150653877
constant_input,18,RAFa2,0.6718064793655234,0.6413193986710672
constant_input,18,RAFa3,0.6335913392186786,0.6034308002681367
constant_input,18,RAFa4,0.5877894550318495,0.5534240047842283
constant_input,18,RAFb1,0.8996382301509261,0.8764399245975832
constant_input,18,RAFb2,0.6505515684328925,0.6290030183504383
constant_input,18,RAFb3,0.49625773984595867,0.46656476456458995
constant_input,18,RAFb4,0.44967061629769584,0.4050023907248478
constant_input,18,RAFc1,1.5006147236799137,1.4895887804743146
constant_input,18,RAFc2,1.5649094806978796,1.555725529872612
constant_input,18,RAFc3,1.3431900925443288,1.325185009108912
constant_input,18,RAFc4,0.734935110601382,0.6841215533751686
constant_input,18,RAFd1,1.5105093105742688,1.4997406787864873
constant_input,18,RAFd2,1.396994235169077,1.38385408761672
constant_input,18,RAFd3,0.5872650369193215,0.4983616259394663
constant_input,18,RAFd4,0.4063010547699834,0.30236928545368824
constant_input,18,RH1,0.9879403109428749,0.9700715015772494
constant_input,18,RH2,1.0990692967035054,1.0780198691911491
constant_input,18,RH3,0.6442155216669098,0.6095451036040267
constant_input,18,RH4,0.7421277448802165,0.7087036706154913
constant_input,18,RPFa1,0.6205585219092261,0.6026899327688003
constant_input,18,RPFa2,0.6280831506790768,0.610081559126687
constant_input,18,RPFa3,0.6593108653775022,0.6465886279254915
constant_input,18,RPFa4,0.7596288420624958,0.7500182768646547
constant_input,18,RPFb1,0.5858480790502336,0.5768728120233226
constant_input,18,RPFb2,0.5746704809077317,0.5643570265398107
constant_input,18,RPFb3,0.5424107775111218,0.5324928049801849
constant_input,18,RPFc1,0.9313965044031445,0.8855486427638432
constant_input,18,RPFc2,0.4573590697550297,0.41760747391380865
constant_input,18,RPFc3,0.48290408051652756,0.4422259718695619
constant_input,19,LAF1,2.860502472390321,2.858063323337073
constant_input,19,LAF2,2.84860968739217,2.8463978413765476
constant_input,19,LAF3,2.581739568860357,2.5760109151297454
constant_input,19,LAF4,0.7878663544050697,0.7577000657097837
constant_input,19,RA2,2.302271185598574,2.3012166368280913
constant_input,19,RA3,1.977469007579938,1.9755245995430368
constant_input,19,RAFa1,1.131305578699552,1.1195869411191932
constant_input,19,RAFa2,1.0350946567680839,1.0126403963390767
constant_input,19,RAFa3,0.8205452161854202,0.7865909243290006
constant_input,19,RAFa4,0.6448376400807467,0.5889899454415021
constant_input,19,RAFb1,1.057303316040865,1.0337410260132052
constant_input,19,RAFb2,1.1468825474486264,1.1298856288359114
constant_input,19,RAFb3,0.9337268951913025,0.9082724818677802
constant_input,19,RAFb4,0.8136064030865566,0.7822536062201391
constant_input,19,RAFc1,0.9770054431131348,0.9506736333817307
constant_input,19,RAFc2,1.1178223494531747,1.0977989841335374
constant_input,19,RAFc3,0.9933786939483324,0.9730527740468476
constant_input,19,RAFc4,0.8614028747369185,0.8413591621731145
constant_input,19,RAFd1,0.8870314422075022,0.8433636939931436
constant_input,19,RAFd2,0.928626268590234,0.8818879656407111
constant_input,19,RAFd3,1.193926953607276,1.1900770627487063
constant_input,19,RAFd4,1.314958732512071,1.3118347670052009
constant_input,19,RH1,1.1689852131477687,1.1557903813911783
constant_input,19,RH2,1.9283613938848545,1.9262667004717309
constant_input,19,RH3,0.7475075556510663,0.7231124000007357
constant_input,19,RH4,0.6471165225990713,0.6124077520507984
constant_input,19,RPFa1,1.168100483315038,1.1593435874704254
constant_input,19,RPFa2,0.9179935827521276,0.9046967019794501
constant_input,19,RPFa3,0.5928095784579622,0.5728633164549649
constant_input,19,RPFa4,0.46957438702475746,0.4578697677583597
constant_input,19,RPFb1,0.537302876709911,0.5228352885462546
constant_input,19,RPFb2,0.4957081614535043,0.47813294941674256
constant_input,19,RPFb3,0.6838473908543722,0.6695149096081772
constant_input,19,RPFc1,0.9033346444947244,0.8896902902460457
constant_input,19,RPFc2,0.4300818689828185,0.36951885412789093
constant_input,19,RPFc3,1.6431496439046238,1.6390413982932412
constant_input,20,LAF1,2.358539760704184,2.3544980912488773
constant_input,20,LAF2,2.4965509924198424,2.493574235314901
constant_input,20,LAF3,1.777264357012164,1.7681371218056472
constant_input,20,LAF4,0.8249020400296332,0.7985238442546879
constant_input,20,RA2,1.0762618219193973,1.0558849036394402
constant_input,20,RA3,1.1685577216444014,1.1469107597913726
constant_input,20,RAFa1,0.8713473015139565,0.8508871996345777
constant_input,20,RAFa2,0.8789966108753287,0.8583065021607404
constant_input,20,RAFa3,0.7309225528625476,0.7129229246612632
constant_input,20,RAFa4,0.7359458566038846,0.7064439335740844
constant_input,20,RAFb1,1.1089096395166982,1.0879869956711836
constant_input,20,RAFb2,0.863173389579491,0.8502931048299899
constant_input,20,RAFb3,0.6084738816174043,0.5839194602140327
constant_input,20,RAFb4,0.5470521880272656,0.5182204727028973
constant_input,20,RAFc1,1.7582048051293335,1.7536084114907273
constant_input,20,RAFc2,1.7089533164912047,1.7016004506154978
constant_input,20,RAFc3,1.5516493813631025,1.5430953626481787
constant_input,20,RAFc4,0.8944102843077056,0.8634212871181837
constant_input,20,RAFd1,1.922359790453695,1.918741935244365
constant_input,20,RAFd2,1.9705072004291806,1.9651313135190096
constant_input,20,RAFd3,0.4377460005272121,0.30685270280358323
constant_input,20,RAFd4,0.6322500599950831,0.5568625406954454
constant_input,20,RH1,0.7371200977200819,0.726258907127627
constant_input,20,RH2,0.8711721734603487,0.8587076925568398
constant_input,20,RH3,0.6513102888261257,0.6228187518424316
constant_input,20,RH4,0.6214117082317712,0.5970123300378223
constant_input,20,RPFa1,0.5925559545388673,0.5788361418211039
constant_input,20,RPFa2,0.5939852974486604,0.5831016872401668
constant_input,20,RPFa3,0.6282914523361932,0.6172304312311117
constant_input,20,RPFa4,0.6739090315606096,0.6639790926960615
constant_input,20,RPFb1,0.5752131506452544,0.568921541420061
constant_input,20,RPFb2,0.5822212834035648,0.5740034979298829
constant_input,20,RPFb3,0.8572531542285088,0.8467136570463766
constant_input,20,RPFc1,1.2363806084465734,1.2218150516094834
constant_input,20,RPFc2,0.5051691018396416,0.4764786921071221
constant_input,20,RPFc3,1.2407441258316776,1.2257372838319927
constant_input,21,LAF1,2.6385474149085257,2.6335370184958395
constant_input,21,LAF2,2.7856358830141597,2.7817937593486355
constant_input,21,LAF3,1.466139847422852,1.4506772225568532
constant_input,21,LAF4,1.3189214054854106,1.3108537522769281
constant_input,21,RA2,2.318869211379416,2.3155726769768705
constant_input,21,RA3,2.332346440902355,2.3301284293134272
constant_input,21,RAFa1,2.15708531660022,2.156511006972952
constant_input,21,RAFa2,1.5491552264207324,1.5363939374621571
constant_input,21,RAFa3,1.3272116988477705,1.311024770997491
constant_input,21,RAFa4,1.1027213127222106,1.074720212520615
constant_input,21,RAFb1,1.63471080244373,1.626393907880522
constant_input,21,RAFb2,1.27906517894,1.2592065475870238
constant_input,21,RAFb3,1.061599896953713,1.0279951973803136
constant_input,21,RAFb4,0.783456059464881,0.7342759492500158
constant_input,21,RAFc1,1.1804140438027697,1.1561503157284847
constant_input,21,RAFc2,1.392183319895549,1.3757325830277218
constant_input,21,RAFc3,1.7744272806443029,1.7707565143892994
constant_input,21,RAFc4,1.7101462425274199,1.7022999662265579
constant_input,21,RAFd1,0.9926867091199865,0.9498066093000802
constant_input,21,RAFd2,0.9407441163429524,0.856049125221776
constant_input,21,RAFd3,2.347923008779361,2.3470864052659355
constant_input,21,RAFd4,2.017507283721091,2.0136218407424713
constant_input,21,RH1,1.363851665996583,1.357607101931639
constant_input,21,RH2,1.5990257377269324,1.5911708154789912
constant_input,21,RH3,0.9473027292764463,0.9187677327639628
constant_input,21,RH4,1.1217542883281004,1.0983423869577658
constant_input,21,RPFa1,2.132388121411772,2.1294037685128373
constant_input,21,RPFa2,1.6973084286794264,1.692182909406149
constant_input,21,RPFa3,1.4252300152766961,1.4187591473414973
constant_input,21,RPFa4,0.6607188721858968,0.6481820671609126
constant_input,21,RPFb1,0.643198635126784,0.6335663343694532
constant_input,21,RPFb2,0.6512942053385382,0.6407176695804851
constant_input,21,RPFb3,1.5394926229822727,1.5314876063785468
constant_input,21,RPFc1,1.9380492333398966,1.93559103323732
constant_input,21,RPFc2,1.1677035448465616,1.149492408400243
constant_input,21,RPFc3,2.065707607020708,2.054233114155905
constant_input,22,LAF1,1.7899732802750736,1.783471132502786
constant_input,22,LAF2,1.8551854609495453,1.8496428540835317
constant_input,22,LAF3,1.1303140728327836,1.1137454519397307
constant_input,22,LAF4,0.5091401135357918,0.485650075827088
constant_input,22,RA2,1.3734164754542193,1.3124339333583397
constant_input,22,RA3,1.2263578399654163,1.1474593427810764
constant_input,22,RAFa1,0.5705575298747658,0.4938811699148869
constant_input,22,RAFa2,0.5578764881391316,0.5112793850261494
constant_input,22,RAFa3,0.5485793756754723,0.5092350914207519
constant_input,22,RAFa4,0.47379803188063446,0.40131976971234967
constant_input,22,RAFb1,0.585479258830265,0.5026520370865664
constant_input,22,RAFb2,0.5132730858582611,0.4425034907843241
constant_input,22,RAFb3,0.4951549185143057,0.4230118483982804
constant_input,22,RAFb4,0.4263690833560715,0.3411210577914204
constant_input,22,RAFc1,0.6326676252885568,0.5891717226204887
constant_input,22,RAFc2,0.6995982930505283,0.6585147365968731
constant_input,22,RAFc3,0.5131830851585537,0.4389712799697255
constant_input,22,RAFc4,0.4014573071331477,0.3454798202340513
constant_input,22,RAFd1,0.5517811438214425,0.4861208168716664
constant_input,22,RAFd2,0.5892372450305196,0.50499424457352
constant_input,22,RAFd3,0.47200324449334574,0.29882927843986234
constant_input,22,RAFd4,0.3735749962777938,0.20394639180872703
constant_input,22,RH1,0.863217526323848,0.8481217958724807
constant_input,22,RH2,1.1437817752665362,1.124806969624649
constant_input,22,RH3,0.4289548174144851,0.3678679090633565
constant_input,22,RH4,0.5786099216280338,0.5215047148969831
constant_input,22,RPFa1,0.6397886509654469,0.6197935743309708
constant_input,22,RPFa2,0.6555138539735372,0.6430960714973405
constant_input,22,RPFa3,0.4794982209927704,0.46119979825124724
constant_input,22,RPFa4,0.42634793612626815,0.4117818268633547
constant_input,22,RPFb1,0.4225242955971223,0.411829833381023
constant_input,22,RPFb2,0.4168007354154609,0.40505903262447823
constant_input,22,RPFb3,0.4890042116093122,0.4677572367621816
constant_input,22,RPFc1,0.6190928840779,0.585506119268497
constant_input,22,RPFc2,0.34727572735980794,0.31353270155813984
constant_input,22,RPFc3,0.6267385917969536,0.5923107259074226
constant_input,23,LAF1,1.8056360951855055,1.7968043253557882
constant_input,23,LAF2,1.9074462674302244,1.899561688707697
constant_input,23,LAF3,1.0146754966773772,0.9953172732184788
constant_input,23,LAF4,0.8512996759098463,0.8306177003933363
constant_input,23,RA2,2.3221514708837203,2.3197439474000867
constant_input,23,RA3,2.3717514006208695,2.369943655519862
constant_input,23,RAFa1,1.345157550662715,1.334039060836482
constant_input,23,RAFa2,1.0092764779272838,0.9738283996124393
constant_input,23,RAFa3,0.8838456477890322,0.8438596218486852
constant_input,23,RAFa4,0.743514642513615,0.680184988142847
constant_input,23,RAFb1,1.4584283863612524,1.4505389750973596
constant_input,23,RAFb2,1.469785693414865,1.4661173881816556
constant_input,23,RAFb3,1.183702605692326,1.1764794305429072
constant_input,23,RAFb4,0.9188813262173297,0.9078702490030646
constant_input,23,RAFc1,0.4484548213220912,0.38637074919306424
constant_input,23,RAFc2,0.5373116308555236,0.4737476439381249
constant_input,23,RAFc3,0.4106861421895232,0.3430190186302023
constant_input,23,RAFc4,0.39802455941160475,0.33663409567829417
constant_input,23,RAFd1,0.46516230768112654,0.4026588153026898
constant_input,23,RAFd2,0.5735508226386112,0.48097848435525414
constant_input,23,RAFd3,0.5505362599043109,0.3265065775563973
constant_input,23,RAFd4,0.5455921836270257,0.34472729435424443
constant_input,23,RH1,1.1276510719532356,1.1217395930290806
constant_input,23,RH2,1.4131913729817807,1.4079283702746375
constant_input,23,RH3,0.6177966678721649,0.5451283099785196
constant_input,23,RH4,0.8294805748249506,0.7856357615739771
constant_input,23,RPFa1,1.2983810660888813,1.2806418973128797
constant_input,23,RPFa2,0.9713336987132739,0.9511513159311372
constant_input,23,RPFa3,0.6103176643631113,0.5860461880178662
constant_input,23,RPFa4,0.46548049888240733,0.44825980885058636
constant_input,23,RPFb1,0.6372319575814404,0.6258768978831679
constant_input,23,RPFb2,0.5681206564858171,0.5564268279505294
constant_input,23,RPFb3,0.6143808219184849,0.5805946804828683
constant_input,23,RPFc1,0.37003840454636583,0.2844605949176128
constant_input,23,RPFc2,0.42686031540538766,0.3765132869801308
constant_input,23,RPFc3,1.079079490374191,1.0126360451353869
constant_input,24,LAF1,2.8420166247369085,2.837693917639133
constant_input,24,LAF2,2.96516583657036,2.9619347979053923
constant_input,24,LAF3,2.241301179146225,2.2321179865122467
constant_input,24,LAF4,0.8771862146776491,0.8474550520972348
constant_input,24,RA2,1.656128595931557,1.6491153113332164
constant_input,24,RA3,1.837313580244224,1.8338360455838132
constant_input,24,RAFa1,1.7431465208249328,1.736169348372436
constant_input,24,RAFa2,1.4406340827651984,1.4211236383189856
constant_input,24,RAFa3,1.1332969431113646,1.1125393091293496
constant_input,24,RAFa4,1.1493176268475411,1.1204644835399633
constant_input,24,RAFb1,2.1177173532776226,2.1132892479123826
constant_input,24,RAFb2,1.573172766072253,1.5667694782046826
constant_input,24,RAFb3,1.159386586262573,1.1466593263266545
constant_input,24,RAFb4,0.9916967028003391,0.9751728741365419
constant_input,24,RAFc1,1.6622484738316177,1.6535876947110568
constant_input,24,RAFc2,1.5980241982229235,1.584782994235844
constant_input,24,RAFc3,1.521489613765005,1.508918119498964
constant_input,24,RAFc4,0.8614152516868276,0.8229717092464263
constant_input,24,RAFd1,1.9248095377597776,1.9183016106489674
constant_input,24,RAFd2,1.8112252402079287,1.8029739230308892
constant_input,24,RAFd3,0.9444164161960179,0.8974834935412339
constant_input,24,RAFd4,1.3854940007039303,1.3775170363923526
constant_input,24,RH1,0.8991247693752706,0.8896608150557563
constant_input,24,RH2,1.0348444925035727,1.0241719598752108
constant_input,24,RH3,0.7927326014149721,0.7570505074611826
constant_input,24,RH4,0.755817858805504,0.7261873491860391
constant_input,24,RPFa1,0.6985028082587538,0.6827996986576806
constant_input,24,RPFa2,0.6811793934990346,0.6676499653293024
constant_input,24,RPFa3,0.7907076566710918,0.7796694361414929
constant_input,24,RPFa4,0.7908884069424906,0.780934641532519
constant_input,24,RPFb1,0.715546500170643,0.7062734754619977
constant_input,24,RPFb2,0.6902191127488853,0.6793948418307819
constant_input,24,RPFb3,0.9355786679659939,0.9236513101829034
constant_input,24,RPFc1,1.1349324953116686,1.1114954644414647
constant_input,24,RPFc2,0.5520283607457153,0.5270897966027227
constant_input,24,RPFc3,1.1348893856818978,1.1102691533311073
constant_input,25,LAF1,1.441925217134859,1.4342070061064536
constant_input,25,LAF2,1.5762183545859163,1.5705346702801468
constant_input,25,LAF3,0.9205142913287488,0.9018155854479185
constant_input,25,LAF4,0.839420758015081,0.8189186712981881
constant_input,25,RA2,1.8246230533742642,1.8208814927083086
constant_input,25,RA3,2.010705331958503,2.0085574429887476
constant_input,25,RAFa1,0.8110704867098548,0.7832227660679907
constant_input,25,RAFa2,1.0854734755729498,1.0716106998550279
constant_input,25,RAFa3,0.9792790388551629,0.9639161525055898
constant_input,25,RAFa4,0.8943024131345416,0.8735340885755861
constant_input,25,RAFb1,1.2514989989748155,1.2435401873159286
constant_input,25,RAFb2,0.8015644628128917,0.7805681036689172
constant_input,25,RAFb3,0.626464109507776,0.59909405449942
constant_input,25,RAFb4,0.47023943766828136,0.4258383823725305
constant_input,25,RAFc1,0.5504639105535849,0.5103333776399779
constant_input,25,RAFc2,0.6248460719190438,0.5734355508370298
constant_input,25,RAFc3,0.46192030419043434,0.405754163379243
constant_input,25,RAFc4,0.44129370157035946,0.391688759275816
constant_input,25,RAFd1,0.5792226897828983,0.5258179950527037
constant_input,25,RAFd2,0.5512947012505257,0.47892126326505435
constant_input,25,RAFd3,0.6221300695546318,0.5792314232163578
constant_input,25,RAFd4,0.7900469547845738,0.7697035659877235
constant_input,25,RH1,0.7404424985275476,0.7265851776118429
constant_input,25,RH2,1.0857999221551524,1.0713985741587149
constant_input,25,RH3,0.6686352654697463,0.6306154909497161
constant_input,25,RH4,0.5675239307415247,0.5304089930301153
constant_input,25,RPFa1,1.0391567525780154,1.0265829439959455
constant_input,25,RPFa2,0.7677524888869409,0.750400508652185
constant_input,25,RPFa3,0.8250703904757415,0.8135872897791704
constant_input,25,RPFa4,0.7146540451392697,0.7048658244490617
constant_input,25,RPFb1,0.5667827166753477,0.555387290774038
constant_input,25,RPFb2,0.5651801106647764,0.5524061400772331
constant_input,25,RPFb3,0.5408019195538393,0.5296356671722038
constant_input,25,RPFc1,0.389166848097874,0.3096583178588006
constant_input,25,RPFc2,0.4451672197577437,0.40557932758377585
constant_input,25,RPFc3,0.5151279644935267,0.4778716694675091
constant_input,26,LAF1,2.20650426900988,2.2014463483249274
constant_input,26,LAF2,2.302848178118963,2.2986766098070888
constant_input,26,LAF3,1.324802224748984,1.3096179054237362
constant_input,26,LAF4,0.778148259599374,0.7632707024512616
constant_input,26,RA2,2.0147637728620342,2.007185722344739
constant_input,26,RA3,1.9159642469104587,1.9104920816952315
constant_input,26,RAFa1,1.1200375879839404,1.093105171600065
constant_input,26,RAFa2,0.6426647573403196,0.60563813795498
constant_input,26,RAFa3,0.5861759041614513,0.5552323166922669
constant_input,26,RAFa4,0.5474737990254266,0.489362192556992
constant_input,26,RAFb1,0.8544207643617964,0.8136018838312973
constant_input,26,RAFb2,0.8782266815982227,0.8588447417129592
constant_input,26,RAFb3,0.7223912907782858,0.6969128301277265
constant_input,26,RAFb4,0.6337022874464853,0.6011332848795975
constant_input,26,RAFc1,0.8120112879759058,0.774118910465732
constant_input,26,RAFc2,0.7584117395677464,0.6981995664182906
constant_input,26,RAFc3,1.0884102784164482,1.0741684409713728
constant_input,26,RAFc4,0.8632754629138136,0.8403891115329933
constant_input,26,RAFd1,0.8095991106209296,0.7694170823217771
constant_input,26,RAFd2,0.703032618235351,0.6098512166938764
constant_input,26,RAFd3,0.8717035588795028,0.8228909795618192
constant_input,26,RAFd4,0.6416917764790594,0.533347094831916
constant_input,26,RH1,1.1127299099578132,1.1022318989729796
constant_input,26,RH2,1.4916005002249886,1.4790780231373553
constant_input,26,RH3,0.5420317911733189,0.4873265166032198
constant_input,26,RH4,0.8594095595707545,0.8185497442312464
constant_input,26,RPFa1,0.6702973641151128,0.6456856394826025
constant_input,26,RPFa2,0.5268618361785163,0.5127735900736008
constant_input,26,RPFa3,0.521125103973829,0.5082149242424273
constant_input,26,RPFa4,0.4927733359579929,0.48060932984761856
constant_input,26,RPFb1,0.5358559243991717,0.5279214116501151
constant_input,26,RPFb2,0.5113036208481275,0.5009096317753824
constant_input,26,RPFb3,0.6323221037117841,0.6135752386847695
constant_input,26,RPFc1,1.138386776418992,1.128112690654952
constant_input,26,RPFc2,0.7423897511978275,0.7231740188045702
constant_input,26,RPFc3,0.5188948243364433,0.45356117454673295
constant_input,27,LAF1,2.7915811958248353,2.7870713150237543
constant_input,27,LAF2,2.8549845173274044,2.851401422100023
constant_input,27,LAF3,1.9735770664843963,1.9632914679363884
constant_input,27,LAF4,0.6771787762528204,0.6493724681037581
constant_input,27,RA2,2.460536552801091,2.4573518047249667
constant_input,27,RA3,2.359258349580004,2.3571185704818913
constant_input,27,RAFa1,0.6488263224191915,0.592002428723057
constant_input,27,RAFa2,0.6623841090851723,0.6266713509852934
constant_input,27,RAFa3,0.6924079049111029,0.659239206820653
constant_input,27,RAFa4,0.6397742254396255,0.583850329628334
constant_input,27,RAFb1,0.5812885707654863,0.5477164050445751
constant_input,27,RAFb2,0.5660199011860676,0.5351044297865623
constant_input,27,RAFb3,0.5307381582966665,0.49284918088156576
constant_input,27,RAFb4,0.5295358960467372,0.48747480340331006
constant_input,27,RAFc1,0.6752202385115216,0.6318206324999436
constant_input,27,RAFc2,0.759192008160373,0.7128961980939242
constant_input,27,RAFc3,0.562232133542487,0.5044934344175033
constant_input,27,RAFc4,0.4853861988040434,0.4332293417363792
constant_input,27,RAFd1,0.6141890341871872,0.5712470698700314
constant_input,27,RAFd2,0.7498982882916949,0.6876103396619293
constant_input,27,RAFd3,0.5428111217874212,0.3959472027048636
constant_input,27,RAFd4,0.5411190043541755,0.41788932110097493
constant_input,27,RH1,1.25072617101929,1.242491289539995
constant_input,27,RH2,1.7596351569532613,1.753562974775122
constant_input,27,RH3,0.5417597621763702,0.4944639808580377
constant_input,27,RH4,0.8110877975505901,0.77278093972418
constant_input,27,RPFa1,0.848562721226554,0.8254516768594798
constant_input,27,RPFa2,0.719612447757213,0.7041429560308197
constant_input,27,RPFa3,0.7992369162591397,0.784356213647299
constant_input,27,RPFa4,0.615721109512465,0.6031395592182619
constant_input,27,RPFb1,0.5685731396408675,0.5604292828905294
constant_input,27,RPFb2,0.5737686796988032,0.5640791513607721
constant_input,27,RPFb3,0.6905817933812509,0.6690941320890075
constant_input,27,RPFc1,0.47903144143953125,0.40293526491782006
constant_input,27,RPFc2,0.45858523573391313,0.4251114517032222
constant_input,27,RPFc3,0.5943423735013346,0.5336856979587392
constant_input,28,LAF1,1.227320992266736,1.2205677779540813
constant_input,28,LAF2,1.374459182852245,1.3694173762483788
constant_input,28,LAF3,0.5458242732469062,0.5276838880397665
constant_input,28,LAF4,1.1754660919552453,1.17058676829748
constant_input,28,RA2,2.0874021985175135,2.0866591578081897
constant_input,28,RA3,2.142476969550275,2.142033857758748
constant_input,28,RAFa1,0.5161967170101722,0.4853823308469869
constant_input,28,RAFa2,0.7174035068601412,0.6972742514076036
constant_input,28,RAFa3,0.6604642927619762,0.640826038850322
constant_input,28,RAFa4,0.666495405356424,0.6336769059705077
constant_input,28,RAFb1,1.1372637009848177,1.129476494518325
constant_input,28,RAFb2,1.259698888441182,1.2554994006395706
constant_input,28,RAFb3,1.0916176567181597,1.0836687797881372
constant_input,28,RAFb4,1.0129789557515636,1.0025791632560284
constant_input,28,RAFc1,0.4584934998458473,0.4184460935057185
constant_input,28,RAFc2,0.49488853306987207,0.4546964917165367
constant_input,28,RAFc3,0.5183482958815466,0.4870200372693734
constant_input,28,RAFc4,0.5608457947285823,0.5359345083853564
constant_input,28,RAFd1,0.4481657834852719,0.3990201814577612
constant_input,28,RAFd2,0.3753426462467174,0.23561519186608687
constant_input,28,RAFd3,1.1745579458060966,1.1711908419032748
constant_input,28,RAFd4,1.2308136711565847,1.2244387403682377
constant_input,28,RH1,0.7535002275876657,0.7401376216688675
constant_input,28,RH2,1.3436615569084938,1.3417185582254583
constant_input,28,RH3,0.7610370163004724,0.7269564261554496
constant_input,28,RH4,0.6070671580705462,0.5632528528178967
constant_input,28,RPFa1,0.44419167886401045,0.4207519820475302
constant_input,28,RPFa2,0.4642265767153463,0.4459164316738215
constant_input,28,RPFa3,0.42654258673890055,0.4058654967718344
constant_input,28,RPFa4,0.49855559737580263,0.48878972334604526
constant_input,28,RPFb1,0.45176184857390134,0.4421552000374085
constant_input,28,RPFb2,0.41055100858028376,0.3987829314577587
constant_input,28,RPFb3,0.6886942745108199,0.6708105491907144
constant_input,28,RPFc1,0.6004403298375073,0.5821642022084522
constant_input,28,RPFc2,0.4533776701758,0.4248627152526093
constant_input,28,RPFc3,1.1644389026518764,1.1537169930713949
constant_input,29,LAF1,2.0998797698686618,2.0990127674802546
constant_input,29,LAF2,2.1909200536076567,2.190154746370902
constant_input,29,LAF3,1.637498827396825,1.6335724530127054
constant_input,29,LAF4,0.5430877278765741,0.49128735410622376
constant_input,29,RA2,1.2821315433158909,1.2789798917625312
constant_input,29,RA3,1.6104033757865512,1.6085046181950369
constant_input,29,RAFa1,1.5835946954215498,1.5830487096643098
constant_input,29,RAFa2,1.4799577493914249,1.4774292636789172
constant_input,29,RAFa3,1.1617204257891434,1.1541734243355894
constant_input,29,RAFa4,0.962764643692954,0.9500817162623245
constant_input,29,RAFb1,1.7031450877402077,1.702173445393565
constant_input,29,RAFb2,1.6816666567764487,1.6810962249695651
constant_input,29,RAFb3,1.261493757049943,1.2587911381536452
constant_input,29,RAFb4,0.9881936625188495,0.9832818272849199
constant_input,29,RAFc1,0.7092317817844632,0.6873060058339476
constant_input,29,RAFc2,0.8881073471124095,0.8826278775256537
constant_input,29,RAFc3,0.6997829563983753,0.6850370820609307
constant_input,29,RAFc4,0.7260848384809298,0.7024383221483795
constant_input,29,RAFd1,0.6152763863042134,0.5714464239741665
constant_input,29,RAFd2,0.7152299355198363,0.7031970724464814
constant_input,29,RAFd3,0.38157552709394854,0.1977443963409823
constant_input,29,RAFd4,0.3815794251429757,0.2019736864195196
constant_input,29,RH1,0.508676935712044,0.49285128385816623
constant_input,29,RH2,0.6124627392909682,0.5920053993750516
constant_input,29,RH3,0.5339190765360916,0.4859692958457879
constant_input,29,RH4,0.489278509573965,0.43965227612365687
constant_input,29,RPFa1,1.4540942361027327,1.4519462541975598
constant_input,29,RPFa2,1.0526417698274346,1.0464794746598052
constant_input,29,RPFa3,0.6290775504780056,0.6130017840119005
constant_input,29,RPFa4,0.4472876745580939,0.43464588559223516
constant_input,29,RPFb1,0.5978362858308212,0.5854279329526382
constant_input,29,RPFb2,0.5460659866299917,0.5325272008038943
constant_input,29,RPFb3,0.443510926095608,0.4253231679438206
constant_input,29,RPFc1,0.7885081315280272,0.7827231017193059
constant_input,29,RPFc2,0.4274187709474714,0.3536521451675472
constant_input,29,RPFc3,0.847799017908442,0.8110914933438695
constant_input,30,LAF1,2.6344960930777486,2.634493900381232
constant_input,30,LAF2,2.749343455771814,2.74934345577181
constant_input,30,LAF3,2.2516995689234482,2.2516535414040946
constant_input,30,LAF4,0.5683899623570582,0.5119009245353322
constant_input,30,RA2,1.2519080036086074,1.248844635463956
constant_input,30,RA3,1.5071377726857322,1.505246689943328
constant_input,30,RAFa1,1.676355203643945,1.676150894739149
constant_input,30,RAFa2,1.4140218705783656,1.412248379545408
constant_input,30,RAFa3,1.0863770258057845,1.0786638357693217
constant_input,30,RAFa4,1.0610115138017815,1.0548728338321174
constant_input,30,RAFb1,1.4768201985612925,1.4754498138252745
constant_input,30,RAFb2,0.6129195635774911,0.5785440241451211
constant_input,30,RAFb3,0.4222960556639594,0.3578945408656004
constant_input,30,RAFb4,0.39919821050315124,0.31514476551328996
constant_input,30,RAFc1,2.142867534660992,2.1428262611366584
constant_input,30,RAFc2,2.3457766826996655,2.345776682699673
constant_input,30,RAFc3,2.0760608118009003,2.0760608118008976
constant_input,30,RAFc4,1.3479266240538739,1.3468556227116126
constant_input,30,RAFd1,2.2982151881805732,2.297808479365828
constant_input,30,RAFd2,2.2483727160257283,2.2481459187259802
constant_input,30,RAFd3,0.450341178109976,0.2484050310755674
constant_input,30,RAFd4,0.7746332096375483,0.7151923931783457
constant_input,30,RH1,0.5530911983169311,0.5368357277191708
constant_input,30,RH2,0.6731420380603361,0.6559439240357804
constant_input,30,RH3,0.5963976930043865,0.5356052533300821
constant_input,30,RH4,0.5502714761750037,0.4985269995131812
constant_input,30,RPFa1,0.8135746839318508,0.8002048770919009
constant_input,30,RPFa2,0.4496483666513888,0.4196872088268324
constant_input,30,RPFa3,0.3964619290643532,0.3692686322191757
constant_input,30,RPFa4,0.36056256925647057,0.3456279241728312
constant_input,30,RPFb1,0.37817633155720437,0.3598218746007177
constant_input,30,RPFb2,0.3891082061950415,0.3686495164557604
constant_input,30,RPFb3,0.5105126898395219,0.48899437296694537
constant_input,30,RPFc1,1.6800630209102918,1.680057582764598
constant_input,30,RPFc2,0.5136079301909101,0.4713790089819553
constant_input,30,RPFc3,0.536814265044468,0.48573505665388617
constant_input,31,LAF1,2.5685062641090317,2.566844840427432
constant_input,31,LAF2,2.6373709685607127,2.635982485366434
constant_input,31,LAF3,1.7557679212763968,1.7479352624122129
constant_input,31,LAF4,0.6496722600024195,0.6146461911689317
constant_input,31,RA2,2.3596261977874358,2.358717481337378
constant_input,31,RA3,2.230223226240518,2.229695707555532
constant_input,31,RAFa1,0.6839913886874553,0.6468924958198171
constant_input,31,RAFa2,0.6195980574485013,0.5654852545511898
constant_input,31,RAFa3,0.5905953456068878,0.5436807286855899
constant_input,31,RAFa4,0.5469637130721575,0.487813317659783
constant_input,31,RAFb1,0.711695787696087,0.6677752472270256
constant_input,31,RAFb2,0.4662143876079242,0.3955932474316901
constant_input,31,RAFb3,0.41738850447942016,0.3499333907696438
constant_input,31,RAFb4,0.37239666933020193,0.284004831712438
constant_input,31,RAFc1,0.5259272168953497,0.45366221480834623
constant_input,31,RAFc2,0.47594437133188777,0.39405056294623036
constant_input,31,RAFc3,0.6786345721724104,0.6145818174528765
constant_input,31,RAFc4,0.4988538202436916,0.42205634730263114
constant_input,31,RAFd1,0.5880193078728645,0.5197880821069498
constant_input,31,RAFd2,0.4314188529854851,0.302431649950754
constant_input,31,RAFd3,0.6366397607280894,0.46082695695395387
constant_input,31,RAFd4,0.5350279058415014,0.34394454309435196
constant_input,31,RH1,1.251947048153368,1.237740382070448
constant_input,31,RH2,1.7539787419756365,1.749437747168484
constant_input,31,RH3,0.5436601686242336,0.5004628471158349
constant_input,31,RH4,0.8582056674104568,0.826123380719935
constant_input,31,RPFa1,0.683115910598383,0.6606701760469621
constant_input,31,RPFa2,0.48725973698964314,0.46093135378041344
constant_input,31,RPFa3,0.5426940841731053,0.5237358448520327
constant_input,31,RPFa4,0.42182024483363134,0.4124463689797686
constant_input,31,RPFb1,0.42472027304496623,0.40939271827783624
constant_input,31,RPFb2,0.4161075760472452,0.39747065120995373
constant_input,31,RPFb3,0.5943899919081497,0.5780904509545858
constant_input,31,RPFc1,0.539677456397449,0.43601079051627945
constant_input,31,RPFc2,0.4733369241085231,0.4154557663539809
constant_input,31,RPFc3,0.44704003177700824,0.3747756703260046
white_input,0,LAF1,1.2679605093571402,1.2228758188533948
white_input,0,LAF2,1.2664122273522778,1.2235464632457134
white_input,0,LAF3,1.0423392429564522,0.9650286978527753
white_input,0,LAF4,0.5506585415256728,0.505616107016128
white_input,0,RA2,0.6361487479225233,0.4944817226172001
white_input,0,RA3,0.6101985315701026,0.45065738433141644
white_input,0,RAFa1,0.7334484076186271,0.6533577117757107
white_input,0,RAFa2,0.7421219051732367,0.6670969820304625
white_input,0,RAFa3,0.6886175854001316,0.6265563511375999
white_input,0,RAFa4,0.6234755357180409,0.5449435019675246
white_input,0,RAFb1,0.7848108986452319,0.6940778098874141
white_input,0,RAFb2,0.6662437628454488,0.583431956554282
white_input,0,RAFb3,0.5878136842196484,0.5123388268945316
white_input,0,RAFb4,0.5403751934166875,0.4388500609433349
white_input,0,RAFc1,0.5891994975356942,0.4813486759217769
white_input,0,RAFc2,0.5797187426314904,0.4625719738159932
white_input,0,RAFc3,0.5268298366555277,0.4165504674303745
white_input,0,RAFc4,0.49106951022391265,0.40262351400851676
white_input,0,RAFd1,0.5985196394110418,0.49833038138742175
white_input,0,RAFd2,0.5377401849217626,0.34330731420407556
white_input,0,RAFd3,0.6039151434527524,0.35195964367840454
white_input,0,RAFd4,0.5689928451617835,0.3597139274929103
white_input,0,RH1,0.6548379483137563,0.6090120927408017
white_input,0,RH2,0.6563100316522148,0.5975863465129715
white_input,0,RH3,0.573665841254488,0.5138301970030069
white_input,0,RH4,0.5480094076405995,0.4993420169218813
white_input,0,RPFa1,0.6763945629050467,0.6256188925239624
white_input,0,RPFa2,0.6642109064998337,0.6242453141894804
white_input,0,RPFa3,0.6533798708799844,0.6176788995063194
white_input,0,RPFa4,0.5638798635138419,0.5445899239376037
white_input,0,RPFb1,0.6100374473306058,0.5788343554378512
white_input,0,RPFb2,0.6032042517141157,0.5686133843351594
white_input,0,RPFb3,0.5792400996354518,0.5532129738750301
white_input,0,RPFc1,0.473338402575814,0.3397281860337643
white_input,0,RPFc2,0.4669215243137033,0.3846569693137272
white_input,0,RPFc3,0.43731978690416307,0.37388877675795024
white_input,1,LAF1,1.0510515018145024,1.0100872012424733
white_input,1,LAF2,1.0444428578120148,1.0047902949519285
white_input,1,LAF3,0.8795172077557558,0.8082342714832302
white_input,1,LAF4,0.5759533363568186,0.5267900281147705
white_input,1,RA2,0.9233109320432596,0.7433003378379585
white_input,1,RA3,0.9082401171567952,0.7122429946454122
white_input,1,RAFa1,0.7157270743993447,0.648211717589226
white_input,1,RAFa2,0.6854926217605642,0.6309127791885263
white_input,1,RAFa3,0.6439242774825226,0.602103859352682
white_input,1,RAFa4,0.5917795799123865,0.5320625717736505
white_input,1,RAFb1,0.7340265735501457,0.65552712019346
white_input,1,RAFb2,0.6298459193545591,0.539268424152775
white_input,1,RAFb3,0.5692282093769321,0.4751263288583695
white_input,1,RAFb4,0.530877194036336,0.4109037017729389
white_input,1,RAFc1,0.6848827985058024,0.5993799769693623
white_input,1,RAFc2,0.691372592891192,0.5943201646896271
white_input,1,RAFc3,0.6480949106584389,0.5302978855180643
white_input,1,RAFc4,0.6044894431106834,0.4922596134569865
white_input,1,RAFd1,0.7228311340221398,0.6398389542177162
white_input,1,RAFd2,0.6516608461037512,0.4772990680777548
white_input,1,RAFd3,0.4524302423241526,0.2707732807027044
white_input,1,RAFd4,0.5335487030612158,0.3732208428696794
white_input,1,RH1,0.7479946805633187,0.7011418636811859
white_input,1,RH2,0.8011613815266267,0.7460425980399344
white_input,1,RH3,0.5837054533830246,0.5184338479465598
white_input,1,RH4,0.5859670919752907,0.5275290185098673
white_input,1,RPFa1,0.7042413486491348,0.6519215105013396
white_input,1,RPFa2,0.7155426844569924,0.6746129297616046
white_input,1,RPFa3,0.6936478480892321,0.6561116186329592
white_input,1,RPFa4,0.5757505100677297,0.5527519589302369
white_input,1,RPFb1,0.6541473446009605,0.62044493116247
white_input,1,RPFb2,0.6364373142685092,0.6015685701181611
white_input,1,RPFb3,0.5799859085984022,0.551737499991948
white_input,1,RPFc1,0.6065530827010094,0.44255320297004497
white_input,1,RPFc2,0.5555379453443559,0.45178166156872135
white_input,1,RPFc3,0.5717211382424199,0.47167518001933273
white_input,2,LAF1,1.764449151459797,1.706339277687909
white_input,2,LAF2,1.7732055692869804,1.7164268124591835
white_input,2,LAF3,1.2823907055795585,1.1858577990629446
white_input,2,LAF4,0.6778982134475015,0.6148726602662806
white_input,2,RA2,0.9214254872037572,0.7039715876179033
white_input,2,RA3,0.821638361389447,0.6041091375440775
white_input,2,RAFa1,0.7883397552512468,0.696303958270533
white_input,2,RAFa2,0.8371169073010483,0.7629057903966322
white_input,2,RAFa3,0.8173587693150972,0.7544284275209159
white_input,2,RAFa4,0.7611609007389033,0.6699446195444275
white_input,2,RAFb1,0.7766467525571388,0.6797753200432745
white_input,2,RAFb2,0.6521817352343238,0.5569796467848178
white_input,2,RAFb3,0.6428505033350317,0.5311130088590387
white_input,2,RAFb4,0.6251899236427934,0.4775138284929754
white_input,2,RAFc1,0.7445415110639896,0.613420867045147
white_input,2,RAFc2,0.7449305106489875,0.6017520821723623
white_input,2,RAFc3,0.7088233104079112,0.5552061579011721
white_input,2,RAFc4,0.6262666803098492,0.509317036771993
white_input,2,RAFd1,0.7772867517359574,0.6480546961006112
white_input,2,RAFd2,0.6848398337320973,0.4748084211602622
white_input,2,RAFd3,0.7089187591948262,0.4332681235543441
white_input,2,RAFd4,0.6739065958323096,0.44754278997276686
white_input,2,RH1,0.8092807966891775,0.7473923003860459
white_input,2,RH2,0.8653053722730024,0.7948222815307383
white_input,2,RH3,0.6792149989634647,0.6011075310579594
white_input,2,RH4,0.6868426780740364,0.6162678210386038
white_input,2,RPFa1,0.7729405067453317,0.7173128625763352
white_input,2,RPFa2,0.7902625077379314,0.7439966411689564
white_input,2,RPFa3,0.7904409402392946,0.7444492859781975
white_input,2,RPFa4,0.6395917699569632,0.6087472940758786
white_input,2,RPFb1,0.6684937257670746,0.6321228139845834
white_input,2,RPFb2,0.667963050013283,0.6264251520896643
white_input,2,RPFb3,0.6701203466821635,0.6315209896845454
white_input,2,RPFc1,0.6570431765095986,0.4686189628843048
white_input,2,RPFc2,0.5687198432159104,0.4654412001440562
white_input,2,RPFc3,0.6197649890895952,0.5301085821675401
white_input,3,LAF1,1.2073527138997828,1.1612742192557615
white_input,3,LAF2,1.2148872125619417,1.1699667424446576
white_input,3,LAF3,0.8993473521554192,0.825671367068299
white_input,3,LAF4,0.6047826167328578,0.5396291348746769
white_input,3,RA2,0.7298031735957831,0.5703246011895933
white_input,3,RA3,0.7252725535141192,0.5392677927592439
white_input,3,RAFa1,0.7307283046136253,0.6442993128256982
white_input,3,RAFa2,0.8204427385822158,0.7359407199461713
white_input,3,RAFa3,0.778211622962449,0.7060763775458727
white_input,3,RAFa4,0.7194055440555586,0.6221744850086286
white_input,3,RAFb1,0.7894888401763231,0.7035977906171266
white_input,3,RAFb2,0.6573797671729616,0.5801295759829592
white_input,3,RAFb3,0.5600940893040328,0.4858042108655239
white_input,3,RAFb4,0.4889309224959645,0.3945317007795755
white_input,3,RAFc1,0.5747477396685525,0.47876621744156184
white_input,3,RAFc2,0.5760658064138585,0.4598621124358644
white_input,3,RAFc3,0.5633167692419326,0.43180423742261315
white_input,3,RAFc4,0.5907786933292192,0.4476391137258563
white_input,3,RAFd1,0.6069842770386134,0.5126472308872781
white_input,3,RAFd2,0.5648472743862458,0.35851380020456003
white_input,3,RAFd3,0.6134760810849949,0.3886822767974454
white_input,3,RAFd4,0.5938192465688726,0.40770889738998495
white_input,3,RH1,0.6694202844143379,0.6285596187682432
white_input,3,RH2,0.6727903343871062,0.6267979337208425
white_input,3,RH3,0.5611592486216076,0.4883881028545994
white_input,3,RH4,0.5842930727512529,0.5197645973658517
white_input,3,RPFa1,0.7988632268318563,0.744563835200514
white_input,3,RPFa2,0.7625657559215745,0.7207316170939271
white_input,3,RPFa3,0.7169429360294314,0.6778678279947298
white_input,3,RPFa4,0.5546463488751272,0.5311366531951386
white_input,3,RPFb1,0.6096717686876912,0.5755266965612095
white_input,3,RPFb2,0.609947249932842,0.5697261018515704
white_input,3,RPFb3,0.6668822227360588,0.6293305985946123
white_input,3,RPFc1,0.5453172431242936,0.3700350940534875
white_input,3,RPFc2,0.6073231185606046,0.47327719429068615
white_input,3,RPFc3,0.6547733633652966,0.5275844249874174
white_input,4,LAF1,1.0215879658562028,0.9805300066480374
white_input,4,LAF2,1.028015578025079,0.9872766038392741
white_input,4,LAF3,0.8205015077117593,0.7560962904036145
white_input,4,LAF4,0.6509251116406808,0.588820761052384
white_input,4,RA2,1.1319515637365956,0.9394452691397059
white_input,4,RA3,1.0695723430691197,0.8580682599183118
white_input,4,RAFa1,0.7655765704685571,0.6937314185383147
white_input,4,RAFa2,0.7054417427010549,0.6340207024770783
white_input,4,RAFa3,0.6618640742690446,0.6017032174380714
white_input,4,RAFa4,0.5992962143531535,0.5206711370790298
white_input,4,RAFb1,0.8053243929838633,0.7187625139769295
white_input,4,RAFb2,0.6804931882547494,0.588924590672932
white_input,4,RAFb3,0.6300790064716822,0.5301774234607786
white_input,4,RAFb4,0.604134063380125,0.46811907704225986
white_input,4,RAFc1,0.7577761029672229,0.6329724269824345
white_input,4,RAFc2,0.7586491897595394,0.6169002192142522
white_input,4,RAFc3,0.711097241848899,0.5612660283300098
white_input,4,RAFc4,0.5836540985790998,0.4700647780877495
white_input,4,RAFd1,0.7531258098884874,0.6389771098739604
white_input,4,RAFd2,0.7075206449526438,0.49838510039375694
white_input,4,RAFd3,0.5944153084410618,0.3573220552799303
white_input,4,RAFd4,0.5446078053916313,0.35432110096159886
white_input,4,RH1,1.0048135461268712,0.924426780446655
white_input,4,RH2,1.0713478862238388,0.9868078338714386
white_input,4,RH3,0.6053810311224087,0.5278831365450332
white_input,4,RH4,0.6499543049796074,0.5863509427382598
white_input,4,RPFa1,0.7893720537614463,0.7213720111577028
white_input,4,RPFa2,0.7592793471194413,0.70926669777935
white_input,4,RPFa3,0.7125414058349221,0.6662419662107943
white_input,4,RPFa4,0.5514827787249551,0.52801810946311
white_input,4,RPFb1,0.6545232652448522,0.6174617985331797
white_input,4,RPFb2,0.6525981331681423,0.6130098833851073
white_input,4,RPFb3,0.6644292627627972,0.6309632059115429
white_input,4,RPFc1,0.6540361688154547,0.4697013521367533
white_input,4,RPFc2,0.5576451237873433,0.45944809817010424
white_input,4,RPFc3,0.5093449315951348,0.4250405034986242
white_input,5,LAF1,1.0517488303940277,1.002417731783705
white_input,5,LAF2,1.0604376476275859,1.0122417933969223
white_input,5,LAF3,0.8159816871816751,0.7457993273851854
white_input,5,LAF4,0.599570624952218,0.5435444198474647
white_input,5,RA2,0.7935446357666396,0.6570141824352295
white_input,5,RA3,0.7649268112879253,0.6063025580621058
white_input,5,RAFa1,0.6866597880763492,0.6187990272935708
white_input,5,RAFa2,0.6118770031074996,0.5501401092343992
white_input,5,RAFa3,0.6106784418020287,0.5524697349105334
white_input,5,RAFa4,0.5572836261428572,0.47880370335965416
white_input,5,RAFb1,0.618887141308198,0.556912595751043
white_input,5,RAFb2,0.5758428362312169,0.5103410550472424
white_input,5,RAFb3,0.5499395795976658,0.47982414135743645
white_input,5,RAFb4,0.5244027633051198,0.4244428256338684
white_input,5,RAFc1,0.6677254087204888,0.5489350990409169
white_input,5,RAFc2,0.6763900372643198,0.5408848136982152
white_input,5,RAFc3,0.693443927959389,0.5387784288239444
white_input,5,RAFc4,0.6398034848309517,0.5001120270803904
white_input,5,RAFd1,0.688721689764706,0.5729668303243425
white_input,5,RAFd2,0.5976455182012921,0.39643082800684815
white_input,5,RAFd3,0.5254586273045416,0.3023516741964219
white_input,5,RAFd4,0.5476175784669961,0.3515392921920087
white_input,5,RH1,0.7923886905466847,0.7399336046064092
white_input,5,RH2,0.8110002970941612,0.7512301224354019
white_input,5,RH3,0.508848706792421,0.4533585306445353
white_input,5,RH4,0.5130103981263737,0.47106500700185444
white_input,5,RPFa1,0.7569520238715153,0.6927247033012915
white_input,5,RPFa2,0.8196579720499559,0.7669957261864165
white_input,5,RPFa3,0.813088656424859,0.763127461236895
white_input,5,RPFa4,0.5945261595281214,0.569961180575013
white_input,5,RPFb1,0.6233814647963754,0.5880009601865936
white_input,5,RPFb2,0.6004755820349946,0.5639661712087713
white_input,5,RPFb3,0.552659766824344,0.5275886810614798
white_input,5,RPFc1,0.6604375370717621,0.4662881116618231
white_input,5,RPFc2,0.5711242902729429,0.45816730245634657
white_input,5,RPFc3,0.513381007475925,0.4283990654867279
white_input,6,LAF1,1.4409225350437507,1.393537741832688
white_input,6,LAF2,1.4527005704978855,1.4066642239437321
white_input,6,LAF3,1.0158455797175452,0.9412556914667555
white_input,6,LAF4,0.6782425119950527,0.6150111180163889
white_input,6,RA2,0.8280051618565037,0.6751504563154397
white_input,6,RA3,0.7855276539535108,0.6152929152667925
white_input,6,RAFa1,0.7988113390559571,0.7121864554046772
white_input,6,RAFa2,0.8555574384449808,0.7720084878524331
white_input,6,RAFa3,0.8072764243301563,0.7316545900427144
white_input,6,RAFa4,0.7532839285622538,0.6488232792600371
white_input,6,RAFb1,0.9016605702608965,0.7979285186656665
white_input,6,RAFb2,0.7020028666941636,0.6014320760425831
white_input,6,RAFb3,0.5954177749450783,0.4933714705282343
white_input,6,RAFb4,0.5363406665448998,0.407901402252498
white_input,6,RAFc1,0.7486831781157788,0.6290639002557947
white_input,6,RAFc2,0.7523659870809849,0.6196886710470785
white_input,6,RAFc3,0.691397990900148,0.5536292028424248
white_input,6,RAFc4,0.597456870122523,0.4879758085553034
white_input,6,RAFd1,0.7959384835942772,0.6735278823877099
white_input,6,RAFd2,0.7223994507605566,0.4993727802563674
white_input,6,RAFd3,0.5798965193472227,0.3196232134870342
white_input,6,RAFd4,0.6364048368372673,0.4024545694571347
white_input,6,RH1,0.7934588654948878,0.7376738427516614
white_input,6,RH2,0.8325553441563531,0.7638013985200407
white_input,6,RH3,0.6077818332515476,0.5366552218506737
white_input,6,RH4,0.6046036582454124,0.5360698218393185
white_input,6,RPFa1,0.8345183115108905,0.759632330385395
white_input,6,RPFa2,0.8191703662633669,0.7632659258190223
white_input,6,RPFa3,0.7956931847404353,0.7469891060496451
white_input,6,RPFa4,0.606582198383218,0.583424507868332
white_input,6,RPFb1,0.6667545537259727,0.6338084009940191
white_input,6,RPFb2,0.6589354299050139,0.6231044606036937
white_input,6,RPFb3,0.6711878789445733,0.6345374270268627
white_input,6,RPFc1,0.6277592257349057,0.45424857273852814
white_input,6,RPFc2,0.545772584970216,0.45287342422783416
white_input,6,RPFc3,0.572283425292931,0.4673365692330272
white_input,7,LAF1,0.9877483570941223,0.953081900734331
white_input,7,LAF2,0.9942946417041711,0.958719670436938
white_input,7,LAF3,0.7750545535582871,0.7159113686113096
white_input,7,LAF4,0.6558447885989627,0.5936833674402147
white_input,7,RA2,0.7068647327977721,0.5263125485386382
white_input,7,RA3,0.6716737105810695,0.47399832627786176
white_input,7,RAFa1,0.5980831869733496,0.5278793202457858
white_input,7,RAFa2,0.6076812631225882,0.5498745998344136
white_input,7,RAFa3,0.6031207106999645,0.5494880317194298
white_input,7,RAFa4,0.5491059465594966,0.4769089414610079
white_input,7,RAFb1,0.6246405623358979,0.5633579452645533
white_input,7,RAFb2,0.6342124085204015,0.5637475900004223
white_input,7,RAFb3,0.627133786295063,0.5417835430631462
white_input,7,RAFb4,0.5940789270360388,0.4816668145753717
white_input,7,RAFc1,0.6648217454461627,0.5198608440127489
white_input,7,RAFc2,0.666850571061119,0.5059591724433496
white_input,7,RAFc3,0.5866607936655047,0.4433939982260796
white_input,7,RAFc4,0.48674112269159475,0.3831458617687987
white_input,7,RAFd1,0.6430979349185059,0.5275146405093808
white_input,7,RAFd2,0.6314176040599006,0.38638444735095917
white_input,7,RAFd3,0.4783219823694545,0.27542064799140814
white_input,7,RAFd4,0.4426084284560557,0.28651986346480995
white_input,7,RH1,0.6976617089360875,0.6492159671312404
white_input,7,RH2,0.7278841536986894,0.6674561096421529
white_input,7,RH3,0.6167921956257972,0.5421825861230674
white_input,7,RH4,0.5647535837809063,0.5030789057351461
white_input,7,RPFa1,0.649665847617705,0.6071994969471345
white_input,7,RPFa2,0.647705260843026,0.613163331310906
white_input,7,RPFa3,0.6306555925568711,0.5970508216459448
white_input,7,RPFa4,0.5664243268042359,0.5414689146378443
white_input,7,RPFb1,0.5568622816502741,0.5340103468905443
white_input,7,RPFb2,0.5497936180499932,0.525117746261988
white_input,7,RPFb3,0.5441578168336187,0.5170912078938336
white_input,7,RPFc1,0.526951759651046,0.3539179473703815
white_input,7,RPFc2,0.4401348333087582,0.36508726025266786
white_input,7,RPFc3,0.4696421414188939,0.3995900124186118
white_input,8,LAF1,1.0606571966991747,1.027779155661275
white_input,8,LAF2,1.0714578718988401,1.0384296721837913
white_input,8,LAF3,0.7491798777506289,0.6929253207416856
white_input,8,LAF4,0.5992165022316371,0.5362318389177142
white_input,8,RA2,0.8101486720607823,0.6511086325465886
white_input,8,RA3,0.7566488401897851,0.5857290640805215
white_input,8,RAFa1,0.7342549676939301,0.6488379296237458
white_input,8,RAFa2,0.662455551411073,0.5951690146387142
white_input,8,RAFa3,0.6317752872707366,0.5732357670805589
white_input,8,RAFa4,0.5673205220289811,0.4864898135395746
white_input,8,RAFb1,0.7446671133978925,0.6554834086636786
white_input,8,RAFb2,0.6155350832051499,0.5349401044864157
white_input,8,RAFb3,0.5571182888046448,0.47861439761102204
white_input,8,RAFb4,0.5069611195159393,0.40717786184665034
white_input,8,RAFc1,0.7302572211433277,0.6227305800596796
white_input,8,RAFc2,0.7304632559939186,0.5940971419633624
white_input,8,RAFc3,0.6512569074533808,0.5107694095651942
white_input,8,RAFc4,0.5143772016516681,0.4244536470353796
white_input,8,RAFd1,0.7393777462191258,0.637729129901878
white_input,8,RAFd2,0.7087085830672762,0.492294791459907
white_input,8,RAFd3,0.4329941637823169,0.24060135487189835
white_input,8,RAFd4,0.4474555163621243,0.2811989665394121
white_input,8,RH1,0.7924052119540829,0.7394157674229829
white_input,8,RH2,0.8149720981917644,0.7501777337795147
white_input,8,RH3,0.5609603481392181,0.5003185942039166
white_input,8,RH4,0.6083295506425157,0.5456480096897653
white_input,8,RPFa1,0.7182647527765226,0.6708680724238973
white_input,8,RPFa2,0.6994773207381646,0.6674859159501094
white_input,8,RPFa3,0.7036586253960982,0.6717297747295773
white_input,8,RPFa4,0.5707087475350823,0.5487674426459107
white_input,8,RPFb1,0.6392690238818701,0.612248330787105
white_input,8,RPFb2,0.6255174521455463,0.5962488916462256
white_input,8,RPFb3,0.604955544505791,0.573417829763758
white_input,8,RPFc1,0.5710820103891058,0.40726966309417534
white_input,8,RPFc2,0.4889992896686932,0.4138921808007171
white_input,8,RPFc3,0.6024912268113857,0.5040540901238585
white_input,9,LAF1,0.9224440640019402,0.8867265489123828
white_input,9,LAF2,0.9252222547952126,0.8908614545592187
white_input,9,LAF3,0.7132708510371866,0.6717598905021402
white_input,9,LAF4,0.5808316751313827,0.5248523857716929
white_input,9,RA2,0.7090679281265349,0.5592770219636809
white_input,9,RA3,0.6867848366125954,0.5176382139626803
white_input,9,RAFa1,0.6774024000997657,0.605025296181032
white_input,9,RAFa2,0.7129402201158214,0.6424811729999309
white_input,9,RAFa3,0.6881973660558908,0.623995924255883
white_input,9,RAFa4,0.6232350887668765,0.5359538699545275
white_input,9,RAFb1,0.7268753127424935,0.6405005697509913
white_input,9,RAFb2,0.6817882253409548,0.5887350816103969
white_input,9,RAFb3,0.6496521083639638,0.5400016019901772
white_input,9,RAFb4,0.6121342213789726,0.4702025213604354
white_input,9,RAFc1,0.6513882476212863,0.5343579703839334
white_input,9,RAFc2,0.6445095859808452,0.5139508998352869
white_input,9,RAFc3,0.6140733279317971,0.47445171926331725
white_input,9,RAFc4,0.5633578458533369,0.4476438538835999
white_input,9,RAFd1,0.6713837469715213,0.5562961665179672
white_input,9,RAFd2,0.603564459534141,0.39919047779683603
white_input,9,RAFd3,0.451160066065971,0.2479507015928603
white_input,9,RAFd4,0.47740807165499805,0.28848200004705676
white_input,9,RH1,0.7696252965188721,0.7130563516478327
white_input,9,RH2,0.767434151744925,0.7034772843205579
white_input,9,RH3,0.5307210220813489,0.47567320708390515
white_input,9,RH4,0.5472734611365192,0.4990119998859409
white_input,9,RPFa1,0.797936321060677,0.7280251831097131
white_input,9,RPFa2,0.8073505998127687,0.7557175051661719
white_input,9,RPFa3,0.7675518476601437,0.7253814378409109
white_input,9,RPFa4,0.5647132227829769,0.5433920952027186
white_input,9,RPFb1,0.6392420377501348,0.605974126338573
white_input,9,RPFb2,0.6194465236492797,0.5841576877866155
white_input,9,RPFb3,0.590455687001729,0.5589897637854075
white_input,9,RPFc1,0.5904573778857392,0.412541016365812
white_input,9,RPFc2,0.5287714449166778,0.4250802445271917
white_input,9,RPFc3,0.49451936547284553,0.40997759489341945
white_input,10,LAF1,0.8750966155737532,0.83749834192987
white_input,10,LAF2,0.8721159556836391,0.8361229624698728
white_input,10,LAF3,0.6862816182916849,0.6356277160575785
white_input,10,LAF4,0.5913081031098885,0.5328714627179834
white_input,10,RA2,0.7128424395821935,0.5635533949602047
white_input,10,RA3,0.6783190692022124,0.5139941860641329
white_input,10,RAFa1,0.695733659171508,0.6275988708489587
white_input,10,RAFa2,0.5872212750171658,0.5347594461573119
white_input,10,RAFa3,0.5680278682951463,0.5212792521919121
white_input,10,RAFa4,0.5130705162835947,0.4466378753602299
white_input,10,RAFb1,0.6127561520404493,0.5496623971449203
white_input,10,RAFb2,0.5290960214242824,0.4590810269999876
white_input,10,RAFb3,0.5145332457684252,0.4307336519582936
white_input,10,RAFb4,0.49602568858273627,0.3727502512323175
white_input,10,RAFc1,0.7032094142082728,0.5958300843842772
white_input,10,RAFc2,0.7099427341902069,0.5873582179899679
white_input,10,RAFc3,0.6689544460985376,0.5382002367666042
white_input,10,RAFc4,0.56317928142546,0.4623280192450262
white_input,10,RAFd1,0.7235619402420347,0.6100546346009268
white_input,10,RAFd2,0.636856204413897,0.4434750992724493
white_input,10,RAFd3,0.38628776760128225,0.20344621255683112
white_input,10,RAFd4,0.42880073948044034,0.2617979240858221
white_input,10,RH1,0.7318572101104551,0.6827990328102272
white_input,10,RH2,0.7251650628398746,0.6702884473100249
white_input,10,RH3,0.5371575085722688,0.4771567480232469
white_input,10,RH4,0.47444261710167074,0.4329604199558537
white_input,10,RPFa1,0.6506780968593103,0.6022116828290751
white_input,10,RPFa2,0.6673759145859569,0.6271158816814822
white_input,10,RPFa3,0.6691781731339438,0.6296608218652705
white_input,10,RPFa4,0.5473896838945463,0.527009643836061
white_input,10,RPFb1,0.5901715595901357,0.5557275287400141
white_input,10,RPFb2,0.5738913686926045,0.5396324442996121
white_input,10,RPFb3,0.5235695409967999,0.49781035645326643
white_input,10,RPFc1,0.5866891035506254,0.4292117210052098
white_input,10,RPFc2,0.4803629486361185,0.39687744823614735
white_input,10,RPFc3,0.5346016696289386,0.4375269998649917
white_input,11,LAF1,1.149101224540234,1.108569696242804
white_input,11,LAF2,1.1463332792596255,1.107614127343439
white_input,11,LAF3,1.0063631069958394,0.9333214316621913
white_input,11,LAF4,0.6898193753032947,0.6207408503517248
white_input,11,RA2,0.9558061424083822,0.7424870563428556
white_input,11,RA3,0.9036419630197954,0.6810756795090525
white_input,11,RAFa1,0.8262099598196586,0.7400972729407179
white_input,11,RAFa2,0.8356216591692641,0.7558965679525746
white_input,11,RAFa3,0.7985257379817928,0.7301893021457666
white_input,11,RAFa4,0.7277098081204842,0.6370590029232365
white_input,11,RAFb1,0.8486093405859122,0.7480995393960926
white_input,11,RAFb2,0.764556840338351,0.6521161967195674
white_input,11,RAFb3,0.68852208059807,0.5676385007719955
white_input,11,RAFb4,0.6310052180803527,0.48285372467952475
white_input,11,RAFc1,0.6846379482577838,0.5707341574982714
white_input,11,RAFc2,0.687781147493237,0.5596665865871008
white_input,11,RAFc3,0.6921943896383476,0.5484211744036048
white_input,11,RAFc4,0.6535271709187721,0.5274574945174038
white_input,11,RAFd1,0.7048301438936677,0.5989749253347678
white_input,11,RAFd2,0.6340502485652044,0.42455625360841664
white_input,11,RAFd3,0.5376081266779029,0.3083002248125174
white_input,11,RAFd4,0.5550322672496728,0.3523527185012358
white_input,11,RH1,0.8385002262614363,0.7775544427168642
white_input,11,RH2,0.9012194165583849,0.8208564089525409
white_input,11,RH3,0.7095685927579262,0.6230244357034608
white_input,11,RH4,0.7313643940243109,0.654428559855643
white_input,11,RPFa1,0.9001935913814942,0.824714325404424
white_input,11,RPFa2,0.8877322680537858,0.8325640761978348
white_input,11,RPFa3,0.8458905273493116,0.796173457200194
white_input,11,RPFa4,0.6071889158338037,0.5760241855637912
white_input,11,RPFb1,0.6831449863458164,0.6463071793995501
white_input,11,RPFb2,0.6738374372571594,0.6313257509450104
white_input,11,RPFb3,0.6401147595151931,0.6012123172602158
white_input,11,RPFc1,0.6662211148711007,0.48663119335458266
white_input,11,RPFc2,0.5636665936083217,0.453896722205033
white_input,11,RPFc3,0.5777447987783937,0.4946541224412934
white_input,12,LAF1,1.1974527312820753,1.161404650465956
white_input,12,LAF2,1.20147872833235,1.165908993560285
white_input,12,LAF3,0.8908238142462984,0.8306471820297674
white_input,12,LAF4,0.6580873208056731,0.5908757342276049
white_input,12,RA2,1.1956549272609855,0.9816257226457429
white_input,12,RA3,1.13466754957418,0.9061713858288344
white_input,12,RAFa1,0.8956496396627053,0.7901171949927187
white_input,12,RAFa2,0.8047675176478151,0.7289350854039995
white_input,12,RAFa3,0.7446586570596434,0.6800601817533408
white_input,12,RAFa4,0.6893126840453487,0.6007514215835048
white_input,12,RAFb1,0.9069841860441294,0.8064463027694057
white_input,12,RAFb2,0.7228357849455873,0.63446146153169
white_input,12,RAFb3,0.6510214648575398,0.5557732200519575
white_input,12,RAFb4,0.6146412400092254,0.48475534020766603
white_input,12,RAFc1,0.7747175190147071,0.6288201996330678
white_input,12,RAFc2,0.797143843376415,0.6201746765204421
white_input,12,RAFc3,0.7498464368264681,0.5770194574834348
white_input,12,RAFc4,0.6547251667806712,0.5186549999399558
white_input,12,RAFd1,0.7885427425308745,0.6631897633211238
white_input,12,RAFd2,0.7879552648685431,0.5000028265701277
white_input,12,RAFd3,0.5407338880119785,0.3251082418276514
white_input,12,RAFd4,0.5694132465202006,0.37649561734852016
white_input,12,RH1,0.9784189975446399,0.918263652582438
white_input,12,RH2,1.0447013185583527,0.9740452520318168
white_input,12,RH3,0.7085236903835431,0.6349181187743049
white_input,12,RH4,0.7966595955832999,0.72156624314926
white_input,12,RPFa1,0.8131195870976756,0.7583300596414134
white_input,12,RPFa2,0.7989872358799388,0.7567671436891164
white_input,12,RPFa3,0.7728977638797261,0.7331585340875711
white_input,12,RPFa4,0.5813142300174549,0.5571369268637266
white_input,12,RPFb1,0.6667035460133223,0.6344663404946363
white_input,12,RPFb2,0.6675701543183324,0.6300259351010633
white_input,12,RPFb3,0.7008965441547649,0.6605121613827698
white_input,12,RPFc1,0.6777283250738916,0.4790955592880776
white_input,12,RPFc2,0.5912157741994525,0.47804153932156174
white_input,12,RPFc3,0.5354247182877502,0.4541462494554026
white_input,13,LAF1,0.9781138597141158,0.9391729410900131
white_input,13,LAF2,0.9832355914231198,0.9459365871524229
white_input,13,LAF3,0.822094966158998,0.7581046730412305
white_input,13,LAF4,0.5613978944653241,0.5073705569951038
white_input,13,RA2,0.9125380874279662,0.7224944177165223
white_input,13,RA3,0.8510650466363666,0.651987547147268
white_input,13,RAFa1,0.712890924090662,0.6248065886751696
white_input,13,RAFa2,0.6604787243794257,0.5961585479273491
white_input,13,RAFa3,0.634112232035036,0.5762929389567176
white_input,13,RAFa4,0.5898063630304575,0.5041303284731806
white_input,13,RAFb1,0.7316659895420947,0.6459444914482914
white_input,13,RAFb2,0.5983636823676586,0.529798696233608
white_input,13,RAFb3,0.5081739709356067,0.4460355283156434
white_input,13,RAFb4,0.4402915710290639,0.35644759129136455
white_input,13,RAFc1,0.6704608874921129,0.5477108684000623
white_input,13,RAFc2,0.6723173859931345,0.5306864232409052
white_input,13,RAFc3,0.6391531504991863,0.48870847987495564
white_input,13,RAFc4,0.5503253110121297,0.4312793052497993
white_input,13,RAFd1,0.6835330059700184,0.5659521162863519
white_input,13,RAFd2,0.6411603059763995,0.4173800654857888
white_input,13,RAFd3,0.4028804610232142,0.23012122508782928
white_input,13,RAFd4,0.4727920514055576,0.3055522418858129
white_input,13,RH1,0.9385947111668207,0.8727856253578751
white_input,13,RH2,0.9424327130493423,0.863313970718008
white_input,13,RH3,0.4816143578848768,0.423202244360653
white_input,13,RH4,0.5285068199760198,0.4792638155838034
white_input,13,RPFa1,0.7671169595758295,0.7049284244770847
white_input,13,RPFa2,0.783698154918885,0.7343786390489663
white_input,13,RPFa3,0.7455748465603583,0.6993159288300299
white_input,13,RPFa4,0.5787169277847232,0.5518523616305488
white_input,13,RPFb1,0.722515201226428,0.6807624270167889
white_input,13,RPFb2,0.6995075648719679,0.655242447316348
white_input,13,RPFb3,0.6468946571608675,0.6092130875823367
white_input,13,RPFc1,0.5811399889375655,0.39475601701137275
white_input,13,RPFc2,0.5005124835058548,0.40309155374711636
white_input,13,RPFc3,0.5856756408865074,0.4918541563049005
white_input,14,LAF1,1.0690669563439632,1.0239908204231092
white_input,14,LAF2,1.0813615952724605,1.0365777366653899
white_input,14,LAF3,0.7259929757271539,0.6744009368208792
white_input,14,LAF4,0.6786781328080629,0.6094624448246689
white_input,14,RA2,1.063942937631526,0.8489091163314919
white_input,14,RA3,1.0719257970384999,0.8366089935678581
white_input,14,RAFa1,0.8325880294862851,0.7283695054057583
white_input,14,RAFa2,0.8114004028270261,0.7259138326475546
white_input,14,RAFa3,0.7681010510549683,0.6960548484627059
white_input,14,RAFa4,0.7149372008986673,0.6215150162309395
white_input,14,RAFb1,0.838532071183056,0.7414670598587048
white_input,14,RAFb2,0.6307054077405632,0.5623282273573484
white_input,14,RAFb3,0.5603435141108517,0.4916997508321659
white_input,14,RAFb4,0.527170022697579,0.42914703625419076
white_input,14,RAFc1,0.8274498985699137,0.6726741794484855
white_input,14,RAFc2,0.8394640440669904,0.6687219109999325
white_input,14,RAFc3,0.7774809876558478,0.6135655908167813
white_input,14,RAFc4,0.6464327478769233,0.5221633172566666
white_input,14,RAFd1,0.8404854205052122,0.6969043427584835
white_input,14,RAFd2,0.8273969248219674,0.5452029709229225
white_input,14,RAFd3,0.6218044120380355,0.3992232603061239
white_input,14,RAFd4,0.6515051733822209,0.445820757683168
white_input,14,RH1,0.7985630370136286,0.7408713035132642
white_input,14,RH2,0.8515873302421659,0.7910170497505743
white_input,14,RH3,0.6710012905911665,0.5831049979904854
white_input,14,RH4,0.8003925998004997,0.7109209026476971
white_input,14,RPFa1,0.7977465898473705,0.7384006545260967
white_input,14,RPFa2,0.7605446618205601,0.7178994669641459
white_input,14,RPFa3,0.7264128076200104,0.6844782288793353
white_input,14,RPFa4,0.5855005842894271,0.5596968789678493
white_input,14,RPFb1,0.7128936268416713,0.6810096077168994
white_input,14,RPFb2,0.7155932430897288,0.6777265601166934
white_input,14,RPFb3,0.7007650470975493,0.6642070679140211
white_input,14,RPFc1,0.7007304147833248,0.5107487571938273
white_input,14,RPFc2,0.5411101296629246,0.4352520830936233
white_input,14,RPFc3,0.6324307757765939,0.5220448621947782
white_input,15,LAF1,1.0408932083908324,1.0108458167195662
white_input,15,LAF2,1.045074950939407,1.0162709553846323
white_input,15,LAF3,0.8648295381684555,0.7993575759767214
white_input,15,LAF4,0.5874655183657541,0.5372958636694505
white_input,15,RA2,0.9727382620136065,0.7958659111909833
white_input,15,RA3,0.9546651627318969,0.7506990273511251
white_input,15,RAFa1,0.6975586032330263,0.6306300394268346
white_input,15,RAFa2,0.6755645247076429,0.6186760388774195
white_input,15,RAFa3,0.6426289414469675,0.5875542539110372
white_input,15,RAFa4,0.5882046419005627,0.5078656165902276
white_input,15,RAFb1,0.75555675517316,0.6734954921671111
white_input,15,RAFb2,0.656889169851194,0.5695647949794761
white_input,15,RAFb3,0.627959797673831,0.5297891732929679
white_input,15,RAFb4,0.6005311960683251,0.47651058825894904
white_input,15,RAFc1,0.6511753669881648,0.5466408860289323
white_input,15,RAFc2,0.6308043058446096,0.5209852342472671
white_input,15,RAFc3,0.5818082290275162,0.4671499317908715
white_input,15,RAFc4,0.5315545006592358,0.43140074983054383
white_input,15,RAFd1,0.6957987396260765,0.5943774348408397
white_input,15,RAFd2,0.6126369391295083,0.42113265360539653
white_input,15,RAFd3,0.6492639234047349,0.3858904630766328
white_input,15,RAFd4,0.6825674788992041,0.4524643826448081
white_input,15,RH1,0.7603053128613324,0.7104793042246466
white_input,15,RH2,0.8468962262765068,0.7764840514594782
white_input,15,RH3,0.5754564527179872,0.52015325623134
white_input,15,RH4,0.6420198352018393,0.5845910873101284
white_input,15,RPFa1,0.7730957792017638,0.7167575852206983
white_input,15,RPFa2,0.7526758710715448,0.7114180927889259
white_input,15,RPFa3,0.7328718174175075,0.6954008869164957
white_input,15,RPFa4,0.5934209517951252,0.5735011812344183
white_input,15,RPFb1,0.6472082526761536,0.6145449181630679
white_input,15,RPFb2,0.642313554337051,0.6058031661783161
white_input,15,RPFb3,0.6393837768653969,0.604506872552002
white_input,15,RPFc1,0.5266170185064479,0.37207447766225155
white_input,15,RPFc2,0.5270770478393827,0.43827171260722775
white_input,15,RPFc3,0.6243091416454343,0.5218394343844637
white_input,16,LAF1,1.2155009190578685,1.1842553608035866
white_input,16,LAF2,1.2177538296506114,1.184853738958992
white_input,16,LAF3,0.9764067243492063,0.9098235941178977
white_input,16,LAF4,0.551044389735994,0.4923743659622068
white_input,16,RA2,0.6614241406088633,0.5022721668796729
white_input,16,RA3,0.635546932876177,0.47588702461302873
white_input,16,RAFa1,0.7047150267312489,0.6296920216006507
white_input,16,RAFa2,0.721533608840618,0.6538806863493404
white_input,16,RAFa3,0.6841175088599847,0.6190475670788228
white_input,16,RAFa4,0.6419839997544378,0.5408656959364609
white_input,16,RAFb1,0.7219279122925698,0.6495568799099034
white_input,16,RAFb2,0.6028075431012602,0.5296199269559124
white_input,16,RAFb3,0.5457922475946918,0.45826744770869493
white_input,16,RAFb4,0.5084847034490186,0.3857684458996559
white_input,16,RAFc1,0.5454464645303941,0.4511153229648386
white_input,16,RAFc2,0.5502327864576367,0.43249464298727625
white_input,16,RAFc3,0.5207769536043018,0.3957681517726502
white_input,16,RAFc4,0.4867097011610359,0.3783776765167363
white_input,16,RAFd1,0.5603544600618455,0.47286196449618595
white_input,16,RAFd2,0.5049089438841211,0.307968953430139
white_input,16,RAFd3,0.5850923634917562,0.3670136825270874
white_input,16,RAFd4,0.5696895665727287,0.37254328093535566
white_input,16,RH1,0.600627422764707,0.5610921214794825
white_input,16,RH2,0.5907712160704306,0.5518226944471495
white_input,16,RH3,0.5818008240155129,0.5080462084483559
white_input,16,RH4,0.5676629985934452,0.5128412060753387
white_input,16,RPFa1,0.6540206021516312,0.6050619229022027
white_input,16,RPFa2,0.6396001865810165,0.6022863536376841
white_input,16,RPFa3,0.6363061140538712,0.5978791092447393
white_input,16,RPFa4,0.5498985466261871,0.5241860357633106
white_input,16,RPFb1,0.5550105145347543,0.5314656715630601
white_input,16,RPFb2,0.5467707073251901,0.5227008499993638
white_input,16,RPFb3,0.5727502420751029,0.539912303789953
white_input,16,RPFc1,0.48025597055204133,0.31733283643141713
white_input,16,RPFc2,0.4420823101851489,0.3579373540064203
white_input,16,RPFc3,0.4209789507433948,0.34480591183396364
white_input,17,LAF1,0.8725752861362459,0.840931280767662
white_input,17,LAF2,0.8703971341546215,0.8393066505570006
white_input,17,LAF3,0.7078349997912358,0.6578185607872776
white_input,17,LAF4,0.534217332239623,0.4737861477801531
white_input,17,RA2,0.9269084225341168,0.7461975834377267
white_input,17,RA3,0.9137902180519755,0.7148687271405348
white_input,17,RAFa1,0.7127167468090372,0.6261498788689756
white_input,17,RAFa2,0.6639336775458379,0.5878870559291275
white_input,17,RAFa3,0.6173400897777583,0.5480652854879963
white_input,17,RAFa4,0.5743986162338631,0.47467822975153123
white_input,17,RAFb1,0.7154306841653482,0.6303353268548796
white_input,17,RAFb2,0.571468278569938,0.5082358379919008
white_input,17,RAFb3,0.5154303135844694,0.4478733065293077
white_input,17,RAFb4,0.4772664241639926,0.38356647892054213
white_input,17,RAFc1,0.7173084575189955,0.570913080167425
white_input,17,RAFc2,0.7328395688418087,0.5613186638481698
white_input,17,RAFc3,0.653971603268462,0.49419983040835
white_input,17,RAFc4,0.580602191637306,0.44529329477341056
white_input,17,RAFd1,0.7324674074044626,0.6008180639495083
white_input,17,RAFd2,0.7084246995163662,0.4449644043485976
white_input,17,RAFd3,0.480545899420604,0.2625439322653131
white_input,17,RAFd4,0.571991624908375,0.3630287929141777
white_input,17,RH1,0.7393986605215404,0.6795378273508608
white_input,17,RH2,0.8124526018685184,0.7375657809944068
white_input,17,RH3,0.5117180913486066,0.4510234805071022
white_input,17,RH4,0.5384142397499483,0.48271920824534975
white_input,17,RPFa1,0.6703181389498136,0.6157019380874368
white_input,17,RPFa2,0.6684347615660808,0.6271191266139214
white_input,17,RPFa3,0.6528042295647486,0.6140552414294155
white_input,17,RPFa4,0.536222764839146,0.5147297385942352
white_input,17,RPFb1,0.6225497183116155,0.5905399569752176
white_input,17,RPFb2,0.607510385379607,0.572983857860467
white_input,17,RPFb3,0.5568137482706854,0.5250349346455944
white_input,17,RPFc1,0.6089608678633026,0.4089858594834398
white_input,17,RPFc2,0.5164423655066903,0.4103539639198382
white_input,17,RPFc3,0.5578432811897351,0.46766825224512204
white_input,18,LAF1,1.6224398907260045,1.574285089177547
white_input,18,LAF2,1.6379446186369657,1.5903246803818127
white_input,18,LAF3,1.1249371140376014,1.0588894641347153
white_input,18,LAF4,0.6413365896443671,0.5708481780224333
white_input,18,RA2,0.9046211961438657,0.7284983645502282
white_input,18,RA3,0.8236280114758533,0.6197784991046725
white_input,18,RAFa1,0.745882758142264,0.663306780868087
white_input,18,RAFa2,0.7554031217814763,0.6771695674395929
white_input,18,RAFa3,0.7475408455298871,0.6719660764311065
white_input,18,RAFa4,0.7021599263010025,0.5974264982112096
white_input,18,RAFb1,0.714251343555164,0.6361189100210718
white_input,18,RAFb2,0.5726876749573376,0.5129037774379319
white_input,18,RAFb3,0.5655210774456242,0.49418424325082255
white_input,18,RAFb4,0.5467338999240878,0.44825715614675166
white_input,18,RAFc1,0.6930735192211176,0.5802326062037889
white_input,18,RAFc2,0.700460136688659,0.5643833240813202
white_input,18,RAFc3,0.6452994544721045,0.5172932651568368
white_input,18,RAFc4,0.5784594155958867,0.46475450553159864
white_input,18,RAFd1,0.7062397413058435,0.604132885954831
white_input,18,RAFd2,0.6722531117494293,0.4388069462692101
white_input,18,RAFd3,0.6081279580418035,0.4092345558696248
white_input,18,RAFd4,0.58116775592328,0.4171674009692162
white_input,18,RH1,0.8149094739479656,0.7610942822023803
white_input,18,RH2,0.879262879796641,0.8120987805676823
white_input,18,RH3,0.601229854712397,0.521836365363364
white_input,18,RH4,0.6137808473408246,0.5519723058688479
white_input,18,RPFa1,0.7010865759673957,0.6499885421106316
white_input,18,RPFa2,0.7351448880606591,0.6920370249291581
white_input,18,RPFa3,0.7614210845548552,0.7160359288299226
white_input,18,RPFa4,0.6216154103533978,0.5929289967745781
white_input,18,RPFb1,0.6150269064046372,0.5867735515315177
white_input,18,RPFb2,0.6130780670515463,0.5826491423746989
white_input,18,RPFb3,0.6188703053851611,0.586948868283116
white_input,18,RPFc1,0.5880311998417679,0.4323535290045237
white_input,18,RPFc2,0.5348930867522298,0.43724157335990577
white_input,18,RPFc3,0.5502679506889975,0.4524658390796417
white_input,19,LAF1,1.3779844337428302,1.3351430804053543
white_input,19,LAF2,1.3844958087572183,1.342351331772524
white_input,19,LAF3,1.0008967367758543,0.9241556026814595
white_input,19,LAF4,0.6795987878874667,0.6162002930287673
white_input,19,RA2,0.8345809310741988,0.6612313662339611
white_input,19,RA3,0.839008308223662,0.6589314805765948
white_input,19,RAFa1,0.8181685500948279,0.733771899534926
white_input,19,RAFa2,0.9532462509236543,0.869752015077164
white_input,19,RAFa3,0.9148694621530169,0.832293774841698
white_input,19,RAFa4,0.8529330815225088,0.7326453184393253
white_input,19,RAFb1,0.8975565891089355,0.7992553631287623
white_input,19,RAFb2,0.7333670886960264,0.6344760317990833
white_input,19,RAFb3,0.6292344061240394,0.5195765056993286
white_input,19,RAFb4,0.548759748922507,0.4191029722509533
white_input,19,RAFc1,0.618221001366066,0.5120298841526921
white_input,19,RAFc2,0.6145635135783372,0.4908572170420348
white_input,19,RAFc3,0.5826724764031066,0.46081140494638356
white_input,19,RAFc4,0.5931303702472841,0.4935677714738952
white_input,19,RAFd1,0.6600168716459501,0.5590115477661495
white_input,19,RAFd2,0.604993605291964,0.4054883045585872
white_input,19,RAFd3,0.7296764397547019,0.46991781794767945
white_input,19,RAFd4,0.7379872539235073,0.5033218658958699
white_input,19,RH1,0.7043000994006221,0.6565718663484601
white_input,19,RH2,0.7137384406163106,0.6558428534409924
white_input,19,RH3,0.6630607318322758,0.5958538169639787
white_input,19,RH4,0.7205634554928486,0.6526179646088708
white_input,19,RPFa1,0.9187210156080364,0.8506077481135738
white_input,19,RPFa2,0.8568942674225314,0.8039867566676899
white_input,19,RPFa3,0.7816975744059406,0.7342473664146593
white_input,19,RPFa4,0.5616220144135468,0.5415623495199008
white_input,19,RPFb1,0.6393064076185205,0.6111194366512921
white_input,19,RPFb2,0.6361724785864532,0.6052882586914843
white_input,19,RPFb3,0.7378030710153143,0.6934428732291529
white_input,19,RPFc1,0.5439296118306732,0.39419202101537604
white_input,19,RPFc2,0.6098514354148692,0.5147335582528011
white_input,19,RPFc3,0.7669024966561404,0.6507352183531713
white_input,20,LAF1,1.0474863326404311,1.0111808221650602
white_input,20,LAF2,1.0601921952627968,1.0240246313842822
white_input,20,LAF3,0.7864282609894748,0.7330087825348085
white_input,20,LAF4,0.7217321173643031,0.6469646220469327
white_input,20,RA2,1.2846139299783892,1.0525235821956875
white_input,20,RA3,1.2196546267404116,0.9722068288844842
white_input,20,RAFa1,0.8480155698964318,0.7542282343354674
white_input,20,RAFa2,0.7599624477532452,0.69300117334507
white_input,20,RAFa3,0.7097683578864461,0.6501983107042275
white_input,20,RAFa4,0.6564640139958247,0.5700485128766817
white_input,20,RAFb1,0.8707556124094653,0.777478524110063
white_input,20,RAFb2,0.7100818425006852,0.619419067174272
white_input,20,RAFb3,0.6413815595801184,0.5429941531940781
white_input,20,RAFb4,0.5996506287321866,0.47498723075362054
white_input,20,RAFc1,0.7543157351213668,0.6403549262923941
white_input,20,RAFc2,0.7539884345519704,0.6263910181109797
white_input,20,RAFc3,0.7064470757326091,0.5680467567086397
white_input,20,RAFc4,0.6023871422789613,0.48634000447676434
white_input,20,RAFd1,0.759867901569125,0.656519449819588
white_input,20,RAFd2,0.7152474611557141,0.5024829347000141
white_input,20,RAFd3,0.6172196525677434,0.38796233677241326
white_input,20,RAFd4,0.6036454708625844,0.4024411355564768
white_input,20,RH1,1.0432434806310051,0.9813778268255382
white_input,20,RH2,1.1351707225507341,1.0566377420532946
white_input,20,RH3,0.6396491295422072,0.5762782329156484
white_input,20,RH4,0.7405319007619298,0.6745387960767537
white_input,20,RPFa1,0.8264823820891856,0.7664542468393677
white_input,20,RPFa2,0.7756867603807959,0.7333980229951745
white_input,20,RPFa3,0.7188731893404192,0.6828196592049661
white_input,20,RPFa4,0.6013696057711347,0.5807667297211009
white_input,20,RPFb1,0.6789281996526528,0.6454551294827904
white_input,20,RPFb2,0.6788328562361517,0.6403676472790579
white_input,20,RPFb3,0.6982908854891238,0.654875650326025
white_input,20,RPFc1,0.6574266441696028,0.47631706443587946
white_input,20,RPFc2,0.5791119519103047,0.46873828873096085
white_input,20,RPFc3,0.5739192976393686,0.4859950761688421
white_input,21,LAF1,1.0111221695501398,0.9845628734935953
white_input,21,LAF2,1.0262905045584791,0.9986196443268477
white_input,21,LAF3,0.7576036344796185,0.7096571797396992
white_input,21,LAF4,0.6889958405668779,0.6161183027274022
white_input,21,RA2,0.9507705992288571,0.7483516001635606
white_input,21,RA3,0.9063321190265304,0.700616661439483
white_input,21,RAFa1,0.7838265839102923,0.6941067425459602
white_input,21,RAFa2,0.6892540791142047,0.6273744776302334
white_input,21,RAFa3,0.6659420527540736,0.6095043758581473
white_input,21,RAFa4,0.6107973212045605,0.5255390970542052
white_input,21,RAFb1,0.7184181607858905,0.6339369143505971
white_input,21,RAFb2,0.6579729816201391,0.5657407944565395
white_input,21,RAFb3,0.6334156510102358,0.5247207084602177
white_input,21,RAFb4,0.6097703813549469,0.4629500303825793
white_input,21,RAFc1,0.6392092377654699,0.522876730126208
white_input,21,RAFc2,0.6626597122154441,0.5213372844203749
white_input,21,RAFc3,0.7012151598543553,0.5463004146067639
white_input,21,RAFc4,0.6710325561685573,0.5444876197769012
white_input,21,RAFd1,0.6466854658837785,0.5473349875314555
white_input,21,RAFd2,0.5885805518033422,0.3697856066889165
white_input,21,RAFd3,0.6117724232713192,0.3765655871765476
white_input,21,RAFd4,0.6243105547128014,0.41674755585305434
white_input,21,RH1,0.7963349262174865,0.736434434446584
white_input,21,RH2,0.8322951794398978,0.76445942482277
white_input,21,RH3,0.6103230316874013,0.5378961152896694
white_input,21,RH4,0.6607311776509035,0.590717111281446
white_input,21,RPFa1,0.7907518657982616,0.7316730453423116
white_input,21,RPFa2,0.8237374535707656,0.7794274242820834
white_input,21,RPFa3,0.8102586301456349,0.7682416852593306
white_input,21,RPFa4,0.5868197957375958,0.5602201342874
white_input,21,RPFb1,0.5969340682199052,0.5696051682118163
white_input,21,RPFb2,0.5791588925600207,0.5479581143989948
white_input,21,RPFb3,0.57943362768419,0.5468165038159282
white_input,21,RPFc1,0.6819437474407457,0.4930863819471517
white_input,21,RPFc2,0.6064866225980341,0.4937852093734781
white_input,21,RPFc3,0.5835242125116024,0.488360342287613
white_input,22,LAF1,1.270371016194885,1.233549485781067
white_input,22,LAF2,1.2889329741856947,1.252216801564394
white_input,22,LAF3,0.8720728489301083,0.81739808025489
white_input,22,LAF4,0.7012632301373886,0.6218460582472233
white_input,22,RA2,0.8661131364993002,0.682821314112328
white_input,22,RA3,0.8156327471247097,0.6274034858670797
white_input,22,RAFa1,0.7600798569979309,0.6801252960952509
white_input,22,RAFa2,0.7642525138259408,0.6907769060966896
white_input,22,RAFa3,0.7189674705451912,0.6514693510406914
white_input,22,RAFa4,0.688191007238594,0.5848283512831844
white_input,22,RAFb1,0.8325919172444131,0.7491738650116503
white_input,22,RAFb2,0.6459343481788076,0.5716095539273939
white_input,22,RAFb3,0.553692577901117,0.47496734603182017
white_input,22,RAFb4,0.49860814574674117,0.39405356380188933
white_input,22,RAFc1,0.7787996038527845,0.6369933215000296
white_input,22,RAFc2,0.8038818122531814,0.6320409377919218
white_input,22,RAFc3,0.7377953071228016,0.5694222947438475
white_input,22,RAFc4,0.6296899468162052,0.4911023486267058
white_input,22,RAFd1,0.8112937382854616,0.6845150568732196
white_input,22,RAFd2,0.7830135131110549,0.5199943235555828
white_input,22,RAFd3,0.49653002558697296,0.2872474138300844
white_input,22,RAFd4,0.567571987077806,0.36274904792596213
white_input,22,RH1,0.7487880403654145,0.6945092453573395
white_input,22,RH2,0.7954346089431917,0.7335965331639099
white_input,22,RH3,0.5948273239615762,0.5316863809232095
white_input,22,RH4,0.6120426459239473,0.5482545069054315
white_input,22,RPFa1,0.7356452045411046,0.6880495474431746
white_input,22,RPFa2,0.7281895041797254,0.6897708851764862
white_input,22,RPFa3,0.710436847039413,0.6694926955505554
white_input,22,RPFa4,0.5745562513136843,0.5476626043607979
white_input,22,RPFb1,0.6692943626923132,0.6354849262856578
white_input,22,RPFb2,0.6629618309636208,0.622794069348717
white_input,22,RPFb3,0.6659952952294277,0.6225492983209484
white_input,22,RPFc1,0.6592414512824397,0.4695457093448531
white_input,22,RPFc2,0.5572622710002064,0.43856904423816284
white_input,22,RPFc3,0.5799206716696418,0.4797083433421669
white_input,23,LAF1,1.0875639041510776,1.0453879696203399
white_input,23,LAF2,1.0935863252707019,1.0535181882496198
white_input,23,LAF3,0.7907110305160276,0.7326297128556634
white_input,23,LAF4,0.689908813963085,0.6165913460610688
white_input,23,RA2,0.6645876598268642,0.5238633505603388
white_input,23,RA3,0.6255824786191917,0.4774150720648599
white_input,23,RAFa1,0.6011665091887255,0.5402130287620623
white_input,23,RAFa2,0.6736100238174707,0.6092901225708767
white_input,23,RAFa3,0.6627367946156903,0.6017945142519047
white_input,23,RAFa4,0.6269628434753409,0.5333623979931083
white_input,23,RAFb1,0.6591319608165357,0.5877591202584344
white_input,23,RAFb2,0.6400329883358594,0.5580337651813544
white_input,23,RAFb3,0.6378482145145189,0.538609225168429
white_input,23,RAFb4,0.6310221630433261,0.4865773550955774
white_input,23,RAFc1,0.5729626514839417,0.48953438811489136
white_input,23,RAFc2,0.5850041621557924,0.482146651287543
white_input,23,RAFc3,0.5344953403522544,0.4245740970693192
white_input,23,RAFc4,0.48902584495158813,0.3869788456550276
white_input,23,RAFd1,0.5913657857145813,0.5017123531404128
white_input,23,RAFd2,0.5376473831003183,0.36109868929175204
white_input,23,RAFd3,0.6000135250072837,0.35017610589680337
white_input,23,RAFd4,0.5882869331557018,0.3657490544485404
white_input,23,RH1,0.6656165260524252,0.6196819224255361
white_input,23,RH2,0.6995684333746056,0.6450480219751288
white_input,23,RH3,0.6313679573179622,0.5568738445022282
white_input,23,RH4,0.6104019614583377,0.5465426365237943
white_input,23,RPFa1,0.6573025793320525,0.607993243554252
white_input,23,RPFa2,0.6440456067691402,0.6070736357113814
white_input,23,RPFa3,0.6225100778028237,0.5864648961897112
white_input,23,RPFa4,0.5359774766832354,0.5169315751472555
white_input,23,RPFb1,0.554941600705321,0.5253126742799482
white_input,23,RPFb2,0.5499949567348686,0.5189435694863646
white_input,23,RPFb3,0.5657766438624523,0.5340888104349768
white_input,23,RPFc1,0.4959260306348668,0.34376083931964907
white_input,23,RPFc2,0.4512343951475803,0.36212377994838346
white_input,23,RPFc3,0.49182185090828723,0.403708657364262
white_input,24,LAF1,0.9923015394249763,0.952332645851222
white_input,24,LAF2,1.0036415120412523,0.9637539780281653
white_input,24,LAF3,0.732039471341226,0.6803483340132367
white_input,24,LAF4,0.6039773869778744,0.5515721592940915
white_input,24,RA2,0.8444254879759336,0.6663989576477
white_input,24,RA3,0.7931372760407384,0.6025026444168539
white_input,24,RAFa1,0.7272743356624071,0.6530462115995043
white_input,24,RAFa2,0.6255013484365184,0.5725561741136636
white_input,24,RAFa3,0.5813426479349132,0.5401116927660595
white_input,24,RAFa4,0.5162202369386915,0.4590992971807461
white_input,24,RAFb1,0.7343450580541316,0.658095958004374
white_input,24,RAFb2,0.6259834845843645,0.5497968160847216
white_input,24,RAFb3,0.5947240998905002,0.4979841335065958
white_input,24,RAFb4,0.5560816769004663,0.4230289512407553
white_input,24,RAFc1,0.7523441904215389,0.6221160965294652
white_input,24,RAFc2,0.7399378901061039,0.6005416892222851
white_input,24,RAFc3,0.6405082956062301,0.5099225212492905
white_input,24,RAFc4,0.5236078940361286,0.4156127582146554
white_input,24,RAFd1,0.7551078630682627,0.6404991163520152
white_input,24,RAFd2,0.7289907487055456,0.49861222859272475
white_input,24,RAFd3,0.48040922584747225,0.262097008271478
white_input,24,RAFd4,0.4971383340146963,0.2994852880013061
white_input,24,RH1,0.7810396749027854,0.7195178520017741
white_input,24,RH2,0.8047467637506063,0.741340330875942
white_input,24,RH3,0.5638382751643277,0.49927205520529067
white_input,24,RH4,0.5953882140434965,0.5286986959869631
white_input,24,RPFa1,0.7037556316518639,0.6533056336989382
white_input,24,RPFa2,0.682319871369899,0.6432028782397682
white_input,24,RPFa3,0.6889780048078045,0.6474803484726459
white_input,24,RPFa4,0.5700318222898758,0.547192028597881
white_input,24,RPFb1,0.6308010086339152,0.5961501704064042
white_input,24,RPFb2,0.617443412175258,0.5784524861993753
white_input,24,RPFb3,0.5958669330184291,0.5622233109677389
white_input,24,RPFc1,0.5612487998391984,0.40069419460322075
white_input,24,RPFc2,0.49405404077318155,0.39759264915671383
white_input,24,RPFc3,0.6616914842816867,0.5472846979536381
white_input,25,LAF1,0.9200499625876347,0.8938100697952612
white_input,25,LAF2,0.9261448297265895,0.9002491276974265
white_input,25,LAF3,0.7326881319485498,0.6800430145070878
white_input,25,LAF4,0.561535734406683,0.5106300789763093
white_input,25,RA2,0.7455921487321028,0.5798133470209118
white_input,25,RA3,0.6967987130798916,0.5236907327732451
white_input,25,RAFa1,0.6765089642483396,0.5967938544041349
white_input,25,RAFa2,0.6839005710806805,0.6215399575277116
white_input,25,RAFa3,0.6707769107987847,0.6127342573863478
white_input,25,RAFa4,0.6105227120265094,0.5295988987094173
white_input,25,RAFb1,0.684258327145994,0.6144997415066412
white_input,25,RAFb2,0.6165121960614038,0.5492279234025406
white_input,25,RAFb3,0.5834543926279558,0.5058800694343845
white_input,25,RAFb4,0.5492720583477921,0.4427851425054333
white_input,25,RAFc1,0.6655409115277128,0.5464313454085334
white_input,25,RAFc2,0.6717516649860918,0.5304141204741772
white_input,25,RAFc3,0.637368044698542,0.4922451925106567
white_input,25,RAFc4,0.565733623565757,0.45612511464799
white_input,25,RAFd1,0.6786645897510923,0.5673083103208665
white_input,25,RAFd2,0.6414956751195853,0.41154686821886644
white_input,25,RAFd3,0.40147394825861327,0.22642825978533215
white_input,25,RAFd4,0.44998936650887933,0.2861636886429181
white_input,25,RH1,0.7595397071028528,0.708714843436825
white_input,25,RH2,0.7738588970599212,0.7160415089309302
white_input,25,RH3,0.5175249785169916,0.4545259875091034
white_input,25,RH4,0.5445608280499917,0.48979727958339014
white_input,25,RPFa1,0.7743839756038859,0.7135556334220634
white_input,25,RPFa2,0.8061730559201624,0.7549059498028489
white_input,25,RPFa3,0.7732277283341261,0.7234624249854084
white_input,25,RPFa4,0.5481097694715078,0.529047125800684
white_input,25,RPFb1,0.6886415140902578,0.6540156422690597
white_input,25,RPFb2,0.6626650101020419,0.6263361596279227
white_input,25,RPFb3,0.5995366719640879,0.5696749716971409
white_input,25,RPFc1,0.5976948771963478,0.43008583052585714
white_input,25,RPFc2,0.5307546540930368,0.4393793839939519
white_input,25,RPFc3,0.5183793734013157,0.43523928638228576
white_input,26,LAF1,0.86127006144832,0.8364045921281722
white_input,26,LAF2,0.8540924709759881,0.8303743031964684
white_input,26,LAF3,0.7088728676700932,0.6646823632103438
white_input,26,LAF4,0.5579437818713432,0.4997329023482321
white_input,26,RA2,0.6969375285692272,0.5563420883884928
white_input,26,RA3,0.6470679893919402,0.5135027733256574
white_input,26,RAFa1,0.7086119182738367,0.6263230501076376
white_input,26,RAFa2,0.5617779204757049,0.5087044774165244
white_input,26,RAFa3,0.5501330186229179,0.5001067736221343
white_input,26,RAFa4,0.49454854553648614,0.42622540299637185
white_input,26,RAFb1,0.6216626944979101,0.5495437639737784
white_input,26,RAFb2,0.5444459183916459,0.48262372926268465
white_input,26,RAFb3,0.5216888427085712,0.455400632403241
white_input,26,RAFb4,0.48205216287056923,0.39482682703082933
white_input,26,RAFc1,0.7176823036765255,0.5960611115684067
white_input,26,RAFc2,0.7322868053363958,0.587121037896237
white_input,26,RAFc3,0.697056248761362,0.5453081635333554
white_input,26,RAFc4,0.6104439850759126,0.4800664276389269
white_input,26,RAFd1,0.7109186290841939,0.6102269762311077
white_input,26,RAFd2,0.6715827397045033,0.4393493664712168
white_input,26,RAFd3,0.4526521636484966,0.23540241502581677
white_input,26,RAFd4,0.4751427238056252,0.2822429299402168
white_input,26,RH1,0.7387415353941387,0.6807686218399412
white_input,26,RH2,0.7331808377386609,0.66859858708326
white_input,26,RH3,0.5247994180577867,0.45630387479599854
white_input,26,RH4,0.4569106299166944,0.4126917575386296
white_input,26,RPFa1,0.6572710747899758,0.6055491100404788
white_input,26,RPFa2,0.6920855373503779,0.6499304379097124
white_input,26,RPFa3,0.6972051992903028,0.6578136155657003
white_input,26,RPFa4,0.5758643298991528,0.5521632036836156
white_input,26,RPFb1,0.6223140587498093,0.5942913029274831
white_input,26,RPFb2,0.603530362542654,0.5733507595300439
white_input,26,RPFb3,0.5374060696051204,0.51179796713507
white_input,26,RPFc1,0.6327191589166524,0.44550720088442414
white_input,26,RPFc2,0.5020384121194635,0.4066148836920052
white_input,26,RPFc3,0.5030230027483178,0.42342433925888234
white_input,27,LAF1,1.072771884040363,1.0383607110013968
white_input,27,LAF2,1.0785930926425842,1.0424264369071574
white_input,27,LAF3,0.9176024740447779,0.8569426950059136
white_input,27,LAF4,0.634796743744271,0.5736322983705612
white_input,27,RA2,0.7844741189247315,0.6307439018189986
white_input,27,RA3,0.7116798733440131,0.5507723932971468
white_input,27,RAFa1,0.7447900341083352,0.6652576852944512
white_input,27,RAFa2,0.7301693834671364,0.6535102371739212
white_input,27,RAFa3,0.7132787643961345,0.6395052542147359
white_input,27,RAFa4,0.6564094639737009,0.5538254338780166
white_input,27,RAFb1,0.7327679140601095,0.6541860771264599
white_input,27,RAFb2,0.6458749547344094,0.5763478523823808
white_input,27,RAFb3,0.5933205454983885,0.5172686808730463
white_input,27,RAFb4,0.5597302734453061,0.4485572967155525
white_input,27,RAFc1,0.6762306892057696,0.5659879859857727
white_input,27,RAFc2,0.6863715042430973,0.5544674453837867
white_input,27,RAFc3,0.6715303288332168,0.5283437694947534
white_input,27,RAFc4,0.6257746094865728,0.49353603509465394
white_input,27,RAFd1,0.6897067994788233,0.5931620143375161
white_input,27,RAFd2,0.6312263622256833,0.4262351976250019
white_input,27,RAFd3,0.4511535550125142,0.28752834025246504
white_input,27,RAFd4,0.4808972350817937,0.3287370236937899
white_input,27,RH1,0.7939048005378115,0.7393159361300163
white_input,27,RH2,0.8213143096664309,0.7669986580398044
white_input,27,RH3,0.6127352142001744,0.5459279935858761
white_input,27,RH4,0.6005309389983248,0.5471101651784827
white_input,27,RPFa1,0.8040155530727099,0.7462734982737214
white_input,27,RPFa2,0.8397634982885851,0.7908620109808311
white_input,27,RPFa3,0.8142067261787199,0.766201506265796
white_input,27,RPFa4,0.5968022464555455,0.5729188838333179
white_input,27,RPFb1,0.6665613953924324,0.6376702181129087
white_input,27,RPFb2,0.6518464854397756,0.6208408576311227
white_input,27,RPFb3,0.5978461440066822,0.5670042367778629
white_input,27,RPFc1,0.649771650003228,0.4659178336737301
white_input,27,RPFc2,0.5460657406389944,0.4418057439679895
white_input,27,RPFc3,0.5461637328751302,0.45285721651246597
white_input,28,LAF1,1.3686428403915654,1.3176398789773907
white_input,28,LAF2,1.367894514330196,1.3189340181105937
white_input,28,LAF3,1.0259103860947103,0.9431285879297177
white_input,28,LAF4,0.6654046517891941,0.5983552367586721
white_input,28,RA2,1.0862430743600548,0.9132229491707966
white_input,28,RA3,1.008618791517765,0.8262531408045903
white_input,28,RAFa1,0.8585513330299992,0.7812771557039074
white_input,28,RAFa2,0.8498435820657236,0.778065036272066
white_input,28,RAFa3,0.8024500607234484,0.7405918524010047
white_input,28,RAFa4,0.7549842264879512,0.6628210269669749
white_input,28,RAFb1,0.9110653415520905,0.8166553192863653
white_input,28,RAFb2,0.7242843713407262,0.6306107981624592
white_input,28,RAFb3,0.6412244020693777,0.5477748096746933
white_input,28,RAFb4,0.5967861997362989,0.4768865479181389
white_input,28,RAFc1,0.7391290942542139,0.6279032540402187
white_input,28,RAFc2,0.7366646942742253,0.6174199446401827
white_input,28,RAFc3,0.6823305954948876,0.5547442876501657
white_input,28,RAFc4,0.6106213576815173,0.49332883293876173
white_input,28,RAFd1,0.7863593749166072,0.6693049584216728
white_input,28,RAFd2,0.7016690171921088,0.5120267146222506
white_input,28,RAFd3,0.5658731617399786,0.32957654672362585
white_input,28,RAFd4,0.5825101754758354,0.38787587836986265
white_input,28,RH1,0.981904889221198,0.9125795012448905
white_input,28,RH2,1.0398474783693448,0.9613057356625485
white_input,28,RH3,0.7109239907439477,0.6308882527427547
white_input,28,RH4,0.7552393261304254,0.6870818534109778
white_input,28,RPFa1,0.8313192000998207,0.7668884653978236
white_input,28,RPFa2,0.8207231031443415,0.7695807576388393
white_input,28,RPFa3,0.7858273997424664,0.7389010235717759
white_input,28,RPFa4,0.5838626645968473,0.5622798436568694
white_input,28,RPFb1,0.7034523067598801,0.6670655627794485
white_input,28,RPFb2,0.7041795214273843,0.663292528997868
white_input,28,RPFb3,0.7265239376418259,0.6877111956890606
white_input,28,RPFc1,0.6114875151724596,0.4440892480503642
white_input,28,RPFc2,0.5707730307724732,0.4680960928958056
white_input,28,RPFc3,0.5543816657201676,0.46247202609218363
white_input,29,LAF1,0.9958883834911695,0.9579944690753532
white_input,29,LAF2,1.0017644608254026,0.9632012370436774
white_input,29,LAF3,0.8601541863554184,0.7961471642466672
white_input,29,LAF4,0.5298571717862164,0.482566013693727
white_input,29,RA2,0.8770824344813407,0.6956850585518644
white_input,29,RA3,0.8164301840099351,0.6299668274496264
white_input,29,RAFa1,0.7414149859572947,0.6644355872647018
white_input,29,RAFa2,0.6669633293232247,0.6121846976334548
white_input,29,RAFa3,0.6247502618138784,0.5793414580376316
white_input,29,RAFa4,0.5644821089512435,0.49990506707505944
white_input,29,RAFb1,0.7519223076510797,0.6751944575571446
white_input,29,RAFb2,0.6312679951054302,0.5452872838206215
white_input,29,RAFb3,0.549447865479832,0.4568244893052536
white_input,29,RAFb4,0.48118378824094166,0.3684488529066596
white_input,29,RAFc1,0.6889336071105542,0.5750813571301441
white_input,29,RAFc2,0.6928935705847681,0.559556416724154
white_input,29,RAFc3,0.6607290641267367,0.5252768078608357
white_input,29,RAFc4,0.566662701584001,0.45808809937553374
white_input,29,RAFd1,0.6929657367778839,0.5937338861330889
white_input,29,RAFd2,0.6586974093117198,0.43927968290733743
white_input,29,RAFd3,0.4440473474396868,0.22103879933816137
white_input,29,RAFd4,0.5199727596598425,0.3118212301214227
white_input,29,RH1,0.9300655637479591,0.8633000216702835
white_input,29,RH2,0.9228261026430994,0.8485012002396797
white_input,29,RH3,0.5036246051169689,0.45413098791843975
white_input,29,RH4,0.5551134474911672,0.5045876171151309
white_input,29,RPFa1,0.7598912370924298,0.7083993772430567
white_input,29,RPFa2,0.7705450303607739,0.7278706937271313
white_input,29,RPFa3,0.7298497281812474,0.6903793773246024
white_input,29,RPFa4,0.5471482906346761,0.5293293091135455
white_input,29,RPFb1,0.7307935669817788,0.6953874982206318
white_input,29,RPFb2,0.7092708367657762,0.6706734108035308
white_input,29,RPFb3,0.6281353173178316,0.5974931100447715
white_input,29,RPFc1,0.5837442314237026,0.4209600002519059
white_input,29,RPFc2,0.5098324862183747,0.41810442489768346
white_input,29,RPFc3,0.5744006292700088,0.47351403323372215
white_input,30,LAF1,1.2198343546222195,1.1801008040511891
white_input,30,LAF2,1.2290640620109985,1.1898131525571043
white_input,30,LAF3,0.8391492299278466,0.7717659381784532
white_input,30,LAF4,0.7367378641178416,0.6557754226064196
white_input,30,RA2,0.9726626842552504,0.7908764600166612
white_input,30,RA3,0.9570474927555054,0.7569094162733332
white_input,30,RAFa1,0.7879046035650382,0.7145738941194502
white_input,30,RAFa2,0.8032905578960124,0.7356686947416617
white_input,30,RAFa3,0.7812129291021227,0.710261452371071
white_input,30,RAFa4,0.737041185961568,0.6291446315671149
white_input,30,RAFb1,0.8325173273493368,0.7452647583935776
white_input,30,RAFb2,0.6560338688049518,0.5662973706380675
white_input,30,RAFb3,0.6095541348989718,0.5056045055604764
white_input,30,RAFb4,0.5894121704694043,0.4532185170391546
white_input,30,RAFc1,0.7597434042406866,0.651931299182944
white_input,30,RAFc2,0.7818495233173246,0.648827682155492
white_input,30,RAFc3,0.744582208467087,0.588542578195874
white_input,30,RAFc4,0.6352808980010414,0.5067190274997259
white_input,30,RAFd1,0.7771734066476674,0.6771978669023778
white_input,30,RAFd2,0.7200369858385117,0.5257480516034465
white_input,30,RAFd3,0.7592392510313445,0.49635985318046716
white_input,30,RAFd4,0.7786452881902655,0.5304531460198946
white_input,30,RH1,0.7773076319093949,0.7291477584709382
white_input,30,RH2,0.8414810662507106,0.7733729179431557
white_input,30,RH3,0.7336117724345501,0.6531607583824154
white_input,30,RH4,0.8391190147605668,0.7621011444600535
white_input,30,RPFa1,0.8092771345655027,0.7480381788003497
white_input,30,RPFa2,0.7776110907132748,0.7300123961199207
white_input,30,RPFa3,0.7346897886803428,0.6912502288852905
white_input,30,RPFa4,0.5648192060404198,0.5441504860115447
white_input,30,RPFb1,0.6579550091135884,0.6210966678363239
white_input,30,RPFb2,0.6618768270234228,0.6196085451753933
white_input,30,RPFb3,0.7135153180401037,0.6661441101785357
white_input,30,RPFc1,0.691238639071547,0.4930107077613855
white_input,30,RPFc2,0.5398134570156308,0.44651669841250596
white_input,30,RPFc3,0.5798215434739685,0.4832735382456984
white_input,31,LAF1,0.9586368989799117,0.919480419493853
white_input,31,LAF2,0.9694041475666948,0.9305575185505396
white_input,31,LAF3,0.7613468372834142,0.7024171369964962
white_input,31,LAF4,0.5682693701882251,0.508727951369702
white_input,31,RA2,0.966574671149424,0.7817787616991703
white_input,31,RA3,0.9550472349270686,0.7511576775245188
white_input,31,RAFa1,0.6535530261437589,0.5769716141276011
white_input,31,RAFa2,0.6600865098900158,0.5896485788791247
white_input,31,RAFa3,0.6239554571821613,0.5678676662896817
white_input,31,RAFa4,0.5623299893268164,0.4861615400678862
white_input,31,RAFb1,0.6792666412399359,0.6027274333209174
white_input,31,RAFb2,0.5934083416563813,0.5233293337065829
white_input,31,RAFb3,0.5793158125166195,0.49798108221911236
white_input,31,RAFb4,0.5631661342971576,0.44360216397775576
white_input,31,RAFc1,0.6092675172653873,0.49769002370451776
white_input,31,RAFc2,0.6056008981518229,0.47286881092795424
white_input,31,RAFc3,0.5785676689155185,0.44362827688070094
white_input,31,RAFc4,0.5484748547635756,0.43618354263587356
white_input,31,RAFd1,0.6619051297282369,0.5426048730918184
white_input,31,RAFd2,0.616510765435956,0.3796203471233833
white_input,31,RAFd3,0.5742713345027031,0.36137055220037584
white_input,31,RAFd4,0.6234894785719372,0.41967077072619835
white_input,31,RH1,0.701100759602301,0.6574010188031916
white_input,31,RH2,0.7888804684197528,0.7367866158093498
white_input,31,RH3,0.5049649630097283,0.44263490416161266
white_input,31,RH4,0.5897168841599623,0.523055486038846
white_input,31,RPFa1,0.773046989304845,0.7152277907693353
white_input,31,RPFa2,0.7744533814445422,0.7283509789174442
white_input,31,RPFa3,0.7405663877989656,0.6960201008421226
white_input,31,RPFa4,0.5529567279449171,0.5274750878586755
white_input,31,RPFb1,0.6750821896385963,0.643005503271072
white_input,31,RPFb2,0.6624236990491511,0.6260961667263608
white_input,31,RPFb3,0.6582542980823467,0.6164074610896015
white_input,31,RPFc1,0.5347198088897367,0.3681504883795756
white_input,31,RPFc2,0.5515976522597479,0.44079224720176163
white_input,31,RPFc3,0.7086014072561672,0.5954351958008254
