channel,node_class,variant,variant_label,standardized_amplitude,density
RPFa3,selected SOZ,state_only,State only,-1.8716013349261202,0.013438324547418664
RPFa3,selected SOZ,state_only,State only,-1.8634845103144604,0.013911514922460283
RPFa3,selected SOZ,state_only,State only,-1.8553676857028005,0.014387282688517512
RPFa3,selected SOZ,state_only,State only,-1.8472508610911407,0.014865952810943163
RPFa3,selected SOZ,state_only,State only,-1.8391340364794808,0.015347952601361129
RPFa3,selected SOZ,state_only,State only,-1.831017211867821,0.015833822929853563
RPFa3,selected SOZ,state_only,State only,-1.822900387256161,0.016324229710108936
RPFa3,selected SOZ,state_only,State only,-1.8147835626445012,0.016819974791433122
RPFa3,selected SOZ,state_only,State only,-1.8066667380328414,0.017322005325535864
RPFa3,selected SOZ,state_only,State only,-1.7985499134211815,0.017831420667428568
RPFa3,selected SOZ,state_only,State only,-1.7904330888095217,0.018349475921230117
RPFa3,selected SOZ,state_only,State only,-1.7823162641978618,0.018877581352081712
RPFa3,selected SOZ,state_only,State only,-1.774199439586202,0.01941729704997869
RPFa3,selected SOZ,state_only,State only,-1.766082614974542,0.019970322441978515
RPFa3,selected SOZ,state_only,State only,-1.7579657903628823,0.02053848049488901
RPFa3,selected SOZ,state_only,State only,-1.7498489657512224,0.021123696717854273
RPFa3,selected SOZ,state_only,State only,-1.7417321411395625,0.02172797334849586
RPFa3,selected SOZ,state_only,State only,-1.7336153165279027,0.022353359372096235
RPFa3,selected SOZ,state_only,State only,-1.7254984919162428,0.02300191726577637
RPFa3,selected SOZ,state_only,State only,-1.717381667304583,0.02367568756495559
RPFa3,selected SOZ,state_only,State only,-1.7092648426929231,0.024376652505859478
RPFa3,selected SOZ,state_only,State only,-1.7011480180812633,0.025106700096380673
RPFa3,selected SOZ,state_only,State only,-1.6930311934696034,0.025867590002261572
RPFa3,selected SOZ,state_only,State only,-1.6849143688579435,0.02666092260383899
RPFa3,selected SOZ,state_only,State only,-1.6767975442462837,0.027488112481455117
RPFa3,selected SOZ,state_only,State only,-1.6686807196346238,0.028350367429446598
RPFa3,selected SOZ,state_only,State only,-1.660563895022964,0.02924867388678395
RPFa3,selected SOZ,state_only,State only,-1.6524470704113041,0.03018378941695493
RPFa3,selected SOZ,state_only,State only,-1.6443302457996443,0.031156242582568962
RPFa3,selected SOZ,state_only,State only,-1.6362134211879844,0.032166340254763566
RPFa3,selected SOZ,state_only,State only,-1.6280965965763246,0.03321418208780744
RPFa3,selected SOZ,state_only,State only,-1.6199797719646647,0.03429968158928041
RPFa3,selected SOZ,state_only,State only,-1.6118629473530048,0.03542259293914715
RPFa3,selected SOZ,state_only,State only,-1.603746122741345,0.036582542468952144
RPFa3,selected SOZ,state_only,State only,-1.5956292981296851,0.03777906351556257
RPFa3,selected SOZ,state_only,State only,-1.5875124735180253,0.03901163322059569
RPFa3,selected SOZ,state_only,State only,-1.5793956489063654,0.04027970976274504
RPFa3,selected SOZ,state_only,State only,-1.5712788242947056,0.04158276848904606
RPFa3,selected SOZ,state_only,State only,-1.5631619996830457,0.04292033545344696
RPFa3,selected SOZ,state_only,State only,-1.5550451750713858,0.04429201697512271
RPFa3,selected SOZ,state_only,State only,-1.546928350459726,0.045697523990497015
RPFa3,selected SOZ,state_only,State only,-1.5388115258480661,0.04713669018534537
RPFa3,selected SOZ,state_only,State only,-1.5306947012364063,0.04860948314792589
RPFa3,selected SOZ,state_only,State only,-1.5225778766247464,0.05011600807027001
RPFa3,selected SOZ,state_only,State only,-1.5144610520130866,0.05165650383052518
RPFa3,selected SOZ,state_only,State only,-1.5063442274014267,0.053231331601432785
RPFa3,selected SOZ,state_only,State only,-1.4982274027897668,0.05484095643493713
RPFa3,selected SOZ,state_only,State only,-1.490110578178107,0.056485922556820334
RPFa3,selected SOZ,state_only,State only,-1.4819937535664471,0.05816682335501795
RPFa3,selected SOZ,state_only,State only,-1.4738769289547875,0.05988426724907979
RPFa3,selected SOZ,state_only,State only,-1.4657601043431274,0.061638840776257274
RPFa3,selected SOZ,state_only,State only,-1.4576432797314678,0.06343107031474651
RPFa3,selected SOZ,state_only,State only,-1.4495264551198077,0.06526138388273993
RPFa3,selected SOZ,state_only,State only,-1.441409630508148,0.06713007440283172
RPFa3,selected SOZ,state_only,State only,-1.433292805896488,0.06903726570859127
RPFa3,selected SOZ,state_only,State only,-1.4251759812848284,0.07098288240122624
RPFa3,selected SOZ,state_only,State only,-1.4170591566731683,0.07296662445031324
RPFa3,selected SOZ,state_only,State only,-1.4089423320615087,0.07498794718762632
RPFa3,selected SOZ,state_only,State only,-1.4008255074498486,0.07704604708345894
RPFa3,selected SOZ,state_only,State only,-1.392708682838189,0.07913985343777072
RPFa3,selected SOZ,state_only,State only,-1.3845918582265289,0.08126802588124477
RPFa3,selected SOZ,state_only,State only,-1.3764750336148692,0.08342895737943913
RPFa3,selected SOZ,state_only,State only,-1.3683582090032091,0.08562078227962079
RPFa3,selected SOZ,state_only,State only,-1.3602413843915495,0.0878413888433837
RPFa3,selected SOZ,state_only,State only,-1.3521245597798894,0.09008843567295953
RPFa3,selected SOZ,state_only,State only,-1.3440077351682298,0.09235937146390923
RPFa3,selected SOZ,state_only,State only,-1.3358909105565697,0.09465145759511709
RPFa3,selected SOZ,state_only,State only,-1.32777408594491,0.09696179318693059
RPFa3,selected SOZ,state_only,State only,-1.31965726133325,0.09928734240421774
RPFa3,selected SOZ,state_only,State only,-1.3115404367215904,0.1016249639342404
RPFa3,selected SOZ,state_only,State only,-1.3034236121099303,0.1039714427096388
RPFa3,selected SOZ,state_only,State only,-1.2953067874982707,0.10632352405487719
RPFa3,selected SOZ,state_only,State only,-1.2871899628866106,0.10867795049300487
RPFa3,selected SOZ,state_only,State only,-1.279073138274951,0.11103150144526198
RPFa3,selected SOZ,state_only,State only,-1.2709563136632909,0.11338103598108278
RPFa3,selected SOZ,state_only,State only,-1.2628394890516312,0.11572353862908817
RPFa3,selected SOZ,state_only,State only,-1.2547226644399712,0.11805616804621454
RPFa3,selected SOZ,state_only,State only,-1.2466058398283115,0.12037630807467345
RPFa3,selected SOZ,state_only,State only,-1.2384890152166514,0.12268162041346695
RPFa3,selected SOZ,state_only,State only,-1.2303721906049918,0.12497009781614739
RPFa3,selected SOZ,state_only,State only,-1.2222553659933317,0.12724011642592345
RPFa3,selected SOZ,state_only,State only,-1.214138541381672,0.12949048560069992
RPFa3,selected SOZ,state_only,State only,-1.206021716770012,0.13172049339060612
RPFa3,selected SOZ,state_only,State only,-1.1979048921583524,0.13392994573196892
RPFa3,selected SOZ,state_only,State only,-1.1897880675466923,0.13611919743213174
RPFa3,selected SOZ,state_only,State only,-1.1816712429350327,0.13828917314931763
RPFa3,selected SOZ,state_only,State only,-1.1735544183233726,0.1404413768232006
RPFa3,selected SOZ,state_only,State only,-1.165437593711713,0.14257788837826674
RPFa3,selected SOZ,state_only,State only,-1.1573207691000529,0.1447013469883079
RPFa3,selected SOZ,state_only,State only,-1.1492039444883932,0.14681492073340768
RPFa3,selected SOZ,state_only,State only,-1.1410871198767332,0.14892226307116543
RPFa3,selected SOZ,state_only,State only,-1.1329702952650735,0.15102745714774113
RPFa3,selected SOZ,state_only,State only,-1.1248534706534135,0.15313494955541126
RPFa3,selected SOZ,state_only,State only,-1.1167366460417538,0.1552494756658108
RPFa3,selected SOZ,state_only,State only,-1.1086198214300937,0.1573759790985622
RPFa3,selected SOZ,state_only,State only,-1.100502996818434,0.15951952819521997
RPFa3,selected SOZ,state_only,State only,-1.0923861722067743,0.16168523253685127
RPFa3,selected SOZ,state_only,State only,-1.0842693475951144,0.1638781625568438
RPFa3,selected SOZ,state_only,State only,-1.0761525229834545,0.16610327515481707
RPFa3,selected SOZ,state_only,State only,-1.0680356983717947,0.1683653479180413
RPFa3,selected SOZ,state_only,State only,-1.0599188737601348,0.1706689241183712
RPFa3,selected SOZ,state_only,State only,-1.051802049148475,0.17301827009809928
RPFa3,selected SOZ,state_only,State only,-1.0436852245368151,0.175417346017033
RPFa3,selected SOZ,state_only,State only,-1.0355683999251553,0.1778697902402032
RPFa3,selected SOZ,state_only,State only,-1.0274515753134954,0.18037891693842314
RPFa3,selected SOZ,state_only,State only,-1.0193347507018355,0.18294772579078727
RPFa3,selected SOZ,state_only,State only,-1.0112179260901757,0.1855789220557068
RPFa3,selected SOZ,state_only,State only,-1.0031011014785158,0.1882749447484461
RPFa3,selected SOZ,state_only,State only,-0.994984276866856,0.19103800025583897
RPFa3,selected SOZ,state_only,State only,-0.9868674522551961,0.19387009845375863
RPFa3,selected SOZ,state_only,State only,-0.9787506276435363,0.19677308828270376
RPFa3,selected SOZ,state_only,State only,-0.9706338030318764,0.19974868978592214
RPFa3,selected SOZ,state_only,State only,-0.9625169784202166,0.2027985198185317
RPFa3,selected SOZ,state_only,State only,-0.9544001538085567,0.20592410898295352
RPFa3,selected SOZ,state_only,State only,-0.9462833291968968,0.2091269078159896
RPFa3,selected SOZ,state_only,State only,-0.938166504585237,0.21240828082082777
RPFa3,selected SOZ,state_only,State only,-0.9300496799735771,0.21576948757317882
RPFa3,selected SOZ,state_only,State only,-0.9219328553619173,0.21921165080233637
RPFa3,selected SOZ,state_only,State only,-0.9138160307502574,0.22273571202198267
RPFa3,selected SOZ,state_only,State only,-0.9056992061385976,0.22634237592975454
RPFa3,selected SOZ,state_only,State only,-0.8975823815269377,0.23003204537966357
RPFa3,selected SOZ,state_only,State only,-0.8894655569152778,0.23380474923178757
RPFa3,selected SOZ,state_only,State only,-0.881348732303618,0.23766006577936263
RPFa3,selected SOZ,state_only,State only,-0.8732319076919581,0.24159704473027857
RPFa3,selected SOZ,state_only,State only,-0.8651150830802983,0.245614130870356
RPFa3,selected SOZ,state_only,State only,-0.8569982584686384,0.24970909255842094
RPFa3,selected SOZ,state_only,State only,-0.8488814338569786,0.2538789581025816
RPFa3,selected SOZ,state_only,State only,-0.8407646092453187,0.25811996285346406
RPFa3,selected SOZ,state_only,State only,-0.8326477846336588,0.26242750953744215
RPFa3,selected SOZ,state_only,State only,-0.824530960021999,0.26679614395896556
RPFa3,selected SOZ,state_only,State only,-0.8164141354103391,0.2712195477452328
RPFa3,selected SOZ,state_only,State only,-0.8082973107986793,0.27569054930944387
RPFa3,selected SOZ,state_only,State only,-0.8001804861870194,0.28020115369092613
RPFa3,selected SOZ,state_only,State only,-0.7920636615753596,0.28474259141100067
RPFa3,selected SOZ,state_only,State only,-0.7839468369636997,0.28930538598014605
RPFa3,selected SOZ,state_only,State only,-0.7758300123520399,0.29387943922014703
RPFa3,selected SOZ,state_only,State only,-0.76771318774038,0.29845413313736047
RPFa3,selected SOZ,state_only,State only,-0.7595963631287201,0.30301844670998795
RPFa3,selected SOZ,state_only,State only,-0.7514795385170603,0.3075610856407958
RPFa3,selected SOZ,state_only,State only,-0.7433627139054004,0.3120706228816566
RPFa3,selected SOZ,state_only,State only,-0.7352458892937406,0.31653564755996755
RPFa3,selected SOZ,state_only,State only,-0.7271290646820807,0.32094491982913304
RPFa3,selected SOZ,state_only,State only,-0.7190122400704209,0.3252875291234773
RPFa3,selected SOZ,state_only,State only,-0.710895415458761,0.32955305331767315
RPFa3,selected SOZ,state_only,State only,-0.7027785908471011,0.33373171636529597
RPFa3,selected SOZ,state_only,State only,-0.6946617662354413,0.3378145421121764
RPFa3,selected SOZ,state_only,State only,-0.6865449416237814,0.3417935021373013
RPFa3,selected SOZ,state_only,State only,-0.6784281170121216,0.34566165565621454
RPFa3,selected SOZ,state_only,State only,-0.6703112924004617,0.3494132797159638
RPFa3,selected SOZ,state_only,State only,-0.6621944677888019,0.3530439881046163
RPFa3,selected SOZ,state_only,State only,-0.654077643177142,0.35655083757929823
RPFa3,selected SOZ,state_only,State only,-0.6459608185654822,0.3599324201737539
RPFa3,selected SOZ,state_only,State only,-0.6378439939538223,0.3631889404703613
RPFa3,selected SOZ,state_only,State only,-0.6297271693421624,0.3663222768065946
RPFa3,selected SOZ,state_only,State only,-0.6216103447305026,0.36933602542962335
RPFa3,selected SOZ,state_only,State only,-0.6134935201188427,0.3722355266177079
RPFa3,selected SOZ,state_only,State only,-0.6053766955071829,0.37502787175982144
RPFa3,selected SOZ,state_only,State only,-0.597259870895523,0.37772189033751435
RPFa3,selected SOZ,state_only,State only,-0.5891430462838632,0.3803281157009397
RPFa3,selected SOZ,state_only,State only,-0.5810262216722033,0.3828587284935346
RPFa3,selected SOZ,state_only,State only,-0.5729093970605434,0.38532747657810684
RPFa3,selected SOZ,state_only,State only,-0.5647925724488836,0.38774957037286584
RPFa3,selected SOZ,state_only,State only,-0.5566757478372237,0.3901415526393302
RPFa3,selected SOZ,state_only,State only,-0.5485589232255639,0.3925211419924843
RPFa3,selected SOZ,state_only,State only,-0.540442098613904,0.3949070497392386
RPFa3,selected SOZ,state_only,State only,-0.5323252740022442,0.3973187701000676
RPFa3,selected SOZ,state_only,State only,-0.5242084493905843,0.3997763444294342
RPFa3,selected SOZ,state_only,State only,-0.5160916247789245,0.4023001007135454
RPFa3,selected SOZ,state_only,State only,-0.5079748001672646,0.4049103703722598
RPFa3,selected SOZ,state_only,State only,-0.49985797555560474,0.4076271852006758
RPFa3,selected SOZ,state_only,State only,-0.4917411509439449,0.4104699581250419
RPFa3,selected SOZ,state_only,State only,-0.483624326332285,0.41345715228206786
RPFa3,selected SOZ,state_only,State only,-0.47550750172062517,0.4166059437240036
RPFa3,selected SOZ,state_only,State only,-0.4673906771089653,0.41993188376647334
RPFa3,selected SOZ,state_only,State only,-0.45927385249730546,0.42344856759785565
RPFa3,selected SOZ,state_only,State only,-0.4511570278856456,0.42716731622657783
RPFa3,selected SOZ,state_only,State only,-0.44304020327398574,0.4310968791312377
RPFa3,selected SOZ,state_only,State only,-0.4349233786623259,0.4352431650789333
RPFa3,selected SOZ,state_only,State only,-0.42680655405066603,0.43960900847827844
RPFa3,selected SOZ,state_only,State only,-0.4186897294390062,0.44419397832999424
RPFa3,selected SOZ,state_only,State only,-0.4105729048273463,0.44899423633169583
RPFa3,selected SOZ,state_only,State only,-0.40245608021568646,0.45400244999088574
RPFa3,selected SOZ,state_only,State only,-0.3943392556040266,0.4592077657123594
RPFa3,selected SOZ,state_only,State only,-0.38622243099236675,0.46459584576739593
RPFa3,selected SOZ,state_only,State only,-0.3781056063807069,0.47014897183795334
RPFa3,selected SOZ,state_only,State only,-0.36998878176904704,0.4758462164776271
RPFa3,selected SOZ,state_only,State only,-0.3618719571573872,0.4816636823614327
RPFa3,selected SOZ,state_only,State only,-0.3537551325457273,0.487574807629282
RPFa3,selected SOZ,state_only,State only,-0.34563830793406747,0.49355073398753424
RPFa3,selected SOZ,state_only,State only,-0.3375214833224076,0.49956073254651173
RPFa3,selected SOZ,state_only,State only,-0.32940465871074776,0.5055726806729858
RPFa3,selected SOZ,state_only,State only,-0.3212878340990879,0.5115535814645207
RPFa3,selected SOZ,state_only,State only,-0.31317100948742826,0.5174701158549796
RPFa3,selected SOZ,state_only,State only,-0.3050541848757684,0.523289215891748
RPFa3,selected SOZ,state_only,State only,-0.29693736026410855,0.5289786464472193
RPFa3,selected SOZ,state_only,State only,-0.2888205356524487,0.5345075816065196
RPFa3,selected SOZ,state_only,State only,-0.28070371104078884,0.539847161279087
RPFa3,selected SOZ,state_only,State only,-0.272586886429129,0.544971013280732
RPFa3,selected SOZ,state_only,State only,-0.2644700618174691,0.5498557262854596
RPFa3,selected SOZ,state_only,State only,-0.25635323720580927,0.5544812597010594
RPFa3,selected SOZ,state_only,State only,-0.2482364125941494,0.5588312777102787
RPFa3,selected SOZ,state_only,State only,-0.24011958798248956,0.5628933964487371
RPFa3,selected SOZ,state_only,State only,-0.2320027633708297,0.566659335543618
RPFa3,selected SOZ,state_only,State only,-0.22388593875916984,0.5701249679663052
RPFa3,selected SOZ,state_only,State only,-0.21576911414751,0.5732902652798799
RPFa3,selected SOZ,state_only,State only,-0.20765228953585013,0.5761591387824277
RPFa3,selected SOZ,state_only,State only,-0.19953546492419028,0.5787391806273603
RPFa3,selected SOZ,state_only,State only,-0.19141864031253042,0.5810413125903015
RPFa3,selected SOZ,state_only,State only,-0.18330181570087056,0.5830793535844427
RPFa3,selected SOZ,state_only,State only,-0.1751849910892107,0.5848695201345535
RPFa3,selected SOZ,state_only,State only,-0.16706816647755085,0.5864298766430555
RPFa3,selected SOZ,state_only,State only,-0.158951341865891,0.58777975427507
RPFa3,selected SOZ,state_only,State only,-0.15083451725423114,0.5889391585353542
RPFa3,selected SOZ,state_only,State only,-0.14271769264257128,0.5899281860249057
RPFa3,selected SOZ,state_only,State only,-0.13460086803091142,0.5907664704075339
RPFa3,selected SOZ,state_only,State only,-0.12648404341925157,0.5914726762896744
RPFa3,selected SOZ,state_only,State only,-0.11836721880759171,0.5920640575711397
RPFa3,selected SOZ,state_only,State only,-0.11025039419593186,0.5925560939550879
RPFa3,selected SOZ,state_only,State only,-0.102133569584272,0.5929622158477659
RPFa3,selected SOZ,state_only,State only,-0.09401674497261214,0.5932936240006994
RPFa3,selected SOZ,state_only,State only,-0.08589992036095229,0.5935592061419636
RPFa3,selected SOZ,state_only,State only,-0.07778309574929243,0.5937655487122988
RPFa3,selected SOZ,state_only,State only,-0.06966627113763257,0.593917037870744
RPFa3,selected SOZ,state_only,State only,-0.06154944652597272,0.5940160403557032
RPFa3,selected SOZ,state_only,State only,-0.05343262191431286,0.5940631517510633
RPFa3,selected SOZ,state_only,State only,-0.045315797302653005,0.5940574973507186
RPFa3,selected SOZ,state_only,State only,-0.03719897269099315,0.5939970692370322
RPFa3,selected SOZ,state_only,State only,-0.029082148079333292,0.593879082442645
RPFa3,selected SOZ,state_only,State only,-0.020965323467673436,0.593700333158046
RPFa3,selected SOZ,state_only,State only,-0.01284849885601358,0.5934575428401297
RPFa3,selected SOZ,state_only,State only,-0.004731674244353723,0.5931476736901249
RPFa3,selected SOZ,state_only,State only,0.0033851503673061334,0.5927682031851376
RPFa3,selected SOZ,state_only,State only,0.01150197497896599,0.5923173480233554
RPFa3,selected SOZ,state_only,State only,0.019618799590625846,0.5917942308155564
RPFa3,selected SOZ,state_only,State only,0.027735624202285702,0.5911989859555159
RPFa3,selected SOZ,state_only,State only,0.03585244881394556,0.5905328041609108
RPFa3,selected SOZ,state_only,State only,0.043969273425605415,0.589797918039005
RPFa3,selected SOZ,state_only,State only,0.05208609803726527,0.5889975335617985
RPFa3,selected SOZ,state_only,State only,0.06020292264892513,0.5881357144255739
RPFa3,selected SOZ,state_only,State only,0.06831974726058498,0.5872172278434051
RPFa3,selected SOZ,state_only,State only,0.07643657187224484,0.586247361334122
RPFa3,selected SOZ,state_only,State only,0.0845533964839047,0.5852317205208548
RPFa3,selected SOZ,state_only,State only,0.09267022109556455,0.5841760178618011
RPFa3,selected SOZ,state_only,State only,0.10078704570722441,0.5830858616614369
RPFa3,selected SOZ,state_only,State only,0.10890387031888427,0.5819665537297815
RPFa3,selected SOZ,state_only,State only,0.11702069493054412,0.5808229027684674
RPFa3,selected SOZ,state_only,State only,0.12513751954220398,0.5796590590711906
RPFa3,selected SOZ,state_only,State only,0.13325434415386406,0.5784783745432326
RPFa3,selected SOZ,state_only,State only,0.1413711687655237,0.5772832904758594
RPFa3,selected SOZ,state_only,State only,0.14948799337718377,0.5760752540523016
RPFa3,selected SOZ,state_only,State only,0.1576048179888434,0.5748546632921392
RPFa3,selected SOZ,state_only,State only,0.16572164260050348,0.5736208391202655
RPFa3,selected SOZ,state_only,State only,0.17383846721216312,0.5723720225123063
RPFa3,selected SOZ,state_only,State only,0.1819552918238232,0.5711053942337996
RPFa3,selected SOZ,state_only,State only,0.19007211643548283,0.5698171145459643
RPFa3,selected SOZ,state_only,State only,0.1981889410471429,0.5685023803656976
RPFa3,selected SOZ,state_only,State only,0.20630576565880254,0.567155497691914
RPFa3,selected SOZ,state_only,State only,0.21442259027046218,0.5657699675823665
RPFa3,selected SOZ,state_only,State only,0.22253941488212226,0.5643385845121213
RPFa3,selected SOZ,state_only,State only,0.2306562394937819,0.5628535464927799
RPFa3,selected SOZ,state_only,State only,0.23877306410544197,0.5613065768068706
RPFa3,selected SOZ,state_only,State only,0.2468898887171016,0.559689057550469
RPFa3,selected SOZ,state_only,State only,0.2550067133287617,0.5579921753254451
RPFa3,selected SOZ,state_only,State only,0.2631235379404213,0.5562070793457838
RPFa3,selected SOZ,state_only,State only,0.2712403625520814,0.5543250519023211
RPFa3,selected SOZ,state_only,State only,0.279357187163741,0.5523376905716444
RPFa3,selected SOZ,state_only,State only,0.2874740117754011,0.5502371007824367
RPFa3,selected SOZ,state_only,State only,0.29559083638706074,0.5480160964110113
RPFa3,selected SOZ,state_only,State only,0.3037076609987208,0.5456684050291344
RPFa3,selected SOZ,state_only,State only,0.31182448561038045,0.5431888733463806
RPFa3,selected SOZ,state_only,State only,0.31994131022204053,0.5405736673599488
RPFa3,selected SOZ,state_only,State only,0.32805813483370017,0.5378204608332727
RPFa3,selected SOZ,state_only,State only,0.33617495944536024,0.5349286050541843
RPFa3,selected SOZ,state_only,State only,0.3442917840570199,0.5318992724477585
RPFa3,selected SOZ,state_only,State only,0.35240860866867996,0.5287355665981508
RPFa3,selected SOZ,state_only,State only,0.3605254332803396,0.5254425916074359
RPFa3,selected SOZ,state_only,State only,0.36864225789199967,0.5220274745051402
RPFa3,selected SOZ,state_only,State only,0.3767590825036593,0.5184993356116608
RPFa3,selected SOZ,state_only,State only,0.3848759071153194,0.5148692033184605
RPFa3,selected SOZ,state_only,State only,0.392992731726979,0.5111498716190179
RPFa3,selected SOZ,state_only,State only,0.4011095563386391,0.50735570082692
RPFa3,selected SOZ,state_only,State only,0.40922638095029873,0.5035023641528686
RPFa3,selected SOZ,state_only,State only,0.4173432055619588,0.49960654507057706
RPFa3,selected SOZ,state_only,State only,0.42546003017361844,0.49568559256644795
RPFa3,selected SOZ,state_only,State only,0.4335768547852785,0.49175714332531845
RPFa3,selected SOZ,state_only,State only,0.44169367939693815,0.48783872154746283
RPFa3,selected SOZ,state_only,State only,0.44981050400859823,0.48394732832948834
RPFa3,selected SOZ,state_only,State only,0.45792732862025787,0.4800990333025173
RPFa3,selected SOZ,state_only,State only,0.46604415323191795,0.47630858145914173
RPFa3,selected SOZ,state_only,State only,0.4741609778435776,0.4725890277979274
RPFa3,selected SOZ,state_only,State only,0.48227780245523766,0.46895141158135867
RPFa3,selected SOZ,state_only,State only,0.4903946270668973,0.46540448067888435
RPFa3,selected SOZ,state_only,State only,0.49851145167855737,0.4619544747151777
RPFa3,selected SOZ,state_only,State only,0.506628276290217,0.4586049736510117
RPFa3,selected SOZ,state_only,State only,0.5147451009018771,0.4553568160916005
RPFa3,selected SOZ,state_only,State only,0.5228619255135367,0.45220808915658084
RPFa3,selected SOZ,state_only,State only,0.5309787501251968,0.4491541892717355
RPFa3,selected SOZ,state_only,State only,0.5390955747368564,0.4461879508656608
RPFa3,selected SOZ,state_only,State only,0.5472123993485165,0.44329983777682236
RPFa3,selected SOZ,state_only,State only,0.5553292239601761,0.44047819028336116
RPFa3,selected SOZ,state_only,State only,0.5634460485718362,0.43770951912759487
RPFa3,selected SOZ,state_only,State only,0.5715628731834959,0.4349788367644438
RPFa3,selected SOZ,state_only,State only,0.5796796977951559,0.4322700153414323
RPFa3,selected SOZ,state_only,State only,0.5877965224068156,0.42956616061769515
RPFa3,selected SOZ,state_only,State only,0.5959133470184756,0.4268499911310069
RPFa3,selected SOZ,state_only,State only,0.6040301716301353,0.42410421238778795
RPFa3,selected SOZ,state_only,State only,0.6121469962417954,0.4213118766302337
RPFa3,selected SOZ,state_only,State only,0.620263820853455,0.41845671976690163
RPFa3,selected SOZ,state_only,State only,0.6283806454651151,0.41552346827254283
RPFa3,selected SOZ,state_only,State only,0.6364974700767747,0.4124981102040929
RPFa3,selected SOZ,state_only,State only,0.6446142946884348,0.4093681258790256
RPFa3,selected SOZ,state_only,State only,0.6527311193000944,0.40612267516359
RPFa3,selected SOZ,state_only,State only,0.6608479439117545,0.40275273967294273
RPFa3,selected SOZ,state_only,State only,0.6689647685234141,0.39925121945468467
RPFa3,selected SOZ,state_only,State only,0.6770815931350742,0.3956129848830429
RPFa3,selected SOZ,state_only,State only,0.6851984177467338,0.3918348855145332
RPFa3,selected SOZ,state_only,State only,0.6933152423583939,0.38791571853705825
RPFa3,selected SOZ,state_only,State only,0.7014320669700536,0.3838561601805044
RPFa3,selected SOZ,state_only,State only,0.7095488915817136,0.37965866405029847
RPFa3,selected SOZ,state_only,State only,0.7176657161933733,0.3753273308025721
RPFa3,selected SOZ,state_only,State only,0.7257825408050333,0.37086775390804877
RPFa3,selected SOZ,state_only,State only,0.733899365416693,0.366286846460805
RPFa3,selected SOZ,state_only,State only,0.7420161900283531,0.3615926540848728
RPFa3,selected SOZ,state_only,State only,0.7501330146400127,0.35679415898374134
RPFa3,selected SOZ,state_only,State only,0.7582498392516728,0.3519010800705738
RPFa3,selected SOZ,state_only,State only,0.7663666638633324,0.3469236739150741
RPFa3,selected SOZ,state_only,State only,0.7744834884749925,0.3418725409507496
RPFa3,selected SOZ,state_only,State only,0.7826003130866521,0.3367584410083859
RPFa3,selected SOZ,state_only,State only,0.7907171376983122,0.33159212178363234
RPFa3,selected SOZ,state_only,State only,0.7988339623099718,0.3263841633165446
RPFa3,selected SOZ,state_only,State only,0.8069507869216319,0.32114484096904305
RPFa3,selected SOZ,state_only,State only,0.8150676115332915,0.3158840087458503
RPFa3,selected SOZ,state_only,State only,0.8231844361449516,0.31061100413202936
RPFa3,selected SOZ,state_only,State only,0.8313012607566113,0.30533457493474075
RPFa3,selected SOZ,state_only,State only,0.8394180853682713,0.30006282793958494
RPFa3,selected SOZ,state_only,State only,0.847534909979931,0.2948031985452541
RPFa3,selected SOZ,state_only,State only,0.855651734591591,0.2895624399467824
RPFa3,selected SOZ,state_only,State only,0.8637685592032507,0.28434662991860593
RPFa3,selected SOZ,state_only,State only,0.8718853838149108,0.2791611928228848
RPFa3,selected SOZ,state_only,State only,0.8800022084265704,0.27401093415121097
RPFa3,selected SOZ,state_only,State only,0.8881190330382305,0.2689000847092958
RPFa3,selected SOZ,state_only,State only,0.8962358576498901,0.2638323514797913
RPFa3,selected SOZ,state_only,State only,0.9043526822615502,0.2588109722469025
RPFa3,selected SOZ,state_only,State only,0.9124695068732098,0.2538387712317597
RPFa3,selected SOZ,state_only,State only,0.9205863314848699,0.24891821325699173
RPFa3,selected SOZ,state_only,State only,0.9287031560965295,0.24405145431616745
RPFa3,selected SOZ,state_only,State only,0.9368199807081896,0.23924038684759738
RPFa3,selected SOZ,state_only,State only,0.9449368053198492,0.23448667847936316
RPFa3,selected SOZ,state_only,State only,0.9530536299315093,0.22979180349872413
RPFa3,selected SOZ,state_only,State only,0.961170454543169,0.22515706677973787
RPFa3,selected SOZ,state_only,State only,0.969287279154829,0.2205836203552178
RPFa3,selected SOZ,state_only,State only,0.9774041037664887,0.21607247322261863
RPFa3,selected SOZ,state_only,State only,0.9855209283781488,0.21162449531150662
RPFa3,selected SOZ,state_only,State only,0.9936377529898084,0.2072404168005499
RPFa3,selected SOZ,state_only,State only,1.0017545776014685,0.20292082414683923
RPFa3,selected SOZ,state_only,State only,1.009871402213128,0.1986661542771331
RPFa3,selected SOZ,state_only,State only,1.0179882268247882,0.19447668839108556
RPFa3,selected SOZ,state_only,State only,1.0261050514364478,0.1903525467469135
RPFa3,selected SOZ,state_only,State only,1.034221876048108,0.18629368564989382
RPFa3,selected SOZ,state_only,State only,1.0423387006597675,0.18229989765616453
RPFa3,selected SOZ,state_only,State only,1.0504555252714276,0.178370815752965
RPFa3,selected SOZ,state_only,State only,1.0585723498830872,0.17450592199714124
RPFa3,selected SOZ,state_only,State only,1.0666891744947473,0.17070456080226476
RPFa3,selected SOZ,state_only,State only,1.074805999106407,0.16696595677597173
RPFa3,selected SOZ,state_only,State only,1.082922823718067,0.16328923673696208
RPFa3,selected SOZ,state_only,State only,1.0910396483297267,0.15967345529735735
RPFa3,selected SOZ,state_only,State only,1.0991564729413867,0.1561176231904
RPFa3,selected SOZ,state_only,State only,1.1072732975530464,0.15262073736297715
RPFa3,selected SOZ,state_only,State only,1.1153901221647065,0.14918181174169445
RPFa3,selected SOZ,state_only,State only,1.123506946776366,0.14579990752224248
RPFa3,selected SOZ,state_only,State only,1.1316237713880262,0.14247416182430891
RPFa3,selected SOZ,state_only,State only,1.1397405959996858,0.13920381359584036
RPFa3,selected SOZ,state_only,State only,1.1478574206113459,0.13598822573697303
RPFa3,selected SOZ,state_only,State only,1.1559742452230055,0.13282690253984916
RPFa3,selected SOZ,state_only,State only,1.1640910698346656,0.12971950169941368
RPFa3,selected SOZ,state_only,State only,1.1722078944463252,0.1266658403350179
RPFa3,selected SOZ,state_only,State only,1.1803247190579853,0.12366589466596757
RPFa3,selected SOZ,state_only,State only,1.188441543669645,0.12071979319877489
RPFa3,selected SOZ,state_only,State only,1.196558368281305,0.11782780350275913
RPFa3,selected SOZ,state_only,State only,1.2046751928929647,0.11499031286728105
RPFa3,selected SOZ,state_only,State only,1.2127920175046247,0.11220780334210893
RPFa3,selected SOZ,state_only,State only,1.2209088421162844,0.10948082185667324
RPFa3,selected SOZ,state_only,State only,1.2290256667279444,0.10680994628913795
RPFa3,selected SOZ,state_only,State only,1.237142491339604,0.10419574850765201
RPFa3,selected SOZ,state_only,State only,1.2452593159512637,0.10163875552951002
RPFa3,selected SOZ,state_only,State only,1.2533761405629238,0.09913941003538584
RPFa3,selected SOZ,state_only,State only,1.2614929651745834,0.09669803153167418
RPFa3,selected SOZ,state_only,State only,1.2696097897862435,0.0943147794712621
RPFa3,selected SOZ,state_only,State only,1.2777266143979031,0.09198961961921967
RPFa3,selected SOZ,state_only,State only,1.2858434390095632,0.08972229488332471
RPFa3,selected SOZ,state_only,State only,1.2939602636212229,0.08751230171946218
RPFa3,selected SOZ,state_only,State only,1.302077088232883,0.08535887306953949
RPFa3,selected SOZ,state_only,State only,1.3101939128445426,0.08326096859717962
RPFa3,selected SOZ,state_only,State only,1.3183107374562026,0.08121727275839179
RPFa3,selected SOZ,state_only,State only,1.3264275620678623,0.07922620098709944
RPFa3,selected SOZ,state_only,State only,1.3345443866795224,0.07728591399725111
RPFa3,selected SOZ,state_only,State only,1.342661211291182,0.07539433991450567
RPFa3,selected SOZ,state_only,State only,1.350778035902842,0.07354920366305123
RPFa3,selected SOZ,state_only,State only,1.3588948605145017,0.0717480627598138
RPFa3,selected SOZ,state_only,State only,1.3670116851261618,0.06998834842239293
RPFa3,selected SOZ,state_only,State only,1.3751285097378214,0.0682674106912852
RPFa3,selected SOZ,state_only,State only,1.3832453343494815,0.06658256611280514
RPFa3,selected SOZ,state_only,State only,1.3913621589611411,0.06493114643590461
RPFa3,selected SOZ,state_only,State only,1.3994789835728012,0.06331054675009803
RPFa3,selected SOZ,state_only,State only,1.4075958081844608,0.06171827153568932
RPFa3,selected SOZ,state_only,State only,1.415712632796121,0.06015197721006385
RPFa3,selected SOZ,state_only,State only,1.4238294574077806,0.05860950992946856
RPFa3,selected SOZ,state_only,State only,1.4319462820194406,0.05708893763487821
RPFa3,selected SOZ,state_only,State only,1.4400631066311003,0.05558857560017003
RPFa3,selected SOZ,state_only,State only,1.4481799312427603,0.0541070050350547
RPFa3,selected SOZ,state_only,State only,1.45629675585442,0.052643084596567004
RPFa3,selected SOZ,state_only,State only,1.46441358046608,0.051195954953376366
RPFa3,selected SOZ,state_only,State only,1.4725304050777397,0.04976503680964343
RPFa3,selected SOZ,state_only,State only,1.4806472296893998,0.048350023014585373
RPFa3,selected SOZ,state_only,State only,1.4887640543010594,0.046950865548610804
RPFa3,selected SOZ,state_only,State only,1.4968808789127195,0.04556775827928529
RPFa3,selected SOZ,state_only,State only,1.5049977035243791,0.04420111641774011
RPFa3,selected SOZ,state_only,State only,1.5131145281360392,0.042851553580646635
RPFa3,selected SOZ,state_only,State only,1.5212313527476988,0.04151985728155068
RPFa3,selected SOZ,state_only,State only,1.529348177359359,0.040206963549361166
RPFa3,selected SOZ,state_only,State only,1.5374650019710185,0.03891393121553853
RPFa3,selected SOZ,state_only,State only,1.5455818265826786,0.037641916241407884
RPFa3,selected SOZ,state_only,State only,1.5536986511943383,0.0363921462900682
RPFa3,selected SOZ,state_only,State only,1.5618154758059983,0.035165895599727895
RPFa3,selected SOZ,state_only,State only,1.569932300417658,0.033964460100948564
RPFa3,selected SOZ,state_only,State only,1.578049125029318,0.032789132649778126
RPFa3,selected SOZ,state_only,State only,1.5861659496409777,0.03164117822842697
RPFa3,selected SOZ,state_only,State only,1.5942827742526378,0.03052180899649622
RPFa3,selected SOZ,state_only,State only,1.6023995988642974,0.02943215915547598
RPFa3,selected SOZ,state_only,State only,1.6105164234759575,0.028373259709367344
RPFa3,selected SOZ,state_only,State only,1.618633248087617,0.02734601335309061
RPFa3,selected SOZ,state_only,State only,1.6267500726992772,0.026351169883207466
RPFa3,selected SOZ,state_only,State only,1.6348668973109368,0.02538930268622083
RPFa3,selected SOZ,state_only,State only,1.642983721922597,0.02446078700190147
RPFa3,selected SOZ,state_only,State only,1.6511005465342565,0.02356578076747825
RPFa3,selected SOZ,state_only,State only,1.6592173711459166,0.022704208910263316
RPFa3,selected SOZ,state_only,State only,1.6673341957575762,0.021875751961998636
RPFa3,selected SOZ,state_only,State only,1.6754510203692363,0.021079839812740014
RPFa3,selected SOZ,state_only,State only,1.683567844980896,0.020315651304920912
RPFa3,selected SOZ,state_only,State only,1.691684669592556,0.019582120193501088
RPFa3,selected SOZ,state_only,State only,1.6998014942042157,0.01887794777431493
RPFa3,selected SOZ,state_only,State only,1.7079183188158757,0.018201622222084834
RPFa3,selected SOZ,state_only,State only,1.7160351434275354,0.01755144439707728
RPFa3,selected SOZ,state_only,State only,1.7241519680391955,0.01692555959174669
RPFa3,selected SOZ,state_only,State only,1.732268792650855,0.016321994413169075
RPFa3,selected SOZ,state_only,State only,1.7403856172625152,0.01573869775014696
RPFa3,selected SOZ,state_only,State only,1.7485024418741748,0.01517358457032549
RPFa3,selected SOZ,state_only,State only,1.7566192664858349,0.014624581144507601
RPFa3,selected SOZ,state_only,State only,1.7647360910974945,0.014089670211148674
RPFa3,selected SOZ,state_only,State only,1.7728529157091542,0.013566934578368226
RPFa3,selected SOZ,state_delay,State + delay,-1.8716013349261202,0.008697865890175531
RPFa3,selected SOZ,state_delay,State + delay,-1.8634845103144604,0.009251314295667439
RPFa3,selected SOZ,state_delay,State + delay,-1.8553676857028005,0.00984207850315342
RPFa3,selected SOZ,state_delay,State + delay,-1.8472508610911407,0.010470792320887986
RPFa3,selected SOZ,state_delay,State + delay,-1.8391340364794808,0.011137674587482759
RPFa3,selected SOZ,state_delay,State + delay,-1.831017211867821,0.011842496414479093
RPFa3,selected SOZ,state_delay,State + delay,-1.822900387256161,0.012584558184541562
RPFa3,selected SOZ,state_delay,State + delay,-1.8147835626445012,0.013362677815933758
RPFa3,selected SOZ,state_delay,State + delay,-1.8066667380328414,0.014175191515028987
RPFa3,selected SOZ,state_delay,State + delay,-1.7985499134211815,0.015019967865917609
RPFa3,selected SOZ,state_delay,State + delay,-1.7904330888095217,0.015894435661190504
RPFa3,selected SOZ,state_delay,State + delay,-1.7823162641978618,0.016795625377568707
RPFa3,selected SOZ,state_delay,State + delay,-1.774199439586202,0.017720223665550424
RPFa3,selected SOZ,state_delay,State + delay,-1.766082614974542,0.01866463967821546
RPFa3,selected SOZ,state_delay,State + delay,-1.7579657903628823,0.019625081537033635
RPFa3,selected SOZ,state_delay,State + delay,-1.7498489657512224,0.02059764074829909
RPFa3,selected SOZ,state_delay,State + delay,-1.7417321411395625,0.02157838196747105
RPFa3,selected SOZ,state_delay,State + delay,-1.7336153165279027,0.02256343518206046
RPFa3,selected SOZ,state_delay,State + delay,-1.7254984919162428,0.023549087164447802
RPFa3,selected SOZ,state_delay,State + delay,-1.717381667304583,0.024531868946862632
RPFa3,selected SOZ,state_delay,State + delay,-1.7092648426929231,0.025508636099022784
RPFa3,selected SOZ,state_delay,State + delay,-1.7011480180812633,0.026476638746488645
RPFa3,selected SOZ,state_delay,State + delay,-1.6930311934696034,0.02743357855128862
RPFa3,selected SOZ,state_delay,State + delay,-1.6849143688579435,0.02837765027776119
RPFa3,selected SOZ,state_delay,State + delay,-1.6767975442462837,0.029307566073647224
RPFa3,selected SOZ,state_delay,State + delay,-1.6686807196346238,0.030222561193598358
RPFa3,selected SOZ,state_delay,State + delay,-1.660563895022964,0.03112238056085889
RPFa3,selected SOZ,state_delay,State + delay,-1.6524470704113041,0.03200724628191741
RPFa3,selected SOZ,state_delay,State + delay,-1.6443302457996443,0.032877806975283114
RPFa3,selected SOZ,state_delay,State + delay,-1.6362134211879844,0.03373507052424124
RPFa3,selected SOZ,state_delay,State + delay,-1.6280965965763246,0.034580322587888804
RPFa3,selected SOZ,state_delay,State + delay,-1.6199797719646647,0.03541503387701765
RPFa3,selected SOZ,state_delay,State + delay,-1.6118629473530048,0.03624075979272223
RPFa3,selected SOZ,state_delay,State + delay,-1.603746122741345,0.03705903650708652
RPFa3,selected SOZ,state_delay,State + delay,-1.5956292981296851,0.03787127790901947
RPFa3,selected SOZ,state_delay,State + delay,-1.5875124735180253,0.03867867801872034
RPFa3,selected SOZ,state_delay,State + delay,-1.5793956489063654,0.03948212346989139
RPFa3,selected SOZ,state_delay,State + delay,-1.5712788242947056,0.04028212045421479
RPFa3,selected SOZ,state_delay,State + delay,-1.5631619996830457,0.041078740110220016
RPFa3,selected SOZ,state_delay,State + delay,-1.5550451750713858,0.04187158572064539
RPFa3,selected SOZ,state_delay,State + delay,-1.546928350459726,0.04265978427194855
RPFa3,selected SOZ,state_delay,State + delay,-1.5388115258480661,0.043442003951785525
RPFa3,selected SOZ,state_delay,State + delay,-1.5306947012364063,0.04421649805183586
RPFa3,selected SOZ,state_delay,State + delay,-1.5225778766247464,0.044981174551904805
RPFa3,selected SOZ,state_delay,State + delay,-1.5144610520130866,0.04573368944322765
RPFa3,selected SOZ,state_delay,State + delay,-1.5063442274014267,0.04647156066678649
RPFa3,selected SOZ,state_delay,State + delay,-1.4982274027897668,0.04719229846105699
RPFa3,selected SOZ,state_delay,State + delay,-1.490110578178107,0.04789354699603334
RPFa3,selected SOZ,state_delay,State + delay,-1.4819937535664471,0.04857323147357486
RPFa3,selected SOZ,state_delay,State + delay,-1.4738769289547875,0.049229704444739064
RPFa3,selected SOZ,state_delay,State + delay,-1.4657601043431274,0.04986188496538616
RPFa3,selected SOZ,state_delay,State + delay,-1.4576432797314678,0.050469384397642814
RPFa3,selected SOZ,state_delay,State + delay,-1.4495264551198077,0.051052613163800914
RPFa3,selected SOZ,state_delay,State + delay,-1.441409630508148,0.05161286354880908
RPFa3,selected SOZ,state_delay,State + delay,-1.433292805896488,0.052152364687475986
RPFa3,selected SOZ,state_delay,State + delay,-1.4251759812848284,0.05267430710680752
RPFa3,selected SOZ,state_delay,State + delay,-1.4170591566731683,0.053182835554279474
RPFa3,selected SOZ,state_delay,State + delay,-1.4089423320615087,0.05368301025321304
RPFa3,selected SOZ,state_delay,State + delay,-1.4008255074498486,0.05418073810804139
RPFa3,selected SOZ,state_delay,State + delay,-1.392708682838189,0.054682676659003004
RPFa3,selected SOZ,state_delay,State + delay,-1.3845918582265289,0.05519611468922116
RPFa3,selected SOZ,state_delay,State + delay,-1.3764750336148692,0.055728834261053566
RPFa3,selected SOZ,state_delay,State + delay,-1.3683582090032091,0.05628895956252997
RPFa3,selected SOZ,state_delay,State + delay,-1.3602413843915495,0.05688479825628543
RPFa3,selected SOZ,state_delay,State + delay,-1.3521245597798894,0.0575246810393667
RPFa3,selected SOZ,state_delay,State + delay,-1.3440077351682298,0.058216804857957875
RPFa3,selected SOZ,state_delay,State + delay,-1.3358909105565697,0.05896908470869464
RPFa3,selected SOZ,state_delay,State + delay,-1.32777408594491,0.05978901824391239
RPFa3,selected SOZ,state_delay,State + delay,-1.31965726133325,0.06068356653816964
RPFa3,selected SOZ,state_delay,State + delay,-1.3115404367215904,0.06165905342958049
RPFa3,selected SOZ,state_delay,State + delay,-1.3034236121099303,0.06272108488485922
RPFa3,selected SOZ,state_delay,State + delay,-1.2953067874982707,0.06387448891108131
RPFa3,selected SOZ,state_delay,State + delay,-1.2871899628866106,0.06512327570214481
RPFa3,selected SOZ,state_delay,State + delay,-1.279073138274951,0.06647061700532618
RPFa3,selected SOZ,state_delay,State + delay,-1.2709563136632909,0.06791884315184499
RPFa3,selected SOZ,state_delay,State + delay,-1.2628394890516312,0.06946945582960388
RPFa3,selected SOZ,state_delay,State + delay,-1.2547226644399712,0.07112315448684295
RPFa3,selected SOZ,state_delay,State + delay,-1.2466058398283115,0.07287987422974744
RPFa3,selected SOZ,state_delay,State + delay,-1.2384890152166514,0.07473883319138458
RPFa3,selected SOZ,state_delay,State + delay,-1.2303721906049918,0.0766985875713585
RPFa3,selected SOZ,state_delay,State + delay,-1.2222553659933317,0.07875709283748841
RPFa3,selected SOZ,state_delay,State + delay,-1.214138541381672,0.08091176990264527
RPFa3,selected SOZ,state_delay,State + delay,-1.206021716770012,0.08315957540274732
RPFa3,selected SOZ,state_delay,State + delay,-1.1979048921583524,0.08549707547107745
RPFa3,selected SOZ,state_delay,State + delay,-1.1897880675466923,0.08792052260143876
RPFa3,selected SOZ,state_delay,State + delay,-1.1816712429350327,0.09042593529869287
RPFa3,selected SOZ,state_delay,State + delay,-1.1735544183233726,0.09300918022023137
RPFa3,selected SOZ,state_delay,State + delay,-1.165437593711713,0.09566605641631877
RPFa3,selected SOZ,state_delay,State + delay,-1.1573207691000529,0.09839238109140978
RPFa3,selected SOZ,state_delay,State + delay,-1.1492039444883932,0.10118407605141
RPFa3,selected SOZ,state_delay,State + delay,-1.1410871198767332,0.10403725369960272
RPFa3,selected SOZ,state_delay,State + delay,-1.1329702952650735,0.10694830112727793
RPFa3,selected SOZ,state_delay,State + delay,-1.1248534706534135,0.10991396054711101
RPFa3,selected SOZ,state_delay,State + delay,-1.1167366460417538,0.11293140407037298
RPFa3,selected SOZ,state_delay,State + delay,-1.1086198214300937,0.11599830066239983
RPFa3,selected SOZ,state_delay,State + delay,-1.100502996818434,0.11911287304783884
RPFa3,selected SOZ,state_delay,State + delay,-1.0923861722067743,0.12227394239390701
RPFa3,selected SOZ,state_delay,State + delay,-1.0842693475951144,0.12548095878295173
RPFa3,selected SOZ,state_delay,State + delay,-1.0761525229834545,0.12873401579212318
RPFa3,selected SOZ,state_delay,State + delay,-1.0680356983717947,0.13203384791544895
RPFa3,selected SOZ,state_delay,State + delay,-1.0599188737601348,0.1353818100711194
RPFa3,selected SOZ,state_delay,State + delay,-1.051802049148475,0.13877983900657556
RPFa3,selected SOZ,state_delay,State + delay,-1.0436852245368151,0.14223039701387058
RPFa3,selected SOZ,state_delay,State + delay,-1.0355683999251553,0.1457363989638502
RPFa3,selected SOZ,state_delay,State + delay,-1.0274515753134954,0.1493011242272575
RPFa3,selected SOZ,state_delay,State + delay,-1.0193347507018355,0.15292811554508873
RPFa3,selected SOZ,state_delay,State + delay,-1.0112179260901757,0.15662106731683068
RPFa3,selected SOZ,state_delay,State + delay,-1.0031011014785158,0.1603837060787661
RPFa3,selected SOZ,state_delay,State + delay,-0.994984276866856,0.1642196661393793
RPFa3,selected SOZ,state_delay,State + delay,-0.9868674522551961,0.1681323634273406
RPFa3,selected SOZ,state_delay,State + delay,-0.9787506276435363,0.1721248705997913
RPFa3,selected SOZ,state_delay,State + delay,-0.9706338030318764,0.17619979637025748
RPFa3,selected SOZ,state_delay,State + delay,-0.9625169784202166,0.1803591718657748
RPFa3,selected SOZ,state_delay,State + delay,-0.9544001538085567,0.1846043466313461
RPFa3,selected SOZ,state_delay,State + delay,-0.9462833291968968,0.1889358966845887
RPFa3,selected SOZ,state_delay,State + delay,-0.938166504585237,0.19335354679794692
RPFa3,selected SOZ,state_delay,State + delay,-0.9300496799735771,0.19785610895778458
RPFa3,selected SOZ,state_delay,State + delay,-0.9219328553619173,0.20244143872005846
RPFa3,selected SOZ,state_delay,State + delay,-0.9138160307502574,0.20710641094560686
RPFa3,selected SOZ,state_delay,State + delay,-0.9056992061385976,0.21184691614337164
RPFa3,selected SOZ,state_delay,State + delay,-0.8975823815269377,0.2166578783627364
RPFa3,selected SOZ,state_delay,State + delay,-0.8894655569152778,0.22153329524118479
RPFa3,selected SOZ,state_delay,State + delay,-0.881348732303618,0.22646630041724541
RPFa3,selected SOZ,state_delay,State + delay,-0.8732319076919581,0.23144924805219722
RPFa3,selected SOZ,state_delay,State + delay,-0.8651150830802983,0.23647381866557937
RPFa3,selected SOZ,state_delay,State + delay,-0.8569982584686384,0.24153114488569596
RPFa3,selected SOZ,state_delay,State + delay,-0.8488814338569786,0.24661195506347583
RPFa3,selected SOZ,state_delay,State + delay,-0.8407646092453187,0.2517067320212037
RPFa3,selected SOZ,state_delay,State + delay,-0.8326477846336588,0.2568058835398996
RPFa3,selected SOZ,state_delay,State + delay,-0.824530960021999,0.2618999205688221
RPFa3,selected SOZ,state_delay,State + delay,-0.8164141354103391,0.26697963860863794
RPFa3,selected SOZ,state_delay,State + delay,-0.8082973107986793,0.2720362973162845
RPFa3,selected SOZ,state_delay,State + delay,-0.8001804861870194,0.2770617931402425
RPFa3,selected SOZ,state_delay,State + delay,-0.7920636615753596,0.28204881974812596
RPFa3,selected SOZ,state_delay,State + delay,-0.7839468369636997,0.28699101117263
RPFa3,selected SOZ,state_delay,State + delay,-0.7758300123520399,0.291883062983297
RPFa3,selected SOZ,state_delay,State + delay,-0.76771318774038,0.2967208273845071
RPFa3,selected SOZ,state_delay,State + delay,-0.7595963631287201,0.3015013789256266
RPFa3,selected SOZ,state_delay,State + delay,-0.7514795385170603,0.3062230484577457
RPFa3,selected SOZ,state_delay,State + delay,-0.7433627139054004,0.3108854240430895
RPFa3,selected SOZ,state_delay,State + delay,-0.7352458892937406,0.3154893186713177
RPFa3,selected SOZ,state_delay,State + delay,-0.7271290646820807,0.32003670581050553
RPFa3,selected SOZ,state_delay,State + delay,-0.7190122400704209,0.3245306249665987
RPFa3,selected SOZ,state_delay,State + delay,-0.710895415458761,0.3289750604923357
RPFa3,selected SOZ,state_delay,State + delay,-0.7027785908471011,0.3333747978267974
RPFa3,selected SOZ,state_delay,State + delay,-0.6946617662354413,0.3377352621180354
RPFa3,selected SOZ,state_delay,State + delay,-0.6865449416237814,0.34206234474879116
RPFa3,selected SOZ,state_delay,State + delay,-0.6784281170121216,0.3463622236234939
RPFa3,selected SOZ,state_delay,State + delay,-0.6703112924004617,0.3506411831672813
RPFa3,selected SOZ,state_delay,State + delay,-0.6621944677888019,0.3549054398292048
RPFa3,selected SOZ,state_delay,State + delay,-0.654077643177142,0.35916097847701367
RPFa3,selected SOZ,state_delay,State + delay,-0.6459608185654822,0.363413404436099
RPFa3,selected SOZ,state_delay,State + delay,-0.6378439939538223,0.3676678150872415
RPFa3,selected SOZ,state_delay,State + delay,-0.6297271693421624,0.371928693933992
RPFa3,selected SOZ,state_delay,State + delay,-0.6216103447305026,0.37619982892765763
RPFa3,selected SOZ,state_delay,State + delay,-0.6134935201188427,0.3804842556512608
RPFa3,selected SOZ,state_delay,State + delay,-0.6053766955071829,0.3847842247745935
RPFa3,selected SOZ,state_delay,State + delay,-0.597259870895523,0.389101192065765
RPFa3,selected SOZ,state_delay,State + delay,-0.5891430462838632,0.3934358282454827
RPFa3,selected SOZ,state_delay,State + delay,-0.5810262216722033,0.39778804516064203
RPFa3,selected SOZ,state_delay,State + delay,-0.5729093970605434,0.40215703418729065
RPFa3,selected SOZ,state_delay,State + delay,-0.5647925724488836,0.4065413124916388
RPFa3,selected SOZ,state_delay,State + delay,-0.5566757478372237,0.4109387728074
RPFa3,selected SOZ,state_delay,State + delay,-0.5485589232255639,0.41534673273452444
RPFa3,selected SOZ,state_delay,State + delay,-0.540442098613904,0.419761980213787
RPFa3,selected SOZ,state_delay,State + delay,-0.5323252740022442,0.4241808127460718
RPFa3,selected SOZ,state_delay,State + delay,-0.5242084493905843,0.4285990690467831
RPFa3,selected SOZ,state_delay,State + delay,-0.5160916247789245,0.43301215307742463
RPFa3,selected SOZ,state_delay,State + delay,-0.5079748001672646,0.4374150516883138
RPFa3,selected SOZ,state_delay,State + delay,-0.49985797555560474,0.44180234833992976
RPFa3,selected SOZ,state_delay,State + delay,-0.4917411509439449,0.44616823644711234
RPFa3,selected SOZ,state_delay,State + delay,-0.483624326332285,0.4505065367182824
RPFa3,selected SOZ,state_delay,State + delay,-0.47550750172062517,0.4548107233629419
RPFa3,selected SOZ,state_delay,State + delay,-0.4673906771089653,0.45907396415825397
RPFa3,selected SOZ,state_delay,State + delay,-0.45927385249730546,0.46328917906778977
RPFa3,selected SOZ,state_delay,State + delay,-0.4511570278856456,0.4674491213901824
RPFa3,selected SOZ,state_delay,State + delay,-0.44304020327398574,0.4715464843093774
RPFa3,selected SOZ,state_delay,State + delay,-0.4349233786623259,0.4755740342770964
RPFa3,selected SOZ,state_delay,State + delay,-0.42680655405066603,0.47952477096148605
RPFa3,selected SOZ,state_delay,State + delay,-0.4186897294390062,0.48339211164315493
RPFa3,selected SOZ,state_delay,State + delay,-0.4105729048273463,0.4871700960417806
RPFa3,selected SOZ,state_delay,State + delay,-0.40245608021568646,0.4908536057289772
RPFa3,selected SOZ,state_delay,State + delay,-0.3943392556040266,0.4944385906392355
RPFa3,selected SOZ,state_delay,State + delay,-0.38622243099236675,0.4979222938329503
RPFa3,selected SOZ,state_delay,State + delay,-0.3781056063807069,0.501303464680867
RPFa3,selected SOZ,state_delay,State + delay,-0.36998878176904704,0.5045825500940658
RPFa3,selected SOZ,state_delay,State + delay,-0.3618719571573872,0.5077618533611741
RPFa3,selected SOZ,state_delay,State + delay,-0.3537551325457273,0.5108456505935574
RPFa3,selected SOZ,state_delay,State + delay,-0.34563830793406747,0.5138402557153415
RPFa3,selected SOZ,state_delay,State + delay,-0.3375214833224076,0.5167540263402857
RPFa3,selected SOZ,state_delay,State + delay,-0.32940465871074776,0.5195973047054823
RPFa3,selected SOZ,state_delay,State + delay,-0.3212878340990879,0.5223822900175378
RPFa3,selected SOZ,state_delay,State + delay,-0.31317100948742826,0.5251228410331595
RPFa3,selected SOZ,state_delay,State + delay,-0.3050541848757684,0.5278342103525239
RPFa3,selected SOZ,state_delay,State + delay,-0.29693736026410855,0.5305327146537334
RPFa3,selected SOZ,state_delay,State + delay,-0.2888205356524487,0.5332353478350809
RPFa3,selected SOZ,state_delay,State + delay,-0.28070371104078884,0.5359593466515677
RPFa3,selected SOZ,state_delay,State + delay,-0.272586886429129,0.5387217208235774
RPFa3,selected SOZ,state_delay,State + delay,-0.2644700618174691,0.5415387616513633
RPFa3,selected SOZ,state_delay,State + delay,-0.25635323720580927,0.5444255447853246
RPFa3,selected SOZ,state_delay,State + delay,-0.2482364125941494,0.5473954438857467
RPFa3,selected SOZ,state_delay,State + delay,-0.24011958798248956,0.5504596723759073
RPFa3,selected SOZ,state_delay,State + delay,-0.2320027633708297,0.5536268702877787
RPFa3,selected SOZ,state_delay,State + delay,-0.22388593875916984,0.5569027522838976
RPFa3,selected SOZ,state_delay,State + delay,-0.21576911414751,0.5602898313049826
RPFa3,selected SOZ,state_delay,State + delay,-0.20765228953585013,0.5637872299678423
RPFa3,selected SOZ,state_delay,State + delay,-0.19953546492419028,0.5673905888860513
RPFa3,selected SOZ,state_delay,State + delay,-0.19141864031253042,0.5710920776083184
RPFa3,selected SOZ,state_delay,State + delay,-0.18330181570087056,0.5748805100030103
RPFa3,selected SOZ,state_delay,State + delay,-0.1751849910892107,0.5787415618298071
RPFa3,selected SOZ,state_delay,State + delay,-0.16706816647755085,0.5826580841215223
RPFa3,selected SOZ,state_delay,State + delay,-0.158951341865891,0.5866105020544183
RPFa3,selected SOZ,state_delay,State + delay,-0.15083451725423114,0.590577285418793
RPFa3,selected SOZ,state_delay,State + delay,-0.14271769264257128,0.5945354738056844
RPFa3,selected SOZ,state_delay,State + delay,-0.13460086803091142,0.5984612373680096
RPFa3,selected SOZ,state_delay,State + delay,-0.12648404341925157,0.6023304526251789
RPFa3,selected SOZ,state_delay,State + delay,-0.11836721880759171,0.6061192723427348
RPFa3,selected SOZ,state_delay,State + delay,-0.11025039419593186,0.6098046690611212
RPFa3,selected SOZ,state_delay,State + delay,-0.102133569584272,0.6133649333429115
RPFa3,selected SOZ,state_delay,State + delay,-0.09401674497261214,0.6167801101705297
RPFa3,selected SOZ,state_delay,State + delay,-0.08589992036095229,0.6200323600228125
RPFa3,selected SOZ,state_delay,State + delay,-0.07778309574929243,0.6231062348108908
RPFa3,selected SOZ,state_delay,State + delay,-0.06966627113763257,0.6259888628566654
RPFa3,selected SOZ,state_delay,State + delay,-0.06154944652597272,0.628670041228372
RPFa3,selected SOZ,state_delay,State + delay,-0.05343262191431286,0.6311422377858178
RPFa3,selected SOZ,state_delay,State + delay,-0.045315797302653005,0.6334005090251994
RPFa3,selected SOZ,state_delay,State + delay,-0.03719897269099315,0.6354423430694837
RPFa3,selected SOZ,state_delay,State + delay,-0.029082148079333292,0.6372674397823693
RPFa3,selected SOZ,state_delay,State + delay,-0.020965323467673436,0.6388774418939435
RPFa3,selected SOZ,state_delay,State + delay,-0.01284849885601358,0.6402756321631748
RPFa3,selected SOZ,state_delay,State + delay,-0.004731674244353723,0.6414666119643591
RPFa3,selected SOZ,state_delay,State + delay,0.0033851503673061334,0.6424559763111175
RPFa3,selected SOZ,state_delay,State + delay,0.01150197497896599,0.6432499993002135
RPFa3,selected SOZ,state_delay,State + delay,0.019618799590625846,0.6438553423735953
RPFa3,selected SOZ,state_delay,State + delay,0.027735624202285702,0.6442787957845532
RPFa3,selected SOZ,state_delay,State + delay,0.03585244881394556,0.64452706134525
RPFa3,selected SOZ,state_delay,State + delay,0.043969273425605415,0.6446065820608207
RPFa3,selected SOZ,state_delay,State + delay,0.05208609803726527,0.6445234217444817
RPFa3,selected SOZ,state_delay,State + delay,0.06020292264892513,0.6442831952696723
RPFa3,selected SOZ,state_delay,State + delay,0.06831974726058498,0.643891047843492
RPFa3,selected SOZ,state_delay,State + delay,0.07643657187224484,0.6433516796555315
RPFa3,selected SOZ,state_delay,State + delay,0.0845533964839047,0.642669410522699
RPFa3,selected SOZ,state_delay,State + delay,0.09267022109556455,0.6418482777518958
RPFa3,selected SOZ,state_delay,State + delay,0.10078704570722441,0.6408921593988804
RPFa3,selected SOZ,state_delay,State + delay,0.10890387031888427,0.6398049144205024
RPFa3,selected SOZ,state_delay,State + delay,0.11702069493054412,0.6385905308941509
RPFa3,selected SOZ,state_delay,State + delay,0.12513751954220398,0.637253273498417
RPFa3,selected SOZ,state_delay,State + delay,0.13325434415386406,0.6357978217906698
RPFa3,selected SOZ,state_delay,State + delay,0.1413711687655237,0.6342293914522078
RPFa3,selected SOZ,state_delay,State + delay,0.14948799337718377,0.6325538315658529
RPFa3,selected SOZ,state_delay,State + delay,0.1576048179888434,0.6307776921062379
RPFa3,selected SOZ,state_delay,State + delay,0.16572164260050348,0.6289082571167194
RPFa3,selected SOZ,state_delay,State + delay,0.17383846721216312,0.6269535404738698
RPFa3,selected SOZ,state_delay,State + delay,0.1819552918238232,0.624922242652288
RPFa3,selected SOZ,state_delay,State + delay,0.19007211643548283,0.6228236684501307
RPFa3,selected SOZ,state_delay,State + delay,0.1981889410471429,0.620667607169552
RPFa3,selected SOZ,state_delay,State + delay,0.20630576565880254,0.6184641782177032
RPFa3,selected SOZ,state_delay,State + delay,0.21442259027046218,0.6162236464569137
RPFa3,selected SOZ,state_delay,State + delay,0.22253941488212226,0.6139562128442619
RPFa3,selected SOZ,state_delay,State + delay,0.2306562394937819,0.6116717869229359
RPFa3,selected SOZ,state_delay,State + delay,0.23877306410544197,0.6093797485276288
RPFa3,selected SOZ,state_delay,State + delay,0.2468898887171016,0.6070887066175327
RPFa3,selected SOZ,state_delay,State + delay,0.2550067133287617,0.6048062634330718
RPFa3,selected SOZ,state_delay,State + delay,0.2631235379404213,0.6025387921749847
RPFa3,selected SOZ,state_delay,State + delay,0.2712403625520814,0.6002912361218683
RPFa3,selected SOZ,state_delay,State + delay,0.279357187163741,0.598066936540071
RPFa3,selected SOZ,state_delay,State + delay,0.2874740117754011,0.595867495910924
RPFa3,selected SOZ,state_delay,State + delay,0.29559083638706074,0.5936926819288189
RPFa3,selected SOZ,state_delay,State + delay,0.3037076609987208,0.5915403764420838
RPFa3,selected SOZ,state_delay,State + delay,0.31182448561038045,0.589406572060173
RPFa3,selected SOZ,state_delay,State + delay,0.31994131022204053,0.5872854175871448
RPFa3,selected SOZ,state_delay,State + delay,0.32805813483370017,0.5851693118213982
RPFa3,selected SOZ,state_delay,State + delay,0.33617495944536024,0.5830490436505058
RPFa3,selected SOZ,state_delay,State + delay,0.3442917840570199,0.5809139748335526
RPFa3,selected SOZ,state_delay,State + delay,0.35240860866867996,0.5787522604678552
RPFa3,selected SOZ,state_delay,State + delay,0.3605254332803396,0.576551100942086
RPFa3,selected SOZ,state_delay,State + delay,0.36864225789199967,0.5742970182346171
RPFa3,selected SOZ,state_delay,State + delay,0.3767590825036593,0.5719761487619468
RPFa3,selected SOZ,state_delay,State + delay,0.3848759071153194,0.5695745446385719
RPFa3,selected SOZ,state_delay,State + delay,0.392992731726979,0.5670784751802075
RPFa3,selected SOZ,state_delay,State + delay,0.4011095563386391,0.564474720751264
RPFa3,selected SOZ,state_delay,State + delay,0.40922638095029873,0.5617508515919588
RPFa3,selected SOZ,state_delay,State + delay,0.4173432055619588,0.5588954850134271
RPFa3,selected SOZ,state_delay,State + delay,0.42546003017361844,0.5558985152618786
RPFa3,selected SOZ,state_delay,State + delay,0.4335768547852785,0.5527513113625533
RPFa3,selected SOZ,state_delay,State + delay,0.44169367939693815,0.549446879297845
RPFa3,selected SOZ,state_delay,State + delay,0.44981050400859823,0.5459799858953998
RPFa3,selected SOZ,state_delay,State + delay,0.45792732862025787,0.5423472427560678
RPFa3,selected SOZ,state_delay,State + delay,0.46604415323191795,0.5385471494089379
RPFa3,selected SOZ,state_delay,State + delay,0.4741609778435776,0.5345800956288923
RPFa3,selected SOZ,state_delay,State + delay,0.48227780245523766,0.5304483234962806
RPFa3,selected SOZ,state_delay,State + delay,0.4903946270668973,0.5261558503391287
RPFa3,selected SOZ,state_delay,State + delay,0.49851145167855737,0.5217083542076794
RPFa3,selected SOZ,state_delay,State + delay,0.506628276290217,0.5171130240271444
RPFa3,selected SOZ,state_delay,State + delay,0.5147451009018771,0.512378377095475
RPFa3,selected SOZ,state_delay,State + delay,0.5228619255135367,0.5075140471703246
RPFa3,selected SOZ,state_delay,State + delay,0.5309787501251968,0.5025305470418348
RPFa3,selected SOZ,state_delay,State + delay,0.5390955747368564,0.4974390102188229
RPFa3,selected SOZ,state_delay,State + delay,0.5472123993485165,0.4922509171470263
RPFa3,selected SOZ,state_delay,State + delay,0.5553292239601761,0.4869778121935497
RPFa3,selected SOZ,state_delay,State + delay,0.5634460485718362,0.48163101841606765
RPFa3,selected SOZ,state_delay,State + delay,0.5715628731834959,0.4762213578206946
RPFa3,selected SOZ,state_delay,State + delay,0.5796796977951559,0.47075888532300125
RPFa3,selected SOZ,state_delay,State + delay,0.5877965224068156,0.46525264488608165
RPFa3,selected SOZ,state_delay,State + delay,0.5959133470184756,0.4597104562501808
RPFa3,selected SOZ,state_delay,State + delay,0.6040301716301353,0.45413874023656525
RPFa3,selected SOZ,state_delay,State + delay,0.6121469962417954,0.4485423897735272
RPFa3,selected SOZ,state_delay,State + delay,0.620263820853455,0.44292469254997957
RPFa3,selected SOZ,state_delay,State + delay,0.6283806454651151,0.43728730957737894
RPFa3,selected SOZ,state_delay,State + delay,0.6364974700767747,0.431630311988254
RPFa3,selected SOZ,state_delay,State + delay,0.6446142946884348,0.42595227620158393
RPFa3,selected SOZ,state_delay,State + delay,0.6527311193000944,0.4202504352461519
RPFa3,selected SOZ,state_delay,State + delay,0.6608479439117545,0.4145208816731885
RPFa3,selected SOZ,state_delay,State + delay,0.6689647685234141,0.4087588152375907
RPFa3,selected SOZ,state_delay,State + delay,0.6770815931350742,0.40295882650970744
RPFa3,selected SOZ,state_delay,State + delay,0.6851984177467338,0.39711520591507676
RPFa3,selected SOZ,state_delay,State + delay,0.6933152423583939,0.39122226648640446
RPFa3,selected SOZ,state_delay,State + delay,0.7014320669700536,0.38527466792559817
RPFa3,selected SOZ,state_delay,State + delay,0.7095488915817136,0.37926772945788195
RPFa3,selected SOZ,state_delay,State + delay,0.7176657161933733,0.37319771942660657
RPFa3,selected SOZ,state_delay,State + delay,0.7257825408050333,0.36706211060353533
RPFa3,selected SOZ,state_delay,State + delay,0.733899365416693,0.36085979172103944
RPFa3,selected SOZ,state_delay,State + delay,0.7420161900283531,0.3545912276858965
RPFa3,selected SOZ,state_delay,State + delay,0.7501330146400127,0.3482585632035514
RPFa3,selected SOZ,state_delay,State + delay,0.7582498392516728,0.3418656670039237
RPFa3,selected SOZ,state_delay,State + delay,0.7663666638633324,0.3354181163847788
RPFa3,selected SOZ,state_delay,State + delay,0.7744834884749925,0.3289231242452863
RPFa3,selected SOZ,state_delay,State + delay,0.7826003130866521,0.3223894130478482
RPFa3,selected SOZ,state_delay,State + delay,0.7907171376983122,0.3158270421128811
RPFa3,selected SOZ,state_delay,State + delay,0.7988339623099718,0.30924719623232905
RPFa3,selected SOZ,state_delay,State + delay,0.8069507869216319,0.30266194472245306
RPFa3,selected SOZ,state_delay,State + delay,0.8150676115332915,0.29608398069241376
RPFa3,selected SOZ,state_delay,State + delay,0.8231844361449516,0.2895263504786942
RPFa3,selected SOZ,state_delay,State + delay,0.8313012607566113,0.28300218291069684
RPFa3,selected SOZ,state_delay,State + delay,0.8394180853682713,0.27652442737865474
RPFa3,selected SOZ,state_delay,State + delay,0.847534909979931,0.2701056086399243
RPFa3,selected SOZ,state_delay,State + delay,0.855651734591591,0.2637576050067094
RPFa3,selected SOZ,state_delay,State + delay,0.8637685592032507,0.25749145509807886
RPFa3,selected SOZ,state_delay,State + delay,0.8718853838149108,0.2513171968036842
RPFa3,selected SOZ,state_delay,State + delay,0.8800022084265704,0.2452437405831204
RPFa3,selected SOZ,state_delay,State + delay,0.8881190330382305,0.23927877779033224
RPFa3,selected SOZ,state_delay,State + delay,0.8962358576498901,0.2334287234295313
RPFa3,selected SOZ,state_delay,State + delay,0.9043526822615502,0.22769869166336906
RPFa3,selected SOZ,state_delay,State + delay,0.9124695068732098,0.2220925015331484
RPFa3,selected SOZ,state_delay,State + delay,0.9205863314848699,0.21661270972414445
RPFa3,selected SOZ,state_delay,State + delay,0.9287031560965295,0.21126066681036962
RPFa3,selected SOZ,state_delay,State + delay,0.9368199807081896,0.206036593222105
RPFa3,selected SOZ,state_delay,State + delay,0.9449368053198492,0.20093967116666717
RPFa3,selected SOZ,state_delay,State + delay,0.9530536299315093,0.1959681488617116
RPFa3,selected SOZ,state_delay,State + delay,0.961170454543169,0.19111945367251915
RPFa3,selected SOZ,state_delay,State + delay,0.969287279154829,0.18639031104220133
RPFa3,selected SOZ,state_delay,State + delay,0.9774041037664887,0.18177686643243182
RPFa3,selected SOZ,state_delay,State + delay,0.9855209283781488,0.17727480782361296
RPFa3,selected SOZ,state_delay,State + delay,0.9936377529898084,0.17287948663538788
RPFa3,selected SOZ,state_delay,State + delay,1.0017545776014685,0.16858603520662047
RPFa3,selected SOZ,state_delay,State + delay,1.009871402213128,0.16438947921080083
RPFa3,selected SOZ,state_delay,State + delay,1.0179882268247882,0.16028484357711895
RPFa3,selected SOZ,state_delay,State + delay,1.0261050514364478,0.15626725064334404
RPFa3,selected SOZ,state_delay,State + delay,1.034221876048108,0.15233200939240976
RPFa3,selected SOZ,state_delay,State + delay,1.0423387006597675,0.14847469473146094
RPFa3,selected SOZ,state_delay,State + delay,1.0504555252714276,0.14469121587282707
RPFa3,selected SOZ,state_delay,State + delay,1.0585723498830872,0.14097787298435838
RPFa3,selected SOZ,state_delay,State + delay,1.0666891744947473,0.13733140140438102
RPFa3,selected SOZ,state_delay,State + delay,1.074805999106407,0.13374900287541064
RPFa3,selected SOZ,state_delay,State + delay,1.082922823718067,0.1302283634489414
RPFa3,selected SOZ,state_delay,State + delay,1.0910396483297267,0.12676765795618247
RPFa3,selected SOZ,state_delay,State + delay,1.0991564729413867,0.12336554122692117
RPFa3,selected SOZ,state_delay,State + delay,1.1072732975530464,0.12002112656651201
RPFa3,selected SOZ,state_delay,State + delay,1.1153901221647065,0.11673395235953894
RPFa3,selected SOZ,state_delay,State + delay,1.123506946776366,0.11350393804326564
RPFa3,selected SOZ,state_delay,State + delay,1.1316237713880262,0.11033133106494651
RPFa3,selected SOZ,state_delay,State + delay,1.1397405959996858,0.10721664678150218
RPFa3,selected SOZ,state_delay,State + delay,1.1478574206113459,0.10416060355278427
RPFa3,selected SOZ,state_delay,State + delay,1.1559742452230055,0.10116405549582402
RPFa3,selected SOZ,state_delay,State + delay,1.1640910698346656,0.0982279254844009
RPFa3,selected SOZ,state_delay,State + delay,1.1722078944463252,0.09535314097828705
RPFa3,selected SOZ,state_delay,State + delay,1.1803247190579853,0.09254057513881504
RPFa3,selected SOZ,state_delay,State + delay,1.188441543669645,0.0897909954300004
RPFa3,selected SOZ,state_delay,State + delay,1.196558368281305,0.08710502152516414
RPFa3,selected SOZ,state_delay,State + delay,1.2046751928929647,0.0844830938555269
RPFa3,selected SOZ,state_delay,State + delay,1.2127920175046247,0.08192545357646842
RPFa3,selected SOZ,state_delay,State + delay,1.2209088421162844,0.07943213412307026
RPFa3,selected SOZ,state_delay,State + delay,1.2290256667279444,0.07700296391786848
RPFa3,selected SOZ,state_delay,State + delay,1.237142491339604,0.07463757922033672
RPFa3,selected SOZ,state_delay,State + delay,1.2452593159512637,0.07233544560732484
RPFa3,selected SOZ,state_delay,State + delay,1.2533761405629238,0.07009588617862829
RPFa3,selected SOZ,state_delay,State + delay,1.2614929651745834,0.0679181143158274
RPFa3,selected SOZ,state_delay,State + delay,1.2696097897862435,0.06580126869875669
RPFa3,selected SOZ,state_delay,State + delay,1.2777266143979031,0.06374444830411863
RPFa3,selected SOZ,state_delay,State + delay,1.2858434390095632,0.06174674526531905
RPFa3,selected SOZ,state_delay,State + delay,1.2939602636212229,0.059807273741948656
RPFa3,selected SOZ,state_delay,State + delay,1.302077088232883,0.05792519330423039
RPFa3,selected SOZ,state_delay,State + delay,1.3101939128445426,0.056099725750307
RPFa3,selected SOZ,state_delay,State + delay,1.3183107374562026,0.05433016470919816
RPFa3,selected SOZ,state_delay,State + delay,1.3264275620678623,0.0526158778084365
RPFa3,selected SOZ,state_delay,State + delay,1.3345443866795224,0.0509563015763673
RPFa3,selected SOZ,state_delay,State + delay,1.342661211291182,0.04935092958546588
RPFa3,selected SOZ,state_delay,State + delay,1.350778035902842,0.04779929461336618
RPFa3,selected SOZ,state_delay,State + delay,1.3588948605145017,0.046300945799387636
RPFa3,selected SOZ,state_delay,State + delay,1.3670116851261618,0.04485542191007541
RPFa3,selected SOZ,state_delay,State + delay,1.3751285097378214,0.04346222190701357
RPFa3,selected SOZ,state_delay,State + delay,1.3832453343494815,0.04212077404631935
RPFa3,selected SOZ,state_delay,State + delay,1.3913621589611411,0.0408304047448422
RPFa3,selected SOZ,state_delay,State + delay,1.3994789835728012,0.03959030843437389
RPFa3,selected SOZ,state_delay,State + delay,1.4075958081844608,0.03839951959974598
RPFa3,selected SOZ,state_delay,State + delay,1.415712632796121,0.037256888162304574
RPFa3,selected SOZ,state_delay,State + delay,1.4238294574077806,0.03616105932466339
RPFa3,selected SOZ,state_delay,State + delay,1.4319462820194406,0.03511045892909908
RPFa3,selected SOZ,state_delay,State + delay,1.4400631066311003,0.03410328529075247
RPFa3,selected SOZ,state_delay,State + delay,1.4481799312427603,0.033137508337152025
RPFa3,selected SOZ,state_delay,State + delay,1.45629675585442,0.032210876707964776
RPFa3,selected SOZ,state_delay,State + delay,1.46441358046608,0.031320933237252574
RPFa3,selected SOZ,state_delay,State + delay,1.4725304050777397,0.03046503895415626
RPFa3,selected SOZ,state_delay,State + delay,1.4806472296893998,0.029640405402667734
RPFa3,selected SOZ,state_delay,State + delay,1.4887640543010594,0.028844134709769608
RPFa3,selected SOZ,state_delay,State + delay,1.4968808789127195,0.028073266442874292
RPFa3,selected SOZ,state_delay,State + delay,1.5049977035243791,0.027324829916396638
RPFa3,selected SOZ,state_delay,State + delay,1.5131145281360392,0.026595900260500106
RPFa3,selected SOZ,state_delay,State + delay,1.5212313527476988,0.02588365627997056
RPFa3,selected SOZ,state_delay,State + delay,1.529348177359359,0.02518543793267557
RPFa3,selected SOZ,state_delay,State + delay,1.5374650019710185,0.024498801164992937
RPFa3,selected SOZ,state_delay,State + delay,1.5455818265826786,0.023821567868469815
RPFa3,selected SOZ,state_delay,State + delay,1.5536986511943383,0.023151868871645897
RPFa3,selected SOZ,state_delay,State + delay,1.5618154758059983,0.022488178147929496
RPFa3,selected SOZ,state_delay,State + delay,1.569932300417658,0.021829336790177324
RPFa3,selected SOZ,state_delay,State + delay,1.578049125029318,0.02117456575291038
RPFa3,selected SOZ,state_delay,State + delay,1.5861659496409777,0.020523466865794465
RPFa3,selected SOZ,state_delay,State + delay,1.5942827742526378,0.01987601214559986
RPFa3,selected SOZ,state_delay,State + delay,1.6023995988642974,0.01923252194613836
RPFa3,selected SOZ,state_delay,State + delay,1.6105164234759575,0.01859363295637672
RPFa3,selected SOZ,state_delay,State + delay,1.618633248087617,0.01796025746008893
RPFa3,selected SOZ,state_delay,State + delay,1.6267500726992772,0.01733353558613413
RPFa3,selected SOZ,state_delay,State + delay,1.6348668973109368,0.01671478249409855
RPFa3,selected SOZ,state_delay,State + delay,1.642983721922597,0.016105432550590583
RPFa3,selected SOZ,state_delay,State + delay,1.6511005465342565,0.015506982559239131
RPFa3,selected SOZ,state_delay,State + delay,1.6592173711459166,0.01492093602111415
RPFa3,selected SOZ,state_delay,State + delay,1.6673341957575762,0.014348750235569521
RPFa3,selected SOZ,state_delay,State + delay,1.6754510203692363,0.0137917878214518
RPFa3,selected SOZ,state_delay,State + delay,1.683567844980896,0.013251273963882534
RPFa3,selected SOZ,state_delay,State + delay,1.691684669592556,0.012728260391058463
RPFa3,selected SOZ,state_delay,State + delay,1.6998014942042157,0.012223596775991035
RPFa3,selected SOZ,state_delay,State + delay,1.7079183188158757,0.011737909954724887
RPFa3,selected SOZ,state_delay,State + delay,1.7160351434275354,0.011271591067255084
RPFa3,selected SOZ,state_delay,State + delay,1.7241519680391955,0.010824790468854059
RPFa3,selected SOZ,state_delay,State + delay,1.732268792650855,0.01039742003353787
RPFa3,selected SOZ,state_delay,State + delay,1.7403856172625152,0.009989162281030127
RPFa3,selected SOZ,state_delay,State + delay,1.7485024418741748,0.009599485604813555
RPFa3,selected SOZ,state_delay,State + delay,1.7566192664858349,0.009227664761188088
RPFa3,selected SOZ,state_delay,State + delay,1.7647360910974945,0.008872805696226222
RPFa3,selected SOZ,state_delay,State + delay,1.7728529157091542,0.008533873737151084
RPFa3,selected SOZ,state_delay_graph,State + delay + graph,-1.8716013349261202,0.0037230618809917424
RPFa3,selected SOZ,state_delay_graph,State + delay + graph,-1.8634845103144604,0.003893083165315955
RPFa3,selected SOZ,state_delay_graph,State + delay + graph,-1.8553676857028005,0.0040803744042253905
RPFa3,selected SOZ,state_delay_graph,State + delay + graph,-1.8472508610911407,0.004286841656730626
RPFa3,selected SOZ,state_delay_graph,State + delay + graph,-1.8391340364794808,0.004514505442647842
RPFa3,selected SOZ,state_delay_graph,State + delay + graph,-1.831017211867821,0.004765497631339355
RPFa3,selected SOZ,state_delay_graph,State + delay + graph,-1.822900387256161,0.005042051500856599
RPFa3,selected SOZ,state_delay_graph,State + delay + graph,-1.8147835626445012,0.005346483819674506
RPFa3,selected SOZ,state_delay_graph,State + delay + graph,-1.8066667380328414,0.005681168187209159
RPFa3,selected SOZ,state_delay_graph,State + delay + graph,-1.7985499134211815,0.00604849934565014
RPFa3,selected SOZ,state_delay_graph,State + delay + graph,-1.7904330888095217,0.006450848723421627
RPFa3,selected SOZ,state_delay_graph,State + delay + graph,-1.7823162641978618,0.006890512062591815
RPFa3,selected SOZ,state_delay_graph,State + delay + graph,-1.774199439586202,0.007369650586127444
RPFa3,selected SOZ,state_delay_graph,State + delay + graph,-1.766082614974542,0.007890227739304456
RPFa3,selected SOZ,state_delay_graph,State + delay + graph,-1.7579657903628823,0.008453944053837231
RPFa3,selected SOZ,state_delay_graph,State + delay + graph,-1.7498489657512224,0.009062173094347087
RPFa3,selected SOZ,state_delay_graph,State + delay + graph,-1.7417321411395625,0.009715901718150411
RPFa3,selected SOZ,state_delay_graph,State + delay + graph,-1.7336153165279027,0.010415677979771021
RPFa3,selected SOZ,state_delay_graph,State + delay + graph,-1.7254984919162428,0.011161569917830932
RPFa3,selected SOZ,state_delay_graph,State + delay + graph,-1.717381667304583,0.011953138161305317
RPFa3,selected SOZ,state_delay_graph,State + delay + graph,-1.7092648426929231,0.012789424784342732
RPFa3,selected SOZ,state_delay_graph,State + delay + graph,-1.7011480180812633,0.013668960137632287
RPFa3,selected SOZ,state_delay_graph,State + delay + graph,-1.6930311934696034,0.014589788517685337
RPFa3,selected SOZ,state_delay_graph,State + delay + graph,-1.6849143688579435,0.015549512545222
RPFa3,selected SOZ,state_delay_graph,State + delay + graph,-1.6767975442462837,0.016545355064092784
RPFa3,selected SOZ,state_delay_graph,State + delay + graph,-1.6686807196346238,0.017574236306233296
RPFa3,selected SOZ,state_delay_graph,State + delay + graph,-1.660563895022964,0.01863286306522271
RPFa3,selected SOZ,state_delay_graph,State + delay + graph,-1.6524470704113041,0.019717825751603274
RPFa3,selected SOZ,state_delay_graph,State + delay + graph,-1.6443302457996443,0.02082569853417965
RPFa3,selected SOZ,state_delay_graph,State + delay + graph,-1.6362134211879844,0.021953137361415898
RPFa3,selected SOZ,state_delay_graph,State + delay + graph,-1.6280965965763246,0.023096970550777383
RPFa3,selected SOZ,state_delay_graph,State + delay + graph,-1.6199797719646647,0.02425427685883974
RPFa3,selected SOZ,state_delay_graph,State + delay + graph,-1.6118629473530048,0.025422446507863235
RPFa3,selected SOZ,state_delay_graph,State + delay + graph,-1.603746122741345,0.026599221529247048
RPFa3,selected SOZ,state_delay_graph,State + delay + graph,-1.5956292981296851,0.02778271295162085
RPFa3,selected SOZ,state_delay_graph,State + delay + graph,-1.5875124735180253,0.02897139375015538
RPFa3,selected SOZ,state_delay_graph,State + delay + graph,-1.5793956489063654,0.030164068003710985
RPFa3,selected SOZ,state_delay_graph,State + delay + graph,-1.5712788242947056,0.03135981828276443
RPFa3,selected SOZ,state_delay_graph,State + delay + graph,-1.5631619996830457,0.03255793480979558
RPFa3,selected SOZ,state_delay_graph,State + delay + graph,-1.5550451750713858,0.033757831288974416
RPFa3,selected SOZ,state_delay_graph,State + delay + graph,-1.546928350459726,0.03495895339283266
RPFa3,selected SOZ,state_delay_graph,State + delay + graph,-1.5388115258480661,0.036160686632119216
RPFa3,selected SOZ,state_delay_graph,State + delay + graph,-1.5306947012364063,0.03736227065304214
RPFa3,selected SOZ,state_delay_graph,State + delay + graph,-1.5225778766247464,0.038562726861254296
RPFa3,selected SOZ,state_delay_graph,State + delay + graph,-1.5144610520130866,0.03976080565230115
RPFa3,selected SOZ,state_delay_graph,State + delay + graph,-1.5063442274014267,0.04095495845484193
RPFa3,selected SOZ,state_delay_graph,State + delay + graph,-1.4982274027897668,0.04214333831995025
RPFa3,selected SOZ,state_delay_graph,State + delay + graph,-1.490110578178107,0.04332383100229508
RPFa3,selected SOZ,state_delay_graph,State + delay + graph,-1.4819937535664471,0.04449411648819605
RPFa3,selected SOZ,state_delay_graph,State + delay + graph,-1.4738769289547875,0.0456517588617086
RPFa3,selected SOZ,state_delay_graph,State + delay + graph,-1.4657601043431274,0.04679432040340553
RPFa3,selected SOZ,state_delay_graph,State + delay + graph,-1.4576432797314678,0.047919494027777704
RPFa3,selected SOZ,state_delay_graph,State + delay + graph,-1.4495264551198077,0.04902524671389313
RPFa3,selected SOZ,state_delay_graph,State + delay + graph,-1.441409630508148,0.05010996557902725
RPFa3,selected SOZ,state_delay_graph,State + delay + graph,-1.433292805896488,0.051172597765578046
RPFa3,selected SOZ,state_delay_graph,State + delay + graph,-1.4251759812848284,0.05221277540031264
RPFa3,selected SOZ,state_delay_graph,State + delay + graph,-1.4170591566731683,0.05323091754406251
RPFa3,selected SOZ,state_delay_graph,State + delay + graph,-1.4089423320615087,0.05422830224027948
RPFa3,selected SOZ,state_delay_graph,State + delay + graph,-1.4008255074498486,0.0552071034148169
RPFa3,selected SOZ,state_delay_graph,State + delay + graph,-1.392708682838189,0.05617038936656564
RPFa3,selected SOZ,state_delay_graph,State + delay + graph,-1.3845918582265289,0.057122081784803366
RPFa3,selected SOZ,state_delay_graph,State + delay + graph,-1.3764750336148692,0.058066876486490386
RPFa3,selected SOZ,state_delay_graph,State + delay + graph,-1.3683582090032091,0.05901012923559681
RPFa3,selected SOZ,state_delay_graph,State + delay + graph,-1.3602413843915495,0.059957711946988665
RPFa3,selected SOZ,state_delay_graph,State + delay + graph,-1.3521245597798894,0.06091584616980498
RPFa3,selected SOZ,state_delay_graph,State + delay + graph,-1.3440077351682298,0.0618909218986738
RPFa3,selected SOZ,state_delay_graph,State + delay + graph,-1.3358909105565697,0.06288931041903865
RPFa3,selected SOZ,state_delay_graph,State + delay + graph,-1.32777408594491,0.06391718003569193
RPFa3,selected SOZ,state_delay_graph,State + delay + graph,-1.31965726133325,0.06498032317798404
RPFa3,selected SOZ,state_delay_graph,State + delay + graph,-1.3115404367215904,0.06608400257014994
RPFa3,selected SOZ,state_delay_graph,State + delay + graph,-1.3034236121099303,0.06723282297615937
RPFa3,selected SOZ,state_delay_graph,State + delay + graph,-1.2953067874982707,0.06843063356916888
RPFa3,selected SOZ,state_delay_graph,State + delay + graph,-1.2871899628866106,0.06968046433948881
RPFa3,selected SOZ,state_delay_graph,State + delay + graph,-1.279073138274951,0.0709844982465351
RPFa3,selected SOZ,state_delay_graph,State + delay + graph,-1.2709563136632909,0.07234407913751298
RPFa3,selected SOZ,state_delay_graph,State + delay + graph,-1.2628394890516312,0.07375975388393281
RPFa3,selected SOZ,state_delay_graph,State + delay + graph,-1.2547226644399712,0.07523134579496915
RPFa3,selected SOZ,state_delay_graph,State + delay + graph,-1.2466058398283115,0.07675805520365404
RPFa3,selected SOZ,state_delay_graph,State + delay + graph,-1.2384890152166514,0.07833858221831358
RPFa3,selected SOZ,state_delay_graph,State + delay + graph,-1.2303721906049918,0.07997126600012885
RPFa3,selected SOZ,state_delay_graph,State + delay + graph,-1.2222553659933317,0.08165423456574261
RPFa3,selected SOZ,state_delay_graph,State + delay + graph,-1.214138541381672,0.0833855590069282
RPFa3,selected SOZ,state_delay_graph,State + delay + graph,-1.206021716770012,0.08516340614445077
RPFa3,selected SOZ,state_delay_graph,State + delay + graph,-1.1979048921583524,0.08698618396163822
RPFa3,selected SOZ,state_delay_graph,State + delay + graph,-1.1897880675466923,0.08885267466309617
RPFa3,selected SOZ,state_delay_graph,State + delay + graph,-1.1816712429350327,0.09076215084236808
RPFa3,selected SOZ,state_delay_graph,State + delay + graph,-1.1735544183233726,0.09271447098602917
RPFa3,selected SOZ,state_delay_graph,State + delay + graph,-1.165437593711713,0.09471015135818939
RPFa3,selected SOZ,state_delay_graph,State + delay + graph,-1.1573207691000529,0.09675041216728388
RPFa3,selected SOZ,state_delay_graph,State + delay + graph,-1.1492039444883932,0.0988371967863979
RPFa3,selected SOZ,state_delay_graph,State + delay + graph,-1.1410871198767332,0.1009731636513566
RPFa3,selected SOZ,state_delay_graph,State + delay + graph,-1.1329702952650735,0.10316165127237689
RPFa3,selected SOZ,state_delay_graph,State + delay + graph,-1.1248534706534135,0.10540661754393876
RPFa3,selected SOZ,state_delay_graph,State + delay + graph,-1.1167366460417538,0.10771255520745555
RPFa3,selected SOZ,state_delay_graph,State + delay + graph,-1.1086198214300937,0.11008438590179849
RPFa3,selected SOZ,state_delay_graph,State + delay + graph,-1.100502996818434,0.1125273357239913
RPFa3,selected SOZ,state_delay_graph,State + delay + graph,-1.0923861722067743,0.11504679561913467
RPFa3,selected SOZ,state_delay_graph,State + delay + graph,-1.0842693475951144,0.11764817023359771
RPFa3,selected SOZ,state_delay_graph,State + delay + graph,-1.0761525229834545,0.12033671911188996
RPFa3,selected SOZ,state_delay_graph,State + delay + graph,-1.0680356983717947,0.12311739431065602
RPFa3,selected SOZ,state_delay_graph,State + delay + graph,-1.0599188737601348,0.12599467865758035
RPFa3,selected SOZ,state_delay_graph,State + delay + graph,-1.051802049148475,0.1289724290094082
RPFa3,selected SOZ,state_delay_graph,State + delay + graph,-1.0436852245368151,0.1320537289658646
RPFa3,selected SOZ,state_delay_graph,State + delay + graph,-1.0355683999251553,0.13524075556989384
RPFa3,selected SOZ,state_delay_graph,State + delay + graph,-1.0274515753134954,0.1385346645539108
RPFa3,selected SOZ,state_delay_graph,State + delay + graph,-1.0193347507018355,0.141935498650735
RPFa3,selected SOZ,state_delay_graph,State + delay + graph,-1.0112179260901757,0.14544212334192483
RPFa3,selected SOZ,state_delay_graph,State + delay + graph,-1.0031011014785158,0.14905219412494136
RPFa3,selected SOZ,state_delay_graph,State + delay + graph,-0.994984276866856,0.15276215890243902
RPFa3,selected SOZ,state_delay_graph,State + delay + graph,-0.9868674522551961,0.15656729839483483
RPFa3,selected SOZ,state_delay_graph,State + delay + graph,-0.9787506276435363,0.16046180652421826
RPFa3,selected SOZ,state_delay_graph,State + delay + graph,-0.9706338030318764,0.16443891150297166
RPFa3,selected SOZ,state_delay_graph,State + delay + graph,-0.9625169784202166,0.16849103689432068
RPFa3,selected SOZ,state_delay_graph,State + delay + graph,-0.9544001538085567,0.17261000022930953
RPFa3,selected SOZ,state_delay_graph,State + delay + graph,-0.9462833291968968,0.17678724492587056
RPFa3,selected SOZ,state_delay_graph,State + delay + graph,-0.938166504585237,0.1810140993463609
RPFa3,selected SOZ,state_delay_graph,State + delay + graph,-0.9300496799735771,0.1852820549568181
RPFa3,selected SOZ,state_delay_graph,State + delay + graph,-0.9219328553619173,0.1895830538365324
RPFa3,selected SOZ,state_delay_graph,State + delay + graph,-0.9138160307502574,0.19390977435983783
RPFa3,selected SOZ,state_delay_graph,State + delay + graph,-0.9056992061385976,0.19825590286052938
RPFa3,selected SOZ,state_delay_graph,State + delay + graph,-0.8975823815269377,0.20261637860806697
RPFa3,selected SOZ,state_delay_graph,State + delay + graph,-0.8894655569152778,0.20698759956574642
RPFa3,selected SOZ,state_delay_graph,State + delay + graph,-0.881348732303618,0.21136757722492516
RPFa3,selected SOZ,state_delay_graph,State + delay + graph,-0.8732319076919581,0.2157560303372695
RPFa3,selected SOZ,state_delay_graph,State + delay + graph,-0.8651150830802983,0.22015440957590565
RPFa3,selected SOZ,state_delay_graph,State + delay + graph,-0.8569982584686384,0.22456584797749535
RPFa3,selected SOZ,state_delay_graph,State + delay + graph,-0.8488814338569786,0.2289950353368497
RPFa3,selected SOZ,state_delay_graph,State + delay + graph,-0.8407646092453187,0.2334480183902111
RPFa3,selected SOZ,state_delay_graph,State + delay + graph,-0.8326477846336588,0.23793193244661887
RPFa3,selected SOZ,state_delay_graph,State + delay + graph,-0.824530960021999,0.24245467390051376
RPFa3,selected SOZ,state_delay_graph,State + delay + graph,-0.8164141354103391,0.24702452656437315
RPFa3,selected SOZ,state_delay_graph,State + delay + graph,-0.8082973107986793,0.25164975778206505
RPFa3,selected SOZ,state_delay_graph,State + delay + graph,-0.8001804861870194,0.2563382026222973
RPFa3,selected SOZ,state_delay_graph,State + delay + graph,-0.7920636615753596,0.26109685593669485
RPFa3,selected SOZ,state_delay_graph,State + delay + graph,-0.7839468369636997,0.2659314925685021
RPFa3,selected SOZ,state_delay_graph,State + delay + graph,-0.7758300123520399,0.2708463354352107
RPFa3,selected SOZ,state_delay_graph,State + delay + graph,-0.76771318774038,0.2758437895574211
RPFa3,selected SOZ,state_delay_graph,State + delay + graph,-0.7595963631287201,0.28092425740263327
RPFa3,selected SOZ,state_delay_graph,State + delay + graph,-0.7514795385170603,0.2860860472531415
RPFa3,selected SOZ,state_delay_graph,State + delay + graph,-0.7433627139054004,0.29132538184571055
RPFa3,selected SOZ,state_delay_graph,State + delay + graph,-0.7352458892937406,0.29663650947430875
RPFa3,selected SOZ,state_delay_graph,State + delay + graph,-0.7271290646820807,0.30201191434548386
RPFa3,selected SOZ,state_delay_graph,State + delay + graph,-0.7190122400704209,0.3074426175114357
RPFa3,selected SOZ,state_delay_graph,State + delay + graph,-0.710895415458761,0.3129185544793888
RPFa3,selected SOZ,state_delay_graph,State + delay + graph,-0.7027785908471011,0.31842901091146536
RPFa3,selected SOZ,state_delay_graph,State + delay + graph,-0.6946617662354413,0.3239630939782106
RPFa3,selected SOZ,state_delay_graph,State + delay + graph,-0.6865449416237814,0.32951021417203397
RPFa3,selected SOZ,state_delay_graph,State + delay + graph,-0.6784281170121216,0.33506055093836573
RPFa3,selected SOZ,state_delay_graph,State + delay + graph,-0.6703112924004617,0.34060547549399206
RPFa3,selected SOZ,state_delay_graph,State + delay + graph,-0.6621944677888019,0.34613790575029624
RPFa3,selected SOZ,state_delay_graph,State + delay + graph,-0.654077643177142,0.35165257133399586
RPFa3,selected SOZ,state_delay_graph,State + delay + graph,-0.6459608185654822,0.3571461711980804
RPFa3,selected SOZ,state_delay_graph,State + delay + graph,-0.6378439939538223,0.3626174120466243
RPFa3,selected SOZ,state_delay_graph,State + delay + graph,-0.6297271693421624,0.36806692247634804
RPFa3,selected SOZ,state_delay_graph,State + delay + graph,-0.6216103447305026,0.37349704500642245
RPFa3,selected SOZ,state_delay_graph,State + delay + graph,-0.6134935201188427,0.3789115156066887
RPFa3,selected SOZ,state_delay_graph,State + delay + graph,-0.6053766955071829,0.38431504748820755
RPFa3,selected SOZ,state_delay_graph,State + delay + graph,-0.597259870895523,0.3897128423242782
RPFa3,selected SOZ,state_delay_graph,State + delay + graph,-0.5891430462838632,0.39511005728263987
RPFa3,selected SOZ,state_delay_graph,State + delay + graph,-0.5810262216722033,0.40051125988223385
RPFa3,selected SOZ,state_delay_graph,State + delay + graph,-0.5729093970605434,0.4059199044370299
RPFa3,selected SOZ,state_delay_graph,State + delay + graph,-0.5647925724488836,0.4113378635229428
RPFa3,selected SOZ,state_delay_graph,State + delay + graph,-0.5566757478372237,0.41676504544181425
RPFa3,selected SOZ,state_delay_graph,State + delay + graph,-0.5485589232255639,0.42219912414252003
RPFa3,selected SOZ,state_delay_graph,State + delay + graph,-0.540442098613904,0.4276354017227466
RPFa3,selected SOZ,state_delay_graph,State + delay + graph,-0.5323252740022442,0.43306681584100304
RPFa3,selected SOZ,state_delay_graph,State + delay + graph,-0.5242084493905843,0.43848409559710233
RPFa3,selected SOZ,state_delay_graph,State + delay + graph,-0.5160916247789245,0.4438760602551122
RPFa3,selected SOZ,state_delay_graph,State + delay + graph,-0.5079748001672646,0.4492300461951765
RPFa3,selected SOZ,state_delay_graph,State + delay + graph,-0.49985797555560474,0.45453243930015524
RPFa3,selected SOZ,state_delay_graph,State + delay + graph,-0.4917411509439449,0.4597692831753745
RPFa3,selected SOZ,state_delay_graph,State + delay + graph,-0.483624326332285,0.46492692864151025
RPFa3,selected SOZ,state_delay_graph,State + delay + graph,-0.47550750172062517,0.4699926871823202
RPFa3,selected SOZ,state_delay_graph,State + delay + graph,-0.4673906771089653,0.47495545066558964
RPFa3,selected SOZ,state_delay_graph,State + delay + graph,-0.45927385249730546,0.4798062417116747
RPFa3,selected SOZ,state_delay_graph,State + delay + graph,-0.4511570278856456,0.484538663409585
RPFa3,selected SOZ,state_delay_graph,State + delay + graph,-0.44304020327398574,0.4891492233634494
RPFa3,selected SOZ,state_delay_graph,State + delay + graph,-0.4349233786623259,0.493637514842929
RPFa3,selected SOZ,state_delay_graph,State + delay + graph,-0.42680655405066603,0.498006246557364
RPFa3,selected SOZ,state_delay_graph,State + delay + graph,-0.4186897294390062,0.5022611216651803
RPFa3,selected SOZ,state_delay_graph,State + delay + graph,-0.4105729048273463,0.5064105754456648
RPFa3,selected SOZ,state_delay_graph,State + delay + graph,-0.40245608021568646,0.5104653890155129
RPFa3,selected SOZ,state_delay_graph,State + delay + graph,-0.3943392556040266,0.5144382030624685
RPFa3,selected SOZ,state_delay_graph,State + delay + graph,-0.38622243099236675,0.5183429604041494
RPFa3,selected SOZ,state_delay_graph,State + delay + graph,-0.3781056063807069,0.5221943090129896
RPFa3,selected SOZ,state_delay_graph,State + delay + graph,-0.36998878176904704,0.526006997882412
RPFa3,selected SOZ,state_delay_graph,State + delay + graph,-0.3618719571573872,0.5297952968025973
RPFa3,selected SOZ,state_delay_graph,State + delay + graph,-0.3537551325457273,0.5335724679644138
RPFa3,selected SOZ,state_delay_graph,State + delay + graph,-0.34563830793406747,0.5373503126337801
RPFa3,selected SOZ,state_delay_graph,State + delay + graph,-0.3375214833224076,0.5411388103399423
RPFa3,selected SOZ,state_delay_graph,State + delay + graph,-0.32940465871074776,0.5449458615562651
RPFa3,selected SOZ,state_delay_graph,State + delay + graph,-0.3212878340990879,0.5487771381930135
RPFa3,selected SOZ,state_delay_graph,State + delay + graph,-0.31317100948742826,0.55263603982087
RPFa3,selected SOZ,state_delay_graph,State + delay + graph,-0.3050541848757684,0.5565237478025057
RPFa3,selected SOZ,state_delay_graph,State + delay + graph,-0.29693736026410855,0.5604393647533149
RPFa3,selected SOZ,state_delay_graph,State + delay + graph,-0.2888205356524487,0.5643801232137379
RPFa3,selected SOZ,state_delay_graph,State + delay + graph,-0.28070371104078884,0.5683416452250561
RPFa3,selected SOZ,state_delay_graph,State + delay + graph,-0.272586886429129,0.5723182336843909
RPFa3,selected SOZ,state_delay_graph,State + delay + graph,-0.2644700618174691,0.5763031768429729
RPFa3,selected SOZ,state_delay_graph,State + delay + graph,-0.25635323720580927,0.5802890489479517
RPFa3,selected SOZ,state_delay_graph,State + delay + graph,-0.2482364125941494,0.5842679925888418
RPFa3,selected SOZ,state_delay_graph,State + delay + graph,-0.24011958798248956,0.5882319715223983
RPFa3,selected SOZ,state_delay_graph,State + delay + graph,-0.2320027633708297,0.5921729863165462
RPFa3,selected SOZ,state_delay_graph,State + delay + graph,-0.22388593875916984,0.596083248773273
RPFa3,selected SOZ,state_delay_graph,State + delay + graph,-0.21576911414751,0.5999553144786018
RPFa3,selected SOZ,state_delay_graph,State + delay + graph,-0.20765228953585013,0.6037821757387382
RPFa3,selected SOZ,state_delay_graph,State + delay + graph,-0.19953546492419028,0.6075573194039692
RPFa3,selected SOZ,state_delay_graph,State + delay + graph,-0.19141864031253042,0.6112747555308695
RPFa3,selected SOZ,state_delay_graph,State + delay + graph,-0.18330181570087056,0.6149290234389366
RPFa3,selected SOZ,state_delay_graph,State + delay + graph,-0.1751849910892107,0.61851518150784
RPFa3,selected SOZ,state_delay_graph,State + delay + graph,-0.16706816647755085,0.622028786137853
RPFa3,selected SOZ,state_delay_graph,State + delay + graph,-0.158951341865891,0.6254658638254624
RPFa3,selected SOZ,state_delay_graph,State + delay + graph,-0.15083451725423114,0.6288228785065251
RPFa3,selected SOZ,state_delay_graph,State + delay + graph,-0.14271769264257128,0.6320966944390658
RPFa3,selected SOZ,state_delay_graph,State + delay + graph,-0.13460086803091142,0.6352845331924056
RPFa3,selected SOZ,state_delay_graph,State + delay + graph,-0.12648404341925157,0.6383839220181985
RPFa3,selected SOZ,state_delay_graph,State + delay + graph,-0.11836721880759171,0.6413926301988621
RPFa3,selected SOZ,state_delay_graph,State + delay + graph,-0.11025039419593186,0.6443085900326339
RPFa3,selected SOZ,state_delay_graph,State + delay + graph,-0.102133569584272,0.6471297999752563
RPFa3,selected SOZ,state_delay_graph,State + delay + graph,-0.09401674497261214,0.6498542090775341
RPFa3,selected SOZ,state_delay_graph,State + delay + graph,-0.08589992036095229,0.6524795841078096
RPFa3,selected SOZ,state_delay_graph,State + delay + graph,-0.07778309574929243,0.6550033634159506
RPFa3,selected SOZ,state_delay_graph,State + delay + graph,-0.06966627113763257,0.657422504405452
RPFa3,selected SOZ,state_delay_graph,State + delay + graph,-0.06154944652597272,0.6597333341154317
RPFa3,selected SOZ,state_delay_graph,State + delay + graph,-0.05343262191431286,0.661931414551537
RPFa3,selected SOZ,state_delay_graph,State + delay + graph,-0.045315797302653005,0.6640114357450723
RPFa3,selected SOZ,state_delay_graph,State + delay + graph,-0.03719897269099315,0.6659671498240406
RPFa3,selected SOZ,state_delay_graph,State + delay + graph,-0.029082148079333292,0.6677913584962512
RPFa3,selected SOZ,state_delay_graph,State + delay + graph,-0.020965323467673436,0.6694759642293775
RPFa3,selected SOZ,state_delay_graph,State + delay + graph,-0.01284849885601358,0.6710120921415359
RPFa3,selected SOZ,state_delay_graph,State + delay + graph,-0.004731674244353723,0.6723902853802296
RPFa3,selected SOZ,state_delay_graph,State + delay + graph,0.0033851503673061334,0.6736007718639593
RPFa3,selected SOZ,state_delay_graph,State + delay + graph,0.01150197497896599,0.6746337950636607
RPFa3,selected SOZ,state_delay_graph,State + delay + graph,0.019618799590625846,0.6754799964307528
RPFa3,selected SOZ,state_delay_graph,State + delay + graph,0.027735624202285702,0.6761308325611931
RPFa3,selected SOZ,state_delay_graph,State + delay + graph,0.03585244881394556,0.6765790066134605
RPFa3,selected SOZ,state_delay_graph,State + delay + graph,0.043969273425605415,0.6768188911936011
RPFa3,selected SOZ,state_delay_graph,State + delay + graph,0.05208609803726527,0.676846919102411
RPFa3,selected SOZ,state_delay_graph,State + delay + graph,0.06020292264892513,0.676661919104149
RPFa3,selected SOZ,state_delay_graph,State + delay + graph,0.06831974726058498,0.6762653761883359
RPFa3,selected SOZ,state_delay_graph,State + delay + graph,0.07643657187224484,0.675661599492954
RPFa3,selected SOZ,state_delay_graph,State + delay + graph,0.0845533964839047,0.6748577858649514
RPFa3,selected SOZ,state_delay_graph,State + delay + graph,0.09267022109556455,0.6738639725925755
RPFa3,selected SOZ,state_delay_graph,State + delay + graph,0.10078704570722441,0.672692878744788
RPFa3,selected SOZ,state_delay_graph,State + delay + graph,0.10890387031888427,0.6713596403714838
RPFa3,selected SOZ,state_delay_graph,State + delay + graph,0.11702069493054412,0.6698814501557695
RPFa3,selected SOZ,state_delay_graph,State + delay + graph,0.12513751954220398,0.6682771166246241
RPFa3,selected SOZ,state_delay_graph,State + delay + graph,0.13325434415386406,0.6665665614590863
RPFa3,selected SOZ,state_delay_graph,State + delay + graph,0.1413711687655237,0.6647702756433278
RPFa3,selected SOZ,state_delay_graph,State + delay + graph,0.14948799337718377,0.6629087561044269
RPFa3,selected SOZ,state_delay_graph,State + delay + graph,0.1576048179888434,0.6610019441753464
RPFa3,selected SOZ,state_delay_graph,State + delay + graph,0.16572164260050348,0.6590686858063575
RPFa3,selected SOZ,state_delay_graph,State + delay + graph,0.17383846721216312,0.6571262311665216
RPFa3,selected SOZ,state_delay_graph,State + delay + graph,0.1819552918238232,0.6551897883717197
RPFa3,selected SOZ,state_delay_graph,State + delay + graph,0.19007211643548283,0.6532721428178793
RPFa3,selected SOZ,state_delay_graph,State + delay + graph,0.1981889410471429,0.6513833502456006
RPFa3,selected SOZ,state_delay_graph,State + delay + graph,0.20630576565880254,0.6495305084381328
RPFa3,selected SOZ,state_delay_graph,State + delay + graph,0.21442259027046218,0.6477176095317457
RPFa3,selected SOZ,state_delay_graph,State + delay + graph,0.22253941488212226,0.645945472407852
RPFa3,selected SOZ,state_delay_graph,State + delay + graph,0.2306562394937819,0.6442117525897811
RPFa3,selected SOZ,state_delay_graph,State + delay + graph,0.23877306410544197,0.6425110254767997
RPFa3,selected SOZ,state_delay_graph,State + delay + graph,0.2468898887171016,0.6408349375605092
RPFa3,selected SOZ,state_delay_graph,State + delay + graph,0.2550067133287617,0.6391724193993912
RPFa3,selected SOZ,state_delay_graph,State + delay + graph,0.2631235379404213,0.6375099534785011
RPFa3,selected SOZ,state_delay_graph,State + delay + graph,0.2712403625520814,0.6358318895572351
RPFa3,selected SOZ,state_delay_graph,State + delay + graph,0.279357187163741,0.6341207996321228
RPFa3,selected SOZ,state_delay_graph,State + delay + graph,0.2874740117754011,0.6323578641651045
RPFa3,selected SOZ,state_delay_graph,State + delay + graph,0.29559083638706074,0.6305232807377142
RPFa3,selected SOZ,state_delay_graph,State + delay + graph,0.3037076609987208,0.628596685810206
RPFa3,selected SOZ,state_delay_graph,State + delay + graph,0.31182448561038045,0.6265575798459381
RPFa3,selected SOZ,state_delay_graph,State + delay + graph,0.31994131022204053,0.6243857457804015
RPFa3,selected SOZ,state_delay_graph,State + delay + graph,0.32805813483370017,0.622061650757629
RPFa3,selected SOZ,state_delay_graph,State + delay + graph,0.33617495944536024,0.6195668213059767
RPFa3,selected SOZ,state_delay_graph,State + delay + graph,0.3442917840570199,0.6168841827454509
RPFa3,selected SOZ,state_delay_graph,State + delay + graph,0.35240860866867996,0.6139983546466757
RPFa3,selected SOZ,state_delay_graph,State + delay + graph,0.3605254332803396,0.6108958955958592
RPFa3,selected SOZ,state_delay_graph,State + delay + graph,0.36864225789199967,0.6075654923209189
RPFa3,selected SOZ,state_delay_graph,State + delay + graph,0.3767590825036593,0.6039980903197449
RPFa3,selected SOZ,state_delay_graph,State + delay + graph,0.3848759071153194,0.6001869653900482
RPFa3,selected SOZ,state_delay_graph,State + delay + graph,0.392992731726979,0.5961277377535962
RPFa3,selected SOZ,state_delay_graph,State + delay + graph,0.4011095563386391,0.5918183326504196
RPFa3,selected SOZ,state_delay_graph,State + delay + graph,0.40922638095029873,0.587258893208037
RPFa3,selected SOZ,state_delay_graph,State + delay + graph,0.4173432055619588,0.5824516529445032
RPFa3,selected SOZ,state_delay_graph,State + delay + graph,0.42546003017361844,0.5774007763503581
RPFa3,selected SOZ,state_delay_graph,State + delay + graph,0.4335768547852785,0.5721121765616143
RPFa3,selected SOZ,state_delay_graph,State + delay + graph,0.44169367939693815,0.5665933191765178
RPFa3,selected SOZ,state_delay_graph,State + delay + graph,0.44981050400859823,0.5608530208192889
RPFa3,selected SOZ,state_delay_graph,State + delay + graph,0.45792732862025787,0.5549012501888101
RPFa3,selected SOZ,state_delay_graph,State + delay + graph,0.46604415323191795,0.5487489381516194
RPFa3,selected SOZ,state_delay_graph,State + delay + graph,0.4741609778435776,0.5424078020653422
RPFa3,selected SOZ,state_delay_graph,State + delay + graph,0.48227780245523766,0.5358901880710975
RPFa3,selected SOZ,state_delay_graph,State + delay + graph,0.4903946270668973,0.5292089336802891
RPFa3,selected SOZ,state_delay_graph,State + delay + graph,0.49851145167855737,0.5223772516898908
RPFa3,selected SOZ,state_delay_graph,State + delay + graph,0.506628276290217,0.5154086353475211
RPFa3,selected SOZ,state_delay_graph,State + delay + graph,0.5147451009018771,0.5083167837786741
RPFa3,selected SOZ,state_delay_graph,State + delay + graph,0.5228619255135367,0.5011155459774178
RPFa3,selected SOZ,state_delay_graph,State + delay + graph,0.5309787501251968,0.49381888111906364
RPFa3,selected SOZ,state_delay_graph,State + delay + graph,0.5390955747368564,0.4864408325342768
RPFa3,selected SOZ,state_delay_graph,State + delay + graph,0.5472123993485165,0.4789955123408932
RPFa3,selected SOZ,state_delay_graph,State + delay + graph,0.5553292239601761,0.471497093422747
RPFa3,selected SOZ,state_delay_graph,State + delay + graph,0.5634460485718362,0.46395980515180263
RPFa3,selected SOZ,state_delay_graph,State + delay + graph,0.5715628731834959,0.4563979289721979
RPFa3,selected SOZ,state_delay_graph,State + delay + graph,0.5796796977951559,0.4488257897296983
RPFa3,selected SOZ,state_delay_graph,State + delay + graph,0.5877965224068156,0.4412577384869992
RPFa3,selected SOZ,state_delay_graph,State + delay + graph,0.5959133470184756,0.4337081225790305
RPFa3,selected SOZ,state_delay_graph,State + delay + graph,0.6040301716301353,0.42619123890196586
RPFa3,selected SOZ,state_delay_graph,State + delay + graph,0.6121469962417954,0.4187212669551459
RPFa3,selected SOZ,state_delay_graph,State + delay + graph,0.620263820853455,0.4113121790058463
RPFa3,selected SOZ,state_delay_graph,State + delay + graph,0.6283806454651151,0.40397762592917424
RPFa3,selected SOZ,state_delay_graph,State + delay + graph,0.6364974700767747,0.396730798757793
RPFa3,selected SOZ,state_delay_graph,State + delay + graph,0.6446142946884348,0.38958426768447374
RPFa3,selected SOZ,state_delay_graph,State + delay + graph,0.6527311193000944,0.3825498020850482
RPFa3,selected SOZ,state_delay_graph,State + delay + graph,0.6608479439117545,0.37563817693065416
RPFa3,selected SOZ,state_delay_graph,State + delay + graph,0.6689647685234141,0.36885897258357664
RPFa3,selected SOZ,state_delay_graph,State + delay + graph,0.6770815931350742,0.36222037626895187
RPFa3,selected SOZ,state_delay_graph,State + delay + graph,0.6851984177467338,0.3557289943531541
RPFa3,selected SOZ,state_delay_graph,State + delay + graph,0.6933152423583939,0.3493896848416638
RPFa3,selected SOZ,state_delay_graph,State + delay + graph,0.7014320669700536,0.3432054191842864
RPFa3,selected SOZ,state_delay_graph,State + delay + graph,0.7095488915817136,0.33717718154769705
RPFa3,selected SOZ,state_delay_graph,State + delay + graph,0.7176657161933733,0.3313039122422408
RPFa3,selected SOZ,state_delay_graph,State + delay + graph,0.7257825408050333,0.3255825000794136
RPFa3,selected SOZ,state_delay_graph,State + delay + graph,0.733899365416693,0.3200078262327118
RPFa3,selected SOZ,state_delay_graph,State + delay + graph,0.7420161900283531,0.3145728598447705
RPFa3,selected SOZ,state_delay_graph,State + delay + graph,0.7501330146400127,0.3092688033388568
RPFa3,selected SOZ,state_delay_graph,State + delay + graph,0.7582498392516728,0.304085283310498
RPFa3,selected SOZ,state_delay_graph,State + delay + graph,0.7663666638633324,0.299010581124173
RPFa3,selected SOZ,state_delay_graph,State + delay + graph,0.7744834884749925,0.29403189600857554
RPFa3,selected SOZ,state_delay_graph,State + delay + graph,0.7826003130866521,0.2891356325740335
RPFa3,selected SOZ,state_delay_graph,State + delay + graph,0.7907171376983122,0.28430770426224977
RPFa3,selected SOZ,state_delay_graph,State + delay + graph,0.7988339623099718,0.2795338442359537
RPFa3,selected SOZ,state_delay_graph,State + delay + graph,0.8069507869216319,0.2747999155476305
RPFa3,selected SOZ,state_delay_graph,State + delay + graph,0.8150676115332915,0.2700922129981232
RPFa3,selected SOZ,state_delay_graph,State + delay + graph,0.8231844361449516,0.26539774981039227
RPFa3,selected SOZ,state_delay_graph,State + delay + graph,0.8313012607566113,0.2607045230143616
RPFa3,selected SOZ,state_delay_graph,State + delay + graph,0.8394180853682713,0.25600175220004784
RPFa3,selected SOZ,state_delay_graph,State + delay + graph,0.847534909979931,0.2512800870109472
RPFa3,selected SOZ,state_delay_graph,State + delay + graph,0.855651734591591,0.24653177941079235
RPFa3,selected SOZ,state_delay_graph,State + delay + graph,0.8637685592032507,0.24175081738460233
RPFa3,selected SOZ,state_delay_graph,State + delay + graph,0.8718853838149108,0.23693301737029954
RPFa3,selected SOZ,state_delay_graph,State + delay + graph,0.8800022084265704,0.2320760734110682
RPFa3,selected SOZ,state_delay_graph,State + delay + graph,0.8881190330382305,0.22717956182134252
RPFa3,selected SOZ,state_delay_graph,State + delay + graph,0.8962358576498901,0.22224490110842815
RPFa3,selected SOZ,state_delay_graph,State + delay + graph,0.9043526822615502,0.2172752680035198
RPFa3,selected SOZ,state_delay_graph,State + delay + graph,0.9124695068732098,0.21227547171832667
RPFa3,selected SOZ,state_delay_graph,State + delay + graph,0.9205863314848699,0.20725178991470616
RPFa3,selected SOZ,state_delay_graph,State + delay + graph,0.9287031560965295,0.20221177128454562
RPFa3,selected SOZ,state_delay_graph,State + delay + graph,0.9368199807081896,0.19716401099350261
RPFa3,selected SOZ,state_delay_graph,State + delay + graph,0.9449368053198492,0.19211790644040802
RPFa3,selected SOZ,state_delay_graph,State + delay + graph,0.9530536299315093,0.187083401717873
RPFa3,selected SOZ,state_delay_graph,State + delay + graph,0.961170454543169,0.18207072973343752
RPFa3,selected SOZ,state_delay_graph,State + delay + graph,0.969287279154829,0.17709016109071227
RPFa3,selected SOZ,state_delay_graph,State + delay + graph,0.9774041037664887,0.17215176849359623
RPFa3,selected SOZ,state_delay_graph,State + delay + graph,0.9855209283781488,0.16726521461799568
RPFa3,selected SOZ,state_delay_graph,State + delay + graph,0.9936377529898084,0.16243957012805813
RPFa3,selected SOZ,state_delay_graph,State + delay + graph,1.0017545776014685,0.15768316686893136
RPFa3,selected SOZ,state_delay_graph,State + delay + graph,1.009871402213128,0.15300348934900296
RPFa3,selected SOZ,state_delay_graph,State + delay + graph,1.0179882268247882,0.14840710555898465
RPFa3,selected SOZ,state_delay_graph,State + delay + graph,1.0261050514364478,0.14389963610376452
RPFa3,selected SOZ,state_delay_graph,State + delay + graph,1.034221876048108,0.1394857586878641
RPFa3,selected SOZ,state_delay_graph,State + delay + graph,1.0423387006597675,0.13516924332833147
RPFa3,selected SOZ,state_delay_graph,State + delay + graph,1.0504555252714276,0.13095301238033616
RPFa3,selected SOZ,state_delay_graph,State + delay + graph,1.0585723498830872,0.12683921863082098
RPFa3,selected SOZ,state_delay_graph,State + delay + graph,1.0666891744947473,0.12282933438805634
RPFa3,selected SOZ,state_delay_graph,State + delay + graph,1.074805999106407,0.11892424467404286
RPFa3,selected SOZ,state_delay_graph,State + delay + graph,1.082922823718067,0.11512433827729393
RPFa3,selected SOZ,state_delay_graph,State + delay + graph,1.0910396483297267,0.111429591474759
RPFa3,selected SOZ,state_delay_graph,State + delay + graph,1.0991564729413867,0.10783964058296781
RPFa3,selected SOZ,state_delay_graph,State + delay + graph,1.1072732975530464,0.10435384102870852
RPFa3,selected SOZ,state_delay_graph,State + delay + graph,1.1153901221647065,0.1009713122066574
RPFa3,selected SOZ,state_delay_graph,State + delay + graph,1.123506946776366,0.09769096888379164
RPFa3,selected SOZ,state_delay_graph,State + delay + graph,1.1316237713880262,0.09451154119760624
RPFa3,selected SOZ,state_delay_graph,State + delay + graph,1.1397405959996858,0.09143158627739519
RPFa3,selected SOZ,state_delay_graph,State + delay + graph,1.1478574206113459,0.08844949512424018
RPFa3,selected SOZ,state_delay_graph,State + delay + graph,1.1559742452230055,0.08556349857900737
RPFa3,selected SOZ,state_delay_graph,State + delay + graph,1.1640910698346656,0.08277167598835165
RPFa3,selected SOZ,state_delay_graph,State + delay + graph,1.1722078944463252,0.08007196958213676
RPFa3,selected SOZ,state_delay_graph,State + delay + graph,1.1803247190579853,0.07746220666952476
RPFa3,selected SOZ,state_delay_graph,State + delay + graph,1.188441543669645,0.07494013063865151
RPFa3,selected SOZ,state_delay_graph,State + delay + graph,1.196558368281305,0.07250344051652945
RPFa3,selected SOZ,state_delay_graph,State + delay + graph,1.2046751928929647,0.07014983762874981
RPFa3,selected SOZ,state_delay_graph,State + delay + graph,1.2127920175046247,0.067877076806215
RPFa3,selected SOZ,state_delay_graph,State + delay + graph,1.2209088421162844,0.06568301871853804
RPFa3,selected SOZ,state_delay_graph,State + delay + graph,1.2290256667279444,0.06356567934885689
RPFa3,selected SOZ,state_delay_graph,State + delay + graph,1.237142491339604,0.061523272412398675
RPFa3,selected SOZ,state_delay_graph,State + delay + graph,1.2452593159512637,0.05955424067913331
RPFa3,selected SOZ,state_delay_graph,State + delay + graph,1.2533761405629238,0.05765727267516947
RPFa3,selected SOZ,state_delay_graph,State + delay + graph,1.2614929651745834,0.055831302064251624
RPFa3,selected SOZ,state_delay_graph,State + delay + graph,1.2696097897862435,0.054075488081490854
RPFa3,selected SOZ,state_delay_graph,State + delay + graph,1.2777266143979031,0.05238917662045241
RPFa3,selected SOZ,state_delay_graph,State + delay + graph,1.2858434390095632,0.05077184286690473
RPFa3,selected SOZ,state_delay_graph,State + delay + graph,1.2939602636212229,0.049223017632257476
RPFa3,selected SOZ,state_delay_graph,State + delay + graph,1.302077088232883,0.04774220067855004
RPFa3,selected SOZ,state_delay_graph,State + delay + graph,1.3101939128445426,0.04632876527027161
RPFa3,selected SOZ,state_delay_graph,State + delay + graph,1.3183107374562026,0.04498185888021967
RPFa3,selected SOZ,state_delay_graph,State + delay + graph,1.3264275620678623,0.043700305382053085
RPFa3,selected SOZ,state_delay_graph,State + delay + graph,1.3345443866795224,0.0424825141673855
RPFa3,selected SOZ,state_delay_graph,State + delay + graph,1.342661211291182,0.04132640143619345
RPFa3,selected SOZ,state_delay_graph,State + delay + graph,1.350778035902842,0.040229328448393796
RPFa3,selected SOZ,state_delay_graph,State + delay + graph,1.3588948605145017,0.03918806082673416
RPFa3,selected SOZ,state_delay_graph,State + delay + graph,1.3670116851261618,0.03819875210984504
RPFa3,selected SOZ,state_delay_graph,State + delay + graph,1.3751285097378214,0.03725695371698003
RPFa3,selected SOZ,state_delay_graph,State + delay + graph,1.3832453343494815,0.03635765235116091
RPFa3,selected SOZ,state_delay_graph,State + delay + graph,1.3913621589611411,0.035495334682589495
RPFa3,selected SOZ,state_delay_graph,State + delay + graph,1.3994789835728012,0.0346640779643203
RPFa3,selected SOZ,state_delay_graph,State + delay + graph,1.4075958081844608,0.03385766407981545
RPFa3,selected SOZ,state_delay_graph,State + delay + graph,1.415712632796121,0.033069713447349845
RPFa3,selected SOZ,state_delay_graph,State + delay + graph,1.4238294574077806,0.0322938342478587
RPFa3,selected SOZ,state_delay_graph,State + delay + graph,1.4319462820194406,0.031523781637974896
RPFa3,selected SOZ,state_delay_graph,State + delay + graph,1.4400631066311003,0.030753620994435255
RPFa3,selected SOZ,state_delay_graph,State + delay + graph,1.4481799312427603,0.029977888843054336
RPFa3,selected SOZ,state_delay_graph,State + delay + graph,1.45629675585442,0.02919174498414504
RPFa3,selected SOZ,state_delay_graph,State + delay + graph,1.46441358046608,0.02839110945895528
RPFa3,selected SOZ,state_delay_graph,State + delay + graph,1.4725304050777397,0.027572778421078623
RPFa3,selected SOZ,state_delay_graph,State + delay + graph,1.4806472296893998,0.026734513682957792
RPFa3,selected SOZ,state_delay_graph,State + delay + graph,1.4887640543010594,0.025875101685544213
RPFa3,selected SOZ,state_delay_graph,State + delay + graph,1.4968808789127195,0.024994378857200253
RPFa3,selected SOZ,state_delay_graph,State + delay + graph,1.5049977035243791,0.024093221737459546
RPFa3,selected SOZ,state_delay_graph,State + delay + graph,1.5131145281360392,0.023173501778039143
RPFa3,selected SOZ,state_delay_graph,State + delay + graph,1.5212313527476988,0.022238006320598684
RPFa3,selected SOZ,state_delay_graph,State + delay + graph,1.529348177359359,0.021290328802901808
RPFa3,selected SOZ,state_delay_graph,State + delay + graph,1.5374650019710185,0.02033473267429822
RPFa3,selected SOZ,state_delay_graph,State + delay + graph,1.5455818265826786,0.019375994723382823
RPFa3,selected SOZ,state_delay_graph,State + delay + graph,1.5536986511943383,0.01841923446084934
RPFa3,selected SOZ,state_delay_graph,State + delay + graph,1.5618154758059983,0.017469736800304322
RPFa3,selected SOZ,state_delay_graph,State + delay + graph,1.569932300417658,0.016532775501221196
RPFa3,selected SOZ,state_delay_graph,State + delay + graph,1.578049125029318,0.01561344466728346
RPFa3,selected SOZ,state_delay_graph,State + delay + graph,1.5861659496409777,0.014716505041456272
RPFa3,selected SOZ,state_delay_graph,State + delay + graph,1.5942827742526378,0.013846250942277798
RPFa3,selected SOZ,state_delay_graph,State + delay + graph,1.6023995988642974,0.013006402502236785
RPFa3,selected SOZ,state_delay_graph,State + delay + graph,1.6105164234759575,0.012200026474572865
RPFa3,selected SOZ,state_delay_graph,State + delay + graph,1.618633248087617,0.01142948735734326
RPFa3,selected SOZ,state_delay_graph,State + delay + graph,1.6267500726992772,0.010696429036573548
RPFa3,selected SOZ,state_delay_graph,State + delay + graph,1.6348668973109368,0.010001785665928319
RPFa3,selected SOZ,state_delay_graph,State + delay + graph,1.642983721922597,0.009345819163005179
RPFa3,selected SOZ,state_delay_graph,State + delay + graph,1.6511005465342565,0.008728179583102407
RPFa3,selected SOZ,state_delay_graph,State + delay + graph,1.6592173711459166,0.008147983783404795
RPFa3,selected SOZ,state_delay_graph,State + delay + graph,1.6673341957575762,0.007603907246689883
RPFa3,selected SOZ,state_delay_graph,State + delay + graph,1.6754510203692363,0.007094283704943921
RPFa3,selected SOZ,state_delay_graph,State + delay + graph,1.683567844980896,0.006617207279752332
RPFa3,selected SOZ,state_delay_graph,State + delay + graph,1.691684669592556,0.006170632209180279
RPFa3,selected SOZ,state_delay_graph,State + delay + graph,1.6998014942042157,0.005752465815887006
RPFa3,selected SOZ,state_delay_graph,State + delay + graph,1.7079183188158757,0.005360651133155796
RPFa3,selected SOZ,state_delay_graph,State + delay + graph,1.7160351434275354,0.004993236482903734
RPFa3,selected SOZ,state_delay_graph,State + delay + graph,1.7241519680391955,0.0046484302297701416
RPFa3,selected SOZ,state_delay_graph,State + delay + graph,1.732268792650855,0.004324639858521441
RPFa3,selected SOZ,state_delay_graph,State + delay + graph,1.7403856172625152,0.004020495385794229
RPFa3,selected SOZ,state_delay_graph,State + delay + graph,1.7485024418741748,0.0037348578791890534
RPFa3,selected SOZ,state_delay_graph,State + delay + graph,1.7566192664858349,0.0034668144863161435
RPFa3,selected SOZ,state_delay_graph,State + delay + graph,1.7647360910974945,0.0032156618555112914
RPFa3,selected SOZ,state_delay_graph,State + delay + graph,1.7728529157091542,0.0029808801526472477
RPFa3,selected SOZ,observed,Observed actual,-1.8716013349261202,1.260287663678427e-06
RPFa3,selected SOZ,observed,Observed actual,-1.8634845103144604,1.5481518024463287e-06
RPFa3,selected SOZ,observed,Observed actual,-1.8553676857028005,1.8980907425498417e-06
RPFa3,selected SOZ,observed,Observed actual,-1.8472508610911407,2.322636168319478e-06
RPFa3,selected SOZ,observed,Observed actual,-1.8391340364794808,2.8366607852612e-06
RPFa3,selected SOZ,observed,Observed actual,-1.831017211867821,3.4577760327068575e-06
RPFa3,selected SOZ,observed,Observed actual,-1.822900387256161,4.206789515998589e-06
RPFa3,selected SOZ,observed,Observed actual,-1.8147835626445012,5.108229659264161e-06
RPFa3,selected SOZ,observed,Observed actual,-1.8066667380328414,6.190945762012333e-06
RPFa3,selected SOZ,observed,Observed actual,-1.7985499134211815,7.488792341661394e-06
RPFa3,selected SOZ,observed,Observed actual,-1.7904330888095217,9.04140735103294e-06
RPFa3,selected SOZ,observed,Observed actual,-1.7823162641978618,1.089509456417941e-05
RPFa3,selected SOZ,observed,Observed actual,-1.774199439586202,1.3103821112949435e-05
RPFa3,selected SOZ,observed,Observed actual,-1.766082614974542,1.57303418154514e-05
RPFa3,selected SOZ,observed,Observed actual,-1.7579657903628823,1.8847462548699312e-05
RPFa3,selected SOZ,observed,Observed actual,-1.7498489657512224,2.2539455461368e-05
RPFa3,selected SOZ,observed,Observed actual,-1.7417321411395625,2.6903639276369986e-05
RPFa3,selected SOZ,observed,Observed actual,-1.7336153165279027,3.2052138271960665e-05
RPFa3,selected SOZ,observed,Observed actual,-1.7254984919162428,3.811383372684481e-05
RPFa3,selected SOZ,observed,Observed actual,-1.717381667304583,4.52365216394706e-05
RPFa3,selected SOZ,observed,Observed actual,-1.7092648426929231,5.3589290352356454e-05
RPFa3,selected SOZ,observed,Observed actual,-1.7011480180812633,6.336513129495517e-05
RPFa3,selected SOZ,observed,Observed actual,-1.6930311934696034,7.478379536779075e-05
RPFa3,selected SOZ,observed,Observed actual,-1.6849143688579435,8.809490648989595e-05
RPFa3,selected SOZ,observed,Observed actual,-1.6767975442462837,0.00010358134248399446
RPFa3,selected SOZ,observed,Observed actual,-1.6686807196346238,0.00012156289174276891
RPFa3,selected SOZ,observed,Observed actual,-1.660563895022964,0.00014240019196934113
RPFa3,selected SOZ,observed,Observed actual,-1.6524470704113041,0.00016649895468232305
RPFa3,selected SOZ,observed,Observed actual,-1.6443302457996443,0.00019431447609011588
RPFa3,selected SOZ,observed,Observed actual,-1.6362134211879844,0.00022635643134455343
RPFa3,selected SOZ,observed,Observed actual,-1.6280965965763246,0.0002631939450600859
RPFa3,selected SOZ,observed,Observed actual,-1.6199797719646647,0.0003054609263181861
RPFa3,selected SOZ,observed,Observed actual,-1.6118629473530048,0.0003538616511624098
RPFa3,selected SOZ,observed,Observed actual,-1.603746122741345,0.0004091765698326384
RPFa3,selected SOZ,observed,Observed actual,-1.5956292981296851,0.00047226830970363185
RPFa3,selected SOZ,observed,Observed actual,-1.5875124735180253,0.00054408783811229
RPFa3,selected SOZ,observed,Observed actual,-1.5793956489063654,0.0006256807420231138
RPFa3,selected SOZ,observed,Observed actual,-1.5712788242947056,0.000718193573851117
RPFa3,selected SOZ,observed,Observed actual,-1.5631619996830457,0.0008228802048107461
RPFa3,selected SOZ,observed,Observed actual,-1.5550451750713858,0.0009411081189809583
RPFa3,selected SOZ,observed,Observed actual,-1.546928350459726,0.001074364572980707
RPFa3,selected SOZ,observed,Observed actual,-1.5388115258480661,0.0012242625378642764
RPFa3,selected SOZ,observed,Observed actual,-1.5306947012364063,0.001392546331718533
RPFa3,selected SOZ,observed,Observed actual,-1.5225778766247464,0.0015810968436383386
RPFa3,selected SOZ,observed,Observed actual,-1.5144610520130866,0.0017919362424517543
RPFa3,selected SOZ,observed,Observed actual,-1.5063442274014267,0.0020272320569582314
RPFa3,selected SOZ,observed,Observed actual,-1.4982274027897668,0.0022893005087376976
RPFa3,selected SOZ,observed,Observed actual,-1.490110578178107,0.0025806089740028604
RPFa3,selected SOZ,observed,Observed actual,-1.4819937535664471,0.002903777447723806
RPFa3,selected SOZ,observed,Observed actual,-1.4738769289547875,0.0032615788815784827
RPFa3,selected SOZ,observed,Observed actual,-1.4657601043431274,0.003656938267396635
RPFa3,selected SOZ,observed,Observed actual,-1.4576432797314678,0.004092930339883343
RPFa3,selected SOZ,observed,Observed actual,-1.4495264551198077,0.004572775776734505
RPFa3,selected SOZ,observed,Observed actual,-1.441409630508148,0.005099835780969779
RPFa3,selected SOZ,observed,Observed actual,-1.433292805896488,0.005677604939570617
RPFa3,selected SOZ,observed,Observed actual,-1.4251759812848284,0.006309702264442952
RPFa3,selected SOZ,observed,Observed actual,-1.4170591566731683,0.006999860336416715
RPFa3,selected SOZ,observed,Observed actual,-1.4089423320615087,0.007751912490487729
RPFa3,selected SOZ,observed,Observed actual,-1.4008255074498486,0.008569778000798346
RPFa3,selected SOZ,observed,Observed actual,-1.392708682838189,0.009457445246871008
RPFa3,selected SOZ,observed,Observed actual,-1.3845918582265289,0.010418952868240926
RPFa3,selected SOZ,observed,Observed actual,-1.3764750336148692,0.011458368942679311
RPFa3,selected SOZ,observed,Observed actual,-1.3683582090032091,0.012579768253416787
RPFa3,selected SOZ,observed,Observed actual,-1.3602413843915495,0.013787207742829804
RPFa3,selected SOZ,observed,Observed actual,-1.3521245597798894,0.015084700283566305
RPFa3,selected SOZ,observed,Observed actual,-1.3440077351682298,0.01647618693258604
RPFa3,selected SOZ,observed,Observed actual,-1.3358909105565697,0.01796550786857403
RPFa3,selected SOZ,observed,Observed actual,-1.32777408594491,0.0195563722480567
RPFa3,selected SOZ,observed,Observed actual,-1.31965726133325,0.021252327249698652
RPFa3,selected SOZ,observed,Observed actual,-1.3115404367215904,0.023056726608997425
RPFa3,selected SOZ,observed,Observed actual,-1.3034236121099303,0.024972698976242252
RPFa3,selected SOZ,observed,Observed actual,-1.2953067874982707,0.027003116458419792
RPFa3,selected SOZ,observed,Observed actual,-1.2871899628866106,0.029150563730040026
RPFa3,selected SOZ,observed,Observed actual,-1.279073138274951,0.03141730811787573
RPFa3,selected SOZ,observed,Observed actual,-1.2709563136632909,0.0338052710797086
RPFa3,selected SOZ,observed,Observed actual,-1.2628394890516312,0.03631600150667735
RPFa3,selected SOZ,observed,Observed actual,-1.2547226644399712,0.03895065128218633
RPFa3,selected SOZ,observed,Observed actual,-1.2466058398283115,0.041709953527017965
RPFa3,selected SOZ,observed,Observed actual,-1.2384890152166514,0.04459420394992896
RPFa3,selected SOZ,observed,Observed actual,-1.2303721906049918,0.04760324570526427
RPFa3,selected SOZ,observed,Observed actual,-1.2222553659933317,0.05073645813386204
RPFa3,selected SOZ,observed,Observed actual,-1.214138541381672,0.05399274973066429
RPFa3,selected SOZ,observed,Observed actual,-1.206021716770012,0.05737055564214847
RPFa3,selected SOZ,observed,Observed actual,-1.1979048921583524,0.060867839949166815
RPFa3,selected SOZ,observed,Observed actual,-1.1897880675466923,0.06448210293648335
RPFa3,selected SOZ,observed,Observed actual,-1.1816712429350327,0.06821039348976439
RPFa3,selected SOZ,observed,Observed actual,-1.1735544183233726,0.07204932669476939
RPFa3,selected SOZ,observed,Observed actual,-1.165437593711713,0.07599510664283947
RPFa3,selected SOZ,observed,Observed actual,-1.1573207691000529,0.08004355437253267
RPFa3,selected SOZ,observed,Observed actual,-1.1492039444883932,0.08419014080049089
RPFa3,selected SOZ,observed,Observed actual,-1.1410871198767332,0.08843002441662487
RPFa3,selected SOZ,observed,Observed actual,-1.1329702952650735,0.09275809344071445
RPFa3,selected SOZ,observed,Observed actual,-1.1248534706534135,0.09716901206098436
RPFa3,selected SOZ,observed,Observed actual,-1.1167366460417538,0.10165727030144805
RPFa3,selected SOZ,observed,Observed actual,-1.1086198214300937,0.10621723699529544
RPFa3,selected SOZ,observed,Observed actual,-1.100502996818434,0.11084321527764075
RPFa3,selected SOZ,observed,Observed actual,-1.0923861722067743,0.11552949995391815
RPFa3,selected SOZ,observed,Observed actual,-1.0842693475951144,0.12027043605131552
RPFa3,selected SOZ,observed,Observed actual,-1.0761525229834545,0.125060477821021
RPFa3,selected SOZ,observed,Observed actual,-1.0680356983717947,0.12989424742968186
RPFa3,selected SOZ,observed,Observed actual,-1.0599188737601348,0.13476659256018575
RPFa3,selected SOZ,observed,Observed actual,-1.051802049148475,0.13967264213528613
RPFa3,selected SOZ,observed,Observed actual,-1.0436852245368151,0.14460785938315562
RPFa3,selected SOZ,observed,Observed actual,-1.0355683999251553,0.149568091481865
RPFa3,selected SOZ,observed,Observed actual,-1.0274515753134954,0.1545496150500662
RPFa3,selected SOZ,observed,Observed actual,-1.0193347507018355,0.1595491767935488
RPFa3,selected SOZ,observed,Observed actual,-1.0112179260901757,0.1645640286713867
RPFa3,selected SOZ,observed,Observed actual,-1.0031011014785158,0.16959195701042173
RPFa3,selected SOZ,observed,Observed actual,-0.994984276866856,0.17463130507191998
RPFa3,selected SOZ,observed,Observed actual,-0.9868674522551961,0.1796809886583255
RPFa3,selected SOZ,observed,Observed actual,-0.9787506276435363,0.1847405044398322
RPFa3,selected SOZ,observed,Observed actual,-0.9706338030318764,0.18980993077859082
RPFa3,selected SOZ,observed,Observed actual,-0.9625169784202166,0.1948899209312107
RPFa3,selected SOZ,observed,Observed actual,-0.9544001538085567,0.19998168861617627
RPFa3,selected SOZ,observed,Observed actual,-0.9462833291968968,0.2050869860401426
RPFa3,selected SOZ,observed,Observed actual,-0.938166504585237,0.21020807458410642
RPFa3,selected SOZ,observed,Observed actual,-0.9300496799735771,0.21534768845538022
RPFa3,selected SOZ,observed,Observed actual,-0.9219328553619173,0.22050899171246632
RPFa3,selected SOZ,observed,Observed actual,-0.9138160307502574,0.22569552916567995
RPFa3,selected SOZ,observed,Observed actual,-0.9056992061385976,0.23091117174515655
RPFa3,selected SOZ,observed,Observed actual,-0.8975823815269377,0.2361600570082947
RPFa3,selected SOZ,observed,Observed actual,-0.8894655569152778,0.2414465255294599
RPFa3,selected SOZ,observed,Observed actual,-0.881348732303618,0.24677505397480243
RPFa3,selected SOZ,observed,Observed actual,-0.8732319076919581,0.2521501857134065
RPFa3,selected SOZ,observed,Observed actual,-0.8651150830802983,0.2575764598520168
RPFa3,selected SOZ,observed,Observed actual,-0.8569982584686384,0.2630583396037165
RPFa3,selected SOZ,observed,Observed actual,-0.8488814338569786,0.26860014091095047
RPFa3,selected SOZ,observed,Observed actual,-0.8407646092453187,0.27420596224008303
RPFa3,selected SOZ,observed,Observed actual,-0.8326477846336588,0.2798796164484181
RPFa3,selected SOZ,observed,Observed actual,-0.824530960021999,0.28562456559565924
RPFa3,selected SOZ,observed,Observed actual,-0.8164141354103391,0.2914438595306773
RPFa3,selected SOZ,observed,Observed actual,-0.8082973107986793,0.29734007903195436
RPFa3,selected SOZ,observed,Observed actual,-0.8001804861870194,0.30331528421704673
RPFa3,selected SOZ,observed,Observed actual,-0.7920636615753596,0.3093709688639626
RPFa3,selected SOZ,observed,Observed actual,-0.7839468369636997,0.3155080212065834
RPFa3,selected SOZ,observed,Observed actual,-0.7758300123520399,0.321726691678545
RPFa3,selected SOZ,observed,Observed actual,-0.76771318774038,0.32802656798661367
RPFa3,selected SOZ,observed,Observed actual,-0.7595963631287201,0.3344065577970015
RPFa3,selected SOZ,observed,Observed actual,-0.7514795385170603,0.3408648792177288
RPFa3,selected SOZ,observed,Observed actual,-0.7433627139054004,0.3473990591584742
RPFa3,selected SOZ,observed,Observed actual,-0.7352458892937406,0.3540059395478418
RPFa3,selected SOZ,observed,Observed actual,-0.7271290646820807,0.36068169128800764
RPFa3,selected SOZ,observed,Observed actual,-0.7190122400704209,0.3674218357296487
RPFa3,selected SOZ,observed,Observed actual,-0.710895415458761,0.3742212733571777
RPFa3,selected SOZ,observed,Observed actual,-0.7027785908471011,0.3810743192867955
RPFa3,selected SOZ,observed,Observed actual,-0.6946617662354413,0.3879747450988281
RPFa3,selected SOZ,observed,Observed actual,-0.6865449416237814,0.39491582645216594
RPFa3,selected SOZ,observed,Observed actual,-0.6784281170121216,0.4018903958632326
RPFa3,selected SOZ,observed,Observed actual,-0.6703112924004617,0.40889089997547207
RPFa3,selected SOZ,observed,Observed actual,-0.6621944677888019,0.4159094605983864
RPFa3,selected SOZ,observed,Observed actual,-0.654077643177142,0.42293793875812485
RPFa3,selected SOZ,observed,Observed actual,-0.6459608185654822,0.42996800097475973
RPFa3,selected SOZ,observed,Observed actual,-0.6378439939538223,0.43699118696479855
RPFa3,selected SOZ,observed,Observed actual,-0.6297271693421624,0.44399897796118754
RPFa3,selected SOZ,observed,Observed actual,-0.6216103447305026,0.4509828648468488
RPFa3,selected SOZ,observed,Observed actual,-0.6134935201188427,0.45793441531141627
RPFa3,selected SOZ,observed,Observed actual,-0.6053766955071829,0.4648453392638912
RPFa3,selected SOZ,observed,Observed actual,-0.597259870895523,0.4717075517658733
RPFa3,selected SOZ,observed,Observed actual,-0.5891430462838632,0.47851323279028785
RPFa3,selected SOZ,observed,Observed actual,-0.5810262216722033,0.4852548831583811
RPFa3,selected SOZ,observed,Observed actual,-0.5729093970605434,0.491925376062485
RPFa3,selected SOZ,observed,Observed actual,-0.5647925724488836,0.49851800364277965
RPFa3,selected SOZ,observed,Observed actual,-0.5566757478372237,0.5050265181522421
RPFa3,selected SOZ,observed,Observed actual,-0.5485589232255639,0.5114451673141599
RPFa3,selected SOZ,observed,Observed actual,-0.540442098613904,0.5177687235502376
RPFa3,selected SOZ,observed,Observed actual,-0.5323252740022442,0.5239925068334176
RPFa3,selected SOZ,observed,Observed actual,-0.5242084493905843,0.5301124009972725
RPFa3,selected SOZ,observed,Observed actual,-0.5160916247789245,0.536124863412261
RPFa3,selected SOZ,observed,Observed actual,-0.5079748001672646,0.5420269280174809
RPFa3,selected SOZ,observed,Observed actual,-0.49985797555560474,0.5478162017739725
RPFa3,selected SOZ,observed,Observed actual,-0.4917411509439449,0.5534908546813312
RPFa3,selected SOZ,observed,Observed actual,-0.483624326332285,0.5590496035727287
RPFa3,selected SOZ,observed,Observed actual,-0.47550750172062517,0.5644916899736244
RPFa3,selected SOZ,observed,Observed actual,-0.4673906771089653,0.5698168523759838
RPFa3,selected SOZ,observed,Observed actual,-0.45927385249730546,0.5750252933420108
RPFa3,selected SOZ,observed,Observed actual,-0.4511570278856456,0.5801176419087543
RPFa3,selected SOZ,observed,Observed actual,-0.44304020327398574,0.5850949118170068
RPFa3,selected SOZ,observed,Observed actual,-0.4349233786623259,0.5899584561341459
RPFa3,selected SOZ,observed,Observed actual,-0.42680655405066603,0.5947099188806262
RPFa3,selected SOZ,observed,Observed actual,-0.4186897294390062,0.5993511843032877
RPFa3,selected SOZ,observed,Observed actual,-0.4105729048273463,0.6038843244651928
RPFa3,selected SOZ,observed,Observed actual,-0.40245608021568646,0.6083115458409549
RPFa3,selected SOZ,observed,Observed actual,-0.3943392556040266,0.612635135618266
RPFa3,selected SOZ,observed,Observed actual,-0.38622243099236675,0.6168574084102636
RPFa3,selected SOZ,observed,Observed actual,-0.3781056063807069,0.6209806540792683
RPFa3,selected SOZ,observed,Observed actual,-0.36998878176904704,0.625007087360154
RPFa3,selected SOZ,observed,Observed actual,-0.3618719571573872,0.6289387999509951
RPFa3,selected SOZ,observed,Observed actual,-0.3537551325457273,0.6327777157096498
RPFa3,selected SOZ,observed,Observed actual,-0.34563830793406747,0.6365255495575328
RPFa3,selected SOZ,observed,Observed actual,-0.3375214833224076,0.6401837706462027
RPFa3,selected SOZ,observed,Observed actual,-0.32940465871074776,0.643753570288561
RPFa3,selected SOZ,observed,Observed actual,-0.3212878340990879,0.6472358350949187
RPFa3,selected SOZ,observed,Observed actual,-0.31317100948742826,0.6506311256851528
RPFa3,selected SOZ,observed,Observed actual,-0.3050541848757684,0.6539396612724317
RPFa3,selected SOZ,observed,Observed actual,-0.29693736026410855,0.6571613103319652
RPFa3,selected SOZ,observed,Observed actual,-0.2888205356524487,0.6602955874810904
RPFa3,selected SOZ,observed,Observed actual,-0.28070371104078884,0.663341656605461
RPFa3,selected SOZ,observed,Observed actual,-0.272586886429129,0.666298340171568
RPFa3,selected SOZ,observed,Observed actual,-0.2644700618174691,0.6691641345694341
RPFa3,selected SOZ,observed,Observed actual,-0.25635323720580927,0.6719372312326577
RPFa3,selected SOZ,observed,Observed actual,-0.2482364125941494,0.6746155431875426
RPFa3,selected SOZ,observed,Observed actual,-0.24011958798248956,0.677196736590594
RPFa3,selected SOZ,observed,Observed actual,-0.2320027633708297,0.6796782667258227
RPFa3,selected SOZ,observed,Observed actual,-0.22388593875916984,0.6820574178520077
RPFa3,selected SOZ,observed,Observed actual,-0.21576911414751,0.6843313462170039
RPFa3,selected SOZ,observed,Observed actual,-0.20765228953585013,0.6864971254930773
RPFa3,selected SOZ,observed,Observed actual,-0.19953546492419028,0.6885517938358997
RPFa3,selected SOZ,observed,Observed actual,-0.19141864031253042,0.6904924017314731
RPFa3,selected SOZ,observed,Observed actual,-0.18330181570087056,0.6923160597715367
RPFa3,selected SOZ,observed,Observed actual,-0.1751849910892107,0.6940199854896477
RPFa3,selected SOZ,observed,Observed actual,-0.16706816647755085,0.6956015483982663
RPFa3,selected SOZ,observed,Observed actual,-0.158951341865891,0.6970583123919791
RPFa3,selected SOZ,observed,Observed actual,-0.15083451725423114,0.6983880747238108
RPFa3,selected SOZ,observed,Observed actual,-0.14271769264257128,0.6995889008199736
RPFa3,selected SOZ,observed,Observed actual,-0.13460086803091142,0.7006591542727917
RPFa3,selected SOZ,observed,Observed actual,-0.12648404341925157,0.7015975214408402
RPFa3,selected SOZ,observed,Observed actual,-0.11836721880759171,0.7024030301879759
RPFa3,selected SOZ,observed,Observed actual,-0.11025039419593186,0.7030750624072158
RPFa3,selected SOZ,observed,Observed actual,-0.102133569584272,0.7036133600989121
RPFa3,selected SOZ,observed,Observed actual,-0.09401674497261214,0.7040180249030169
RPFa3,selected SOZ,observed,Observed actual,-0.08589992036095229,0.7042895111195007
RPFa3,selected SOZ,observed,Observed actual,-0.07778309574929243,0.7044286123862953
RPFa3,selected SOZ,observed,Observed actual,-0.06966627113763257,0.7044364423172351
RPFa3,selected SOZ,observed,Observed actual,-0.06154944652597272,0.7043144095303322
RPFa3,selected SOZ,observed,Observed actual,-0.05343262191431286,0.7040641876160987
RPFa3,selected SOZ,observed,Observed actual,-0.045315797302653005,0.7036876807035891
RPFa3,selected SOZ,observed,Observed actual,-0.03719897269099315,0.7031869853756029
RPFa3,selected SOZ,observed,Observed actual,-0.029082148079333292,0.7025643497614452
RPFa3,selected SOZ,observed,Observed actual,-0.020965323467673436,0.7018221306938979
RPFa3,selected SOZ,observed,Observed actual,-0.01284849885601358,0.7009627498546647
RPFa3,selected SOZ,observed,Observed actual,-0.004731674244353723,0.6999886498486093
RPFa3,selected SOZ,observed,Observed actual,0.0033851503673061334,0.6989022511407647
RPFa3,selected SOZ,observed,Observed actual,0.01150197497896599,0.6977059107614973
RPFa3,selected SOZ,observed,Observed actual,0.019618799590625846,0.6964018836347929
RPFa3,selected SOZ,observed,Observed actual,0.027735624202285702,0.6949922873135677
RPFa3,selected SOZ,observed,Observed actual,0.03585244881394556,0.6934790708160026
RPFa3,selected SOZ,observed,Observed actual,0.043969273425605415,0.6918639881502121
RPFa3,selected SOZ,observed,Observed actual,0.05208609803726527,0.6901485769940541
RPFa3,selected SOZ,observed,Observed actual,0.06020292264892513,0.6883341428654497
RPFa3,selected SOZ,observed,Observed actual,0.06831974726058498,0.6864217489798876
RPFa3,selected SOZ,observed,Observed actual,0.07643657187224484,0.6844122118493353
RPFa3,selected SOZ,observed,Observed actual,0.0845533964839047,0.6823061025344712
RPFa3,selected SOZ,observed,Observed actual,0.09267022109556455,0.6801037533238191
RPFa3,selected SOZ,observed,Observed actual,0.10078704570722441,0.6778052694826107
RPFa3,selected SOZ,observed,Observed actual,0.10890387031888427,0.67541054559468
RPFa3,selected SOZ,observed,Observed actual,0.11702069493054412,0.6729192859155553
RPFa3,selected SOZ,observed,Observed actual,0.12513751954220398,0.6703310280669043
RPFa3,selected SOZ,observed,Observed actual,0.13325434415386406,0.6676451693340626
RPFa3,selected SOZ,observed,Observed actual,0.1413711687655237,0.6648609947811656
RPFa3,selected SOZ,observed,Observed actual,0.14948799337718377,0.6619777063736477
RPFa3,selected SOZ,observed,Observed actual,0.1576048179888434,0.6589944522960558
RPFa3,selected SOZ,observed,Observed actual,0.16572164260050348,0.6559103556741025
RPFa3,selected SOZ,observed,Observed actual,0.17383846721216312,0.6527245419528621
RPFa3,selected SOZ,observed,Observed actual,0.1819552918238232,0.6494361642465839
RPFa3,selected SOZ,observed,Observed actual,0.19007211643548283,0.6460444260577133
RPFa3,selected SOZ,observed,Observed actual,0.1981889410471429,0.6425486008608907
RPFa3,selected SOZ,observed,Observed actual,0.20630576565880254,0.6389480481589147
RPFa3,selected SOZ,observed,Observed actual,0.21442259027046218,0.6352422257386258
RPFa3,selected SOZ,observed,Observed actual,0.22253941488212226,0.631430697981745
RPFa3,selected SOZ,observed,Observed actual,0.2306562394937819,0.6275131402152248
RPFa3,selected SOZ,observed,Observed actual,0.23877306410544197,0.6234893392137765
RPFa3,selected SOZ,observed,Observed actual,0.2468898887171016,0.6193591900903413
RPFa3,selected SOZ,observed,Observed actual,0.2550067133287617,0.6151226899247351
RPFa3,selected SOZ,observed,Observed actual,0.2631235379404213,0.6107799285834172
RPFa3,selected SOZ,observed,Observed actual,0.2712403625520814,0.606331077271371
RPFa3,selected SOZ,observed,Observed actual,0.279357187163741,0.6017763754280686
RPFa3,selected SOZ,observed,Observed actual,0.2874740117754011,0.5971161166315649
RPFa3,selected SOZ,observed,Observed actual,0.29559083638706074,0.5923506342066489
RPFa3,selected SOZ,observed,Observed actual,0.3037076609987208,0.5874802872438306
RPFa3,selected SOZ,observed,Observed actual,0.31182448561038045,0.582505447725893
RPFa3,selected SOZ,observed,Observed actual,0.31994131022204053,0.5774264894280335
RPFa3,selected SOZ,observed,Observed actual,0.32805813483370017,0.5722437792075795
RPFa3,selected SOZ,observed,Observed actual,0.33617495944536024,0.5669576712313142
RPFa3,selected SOZ,observed,Observed actual,0.3442917840570199,0.5615685046048359
RPFa3,selected SOZ,observed,Observed actual,0.35240860866867996,0.5560766047715009
RPFa3,selected SOZ,observed,Observed actual,0.3605254332803396,0.5504822889412742
RPFa3,selected SOZ,observed,Observed actual,0.36864225789199967,0.5447858756952548
RPFa3,selected SOZ,observed,Observed actual,0.3767590825036593,0.5389876987930334
RPFa3,selected SOZ,observed,Observed actual,0.3848759071153194,0.5330881250905626
RPFa3,selected SOZ,observed,Observed actual,0.392992731726979,0.5270875763592323
RPFa3,selected SOZ,observed,Observed actual,0.4011095563386391,0.5209865546852996
RPFa3,selected SOZ,observed,Observed actual,0.40922638095029873,0.5147856710256828
RPFa3,selected SOZ,observed,Observed actual,0.4173432055619588,0.5084856764039681
RPFa3,selected SOZ,observed,Observed actual,0.42546003017361844,0.5020874951514624
RPFa3,selected SOZ,observed,Observed actual,0.4335768547852785,0.4955922595341188
RPFa3,selected SOZ,observed,Observed actual,0.44169367939693815,0.4890013450584991
RPFa3,selected SOZ,observed,Observed actual,0.44981050400859823,0.4823164057194877
RPFa3,selected SOZ,observed,Observed actual,0.45792732862025787,0.4755394084396948
RPFa3,selected SOZ,observed,Observed actual,0.46604415323191795,0.4686726659552031
RPFa3,selected SOZ,observed,Observed actual,0.4741609778435776,0.46171886742414786
RPFa3,selected SOZ,observed,Observed actual,0.48227780245523766,0.45468110607243234
RPFa3,selected SOZ,observed,Observed actual,0.4903946270668973,0.4475629032434736
RPFa3,selected SOZ,observed,Observed actual,0.49851145167855737,0.44036822828451894
RPFa3,selected SOZ,observed,Observed actual,0.506628276290217,0.43310151377878525
RPFa3,selected SOZ,observed,Observed actual,0.5147451009018771,0.42576766571838276
RPFa3,selected SOZ,observed,Observed actual,0.5228619255135367,0.4183720683053151
RPFa3,selected SOZ,observed,Observed actual,0.5309787501251968,0.41092058316450714
RPFa3,selected SOZ,observed,Observed actual,0.5390955747368564,0.4034195428513742
RPFa3,selected SOZ,observed,Observed actual,0.5472123993485165,0.3958757386346493
RPFa3,selected SOZ,observed,Observed actual,0.5553292239601761,0.3882964026308525
RPFa3,selected SOZ,observed,Observed actual,0.5634460485718362,0.3806891844578543
RPFa3,selected SOZ,observed,Observed actual,0.5715628731834959,0.3730621226597636
RPFa3,selected SOZ,observed,Observed actual,0.5796796977951559,0.3654236112322291
RPFa3,selected SOZ,observed,Observed actual,0.5877965224068156,0.35778236164503546
RPFa3,selected SOZ,observed,Observed actual,0.5959133470184756,0.35014736081655057
RPFa3,selected SOZ,observed,Observed actual,0.6040301716301353,0.34252782554164535
RPFa3,selected SOZ,observed,Observed actual,0.6121469962417954,0.3349331539106714
RPFa3,selected SOZ,observed,Observed actual,0.620263820853455,0.3273728742820526
RPFa3,selected SOZ,observed,Observed actual,0.6283806454651151,0.3198565923851921
RPFa3,selected SOZ,observed,Observed actual,0.6364974700767747,0.3123939371342439
RPFa3,selected SOZ,observed,Observed actual,0.6446142946884348,0.30499450572753795
RPFa3,selected SOZ,observed,Observed actual,0.6527311193000944,0.29766780859302433
RPFa3,selected SOZ,observed,Observed actual,0.6608479439117545,0.29042321471801047
RPFa3,selected SOZ,observed,Observed actual,0.6689647685234141,0.2832698978728866
RPFa3,selected SOZ,observed,Observed actual,0.6770815931350742,0.27621678420465184
RPFa3,selected SOZ,observed,Observed actual,0.6851984177467338,0.2692725016381437
RPFa3,selected SOZ,observed,Observed actual,0.6933152423583939,0.2624453314820687
RPFa3,selected SOZ,observed,Observed actual,0.7014320669700536,0.25574316259450225
RPFa3,selected SOZ,observed,Observed actual,0.7095488915817136,0.2491734484194344
RPFa3,selected SOZ,observed,Observed actual,0.7176657161933733,0.24274316716328476
RPFa3,selected SOZ,observed,Observed actual,0.7257825408050333,0.23645878533879283
RPFa3,selected SOZ,observed,Observed actual,0.733899365416693,0.23032622486416165
RPFa3,selected SOZ,observed,Observed actual,0.7420161900283531,0.22435083386818883
RPFa3,selected SOZ,observed,Observed actual,0.7501330146400127,0.21853736131788373
RPFa3,selected SOZ,observed,Observed actual,0.7582498392516728,0.21288993555385127
RPFa3,selected SOZ,observed,Observed actual,0.7663666638633324,0.2074120467907103
RPFa3,selected SOZ,observed,Observed actual,0.7744834884749925,0.20210653361486108
RPFa3,selected SOZ,observed,Observed actual,0.7826003130866521,0.1969755734899339
RPFa3,selected SOZ,observed,Observed actual,0.7907171376983122,0.19202067726084968
RPFa3,selected SOZ,observed,Observed actual,0.7988339623099718,0.1872426876303669
RPFa3,selected SOZ,observed,Observed actual,0.8069507869216319,0.18264178156671196
RPFa3,selected SOZ,observed,Observed actual,0.8150676115332915,0.17821747658705037
RPFa3,selected SOZ,observed,Observed actual,0.8231844361449516,0.17396864084857042
RPFa3,selected SOZ,observed,Observed actual,0.8313012607566113,0.16989350696643238
RPFa3,selected SOZ,observed,Observed actual,0.8394180853682713,0.16598968946524936
RPFa3,selected SOZ,observed,Observed actual,0.847534909979931,0.16225420575781185
RPFa3,selected SOZ,observed,Observed actual,0.855651734591591,0.1586835005310002
RPFa3,selected SOZ,observed,Observed actual,0.8637685592032507,0.15527347340410094
RPFa3,selected SOZ,observed,Observed actual,0.8718853838149108,0.15201950970877495
RPFa3,selected SOZ,observed,Observed actual,0.8800022084265704,0.1489165142227431
RPFa3,selected SOZ,observed,Observed actual,0.8881190330382305,0.14595894767078485
RPFa3,selected SOZ,observed,Observed actual,0.8962358576498901,0.1431408657870899
RPFa3,selected SOZ,observed,Observed actual,0.9043526822615502,0.14045596071249988
RPFa3,selected SOZ,observed,Observed actual,0.9124695068732098,0.1378976044791009
RPFa3,selected SOZ,observed,Observed actual,0.9205863314848699,0.13545889431328428
RPFa3,selected SOZ,observed,Observed actual,0.9287031560965295,0.1331326994672968
RPFa3,selected SOZ,observed,Observed actual,0.9368199807081896,0.13091170926889
RPFa3,selected SOZ,observed,Observed actual,0.9449368053198492,0.12878848205954047
RPFa3,selected SOZ,observed,Observed actual,0.9530536299315093,0.12675549467434338
RPFa3,selected SOZ,observed,Observed actual,0.961170454543169,0.12480519210169948
RPFa3,selected SOZ,observed,Observed actual,0.969287279154829,0.12293003694879603
RPFa3,selected SOZ,observed,Observed actual,0.9774041037664887,0.12112255833018412
RPFa3,selected SOZ,observed,Observed actual,0.9855209283781488,0.119375399791889
RPFa3,selected SOZ,observed,Observed actual,0.9936377529898084,0.1176813658828839
RPFa3,selected SOZ,observed,Observed actual,1.0017545776014685,0.11603346698968749
RPFa3,selected SOZ,observed,Observed actual,1.009871402213128,0.11442496205856269
RPFa3,selected SOZ,observed,Observed actual,1.0179882268247882,0.11284939884339883
RPFa3,selected SOZ,observed,Observed actual,1.0261050514364478,0.11130065133588468
RPFa3,selected SOZ,observed,Observed actual,1.034221876048108,0.1097729540579243
RPFa3,selected SOZ,observed,Observed actual,1.0423387006597675,0.10826093292423145
RPFa3,selected SOZ,observed,Observed actual,1.0504555252714276,0.10675963241533543
RPFa3,selected SOZ,observed,Observed actual,1.0585723498830872,0.10526453883746308
RPFa3,selected SOZ,observed,Observed actual,1.0666891744947473,0.10377159948542548
RPFa3,selected SOZ,observed,Observed actual,1.074805999106407,0.10227723756715733
RPFa3,selected SOZ,observed,Observed actual,1.082922823718067,0.10077836279330037
RPFa3,selected SOZ,observed,Observed actual,1.0910396483297267,0.09927237758149549
RPFa3,selected SOZ,observed,Observed actual,1.0991564729413867,0.09775717887211374
RPFa3,selected SOZ,observed,Observed actual,1.1072732975530464,0.09623115559928058
RPFa3,selected SOZ,observed,Observed actual,1.1153901221647065,0.09469318190746452
RPFa3,selected SOZ,observed,Observed actual,1.123506946776366,0.09314260624888739
RPFa3,selected SOZ,observed,Observed actual,1.1316237713880262,0.09157923653985736
RPFa3,selected SOZ,observed,Observed actual,1.1397405959996858,0.09000332159417826
RPFa3,selected SOZ,observed,Observed actual,1.1478574206113459,0.08841552908844862
RPFa3,selected SOZ,observed,Observed actual,1.1559742452230055,0.08681692034682413
RPFa3,selected SOZ,observed,Observed actual,1.1640910698346656,0.08520892226122775
RPFa3,selected SOZ,observed,Observed actual,1.1722078944463252,0.08359329668673546
RPFa3,selected SOZ,observed,Observed actual,1.1803247190579853,0.08197210767067256
RPFa3,selected SOZ,observed,Observed actual,1.188441543669645,0.08034768688771149
RPFa3,selected SOZ,observed,Observed actual,1.196558368281305,0.07872259766190975
RPFa3,selected SOZ,observed,Observed actual,1.2046751928929647,0.07709959796023677
RPFa3,selected SOZ,observed,Observed actual,1.2127920175046247,0.07548160274085082
RPFa3,selected SOZ,observed,Observed actual,1.2209088421162844,0.07387164603346222
RPFa3,selected SOZ,observed,Observed actual,1.2290256667279444,0.07227284311884323
RPFa3,selected SOZ,observed,Observed actual,1.237142491339604,0.07068835316033237
RPFa3,selected SOZ,observed,Observed actual,1.2452593159512637,0.06912134262242957
RPFa3,selected SOZ,observed,Observed actual,1.2533761405629238,0.06757494979080504
RPFa3,selected SOZ,observed,Observed actual,1.2614929651745834,0.06605225068470268
RPFa3,selected SOZ,observed,Observed actual,1.2696097897862435,0.06455622662736314
RPFa3,selected SOZ,observed,Observed actual,1.2777266143979031,0.06308973371320901
RPFa3,selected SOZ,observed,Observed actual,1.2858434390095632,0.0616554743826255
RPFa3,selected SOZ,observed,Observed actual,1.2939602636212229,0.060255971286723685
RPFa3,selected SOZ,observed,Observed actual,1.302077088232883,0.0588935435959053
RPFa3,selected SOZ,observed,Observed actual,1.3101939128445426,0.057570285877772694
RPFa3,selected SOZ,observed,Observed actual,1.3183107374562026,0.056288049642275
RPFa3,selected SOZ,observed,Observed actual,1.3264275620678623,0.05504842762525379
RPFa3,selected SOZ,observed,Observed actual,1.3345443866795224,0.05385274085596896
RPFa3,selected SOZ,observed,Observed actual,1.342661211291182,0.05270202852993813
RPFa3,selected SOZ,observed,Observed actual,1.350778035902842,0.05159704068561469
RPFa3,selected SOZ,observed,Observed actual,1.3588948605145017,0.0505382336621415
RPFa3,selected SOZ,observed,Observed actual,1.3670116851261618,0.04952576829565417
RPFa3,selected SOZ,observed,Observed actual,1.3751285097378214,0.048559510793360634
RPFa3,selected SOZ,observed,Observed actual,1.3832453343494815,0.04763903620781529
RPFa3,selected SOZ,observed,Observed actual,1.3913621589611411,0.04676363441837476
RPFa3,selected SOZ,observed,Observed actual,1.3994789835728012,0.04593231851263635
RPFa3,selected SOZ,observed,Observed actual,1.4075958081844608,0.045143835447636796
RPFa3,selected SOZ,observed,Observed actual,1.415712632796121,0.044396678858580105
RPFa3,selected SOZ,observed,Observed actual,1.4238294574077806,0.04368910387179129
RPFa3,selected SOZ,observed,Observed actual,1.4319462820194406,0.04301914376833376
RPFa3,selected SOZ,observed,Observed actual,1.4400631066311003,0.04238462833522727
RPFa3,selected SOZ,observed,Observed actual,1.4481799312427603,0.041783203732390944
RPFa3,selected SOZ,observed,Observed actual,1.45629675585442,0.0412123536953022
RPFa3,selected SOZ,observed,Observed actual,1.46441358046608,0.04066942188589546
RPFa3,selected SOZ,observed,Observed actual,1.4725304050777397,0.04015163519747832
RPFa3,selected SOZ,observed,Observed actual,1.4806472296893998,0.03965612781346358
RPFa3,selected SOZ,observed,Observed actual,1.4887640543010594,0.0391799658146113
RPFa3,selected SOZ,observed,Observed actual,1.4968808789127195,0.038720172125350116
RPFa3,selected SOZ,observed,Observed actual,1.5049977035243791,0.038273751586745015
RPFa3,selected SOZ,observed,Observed actual,1.5131145281360392,0.0378377159419401
RPFa3,selected SOZ,observed,Observed actual,1.5212313527476988,0.03740910851959689
RPFa3,selected SOZ,observed,Observed actual,1.529348177359359,0.03698502840211067
RPFa3,selected SOZ,observed,Observed actual,1.5374650019710185,0.03656265386838701
RPFa3,selected SOZ,observed,Observed actual,1.5455818265826786,0.036139264905812915
RPFa3,selected SOZ,observed,Observed actual,1.5536986511943383,0.03571226459289074
RPFa3,selected SOZ,observed,Observed actual,1.5618154758059983,0.03527919916289123
RPFa3,selected SOZ,observed,Observed actual,1.569932300417658,0.03483777656988034
RPFa3,selected SOZ,observed,Observed actual,1.578049125029318,0.034385883391594874
RPFa3,selected SOZ,observed,Observed actual,1.5861659496409777,0.033921599918850784
RPFa3,selected SOZ,observed,Observed actual,1.5942827742526378,0.03344321329838964
RPFa3,selected SOZ,observed,Observed actual,1.6023995988642974,0.03294922861518302
RPFa3,selected SOZ,observed,Observed actual,1.6105164234759575,0.03243837782104573
RPFa3,selected SOZ,observed,Observed actual,1.618633248087617,0.031909626438750414
RPFa3,selected SOZ,observed,Observed actual,1.6267500726992772,0.03136217799441978
RPFa3,selected SOZ,observed,Observed actual,1.6348668973109368,0.03079547615551923
RPFa3,selected SOZ,observed,Observed actual,1.642983721922597,0.030209204576934576
RPFa3,selected SOZ,observed,Observed actual,1.6511005465342565,0.02960328448306358
RPFa3,selected SOZ,observed,Observed actual,1.6592173711459166,0.028977870039184263
RPFa3,selected SOZ,observed,Observed actual,1.6673341957575762,0.028333341590218254
RPFa3,selected SOZ,observed,Observed actual,1.6754510203692363,0.02767029686898637
RPFa3,selected SOZ,observed,Observed actual,1.683567844980896,0.026989540298783594
RPFa3,selected SOZ,observed,Observed actual,1.691684669592556,0.026292070536208037
RPFa3,selected SOZ,observed,Observed actual,1.6998014942042157,0.025579066419329447
RPFa3,selected SOZ,observed,Observed actual,1.7079183188158757,0.02485187150315528
RPFa3,selected SOZ,observed,Observed actual,1.7160351434275354,0.02411197737868338
RPFa3,selected SOZ,observed,Observed actual,1.7241519680391955,0.023361005983380246
RPFa3,selected SOZ,observed,Observed actual,1.732268792650855,0.022600691119523727
RPFa3,selected SOZ,observed,Observed actual,1.7403856172625152,0.021832859402363167
RPFa3,selected SOZ,observed,Observed actual,1.7485024418741748,0.021059410862419706
RPFa3,selected SOZ,observed,Observed actual,1.7566192664858349,0.02028229942545385
RPFa3,selected SOZ,observed,Observed actual,1.7647360910974945,0.019503513489724154
RPFa3,selected SOZ,observed,Observed actual,1.7728529157091542,0.018725056813242942
RA3,selected non-SOZ,state_only,State only,-1.8796310059984669,0.009583627966491919
RA3,selected non-SOZ,state_only,State only,-1.871126164494575,0.009992589592537817
RA3,selected non-SOZ,state_only,State only,-1.8626213229906827,0.010421796803064447
RA3,selected non-SOZ,state_only,State only,-1.8541164814867908,0.010873391183364058
RA3,selected non-SOZ,state_only,State only,-1.8456116399828986,0.011349599793917146
RA3,selected non-SOZ,state_only,State only,-1.8371067984790066,0.0118527128737954
RA3,selected non-SOZ,state_only,State only,-1.8286019569751146,0.012385056613053922
RA3,selected non-SOZ,state_only,State only,-1.8200971154712224,0.012948960754711612
RA3,selected non-SOZ,state_only,State only,-1.8115922739673305,0.013546721027944802
RA3,selected non-SOZ,state_only,State only,-1.8030874324634383,0.014180556704767422
RA3,selected non-SOZ,state_only,State only,-1.7945825909595463,0.01485256390168446
RA3,selected non-SOZ,state_only,State only,-1.7860777494556541,0.015564665600671632
RA3,selected non-SOZ,state_only,State only,-1.7775729079517621,0.016318559721973977
RA3,selected non-SOZ,state_only,State only,-1.7690680664478702,0.0171156669234393
RA3,selected non-SOZ,state_only,State only,-1.760563224943978,0.017957080104313516
RA3,selected non-SOZ,state_only,State only,-1.752058383440086,0.018843517831802502
RA3,selected non-SOZ,state_only,State only,-1.7435535419361938,0.019775284063078567
RA3,selected non-SOZ,state_only,State only,-1.7350487004323019,0.02075223658282543
RA3,selected non-SOZ,state_only,State only,-1.7265438589284097,0.021773766499774274
RA3,selected non-SOZ,state_only,State only,-1.7180390174245177,0.022838790933332322
RA3,selected non-SOZ,state_only,State only,-1.7095341759206257,0.023945760668646853
RA3,selected non-SOZ,state_only,State only,-1.7010293344167335,0.025092684068652834
RA3,selected non-SOZ,state_only,State only,-1.6925244929128416,0.02627716791710906
RA3,selected non-SOZ,state_only,State only,-1.6840196514089496,0.027496475148702425
RA3,selected non-SOZ,state_only,State only,-1.6755148099050574,0.028747598631111017
RA3,selected non-SOZ,state_only,State only,-1.6670099684011654,0.030027349337248262
RA3,selected non-SOZ,state_only,State only,-1.6585051268972733,0.03133245642753538
RA3,selected non-SOZ,state_only,State only,-1.6500002853933813,0.032659675999355764
RA3,selected non-SOZ,state_only,State only,-1.641495443889489,0.034005904602102205
RA3,selected non-SOZ,state_only,State only,-1.6329906023855971,0.035368293107374715
RA3,selected non-SOZ,state_only,State only,-1.6244857608817052,0.03674435620536333
RA3,selected non-SOZ,state_only,State only,-1.615980919377813,0.03813207270204152
RA3,selected non-SOZ,state_only,State only,-1.607476077873921,0.039529971937931466
RA3,selected non-SOZ,state_only,State only,-1.5989712363700288,0.04093720204481982
RA3,selected non-SOZ,state_only,State only,-1.5904663948661368,0.042353576394064715
RA3,selected non-SOZ,state_only,State only,-1.5819615533622446,0.04377959544609734
RA3,selected non-SOZ,state_only,State only,-1.5734567118583527,0.045216442248014035
RA3,selected non-SOZ,state_only,State only,-1.5649518703544607,0.046665950994794134
RA3,selected non-SOZ,state_only,State only,-1.5564470288505685,0.04813054930972527
RA3,selected non-SOZ,state_only,State only,-1.5479421873466765,0.049613176144728786
RA3,selected non-SOZ,state_only,State only,-1.5394373458427846,0.05111717838280099
RA3,selected non-SOZ,state_only,State only,-1.5309325043388924,0.052646190276052905
RA3,selected non-SOZ,state_only,State only,-1.5224276628350002,0.054204000713594
RA3,selected non-SOZ,state_only,State only,-1.5139228213311082,0.05579441393381471
RA3,selected non-SOZ,state_only,State only,-1.5054179798272163,0.057421109639200996
RA3,selected non-SOZ,state_only,State only,-1.496913138323324,0.0590875085184987
RA3,selected non-SOZ,state_only,State only,-1.488408296819432,0.060796648928060755
RA3,selected non-SOZ,state_only,State only,-1.4799034553155401,0.06255107994640365
RA3,selected non-SOZ,state_only,State only,-1.471398613811648,0.06435277522470655
RA3,selected non-SOZ,state_only,State only,-1.462893772307756,0.0662030710569439
RA3,selected non-SOZ,state_only,State only,-1.4543889308038638,0.06810263094352549
RA3,selected non-SOZ,state_only,State only,-1.4458840892999718,0.07005143768614672
RA3,selected non-SOZ,state_only,State only,-1.4373792477960796,0.07204881279666693
RA3,selected non-SOZ,state_only,State only,-1.4288744062921876,0.0740934617957188
RA3,selected non-SOZ,state_only,State only,-1.4203695647882957,0.07618354287870008
RA3,selected non-SOZ,state_only,State only,-1.4118647232844035,0.07831675549020395
RA3,selected non-SOZ,state_only,State only,-1.4033598817805115,0.08049044461359273
RA3,selected non-SOZ,state_only,State only,-1.3948550402766196,0.08270171607736959
RA3,selected non-SOZ,state_only,State only,-1.3863501987727274,0.0849475579169913
RA3,selected non-SOZ,state_only,State only,-1.3778453572688352,0.08722496280797704
RA3,selected non-SOZ,state_only,State only,-1.3693405157649432,0.08953104678872816
RA3,selected non-SOZ,state_only,State only,-1.3608356742610512,0.09186315989304719
RA3,selected non-SOZ,state_only,State only,-1.352330832757159,0.09421898487790104
RA3,selected non-SOZ,state_only,State only,-1.343825991253267,0.09659662092063132
RA3,selected non-SOZ,state_only,State only,-1.335321149749375,0.0989946499278191
RA3,selected non-SOZ,state_only,State only,-1.326816308245483,0.10141218390187547
RA3,selected non-SOZ,state_only,State only,-1.3183114667415907,0.10384889261033399
RA3,selected non-SOZ,state_only,State only,-1.309806625237699,0.10630501156093017
RA3,selected non-SOZ,state_only,State only,-1.3013017837338068,0.10878133097343781
RA3,selected non-SOZ,state_only,State only,-1.2927969422299146,0.11127916703493047
RA3,selected non-SOZ,state_only,State only,-1.2842921007260226,0.1138003172142251
RA3,selected non-SOZ,state_only,State only,-1.2757872592221307,0.11634700178688699
RA3,selected non-SOZ,state_only,State only,-1.2672824177182385,0.11892179398402468
RA3,selected non-SOZ,state_only,State only,-1.2587775762143465,0.12152754133163088
RA3,selected non-SOZ,state_only,State only,-1.2502727347104545,0.12416728080228777
RA3,selected non-SOZ,state_only,State only,-1.2417678932065623,0.12684415037057153
RA3,selected non-SOZ,state_only,State only,-1.2332630517026701,0.1295612994624532
RA3,selected non-SOZ,state_only,State only,-1.2247582101987782,0.13232180063290364
RA3,selected non-SOZ,state_only,State only,-1.2162533686948862,0.13512856461035438
RA3,selected non-SOZ,state_only,State only,-1.207748527190994,0.1379842606260515
RA3,selected non-SOZ,state_only,State only,-1.199243685687102,0.14089124371360318
RA3,selected non-SOZ,state_only,State only,-1.19073884418321,0.14385149043016363
RA3,selected non-SOZ,state_only,State only,-1.1822340026793179,0.14686654422420953
RA3,selected non-SOZ,state_only,State only,-1.1737291611754257,0.14993747146188288
RA3,selected non-SOZ,state_only,State only,-1.1652243196715337,0.15306482892771492
RA3,selected non-SOZ,state_only,State only,-1.1567194781676418,0.15624864343671555
RA3,selected non-SOZ,state_only,State only,-1.1482146366637496,0.15948840403115105
RA3,selected non-SOZ,state_only,State only,-1.1397097951598576,0.1627830670819351
RA3,selected non-SOZ,state_only,State only,-1.1312049536559656,0.16613107446422795
RA3,selected non-SOZ,state_only,State only,-1.1227001121520734,0.16953038482055444
RA3,selected non-SOZ,state_only,State only,-1.1141952706481812,0.17297851775222467
RA3,selected non-SOZ,state_only,State only,-1.1056904291442895,0.17647261058081648
RA3,selected non-SOZ,state_only,State only,-1.0971855876403973,0.18000948708627662
RA3,selected non-SOZ,state_only,State only,-1.0886807461365051,0.18358573734973663
RA3,selected non-SOZ,state_only,State only,-1.0801759046326131,0.18719780750352344
RA3,selected non-SOZ,state_only,State only,-1.0716710631287212,0.19084209781914124
RA3,selected non-SOZ,state_only,State only,-1.063166221624829,0.19451506715303188
RA3,selected non-SOZ,state_only,State only,-1.054661380120937,0.19821334133308985
RA3,selected non-SOZ,state_only,State only,-1.046156538617045,0.20193382262616524
RA3,selected non-SOZ,state_only,State only,-1.0376516971131529,0.20567379700460633
RA3,selected non-SOZ,state_only,State only,-1.0291468556092607,0.209431035559969
RA3,selected non-SOZ,state_only,State only,-1.0206420141053687,0.2132038861294439
RA3,selected non-SOZ,state_only,State only,-1.0121371726014767,0.21699135104207634
RA3,selected non-SOZ,state_only,State only,-1.0036323310975845,0.22079314689217538
RA3,selected non-SOZ,state_only,State only,-0.9951274895936926,0.22460974243702053
RA3,selected non-SOZ,state_only,State only,-0.9866226480898005,0.22844237111744206
RA3,selected non-SOZ,state_only,State only,-0.9781178065859084,0.23229301532498098
RA3,selected non-SOZ,state_only,State only,-0.9696129650820163,0.23616436038675565
RA3,selected non-SOZ,state_only,State only,-0.9611081235781244,0.24005971729245623
RA3,selected non-SOZ,state_only,State only,-0.9526032820742323,0.2439829144152631
RA3,selected non-SOZ,state_only,State only,-0.9440984405703402,0.24793815983262601
RA3,selected non-SOZ,state_only,State only,-0.9355935990664481,0.2519298772730858
RA3,selected non-SOZ,state_only,State only,-0.927088757562556,0.25596252012997306
RA3,selected non-SOZ,state_only,State only,-0.918583916058664,0.2600403693135713
RA3,selected non-SOZ,state_only,State only,-0.910079074554772,0.26416732187944403
RA3,selected non-SOZ,state_only,State only,-0.9015742330508799,0.2683466782947555
RA3,selected non-SOZ,state_only,State only,-0.8930693915469878,0.2725809368174469
RA3,selected non-SOZ,state_only,State only,-0.8845645500430958,0.2768716037100971
RA3,selected non-SOZ,state_only,State only,-0.8760597085392037,0.2812190278539181
RA3,selected non-SOZ,state_only,State only,-0.8675548670353117,0.28562226775356897
RA3,selected non-SOZ,state_only,State only,-0.8590500255314195,0.2900789979385529
RA3,selected non-SOZ,state_only,State only,-0.8505451840275275,0.294585460404841
RA3,selected non-SOZ,state_only,State only,-0.8420403425236354,0.29913646505673097
RA3,selected non-SOZ,state_only,State only,-0.8335355010197434,0.30372544118035416
RA3,selected non-SOZ,state_only,State only,-0.8250306595158514,0.308344539898753
RA3,selected non-SOZ,state_only,State only,-0.8165258180119592,0.31298478542748637
RA3,selected non-SOZ,state_only,State only,-0.8080209765080673,0.31763627087665725
RA3,selected non-SOZ,state_only,State only,-0.7995161350041751,0.32228839243552365
RA3,selected non-SOZ,state_only,State only,-0.7910112935002831,0.32693011412658374
RA3,selected non-SOZ,state_only,State only,-0.7825064519963911,0.33155025400932947
RA3,selected non-SOZ,state_only,State only,-0.7740016104924989,0.3361377818133147
RA3,selected non-SOZ,state_only,State only,-0.765496768988607,0.3406821175257534
RA3,selected non-SOZ,state_only,State only,-0.7569919274847148,0.3451734204665332
RA3,selected non-SOZ,state_only,State only,-0.7484870859808228,0.34960285884352155
RA3,selected non-SOZ,state_only,State only,-0.7399822444769308,0.35396285066020244
RA3,selected non-SOZ,state_only,State only,-0.7314774029730386,0.3582472680918118
RA3,selected non-SOZ,state_only,State only,-0.7229725614691467,0.36245159898369683
RA3,selected non-SOZ,state_only,State only,-0.7144677199652545,0.36657306087342567
RA3,selected non-SOZ,state_only,State only,-0.7059628784613625,0.37061066480547783
RA3,selected non-SOZ,state_only,State only,-0.6974580369574703,0.3745652281026221
RA3,selected non-SOZ,state_only,State only,-0.6889531954535784,0.37843933709301636
RA3,selected non-SOZ,state_only,State only,-0.6804483539496864,0.3822372624868632
RA3,selected non-SOZ,state_only,State only,-0.6719435124457942,0.3859648315832091
RA3,selected non-SOZ,state_only,State only,-0.6634386709419022,0.38962926271306436
RA3,selected non-SOZ,state_only,State only,-0.65493382943801,0.3932389682528234
RA3,selected non-SOZ,state_only,State only,-0.6464289879341181,0.39680333315226685
RA3,selected non-SOZ,state_only,State only,-0.6379241464302261,0.40033247621153906
RA3,selected non-SOZ,state_only,State only,-0.6294193049263339,0.40383700132431777
RA3,selected non-SOZ,state_only,State only,-0.6209144634224419,0.4073277456066352
RA3,selected non-SOZ,state_only,State only,-0.6124096219185498,0.41081553079087396
RA3,selected non-SOZ,state_only,State only,-0.6039047804146578,0.41431092352987114
RA3,selected non-SOZ,state_only,State only,-0.5953999389107656,0.4178240093802718
RA3,selected non-SOZ,state_only,State only,-0.5868950974068736,0.421364184274298
RA3,selected non-SOZ,state_only,State only,-0.5783902559029817,0.4249399663025488
RA3,selected non-SOZ,state_only,State only,-0.5698854143990895,0.428558829672048
RA3,selected non-SOZ,state_only,State only,-0.5613805728951975,0.4322270618242508
RA3,selected non-SOZ,state_only,State only,-0.5528757313913053,0.43594964393941604
RA3,selected non-SOZ,state_only,State only,-0.5443708898874133,0.43973015445036545
RA3,selected non-SOZ,state_only,State only,-0.5358660483835214,0.4435706947617127
RA3,selected non-SOZ,state_only,State only,-0.5273612068796292,0.447471836129795
RA3,selected non-SOZ,state_only,State only,-0.5188563653757372,0.4514325865993217
RA3,selected non-SOZ,state_only,State only,-0.510351523871845,0.45545037699768043
RA3,selected non-SOZ,state_only,State only,-0.501846682367953,0.459521065226679
RA3,selected non-SOZ,state_only,State only,-0.4933418408640611,0.4636389584229386
RA3,selected non-SOZ,state_only,State only,-0.4848369993601689,0.4677968529326848
RA3,selected non-SOZ,state_only,State only,-0.4763321578562769,0.4719860924095158
RA3,selected non-SOZ,state_only,State only,-0.4678273163523847,0.4761966446394236
RA3,selected non-SOZ,state_only,State only,-0.45932247484849276,0.48041719787361575
RA3,selected non-SOZ,state_only,State only,-0.45081763334460057,0.4846352774626598
RA3,selected non-SOZ,state_only,State only,-0.4423127918407086,0.4888373834033148
RA3,selected non-SOZ,state_only,State only,-0.43380795033681663,0.49300914901650816
RA3,selected non-SOZ,state_only,State only,-0.42530310883292444,0.49713552037388464
RA3,selected non-SOZ,state_only,State only,-0.41679826732903247,0.5012009553037025
RA3,selected non-SOZ,state_only,State only,-0.4082934258251403,0.5051896398763683
RA3,selected non-SOZ,state_only,State only,-0.3997885843212483,0.5090857192538986
RA3,selected non-SOZ,state_only,State only,-0.39128374281735634,0.5128735387586091
RA3,selected non-SOZ,state_only,State only,-0.38277890131346415,0.5165378900539673
RA3,selected non-SOZ,state_only,State only,-0.3742740598095722,0.5200642565170086
RA3,selected non-SOZ,state_only,State only,-0.36576921830568,0.5234390512937204
RA3,selected non-SOZ,state_only,State only,-0.357264376801788,0.526649841231739
RA3,selected non-SOZ,state_only,State only,-0.34875953529789583,0.5296855499256451
RA3,selected non-SOZ,state_only,State only,-0.34025469379400386,0.5325366335140054
RA3,selected non-SOZ,state_only,State only,-0.3317498522901119,0.5351952236323925
RA3,selected non-SOZ,state_only,State only,-0.3232450107862197,0.5376552330252761
RA3,selected non-SOZ,state_only,State only,-0.31474016928232773,0.5399124206969189
RA3,selected non-SOZ,state_only,State only,-0.30623532777843554,0.5419644150619333
RA3,selected non-SOZ,state_only,State only,-0.29773048627454357,0.5438106952450852
RA3,selected non-SOZ,state_only,State only,-0.2892256447706516,0.5454525323747924
RA3,selected non-SOZ,state_only,State only,-0.2807208032667594,0.5468928943088055
RA3,selected non-SOZ,state_only,State only,-0.27221596176286744,0.5481363186242469
RA3,selected non-SOZ,state_only,State only,-0.26371112025897525,0.5491887598115571
RA3,selected non-SOZ,state_only,State only,-0.2552062787550833,0.5500574173672329
RA3,selected non-SOZ,state_only,State only,-0.2467014372511911,0.550750551843864
RA3,selected non-SOZ,state_only,State only,-0.23819659574729912,0.5512772958769797
RA3,selected non-SOZ,state_only,State only,-0.22969175424340715,0.5516474667843658
RA3,selected non-SOZ,state_only,State only,-0.22118691273951496,0.5518713865706131
RA3,selected non-SOZ,state_only,State only,-0.212682071235623,0.5519597141371158
RA3,selected non-SOZ,state_only,State only,-0.2041772297317308,0.5519232932814799
RA3,selected non-SOZ,state_only,State only,-0.19567238822783883,0.5517730187680564
RA3,selected non-SOZ,state_only,State only,-0.18716754672394686,0.5515197214616139
RA3,selected non-SOZ,state_only,State only,-0.17866270522005467,0.5511740723327646
RA3,selected non-SOZ,state_only,State only,-0.1701578637161627,0.5507465041465673
RA3,selected non-SOZ,state_only,State only,-0.16165302221227051,0.5502471488956241
RA3,selected non-SOZ,state_only,State only,-0.15314818070837855,0.5496857885725778
RA3,selected non-SOZ,state_only,State only,-0.14464333920448658,0.549071816705023
RA3,selected non-SOZ,state_only,State only,-0.13613849770059439,0.5484142081822382
RA3,selected non-SOZ,state_only,State only,-0.12763365619670242,0.5477214952484801
RA3,selected non-SOZ,state_only,State only,-0.11912881469281023,0.5470017480609718
RA3,selected non-SOZ,state_only,State only,-0.11062397318891826,0.5462625588384177
RA3,selected non-SOZ,state_only,State only,-0.10211913168502607,0.5455110292761448
RA3,selected non-SOZ,state_only,State only,-0.0936142901811341,0.544753761495208
RA3,selected non-SOZ,state_only,State only,-0.08510944867724213,0.543996853251819
RA3,selected non-SOZ,state_only,State only,-0.07660460717334994,0.5432458984009583
RA3,selected non-SOZ,state_only,State only,-0.06809976566945797,0.5425059936451818
RA3,selected non-SOZ,state_only,State only,-0.05959492416556578,0.5417817523914348
RA3,selected non-SOZ,state_only,State only,-0.05109008266167381,0.5410773260956283
RA3,selected non-SOZ,state_only,State only,-0.04258524115778184,0.5403964328328442
RA3,selected non-SOZ,state_only,State only,-0.03408039965388965,0.5397423920485609
RA3,selected non-SOZ,state_only,State only,-0.02557555814999768,0.5391181635996092
RA3,selected non-SOZ,state_only,State only,-0.017070716646105488,0.5385263883704304
RA3,selected non-SOZ,state_only,State only,-0.00856587514221352,0.5379694270426724
RA3,selected non-SOZ,state_only,State only,-6.1033638321328354e-05,0.5374493930916798
RA3,selected non-SOZ,state_only,State only,0.00844380786557064,0.536968175858321
RA3,selected non-SOZ,state_only,State only,0.01694864936946261,0.5365274496545689
RA3,selected non-SOZ,state_only,State only,0.0254534908733548,0.5361286653383596
RA3,selected non-SOZ,state_only,State only,0.03395833237724677,0.5357730216382929
RA3,selected non-SOZ,state_only,State only,0.04246317388113896,0.5354614146936173
RA3,selected non-SOZ,state_only,State only,0.05096801538503093,0.5351943657388031
RA3,selected non-SOZ,state_only,State only,0.0594728568889229,0.5349719285187465
RA3,selected non-SOZ,state_only,State only,0.06797769839281509,0.5347935797609837
RA3,selected non-SOZ,state_only,State only,0.07648253989670706,0.5346580977318045
RA3,selected non-SOZ,state_only,State only,0.08498738140059925,0.5345634354353992
RA3,selected non-SOZ,state_only,State only,0.09349222290449122,0.5345065962535501
RA3,selected non-SOZ,state_only,State only,0.10199706440838319,0.5344835206568651
RA3,selected non-SOZ,state_only,State only,0.11050190591227538,0.5344889929579231
RA3,selected non-SOZ,state_only,State only,0.11900674741616735,0.5345165768628858
RA3,selected non-SOZ,state_only,State only,0.12751158892005954,0.5345585877877196
RA3,selected non-SOZ,state_only,State only,0.13601643042395173,0.5346061085531788
RA3,selected non-SOZ,state_only,State only,0.14452127192784348,0.5346490532129257
RA3,selected non-SOZ,state_only,State only,0.15302611343173567,0.5346762814925271
RA3,selected non-SOZ,state_only,State only,0.16153095493562786,0.53467576374504
RA3,selected non-SOZ,state_only,State only,0.1700357964395196,0.5346347936078497
RA3,selected non-SOZ,state_only,State only,0.1785406379434118,0.5345402428358953
RA3,selected non-SOZ,state_only,State only,0.18704547944730399,0.5343788502535056
RA3,selected non-SOZ,state_only,State only,0.19555032095119618,0.5341375345695437
RA3,selected non-SOZ,state_only,State only,0.20405516245508792,0.5338037190796779
RA3,selected non-SOZ,state_only,State only,0.21256000395898011,0.5333656551504042
RA3,selected non-SOZ,state_only,State only,0.2210648454628723,0.5328127309221125
RA3,selected non-SOZ,state_only,State only,0.22956968696676405,0.5321357519234158
RA3,selected non-SOZ,state_only,State only,0.23807452847065624,0.5313271812530809
RA3,selected non-SOZ,state_only,State only,0.24657936997454843,0.530381328613401
RA3,selected non-SOZ,state_only,State only,0.2550842114784402,0.5292944796830358
RA3,selected non-SOZ,state_only,State only,0.2635890529823324,0.5280649599768461
RA3,selected non-SOZ,state_only,State only,0.27209389448622456,0.526693130305908
RA3,selected non-SOZ,state_only,State only,0.28059873599011675,0.5251813140565394
RA3,selected non-SOZ,state_only,State only,0.2891035774940085,0.5235336595782568
RA3,selected non-SOZ,state_only,State only,0.2976084189979007,0.5217559438381394
RA3,selected non-SOZ,state_only,State only,0.3061132605017929,0.519855326006939
RA3,selected non-SOZ,state_only,State only,0.31461810200568463,0.5178400616604295
RA3,selected non-SOZ,state_only,State only,0.3231229435095768,0.5157191897087292
RA3,selected non-SOZ,state_only,State only,0.331627785013469,0.5135022049462377
RA3,selected non-SOZ,state_only,State only,0.3401326265173612,0.5111987292255885
RA3,selected non-SOZ,state_only,State only,0.34863746802125295,0.5088181937220755
RA3,selected non-SOZ,state_only,State only,0.35714230952514514,0.5063695436299701
RA3,selected non-SOZ,state_only,State only,0.36564715102903733,0.5038609750124059
RA3,selected non-SOZ,state_only,State only,0.3741519925329291,0.5012997115309056
RA3,selected non-SOZ,state_only,State only,0.38265683403682127,0.49869182654520905
RA3,selected non-SOZ,state_only,State only,0.39116167554071346,0.49604211374164076
RA3,selected non-SOZ,state_only,State only,0.3996665170446052,0.4933540071593361
RA3,selected non-SOZ,state_only,State only,0.4081713585484974,0.49062954936558545
RA3,selected non-SOZ,state_only,State only,0.4166762000523896,0.4878694046919816
RA3,selected non-SOZ,state_only,State only,0.4251810415562818,0.4850729129626245
RA3,selected non-SOZ,state_only,State only,0.4336858830601735,0.4822381780743867
RA3,selected non-SOZ,state_only,State only,0.4421907245640657,0.4793621851453061
RA3,selected non-SOZ,state_only,State only,0.4506955660679579,0.4764409397174244
RA3,selected non-SOZ,state_only,State only,0.45920040757184966,0.4734696226444365
RA3,selected non-SOZ,state_only,State only,0.46770524907574185,0.4704427547487666
RA3,selected non-SOZ,state_only,State only,0.47621009057963404,0.4673543660190751
RA3,selected non-SOZ,state_only,State only,0.48471493208352623,0.46419816495024274
RA3,selected non-SOZ,state_only,State only,0.493219773587418,0.46096770451619434
RA3,selected non-SOZ,state_only,State only,0.5017246150913102,0.45765654213072804
RA3,selected non-SOZ,state_only,State only,0.5102294565952024,0.4542583917243291
RA3,selected non-SOZ,state_only,State only,0.5187342980990941,0.4507672666947661
RA3,selected non-SOZ,state_only,State only,0.5272391396029863,0.447177612945283
RA3,selected non-SOZ,state_only,State only,0.5357439811068785,0.4434844314960164
RA3,selected non-SOZ,state_only,State only,0.5442488226107707,0.43968339025218606
RA3,selected non-SOZ,state_only,State only,0.5527536641146624,0.43577092446348453
RA3,selected non-SOZ,state_only,State only,0.5612585056185546,0.43174432525362977
RA3,selected non-SOZ,state_only,State only,0.5697633471224468,0.4276018153862224
RA3,selected non-SOZ,state_only,State only,0.5782681886263386,0.4233426112148972
RA3,selected non-SOZ,state_only,State only,0.5867730301302307,0.4189669695925151
RA3,selected non-SOZ,state_only,State only,0.5952778716341229,0.41447621842885246
RA3,selected non-SOZ,state_only,State only,0.6037827131380147,0.4098727696217569
RA3,selected non-SOZ,state_only,State only,0.6122875546419069,0.4051601132622696
RA3,selected non-SOZ,state_only,State only,0.6207923961457991,0.40034279233458986
RA3,selected non-SOZ,state_only,State only,0.6292972376496913,0.3954263575868508
RA3,selected non-SOZ,state_only,State only,0.637802079153583,0.3904173028157709
RA3,selected non-SOZ,state_only,State only,0.6463069206574752,0.385322981452731
RA3,selected non-SOZ,state_only,State only,0.6548117621613674,0.3801515060193883
RA3,selected non-SOZ,state_only,State only,0.6633166036652591,0.37491163269160716
RA3,selected non-SOZ,state_only,State only,0.6718214451691513,0.36961263382558546
RA3,selected non-SOZ,state_only,State only,0.6803262866730435,0.36426416181745763
RA3,selected non-SOZ,state_only,State only,0.6888311281769357,0.3588761080516966
RA3,selected non-SOZ,state_only,State only,0.6973359696808274,0.3534584609186472
RA3,selected non-SOZ,state_only,State only,0.7058408111847196,0.34802116693168084
RA3,selected non-SOZ,state_only,State only,0.7143456526886118,0.3425739988464489
RA3,selected non-SOZ,state_only,State only,0.7228504941925036,0.33712643438551154
RA3,selected non-SOZ,state_only,State only,0.7313553356963958,0.3316875487187718
RA3,selected non-SOZ,state_only,State only,0.739860177200288,0.3262659232689797
RA3,selected non-SOZ,state_only,State only,0.7483650187041797,0.32086957273367106
RA3,selected non-SOZ,state_only,State only,0.7568698602080719,0.3155058914747693
RA3,selected non-SOZ,state_only,State only,0.7653747017119641,0.3101816196608173
RA3,selected non-SOZ,state_only,State only,0.7738795432158563,0.30490282878860375
RA3,selected non-SOZ,state_only,State only,0.782384384719748,0.2996749254925761
RA3,selected non-SOZ,state_only,State only,0.7908892262236402,0.2945026718990183
RA3,selected non-SOZ,state_only,State only,0.7993940677275324,0.28939022021988825
RA3,selected non-SOZ,state_only,State only,0.8078989092314242,0.28434115882557376
RA3,selected non-SOZ,state_only,State only,0.8164037507353163,0.2793585666988547
RA3,selected non-SOZ,state_only,State only,0.8249085922392085,0.27444507296204523
RA3,selected non-SOZ,state_only,State only,0.8334134337431007,0.2696029180894298
RA3,selected non-SOZ,state_only,State only,0.8419182752469925,0.2648340134690554
RA3,selected non-SOZ,state_only,State only,0.8504231167508847,0.2601399961593214
RA3,selected non-SOZ,state_only,State only,0.8589279582547769,0.25552227599270305
RA3,selected non-SOZ,state_only,State only,0.8674327997586686,0.25098207260369343
RA3,selected non-SOZ,state_only,State only,0.8759376412625608,0.2465204404905128
RA3,selected non-SOZ,state_only,State only,0.884442482766453,0.24213828084599232
RA3,selected non-SOZ,state_only,State only,0.8929473242703447,0.23783633959367229
RA3,selected non-SOZ,state_only,State only,0.9014521657742369,0.23361519181726564
RA3,selected non-SOZ,state_only,State only,0.9099570072781291,0.22947521354653433
RA3,selected non-SOZ,state_only,State only,0.9184618487820213,0.2254165426274159
RA3,selected non-SOZ,state_only,State only,0.926966690285913,0.2214390311219978
RA3,selected non-SOZ,state_only,State only,0.9354715317898052,0.2175421923156053
RA3,selected non-SOZ,state_only,State only,0.9439763732936974,0.21372514591504246
RA3,selected non-SOZ,state_only,State only,0.9524812147975892,0.20998656536728003
RA3,selected non-SOZ,state_only,State only,0.9609860563014814,0.2063246313808164
RA3,selected non-SOZ,state_only,State only,0.9694908978053736,0.2027369956699435
RA3,selected non-SOZ,state_only,State only,0.9779957393092658,0.19922075865340538
RA3,selected non-SOZ,state_only,State only,0.9865005808131575,0.19577246432495912
RA3,selected non-SOZ,state_only,State only,0.9950054223170497,0.19238811478927256
RA3,selected non-SOZ,state_only,State only,1.0035102638209419,0.18906320605230711
RA3,selected non-SOZ,state_only,State only,1.0120151053248336,0.18579278561376758
RA3,selected non-SOZ,state_only,State only,1.0205199468287258,0.18257153128481945
RA3,selected non-SOZ,state_only,State only,1.029024788332618,0.17939384950930073
RA3,selected non-SOZ,state_only,State only,1.0375296298365102,0.17625399036822212
RA3,selected non-SOZ,state_only,State only,1.046034471340402,0.17314617546158184
RA3,selected non-SOZ,state_only,State only,1.0545393128442941,0.17006473405054007
RA3,selected non-SOZ,state_only,State only,1.0630441543481863,0.1670042422591283
RA3,selected non-SOZ,state_only,State only,1.071548995852078,0.16395965981740426
RA3,selected non-SOZ,state_only,State only,1.0800538373559703,0.16092645880076836
RA3,selected non-SOZ,state_only,State only,1.0885586788598625,0.15790073908838048
RA3,selected non-SOZ,state_only,State only,1.0970635203637542,0.15487932581428163
RA3,selected non-SOZ,state_only,State only,1.1055683618676464,0.15185984488715848
RA3,selected non-SOZ,state_only,State only,1.1140732033715386,0.14884077366216023
RA3,selected non-SOZ,state_only,State only,1.1225780448754308,0.14582146500171692
RA3,selected non-SOZ,state_only,State only,1.1310828863793225,0.14280214419428913
RA3,selected non-SOZ,state_only,State only,1.1395877278832147,0.13978387943867385
RA3,selected non-SOZ,state_only,State only,1.148092569387107,0.13676852777598558
RA3,selected non-SOZ,state_only,State only,1.1565974108909987,0.13375865939607903
RA3,selected non-SOZ,state_only,State only,1.1651022523948908,0.13075746410396052
RA3,selected non-SOZ,state_only,State only,1.173607093898783,0.12776864436140056
RA3,selected non-SOZ,state_only,State only,1.1821119354026752,0.12479629969172153
RA3,selected non-SOZ,state_only,State only,1.190616776906567,0.12184480734042302
RA3,selected non-SOZ,state_only,State only,1.1991216184104592,0.11891870392659663
RA3,selected non-SOZ,state_only,State only,1.2076264599143514,0.11602257242156158
RA3,selected non-SOZ,state_only,State only,1.216131301418243,0.11316093818727371
RA3,selected non-SOZ,state_only,State only,1.2246361429221353,0.11033817704440498
RA3,selected non-SOZ,state_only,State only,1.2331409844260275,0.10755843747276317
RA3,selected non-SOZ,state_only,State only,1.2416458259299192,0.1048255781328876
RA3,selected non-SOZ,state_only,State only,1.2501506674338114,0.10214312099525899
RA3,selected non-SOZ,state_only,State only,1.2586555089377036,0.0995142195265976
RA3,selected non-SOZ,state_only,State only,1.2671603504415958,0.09694164065828656
RA3,selected non-SOZ,state_only,State only,1.2756651919454876,0.09442775868700787
RA3,selected non-SOZ,state_only,State only,1.2841700334493797,0.09197455885759748
RA3,selected non-SOZ,state_only,State only,1.292674874953272,0.08958364816519816
RA3,selected non-SOZ,state_only,State only,1.3011797164571637,0.0872562708873048
RA3,selected non-SOZ,state_only,State only,1.3096845579610559,0.084993326503167
RA3,selected non-SOZ,state_only,State only,1.318189399464948,0.08279538795423587
RA3,selected non-SOZ,state_only,State only,1.3266942409688403,0.08066271861225141
RA3,selected non-SOZ,state_only,State only,1.335199082472732,0.07859528681251654
RA3,selected non-SOZ,state_only,State only,1.3437039239766242,0.07659277733717751
RA3,selected non-SOZ,state_only,State only,1.3522087654805164,0.07465459975529384
RA3,selected non-SOZ,state_only,State only,1.3607136069844081,0.07277989400447421
RA3,selected non-SOZ,state_only,State only,1.3692184484883003,0.0709675339997893
RA3,selected non-SOZ,state_only,State only,1.3777232899921925,0.0692161303541298
RA3,selected non-SOZ,state_only,State only,1.3862281314960847,0.06752403347383894
RA3,selected non-SOZ,state_only,State only,1.3947329729999765,0.06588933834785854
RA3,selected non-SOZ,state_only,State only,1.4032378145038686,0.06430989228103882
RA3,selected non-SOZ,state_only,State only,1.4117426560077608,0.0627833066450307
RA3,selected non-SOZ,state_only,State only,1.4202474975116526,0.06130697345315168
RA3,selected non-SOZ,state_only,State only,1.4287523390155448,0.05987808723439636
RA3,selected non-SOZ,state_only,State only,1.437257180519437,0.058493672315243585
RA3,selected non-SOZ,state_only,State only,1.4457620220233287,0.05715061524599467
RA3,selected non-SOZ,state_only,State only,1.454266863527221,0.05584570175950333
RA3,selected non-SOZ,state_only,State only,1.462771705031113,0.05457565734919951
RA3,selected non-SOZ,state_only,State only,1.4712765465350053,0.05333719031978966
RA3,selected non-SOZ,state_only,State only,1.479781388038897,0.05212703601100245
RA3,selected non-SOZ,state_only,State only,1.4882862295427892,0.050942000828108826
RA3,selected non-SOZ,state_only,State only,1.4967910710466814,0.049779004731521595
RA3,selected non-SOZ,state_only,State only,1.5052959125505732,0.04863512093394347
RA3,selected non-SOZ,state_only,State only,1.5138007540544653,0.04750761171433721
RA3,selected non-SOZ,state_only,State only,1.5223055955583575,0.046393959466724616
RA3,selected non-SOZ,state_only,State only,1.5308104370622497,0.045291892339693114
RA3,selected non-SOZ,state_only,State only,1.5393152785661415,0.04419940407048356
RA3,selected non-SOZ,state_only,State only,1.5478201200700337,0.04311476785801269
RA3,selected non-SOZ,state_only,State only,1.5563249615739259,0.04203654433734984
RA3,selected non-SOZ,state_only,State only,1.5648298030778176,0.040963583902993324
RA3,selected non-SOZ,state_only,State only,1.5733346445817098,0.03989502377319087
RA3,selected non-SOZ,state_only,State only,1.581839486085602,0.03883028029031321
RA3,selected non-SOZ,state_only,State only,1.5903443275894937,0.03776903701486153
RA3,selected non-SOZ,state_only,State only,1.598849169093386,0.03671122919830567
RA3,selected non-SOZ,state_only,State only,1.6073540105972781,0.03565702522018856
RA3,selected non-SOZ,state_only,State only,1.6158588521011703,0.034606805556515095
RA3,selected non-SOZ,state_only,State only,1.624363693605062,0.03356113981811632
RA3,selected non-SOZ,state_only,State only,1.6328685351089542,0.03252076236708963
RA3,selected non-SOZ,state_only,State only,1.6413733766128464,0.031486546992398834
RA3,selected non-SOZ,state_only,State only,1.6498782181167382,0.03045948110566192
RA3,selected non-SOZ,state_only,State only,1.6583830596206304,0.02944063990592092
RA3,selected non-SOZ,state_only,State only,1.6668879011245226,0.028431160956200404
RA3,selected non-SOZ,state_only,State only,1.6753927426284148,0.02743221961135739
RA3,selected non-SOZ,state_only,State only,1.6838975841323065,0.026445005731270087
RA3,selected non-SOZ,state_only,State only,1.6924024256361987,0.02547070210042602
RA3,selected non-SOZ,state_only,State only,1.7009072671400909,0.02451046494942004
RA3,selected non-SOZ,state_only,State only,1.7094121086439826,0.023565406931790156
RA3,selected non-SOZ,state_only,State only,1.7179169501478748,0.02263658284872913
RA3,selected non-SOZ,state_only,State only,1.726421791651767,0.021724978334308555
RA3,selected non-SOZ,state_only,State only,1.7349266331556588,0.020831501616936716
RA3,selected non-SOZ,state_only,State only,1.743431474659551,0.01995697836294012
RA3,selected non-SOZ,state_only,State only,1.7519363161634431,0.019102149491224747
RA3,selected non-SOZ,state_only,State only,1.7604411576673353,0.018267671730945064
RA3,selected non-SOZ,state_only,State only,1.768945999171227,0.017454120584521983
RA3,selected non-SOZ,state_only,State only,1.7774508406751193,0.016661995263550288
RA3,selected non-SOZ,state_only,State only,1.7859556821790115,0.01589172509161694
RA3,selected non-SOZ,state_only,State only,1.7944605236829032,0.015143676820861077
RA3,selected non-SOZ,state_only,State only,1.8029653651867954,0.014418162291441636
RA3,selected non-SOZ,state_only,State only,1.8114702066906876,0.01371544587602925
RA3,selected non-SOZ,state_only,State only,1.8199750481945798,0.013035751193953742
RA3,selected non-SOZ,state_only,State only,1.8284798896984715,0.01237926664870066
RA3,selected non-SOZ,state_only,State only,1.8369847312023637,0.011746149433353193
RA3,selected non-SOZ,state_only,State only,1.845489572706256,0.011136527755414278
RA3,selected non-SOZ,state_only,State only,1.8539944142101477,0.010550501148576905
RA3,selected non-SOZ,state_only,State only,1.8624992557140398,0.009988138857637503
RA3,selected non-SOZ,state_only,State only,1.871004097217932,0.009449476397358447
RA3,selected non-SOZ,state_only,State only,1.8795089387218242,0.008934510490917015
RA3,selected non-SOZ,state_only,State only,1.888013780225716,0.008443192683907913
RA3,selected non-SOZ,state_only,State only,1.8965186217296082,0.007975422002200371
RA3,selected non-SOZ,state_only,State only,1.9050234632335004,0.0075310370741006015
RA3,selected non-SOZ,state_only,State only,1.913528304737392,0.007109808168288187
RA3,selected non-SOZ,state_only,State only,1.9220331462412843,0.006711429609043441
RA3,selected non-SOZ,state_only,State only,1.9305379877451765,0.006335513020422112
RA3,selected non-SOZ,state_only,State only,1.9390428292490687,0.005981581822993278
RA3,selected non-SOZ,state_delay,State + delay,-1.8796310059984669,0.008054446184874742
RA3,selected non-SOZ,state_delay,State + delay,-1.871126164494575,0.008337793687900141
RA3,selected non-SOZ,state_delay,State + delay,-1.8626213229906827,0.008629959732409816
RA3,selected non-SOZ,state_delay,State + delay,-1.8541164814867908,0.008932141657516504
RA3,selected non-SOZ,state_delay,State + delay,-1.8456116399828986,0.009245453657271441
RA3,selected non-SOZ,state_delay,State + delay,-1.8371067984790066,0.009570872716536023
RA3,selected non-SOZ,state_delay,State + delay,-1.8286019569751146,0.009909186462474651
RA3,selected non-SOZ,state_delay,State + delay,-1.8200971154712224,0.010260945824610292
RA3,selected non-SOZ,state_delay,State + delay,-1.8115922739673305,0.010626425394269317
RA3,selected non-SOZ,state_delay,State + delay,-1.8030874324634383,0.011005594211175357
RA3,selected non-SOZ,state_delay,State + delay,-1.7945825909595463,0.01139809938237568
RA3,selected non-SOZ,state_delay,State + delay,-1.7860777494556541,0.011803264467790758
RA3,selected non-SOZ,state_delay,State + delay,-1.7775729079517621,0.012220103967801736
RA3,selected non-SOZ,state_delay,State + delay,-1.7690680664478702,0.012647354549684032
RA3,selected non-SOZ,state_delay,State + delay,-1.760563224943978,0.013083522885801916
RA3,selected non-SOZ,state_delay,State + delay,-1.752058383440086,0.013526949185822347
RA3,selected non-SOZ,state_delay,State + delay,-1.7435535419361938,0.013975884728062332
RA3,selected non-SOZ,state_delay,State + delay,-1.7350487004323019,0.014428580971084294
RA3,selected non-SOZ,state_delay,State + delay,-1.7265438589284097,0.01488338719253941
RA3,selected non-SOZ,state_delay,State + delay,-1.7180390174245177,0.015338853089823972
RA3,selected non-SOZ,state_delay,State + delay,-1.7095341759206257,0.015793832411625828
RA3,selected non-SOZ,state_delay,State + delay,-1.7010293344167335,0.01624758348841626
RA3,selected non-SOZ,state_delay,State + delay,-1.6925244929128416,0.016699862502572223
RA3,selected non-SOZ,state_delay,State + delay,-1.6840196514089496,0.017151005485770192
RA3,selected non-SOZ,state_delay,State + delay,-1.6755148099050574,0.017601995345158817
RA3,selected non-SOZ,state_delay,State + delay,-1.6670099684011654,0.018054510685860347
RA3,selected non-SOZ,state_delay,State + delay,-1.6585051268972733,0.018510953794681394
RA3,selected non-SOZ,state_delay,State + delay,-1.6500002853933813,0.018974455852854382
RA3,selected non-SOZ,state_delay,State + delay,-1.641495443889489,0.01944885822522328
RA3,selected non-SOZ,state_delay,State + delay,-1.6329906023855971,0.019938669498807567
RA3,selected non-SOZ,state_delay,State + delay,-1.6244857608817052,0.020448998784055736
RA3,selected non-SOZ,state_delay,State + delay,-1.615980919377813,0.020985466617219076
RA3,selected non-SOZ,state_delay,State + delay,-1.607476077873921,0.021554095584016914
RA3,selected non-SOZ,state_delay,State + delay,-1.5989712363700288,0.022161183497850165
RA3,selected non-SOZ,state_delay,State + delay,-1.5904663948661368,0.022813162588402047
RA3,selected non-SOZ,state_delay,State + delay,-1.5819615533622446,0.023516448670481034
RA3,selected non-SOZ,state_delay,State + delay,-1.5734567118583527,0.02427728465432766
RA3,selected non-SOZ,state_delay,State + delay,-1.5649518703544607,0.025101583017215077
RA3,selected non-SOZ,state_delay,State + delay,-1.5564470288505685,0.025994771975828675
RA3,selected non-SOZ,state_delay,State + delay,-1.5479421873466765,0.026961650077173775
RA3,selected non-SOZ,state_delay,State + delay,-1.5394373458427846,0.028006253763756213
RA3,selected non-SOZ,state_delay,State + delay,-1.5309325043388924,0.02913174217103908
RA3,selected non-SOZ,state_delay,State + delay,-1.5224276628350002,0.030340302989447145
RA3,selected non-SOZ,state_delay,State + delay,-1.5139228213311082,0.03163308268026404
RA3,selected non-SOZ,state_delay,State + delay,-1.5054179798272163,0.03301014368837132
RA3,selected non-SOZ,state_delay,State + delay,-1.496913138323324,0.034470450561377014
RA3,selected non-SOZ,state_delay,State + delay,-1.488408296819432,0.036011886083293636
RA3,selected non-SOZ,state_delay,State + delay,-1.4799034553155401,0.037631297682897975
RA3,selected non-SOZ,state_delay,State + delay,-1.471398613811648,0.039324573505542665
RA3,selected non-SOZ,state_delay,State + delay,-1.462893772307756,0.04108674666735607
RA3,selected non-SOZ,state_delay,State + delay,-1.4543889308038638,0.04291212536829587
RA3,selected non-SOZ,state_delay,State + delay,-1.4458840892999718,0.044794445751508295
RA3,selected non-SOZ,state_delay,State + delay,-1.4373792477960796,0.046727043686442885
RA3,selected non-SOZ,state_delay,State + delay,-1.4288744062921876,0.04870304104620913
RA3,selected non-SOZ,state_delay,State + delay,-1.4203695647882957,0.05071554156720437
RA3,selected non-SOZ,state_delay,State + delay,-1.4118647232844035,0.05275783103898214
RA3,selected non-SOZ,state_delay,State + delay,-1.4033598817805115,0.05482357638786508
RA3,selected non-SOZ,state_delay,State + delay,-1.3948550402766196,0.05690701819664558
RA3,selected non-SOZ,state_delay,State + delay,-1.3863501987727274,0.059003151346258144
RA3,selected non-SOZ,state_delay,State + delay,-1.3778453572688352,0.061107888768373926
RA3,selected non-SOZ,state_delay,State + delay,-1.3693405157649432,0.06321820374851349
RA3,selected non-SOZ,state_delay,State + delay,-1.3608356742610512,0.06533224679936611
RA3,selected non-SOZ,state_delay,State + delay,-1.352330832757159,0.06744943380990029
RA3,selected non-SOZ,state_delay,State + delay,-1.343825991253267,0.06957050293986156
RA3,selected non-SOZ,state_delay,State + delay,-1.335321149749375,0.07169753854117775
RA3,selected non-SOZ,state_delay,State + delay,-1.326816308245483,0.0738339612169783
RA3,selected non-SOZ,state_delay,State + delay,-1.3183114667415907,0.07598448394633808
RA3,selected non-SOZ,state_delay,State + delay,-1.309806625237699,0.07815503498299843
RA3,selected non-SOZ,state_delay,State + delay,-1.3013017837338068,0.08035264895926034
RA3,selected non-SOZ,state_delay,State + delay,-1.2927969422299146,0.08258532827866631
RA3,selected non-SOZ,state_delay,State + delay,-1.2842921007260226,0.08486187745733755
RA3,selected non-SOZ,state_delay,State + delay,-1.2757872592221307,0.08719171357557733
RA3,selected non-SOZ,state_delay,State + delay,-1.2672824177182385,0.08958465643705696
RA3,selected non-SOZ,state_delay,State + delay,-1.2587775762143465,0.09205070241597145
RA3,selected non-SOZ,state_delay,State + delay,-1.2502727347104545,0.094599786319124
RA3,selected non-SOZ,state_delay,State + delay,-1.2417678932065623,0.09724153591593593
RA3,selected non-SOZ,state_delay,State + delay,-1.2332630517026701,0.09998502410753526
RA3,selected non-SOZ,state_delay,State + delay,-1.2247582101987782,0.1028385240226527
RA3,selected non-SOZ,state_delay,State + delay,-1.2162533686948862,0.10580927264024761
RA3,selected non-SOZ,state_delay,State + delay,-1.207748527190994,0.10890324883283718
RA3,selected non-SOZ,state_delay,State + delay,-1.199243685687102,0.11212497197471828
RA3,selected non-SOZ,state_delay,State + delay,-1.19073884418321,0.11547732742854695
RA3,selected non-SOZ,state_delay,State + delay,-1.1822340026793179,0.1189614252652916
RA3,selected non-SOZ,state_delay,State + delay,-1.1737291611754257,0.12257649843343978
RA3,selected non-SOZ,state_delay,State + delay,-1.1652243196715337,0.1263198462187397
RA3,selected non-SOZ,state_delay,State + delay,-1.1567194781676418,0.13018682817509253
RA3,selected non-SOZ,state_delay,State + delay,-1.1482146366637496,0.1341709127199522
RA3,selected non-SOZ,state_delay,State + delay,-1.1397097951598576,0.13826378325001096
RA3,selected non-SOZ,state_delay,State + delay,-1.1312049536559656,0.14245550294354004
RA3,selected non-SOZ,state_delay,State + delay,-1.1227001121520734,0.1467347374002038
RA3,selected non-SOZ,state_delay,State + delay,-1.1141952706481812,0.15108903198292428
RA3,selected non-SOZ,state_delay,State + delay,-1.1056904291442895,0.15550513825551876
RA3,selected non-SOZ,state_delay,State + delay,-1.0971855876403973,0.15996938136867664
RA3,selected non-SOZ,state_delay,State + delay,-1.0886807461365051,0.16446805777364068
RA3,selected non-SOZ,state_delay,State + delay,-1.0801759046326131,0.16898785039191727
RA3,selected non-SOZ,state_delay,State + delay,-1.0716710631287212,0.1735162465012601
RA3,selected non-SOZ,state_delay,State + delay,-1.063166221624829,0.178041942268887
RA3,selected non-SOZ,state_delay,State + delay,-1.054661380120937,0.18255521721082363
RA3,selected non-SOZ,state_delay,State + delay,-1.046156538617045,0.18704826199040836
RA3,selected non-SOZ,state_delay,State + delay,-1.0376516971131529,0.19151544395770534
RA3,selected non-SOZ,state_delay,State + delay,-1.0291468556092607,0.19595349669368534
RA3,selected non-SOZ,state_delay,State + delay,-1.0206420141053687,0.20036162252231532
RA3,selected non-SOZ,state_delay,State + delay,-1.0121371726014767,0.20474150039664527
RA3,selected non-SOZ,state_delay,State + delay,-1.0036323310975845,0.2090971956035439
RA3,selected non-SOZ,state_delay,State + delay,-0.9951274895936926,0.2134349721697936
RA3,selected non-SOZ,state_delay,State + delay,-0.9866226480898005,0.21776301345675533
RA3,selected non-SOZ,state_delay,State + delay,-0.9781178065859084,0.22209106094556463
RA3,selected non-SOZ,state_delay,State + delay,-0.9696129650820163,0.22642998537778705
RA3,selected non-SOZ,state_delay,State + delay,-0.9611081235781244,0.2307913079768239
RA3,selected non-SOZ,state_delay,State + delay,-0.9526032820742323,0.2351866922117704
RA3,selected non-SOZ,state_delay,State + delay,-0.9440984405703402,0.23962742830149075
RA3,selected non-SOZ,state_delay,State + delay,-0.9355935990664481,0.2441239332741332
RA3,selected non-SOZ,state_delay,State + delay,-0.927088757562556,0.24868528884485477
RA3,selected non-SOZ,state_delay,State + delay,-0.918583916058664,0.25331883767207386
RA3,selected non-SOZ,state_delay,State + delay,-0.910079074554772,0.2580298557900154
RA3,selected non-SOZ,state_delay,State + delay,-0.9015742330508799,0.2628213153466009
RA3,selected non-SOZ,state_delay,State + delay,-0.8930693915469878,0.2676937474083408
RA3,selected non-SOZ,state_delay,State + delay,-0.8845645500430958,0.27264520977404505
RA3,selected non-SOZ,state_delay,State + delay,-0.8760597085392037,0.27767135973594403
RA3,selected non-SOZ,state_delay,State + delay,-0.8675548670353117,0.28276562681333556
RA3,selected non-SOZ,state_delay,State + delay,-0.8590500255314195,0.28791947592071515
RA3,selected non-SOZ,state_delay,State + delay,-0.8505451840275275,0.29312274745084527
RA3,selected non-SOZ,state_delay,State + delay,-0.8420403425236354,0.2983640575431173
RA3,selected non-SOZ,state_delay,State + delay,-0.8335355010197434,0.3036312395068067
RA3,selected non-SOZ,state_delay,State + delay,-0.8250306595158514,0.30891180605884677
RA3,selected non-SOZ,state_delay,State + delay,-0.8165258180119592,0.3141934117395676
RA3,selected non-SOZ,state_delay,State + delay,-0.8080209765080673,0.3194642955552227
RA3,selected non-SOZ,state_delay,State + delay,-0.7995161350041751,0.3247136854813663
RA3,selected non-SOZ,state_delay,State + delay,-0.7910112935002831,0.3299321488233294
RA3,selected non-SOZ,state_delay,State + delay,-0.7825064519963911,0.3351118754160665
RA3,selected non-SOZ,state_delay,State + delay,-0.7740016104924989,0.3402468840816316
RA3,selected non-SOZ,state_delay,State + delay,-0.765496768988607,0.3453331464663462
RA3,selected non-SOZ,state_delay,State + delay,-0.7569919274847148,0.3503686261685916
RA3,selected non-SOZ,state_delay,State + delay,-0.7484870859808228,0.3553532347695529
RA3,selected non-SOZ,state_delay,State + delay,-0.7399822444769308,0.36028870983511446
RA3,selected non-SOZ,state_delay,State + delay,-0.7314774029730386,0.3651784230315766
RA3,selected non-SOZ,state_delay,State + delay,-0.7229725614691467,0.37002712907839924
RA3,selected non-SOZ,state_delay,State + delay,-0.7144677199652545,0.3748406682626574
RA3,selected non-SOZ,state_delay,State + delay,-0.7059628784613625,0.37962563660484167
RA3,selected non-SOZ,state_delay,State + delay,-0.6974580369574703,0.38438903846451355
RA3,selected non-SOZ,state_delay,State + delay,-0.6889531954535784,0.38913793640604044
RA3,selected non-SOZ,state_delay,State + delay,-0.6804483539496864,0.393879112535003
RA3,selected non-SOZ,state_delay,State + delay,-0.6719435124457942,0.3986187543168453
RA3,selected non-SOZ,state_delay,State + delay,-0.6634386709419022,0.4033621761770109
RA3,selected non-SOZ,state_delay,State + delay,-0.65493382943801,0.40811358605341513
RA3,selected non-SOZ,state_delay,State + delay,-0.6464289879341181,0.412875903642909
RA3,selected non-SOZ,state_delay,State + delay,-0.6379241464302261,0.41765063448096895
RA3,selected non-SOZ,state_delay,State + delay,-0.6294193049263339,0.42243780135318326
RA3,selected non-SOZ,state_delay,State + delay,-0.6209144634224419,0.4272359319926727
RA3,selected non-SOZ,state_delay,State + delay,-0.6124096219185498,0.43204209969694823
RA3,selected non-SOZ,state_delay,State + delay,-0.6039047804146578,0.43685201151228403
RA3,selected non-SOZ,state_delay,State + delay,-0.5953999389107656,0.44166013707378526
RA3,selected non-SOZ,state_delay,State + delay,-0.5868950974068736,0.44645987011528565
RA3,selected non-SOZ,state_delay,State + delay,-0.5783902559029817,0.4512437141037669
RA3,selected non-SOZ,state_delay,State + delay,-0.5698854143990895,0.45600348340105823
RA3,selected non-SOZ,state_delay,State + delay,-0.5613805728951975,0.4607305117707475
RA3,selected non-SOZ,state_delay,State + delay,-0.5528757313913053,0.4654158608583477
RA3,selected non-SOZ,state_delay,State + delay,-0.5443708898874133,0.4700505223821172
RA3,selected non-SOZ,state_delay,State + delay,-0.5358660483835214,0.4746256090675333
RA3,selected non-SOZ,state_delay,State + delay,-0.5273612068796292,0.4791325307213851
RA3,selected non-SOZ,state_delay,State + delay,-0.5188563653757372,0.4835631531559716
RA3,selected non-SOZ,state_delay,State + delay,-0.510351523871845,0.4879099388386779
RA3,selected non-SOZ,state_delay,State + delay,-0.501846682367953,0.4921660690773793
RA3,selected non-SOZ,state_delay,State + delay,-0.4933418408640611,0.49632554820709984
RA3,selected non-SOZ,state_delay,State + delay,-0.4848369993601689,0.5003832905991213
RA3,selected non-SOZ,state_delay,State + delay,-0.4763321578562769,0.504335191384053
RA3,selected non-SOZ,state_delay,State + delay,-0.4678273163523847,0.5081781816075668
RA3,selected non-SOZ,state_delay,State + delay,-0.45932247484849276,0.5119102681881036
RA3,selected non-SOZ,state_delay,State + delay,-0.45081763334460057,0.515530558601107
RA3,selected non-SOZ,state_delay,State + delay,-0.4423127918407086,0.5190392697612541
RA3,selected non-SOZ,state_delay,State + delay,-0.43380795033681663,0.522437720196282
RA3,selected non-SOZ,state_delay,State + delay,-0.42530310883292444,0.5257283043730822
RA3,selected non-SOZ,state_delay,State + delay,-0.41679826732903247,0.528914447998916
RA3,selected non-SOZ,state_delay,State + delay,-0.4082934258251403,0.5320005433020817
RA3,selected non-SOZ,state_delay,State + delay,-0.3997885843212483,0.534991863695008
RA3,selected non-SOZ,state_delay,State + delay,-0.39128374281735634,0.5378944578097755
RA3,selected non-SOZ,state_delay,State + delay,-0.38277890131346415,0.5407150236215801
RA3,selected non-SOZ,state_delay,State + delay,-0.3742740598095722,0.543460764174221
RA3,selected non-SOZ,state_delay,State + delay,-0.36576921830568,0.5461392272205108
RA3,selected non-SOZ,state_delay,State + delay,-0.357264376801788,0.548758131818863
RA3,selected non-SOZ,state_delay,State + delay,-0.34875953529789583,0.5513251855237135
RA3,selected non-SOZ,state_delay,State + delay,-0.34025469379400386,0.5538478962275913
RA3,selected non-SOZ,state_delay,State + delay,-0.3317498522901119,0.5563333829336148
RA3,selected non-SOZ,state_delay,State + delay,-0.3232450107862197,0.5587881897597639
RA3,selected non-SOZ,state_delay,State + delay,-0.31474016928232773,0.5612181073237207
RA3,selected non-SOZ,state_delay,State + delay,-0.30623532777843554,0.5636280053717723
RA3,selected non-SOZ,state_delay,State + delay,-0.29773048627454357,0.5660216801523668
RA3,selected non-SOZ,state_delay,State + delay,-0.2892256447706516,0.5684017196540108
RA3,selected non-SOZ,state_delay,State + delay,-0.2807208032667594,0.570769389484694
RA3,selected non-SOZ,state_delay,State + delay,-0.27221596176286744,0.5731245419094877
RA3,selected non-SOZ,state_delay,State + delay,-0.26371112025897525,0.575465550409232
RA3,selected non-SOZ,state_delay,State + delay,-0.2552062787550833,0.5777892720766166
RA3,selected non-SOZ,state_delay,State + delay,-0.2467014372511911,0.5800910402007526
RA3,selected non-SOZ,state_delay,State + delay,-0.23819659574729912,0.5823646894575784
RA3,selected non-SOZ,state_delay,State + delay,-0.22969175424340715,0.5846026161500277
RA3,selected non-SOZ,state_delay,State + delay,-0.22118691273951496,0.5867958758465391
RA3,selected non-SOZ,state_delay,State + delay,-0.212682071235623,0.5889343204631222
RA3,selected non-SOZ,state_delay,State + delay,-0.2041772297317308,0.5910067762461805
RA3,selected non-SOZ,state_delay,State + delay,-0.19567238822783883,0.5930012631831273
RA3,selected non-SOZ,state_delay,State + delay,-0.18716754672394686,0.594905255068231
RA3,selected non-SOZ,state_delay,State + delay,-0.17866270522005467,0.59670597779236
RA3,selected non-SOZ,state_delay,State + delay,-0.1701578637161627,0.5983907414588859
RA3,selected non-SOZ,state_delay,State + delay,-0.16165302221227051,0.599947299748855
RA3,selected non-SOZ,state_delay,State + delay,-0.15314818070837855,0.60136422769774
RA3,selected non-SOZ,state_delay,State + delay,-0.14464333920448658,0.6026313068660573
RA3,selected non-SOZ,state_delay,State + delay,-0.13613849770059439,0.6037399049653309
RA3,selected non-SOZ,state_delay,State + delay,-0.12763365619670242,0.6046833355211322
RA3,selected non-SOZ,state_delay,State + delay,-0.11912881469281023,0.6054571822840751
RA3,selected non-SOZ,state_delay,State + delay,-0.11062397318891826,0.6060595729759854
RA3,selected non-SOZ,state_delay,State + delay,-0.10211913168502607,0.6064913876759087
RA3,selected non-SOZ,state_delay,State + delay,-0.0936142901811341,0.6067563887477898
RA3,selected non-SOZ,state_delay,State + delay,-0.08510944867724213,0.606861261664192
RA3,selected non-SOZ,state_delay,State + delay,-0.07660460717334994,0.6068155593002085
RA3,selected non-SOZ,state_delay,State + delay,-0.06809976566945797,0.6066315461090048
RA3,selected non-SOZ,state_delay,State + delay,-0.05959492416556578,0.6063239428447544
RA3,selected non-SOZ,state_delay,State + delay,-0.05109008266167381,0.6059095769300582
RA3,selected non-SOZ,state_delay,State + delay,-0.04258524115778184,0.6054069479142041
RA3,selected non-SOZ,state_delay,State + delay,-0.03408039965388965,0.6048357214732504
RA3,selected non-SOZ,state_delay,State + delay,-0.02557555814999768,0.6042161688200761
RA3,selected non-SOZ,state_delay,State + delay,-0.017070716646105488,0.6035685710150372
RA3,selected non-SOZ,state_delay,State + delay,-0.00856587514221352,0.6029126093411676
RA3,selected non-SOZ,state_delay,State + delay,-6.1033638321328354e-05,0.6022667635407191
RA3,selected non-SOZ,state_delay,State + delay,0.00844380786557064,0.6016477392802403
RA3,selected non-SOZ,state_delay,State + delay,0.01694864936946261,0.6010699447677165
RA3,selected non-SOZ,state_delay,State + delay,0.0254534908733548,0.6005450341000323
RA3,selected non-SOZ,state_delay,State + delay,0.03395833237724677,0.6000815318391792
RA3,selected non-SOZ,state_delay,State + delay,0.04246317388113896,0.599684549707924
RA3,selected non-SOZ,state_delay,State + delay,0.05096801538503093,0.5993556023901078
RA3,selected non-SOZ,state_delay,State + delay,0.0594728568889229,0.5990925254507566
RA3,selected non-SOZ,state_delay,State + delay,0.06797769839281509,0.5988894945781513
RA3,selected non-SOZ,state_delay,State + delay,0.07648253989670706,0.5987371418852142
RA3,selected non-SOZ,state_delay,State + delay,0.08498738140059925,0.5986227620410104
RA3,selected non-SOZ,state_delay,State + delay,0.09349222290449122,0.5985305986355213
RA3,selected non-SOZ,state_delay,State + delay,0.10199706440838319,0.5984421994588699
RA3,selected non-SOZ,state_delay,State + delay,0.11050190591227538,0.5983368282956755
RA3,selected non-SOZ,state_delay,State + delay,0.11900674741616735,0.5981919203464009
RA3,selected non-SOZ,state_delay,State + delay,0.12751158892005954,0.5979835684042195
RA3,selected non-SOZ,state_delay,State + delay,0.13601643042395173,0.5976870273294799
RA3,selected non-SOZ,state_delay,State + delay,0.14452127192784348,0.5972772250542802
RA3,selected non-SOZ,state_delay,State + delay,0.15302611343173567,0.5967292692021028
RA3,selected non-SOZ,state_delay,State + delay,0.16153095493562786,0.5960189393208989
RA3,selected non-SOZ,state_delay,State + delay,0.1700357964395196,0.5951231556273011
RA3,selected non-SOZ,state_delay,State + delay,0.1785406379434118,0.594020415999437
RA3,selected non-SOZ,state_delay,State + delay,0.18704547944730399,0.5926911937238872
RA3,selected non-SOZ,state_delay,State + delay,0.19555032095119618,0.5911182892159599
RA3,selected non-SOZ,state_delay,State + delay,0.20405516245508792,0.5892871296349362
RA3,selected non-SOZ,state_delay,State + delay,0.21256000395898011,0.5871860110648703
RA3,selected non-SOZ,state_delay,State + delay,0.2210648454628723,0.5848062787923021
RA3,selected non-SOZ,state_delay,State + delay,0.22956968696676405,0.5821424422427818
RA3,selected non-SOZ,state_delay,State + delay,0.23807452847065624,0.5791922223817827
RA3,selected non-SOZ,state_delay,State + delay,0.24657936997454843,0.5759565308604986
RA3,selected non-SOZ,state_delay,State + delay,0.2550842114784402,0.5724393818811002
RA3,selected non-SOZ,state_delay,State + delay,0.2635890529823324,0.5686477396237664
RA3,selected non-SOZ,state_delay,State + delay,0.27209389448622456,0.5645913060434715
RA3,selected non-SOZ,state_delay,State + delay,0.28059873599011675,0.5602822558047177
RA3,selected non-SOZ,state_delay,State + delay,0.2891035774940085,0.5557349269582805
RA3,selected non-SOZ,state_delay,State + delay,0.2976084189979007,0.5509654775478539
RA3,selected non-SOZ,state_delay,State + delay,0.3061132605017929,0.5459915195468725
RA3,selected non-SOZ,state_delay,State + delay,0.31461810200568463,0.5408317422628378
RA3,selected non-SOZ,state_delay,State + delay,0.3231229435095768,0.5355055375360578
RA3,selected non-SOZ,state_delay,State + delay,0.331627785013469,0.5300326386646019
RA3,selected non-SOZ,state_delay,State + delay,0.3401326265173612,0.5244327840153835
RA3,selected non-SOZ,state_delay,State + delay,0.34863746802125295,0.5187254147817921
RA3,selected non-SOZ,state_delay,State + delay,0.35714230952514514,0.5129294144125959
RA3,selected non-SOZ,state_delay,State + delay,0.36564715102903733,0.507062894987654
RA3,selected non-SOZ,state_delay,State + delay,0.3741519925329291,0.5011430333993651
RA3,selected non-SOZ,state_delay,State + delay,0.38265683403682127,0.49518595777018276
RA3,selected non-SOZ,state_delay,State + delay,0.39116167554071346,0.4892066822470226
RA3,selected non-SOZ,state_delay,State + delay,0.3996665170446052,0.48321908629720384
RA3,selected non-SOZ,state_delay,State + delay,0.4081713585484974,0.47723593299366995
RA3,selected non-SOZ,state_delay,State + delay,0.4166762000523896,0.4712689195883697
RA3,selected non-SOZ,state_delay,State + delay,0.4251810415562818,0.46532875296117
RA3,selected non-SOZ,state_delay,State + delay,0.4336858830601735,0.45942524228475884
RA3,selected non-SOZ,state_delay,State + delay,0.4421907245640657,0.4535674014160298
RA3,selected non-SOZ,state_delay,State + delay,0.4506955660679579,0.44776355403430845
RA3,selected non-SOZ,state_delay,State + delay,0.45920040757184966,0.44202143530239146
RA3,selected non-SOZ,state_delay,State + delay,0.46770524907574185,0.4363482847275359
RA3,selected non-SOZ,state_delay,State + delay,0.47621009057963404,0.43075092585202535
RA3,selected non-SOZ,state_delay,State + delay,0.48471493208352623,0.425235829329561
RA3,selected non-SOZ,state_delay,State + delay,0.493219773587418,0.4198091567911461
RA3,selected non-SOZ,state_delay,State + delay,0.5017246150913102,0.4144767836478021
RA3,selected non-SOZ,state_delay,State + delay,0.5102294565952024,0.4092442996212555
RA3,selected non-SOZ,state_delay,State + delay,0.5187342980990941,0.4041169863668163
RA3,selected non-SOZ,state_delay,State + delay,0.5272391396029863,0.3990997721013253
RA3,selected non-SOZ,state_delay,State + delay,0.5357439811068785,0.3941971637280838
RA3,selected non-SOZ,state_delay,State + delay,0.5442488226107707,0.38941315761167666
RA3,selected non-SOZ,state_delay,State + delay,0.5527536641146624,0.384751130936957
RA3,selected non-SOZ,state_delay,State + delay,0.5612585056185546,0.3802137165039606
RA3,selected non-SOZ,state_delay,State + delay,0.5697633471224468,0.3758026648512962
RA3,selected non-SOZ,state_delay,State + delay,0.5782681886263386,0.37151869872090093
RA3,selected non-SOZ,state_delay,State + delay,0.5867730301302307,0.3673613660033638
RA3,selected non-SOZ,state_delay,State + delay,0.5952778716341229,0.36332889833870374
RA3,selected non-SOZ,state_delay,State + delay,0.6037827131380147,0.35941808338022074
RA3,selected non-SOZ,state_delay,State + delay,0.6122875546419069,0.35562415924520957
RA3,selected non-SOZ,state_delay,State + delay,0.6207923961457991,0.3519407397708481
RA3,selected non-SOZ,state_delay,State + delay,0.6292972376496913,0.3483597787852893
RA3,selected non-SOZ,state_delay,State + delay,0.637802079153583,0.3448715806450723
RA3,selected non-SOZ,state_delay,State + delay,0.6463069206574752,0.34146486277462595
RA3,selected non-SOZ,state_delay,State + delay,0.6548117621613674,0.33812687391256835
RA3,selected non-SOZ,state_delay,State + delay,0.6633166036652591,0.33484356930908743
RA3,selected non-SOZ,state_delay,State + delay,0.6718214451691513,0.33159984135709847
RA3,selected non-SOZ,state_delay,State + delay,0.6803262866730435,0.3283798012375704
RA3,selected non-SOZ,state_delay,State + delay,0.6888311281769357,0.32516710429759255
RA3,selected non-SOZ,state_delay,State + delay,0.6973359696808274,0.3219453092458373
RA3,selected non-SOZ,state_delay,State + delay,0.7058408111847196,0.318698259023016
RA3,selected non-SOZ,state_delay,State + delay,0.7143456526886118,0.3154104695402608
RA3,selected non-SOZ,state_delay,State + delay,0.7228504941925036,0.31206751149677103
RA3,selected non-SOZ,state_delay,State + delay,0.7313553356963958,0.30865637026479564
RA3,selected non-SOZ,state_delay,State + delay,0.739860177200288,0.305165769390359
RA3,selected non-SOZ,state_delay,State + delay,0.7483650187041797,0.30158644457546946
RA3,selected non-SOZ,state_delay,State + delay,0.7568698602080719,0.2979113570062974
RA3,selected non-SOZ,state_delay,State + delay,0.7653747017119641,0.2941358374545304
RA3,selected non-SOZ,state_delay,State + delay,0.7738795432158563,0.2902576555551329
RA3,selected non-SOZ,state_delay,State + delay,0.782384384719748,0.28627701188257604
RA3,selected non-SOZ,state_delay,State + delay,0.7908892262236402,0.2821964537298434
RA3,selected non-SOZ,state_delay,State + delay,0.7993940677275324,0.27802071866575045
RA3,selected non-SOZ,state_delay,State + delay,0.8078989092314242,0.27375651284782127
RA3,selected non-SOZ,state_delay,State + delay,0.8164037507353163,0.26941223356650723
RA3,selected non-SOZ,state_delay,State + delay,0.8249085922392085,0.2649976474902033
RA3,selected non-SOZ,state_delay,State + delay,0.8334134337431007,0.26052353750290413
RA3,selected non-SOZ,state_delay,State + delay,0.8419182752469925,0.25600133184710044
RA3,selected non-SOZ,state_delay,State + delay,0.8504231167508847,0.2514427295070114
RA3,selected non-SOZ,state_delay,State + delay,0.8589279582547769,0.24685933542455127
RA3,selected non-SOZ,state_delay,State + delay,0.8674327997586686,0.24226231828916261
RA3,selected non-SOZ,state_delay,State + delay,0.8759376412625608,0.23766210235619034
RA3,selected non-SOZ,state_delay,State + delay,0.884442482766453,0.2330681031101827
RA3,selected non-SOZ,state_delay,State + delay,0.8929473242703447,0.22848851468635384
RA3,selected non-SOZ,state_delay,State + delay,0.9014521657742369,0.2239301548803501
RA3,selected non-SOZ,state_delay,State + delay,0.9099570072781291,0.21939837139317606
RA3,selected non-SOZ,state_delay,State + delay,0.9184618487820213,0.21489701074576031
RA3,selected non-SOZ,state_delay,State + delay,0.926966690285913,0.21042844911920783
RA3,selected non-SOZ,state_delay,State + delay,0.9354715317898052,0.20599368228619658
RA3,selected non-SOZ,state_delay,State + delay,0.9439763732936974,0.2015924698439562
RA3,selected non-SOZ,state_delay,State + delay,0.9524812147975892,0.19722352718183828
RA3,selected non-SOZ,state_delay,State + delay,0.9609860563014814,0.19288475705601762
RA3,selected non-SOZ,state_delay,State + delay,0.9694908978053736,0.1885735113377449
RA3,selected non-SOZ,state_delay,State + delay,0.9779957393092658,0.18428687248630696
RA3,selected non-SOZ,state_delay,State + delay,0.9865005808131575,0.18002194360863927
RA3,selected non-SOZ,state_delay,State + delay,0.9950054223170497,0.17577613563665767
RA3,selected non-SOZ,state_delay,State + delay,1.0035102638209419,0.17154744020806517
RA3,selected non-SOZ,state_delay,State + delay,1.0120151053248336,0.16733467729520227
RA3,selected non-SOZ,state_delay,State + delay,1.0205199468287258,0.16313770749634507
RA3,selected non-SOZ,state_delay,State + delay,1.029024788332618,0.15895760017573993
RA3,selected non-SOZ,state_delay,State + delay,1.0375296298365102,0.15479675028559053
RA3,selected non-SOZ,state_delay,State + delay,1.046034471340402,0.1506589386779473
RA3,selected non-SOZ,state_delay,State + delay,1.0545393128442941,0.14654933294916028
RA3,selected non-SOZ,state_delay,State + delay,1.0630441543481863,0.14247442826761228
RA3,selected non-SOZ,state_delay,State + delay,1.071548995852078,0.13844193011420863
RA3,selected non-SOZ,state_delay,State + delay,1.0800538373559703,0.13446058330123928
RA3,selected non-SOZ,state_delay,State + delay,1.0885586788598625,0.13053995391086037
RA3,selected non-SOZ,state_delay,State + delay,1.0970635203637542,0.12669017279463213
RA3,selected non-SOZ,state_delay,State + delay,1.1055683618676464,0.12292165089590165
RA3,selected non-SOZ,state_delay,State + delay,1.1140732033715386,0.11924477781099875
RA3,selected non-SOZ,state_delay,State + delay,1.1225780448754308,0.115669615631162
RA3,selected non-SOZ,state_delay,State + delay,1.1310828863793225,0.11220560017222994
RA3,selected non-SOZ,state_delay,State + delay,1.1395877278832147,0.10886126120275172
RA3,selected non-SOZ,state_delay,State + delay,1.148092569387107,0.10564397225526152
RA3,selected non-SOZ,state_delay,State + delay,1.1565974108909987,0.10255973911254584
RA3,selected non-SOZ,state_delay,State + delay,1.1651022523948908,0.09961303418963882
RA3,selected non-SOZ,state_delay,State + delay,1.173607093898783,0.09680668189192805
RA3,selected non-SOZ,state_delay,State + delay,1.1821119354026752,0.0941417977415091
RA3,selected non-SOZ,state_delay,State + delay,1.190616776906567,0.09161778175304316
RA3,selected non-SOZ,state_delay,State + delay,1.1991216184104592,0.08923236432772229
RA3,selected non-SOZ,state_delay,State + delay,1.2076264599143514,0.0869817009277377
RA3,selected non-SOZ,state_delay,State + delay,1.216131301418243,0.08486051008324992
RA3,selected non-SOZ,state_delay,State + delay,1.2246361429221353,0.08286224793447455
RA3,selected non-SOZ,state_delay,State + delay,1.2331409844260275,0.0809793115617892
RA3,selected non-SOZ,state_delay,State + delay,1.2416458259299192,0.07920326281796876
RA3,selected non-SOZ,state_delay,State + delay,1.2501506674338114,0.07752506423441875
RA3,selected non-SOZ,state_delay,State + delay,1.2586555089377036,0.07593531879102282
RA3,selected non-SOZ,state_delay,State + delay,1.2671603504415958,0.0744245058630588
RA3,selected non-SOZ,state_delay,State + delay,1.2756651919454876,0.07298320642343643
RA3,selected non-SOZ,state_delay,State + delay,1.2841700334493797,0.07160231151385339
RA3,selected non-SOZ,state_delay,State + delay,1.292674874953272,0.07027320903495837
RA3,selected non-SOZ,state_delay,State + delay,1.3011797164571637,0.06898794497986081
RA3,selected non-SOZ,state_delay,State + delay,1.3096845579610559,0.06773935629425591
RA3,selected non-SOZ,state_delay,State + delay,1.318189399464948,0.06652117354971078
RA3,selected non-SOZ,state_delay,State + delay,1.3266942409688403,0.06532809253790639
RA3,selected non-SOZ,state_delay,State + delay,1.335199082472732,0.06415581471985858
RA3,selected non-SOZ,state_delay,State + delay,1.3437039239766242,0.06300105719397692
RA3,selected non-SOZ,state_delay,State + delay,1.3522087654805164,0.0618615334876804
RA3,selected non-SOZ,state_delay,State + delay,1.3607136069844081,0.06073590704190321
RA3,selected non-SOZ,state_delay,State + delay,1.3692184484883003,0.05962371976062791
RA3,selected non-SOZ,state_delay,State + delay,1.3777232899921925,0.0585252984512859
RA3,selected non-SOZ,state_delay,State + delay,1.3862281314960847,0.05744164239470956
RA3,selected non-SOZ,state_delay,State + delay,1.3947329729999765,0.056374295657159214
RA3,selected non-SOZ,state_delay,State + delay,1.4032378145038686,0.055325208086558546
RA3,selected non-SOZ,state_delay,State + delay,1.4117426560077608,0.05429658920835222
RA3,selected non-SOZ,state_delay,State + delay,1.4202474975116526,0.05329075943589696
RA3,selected non-SOZ,state_delay,State + delay,1.4287523390155448,0.0523100031153534
RA3,selected non-SOZ,state_delay,State + delay,1.437257180519437,0.0513564279146019
RA3,selected non-SOZ,state_delay,State + delay,1.4457620220233287,0.050431834921329695
RA3,selected non-SOZ,state_delay,State + delay,1.454266863527221,0.04953760352419417
RA3,selected non-SOZ,state_delay,State + delay,1.462771705031113,0.04867459470778865
RA3,selected non-SOZ,state_delay,State + delay,1.4712765465350053,0.04784307580150254
RA3,selected non-SOZ,state_delay,State + delay,1.479781388038897,0.047042668999047556
RA3,selected non-SOZ,state_delay,State + delay,1.4882862295427892,0.04627232513409124
RA3,selected non-SOZ,state_delay,State + delay,1.4967910710466814,0.045530323291508905
RA3,selected non-SOZ,state_delay,State + delay,1.5052959125505732,0.04481429589316461
RA3,selected non-SOZ,state_delay,State + delay,1.5138007540544653,0.044121277965545075
RA3,selected non-SOZ,state_delay,State + delay,1.5223055955583575,0.043447778418348675
RA3,selected non-SOZ,state_delay,State + delay,1.5308104370622497,0.042789870380043955
RA3,selected non-SOZ,state_delay,State + delay,1.5393152785661415,0.04214329698482476
RA3,selected non-SOZ,state_delay,State + delay,1.5478201200700337,0.04150358851373124
RA3,selected non-SOZ,state_delay,State + delay,1.5563249615739259,0.040866186479948656
RA3,selected non-SOZ,state_delay,State + delay,1.5648298030778176,0.04022657012293993
RA3,selected non-SOZ,state_delay,State + delay,1.5733346445817098,0.039580380836307646
RA3,selected non-SOZ,state_delay,State + delay,1.581839486085602,0.038923540288684555
RA3,selected non-SOZ,state_delay,State + delay,1.5903443275894937,0.03825235838603075
RA3,selected non-SOZ,state_delay,State + delay,1.598849169093386,0.03756362774177619
RA3,selected non-SOZ,state_delay,State + delay,1.6073540105972781,0.03685470193857975
RA3,selected non-SOZ,state_delay,State + delay,1.6158588521011703,0.03612355555053428
RA3,selected non-SOZ,state_delay,State + delay,1.624363693605062,0.03536882461599106
RA3,selected non-SOZ,state_delay,State + delay,1.6328685351089542,0.03458982697913385
RA3,selected non-SOZ,state_delay,State + delay,1.6413733766128464,0.03378656262626067
RA3,selected non-SOZ,state_delay,State + delay,1.6498782181167382,0.032959694807345674
RA3,selected non-SOZ,state_delay,State + delay,1.6583830596206304,0.03211051333570111
RA3,selected non-SOZ,state_delay,State + delay,1.6668879011245226,0.031240881983147735
RA3,selected non-SOZ,state_delay,State + delay,1.6753927426284148,0.03035317232328724
RA3,selected non-SOZ,state_delay,State + delay,1.6838975841323065,0.02945018671267303
RA3,selected non-SOZ,state_delay,State + delay,1.6924024256361987,0.02853507333307126
RA3,selected non-SOZ,state_delay,State + delay,1.7009072671400909,0.027611236344295482
RA3,selected non-SOZ,state_delay,State + delay,1.7094121086439826,0.02668224421541577
RA3,selected non-SOZ,state_delay,State + delay,1.7179169501478748,0.02575173921414782
RA3,selected non-SOZ,state_delay,State + delay,1.726421791651767,0.024823350844392075
RA3,selected non-SOZ,state_delay,State + delay,1.7349266331556588,0.02390061573776313
RA3,selected non-SOZ,state_delay,State + delay,1.743431474659551,0.022986906137514432
RA3,selected non-SOZ,state_delay,State + delay,1.7519363161634431,0.02208536867701017
RA3,selected non-SOZ,state_delay,State + delay,1.7604411576673353,0.02119887466776995
RA3,selected non-SOZ,state_delay,State + delay,1.768945999171227,0.020329982595066326
RA3,selected non-SOZ,state_delay,State + delay,1.7774508406751193,0.019480912995275698
RA3,selected non-SOZ,state_delay,State + delay,1.7859556821790115,0.0186535353829876
RA3,selected non-SOZ,state_delay,State + delay,1.7944605236829032,0.01784936643134483
RA3,selected non-SOZ,state_delay,State + delay,1.8029653651867954,0.01706957820851116
RA3,selected non-SOZ,state_delay,State + delay,1.8114702066906876,0.01631501495550139
RA3,selected non-SOZ,state_delay,State + delay,1.8199750481945798,0.015586216670075927
RA3,selected non-SOZ,state_delay,State + delay,1.8284798896984715,0.014883447646316503
RA3,selected non-SOZ,state_delay,State + delay,1.8369847312023637,0.01420672811158167
RA3,selected non-SOZ,state_delay,State + delay,1.845489572706256,0.013555867196686815
RA3,selected non-SOZ,state_delay,State + delay,1.8539944142101477,0.012930495659763506
RA3,selected non-SOZ,state_delay,State + delay,1.8624992557140398,0.01233009704210631
RA3,selected non-SOZ,state_delay,State + delay,1.871004097217932,0.011754036243860412
RA3,selected non-SOZ,state_delay,State + delay,1.8795089387218242,0.011201584844466263
RA3,selected non-SOZ,state_delay,State + delay,1.888013780225716,0.010671942832404809
RA3,selected non-SOZ,state_delay,State + delay,1.8965186217296082,0.010164256727155587
RA3,selected non-SOZ,state_delay,State + delay,1.9050234632335004,0.009677634352480865
RA3,selected non-SOZ,state_delay,State + delay,1.913528304737392,0.009211156737640485
RA3,selected non-SOZ,state_delay,State + delay,1.9220331462412843,0.008763887770854548
RA3,selected non-SOZ,state_delay,State + delay,1.9305379877451765,0.008334882302230168
RA3,selected non-SOZ,state_delay,State + delay,1.9390428292490687,0.007923193392529866
RA3,selected non-SOZ,state_delay_graph,State + delay + graph,-1.8796310059984669,0.006526321259526154
RA3,selected non-SOZ,state_delay_graph,State + delay + graph,-1.871126164494575,0.006644337351575425
RA3,selected non-SOZ,state_delay_graph,State + delay + graph,-1.8626213229906827,0.006779586100239708
RA3,selected non-SOZ,state_delay_graph,State + delay + graph,-1.8541164814867908,0.006933338616784981
RA3,selected non-SOZ,state_delay_graph,State + delay + graph,-1.8456116399828986,0.007106827657541915
RA3,selected non-SOZ,state_delay_graph,State + delay + graph,-1.8371067984790066,0.007301236741718874
RA3,selected non-SOZ,state_delay_graph,State + delay + graph,-1.8286019569751146,0.007517686669610655
RA3,selected non-SOZ,state_delay_graph,State + delay + graph,-1.8200971154712224,0.007757220112585541
RA3,selected non-SOZ,state_delay_graph,State + delay + graph,-1.8115922739673305,0.008020785239071408
RA3,selected non-SOZ,state_delay_graph,State + delay + graph,-1.8030874324634383,0.008309219571641968
RA3,selected non-SOZ,state_delay_graph,State + delay + graph,-1.7945825909595463,0.008623235415693386
RA3,selected non-SOZ,state_delay_graph,State + delay + graph,-1.7860777494556541,0.008963408242104795
RA3,selected non-SOZ,state_delay_graph,State + delay + graph,-1.7775729079517621,0.009330169333973005
RA3,selected non-SOZ,state_delay_graph,State + delay + graph,-1.7690680664478702,0.009723803818809306
RA3,selected non-SOZ,state_delay_graph,State + delay + graph,-1.760563224943978,0.010144454909455694
RA3,selected non-SOZ,state_delay_graph,State + delay + graph,-1.752058383440086,0.01059213478552984
RA3,selected non-SOZ,state_delay_graph,State + delay + graph,-1.7435535419361938,0.011066742086943413
RA3,selected non-SOZ,state_delay_graph,State + delay + graph,-1.7350487004323019,0.011568085493426404
RA3,selected non-SOZ,state_delay_graph,State + delay + graph,-1.7265438589284097,0.012095912365446389
RA3,selected non-SOZ,state_delay_graph,State + delay + graph,-1.7180390174245177,0.012649940961260058
RA3,selected non-SOZ,state_delay_graph,State + delay + graph,-1.7095341759206257,0.013229894360503683
RA3,selected non-SOZ,state_delay_graph,State + delay + graph,-1.7010293344167335,0.013835533951754417
RA3,selected non-SOZ,state_delay_graph,State + delay + graph,-1.6925244929128416,0.014466690208679646
RA3,selected non-SOZ,state_delay_graph,State + delay + graph,-1.6840196514089496,0.015123288506727681
RA3,selected non-SOZ,state_delay_graph,State + delay + graph,-1.6755148099050574,0.015805367928952773
RA3,selected non-SOZ,state_delay_graph,State + delay + graph,-1.6670099684011654,0.01651309137248763
RA3,selected non-SOZ,state_delay_graph,State + delay + graph,-1.6585051268972733,0.017246745780706698
RA3,selected non-SOZ,state_delay_graph,State + delay + graph,-1.6500002853933813,0.01800673196239151
RA3,selected non-SOZ,state_delay_graph,State + delay + graph,-1.641495443889489,0.0187935441795746
RA3,selected non-SOZ,state_delay_graph,State + delay + graph,-1.6329906023855971,0.01960774044309666
RA3,selected non-SOZ,state_delay_graph,State + delay + graph,-1.6244857608817052,0.02044990519681192
RA3,selected non-SOZ,state_delay_graph,State + delay + graph,-1.615980919377813,0.021320606743679006
RA3,selected non-SOZ,state_delay_graph,State + delay + graph,-1.607476077873921,0.02222035231786315
RA3,selected non-SOZ,state_delay_graph,State + delay + graph,-1.5989712363700288,0.02314954409093942
RA3,selected non-SOZ,state_delay_graph,State + delay + graph,-1.5904663948661368,0.024108439581841515
RA3,selected non-SOZ,state_delay_graph,State + delay + graph,-1.5819615533622446,0.02509711989693188
RA3,selected non-SOZ,state_delay_graph,State + delay + graph,-1.5734567118583527,0.0261154689513223
RA3,selected non-SOZ,state_delay_graph,State + delay + graph,-1.5649518703544607,0.027163166324494288
RA3,selected non-SOZ,state_delay_graph,State + delay + graph,-1.5564470288505685,0.028239695707577898
RA3,selected non-SOZ,state_delay_graph,State + delay + graph,-1.5479421873466765,0.02934437004621428
RA3,selected non-SOZ,state_delay_graph,State + delay + graph,-1.5394373458427846,0.030476373523546815
RA3,selected non-SOZ,state_delay_graph,State + delay + graph,-1.5309325043388924,0.03163481952266004
RA3,selected non-SOZ,state_delay_graph,State + delay + graph,-1.5224276628350002,0.03281882272073044
RA3,selected non-SOZ,state_delay_graph,State + delay + graph,-1.5139228213311082,0.03402758256147989
RA3,selected non-SOZ,state_delay_graph,State + delay + graph,-1.5054179798272163,0.035260474585961966
RA3,selected non-SOZ,state_delay_graph,State + delay + graph,-1.496913138323324,0.036517145522263296
RA3,selected non-SOZ,state_delay_graph,State + delay + graph,-1.488408296819432,0.03779760767722259
RA3,selected non-SOZ,state_delay_graph,State + delay + graph,-1.4799034553155401,0.03910232805709991
RA3,selected non-SOZ,state_delay_graph,State + delay + graph,-1.471398613811648,0.04043230777205974
RA3,selected non-SOZ,state_delay_graph,State + delay + graph,-1.462893772307756,0.04178914763790509
RA3,selected non-SOZ,state_delay_graph,State + delay + graph,-1.4543889308038638,0.04317509644959154
RA3,selected non-SOZ,state_delay_graph,State + delay + graph,-1.4458840892999718,0.04459307912465142
RA3,selected non-SOZ,state_delay_graph,State + delay + graph,-1.4373792477960796,0.04604670275244322
RA3,selected non-SOZ,state_delay_graph,State + delay + graph,-1.4288744062921876,0.0475402394845942
RA3,selected non-SOZ,state_delay_graph,State + delay + graph,-1.4203695647882957,0.04907858611069675
RA3,selected non-SOZ,state_delay_graph,State + delay + graph,-1.4118647232844035,0.05066720103285108
RA3,selected non-SOZ,state_delay_graph,State + delay + graph,-1.4033598817805115,0.05231202014210217
RA3,selected non-SOZ,state_delay_graph,State + delay + graph,-1.3948550402766196,0.05401935377819228
RA3,selected non-SOZ,state_delay_graph,State + delay + graph,-1.3863501987727274,0.05579576750180161
RA3,selected non-SOZ,state_delay_graph,State + delay + graph,-1.3778453572688352,0.05764794981768922
RA3,selected non-SOZ,state_delay_graph,State + delay + graph,-1.3693405157649432,0.05958257026094426
RA3,selected non-SOZ,state_delay_graph,State + delay + graph,-1.3608356742610512,0.061606131409133714
RA3,selected non-SOZ,state_delay_graph,State + delay + graph,-1.352330832757159,0.06372481842936555
RA3,selected non-SOZ,state_delay_graph,State + delay + graph,-1.343825991253267,0.06594434973384686
RA3,selected non-SOZ,state_delay_graph,State + delay + graph,-1.335321149749375,0.06826983222367758
RA3,selected non-SOZ,state_delay_graph,State + delay + graph,-1.326816308245483,0.07070562446949868
RA3,selected non-SOZ,state_delay_graph,State + delay + graph,-1.3183114667415907,0.07325521102564649
RA3,selected non-SOZ,state_delay_graph,State + delay + graph,-1.309806625237699,0.07592109091166103
RA3,selected non-SOZ,state_delay_graph,State + delay + graph,-1.3013017837338068,0.0787046831240672
RA3,selected non-SOZ,state_delay_graph,State + delay + graph,-1.2927969422299146,0.0816062518575721
RA3,selected non-SOZ,state_delay_graph,State + delay + graph,-1.2842921007260226,0.08462485390698575
RA3,selected non-SOZ,state_delay_graph,State + delay + graph,-1.2757872592221307,0.08775831047303036
RA3,selected non-SOZ,state_delay_graph,State + delay + graph,-1.2672824177182385,0.09100320528780532
RA3,selected non-SOZ,state_delay_graph,State + delay + graph,-1.2587775762143465,0.09435491058984326
RA3,selected non-SOZ,state_delay_graph,State + delay + graph,-1.2502727347104545,0.09780764199779086
RA3,selected non-SOZ,state_delay_graph,State + delay + graph,-1.2417678932065623,0.1013545427442554
RA3,selected non-SOZ,state_delay_graph,State + delay + graph,-1.2332630517026701,0.1049877970332264
RA3,selected non-SOZ,state_delay_graph,State + delay + graph,-1.2247582101987782,0.10869877148070665
RA3,selected non-SOZ,state_delay_graph,State + delay + graph,-1.2162533686948862,0.11247818270404385
RA3,selected non-SOZ,state_delay_graph,State + delay + graph,-1.207748527190994,0.11631628816654914
RA3,selected non-SOZ,state_delay_graph,State + delay + graph,-1.199243685687102,0.12020309639578966
RA3,selected non-SOZ,state_delay_graph,State + delay + graph,-1.19073884418321,0.12412859172027481
RA3,selected non-SOZ,state_delay_graph,State + delay + graph,-1.1822340026793179,0.12808296776020286
RA3,selected non-SOZ,state_delay_graph,State + delay + graph,-1.1737291611754257,0.13205686311704126
RA3,selected non-SOZ,state_delay_graph,State + delay + graph,-1.1652243196715337,0.13604159208779348
RA3,selected non-SOZ,state_delay_graph,State + delay + graph,-1.1567194781676418,0.14002936283347553
RA3,selected non-SOZ,state_delay_graph,State + delay + graph,-1.1482146366637496,0.14401347530152825
RA3,selected non-SOZ,state_delay_graph,State + delay + graph,-1.1397097951598576,0.14798849137267972
RA3,selected non-SOZ,state_delay_graph,State + delay + graph,-1.1312049536559656,0.15195037019529664
RA3,selected non-SOZ,state_delay_graph,State + delay + graph,-1.1227001121520734,0.15589656249065295
RA3,selected non-SOZ,state_delay_graph,State + delay + graph,-1.1141952706481812,0.1598260587502985
RA3,selected non-SOZ,state_delay_graph,State + delay + graph,-1.1056904291442895,0.16373938767415663
RA3,selected non-SOZ,state_delay_graph,State + delay + graph,-1.0971855876403973,0.16763856287057707
RA3,selected non-SOZ,state_delay_graph,State + delay + graph,-1.0886807461365051,0.1715269776973183
RA3,selected non-SOZ,state_delay_graph,State + delay + graph,-1.0801759046326131,0.17540925009224873
RA3,selected non-SOZ,state_delay_graph,State + delay + graph,-1.0716710631287212,0.17929102124127316
RA3,selected non-SOZ,state_delay_graph,State + delay + graph,-1.063166221624829,0.18317871386975265
RA3,selected non-SOZ,state_delay_graph,State + delay + graph,-1.054661380120937,0.187079257731822
RA3,selected non-SOZ,state_delay_graph,State + delay + graph,-1.046156538617045,0.19099979142246282
RA3,selected non-SOZ,state_delay_graph,State + delay + graph,-1.0376516971131529,0.19494735087078013
RA3,selected non-SOZ,state_delay_graph,State + delay + graph,-1.0291468556092607,0.1989285557233873
RA3,selected non-SOZ,state_delay_graph,State + delay + graph,-1.0206420141053687,0.2029493052441063
RA3,selected non-SOZ,state_delay_graph,State + delay + graph,-1.0121371726014767,0.20701449531052163
RA3,selected non-SOZ,state_delay_graph,State + delay + graph,-1.0036323310975845,0.21112776757087168
RA3,selected non-SOZ,state_delay_graph,State + delay + graph,-0.9951274895936926,0.21529130085070036
RA3,selected non-SOZ,state_delay_graph,State + delay + graph,-0.9866226480898005,0.21950565350417062
RA3,selected non-SOZ,state_delay_graph,State + delay + graph,-0.9781178065859084,0.2237696636465234
RA3,selected non-SOZ,state_delay_graph,State + delay + graph,-0.9696129650820163,0.22808041215577132
RA3,selected non-SOZ,state_delay_graph,State + delay + graph,-0.9611081235781244,0.23243325108030916
RA3,selected non-SOZ,state_delay_graph,State + delay + graph,-0.9526032820742323,0.23682189772963125
RA3,selected non-SOZ,state_delay_graph,State + delay + graph,-0.9440984405703402,0.24123859235600673
RA3,selected non-SOZ,state_delay_graph,State + delay + graph,-0.9355935990664481,0.24567431505121792
RA3,selected non-SOZ,state_delay_graph,State + delay + graph,-0.927088757562556,0.25011905537283685
RA3,selected non-SOZ,state_delay_graph,State + delay + graph,-0.918583916058664,0.2545621263557519
RA3,selected non-SOZ,state_delay_graph,State + delay + graph,-0.910079074554772,0.2589925130188882
RA3,selected non-SOZ,state_delay_graph,State + delay + graph,-0.9015742330508799,0.26339924428978195
RA3,selected non-SOZ,state_delay_graph,State + delay + graph,-0.8930693915469878,0.26777177646869904
RA3,selected non-SOZ,state_delay_graph,State + delay + graph,-0.8845645500430958,0.27210037595038195
RA3,selected non-SOZ,state_delay_graph,State + delay + graph,-0.8760597085392037,0.2763764889107616
RA3,selected non-SOZ,state_delay_graph,State + delay + graph,-0.8675548670353117,0.2805930860306141
RA3,selected non-SOZ,state_delay_graph,State + delay + graph,-0.8590500255314195,0.28474497104056473
RA3,selected non-SOZ,state_delay_graph,State + delay + graph,-0.8505451840275275,0.2888290428971178
RA3,selected non-SOZ,state_delay_graph,State + delay + graph,-0.8420403425236354,0.29284450269844076
RA3,selected non-SOZ,state_delay_graph,State + delay + graph,-0.8335355010197434,0.2967929979799652
RA3,selected non-SOZ,state_delay_graph,State + delay + graph,-0.8250306595158514,0.3006786987518486
RA3,selected non-SOZ,state_delay_graph,State + delay + graph,-0.8165258180119592,0.30450830151115515
RA3,selected non-SOZ,state_delay_graph,State + delay + graph,-0.8080209765080673,0.3082909594401763
RA3,selected non-SOZ,state_delay_graph,State + delay + graph,-0.7995161350041751,0.3120381390468242
RA3,selected non-SOZ,state_delay_graph,State + delay + graph,-0.7910112935002831,0.31576340557071225
RA3,selected non-SOZ,state_delay_graph,State + delay + graph,-0.7825064519963911,0.3194821415239748
RA3,selected non-SOZ,state_delay_graph,State + delay + graph,-0.7740016104924989,0.32321120471065373
RA3,selected non-SOZ,state_delay_graph,State + delay + graph,-0.765496768988607,0.3269685339207843
RA3,selected non-SOZ,state_delay_graph,State + delay + graph,-0.7569919274847148,0.33077271217001597
RA3,selected non-SOZ,state_delay_graph,State + delay + graph,-0.7484870859808228,0.33464249879646885
RA3,selected non-SOZ,state_delay_graph,State + delay + graph,-0.7399822444769308,0.338596342877881
RA3,selected non-SOZ,state_delay_graph,State + delay + graph,-0.7314774029730386,0.3426518912416555
RA3,selected non-SOZ,state_delay_graph,State + delay + graph,-0.7229725614691467,0.34682550476409757
RA3,selected non-SOZ,state_delay_graph,State + delay + graph,-0.7144677199652545,0.3511317966590682
RA3,selected non-SOZ,state_delay_graph,State + delay + graph,-0.7059628784613625,0.35558320602182003
RA3,selected non-SOZ,state_delay_graph,State + delay + graph,-0.6974580369574703,0.36018961901971036
RA3,selected non-SOZ,state_delay_graph,State + delay + graph,-0.6889531954535784,0.3649580488255324
RA3,selected non-SOZ,state_delay_graph,State + delay + graph,-0.6804483539496864,0.36989238370985084
RA3,selected non-SOZ,state_delay_graph,State + delay + graph,-0.6719435124457942,0.37499321070259717
RA3,selected non-SOZ,state_delay_graph,State + delay + graph,-0.6634386709419022,0.3802577199752803
RA3,selected non-SOZ,state_delay_graph,State + delay + graph,-0.65493382943801,0.38567969267019286
RA3,selected non-SOZ,state_delay_graph,State + delay + graph,-0.6464289879341181,0.3912495724067085
RA3,selected non-SOZ,state_delay_graph,State + delay + graph,-0.6379241464302261,0.3969546182250008
RA3,selected non-SOZ,state_delay_graph,State + delay + graph,-0.6294193049263339,0.40277913437872975
RA3,selected non-SOZ,state_delay_graph,State + delay + graph,-0.6209144634224419,0.40870477024687496
RA3,selected non-SOZ,state_delay_graph,State + delay + graph,-0.6124096219185498,0.41471088177388216
RA3,selected non-SOZ,state_delay_graph,State + delay + graph,-0.6039047804146578,0.4207749443232033
RA3,selected non-SOZ,state_delay_graph,State + delay + graph,-0.5953999389107656,0.42687300567944236
RA3,selected non-SOZ,state_delay_graph,State + delay + graph,-0.5868950974068736,0.43298016717632715
RA3,selected non-SOZ,state_delay_graph,State + delay + graph,-0.5783902559029817,0.43907108056030575
RA3,selected non-SOZ,state_delay_graph,State + delay + graph,-0.5698854143990895,0.4451204482044748
RA3,selected non-SOZ,state_delay_graph,State + delay + graph,-0.5613805728951975,0.4511035146325397
RA3,selected non-SOZ,state_delay_graph,State + delay + graph,-0.5528757313913053,0.4569965379559808
RA3,selected non-SOZ,state_delay_graph,State + delay + graph,-0.5443708898874133,0.4627772307211347
RA3,selected non-SOZ,state_delay_graph,State + delay + graph,-0.5358660483835214,0.46842516075755397
RA3,selected non-SOZ,state_delay_graph,State + delay + graph,-0.5273612068796292,0.4739221038662829
RA3,selected non-SOZ,state_delay_graph,State + delay + graph,-0.5188563653757372,0.47925234154354296
RA3,selected non-SOZ,state_delay_graph,State + delay + graph,-0.510351523871845,0.48440289836426387
RA3,selected non-SOZ,state_delay_graph,State + delay + graph,-0.501846682367953,0.4893637151208362
RA3,selected non-SOZ,state_delay_graph,State + delay + graph,-0.4933418408640611,0.4941277553013368
RA3,selected non-SOZ,state_delay_graph,State + delay + graph,-0.4848369993601689,0.4986910439801046
RA3,selected non-SOZ,state_delay_graph,State + delay + graph,-0.4763321578562769,0.5030526396668275
RA3,selected non-SOZ,state_delay_graph,State + delay + graph,-0.4678273163523847,0.5072145411043532
RA3,selected non-SOZ,state_delay_graph,State + delay + graph,-0.45932247484849276,0.5111815324058009
RA3,selected non-SOZ,state_delay_graph,State + delay + graph,-0.45081763334460057,0.5149609712600685
RA3,selected non-SOZ,state_delay_graph,State + delay + graph,-0.4423127918407086,0.5185625261895599
RA3,selected non-SOZ,state_delay_graph,State + delay + graph,-0.43380795033681663,0.5219978699877129
RA3,selected non-SOZ,state_delay_graph,State + delay + graph,-0.42530310883292444,0.5252803374649588
RA3,selected non-SOZ,state_delay_graph,State + delay + graph,-0.41679826732903247,0.5284245564548291
RA3,selected non-SOZ,state_delay_graph,State + delay + graph,-0.4082934258251403,0.5314460616411087
RA3,selected non-SOZ,state_delay_graph,State + delay + graph,-0.3997885843212483,0.5343609011273955
RA3,selected non-SOZ,state_delay_graph,State + delay + graph,-0.39128374281735634,0.5371852457530688
RA3,selected non-SOZ,state_delay_graph,State + delay + graph,-0.38277890131346415,0.5399350109434858
RA3,selected non-SOZ,state_delay_graph,State + delay + graph,-0.3742740598095722,0.5426255003579448
RA3,selected non-SOZ,state_delay_graph,State + delay + graph,-0.36576921830568,0.5452710797720138
RA3,selected non-SOZ,state_delay_graph,State + delay + graph,-0.357264376801788,0.5478848885219484
RA3,selected non-SOZ,state_delay_graph,State + delay + graph,-0.34875953529789583,0.5504785944856059
RA3,selected non-SOZ,state_delay_graph,State + delay + graph,-0.34025469379400386,0.5530621970289791
RA3,selected non-SOZ,state_delay_graph,State + delay + graph,-0.3317498522901119,0.5556438806763663
RA3,selected non-SOZ,state_delay_graph,State + delay + graph,-0.3232450107862197,0.5582299205398107
RA3,selected non-SOZ,state_delay_graph,State + delay + graph,-0.31474016928232773,0.560824638850063
RA3,selected non-SOZ,state_delay_graph,State + delay + graph,-0.30623532777843554,0.5634304103464783
RA3,selected non-SOZ,state_delay_graph,State + delay + graph,-0.29773048627454357,0.5660477128795357
RA3,selected non-SOZ,state_delay_graph,State + delay + graph,-0.2892256447706516,0.5686752184199384
RA3,selected non-SOZ,state_delay_graph,State + delay + graph,-0.2807208032667594,0.5713099187974481
RA3,selected non-SOZ,state_delay_graph,State + delay + graph,-0.27221596176286744,0.5739472799382951
RA3,selected non-SOZ,state_delay_graph,State + delay + graph,-0.26371112025897525,0.5765814181366199
RA3,selected non-SOZ,state_delay_graph,State + delay + graph,-0.2552062787550833,0.5792052919681228
RA3,selected non-SOZ,state_delay_graph,State + delay + graph,-0.2467014372511911,0.5818109037960804
RA3,selected non-SOZ,state_delay_graph,State + delay + graph,-0.23819659574729912,0.5843895053801819
RA3,selected non-SOZ,state_delay_graph,State + delay + graph,-0.22969175424340715,0.5869318028125011
RA3,selected non-SOZ,state_delay_graph,State + delay + graph,-0.22118691273951496,0.589428156802717
RA3,selected non-SOZ,state_delay_graph,State + delay + graph,-0.212682071235623,0.5918687751456557
RA3,selected non-SOZ,state_delay_graph,State + delay + graph,-0.2041772297317308,0.5942438949644896
RA3,selected non-SOZ,state_delay_graph,State + delay + graph,-0.19567238822783883,0.5965439529775481
RA3,selected non-SOZ,state_delay_graph,State + delay + graph,-0.18716754672394686,0.5987597425488516
RA3,selected non-SOZ,state_delay_graph,State + delay + graph,-0.17866270522005467,0.600882556630069
RA3,selected non-SOZ,state_delay_graph,State + delay + graph,-0.1701578637161627,0.6029043158838505
RA3,selected non-SOZ,state_delay_graph,State + delay + graph,-0.16165302221227051,0.604817681311341
RA3,selected non-SOZ,state_delay_graph,State + delay + graph,-0.15314818070837855,0.60661615062254
RA3,selected non-SOZ,state_delay_graph,State + delay + graph,-0.14464333920448658,0.6082941374308144
RA3,selected non-SOZ,state_delay_graph,State + delay + graph,-0.13613849770059439,0.6098470321745053
RA3,selected non-SOZ,state_delay_graph,State + delay + graph,-0.12763365619670242,0.6112712435217915
RA3,selected non-SOZ,state_delay_graph,State + delay + graph,-0.11912881469281023,0.6125642189513388
RA3,selected non-SOZ,state_delay_graph,State + delay + graph,-0.11062397318891826,0.6137244432617691
RA3,selected non-SOZ,state_delay_graph,State + delay + graph,-0.10211913168502607,0.6147514139794293
RA3,selected non-SOZ,state_delay_graph,State + delay + graph,-0.0936142901811341,0.6156455930206407
RA3,selected non-SOZ,state_delay_graph,State + delay + graph,-0.08510944867724213,0.61640833452172
RA3,selected non-SOZ,state_delay_graph,State + delay + graph,-0.07660460717334994,0.6170417894603998
RA3,selected non-SOZ,state_delay_graph,State + delay + graph,-0.06809976566945797,0.6175487885240322
RA3,selected non-SOZ,state_delay_graph,State + delay + graph,-0.05959492416556578,0.6179327055891265
RA3,selected non-SOZ,state_delay_graph,State + delay + graph,-0.05109008266167381,0.6181973051098703
RA3,selected non-SOZ,state_delay_graph,State + delay + graph,-0.04258524115778184,0.6183465776124446
RA3,selected non-SOZ,state_delay_graph,State + delay + graph,-0.03408039965388965,0.6183845682974233
RA3,selected non-SOZ,state_delay_graph,State + delay + graph,-0.02557555814999768,0.6183152044085948
RA3,selected non-SOZ,state_delay_graph,State + delay + graph,-0.017070716646105488,0.6181421274831602
RA3,selected non-SOZ,state_delay_graph,State + delay + graph,-0.00856587514221352,0.6178685368158234
RA3,selected non-SOZ,state_delay_graph,State + delay + graph,-6.1033638321328354e-05,0.6174970504192191
RA3,selected non-SOZ,state_delay_graph,State + delay + graph,0.00844380786557064,0.6170295894304804
RA3,selected non-SOZ,state_delay_graph,State + delay + graph,0.01694864936946261,0.6164672912973258
RA3,selected non-SOZ,state_delay_graph,State + delay + graph,0.0254534908733548,0.6158104561889325
RA3,selected non-SOZ,state_delay_graph,State + delay + graph,0.03395833237724677,0.6150585299428954
RA3,selected non-SOZ,state_delay_graph,State + delay + graph,0.04246317388113896,0.614210125517063
RA3,selected non-SOZ,state_delay_graph,State + delay + graph,0.05096801538503093,0.6132630834120038
RA3,selected non-SOZ,state_delay_graph,State + delay + graph,0.0594728568889229,0.6122145699237727
RA3,selected non-SOZ,state_delay_graph,State + delay + graph,0.06797769839281509,0.6110612104414923
RA3,selected non-SOZ,state_delay_graph,State + delay + graph,0.07648253989670706,0.6097992533898258
RA3,selected non-SOZ,state_delay_graph,State + delay + graph,0.08498738140059925,0.6084247589050795
RA3,selected non-SOZ,state_delay_graph,State + delay + graph,0.09349222290449122,0.6069338049982621
RA3,selected non-SOZ,state_delay_graph,State + delay + graph,0.10199706440838319,0.6053227028696727
RA3,selected non-SOZ,state_delay_graph,State + delay + graph,0.11050190591227538,0.6035882122619121
RA3,selected non-SOZ,state_delay_graph,State + delay + graph,0.11900674741616735,0.6017277473280236
RA3,selected non-SOZ,state_delay_graph,State + delay + graph,0.12751158892005954,0.5997395634912528
RA3,selected non-SOZ,state_delay_graph,State + delay + graph,0.13601643042395173,0.5976229162102991
RA3,selected non-SOZ,state_delay_graph,State + delay + graph,0.14452127192784348,0.5953781834459038
RA3,selected non-SOZ,state_delay_graph,State + delay + graph,0.15302611343173567,0.5930069449370747
RA3,selected non-SOZ,state_delay_graph,State + delay + graph,0.16153095493562786,0.5905120130998184
RA3,selected non-SOZ,state_delay_graph,State + delay + graph,0.1700357964395196,0.5878974123962335
RA3,selected non-SOZ,state_delay_graph,State + delay + graph,0.1785406379434118,0.585168306301978
RA3,selected non-SOZ,state_delay_graph,State + delay + graph,0.18704547944730399,0.5823308734215636
RA3,selected non-SOZ,state_delay_graph,State + delay + graph,0.19555032095119618,0.5793921367433823
RA3,selected non-SOZ,state_delay_graph,State + delay + graph,0.20405516245508792,0.5763597523617037
RA3,selected non-SOZ,state_delay_graph,State + delay + graph,0.21256000395898011,0.5732417660904965
RA3,selected non-SOZ,state_delay_graph,State + delay + graph,0.2210648454628723,0.5700463481305885
RA3,selected non-SOZ,state_delay_graph,State + delay + graph,0.22956968696676405,0.5667815172185305
RA3,selected non-SOZ,state_delay_graph,State + delay + graph,0.23807452847065624,0.5634548663973614
RA3,selected non-SOZ,state_delay_graph,State + delay + graph,0.24657936997454843,0.5600733026504553
RA3,selected non-SOZ,state_delay_graph,State + delay + graph,0.2550842114784402,0.5566428121089821
RA3,selected non-SOZ,state_delay_graph,State + delay + graph,0.2635890529823324,0.5531682613986861
RA3,selected non-SOZ,state_delay_graph,State + delay + graph,0.27209389448622456,0.5496532439874486
RA3,selected non-SOZ,state_delay_graph,State + delay + graph,0.28059873599011675,0.5460999782229097
RA3,selected non-SOZ,state_delay_graph,State + delay + graph,0.2891035774940085,0.5425092612302945
RA3,selected non-SOZ,state_delay_graph,State + delay + graph,0.2976084189979007,0.5388804801189193
RA3,selected non-SOZ,state_delay_graph,State + delay + graph,0.3061132605017929,0.5352116791796014
RA3,selected non-SOZ,state_delay_graph,State + delay + graph,0.31461810200568463,0.531499679105111
RA3,selected non-SOZ,state_delay_graph,State + delay + graph,0.3231229435095768,0.5277402418841747
RA3,selected non-SOZ,state_delay_graph,State + delay + graph,0.331627785013469,0.5239282730408006
RA3,selected non-SOZ,state_delay_graph,State + delay + graph,0.3401326265173612,0.5200580514206
RA3,selected non-SOZ,state_delay_graph,State + delay + graph,0.34863746802125295,0.5161234758353628
RA3,selected non-SOZ,state_delay_graph,State + delay + graph,0.35714230952514514,0.5121183175978331
RA3,selected non-SOZ,state_delay_graph,State + delay + graph,0.36564715102903733,0.5080364683008274
RA3,selected non-SOZ,state_delay_graph,State + delay + graph,0.3741519925329291,0.5038721730695046
RA3,selected non-SOZ,state_delay_graph,State + delay + graph,0.38265683403682127,0.4996202408587744
RA3,selected non-SOZ,state_delay_graph,State + delay + graph,0.39116167554071346,0.49527622506871194
RA3,selected non-SOZ,state_delay_graph,State + delay + graph,0.3996665170446052,0.490836569680037
RA3,selected non-SOZ,state_delay_graph,State + delay + graph,0.4081713585484974,0.48629871813240105
RA3,selected non-SOZ,state_delay_graph,State + delay + graph,0.4166762000523896,0.4816611841468314
RA3,selected non-SOZ,state_delay_graph,State + delay + graph,0.4251810415562818,0.4769235855100716
RA3,selected non-SOZ,state_delay_graph,State + delay + graph,0.4336858830601735,0.47208664339380474
RA3,selected non-SOZ,state_delay_graph,State + delay + graph,0.4421907245640657,0.4671521510063218
RA3,selected non-SOZ,state_delay_graph,State + delay + graph,0.4506955660679579,0.46212291622929397
RA3,selected non-SOZ,state_delay_graph,State + delay + graph,0.45920040757184966,0.4570026833724635
RA3,selected non-SOZ,state_delay_graph,State + delay + graph,0.46770524907574185,0.4517960393086024
RA3,selected non-SOZ,state_delay_graph,State + delay + graph,0.47621009057963404,0.4465083090796866
RA3,selected non-SOZ,state_delay_graph,State + delay + graph,0.48471493208352623,0.4411454456608467
RA3,selected non-SOZ,state_delay_graph,State + delay + graph,0.493219773587418,0.43571391800903725
RA3,selected non-SOZ,state_delay_graph,State + delay + graph,0.5017246150913102,0.43022060088750663
RA3,selected non-SOZ,state_delay_graph,State + delay + graph,0.5102294565952024,0.4246726693168871
RA3,selected non-SOZ,state_delay_graph,State + delay + graph,0.5187342980990941,0.41907749991639764
RA3,selected non-SOZ,state_delay_graph,State + delay + graph,0.5272391396029863,0.41344258090302904
RA3,selected non-SOZ,state_delay_graph,State + delay + graph,0.5357439811068785,0.4077754321285542
RA3,selected non-SOZ,state_delay_graph,State + delay + graph,0.5442488226107707,0.4020835362488503
RA3,selected non-SOZ,state_delay_graph,State + delay + graph,0.5527536641146624,0.39637428191244883
RA3,selected non-SOZ,state_delay_graph,State + delay + graph,0.5612585056185546,0.39065491968623667
RA3,selected non-SOZ,state_delay_graph,State + delay + graph,0.5697633471224468,0.38493253125926274
RA3,selected non-SOZ,state_delay_graph,State + delay + graph,0.5782681886263386,0.37921401223255224
RA3,selected non-SOZ,state_delay_graph,State + delay + graph,0.5867730301302307,0.3735060684738757
RA3,selected non-SOZ,state_delay_graph,State + delay + graph,0.5952778716341229,0.3678152255645159
RA3,selected non-SOZ,state_delay_graph,State + delay + graph,0.6037827131380147,0.3621478502828821
RA3,selected non-SOZ,state_delay_graph,State + delay + graph,0.6122875546419069,0.3565101823721062
RA3,selected non-SOZ,state_delay_graph,State + delay + graph,0.6207923961457991,0.3509083740627177
RA3,selected non-SOZ,state_delay_graph,State + delay + graph,0.6292972376496913,0.34534853402574844
RA3,selected non-SOZ,state_delay_graph,State + delay + graph,0.637802079153583,0.3398367716902188
RA3,selected non-SOZ,state_delay_graph,State + delay + graph,0.6463069206574752,0.33437923725554053
RA3,selected non-SOZ,state_delay_graph,State + delay + graph,0.6548117621613674,0.32898215234862543
RA3,selected non-SOZ,state_delay_graph,State + delay + graph,0.6633166036652591,0.3236518261937922
RA3,selected non-SOZ,state_delay_graph,State + delay + graph,0.6718214451691513,0.31839465244021536
RA3,selected non-SOZ,state_delay_graph,State + delay + graph,0.6803262866730435,0.3132170824613036
RA3,selected non-SOZ,state_delay_graph,State + delay + graph,0.6888311281769357,0.30812557200617674
RA3,selected non-SOZ,state_delay_graph,State + delay + graph,0.6973359696808274,0.3031264995148413
RA3,selected non-SOZ,state_delay_graph,State + delay + graph,0.7058408111847196,0.29822605613956954
RA3,selected non-SOZ,state_delay_graph,State + delay + graph,0.7143456526886118,0.2934301094482632
RA3,selected non-SOZ,state_delay_graph,State + delay + graph,0.7228504941925036,0.28874404479715104
RA3,selected non-SOZ,state_delay_graph,State + delay + graph,0.7313553356963958,0.28417259030964076
RA3,selected non-SOZ,state_delay_graph,State + delay + graph,0.739860177200288,0.2797196331376437
RA3,selected non-SOZ,state_delay_graph,State + delay + graph,0.7483650187041797,0.27538803606939977
RA3,selected non-SOZ,state_delay_graph,State + delay + graph,0.7568698602080719,0.271179464458703
RA3,selected non-SOZ,state_delay_graph,State + delay + graph,0.7653747017119641,0.267094233788167
RA3,selected non-SOZ,state_delay_graph,State + delay + graph,0.7738795432158563,0.26313118788467665
RA3,selected non-SOZ,state_delay_graph,State + delay + graph,0.782384384719748,0.25928761686349555
RA3,selected non-SOZ,state_delay_graph,State + delay + graph,0.7908892262236402,0.25555922231996875
RA3,selected non-SOZ,state_delay_graph,State + delay + graph,0.7993940677275324,0.2519401351919547
RA3,selected non-SOZ,state_delay_graph,State + delay + graph,0.8078989092314242,0.24842298920027864
RA3,selected non-SOZ,state_delay_graph,State + delay + graph,0.8164037507353163,0.2449990499902529
RA3,selected non-SOZ,state_delay_graph,State + delay + graph,0.8249085922392085,0.24165839721809115
RA3,selected non-SOZ,state_delay_graph,State + delay + graph,0.8334134337431007,0.23839015403479463
RA3,selected non-SOZ,state_delay_graph,State + delay + graph,0.8419182752469925,0.23518275589538276
RA3,selected non-SOZ,state_delay_graph,State + delay + graph,0.8504231167508847,0.2320242485240009
RA3,selected non-SOZ,state_delay_graph,State + delay + graph,0.8589279582547769,0.22890260332696802
RA3,selected non-SOZ,state_delay_graph,State + delay + graph,0.8674327997586686,0.2258060376584642
RA3,selected non-SOZ,state_delay_graph,State + delay + graph,0.8759376412625608,0.22272332715426912
RA3,selected non-SOZ,state_delay_graph,State + delay + graph,0.884442482766453,0.21964409785670297
RA3,selected non-SOZ,state_delay_graph,State + delay + graph,0.8929473242703447,0.216559087010197
RA3,selected non-SOZ,state_delay_graph,State + delay + graph,0.9014521657742369,0.2134603631216855
RA3,selected non-SOZ,state_delay_graph,State + delay + graph,0.9099570072781291,0.2103414980279552
RA3,selected non-SOZ,state_delay_graph,State + delay + graph,0.9184618487820213,0.2071976861445127
RA3,selected non-SOZ,state_delay_graph,State + delay + graph,0.926966690285913,0.20402580862608466
RA3,selected non-SOZ,state_delay_graph,State + delay + graph,0.9354715317898052,0.20082444268660307
RA3,selected non-SOZ,state_delay_graph,State + delay + graph,0.9439763732936974,0.1975938186573022
RA3,selected non-SOZ,state_delay_graph,State + delay + graph,0.9524812147975892,0.19433572937887086
RA3,selected non-SOZ,state_delay_graph,State + delay + graph,0.9609860563014814,0.1910533981314105
RA3,selected non-SOZ,state_delay_graph,State + delay + graph,0.9694908978053736,0.1877513124441723
RA3,selected non-SOZ,state_delay_graph,State + delay + graph,0.9779957393092658,0.18443503177382398
RA3,selected non-SOZ,state_delay_graph,State + delay + graph,0.9865005808131575,0.1811109772104069
RA3,selected non-SOZ,state_delay_graph,State + delay + graph,0.9950054223170497,0.1777862111127127
RA3,selected non-SOZ,state_delay_graph,State + delay + graph,1.0035102638209419,0.17446821396443868
RA3,selected non-SOZ,state_delay_graph,State + delay + graph,1.0120151053248336,0.17116466487278856
RA3,selected non-SOZ,state_delay_graph,State + delay + graph,1.0205199468287258,0.16788323110451578
RA3,selected non-SOZ,state_delay_graph,State + delay + graph,1.029024788332618,0.16463137097290348
RA3,selected non-SOZ,state_delay_graph,State + delay + graph,1.0375296298365102,0.16141615334522416
RA3,selected non-SOZ,state_delay_graph,State + delay + graph,1.046034471340402,0.1582440961096053
RA3,selected non-SOZ,state_delay_graph,State + delay + graph,1.0545393128442941,0.15512102517597814
RA3,selected non-SOZ,state_delay_graph,State + delay + graph,1.0630441543481863,0.15205195501559005
RA3,selected non-SOZ,state_delay_graph,State + delay + graph,1.071548995852078,0.149040991368918
RA3,selected non-SOZ,state_delay_graph,State + delay + graph,1.0800538373559703,0.14609125655024396
RA3,selected non-SOZ,state_delay_graph,State + delay + graph,1.0885586788598625,0.1432048377062889
RA3,selected non-SOZ,state_delay_graph,State + delay + graph,1.0970635203637542,0.14038275839010073
RA3,selected non-SOZ,state_delay_graph,State + delay + graph,1.1055683618676464,0.1376249738271088
RA3,selected non-SOZ,state_delay_graph,State + delay + graph,1.1140732033715386,0.13493039021612854
RA3,selected non-SOZ,state_delay_graph,State + delay + graph,1.1225780448754308,0.13229690827037693
RA3,selected non-SOZ,state_delay_graph,State + delay + graph,1.1310828863793225,0.12972149092298732
RA3,selected non-SOZ,state_delay_graph,State + delay + graph,1.1395877278832147,0.12720025467753387
RA3,selected non-SOZ,state_delay_graph,State + delay + graph,1.148092569387107,0.12472858347774209
RA3,selected non-SOZ,state_delay_graph,State + delay + graph,1.1565974108909987,0.12230126322464355
RA3,selected non-SOZ,state_delay_graph,State + delay + graph,1.1651022523948908,0.11991263422671018
RA3,selected non-SOZ,state_delay_graph,State + delay + graph,1.173607093898783,0.11755675798782722
RA3,selected non-SOZ,state_delay_graph,State + delay + graph,1.1821119354026752,0.11522759388884327
RA3,selected non-SOZ,state_delay_graph,State + delay + graph,1.190616776906567,0.11291918057466874
RA3,selected non-SOZ,state_delay_graph,State + delay + graph,1.1991216184104592,0.11062581629152103
RA3,selected non-SOZ,state_delay_graph,State + delay + graph,1.2076264599143514,0.10834223208980363
RA3,selected non-SOZ,state_delay_graph,State + delay + graph,1.216131301418243,0.10606375176398179
RA3,selected non-SOZ,state_delay_graph,State + delay + graph,1.2246361429221353,0.10378643266896351
RA3,selected non-SOZ,state_delay_graph,State + delay + graph,1.2331409844260275,0.10150718213799684
RA3,selected non-SOZ,state_delay_graph,State + delay + graph,1.2416458259299192,0.09922384511195018
RA3,selected non-SOZ,state_delay_graph,State + delay + graph,1.2501506674338114,0.09693525973420189
RA3,selected non-SOZ,state_delay_graph,State + delay + graph,1.2586555089377036,0.09464127901021019
RA3,selected non-SOZ,state_delay_graph,State + delay + graph,1.2671603504415958,0.09234275810237608
RA3,selected non-SOZ,state_delay_graph,State + delay + graph,1.2756651919454876,0.09004150834578632
RA3,selected non-SOZ,state_delay_graph,State + delay + graph,1.2841700334493797,0.08774022054196863
RA3,selected non-SOZ,state_delay_graph,State + delay + graph,1.292674874953272,0.08544236143145811
RA3,selected non-SOZ,state_delay_graph,State + delay + graph,1.3011797164571637,0.08315204838532589
RA3,selected non-SOZ,state_delay_graph,State + delay + graph,1.3096845579610559,0.0808739082273145
RA3,selected non-SOZ,state_delay_graph,State + delay + graph,1.318189399464948,0.07861292665495846
RA3,selected non-SOZ,state_delay_graph,State + delay + graph,1.3266942409688403,0.07637429494245467
RA3,selected non-SOZ,state_delay_graph,State + delay + graph,1.335199082472732,0.07416326047291384
RA3,selected non-SOZ,state_delay_graph,State + delay + graph,1.3437039239766242,0.07198498717625794
RA3,selected non-SOZ,state_delay_graph,State + delay + graph,1.3522087654805164,0.06984443117375108
RA3,selected non-SOZ,state_delay_graph,State + delay + graph,1.3607136069844081,0.06774623590003122
RA3,selected non-SOZ,state_delay_graph,State + delay + graph,1.3692184484883003,0.06569464975109067
RA3,selected non-SOZ,state_delay_graph,State + delay + graph,1.3777232899921925,0.06369346796405198
RA3,selected non-SOZ,state_delay_graph,State + delay + graph,1.3862281314960847,0.061745999049281956
RA3,selected non-SOZ,state_delay_graph,State + delay + graph,1.3947329729999765,0.05985505474570642
RA3,selected non-SOZ,state_delay_graph,State + delay + graph,1.4032378145038686,0.058022961231026425
RA3,selected non-SOZ,state_delay_graph,State + delay + graph,1.4117426560077608,0.0562515882570923
RA3,selected non-SOZ,state_delay_graph,State + delay + graph,1.4202474975116526,0.054542392053031775
RA3,selected non-SOZ,state_delay_graph,State + delay + graph,1.4287523390155448,0.05289646728658344
RA3,selected non-SOZ,state_delay_graph,State + delay + graph,1.437257180519437,0.05131460312278309
RA3,selected non-SOZ,state_delay_graph,State + delay + graph,1.4457620220233287,0.04979733847625894
RA3,selected non-SOZ,state_delay_graph,State + delay + graph,1.454266863527221,0.04834501190839254
RA3,selected non-SOZ,state_delay_graph,State + delay + graph,1.462771705031113,0.046957802245725516
RA3,selected non-SOZ,state_delay_graph,State + delay + graph,1.4712765465350053,0.04563575684778379
RA3,selected non-SOZ,state_delay_graph,State + delay + graph,1.479781388038897,0.04437880547470953
RA3,selected non-SOZ,state_delay_graph,State + delay + graph,1.4882862295427892,0.043186758831968604
RA3,selected non-SOZ,state_delay_graph,State + delay + graph,1.4967910710466814,0.042059292029901205
RA3,selected non-SOZ,state_delay_graph,State + delay + graph,1.5052959125505732,0.04099591431798505
RA3,selected non-SOZ,state_delay_graph,State + delay + graph,1.5138007540544653,0.039995927468956506
RA3,selected non-SOZ,state_delay_graph,State + delay + graph,1.5223055955583575,0.03905837603572966
RA3,selected non-SOZ,state_delay_graph,State + delay + graph,1.5308104370622497,0.038181993335257014
RA3,selected non-SOZ,state_delay_graph,State + delay + graph,1.5393152785661415,0.03736514739337599
RA3,selected non-SOZ,state_delay_graph,State + delay + graph,1.5478201200700337,0.03660579119497766
RA3,selected non-SOZ,state_delay_graph,State + delay + graph,1.5563249615739259,0.0359014214233324
RA3,selected non-SOZ,state_delay_graph,State + delay + graph,1.5648298030778176,0.03524904945672977
RA3,selected non-SOZ,state_delay_graph,State + delay + graph,1.5733346445817098,0.03464518775063884
RA3,selected non-SOZ,state_delay_graph,State + delay + graph,1.581839486085602,0.034085853913051634
RA3,selected non-SOZ,state_delay_graph,State + delay + graph,1.5903443275894937,0.03356659383274615
RA3,selected non-SOZ,state_delay_graph,State + delay + graph,1.598849169093386,0.03308252420383343
RA3,selected non-SOZ,state_delay_graph,State + delay + graph,1.6073540105972781,0.03262839376580565
RA3,selected non-SOZ,state_delay_graph,State + delay + graph,1.6158588521011703,0.032198661604861435
RA3,selected non-SOZ,state_delay_graph,State + delay + graph,1.624363693605062,0.03178758999230419
RA3,selected non-SOZ,state_delay_graph,State + delay + graph,1.6328685351089542,0.031389348513377664
RA3,selected non-SOZ,state_delay_graph,State + delay + graph,1.6413733766128464,0.03099812569827391
RA3,selected non-SOZ,state_delay_graph,State + delay + graph,1.6498782181167382,0.03060824402737623
RA3,selected non-SOZ,state_delay_graph,State + delay + graph,1.6583830596206304,0.030214274053736296
RA3,selected non-SOZ,state_delay_graph,State + delay + graph,1.6668879011245226,0.029811143463953662
RA3,selected non-SOZ,state_delay_graph,State + delay + graph,1.6753927426284148,0.029394237169794342
RA3,selected non-SOZ,state_delay_graph,State + delay + graph,1.6838975841323065,0.028959484963714602
RA3,selected non-SOZ,state_delay_graph,State + delay + graph,1.6924024256361987,0.028503433851612355
RA3,selected non-SOZ,state_delay_graph,State + delay + graph,1.7009072671400909,0.028023302860581113
RA3,selected non-SOZ,state_delay_graph,State + delay + graph,1.7094121086439826,0.027517018870726096
RA3,selected non-SOZ,state_delay_graph,State + delay + graph,1.7179169501478748,0.026983232800475217
RA3,selected non-SOZ,state_delay_graph,State + delay + graph,1.726421791651767,0.026421316248070228
RA3,selected non-SOZ,state_delay_graph,State + delay + graph,1.7349266331556588,0.02583133942490797
RA3,selected non-SOZ,state_delay_graph,State + delay + graph,1.743431474659551,0.02521403188017162
RA3,selected non-SOZ,state_delay_graph,State + delay + graph,1.7519363161634431,0.024570728086759558
RA3,selected non-SOZ,state_delay_graph,State + delay + graph,1.7604411576673353,0.023903300417358414
RA3,selected non-SOZ,state_delay_graph,State + delay + graph,1.768945999171227,0.023214082373722942
RA3,selected non-SOZ,state_delay_graph,State + delay + graph,1.7774508406751193,0.02250578513459342
RA3,selected non-SOZ,state_delay_graph,State + delay + graph,1.7859556821790115,0.021781410556482753
RA3,selected non-SOZ,state_delay_graph,State + delay + graph,1.7944605236829032,0.021044163700357218
RA3,selected non-SOZ,state_delay_graph,State + delay + graph,1.8029653651867954,0.02029736777449855
RA3,selected non-SOZ,state_delay_graph,State + delay + graph,1.8114702066906876,0.01954438409256429
RA3,selected non-SOZ,state_delay_graph,State + delay + graph,1.8199750481945798,0.018788539263029327
RA3,selected non-SOZ,state_delay_graph,State + delay + graph,1.8284798896984715,0.01803306137211723
RA3,selected non-SOZ,state_delay_graph,State + delay + graph,1.8369847312023637,0.01728102641990639
RA3,selected non-SOZ,state_delay_graph,State + delay + graph,1.845489572706256,0.01653531574306971
RA3,selected non-SOZ,state_delay_graph,State + delay + graph,1.8539944142101477,0.0157985846328308
RA3,selected non-SOZ,state_delay_graph,State + delay + graph,1.8624992557140398,0.015073241857811422
RA3,selected non-SOZ,state_delay_graph,State + delay + graph,1.871004097217932,0.014361439351366486
RA3,selected non-SOZ,state_delay_graph,State + delay + graph,1.8795089387218242,0.013665070941699452
RA3,selected non-SOZ,state_delay_graph,State + delay + graph,1.888013780225716,0.012985778706456856
RA3,selected non-SOZ,state_delay_graph,State + delay + graph,1.8965186217296082,0.0123249653326564
RA3,selected non-SOZ,state_delay_graph,State + delay + graph,1.9050234632335004,0.011683810763230926
RA3,selected non-SOZ,state_delay_graph,State + delay + graph,1.913528304737392,0.011063291412882722
RA3,selected non-SOZ,state_delay_graph,State + delay + graph,1.9220331462412843,0.010464200332326085
RA3,selected non-SOZ,state_delay_graph,State + delay + graph,1.9305379877451765,0.009887166880070153
RA3,selected non-SOZ,state_delay_graph,State + delay + graph,1.9390428292490687,0.009332674708909488
RA3,selected non-SOZ,observed,Observed actual,-1.8796310059984669,2.3056117912530992e-11
RA3,selected non-SOZ,observed,Observed actual,-1.871126164494575,3.246446913907589e-11
RA3,selected non-SOZ,observed,Observed actual,-1.8626213229906827,4.558562153311691e-11
RA3,selected non-SOZ,observed,Observed actual,-1.8541164814867908,6.383303531029475e-11
RA3,selected non-SOZ,observed,Observed actual,-1.8456116399828986,8.913776854641324e-11
RA3,selected non-SOZ,observed,Observed actual,-1.8371067984790066,1.2413015333525604e-10
RA3,selected non-SOZ,observed,Observed actual,-1.8286019569751146,1.723823289975667e-10
RA3,selected non-SOZ,observed,Observed actual,-1.8200971154712224,2.387309803536102e-10
RA3,selected non-SOZ,observed,Observed actual,-1.8115922739673305,3.2970542512499224e-10
RA3,selected non-SOZ,observed,Observed actual,-1.8030874324634383,4.540936104826707e-10
RA3,selected non-SOZ,observed,Observed actual,-1.7945825909595463,6.23688030912161e-10
RA3,selected non-SOZ,observed,Observed actual,-1.7860777494556541,8.542655803616941e-10
RA3,selected non-SOZ,observed,Observed actual,-1.7775729079517621,1.1668705287656348e-09
RA3,selected non-SOZ,observed,Observed actual,-1.7690680664478702,1.5894889315283678e-09
RA3,selected non-SOZ,observed,Observed actual,-1.760563224943978,2.159226768082968e-09
RA3,selected non-SOZ,observed,Observed actual,-1.752058383440086,2.925134081204135e-09
RA3,selected non-SOZ,observed,Observed actual,-1.7435535419361938,3.951854694893198e-09
RA3,selected non-SOZ,observed,Observed actual,-1.7350487004323019,5.324327327193726e-09
RA3,selected non-SOZ,observed,Observed actual,-1.7265438589284097,7.153820985540693e-09
RA3,selected non-SOZ,observed,Observed actual,-1.7180390174245177,9.585657677274656e-09
RA3,selected non-SOZ,observed,Observed actual,-1.7095341759206257,1.280906131357583e-08
RA3,selected non-SOZ,observed,Observed actual,-1.7010293344167335,1.7069676290578758e-08
RA3,selected non-SOZ,observed,Observed actual,-1.6925244929128416,2.2685426136083146e-08
RA3,selected non-SOZ,observed,Observed actual,-1.6840196514089496,3.006653587995967e-08
RA3,selected non-SOZ,observed,Observed actual,-1.6755148099050574,3.9740726077480046e-08
RA3,selected non-SOZ,observed,Observed actual,-1.6670099684011654,5.2384806932963996e-08
RA3,selected non-SOZ,observed,Observed actual,-1.6585051268972733,6.886416362145297e-08
RA3,selected non-SOZ,observed,Observed actual,-1.6500002853933813,9.028193523159786e-08
RA3,selected non-SOZ,observed,Observed actual,-1.641495443889489,1.1804005695687857e-07
RA3,selected non-SOZ,observed,Observed actual,-1.6329906023855971,1.5391476608893294e-07
RA3,selected non-SOZ,observed,Observed actual,-1.6244857608817052,2.001496754563325e-07
RA3,selected non-SOZ,observed,Observed actual,-1.615980919377813,2.5957010216152663e-07
RA3,selected non-SOZ,observed,Observed actual,-1.607476077873921,3.357230141546562e-07
RA3,selected non-SOZ,observed,Observed actual,-1.5989712363700288,4.3304773193707917e-07
RA3,selected non-SOZ,observed,Observed actual,-1.5904663948661368,5.570834071193447e-07
RA3,selected non-SOZ,observed,Observed actual,-1.5819615533622446,7.147203030177221e-07
RA3,selected non-SOZ,observed,Observed actual,-1.5734567118583527,9.145030337053688e-07
RA3,selected non-SOZ,observed,Observed actual,-1.5649518703544607,1.1669951846635695e-06
RA3,selected non-SOZ,observed,Observed actual,-1.5564470288505685,1.4852161466151002e-06
RA3,selected non-SOZ,observed,Observed actual,-1.5479421873466765,1.8851625483899713e-06
RA3,selected non-SOZ,observed,Observed actual,-1.5394373458427846,2.3864283761612037e-06
RA3,selected non-SOZ,observed,Observed actual,-1.5309325043388924,3.012939713017317e-06
RA3,selected non-SOZ,observed,Observed actual,-1.5224276628350002,3.793822018273337e-06
RA3,selected non-SOZ,observed,Observed actual,-1.5139228213311082,4.764419978714995e-06
RA3,selected non-SOZ,observed,Observed actual,-1.5054179798272163,5.967492186661627e-06
RA3,selected non-SOZ,observed,Observed actual,-1.496913138323324,7.4546052079423586e-06
RA3,selected non-SOZ,observed,Observed actual,-1.488408296819432,9.287753964387811e-06
RA3,selected non-SOZ,observed,Observed actual,-1.4799034553155401,1.1541237729329983e-05
RA3,selected non-SOZ,observed,Observed actual,-1.471398613811648,1.4303823370456754e-05
RA3,selected non-SOZ,observed,Observed actual,-1.462893772307756,1.768122971161288e-05
RA3,selected non-SOZ,observed,Observed actual,-1.4543889308038638,2.1798968952552166e-05
RA3,selected non-SOZ,observed,Observed actual,-1.4458840892999718,2.6805582901074365e-05
RA3,selected non-SOZ,observed,Observed actual,-1.4373792477960796,3.2876313242403785e-05
RA3,selected non-SOZ,observed,Observed actual,-1.4288744062921876,4.021724609250981e-05
RA3,selected non-SOZ,observed,Observed actual,-1.4203695647882957,4.9069971542045165e-05
RA3,selected non-SOZ,observed,Observed actual,-1.4118647232844035,5.971679867382711e-05
RA3,selected non-SOZ,observed,Observed actual,-1.4033598817805115,7.248656550070865e-05
RA3,selected non-SOZ,observed,Observed actual,-1.3948550402766196,8.776108128916557e-05
RA3,selected non-SOZ,observed,Observed actual,-1.3863501987727274,0.00010598223567214147
RA3,selected non-SOZ,observed,Observed actual,-1.3778453572688352,0.000127659804679739
RA3,selected non-SOZ,observed,Observed actual,-1.3693405157649432,0.00015337997820093343
RA3,selected non-SOZ,observed,Observed actual,-1.3608356742610512,0.00018381462631687496
RA3,selected non-SOZ,observed,Observed actual,-1.352330832757159,0.00021973131331502564
RA3,selected non-SOZ,observed,Observed actual,-1.343825991253267,0.00026200405792283166
RA3,selected non-SOZ,observed,Observed actual,-1.335321149749375,0.00031162482633580803
RA3,selected non-SOZ,observed,Observed actual,-1.326816308245483,0.00036971573093631045
RA3,selected non-SOZ,observed,Observed actual,-1.3183114667415907,0.0004375418922228563
RA3,selected non-SOZ,observed,Observed actual,-1.309806625237699,0.0005165249044563492
RA3,selected non-SOZ,observed,Observed actual,-1.3013017837338068,0.0006082568269893674
RA3,selected non-SOZ,observed,Observed actual,-1.2927969422299146,0.0007145146033416661
RA3,selected non-SOZ,observed,Observed actual,-1.2842921007260226,0.0008372747890410833
RA3,selected non-SOZ,observed,Observed actual,-1.2757872592221307,0.000978728447345516
RA3,selected non-SOZ,observed,Observed actual,-1.2672824177182385,0.0011412960495416834
RA3,selected non-SOZ,observed,Observed actual,-1.2587775762143465,0.0013276421939834868
RA3,selected non-SOZ,observed,Observed actual,-1.2502727347104545,0.0015406899358487655
RA3,selected non-SOZ,observed,Observed actual,-1.2417678932065623,0.001783634498273677
RA3,selected non-SOZ,observed,Observed actual,-1.2332630517026701,0.002059956115632701
RA3,selected non-SOZ,observed,Observed actual,-1.2247582101987782,0.002373431741870183
RA3,selected non-SOZ,observed,Observed actual,-1.2162533686948862,0.0027281453415872433
RA3,selected non-SOZ,observed,Observed actual,-1.207748527190994,0.0031284964696885833
RA3,selected non-SOZ,observed,Observed actual,-1.199243685687102,0.003579206837442678
RA3,selected non-SOZ,observed,Observed actual,-1.19073884418321,0.0040853245594308935
RA3,selected non-SOZ,observed,Observed actual,-1.1822340026793179,0.004652225777647697
RA3,selected non-SOZ,observed,Observed actual,-1.1737291611754257,0.005285613366500774
RA3,selected non-SOZ,observed,Observed actual,-1.1652243196715337,0.0059915124361066665
RA3,selected non-SOZ,observed,Observed actual,-1.1567194781676418,0.00677626237144904
RA3,selected non-SOZ,observed,Observed actual,-1.1482146366637496,0.007646505171913208
RA3,selected non-SOZ,observed,Observed actual,-1.1397097951598576,0.008609169889547744
RA3,selected non-SOZ,observed,Observed actual,-1.1312049536559656,0.009671453005098807
RA3,selected non-SOZ,observed,Observed actual,-1.1227001121520734,0.010840794628214809
RA3,selected non-SOZ,observed,Observed actual,-1.1141952706481812,0.012124850461856932
RA3,selected non-SOZ,observed,Observed actual,-1.1056904291442895,0.013531459530315253
RA3,selected non-SOZ,observed,Observed actual,-1.0971855876403973,0.015068607734580443
RA3,selected non-SOZ,observed,Observed actual,-1.0886807461365051,0.016744387367226925
RA3,selected non-SOZ,observed,Observed actual,-1.0801759046326131,0.018566952790329574
RA3,selected non-SOZ,observed,Observed actual,-1.0716710631287212,0.020544472552982522
RA3,selected non-SOZ,observed,Observed actual,-1.063166221624829,0.02268507829831633
RA3,selected non-SOZ,observed,Observed actual,-1.054661380120937,0.02499681088197311
RA3,selected non-SOZ,observed,Observed actual,-1.046156538617045,0.02748756419317848
RA3,selected non-SOZ,observed,Observed actual,-1.0376516971131529,0.03016502723415566
RA3,selected non-SOZ,observed,Observed actual,-1.0291468556092607,0.0330366250719615
RA3,selected non-SOZ,observed,Observed actual,-1.0206420141053687,0.03610945932721062
RA3,selected non-SOZ,observed,Observed actual,-1.0121371726014767,0.03939024890498069
RA3,selected non-SOZ,observed,Observed actual,-1.0036323310975845,0.04288527170298036
RA3,selected non-SOZ,observed,Observed actual,-0.9951274895936926,0.04660030804948524
RA3,selected non-SOZ,observed,Observed actual,-0.9866226480898005,0.050540586627512506
RA3,selected non-SOZ,observed,Observed actual,-0.9781178065859084,0.054710733631352614
RA3,selected non-SOZ,observed,Observed actual,-0.9696129650820163,0.05911472587639112
RA3,selected non-SOZ,observed,Observed actual,-0.9611081235781244,0.06375584854290975
RA3,selected non-SOZ,observed,Observed actual,-0.9526032820742323,0.06863665817944006
RA3,selected non-SOZ,observed,Observed actual,-0.9440984405703402,0.07375895152180065
RA3,selected non-SOZ,observed,Observed actual,-0.9355935990664481,0.07912374060114014
RA3,selected non-SOZ,observed,Observed actual,-0.927088757562556,0.08473123451949285
RA3,selected non-SOZ,observed,Observed actual,-0.918583916058664,0.0905808281662623
RA3,selected non-SOZ,observed,Observed actual,-0.910079074554772,0.09667109803580408
RA3,selected non-SOZ,observed,Observed actual,-0.9015742330508799,0.10299980518729591
RA3,selected non-SOZ,observed,Observed actual,-0.8930693915469878,0.10956390526607211
RA3,selected non-SOZ,observed,Observed actual,-0.8845645500430958,0.11635956538348516
RA3,selected non-SOZ,observed,Observed actual,-0.8760597085392037,0.12338218753317072
RA3,selected non-SOZ,observed,Observed actual,-0.8675548670353117,0.13062643810847668
RA3,selected non-SOZ,observed,Observed actual,-0.8590500255314195,0.1380862829818192
RA3,selected non-SOZ,observed,Observed actual,-0.8505451840275275,0.14575502751481054
RA3,selected non-SOZ,observed,Observed actual,-0.8420403425236354,0.15362536079089012
RA3,selected non-SOZ,observed,Observed actual,-0.8335355010197434,0.16168940330226678
RA3,selected non-SOZ,observed,Observed actual,-0.8250306595158514,0.16993875728224933
RA3,selected non-SOZ,observed,Observed actual,-0.8165258180119592,0.178364558853989
RA3,selected non-SOZ,observed,Observed actual,-0.8080209765080673,0.1869575311682074
RA3,selected non-SOZ,observed,Observed actual,-0.7995161350041751,0.19570803772595127
RA3,selected non-SOZ,observed,Observed actual,-0.7910112935002831,0.20460613512742024
RA3,selected non-SOZ,observed,Observed actual,-0.7825064519963911,0.21364162455345548
RA3,selected non-SOZ,observed,Observed actual,-0.7740016104924989,0.2228041013705936
RA3,selected non-SOZ,observed,Observed actual,-0.765496768988607,0.23208300235136897
RA3,selected non-SOZ,observed,Observed actual,-0.7569919274847148,0.24146765011579172
RA3,selected non-SOZ,observed,Observed actual,-0.7484870859808228,0.25094729452414466
RA3,selected non-SOZ,observed,Observed actual,-0.7399822444769308,0.2605111508815691
RA3,selected non-SOZ,observed,Observed actual,-0.7314774029730386,0.27014843494700996
RA3,selected non-SOZ,observed,Observed actual,-0.7229725614691467,0.2798483948686445
RA3,selected non-SOZ,observed,Observed actual,-0.7144677199652545,0.2896003402903967
RA3,selected non-SOZ,observed,Observed actual,-0.7059628784613625,0.2993936689851613
RA3,selected non-SOZ,observed,Observed actual,-0.6974580369574703,0.3092178914658952
RA3,selected non-SOZ,observed,Observed actual,-0.6889531954535784,0.31906265410194706
RA3,selected non-SOZ,observed,Observed actual,-0.6804483539496864,0.32891776132187284
RA3,selected non-SOZ,observed,Observed actual,-0.6719435124457942,0.33877319751283075
RA3,selected non-SOZ,observed,Observed actual,-0.6634386709419022,0.3486191492289523
RA3,selected non-SOZ,observed,Observed actual,-0.65493382943801,0.35844602829575645
RA3,selected non-SOZ,observed,Observed actual,-0.6464289879341181,0.3682444963448869
RA3,selected non-SOZ,observed,Observed actual,-0.6379241464302261,0.3780054912340954
RA3,selected non-SOZ,observed,Observed actual,-0.6294193049263339,0.38772025570337104
RA3,selected non-SOZ,observed,Observed actual,-0.6209144634224419,0.3973803684921758
RA3,selected non-SOZ,observed,Observed actual,-0.6124096219185498,0.40697777799850365
RA3,selected non-SOZ,observed,Observed actual,-0.6039047804146578,0.4165048384021909
RA3,selected non-SOZ,observed,Observed actual,-0.5953999389107656,0.4259543480074733
RA3,selected non-SOZ,observed,Observed actual,-0.5868950974068736,0.43531958938852194
RA3,selected non-SOZ,observed,Observed actual,-0.5783902559029817,0.44459437075220154
RA3,selected non-SOZ,observed,Observed actual,-0.5698854143990895,0.4537730677702527
RA3,selected non-SOZ,observed,Observed actual,-0.5613805728951975,0.46285066498412314
RA3,selected non-SOZ,observed,Observed actual,-0.5528757313913053,0.47182279575511393
RA3,selected non-SOZ,observed,Observed actual,-0.5443708898874133,0.4806857796252403
RA3,selected non-SOZ,observed,Observed actual,-0.5358660483835214,0.48943665587456847
RA3,selected non-SOZ,observed,Observed actual,-0.5273612068796292,0.4980732120123276
RA3,selected non-SOZ,observed,Observed actual,-0.5188563653757372,0.5065940059245311
RA3,selected non-SOZ,observed,Observed actual,-0.510351523871845,0.5149983804219596
RA3,selected non-SOZ,observed,Observed actual,-0.501846682367953,0.5232864689898781
RA3,selected non-SOZ,observed,Observed actual,-0.4933418408640611,0.5314591916346147
RA3,selected non-SOZ,observed,Observed actual,-0.4848369993601689,0.5395182398507135
RA3,selected non-SOZ,observed,Observed actual,-0.4763321578562769,0.5474660498936863
RA3,selected non-SOZ,observed,Observed actual,-0.4678273163523847,0.5553057637340721
RA3,selected non-SOZ,observed,Observed actual,-0.45932247484849276,0.5630411772847549
RA3,selected non-SOZ,observed,Observed actual,-0.45081763334460057,0.570676675730457
RA3,selected non-SOZ,observed,Observed actual,-0.4423127918407086,0.5782171560408474
RA3,selected non-SOZ,observed,Observed actual,-0.43380795033681663,0.585667937011079
RA3,selected non-SOZ,observed,Observed actual,-0.42530310883292444,0.5930346574399239
RA3,selected non-SOZ,observed,Observed actual,-0.41679826732903247,0.6003231633199463
RA3,selected non-SOZ,observed,Observed actual,-0.4082934258251403,0.6075393851705057
RA3,selected non-SOZ,observed,Observed actual,-0.3997885843212483,0.6146892068870454
RA3,selected non-SOZ,observed,Observed actual,-0.39128374281735634,0.6217783277038026
RA3,selected non-SOZ,observed,Observed actual,-0.38277890131346415,0.6288121190669473
RA3,selected non-SOZ,observed,Observed actual,-0.3742740598095722,0.6357954783869462
RA3,selected non-SOZ,observed,Observed actual,-0.36576921830568,0.6427326817791352
RA3,selected non-SOZ,observed,Observed actual,-0.357264376801788,0.6496272380072265
RA3,selected non-SOZ,observed,Observed actual,-0.34875953529789583,0.6564817459136948
RA3,selected non-SOZ,observed,Observed actual,-0.34025469379400386,0.6632977576525164
RA3,selected non-SOZ,observed,Observed actual,-0.3317498522901119,0.6700756500329248
RA3,selected non-SOZ,observed,Observed actual,-0.3232450107862197,0.6768145062381014
RA3,selected non-SOZ,observed,Observed actual,-0.31474016928232773,0.6835120101008472
RA3,selected non-SOZ,observed,Observed actual,-0.30623532777843554,0.6901643550009074
RA3,selected non-SOZ,observed,Observed actual,-0.29773048627454357,0.696766169297782
RA3,selected non-SOZ,observed,Observed actual,-0.2892256447706516,0.7033104600311987
RA3,selected non-SOZ,observed,Observed actual,-0.2807208032667594,0.7097885764117272
RA3,selected non-SOZ,observed,Observed actual,-0.27221596176286744,0.7161901943896547
RA3,selected non-SOZ,observed,Observed actual,-0.26371112025897525,0.7225033233344935
RA3,selected non-SOZ,observed,Observed actual,-0.2552062787550833,0.7287143355839186
RA3,selected non-SOZ,observed,Observed actual,-0.2467014372511911,0.7348080193331655
RA3,selected non-SOZ,observed,Observed actual,-0.23819659574729912,0.7407676550374087
RA3,selected non-SOZ,observed,Observed actual,-0.22969175424340715,0.7465751151940504
RA3,selected non-SOZ,observed,Observed actual,-0.22118691273951496,0.7522109870624776
RA3,selected non-SOZ,observed,Observed actual,-0.212682071235623,0.7576547175691578
RA3,selected non-SOZ,observed,Observed actual,-0.2041772297317308,0.7628847793391245
RA3,selected non-SOZ,observed,Observed actual,-0.19567238822783883,0.767878856494102
RA3,selected non-SOZ,observed,Observed actual,-0.18716754672394686,0.7726140485658395
RA3,selected non-SOZ,observed,Observed actual,-0.17866270522005467,0.7770670905937059
RA3,selected non-SOZ,observed,Observed actual,-0.1701578637161627,0.7812145872111724
RA3,selected non-SOZ,observed,Observed actual,-0.16165302221227051,0.7850332582795302
RA3,selected non-SOZ,observed,Observed actual,-0.15314818070837855,0.7885001934020635
RA3,selected non-SOZ,observed,Observed actual,-0.14464333920448658,0.791593112450903
RA3,selected non-SOZ,observed,Observed actual,-0.13613849770059439,0.794290629065106
RA3,selected non-SOZ,observed,Observed actual,-0.12763365619670242,0.7965725139351353
RA3,selected non-SOZ,observed,Observed actual,-0.11912881469281023,0.7984199545790464
RA3,selected non-SOZ,observed,Observed actual,-0.11062397318891826,0.7998158082423243
RA3,selected non-SOZ,observed,Observed actual,-0.10211913168502607,0.80074484451954
RA3,selected non-SOZ,observed,Observed actual,-0.0936142901811341,0.8011939743044026
RA3,selected non-SOZ,observed,Observed actual,-0.08510944867724213,0.8011524617282422
RA3,selected non-SOZ,observed,Observed actual,-0.07660460717334994,0.8006121158472682
RA3,selected non-SOZ,observed,Observed actual,-0.06809976566945797,0.7995674589881974
RA3,selected non-SOZ,observed,Observed actual,-0.05959492416556578,0.7980158688608214
RA3,selected non-SOZ,observed,Observed actual,-0.05109008266167381,0.7959576917954386
RA3,selected non-SOZ,observed,Observed actual,-0.04258524115778184,0.7933963247622073
RA3,selected non-SOZ,observed,Observed actual,-0.03408039965388965,0.7903382641771357
RA3,selected non-SOZ,observed,Observed actual,-0.02557555814999768,0.7867931198931221
RA3,selected non-SOZ,observed,Observed actual,-0.017070716646105488,0.7827735932108032
RA3,selected non-SOZ,observed,Observed actual,-0.00856587514221352,0.7782954182182421
RA3,selected non-SOZ,observed,Observed actual,-6.1033638321328354e-05,0.7733772662749463
RA3,selected non-SOZ,observed,Observed actual,0.00844380786557064,0.768040613987477
RA3,selected non-SOZ,observed,Observed actual,0.01694864936946261,0.7623095755729523
RA3,selected non-SOZ,observed,Observed actual,0.0254534908733548,0.7562107010641586
RA3,selected non-SOZ,observed,Observed actual,0.03395833237724677,0.7497727423660323
RA3,selected non-SOZ,observed,Observed actual,0.04246317388113896,0.74302638971749
RA3,selected non-SOZ,observed,Observed actual,0.05096801538503093,0.736003981634195
RA3,selected non-SOZ,observed,Observed actual,0.0594728568889229,0.7287391918958172
RA3,selected non-SOZ,observed,Observed actual,0.06797769839281509,0.7212666975847319
RA3,selected non-SOZ,observed,Observed actual,0.07648253989670706,0.7136218325713679
RA3,selected non-SOZ,observed,Observed actual,0.08498738140059925,0.705840231164645
RA3,selected non-SOZ,observed,Observed actual,0.09349222290449122,0.6979574668952819
RA3,selected non-SOZ,observed,Observed actual,0.10199706440838319,0.6900086915673735
RA3,selected non-SOZ,observed,Observed actual,0.11050190591227538,0.6820282797935591
RA3,selected non-SOZ,observed,Observed actual,0.11900674741616735,0.6740494842167033
RA3,selected non-SOZ,observed,Observed actual,0.12751158892005954,0.6661041065139583
RA3,selected non-SOZ,observed,Observed actual,0.13601643042395173,0.6582221890768084
RA3,selected non-SOZ,observed,Observed actual,0.14452127192784348,0.6504317319651117
RA3,selected non-SOZ,observed,Observed actual,0.15302611343173567,0.6427584393480631
RA3,selected non-SOZ,observed,Observed actual,0.16153095493562786,0.6352254991766909
RA3,selected non-SOZ,observed,Observed actual,0.1700357964395196,0.6278533992890009
RA3,selected non-SOZ,observed,Observed actual,0.1785406379434118,0.6206597825405176
RA3,selected non-SOZ,observed,Observed actual,0.18704547944730399,0.6136593428913645
RA3,selected non-SOZ,observed,Observed actual,0.19555032095119618,0.6068637636796108
RA3,selected non-SOZ,observed,Observed actual,0.20405516245508792,0.6002816985836207
RA3,selected non-SOZ,observed,Observed actual,0.21256000395898011,0.5939187950387694
RA3,selected non-SOZ,observed,Observed actual,0.2210648454628723,0.587777759141613
RA3,selected non-SOZ,observed,Observed actual,0.22956968696676405,0.5818584603628629
RA3,selected non-SOZ,observed,Observed actual,0.23807452847065624,0.5761580737143946
RA3,selected non-SOZ,observed,Observed actual,0.24657936997454843,0.5706712563892076
RA3,selected non-SOZ,observed,Observed actual,0.2550842114784402,0.5653903553298305
RA3,selected non-SOZ,observed,Observed actual,0.2635890529823324,0.5603056416916308
RA3,selected non-SOZ,observed,Observed actual,0.27209389448622456,0.5554055677625516
RA3,selected non-SOZ,observed,Observed actual,0.28059873599011675,0.5506770415876757
RA3,selected non-SOZ,observed,Observed actual,0.2891035774940085,0.5461057143311149
RA3,selected non-SOZ,observed,Observed actual,0.2976084189979007,0.5416762752921837
RA3,selected non-SOZ,observed,Observed actual,0.3061132605017929,0.5373727494783713
RA3,selected non-SOZ,observed,Observed actual,0.31461810200568463,0.5331787927226487
RA3,selected non-SOZ,observed,Observed actual,0.3231229435095768,0.529077979513235
RA3,selected non-SOZ,observed,Observed actual,0.331627785013469,0.5250540789741297
RA3,selected non-SOZ,observed,Observed actual,0.3401326265173612,0.521091314786474
RA3,selected non-SOZ,observed,Observed actual,0.34863746802125295,0.5171746052646184
RA3,selected non-SOZ,observed,Observed actual,0.35714230952514514,0.5132897802855941
RA3,selected non-SOZ,observed,Observed actual,0.36564715102903733,0.5094237723044882
RA3,selected non-SOZ,observed,Observed actual,0.3741519925329291,0.5055647792582195
RA3,selected non-SOZ,observed,Observed actual,0.38265683403682127,0.5017023977532152
RA3,selected non-SOZ,observed,Observed actual,0.39116167554071346,0.49782772553530713
RA3,selected non-SOZ,observed,Observed actual,0.3996665170446052,0.4939334328397718
RA3,selected non-SOZ,observed,Observed actual,0.4081713585484974,0.49001380280351753
RA3,selected non-SOZ,observed,Observed actual,0.4166762000523896,0.48606474167837965
RA3,selected non-SOZ,observed,Observed actual,0.4251810415562818,0.4820837601038541
RA3,selected non-SOZ,observed,Observed actual,0.4336858830601735,0.4780699271701931
RA3,selected non-SOZ,observed,Observed actual,0.4421907245640657,0.4740237994208376
RA3,selected non-SOZ,observed,Observed actual,0.4506955660679579,0.4699473273004297
RA3,selected non-SOZ,observed,Observed actual,0.45920040757184966,0.46584374184644606
RA3,selected non-SOZ,observed,Observed actual,0.46770524907574185,0.461717424645933
RA3,selected non-SOZ,observed,Observed actual,0.47621009057963404,0.4575737642323265
RA3,selected non-SOZ,observed,Observed actual,0.48471493208352623,0.4534190021811797
RA3,selected non-SOZ,observed,Observed actual,0.493219773587418,0.4492600721793319
RA3,selected non-SOZ,observed,Observed actual,0.5017246150913102,0.4451044352925984
RA3,selected non-SOZ,observed,Observed actual,0.5102294565952024,0.44095991454663597
RA3,selected non-SOZ,observed,Observed actual,0.5187342980990941,0.4368345317694618
RA3,selected non-SOZ,observed,Observed actual,0.5272391396029863,0.4327363494283133
RA3,selected non-SOZ,observed,Observed actual,0.5357439811068785,0.4286733199350461
RA3,selected non-SOZ,observed,Observed actual,0.5442488226107707,0.4246531446004398
RA3,selected non-SOZ,observed,Observed actual,0.5527536641146624,0.4206831440965003
RA3,selected non-SOZ,observed,Observed actual,0.5612585056185546,0.41677014194508233
RA3,selected non-SOZ,observed,Observed actual,0.5697633471224468,0.41292036219900213
RA3,selected non-SOZ,observed,Observed actual,0.5782681886263386,0.4091393421261943
RA3,selected non-SOZ,observed,Observed actual,0.5867730301302307,0.40543186035608797
RA3,selected non-SOZ,observed,Observed actual,0.5952778716341229,0.4018018806075283
RA3,selected non-SOZ,observed,Observed actual,0.6037827131380147,0.3982525107959482
RA3,selected non-SOZ,observed,Observed actual,0.6122875546419069,0.3947859770202812
RA3,selected non-SOZ,observed,Observed actual,0.6207923961457991,0.3914036116626155
RA3,selected non-SOZ,observed,Observed actual,0.6292972376496913,0.38810585460036706
RA3,selected non-SOZ,observed,Observed actual,0.637802079153583,0.38489226633547197
RA3,selected non-SOZ,observed,Observed actual,0.6463069206574752,0.3817615516904136
RA3,selected non-SOZ,observed,Observed actual,0.6548117621613674,0.3787115926085904
RA3,selected non-SOZ,observed,Observed actual,0.6633166036652591,0.3757394885272393
RA3,selected non-SOZ,observed,Observed actual,0.6718214451691513,0.3728416027646989
RA3,selected non-SOZ,observed,Observed actual,0.6803262866730435,0.3700136133788495
RA3,selected non-SOZ,observed,Observed actual,0.6888311281769357,0.36725056700807324
RA3,selected non-SOZ,observed,Observed actual,0.6973359696808274,0.36454693429689516
RA3,selected non-SOZ,observed,Observed actual,0.7058408111847196,0.3618966656318597
RA3,selected non-SOZ,observed,Observed actual,0.7143456526886118,0.359293246064531
RA3,selected non-SOZ,observed,Observed actual,0.7228504941925036,0.3567297484728497
RA3,selected non-SOZ,observed,Observed actual,0.7313553356963958,0.35419888420368667
RA3,selected non-SOZ,observed,Observed actual,0.739860177200288,0.35169305064257567
RA3,selected non-SOZ,observed,Observed actual,0.7483650187041797,0.3492043753651413
RA3,selected non-SOZ,observed,Observed actual,0.7568698602080719,0.3467247567325991
RA3,selected non-SOZ,observed,Observed actual,0.7653747017119641,0.3442459009949374
RA3,selected non-SOZ,observed,Observed actual,0.7738795432158563,0.3417593561542327
RA3,selected non-SOZ,observed,Observed actual,0.782384384719748,0.33925654301176456
RA3,selected non-SOZ,observed,Observed actual,0.7908892262236402,0.3367287839713619
RA3,selected non-SOZ,observed,Observed actual,0.7993940677275324,0.3341673302936114
RA3,selected non-SOZ,observed,Observed actual,0.8078989092314242,0.331563388587842
RA3,selected non-SOZ,observed,Observed actual,0.8164037507353163,0.3289081473886148
RA3,selected non-SOZ,observed,Observed actual,0.8249085922392085,0.3261928046891473
RA3,selected non-SOZ,observed,Observed actual,0.8334134337431007,0.3234085972949869
RA3,selected non-SOZ,observed,Observed actual,0.8419182752469925,0.3205468328175549
RA3,selected non-SOZ,observed,Observed actual,0.8504231167508847,0.3175989250501264
RA3,selected non-SOZ,observed,Observed actual,0.8589279582547769,0.31455643336042866
RA3,selected non-SOZ,observed,Observed actual,0.8674327997586686,0.3114111065973967
RA3,selected non-SOZ,observed,Observed actual,0.8759376412625608,0.3081549318483537
RA3,selected non-SOZ,observed,Observed actual,0.884442482766453,0.3047801882015658
RA3,selected non-SOZ,observed,Observed actual,0.8929473242703447,0.3012795054726696
RA3,selected non-SOZ,observed,Observed actual,0.9014521657742369,0.2976459276474735
RA3,selected non-SOZ,observed,Observed actual,0.9099570072781291,0.29387298058387595
RA3,selected non-SOZ,observed,Observed actual,0.9184618487820213,0.2899547433081269
RA3,selected non-SOZ,observed,Observed actual,0.926966690285913,0.2858859220414399
RA3,selected non-SOZ,observed,Observed actual,0.9354715317898052,0.2816619259079103
RA3,selected non-SOZ,observed,Observed actual,0.9439763732936974,0.2772789431095001
RA3,selected non-SOZ,observed,Observed actual,0.9524812147975892,0.27273401621362825
RA3,selected non-SOZ,observed,Observed actual,0.9609860563014814,0.2680251150884049
RA3,selected non-SOZ,observed,Observed actual,0.9694908978053736,0.26315120594361546
RA3,selected non-SOZ,observed,Observed actual,0.9779957393092658,0.2581123148953931
RA3,selected non-SOZ,observed,Observed actual,0.9865005808131575,0.2529095844713224
RA3,selected non-SOZ,observed,Observed actual,0.9950054223170497,0.2475453215117669
RA3,selected non-SOZ,observed,Observed actual,1.0035102638209419,0.24202303500268857
RA3,selected non-SOZ,observed,Observed actual,1.0120151053248336,0.23634746249435226
RA3,selected non-SOZ,observed,Observed actual,1.0205199468287258,0.2305245839171227
RA3,selected non-SOZ,observed,Observed actual,1.029024788332618,0.22456162179720646
RA3,selected non-SOZ,observed,Observed actual,1.0375296298365102,0.21846702709770632
RA3,selected non-SOZ,observed,Observed actual,1.046034471340402,0.21225045015903068
RA3,selected non-SOZ,observed,Observed actual,1.0545393128442941,0.20592269648191222
RA3,selected non-SOZ,observed,Observed actual,1.0630441543481863,0.19949566737990604
RA3,selected non-SOZ,observed,Observed actual,1.071548995852078,0.19298228581950788
RA3,selected non-SOZ,observed,Observed actual,1.0800538373559703,0.18639640805806293
RA3,selected non-SOZ,observed,Observed actual,1.0885586788598625,0.17975272197522746
RA3,selected non-SOZ,observed,Observed actual,1.0970635203637542,0.17306663326591748
RA3,selected non-SOZ,observed,Observed actual,1.1055683618676464,0.16635414091465717
RA3,selected non-SOZ,observed,Observed actual,1.1140732033715386,0.1596317035966917
RA3,selected non-SOZ,observed,Observed actual,1.1225780448754308,0.15291609884450988
RA3,selected non-SOZ,observed,Observed actual,1.1310828863793225,0.14622427697463944
RA3,selected non-SOZ,observed,Observed actual,1.1395877278832147,0.13957321188483435
RA3,selected non-SOZ,observed,Observed actual,1.148092569387107,0.1329797509031705
RA3,selected non-SOZ,observed,Observed actual,1.1565974108909987,0.12646046589638604
RA3,selected non-SOZ,observed,Observed actual,1.1651022523948908,0.12003150782453323
RA3,selected non-SOZ,observed,Observed actual,1.173607093898783,0.11370846686326463
RA3,selected non-SOZ,observed,Observed actual,1.1821119354026752,0.10750624010573462
RA3,selected non-SOZ,observed,Observed actual,1.190616776906567,0.10143890870610733
RA3,selected non-SOZ,observed,Observed actual,1.1991216184104592,0.0955196261399856
RA3,selected non-SOZ,observed,Observed actual,1.2076264599143514,0.08976051903861791
RA3,selected non-SOZ,observed,Observed actual,1.216131301418243,0.08417260180908623
RA3,selected non-SOZ,observed,Observed actual,1.2246361429221353,0.07876570598805999
RA3,selected non-SOZ,observed,Observed actual,1.2331409844260275,0.07354842499867188
RA3,selected non-SOZ,observed,Observed actual,1.2416458259299192,0.06852807469540387
RA3,selected non-SOZ,observed,Observed actual,1.2501506674338114,0.06371066979733803
RA3,selected non-SOZ,observed,Observed actual,1.2586555089377036,0.059100916032285095
RA3,selected non-SOZ,observed,Observed actual,1.2671603504415958,0.054702217549304794
RA3,selected non-SOZ,observed,Observed actual,1.2756651919454876,0.05051669891067142
RA3,selected non-SOZ,observed,Observed actual,1.2841700334493797,0.046545240751292995
RA3,selected non-SOZ,observed,Observed actual,1.292674874953272,0.04278752799817786
RA3,selected non-SOZ,observed,Observed actual,1.3011797164571637,0.03924210937797033
RA3,selected non-SOZ,observed,Observed actual,1.3096845579610559,0.03590646680921779
RA3,selected non-SOZ,observed,Observed actual,1.318189399464948,0.032777093179215254
RA3,selected non-SOZ,observed,Observed actual,1.3266942409688403,0.029849576943429518
RA3,selected non-SOZ,observed,Observed actual,1.335199082472732,0.0271186919581299
RA3,selected non-SOZ,observed,Observed actual,1.3437039239766242,0.024578490962583403
RA3,selected non-SOZ,observed,Observed actual,1.3522087654805164,0.022222401163902922
RA3,selected non-SOZ,observed,Observed actual,1.3607136069844081,0.02004332044258074
RA3,selected non-SOZ,observed,Observed actual,1.3692184484883003,0.018033712786594523
RA3,selected non-SOZ,observed,Observed actual,1.3777232899921925,0.016185701673010353
RA3,selected non-SOZ,observed,Observed actual,1.3862281314960847,0.014491160244220832
RA3,selected non-SOZ,observed,Observed actual,1.3947329729999765,0.012941797267221862
RA3,selected non-SOZ,observed,Observed actual,1.4032378145038686,0.011529238014461004
RA3,selected non-SOZ,observed,Observed actual,1.4117426560077608,0.010245099359743746
RA3,selected non-SOZ,observed,Observed actual,1.4202474975116526,0.009081058538590361
RA3,selected non-SOZ,observed,Observed actual,1.4287523390155448,0.008028915175745383
RA3,selected non-SOZ,observed,Observed actual,1.437257180519437,0.007080646330061123
RA3,selected non-SOZ,observed,Observed actual,1.4457620220233287,0.006228454445942263
RA3,selected non-SOZ,observed,Observed actual,1.454266863527221,0.005464808228664913
RA3,selected non-SOZ,observed,Observed actual,1.462771705031113,0.004782476576349376
RA3,selected non-SOZ,observed,Observed actual,1.4712765465350053,0.0041745558028594126
RA3,selected non-SOZ,observed,Observed actual,1.479781388038897,0.0036344904725814247
RA3,selected non-SOZ,observed,Observed actual,1.4882862295427892,0.003156088239514307
RA3,selected non-SOZ,observed,Observed actual,1.4967910710466814,0.002733529139408869
RA3,selected non-SOZ,observed,Observed actual,1.5052959125505732,0.002361369825235163
RA3,selected non-SOZ,observed,Observed actual,1.5138007540544653,0.0020345432637538237
RA3,selected non-SOZ,observed,Observed actual,1.5223055955583575,0.001748354425411092
RA3,selected non-SOZ,observed,Observed actual,1.5308104370622497,0.0014984725023635586
RA3,selected non-SOZ,observed,Observed actual,1.5393152785661415,0.0012809201815197095
RA3,selected non-SOZ,observed,Observed actual,1.5478201200700337,0.001092060482502804
RA3,selected non-SOZ,observed,Observed actual,1.5563249615739259,0.0009285816458855297
RA3,selected non-SOZ,observed,Observed actual,1.5648298030778176,0.0007874805264095181
RA3,selected non-SOZ,observed,Observed actual,1.5733346445817098,0.0006660449106306998
RA3,selected non-SOZ,observed,Observed actual,1.581839486085602,0.0005618351398963903
RA3,selected non-SOZ,observed,Observed actual,1.5903443275894937,0.0004726653790312051
RA3,selected non-SOZ,observed,Observed actual,1.598849169093386,0.00039658482973418436
RA3,selected non-SOZ,observed,Observed actual,1.6073540105972781,0.00033185914647648686
RA3,selected non-SOZ,observed,Observed actual,1.6158588521011703,0.00027695227250199803
RA3,selected non-SOZ,observed,Observed actual,1.624363693605062,0.00023050887508762038
RA3,selected non-SOZ,observed,Observed actual,1.6328685351089542,0.00019133752308502766
RA3,selected non-SOZ,observed,Observed actual,1.6413733766128464,0.00015839471637116247
RA3,selected non-SOZ,observed,Observed actual,1.6498782181167382,0.00013076984647955613
RA3,selected non-SOZ,observed,Observed actual,1.6583830596206304,0.00010767114054922527
RA3,selected non-SOZ,observed,Observed actual,1.6668879011245226,8.84126168873579e-05
RA3,selected non-SOZ,observed,Observed actual,1.6753927426284148,7.240205988060825e-05
RA3,selected non-SOZ,observed,Observed actual,1.6838975841323065,5.913000461601763e-05
RA3,selected non-SOZ,observed,Observed actual,1.6924024256361987,4.815970723339078e-05
RA3,selected non-SOZ,observed,Observed actual,1.7009072671400909,3.911806552645686e-05
RA3,selected non-SOZ,observed,Observed actual,1.7094121086439826,3.1687445406233594e-05
RA3,selected non-SOZ,observed,Observed actual,1.7179169501478748,2.5598362280622976e-05
RA3,selected non-SOZ,observed,Observed actual,1.726421791651767,2.0622961921674316e-05
RA3,selected non-SOZ,observed,Observed actual,1.7349266331556588,1.6569242716004152e-05
RA3,selected non-SOZ,observed,Observed actual,1.743431474659551,1.3275960059462723e-05
RA3,selected non-SOZ,observed,Observed actual,1.7519363161634431,1.0608153810262455e-05
RA3,selected non-SOZ,observed,Observed actual,1.7604411576673353,8.453240917223634e-06
RA3,selected non-SOZ,observed,Observed actual,1.768945999171227,6.7176173724528795e-06
RA3,selected non-SOZ,observed,Observed actual,1.7774508406751193,5.323716302847618e-06
RA3,selected non-SOZ,observed,Observed actual,1.7859556821790115,4.207472137008375e-06
RA3,selected non-SOZ,observed,Observed actual,1.7944605236829032,3.3161442108880395e-06
RA3,selected non-SOZ,observed,Observed actual,1.8029653651867954,2.6064567766361627e-06
RA3,selected non-SOZ,observed,Observed actual,1.8114702066906876,2.0430160458095956e-06
RA3,selected non-SOZ,observed,Observed actual,1.8199750481945798,1.5969685416279278e-06
RA3,selected non-SOZ,observed,Observed actual,1.8284798896984715,1.2448685847771895e-06
RA3,selected non-SOZ,observed,Observed actual,1.8369847312023637,9.677261393714793e-07
RA3,selected non-SOZ,observed,Observed actual,1.845489572706256,7.502094605277094e-07
RA3,selected non-SOZ,observed,Observed actual,1.8539944142101477,5.799799855672447e-07
RA3,selected non-SOZ,observed,Observed actual,1.8624992557140398,4.4713968071460043e-07
RA3,selected non-SOZ,observed,Observed actual,1.871004097217932,3.4377358669428787e-07
RA3,selected non-SOZ,observed,Observed actual,1.8795089387218242,2.635725993286302e-07
RA3,selected non-SOZ,observed,Observed actual,1.888013780225716,2.01523580207772e-07
RA3,selected non-SOZ,observed,Observed actual,1.8965186217296082,1.536557270853466e-07
RA3,selected non-SOZ,observed,Observed actual,1.9050234632335004,1.1683375627777233e-07
RA3,selected non-SOZ,observed,Observed actual,1.913528304737392,8.85898745196545e-08
RA3,selected non-SOZ,observed,Observed actual,1.9220331462412843,6.698776120604395e-08
RA3,selected non-SOZ,observed,Observed actual,1.9305379877451765,5.0512860051210486e-08
RA3,selected non-SOZ,observed,Observed actual,1.9390428292490687,3.7984208251538575e-08
RAFa4,unselected,state_only,State only,-1.8842247235757812,0.012614100120059821
RAFa4,unselected,state_only,State only,-1.875942357626763,0.012818315686783583
RAFa4,unselected,state_only,State only,-1.8676599916777452,0.013043270875405032
RAFa4,unselected,state_only,State only,-1.8593776257287271,0.013288626765855764
RAFa4,unselected,state_only,State only,-1.851095259779709,0.013553753436187624
RAFa4,unselected,state_only,State only,-1.8428128938306911,0.013837768251439276
RAFa4,unselected,state_only,State only,-1.834530527881673,0.01413957971066148
RAFa4,unselected,state_only,State only,-1.826248161932655,0.014457935192991881
RAFa4,unselected,state_only,State only,-1.817965795983637,0.014791470890480425
RAFa4,unselected,state_only,State only,-1.809683430034619,0.015138762241700288
RAFa4,unselected,state_only,State only,-1.801401064085601,0.015498373281892932
RAFa4,unselected,state_only,State only,-1.793118698136583,0.01586890349417344
RAFa4,unselected,state_only,State only,-1.7848363321875649,0.016249030970248542
RAFa4,unselected,state_only,State only,-1.776553966238547,0.016637550953427
RAFa4,unselected,state_only,State only,-1.768271600289529,0.01703340912479766
RAFa4,unselected,state_only,State only,-1.7599892343405108,0.017435729287822496
RAFa4,unselected,state_only,State only,-1.751706868391493,0.01784383538995586
RAFa4,unselected,state_only,State only,-1.7434245024424748,0.018257268076184177
RAFa4,unselected,state_only,State only,-1.7351421364934567,0.018675796184656826
RAFa4,unselected,state_only,State only,-1.7268597705444388,0.01909942375782746
RAFa4,unselected,state_only,State only,-1.7185774045954207,0.01952839324621796
RAFa4,unselected,state_only,State only,-1.7102950386464029,0.019963185622395654
RAFa4,unselected,state_only,State only,-1.7020126726973848,0.02040451810037533
RAFa4,unselected,state_only,State only,-1.6937303067483667,0.02085334007472335
RAFa4,unselected,state_only,State only,-1.6854479407993488,0.02131082776212596
RAFa4,unselected,state_only,State only,-1.6771655748503307,0.021778377857240502
RAFa4,unselected,state_only,State only,-1.6688832089013126,0.022257600317995008
RAFa4,unselected,state_only,State only,-1.6606008429522947,0.022750310188629306
RAFa4,unselected,state_only,State only,-1.6523184770032766,0.0232585181680953
RAFa4,unselected,state_only,State only,-1.6440361110542585,0.02378441945335315
RAFa4,unselected,state_only,State only,-1.6357537451052406,0.024330380247098143
RAFa4,unselected,state_only,State only,-1.6274713791562225,0.024898921231131105
RAFa4,unselected,state_only,State only,-1.6191890132072047,0.02549269728089841
RAFa4,unselected,state_only,State only,-1.6109066472581866,0.02611447274119367
RAFa4,unselected,state_only,State only,-1.6026242813091685,0.02676709170117245
RAFa4,unselected,state_only,State only,-1.5943419153601504,0.027453442897839606
RAFa4,unselected,state_only,State only,-1.5860595494111325,0.02817641913559357
RAFa4,unselected,state_only,State only,-1.5777771834621144,0.028938871425297025
RAFa4,unselected,state_only,State only,-1.5694948175130965,0.02974355840545592
RAFa4,unselected,state_only,State only,-1.5612124515640784,0.030593091992439033
RAFa4,unselected,state_only,State only,-1.5529300856150603,0.03148988059527107
RAFa4,unselected,state_only,State only,-1.5446477196660424,0.03243607160027931
RAFa4,unselected,state_only,State only,-1.5363653537170243,0.03343349515772092
RAFa4,unselected,state_only,State only,-1.5280829877680064,0.034483611562635574
RAFa4,unselected,state_only,State only,-1.5198006218189883,0.03558746469328858
RAFa4,unselected,state_only,State only,-1.5115182558699702,0.036745644033256045
RAFa4,unselected,state_only,State only,-1.5032358899209521,0.03795825774212331
RAFa4,unselected,state_only,State only,-1.4949535239719343,0.03922491904480847
RAFa4,unselected,state_only,State only,-1.4866711580229162,0.040544747876751955
RAFa4,unselected,state_only,State only,-1.4783887920738983,0.041916389254593005
RAFa4,unselected,state_only,State only,-1.4701064261248802,0.04333804924975163
RAFa4,unselected,state_only,State only,-1.461824060175862,0.044807548743234296
RAFa4,unselected,state_only,State only,-1.4535416942268442,0.0463223943587977
RAFa4,unselected,state_only,State only,-1.445259328277826,0.047879865139657446
RAFa4,unselected,state_only,State only,-1.4369769623288082,0.04947711268799366
RAFa4,unselected,state_only,State only,-1.4286945963797901,0.051111271667477774
RAFa4,unselected,state_only,State only,-1.420412230430772,0.052779576820167866
RAFa4,unselected,state_only,State only,-1.412129864481754,0.05447948201407045
RAFa4,unselected,state_only,State only,-1.403847498532736,0.056208776358291676
RAFa4,unselected,state_only,State only,-1.395565132583718,0.05796569213679633
RAFa4,unselected,state_only,State only,-1.3872827666347,0.059748999250703365
RAFa4,unselected,state_only,State only,-1.379000400685682,0.06155808104556638
RAFa4,unselected,state_only,State only,-1.3707180347366639,0.06339298684638955
RAFa4,unselected,state_only,State only,-1.3624356687876458,0.06525445722928583
RAFa4,unselected,state_only,State only,-1.354153302838628,0.06714391901148775
RAFa4,unselected,state_only,State only,-1.34587093688961,0.06906344811393417
RAFa4,unselected,state_only,State only,-1.337588570940592,0.07101569980247324
RAFa4,unselected,state_only,State only,-1.3293062049915738,0.07300380729185248
RAFa4,unselected,state_only,State only,-1.3210238390425557,0.07503125123740213
RAFa4,unselected,state_only,State only,-1.3127414730935378,0.0771017041707118
RAFa4,unselected,state_only,State only,-1.3044591071445197,0.07921885538062741
RAFa4,unselected,state_only,State only,-1.2961767411955019,0.08138622302131422
RAFa4,unselected,state_only,State only,-1.2878943752464838,0.08360696126951678
RAFa4,unselected,state_only,State only,-1.2796120092974657,0.08588367108527804
RAFa4,unselected,state_only,State only,-1.2713296433484476,0.0882182234974233
RAFa4,unselected,state_only,State only,-1.2630472773994297,0.0906116042955532
RAFa4,unselected,state_only,State only,-1.2547649114504118,0.09306378854120298
RAFa4,unselected,state_only,State only,-1.2464825455013937,0.09557365241035382
RAFa4,unselected,state_only,State only,-1.2382001795523756,0.09813892856825356
RAFa4,unselected,state_only,State only,-1.2299178136033575,0.10075620959882912
RAFa4,unselected,state_only,State only,-1.2216354476543396,0.10342100202981222
RAFa4,unselected,state_only,State only,-1.2133530817053215,0.10612783129519723
RAFa4,unselected,state_only,State only,-1.2050707157563036,0.10887039565864992
RAFa4,unselected,state_only,State only,-1.1967883498072855,0.11164176479565366
RAFa4,unselected,state_only,State only,-1.1885059838582674,0.11443461651454674
RAFa4,unselected,state_only,State only,-1.1802236179092493,0.11724150310238576
RAFa4,unselected,state_only,State only,-1.1719412519602315,0.12005513711861303
RAFa4,unselected,state_only,State only,-1.1636588860112136,0.12286868522232815
RAFa4,unselected,state_only,State only,-1.1553765200621955,0.12567605788259287
RAFa4,unselected,state_only,State only,-1.1470941541131774,0.12847218263674587
RAFa4,unselected,state_only,State only,-1.1388117881641593,0.13125324895234802
RAFa4,unselected,state_only,State only,-1.1305294222151412,0.13401691370757898
RAFa4,unselected,state_only,State only,-1.1222470562661233,0.13676245779565205
RAFa4,unselected,state_only,State only,-1.1139646903171054,0.1394908863153153
RAFa4,unselected,state_only,State only,-1.1056823243680873,0.14220496713995173
RAFa4,unselected,state_only,State only,-1.0973999584190692,0.14490920524949935
RAFa4,unselected,state_only,State only,-1.0891175924700511,0.14760975293458367
RAFa4,unselected,state_only,State only,-1.0808352265210333,0.1503142587054666
RAFa4,unselected,state_only,State only,-1.0725528605720152,0.15303166032411927
RAFa4,unselected,state_only,State only,-1.0642704946229973,0.15577192969833975
RAFa4,unselected,state_only,State only,-1.0559881286739792,0.15854577931992872
RAFa4,unselected,state_only,State only,-1.047705762724961,0.16136434140398612
RAFa4,unselected,state_only,State only,-1.039423396775943,0.16423883182972612
RAFa4,unselected,state_only,State only,-1.031141030826925,0.16718021136156103
RAFa4,unselected,state_only,State only,-1.0228586648779072,0.17019885644093674
RAFa4,unselected,state_only,State only,-1.0145762989288891,0.17330425111419953
RAFa4,unselected,state_only,State only,-1.006293932979871,0.17650471045737032
RAFa4,unselected,state_only,State only,-0.998011567030853,0.17980714425711652
RAFa4,unselected,state_only,State only,-0.989729201081835,0.18321686780801802
RAFa4,unselected,state_only,State only,-0.9814468351328169,0.1867374646001877
RAFa4,unselected,state_only,State only,-0.973164469183799,0.1903707035123114
RAFa4,unselected,state_only,State only,-0.964882103234781,0.19411651100351499
RAFa4,unselected,state_only,State only,-0.9565997372857629,0.19797299681221578
RAFa4,unselected,state_only,State only,-0.9483173713367449,0.20193652990453906
RAFa4,unselected,state_only,State only,-0.9400350053877269,0.20600185993119252
RAFa4,unselected,state_only,State only,-0.9317526394387089,0.210162278289713
RAFa4,unselected,state_only,State only,-0.9234702734896908,0.21440981206499585
RAFa4,unselected,state_only,State only,-0.9151879075406728,0.21873544362923314
RAFa4,unselected,state_only,State only,-0.9069055415916548,0.22312934849804814
RAFa4,unselected,state_only,State only,-0.8986231756426368,0.2275811441228968
RAFa4,unselected,state_only,State only,-0.8903408096936187,0.23208014260095544
RAFa4,unselected,state_only,State only,-0.8820584437446006,0.23661560074836094
RAFa4,unselected,state_only,State only,-0.8737760777955828,0.24117696155687213
RAFa4,unselected,state_only,State only,-0.8654937118465647,0.24575408168933918
RAFa4,unselected,state_only,State only,-0.8572113458975468,0.25033744032566563
RAFa4,unselected,state_only,State only,-0.8489289799485287,0.2549183253199756
RAFa4,unselected,state_only,State only,-0.8406466139995106,0.25948899325497127
RAFa4,unselected,state_only,State only,-0.8323642480504927,0.26404280057682794
RAFa4,unselected,state_only,State only,-0.8240818821014746,0.268574303569607
RAFa4,unselected,state_only,State only,-0.8157995161524565,0.2730793254959445
RAFa4,unselected,state_only,State only,-0.8075171502034386,0.2775549898093458
RAFa4,unselected,state_only,State only,-0.7992347842544205,0.2819997189517534
RAFa4,unselected,state_only,State only,-0.7909524183054024,0.28641319890479333
RAFa4,unselected,state_only,State only,-0.7826700523563845,0.290796310374271
RAFa4,unselected,state_only,State only,-0.7743876864073664,0.29515102825664175
RAFa4,unselected,state_only,State only,-0.7661053204583486,0.2994802918545266
RAFa4,unselected,state_only,State only,-0.7578229545093305,0.303787849155881
RAFa4,unselected,state_only,State only,-0.7495405885603124,0.30807807933846665
RAFa4,unselected,state_only,State only,-0.7412582226112945,0.3123557984688344
RAFa4,unselected,state_only,State only,-0.7329758566622764,0.31662605408855965
RAFa4,unselected,state_only,State only,-0.7246934907132583,0.32089391497277436
RAFa4,unselected,state_only,State only,-0.7164111247642404,0.32516426276068083
RAFa4,unselected,state_only,State only,-0.7081287588152223,0.3294415923535866
RAFa4,unselected,state_only,State only,-0.6998463928662042,0.3337298279204523
RAFa4,unselected,state_only,State only,-0.6915640269171863,0.3380321610231086
RAFa4,unselected,state_only,State only,-0.6832816609681682,0.3423509167668649
RAFa4,unselected,state_only,State only,-0.6749992950191501,0.34668745300601156
RAFa4,unselected,state_only,State only,-0.6667169290701322,0.35104209651351254
RAFa4,unselected,state_only,State only,-0.6584345631211141,0.3554141187002125
RAFa4,unselected,state_only,State only,-0.6501521971720963,0.3598017519957761
RAFa4,unselected,state_only,State only,-0.6418698312230782,0.36420224644617094
RAFa4,unselected,state_only,State only,-0.6335874652740601,0.3686119645131624
RAFa4,unselected,state_only,State only,-0.6253050993250422,0.373026510555144
RAFa4,unselected,state_only,State only,-0.6170227333760241,0.37744089009953125
RAFa4,unselected,state_only,State only,-0.608740367427006,0.38184969285266485
RAFa4,unselected,state_only,State only,-0.6004580014779881,0.3862472924912967
RAFa4,unselected,state_only,State only,-0.59217563552897,0.3906280556842369
RAFa4,unselected,state_only,State only,-0.5838932695799519,0.394986552530507
RAFa4,unselected,state_only,State only,-0.575610903630934,0.39931776068036895
RAFa4,unselected,state_only,State only,-0.5673285376819159,0.40361725581703267
RAFa4,unselected,state_only,State only,-0.5590461717328981,0.40788138189096296
RAFa4,unselected,state_only,State only,-0.55076380578388,0.41210739546928504
RAFa4,unselected,state_only,State only,-0.5424814398348619,0.41629357973040726
RAFa4,unselected,state_only,State only,-0.534199073885844,0.4204393249287965
RAFa4,unselected,state_only,State only,-0.5259167079368259,0.4245451735021846
RAFa4,unselected,state_only,State only,-0.5176343419878078,0.4286128293184138
RAFa4,unselected,state_only,State only,-0.5093519760387899,0.43264513179170994
RAFa4,unselected,state_only,State only,-0.5010696100897718,0.43664599667888826
RAFa4,unselected,state_only,State only,-0.4927872441407537,0.4406203262492514
RAFa4,unselected,state_only,State only,-0.4845048781917358,0.44457389217956056
RAFa4,unselected,state_only,State only,-0.4762225122427177,0.44851319494894565
RAFa4,unselected,state_only,State only,-0.4679401462936996,0.45244530370840447
RAFa4,unselected,state_only,State only,-0.45965778034468174,0.4563776806047396
RAFa4,unselected,state_only,State only,-0.45137541439566364,0.46031799339336105
RAFa4,unselected,state_only,State only,-0.44309304844664577,0.46427391993295547
RAFa4,unselected,state_only,State only,-0.43481068249762767,0.4682529478778583
RAFa4,unselected,state_only,State only,-0.42652831654860957,0.4722621726298536
RAFa4,unselected,state_only,State only,-0.4182459505995917,0.47630809643186633
RAFa4,unselected,state_only,State only,-0.4099635846505736,0.48039643142058547
RAFa4,unselected,state_only,State only,-0.4016812187015555,0.48453190952433967
RAFa4,unselected,state_only,State only,-0.3933988527525376,0.4887181022966533
RAFa4,unselected,state_only,State only,-0.3851164868035195,0.49295725409322005
RAFa4,unselected,state_only,State only,-0.3768341208545014,0.4972501323872576
RAFa4,unselected,state_only,State only,-0.36855175490548353,0.5015958994149382
RAFa4,unselected,state_only,State only,-0.36026938895646543,0.5059920096756931
RAFa4,unselected,state_only,State only,-0.35198702300744733,0.5104341380027464
RAFa4,unselected,state_only,State only,-0.34370465705842945,0.5149161428917639
RAFa4,unselected,state_only,State only,-0.33542229110941135,0.519430069464002
RAFa4,unselected,state_only,State only,-0.3271399251603935,0.5239661957987373
RAFa4,unselected,state_only,State only,-0.3188575592113754,0.5285131253764163
RAFa4,unselected,state_only,State only,-0.3105751932623573,0.5330579270370178
RAFa4,unselected,state_only,State only,-0.3022928273133394,0.5375863222180329
RAFa4,unselected,state_only,State only,-0.2940104613643213,0.542082917363741
RAFa4,unselected,state_only,State only,-0.2857280954153032,0.5465314773906784
RAFa4,unselected,state_only,State only,-0.2774457294662853,0.5509152340718962
RAFa4,unselected,state_only,State only,-0.2691633635172672,0.5552172212956497
RAFa4,unselected,state_only,State only,-0.2608809975682491,0.5594206274954707
RAFa4,unselected,state_only,State only,-0.25259863161923124,0.5635091542617153
RAFa4,unselected,state_only,State only,-0.24431626567021314,0.5674673693343766
RAFa4,unselected,state_only,State only,-0.23603389972119526,0.5712810419192643
RAFa4,unselected,state_only,State only,-0.22775153377217716,0.5749374486053977
RAFa4,unselected,state_only,State only,-0.21946916782315906,0.5784256390920102
RAFa4,unselected,state_only,State only,-0.21118680187414118,0.5817366524196986
RAFa4,unselected,state_only,State only,-0.20290443592512308,0.5848636763648815
RAFa4,unselected,state_only,State only,-0.19462206997610498,0.5878021449899116
RAFa4,unselected,state_only,State only,-0.1863397040270871,0.5905497719086735
RAFa4,unselected,state_only,State only,-0.178057338078069,0.5931065194802821
RAFa4,unselected,state_only,State only,-0.1697749721290509,0.595474506729508
RAFa4,unselected,state_only,State only,-0.16149260618003303,0.597657861166915
RAFa4,unselected,state_only,State only,-0.15321024023101493,0.5996625217179808
RAFa4,unselected,state_only,State only,-0.14492787428199683,0.6014960015682973
RAFa4,unselected,state_only,State only,-0.13664550833297895,0.6031671208243169
RAFa4,unselected,state_only,State only,-0.12836314238396085,0.6046857194440577
RAFa4,unselected,state_only,State only,-0.12008077643494297,0.6060623609153772
RAFa4,unselected,state_only,State only,-0.11179841048592487,0.6073080366896327
RAFa4,unselected,state_only,State only,-0.10351604453690677,0.6084338804835756
RAFa4,unselected,state_only,State only,-0.09523367858788889,0.609450900332404
RAFa4,unselected,state_only,State only,-0.08695131263887079,0.6103697348150965
RAFa4,unselected,state_only,State only,-0.07866894668985269,0.6112004382877703
RAFa4,unselected,state_only,State only,-0.07038658074083481,0.6119522983567321
RAFa4,unselected,state_only,State only,-0.062104214791816714,0.6126336872928805
RAFa4,unselected,state_only,State only,-0.053821848842798614,0.6132519477099402
RAFa4,unselected,state_only,State only,-0.045539482893780736,0.6138133116551148
RAFa4,unselected,state_only,State only,-0.037257116944762636,0.614322851324351
RAFa4,unselected,state_only,State only,-0.028974750995744536,0.6147844589243112
RAFa4,unselected,state_only,State only,-0.020692385046726658,0.6152008527482736
RAFa4,unselected,state_only,State only,-0.012410019097708558,0.6155736062848645
RAFa4,unselected,state_only,State only,-0.00412765314869068,0.6159031970975235
RAFa4,unselected,state_only,State only,0.00415471280032742,0.616189072252263
RAFa4,unselected,state_only,State only,0.01243707874934552,0.6164297271857856
RAFa4,unselected,state_only,State only,0.0207194446983634,0.6166227950529615
RAFa4,unselected,state_only,State only,0.0290018106473815,0.6167651437392444
RAFa4,unselected,state_only,State only,0.0372841765963996,0.6168529778488512
RAFa4,unselected,state_only,State only,0.04556654254541748,0.616881943074739
RAFa4,unselected,state_only,State only,0.05384890849443558,0.6168472304275833
RAFa4,unselected,state_only,State only,0.06213127444345368,0.6167436778637682
RAFa4,unselected,state_only,State only,0.07041364039247155,0.6165658669327568
RAFa4,unselected,state_only,State only,0.07869600634148965,0.616308212191769
RAFa4,unselected,state_only,State only,0.08697837229050753,0.6159650413407107
RAFa4,unselected,state_only,State only,0.09526073823952563,0.6155306643392479
RAFa4,unselected,state_only,State only,0.10354310418854373,0.614999430197827
RAFa4,unselected,state_only,State only,0.11182547013756161,0.6143657706918516
RAFa4,unselected,state_only,State only,0.12010783608657993,0.6136242309237184
RAFa4,unselected,state_only,State only,0.1283902020355976,0.6127694874279099
RAFa4,unselected,state_only,State only,0.1366725679846157,0.6117963553406445
RAFa4,unselected,state_only,State only,0.1449549339336338,0.6106997869873364
RAFa4,unselected,state_only,State only,0.1532372998826519,0.6094748650173374
RAFa4,unselected,state_only,State only,0.16151966583167,0.6081167938726034
RAFa4,unselected,state_only,State only,0.16980203178068765,0.6066208938508423
RAFa4,unselected,state_only,State only,0.17808439772970575,0.6049826022585243
RAFa4,unselected,state_only,State only,0.18636676367872385,0.6031974861007531
RAFa4,unselected,state_only,State only,0.19464912962774195,0.6012612703964673
RAFa4,unselected,state_only,State only,0.20293149557676005,0.5991698855332241
RAFa4,unselected,state_only,State only,0.21121386152577815,0.5969195361027062
RAFa4,unselected,state_only,State only,0.2194962274747958,0.594506792426117
RAFa4,unselected,state_only,State only,0.2277785934238139,0.5919287045492937
RAFa4,unselected,state_only,State only,0.236060959372832,0.5891829369392387
RAFa4,unselected,state_only,State only,0.2443433253218501,0.5862679205388869
RAFa4,unselected,state_only,State only,0.2526256912708682,0.5831830173325192
RAFa4,unselected,state_only,State only,0.26090805721988586,0.5799286912378155
RAFa4,unselected,state_only,State only,0.26919042316890396,0.5765066780607855
RAFa4,unselected,state_only,State only,0.27747278911792206,0.5729201465026897
RAFa4,unselected,state_only,State only,0.28575515506694016,0.5691738418482797
RAFa4,unselected,state_only,State only,0.29403752101595826,0.565274204025431
RAFa4,unselected,state_only,State only,0.30231988696497636,0.5612294522137607
RAFa4,unselected,state_only,State only,0.310602252913994,0.5570496290762345
RAFa4,unselected,state_only,State only,0.3188846188630121,0.5527465989509764
RAFa4,unselected,state_only,State only,0.3271669848120302,0.5483339959081166
RAFa4,unselected,state_only,State only,0.3354493507610483,0.5438271193716969
RAFa4,unselected,state_only,State only,0.3437317167100664,0.5392427769415358
RAFa4,unselected,state_only,State only,0.35201408265908407,0.5345990760334283
RAFa4,unselected,state_only,State only,0.36029644860810217,0.529915167898378
RAFa4,unselected,state_only,State only,0.36857881455712027,0.5252109493987938
RAFa4,unselected,state_only,State only,0.37686118050613837,0.5205067295393689
RAFa4,unselected,state_only,State only,0.38514354645515647,0.5158228691120147
RAFa4,unselected,state_only,State only,0.39342591240417457,0.5111794028727961
RAFa4,unselected,state_only,State only,0.4017082783531922,0.5065956543936969
RAFa4,unselected,state_only,State only,0.4099906443022103,0.5020898541071684
RAFa4,unselected,state_only,State only,0.4182730102512284,0.49767877108389186
RAFa4,unselected,state_only,State only,0.4265553762002465,0.49337736876239746
RAFa4,unselected,state_only,State only,0.43483774214926463,0.4891984942015617
RAFa4,unselected,state_only,State only,0.44312010809828273,0.4851526094795003
RAFa4,unselected,state_only,State only,0.4514024740473004,0.4812475726490386
RAFa4,unselected,state_only,State only,0.4596848399963185,0.4774884742189106
RAFa4,unselected,state_only,State only,0.4679672059453366,0.4738775335069271
RAFa4,unselected,state_only,State only,0.4762495718943547,0.47041405745496306
RAFa4,unselected,state_only,State only,0.4845319378433728,0.4670944626606944
RAFa4,unselected,state_only,State only,0.49281430379239044,0.4639123595248524
RAFa4,unselected,state_only,State only,0.5010966697414085,0.46085869559665005
RAFa4,unselected,state_only,State only,0.5093790356904266,0.45792195348599457
RAFa4,unselected,state_only,State only,0.5176614016394447,0.455088397160767
RAFa4,unselected,state_only,State only,0.5259437675884628,0.4523423591191912
RAFa4,unselected,state_only,State only,0.5342261335374809,0.4496665598732749
RAFa4,unselected,state_only,State only,0.5425084994864986,0.44704245044224294
RAFa4,unselected,state_only,State only,0.5507908654355167,0.44445056816540035
RAFa4,unselected,state_only,State only,0.5590732313845348,0.4418708961177016
RAFa4,unselected,state_only,State only,0.5673555973335529,0.4392832167474803
RAFa4,unselected,state_only,State only,0.575637963282571,0.4366674510359637
RAFa4,unselected,state_only,State only,0.5839203292315887,0.4340039754668364
RAFa4,unselected,state_only,State only,0.5922026951806068,0.4312739103399007
RAFa4,unselected,state_only,State only,0.6004850611296249,0.4284593744015149
RAFa4,unselected,state_only,State only,0.608767427078643,0.42554370232219
RAFa4,unselected,state_only,State only,0.617049793027661,0.4225116231497187
RAFa4,unselected,state_only,State only,0.6253321589766792,0.4193493994250861
RAFa4,unselected,state_only,State only,0.6336145249256968,0.41604492809355237
RAFa4,unselected,state_only,State only,0.6418968908747149,0.4125878056086652
RAFa4,unselected,state_only,State only,0.650179256823733,0.4089693606595631
RAFa4,unselected,state_only,State only,0.6584616227727511,0.40518265871403514
RAFa4,unselected,state_only,State only,0.6667439887217692,0.4012224830413834
RAFa4,unselected,state_only,State only,0.6750263546707869,0.39708529705808454
RAFa4,unselected,state_only,State only,0.683308720619805,0.392769192740261
RAFa4,unselected,state_only,State only,0.6915910865688231,0.3882738295010019
RAFa4,unselected,state_only,State only,0.6998734525178412,0.38360036738034714
RAFa4,unselected,state_only,State only,0.7081558184668593,0.37875139769389266
RAFa4,unselected,state_only,State only,0.7164381844158774,0.37373087348972045
RAFa4,unselected,state_only,State only,0.724720550364895,0.36854404133164886
RAFa4,unselected,state_only,State only,0.7330029163139131,0.3631973751151151
RAFa4,unselected,state_only,State only,0.7412852822629312,0.3576985118802252
RAFa4,unselected,state_only,State only,0.7495676482119493,0.35205618895468554
RAFa4,unselected,state_only,State only,0.7578500141609674,0.34628018126700666
RAFa4,unselected,state_only,State only,0.7661323801099851,0.340381237334376
RAFa4,unselected,state_only,State only,0.7744147460590032,0.33437101225505517
RAFa4,unselected,state_only,State only,0.7826971120080213,0.3282619960153605
RAFa4,unselected,state_only,State only,0.7909794779570394,0.3220674355403312
RAFa4,unselected,state_only,State only,0.7992618439060575,0.31580124915154195
RAFa4,unselected,state_only,State only,0.8075442098550756,0.30947793241731747
RAFa4,unselected,state_only,State only,0.8158265758040932,0.3031124547602655
RAFa4,unselected,state_only,State only,0.8241089417531113,0.29672014659614165
RAFa4,unselected,state_only,State only,0.8323913077021294,0.29031657719165443
RAFa4,unselected,state_only,State only,0.8406736736511475,0.28391742382723795
RAFa4,unselected,state_only,State only,0.8489560396001656,0.277538333221007
RAFa4,unselected,state_only,State only,0.8572384055491837,0.27119477650499474
RAFa4,unselected,state_only,State only,0.8655207714982014,0.264901899343733
RAFa4,unselected,state_only,State only,0.8738031374472195,0.2586743690516955
RAFa4,unselected,state_only,State only,0.8820855033962376,0.25252622080636083
RAFa4,unselected,state_only,State only,0.8903678693452557,0.2464707052739761
RAFa4,unselected,state_only,State only,0.8986502352942738,0.24052014017010026
RAFa4,unselected,state_only,State only,0.9069326012432914,0.23468576846713388
RAFa4,unselected,state_only,State only,0.9152149671923095,0.2289776261313311
RAFa4,unselected,state_only,State only,0.9234973331413276,0.22340442241128333
RAFa4,unselected,state_only,State only,0.9317796990903457,0.21797343579153125
RAFa4,unselected,state_only,State only,0.9400620650393638,0.21269042874719124
RAFa4,unselected,state_only,State only,0.948344430988382,0.20755958436378213
RAFa4,unselected,state_only,State only,0.9566267969373996,0.2025834676964436
RAFa4,unselected,state_only,State only,0.9649091628864177,0.19776301441305894
RAFa4,unselected,state_only,State only,0.9731915288354358,0.19309754878139568
RAFa4,unselected,state_only,State only,0.9814738947844539,0.18858483241556903
RAFa4,unselected,state_only,State only,0.989756260733472,0.18422114439757595
RAFa4,unselected,state_only,State only,0.9980386266824897,0.1800013924542012
RAFa4,unselected,state_only,State only,1.0063209926315078,0.17591925383019674
RAFa4,unselected,state_only,State only,1.0146033585805259,0.17196734339943448
RAFa4,unselected,state_only,State only,1.022885724529544,0.16813740545100458
RAFa4,unselected,state_only,State only,1.031168090478562,0.16442052453771136
RAFa4,unselected,state_only,State only,1.0394504564275802,0.1608073498436895
RAFa4,unselected,state_only,State only,1.0477328223765978,0.15728832677695026
RAFa4,unselected,state_only,State only,1.056015188325616,0.15385392897613745
RAFa4,unselected,state_only,State only,1.064297554274634,0.15049488368164105
RAFa4,unselected,state_only,State only,1.0725799202236521,0.14720238348750264
RAFa4,unselected,state_only,State only,1.0808622861726702,0.14396827787277805
RAFa4,unselected,state_only,State only,1.0891446521216879,0.14078523860055117
RAFa4,unselected,state_only,State only,1.097427018070706,0.13764689404205616
RAFa4,unselected,state_only,State only,1.105709384019724,0.13454792868751425
RAFa4,unselected,state_only,State only,1.1139917499687422,0.13148414548449433
RAFa4,unselected,state_only,State only,1.1222741159177603,0.12845249012860266
RAFa4,unselected,state_only,State only,1.1305564818667784,0.12545103794339474
RAFa4,unselected,state_only,State only,1.138838847815796,0.12247894544875351
RAFa4,unselected,state_only,State only,1.1471212137648141,0.11953637005569222
RAFa4,unselected,state_only,State only,1.1554035797138322,0.11662436247493689
RAFa4,unselected,state_only,State only,1.1636859456628503,0.11374473733343327
RAFa4,unselected,state_only,State only,1.1719683116118684,0.1108999281189833
RAFa4,unselected,state_only,State only,1.1802506775608865,0.10809283289726972
RAFa4,unselected,state_only,State only,1.1885330435099042,0.10532665726387509
RAFa4,unselected,state_only,State only,1.1968154094589223,0.10260476071957375
RAFa4,unselected,state_only,State only,1.2050977754079404,0.09993051211838434
RAFa4,unselected,state_only,State only,1.2133801413569585,0.09730715907537382
RAFa4,unselected,state_only,State only,1.2216625073059766,0.09473771528515561
RAFa4,unselected,state_only,State only,1.2299448732549942,0.09222486864841048
RAFa4,unselected,state_only,State only,1.2382272392040123,0.08977091199082302
RAFa4,unselected,state_only,State only,1.2465096051530304,0.08737769704364015
RAFa4,unselected,state_only,State only,1.2547919711020485,0.08504661129043187
RAFa4,unselected,state_only,State only,1.2630743370510666,0.08277857631673606
RAFa4,unselected,state_only,State only,1.2713567030000847,0.08057406546565174
RAFa4,unselected,state_only,State only,1.2796390689491024,0.07843313793108109
RAFa4,unselected,state_only,State only,1.2879214348981205,0.07635548592898163
RAFa4,unselected,state_only,State only,1.2962038008471386,0.0743404912835999
RAFa4,unselected,state_only,State only,1.3044861667961567,0.07238728764879042
RAFa4,unselected,state_only,State only,1.3127685327451748,0.07049482464468443
RAFa4,unselected,state_only,State only,1.3210508986941925,0.06866193041081319
RAFa4,unselected,state_only,State only,1.3293332646432106,0.06688736943663365
RAFa4,unselected,state_only,State only,1.3376156305922287,0.06516989300385294
RAFa4,unselected,state_only,State only,1.3458979965412468,0.06350828013411784
RAFa4,unselected,state_only,State only,1.3541803624902649,0.061901367551706755
RAFa4,unselected,state_only,State only,1.362462728439283,0.06034806781495745
RAFa4,unselected,state_only,State only,1.3707450943883006,0.058847375414491955
RAFa4,unselected,state_only,State only,1.3790274603373187,0.05739836125474124
RAFa4,unselected,state_only,State only,1.3873098262863368,0.056000156504129164
RAFa4,unselected,state_only,State only,1.395592192235355,0.05465192729764668
RAFa4,unselected,state_only,State only,1.403874558184373,0.053352842185850326
RAFa4,unselected,state_only,State only,1.4121569241333907,0.05210203453258124
RAFa4,unselected,state_only,State only,1.4204392900824088,0.05089856225994933
RAFa4,unselected,state_only,State only,1.4287216560314269,0.049741367417688705
RAFa4,unselected,state_only,State only,1.437004021980445,0.048629238013731674
RAFa4,unselected,state_only,State only,1.445286387929463,0.04756077438742973
RAFa4,unselected,state_only,State only,1.4535687538784812,0.04653436214470884
RAFa4,unselected,state_only,State only,1.4618511198274988,0.04554815331877167
RAFa4,unselected,state_only,State only,1.470133485776517,0.044600056988331
RAFa4,unselected,state_only,State only,1.478415851725535,0.0436877400991875
RAFa4,unselected,state_only,State only,1.4866982176745531,0.04280863871866787
RAFa4,unselected,state_only,State only,1.4949805836235712,0.041959979432331124
RAFa4,unselected,state_only,State only,1.5032629495725893,0.04113881009532769
RAFa4,unselected,state_only,State only,1.511545315521607,0.04034203870287721
RAFa4,unselected,state_only,State only,1.519827681470625,0.03956647876908089
RAFa4,unselected,state_only,State only,1.5281100474196432,0.03880889932037896
RAFa4,unselected,state_only,State only,1.5363924133686613,0.03806607743378053
RAFa4,unselected,state_only,State only,1.5446747793176794,0.03733485118865291
RAFa4,unselected,state_only,State only,1.552957145266697,0.03661217095550604
RAFa4,unselected,state_only,State only,1.5612395112157151,0.03589514710985801
RAFa4,unselected,state_only,State only,1.5695218771647332,0.03518109252111989
RAFa4,unselected,state_only,State only,1.5778042431137513,0.03446755850671381
RAFa4,unselected,state_only,State only,1.5860866090627694,0.03375236333685485
RAFa4,unselected,state_only,State only,1.5943689750117875,0.03303361279909121
RAFa4,unselected,state_only,State only,1.6026513409608052,0.032309712756173295
RAFa4,unselected,state_only,State only,1.6109337069098233,0.03157937402936397
RAFa4,unselected,state_only,State only,1.6192160728588414,0.030841610287917872
RAFa4,unselected,state_only,State only,1.6274984388078595,0.03009572990464751
RAFa4,unselected,state_only,State only,1.6357808047568776,0.02934132293348093
RAFa4,unselected,state_only,State only,1.6440631707058952,0.028578244470502952
RAFa4,unselected,state_only,State only,1.6523455366549133,0.02780659567478151
RAFa4,unselected,state_only,State only,1.6606279026039314,0.02702670365544995
RAFa4,unselected,state_only,State only,1.6689102685529495,0.026239101288896234
RAFa4,unselected,state_only,State only,1.6771926345019676,0.025444507830805114
RAFa4,unselected,state_only,State only,1.6854750004509857,0.024643810951424604
RAFa4,unselected,state_only,State only,1.6937573664000034,0.023838050569213905
RAFa4,unselected,state_only,State only,1.7020397323490215,0.023028404607915182
RAFa4,unselected,state_only,State only,1.7103220982980396,0.022216176573009106
RAFa4,unselected,state_only,State only,1.7186044642470577,0.021402784650130173
RAFa4,unselected,state_only,State only,1.7268868301960758,0.020589751880878783
RAFa4,unselected,state_only,State only,1.7351691961450935,0.019778696876555413
RAFa4,unselected,state_only,State only,1.7434515620941116,0.018971324489102544
RAFa4,unselected,state_only,State only,1.7517339280431297,0.01816941586825658
RAFa4,unselected,state_only,State only,1.7600162939921478,0.017374817388460424
RAFa4,unselected,state_only,State only,1.7682986599411659,0.016589428019863857
RAFa4,unselected,state_only,State only,1.776581025890184,0.015815184834722263
RAFa4,unselected,state_only,State only,1.7848633918392016,0.015054046473290705
RAFa4,unselected,state_only,State only,1.7931457577882197,0.014307974532037672
RAFa4,unselected,state_only,State only,1.8014281237372378,0.013578912973076833
RAFa4,unselected,state_only,State only,1.809710489686256,0.012868765780283495
RAFa4,unselected,state_only,State only,1.817992855635274,0.012179373199729455
RAFa4,unselected,state_only,State only,1.8262752215842921,0.011512486996839258
RAFa4,unselected,state_only,State only,1.8345575875333102,0.010869745238701429
RAFa4,unselected,state_delay,State + delay,-1.8842247235757812,0.00625308717775092
RAFa4,unselected,state_delay,State + delay,-1.875942357626763,0.00658698016118035
RAFa4,unselected,state_delay,State + delay,-1.8676599916777452,0.006937705733967932
RAFa4,unselected,state_delay,State + delay,-1.8593776257287271,0.007305025930400572
RAFa4,unselected,state_delay,State + delay,-1.851095259779709,0.007688493152503375
RAFa4,unselected,state_delay,State + delay,-1.8428128938306911,0.008087433723861004
RAFa4,unselected,state_delay,State + delay,-1.834530527881673,0.008500936358447468
RAFa4,unselected,state_delay,State + delay,-1.826248161932655,0.008927846271833122
RAFa4,unselected,state_delay,State + delay,-1.817965795983637,0.009366765535169455
RAFa4,unselected,state_delay,State + delay,-1.809683430034619,0.009816060145157478
RAFa4,unselected,state_delay,State + delay,-1.801401064085601,0.010273874156654147
RAFa4,unselected,state_delay,State + delay,-1.793118698136583,0.010738151096471357
RAFa4,unselected,state_delay,State + delay,-1.7848363321875649,0.011206662742500746
RAFa4,unselected,state_delay,State + delay,-1.776553966238547,0.01167704520509266
RAFa4,unselected,state_delay,State + delay,-1.768271600289529,0.012146842080667526
RAFa4,unselected,state_delay,State + delay,-1.7599892343405108,0.012613554254795089
RAFa4,unselected,state_delay,State + delay,-1.751706868391493,0.013074695709752638
RAFa4,unselected,state_delay,State + delay,-1.7434245024424748,0.013527854439872082
RAFa4,unselected,state_delay,State + delay,-1.7351421364934567,0.013970757301559859
RAFa4,unselected,state_delay,State + delay,-1.7268597705444388,0.014401337333816173
RAFa4,unselected,state_delay,State + delay,-1.7185774045954207,0.014817801794875362
RAFa4,unselected,state_delay,State + delay,-1.7102950386464029,0.015218698891516983
RAFa4,unselected,state_delay,State + delay,-1.7020126726973848,0.015602980953487134
RAFa4,unselected,state_delay,State + delay,-1.6937303067483667,0.015970061651893647
RAFa4,unselected,state_delay,State + delay,-1.6854479407993488,0.016319864802415072
RAFa4,unselected,state_delay,State + delay,-1.6771655748503307,0.01665286235363481
RAFa4,unselected,state_delay,State + delay,-1.6688832089013126,0.016970099354051266
RAFa4,unselected,state_delay,State + delay,-1.6606008429522947,0.017273204026615308
RAFa4,unselected,state_delay,State + delay,-1.6523184770032766,0.017564381555450904
RAFa4,unselected,state_delay,State + delay,-1.6440361110542585,0.017846390793233347
RAFa4,unselected,state_delay,State + delay,-1.6357537451052406,0.01812250380586953
RAFa4,unselected,state_delay,State + delay,-1.6274713791562225,0.018396448949634513
RAFa4,unselected,state_delay,State + delay,-1.6191890132072047,0.018672338982182884
RAFa4,unselected,state_delay,State + delay,-1.6109066472581866,0.01895458649444454
RAFa4,unselected,state_delay,State + delay,-1.6026242813091685,0.019247809664475854
RAFa4,unselected,state_delay,State + delay,-1.5943419153601504,0.019556731927456265
RAFa4,unselected,state_delay,State + delay,-1.5860595494111325,0.01988607958419053
RAFa4,unselected,state_delay,State + delay,-1.5777771834621144,0.020240481598829716
RAFa4,unselected,state_delay,State + delay,-1.5694948175130965,0.020624375842405562
RAFa4,unselected,state_delay,State + delay,-1.5612124515640784,0.021041925813975553
RAFa4,unselected,state_delay,State + delay,-1.5529300856150603,0.021496951422956784
RAFa4,unselected,state_delay,State + delay,-1.5446477196660424,0.021992876767139458
RAFa4,unselected,state_delay,State + delay,-1.5363653537170243,0.0225326970272567
RAFa4,unselected,state_delay,State + delay,-1.5280829877680064,0.02311896566839701
RAFa4,unselected,state_delay,State + delay,-1.5198006218189883,0.023753802146158146
RAFa4,unselected,state_delay,State + delay,-1.5115182558699702,0.024438919319955482
RAFa4,unselected,state_delay,State + delay,-1.5032358899209521,0.025175668835120815
RAFa4,unselected,state_delay,State + delay,-1.4949535239719343,0.025965101902076484
RAFa4,unselected,state_delay,State + delay,-1.4866711580229162,0.026808042218859036
RAFa4,unselected,state_delay,State + delay,-1.4783887920738983,0.027705167284869162
RAFa4,unselected,state_delay,State + delay,-1.4701064261248802,0.028657094057782738
RAFa4,unselected,state_delay,State + delay,-1.461824060175862,0.029664464816877675
RAFa4,unselected,state_delay,State + delay,-1.4535416942268442,0.03072802920599942
RAFa4,unselected,state_delay,State + delay,-1.445259328277826,0.03184871871761845
RAFa4,unselected,state_delay,State + delay,-1.4369769623288082,0.03302771031630829
RAFa4,unselected,state_delay,State + delay,-1.4286945963797901,0.03426647644981582
RAFa4,unselected,state_delay,State + delay,-1.420412230430772,0.03556681932027018
RAFa4,unselected,state_delay,State + delay,-1.412129864481754,0.03693088794923072
RAFa4,unselected,state_delay,State + delay,-1.403847498532736,0.038361177233956656
RAFa4,unselected,state_delay,State + delay,-1.395565132583718,0.03986050883016095
RAFa4,unselected,state_delay,State + delay,-1.3872827666347,0.041431994287601685
RAFa4,unselected,state_delay,State + delay,-1.379000400685682,0.04307898139617404
RAFa4,unselected,state_delay,State + delay,-1.3707180347366639,0.04480498516634642
RAFa4,unselected,state_delay,State + delay,-1.3624356687876458,0.04661360527010071
RAFa4,unselected,state_delay,State + delay,-1.354153302838628,0.04850843211299374
RAFa4,unselected,state_delay,State + delay,-1.34587093688961,0.050492944003279805
RAFa4,unselected,state_delay,State + delay,-1.337588570940592,0.052570398139167064
RAFa4,unselected,state_delay,State + delay,-1.3293062049915738,0.054743718357261294
RAFa4,unselected,state_delay,State + delay,-1.3210238390425557,0.0570153827772637
RAFa4,unselected,state_delay,State + delay,-1.3127414730935378,0.0593873146379724
RAFa4,unselected,state_delay,State + delay,-1.3044591071445197,0.06186077973975556
RAFa4,unselected,state_delay,State + delay,-1.2961767411955019,0.06443629397535684
RAFa4,unselected,state_delay,State + delay,-1.2878943752464838,0.0671135444259341
RAFa4,unselected,state_delay,State + delay,-1.2796120092974657,0.06989132740141908
RAFa4,unselected,state_delay,State + delay,-1.2713296433484476,0.07276750659179028
RAFa4,unselected,state_delay,State + delay,-1.2630472773994297,0.07573899414896562
RAFa4,unselected,state_delay,State + delay,-1.2547649114504118,0.07880175702306837
RAFa4,unselected,state_delay,State + delay,-1.2464825455013937,0.08195085022491838
RAFa4,unselected,state_delay,State + delay,-1.2382001795523756,0.0851804778821462
RAFa4,unselected,state_delay,State + delay,-1.2299178136033575,0.08848408201448235
RAFa4,unselected,state_delay,State + delay,-1.2216354476543396,0.09185445790263438
RAFa4,unselected,state_delay,State + delay,-1.2133530817053215,0.09528389380509728
RAFa4,unselected,state_delay,State + delay,-1.2050707157563036,0.09876433163988835
RAFa4,unselected,state_delay,State + delay,-1.1967883498072855,0.1022875441536859
RAFa4,unselected,state_delay,State + delay,-1.1885059838582674,0.10584532311445066
RAFa4,unselected,state_delay,State + delay,-1.1802236179092493,0.1094296722514009
RAFa4,unselected,state_delay,State + delay,-1.1719412519602315,0.11303299809024273
RAFa4,unselected,state_delay,State + delay,-1.1636588860112136,0.11664829154504287
RAFa4,unselected,state_delay,State + delay,-1.1553765200621955,0.12026929317072275
RAFa4,unselected,state_delay,State + delay,-1.1470941541131774,0.12389063537394898
RAFa4,unselected,state_delay,State + delay,-1.1388117881641593,0.12750795562693348
RAFa4,unselected,state_delay,State + delay,-1.1305294222151412,0.1311179758078786
RAFa4,unselected,state_delay,State + delay,-1.1222470562661233,0.13471854416104773
RAFa4,unselected,state_delay,State + delay,-1.1139646903171054,0.13830863796557036
RAFa4,unselected,state_delay,State + delay,-1.1056823243680873,0.14188832674463067
RAFa4,unselected,state_delay,State + delay,-1.0973999584190692,0.14545869764237526
RAFa4,unselected,state_delay,State + delay,-1.0891175924700511,0.14902174634427712
RAFa4,unselected,state_delay,State + delay,-1.0808352265210333,0.1525802385169718
RAFa4,unselected,state_delay,State + delay,-1.0725528605720152,0.15613754810091116
RAFa4,unselected,state_delay,State + delay,-1.0642704946229973,0.1596974798216605
RAFa4,unselected,state_delay,State + delay,-1.0559881286739792,0.16326408392994368
RAFa4,unselected,state_delay,State + delay,-1.047705762724961,0.16684147139657102
RAFa4,unselected,state_delay,State + delay,-1.039423396775943,0.17043363756266075
RAFa4,unselected,state_delay,State + delay,-1.031141030826925,0.1740443015922096
RAFa4,unselected,state_delay,State + delay,-1.0228586648779072,0.17767676803456028
RAFa4,unselected,state_delay,State + delay,-1.0145762989288891,0.181333815444449
RAFa4,unselected,state_delay,State + delay,-1.006293932979871,0.1850176154133557
RAFa4,unselected,state_delay,State + delay,-0.998011567030853,0.18872968363824033
RAFa4,unselected,state_delay,State + delay,-0.989729201081835,0.19247086290043539
RAFa4,unselected,state_delay,State + delay,-0.9814468351328169,0.1962413361564383
RAFa4,unselected,state_delay,State + delay,-0.973164469183799,0.20004066645401725
RAFa4,unselected,state_delay,State + delay,-0.964882103234781,0.20386785916761668
RAFa4,unselected,state_delay,State + delay,-0.9565997372857629,0.20772144116231983
RAFa4,unselected,state_delay,State + delay,-0.9483173713367449,0.2115995509871919
RAFa4,unselected,state_delay,State + delay,-0.9400350053877269,0.21550003408125912
RAFa4,unselected,state_delay,State + delay,-0.9317526394387089,0.21942053723618665
RAFa4,unselected,state_delay,State + delay,-0.9234702734896908,0.2233585971609386
RAFa4,unselected,state_delay,State + delay,-0.9151879075406728,0.22731171887555138
RAFa4,unselected,state_delay,State + delay,-0.9069055415916548,0.23127744074723205
RAFa4,unselected,state_delay,State + delay,-0.8986231756426368,0.23525338418585842
RAFa4,unselected,state_delay,State + delay,-0.8903408096936187,0.23923728724775867
RAFa4,unselected,state_delay,State + delay,-0.8820584437446006,0.24322702257053652
RAFa4,unselected,state_delay,State + delay,-0.8737760777955828,0.24722060110201582
RAFa4,unselected,state_delay,State + delay,-0.8654937118465647,0.2512161639330177
RAFa4,unselected,state_delay,State + delay,-0.8572113458975468,0.25521196515585803
RAFa4,unselected,state_delay,State + delay,-0.8489289799485287,0.2592063490287974
RAFa4,unselected,state_delay,State + delay,-0.8406466139995106,0.26319772483285614
RAFa4,unselected,state_delay,State + delay,-0.8323642480504927,0.26718454268253283
RAFa4,unselected,state_delay,State + delay,-0.8240818821014746,0.27116527323286405
RAFa4,unselected,state_delay,State + delay,-0.8157995161524565,0.27513839375968224
RAFa4,unselected,state_delay,State + delay,-0.8075171502034386,0.2791023825308475
RAFa4,unselected,state_delay,State + delay,-0.7992347842544205,0.2830557227865854
RAFa4,unselected,state_delay,State + delay,-0.7909524183054024,0.2869969170537905
RAFa4,unselected,state_delay,State + delay,-0.7826700523563845,0.29092451196984515
RAFa4,unselected,state_delay,State + delay,-0.7743876864073664,0.2948371333103974
RAFa4,unselected,state_delay,State + delay,-0.7661053204583486,0.29873353051372586
RAFa4,unselected,state_delay,State + delay,-0.7578229545093305,0.3026126296690453
RAFa4,unselected,state_delay,State + delay,-0.7495405885603124,0.30647359367373694
RAFa4,unselected,state_delay,State + delay,-0.7412582226112945,0.3103158880442687
RAFa4,unselected,state_delay,State + delay,-0.7329758566622764,0.3141393506633986
RAFa4,unselected,state_delay,State + delay,-0.7246934907132583,0.31794426354013255
RAFa4,unselected,state_delay,State + delay,-0.7164111247642404,0.32173142443346137
RAFa4,unselected,state_delay,State + delay,-0.7081287588152223,0.3255022159404225
RAFa4,unselected,state_delay,State + delay,-0.6998463928662042,0.32925866938062687
RAFa4,unselected,state_delay,State + delay,-0.6915640269171863,0.3330035205429683
RAFa4,unselected,state_delay,State + delay,-0.6832816609681682,0.33674025412742825
RAFa4,unselected,state_delay,State + delay,-0.6749992950191501,0.340473133556074
RAFa4,unselected,state_delay,State + delay,-0.6667169290701322,0.3442072127870942
RAFa4,unselected,state_delay,State + delay,-0.6584345631211141,0.34794832688739685
RAFa4,unselected,state_delay,State + delay,-0.6501521971720963,0.35170305843867417
RAFa4,unselected,state_delay,State + delay,-0.6418698312230782,0.3554786773927851
RAFa4,unselected,state_delay,State + delay,-0.6335874652740601,0.35928305276017675
RAFa4,unselected,state_delay,State + delay,-0.6253050993250422,0.36312453549647916
RAFa4,unselected,state_delay,State + delay,-0.6170227333760241,0.3670118131112656
RAFa4,unselected,state_delay,State + delay,-0.608740367427006,0.3709537378046001
RAFa4,unselected,state_delay,State + delay,-0.6004580014779881,0.3749591312698035
RAFa4,unselected,state_delay,State + delay,-0.59217563552897,0.3790365706025322
RAFa4,unselected,state_delay,State + delay,-0.5838932695799519,0.3831941609407405
RAFa4,unselected,state_delay,State + delay,-0.575610903630934,0.3874393014449176
RAFa4,unselected,state_delay,State + delay,-0.5673285376819159,0.39177845194203437
RAFa4,unselected,state_delay,State + delay,-0.5590461717328981,0.3962169079463746
RAFa4,unselected,state_delay,State + delay,-0.55076380578388,0.4007585918057273
RAFa4,unselected,state_delay,State + delay,-0.5424814398348619,0.4054058673970943
RAFa4,unselected,state_delay,State + delay,-0.534199073885844,0.4101593851335537
RAFa4,unselected,state_delay,State + delay,-0.5259167079368259,0.4150179630875853
RAFa4,unselected,state_delay,State + delay,-0.5176343419878078,0.41997850884974525
RAFa4,unselected,state_delay,State + delay,-0.5093519760387899,0.42503598540086135
RAFa4,unselected,state_delay,State + delay,-0.5010696100897718,0.43018342286179595
RAFa4,unselected,state_delay,State + delay,-0.4927872441407537,0.43541197657481717
RAFa4,unselected,state_delay,State + delay,-0.4845048781917358,0.44071103063272116
RAFa4,unselected,state_delay,State + delay,-0.4762225122427177,0.44606834475793244
RAFa4,unselected,state_delay,State + delay,-0.4679401462936996,0.4514702413768916
RAFa4,unselected,state_delay,State + delay,-0.45965778034468174,0.45690182884853003
RAFa4,unselected,state_delay,State + delay,-0.45137541439566364,0.4623472560840607
RAFa4,unselected,state_delay,State + delay,-0.44309304844664577,0.46778999321995496
RAFa4,unselected,state_delay,State + delay,-0.43481068249762767,0.4732131325488621
RAFa4,unselected,state_delay,State + delay,-0.42652831654860957,0.47859970354504644
RAFa4,unselected,state_delay,State + delay,-0.4182459505995917,0.4839329955171866
RAFa4,unselected,state_delay,State + delay,-0.4099635846505736,0.48919688116748494
RAFa4,unselected,state_delay,State + delay,-0.4016812187015555,0.49437613413214093
RAFa4,unselected,state_delay,State + delay,-0.3933988527525376,0.4994567334391575
RAFa4,unselected,state_delay,State + delay,-0.3851164868035195,0.5044261477744487
RAFa4,unselected,state_delay,State + delay,-0.3768341208545014,0.5092735925357205
RAFa4,unselected,state_delay,State + delay,-0.36855175490548353,0.513990252918331
RAFa4,unselected,state_delay,State + delay,-0.36026938895646543,0.5185694667591314
RAFa4,unselected,state_delay,State + delay,-0.35198702300744733,0.5230068615915945
RAFa4,unselected,state_delay,State + delay,-0.34370465705842945,0.5273004413510963
RAFa4,unselected,state_delay,State + delay,-0.33542229110941135,0.5314506194016071
RAFa4,unselected,state_delay,State + delay,-0.3271399251603935,0.5354601960003567
RAFa4,unselected,state_delay,State + delay,-0.3188575592113754,0.5393342799153653
RAFa4,unselected,state_delay,State + delay,-0.3105751932623573,0.5430801555848781
RAFa4,unselected,state_delay,State + delay,-0.3022928273133394,0.5467070988658266
RAFa4,unselected,state_delay,State + delay,-0.2940104613643213,0.5502261459658169
RAFa4,unselected,state_delay,State + delay,-0.2857280954153032,0.5536498215004544
RAFa4,unselected,state_delay,State + delay,-0.2774457294662853,0.5569918326914435
RAFa4,unselected,state_delay,State + delay,-0.2691633635172672,0.560266737470377
RAFa4,unselected,state_delay,State + delay,-0.2608809975682491,0.5634895946573769
RAFa4,unselected,state_delay,State + delay,-0.25259863161923124,0.5666756044518816
RAFa4,unselected,state_delay,State + delay,-0.24431626567021314,0.5698397472446166
RAFa4,unselected,state_delay,State + delay,-0.23603389972119526,0.5729964282976218
RAFa4,unselected,state_delay,State + delay,-0.22775153377217716,0.5761591352228758
RAFa4,unselected,state_delay,State + delay,-0.21946916782315906,0.5793401145040785
RAFa4,unselected,state_delay,State + delay,-0.21118680187414118,0.5825500726297709
RAFa4,unselected,state_delay,State + delay,-0.20290443592512308,0.5857979068029668
RAFa4,unselected,state_delay,State + delay,-0.19462206997610498,0.5890904697014012
RAFa4,unselected,state_delay,State + delay,-0.1863397040270871,0.5924323723924352
RAFa4,unselected,state_delay,State + delay,-0.178057338078069,0.595825829234977
RAFa4,unselected,state_delay,State + delay,-0.1697749721290509,0.5992705483751655
RAFa4,unselected,state_delay,State + delay,-0.16149260618003303,0.6027636711895423
RAFa4,unselected,state_delay,State + delay,-0.15321024023101493,0.6062997636606572
RAFa4,unselected,state_delay,State + delay,-0.14492787428199683,0.6098708620987977
RAFa4,unselected,state_delay,State + delay,-0.13664550833297895,0.6134665747742349
RAFa4,unselected,state_delay,State + delay,-0.12836314238396085,0.6170742398464921
RAFa4,unselected,state_delay,State + delay,-0.12008077643494297,0.6206791384557161
RAFa4,unselected,state_delay,State + delay,-0.11179841048592487,0.624264760003335
RAFa4,unselected,state_delay,State + delay,-0.10351604453690677,0.6278131145659812
RAFa4,unselected,state_delay,State + delay,-0.09523367858788889,0.6313050851721929
RAFa4,unselected,state_delay,State + delay,-0.08695131263887079,0.6347208104748916
RAFa4,unselected,state_delay,State + delay,-0.07866894668985269,0.6380400863459907
RAFa4,unselected,state_delay,State + delay,-0.07038658074083481,0.6412427732841486
RAFa4,unselected,state_delay,State + delay,-0.062104214791816714,0.6443091954354879
RAFa4,unselected,state_delay,State + delay,-0.053821848842798614,0.6472205166267792
RAFa4,unselected,state_delay,State + delay,-0.045539482893780736,0.6499590792068993
RAFa4,unselected,state_delay,State + delay,-0.037257116944762636,0.6525086927359636
RAFa4,unselected,state_delay,State + delay,-0.028974750995744536,0.6548548616395174
RAFa4,unselected,state_delay,State + delay,-0.020692385046726658,0.6569849437782531
RAFa4,unselected,state_delay,State + delay,-0.012410019097708558,0.6588882353274329
RAFa4,unselected,state_delay,State + delay,-0.00412765314869068,0.6605559812150564
RAFa4,unselected,state_delay,State + delay,0.00415471280032742,0.6619813143906279
RAFa4,unselected,state_delay,State + delay,0.01243707874934552,0.6631591311210728
RAFa4,unselected,state_delay,State + delay,0.0207194446983634,0.6640859130650792
RAFa4,unselected,state_delay,State + delay,0.0290018106473815,0.6647595098101844
RAFa4,unselected,state_delay,State + delay,0.0372841765963996,0.6651788976526097
RAFa4,unselected,state_delay,State + delay,0.04556654254541748,0.6653439315017652
RAFa4,unselected,state_delay,State + delay,0.05384890849443558,0.6652551068109013
RAFa4,unselected,state_delay,State + delay,0.06213127444345368,0.6649133473637341
RAFa4,unselected,state_delay,State + delay,0.07041364039247155,0.6643198326539305
RAFa4,unselected,state_delay,State + delay,0.07869600634148965,0.6634758756248941
RAFa4,unselected,state_delay,State + delay,0.08697837229050753,0.662382857898984
RAFa4,unselected,state_delay,State + delay,0.09526073823952563,0.6610422255726884
RAFa4,unselected,state_delay,State + delay,0.10354310418854373,0.6594555444684971
RAFa4,unselected,state_delay,State + delay,0.11182547013756161,0.6576246097002754
RAFa4,unselected,state_delay,State + delay,0.12010783608657993,0.6555516007949097
RAFa4,unselected,state_delay,State + delay,0.1283902020355976,0.6532392706482827
RAFa4,unselected,state_delay,State + delay,0.1366725679846157,0.6506911544546944
RAFa4,unselected,state_delay,State + delay,0.1449549339336338,0.6479117835458131
RAFa4,unselected,state_delay,State + delay,0.1532372998826519,0.6449068888480849
RAFa4,unselected,state_delay,State + delay,0.16151966583167,0.6416835793866695
RAFa4,unselected,state_delay,State + delay,0.16980203178068765,0.6382504828353401
RAFa4,unselected,state_delay,State + delay,0.17808439772970575,0.6346178373901441
RAFa4,unselected,state_delay,State + delay,0.18636676367872385,0.6307975270475114
RAFa4,unselected,state_delay,State + delay,0.19464912962774195,0.6268030554907017
RAFa4,unselected,state_delay,State + delay,0.20293149557676005,0.6226494570266892
RAFa4,unselected,state_delay,State + delay,0.21121386152577815,0.6183531461729006
RAFa4,unselected,state_delay,State + delay,0.2194962274747958,0.6139317104017908
RAFa4,unselected,state_delay,State + delay,0.2277785934238139,0.6094036530753977
RAFa4,unselected,state_delay,State + delay,0.236060959372832,0.6047880956474033
RAFa4,unselected,state_delay,State + delay,0.2443433253218501,0.6001044497224497
RAFa4,unselected,state_delay,State + delay,0.2526256912708682,0.5953720705250191
RAFa4,unselected,state_delay,State + delay,0.26090805721988586,0.5906099037598036
RAFa4,unselected,state_delay,State + delay,0.26919042316890396,0.5858361377818054
RAFa4,unselected,state_delay,State + delay,0.27747278911792206,0.5810678724956756
RAFa4,unselected,state_delay,State + delay,0.28575515506694016,0.5763208155339278
RAFa4,unselected,state_delay,State + delay,0.29403752101595826,0.571609015089919
RAFa4,unselected,state_delay,State + delay,0.30231988696497636,0.5669446373657696
RAFa4,unselected,state_delay,State + delay,0.310602252913994,0.5623377949935808
RAFa4,unselected,state_delay,State + delay,0.3188846188630121,0.5577964310487343
RAFa4,unselected,state_delay,State + delay,0.3271669848120302,0.5533262614382976
RAFa4,unselected,state_delay,State + delay,0.3354493507610483,0.5489307765543401
RAFa4,unselected,state_delay,State + delay,0.3437317167100664,0.544611301168574
RAFa4,unselected,state_delay,State + delay,0.35201408265908407,0.5403671096523781
RAFa4,unselected,state_delay,State + delay,0.36029644860810217,0.5361955917805532
RAFa4,unselected,state_delay,State + delay,0.36857881455712027,0.5320924626715345
RAFa4,unselected,state_delay,State + delay,0.37686118050613837,0.5280520088903105
RAFa4,unselected,state_delay,State + delay,0.38514354645515647,0.5240673614573425
RAFa4,unselected,state_delay,State + delay,0.39342591240417457,0.5201307855324595
RAFa4,unselected,state_delay,State + delay,0.4017082783531922,0.5162339759382215
RAFa4,unselected,state_delay,State + delay,0.4099906443022103,0.512368347504621
RAFa4,unselected,state_delay,State + delay,0.4182730102512284,0.5085253094926624
RAFa4,unselected,state_delay,State + delay,0.4265553762002465,0.5046965141042424
RAFa4,unselected,state_delay,State + delay,0.43483774214926463,0.50087407030067
RAFa4,unselected,state_delay,State + delay,0.44312010809828273,0.49705071579557164
RAFa4,unselected,state_delay,State + delay,0.4514024740473004,0.49321994209552866
RAFa4,unselected,state_delay,State + delay,0.4596848399963185,0.4893760697422164
RAFa4,unselected,state_delay,State + delay,0.4679672059453366,0.4855142733513004
RAFa4,unselected,state_delay,State + delay,0.4762495718943547,0.4816305585168155
RAFa4,unselected,state_delay,State + delay,0.4845319378433728,0.47772169501944584
RAFa4,unselected,state_delay,State + delay,0.49281430379239044,0.4737851129084563
RAFa4,unselected,state_delay,State + delay,0.5010966697414085,0.4698187697960343
RAFa4,unselected,state_delay,State + delay,0.5093790356904266,0.46582099900553237
RAFa4,unselected,state_delay,State + delay,0.5176614016394447,0.4617903489755872
RAFa4,unselected,state_delay,State + delay,0.5259437675884628,0.4577254244976226
RAFa4,unselected,state_delay,State + delay,0.5342261335374809,0.4536247399495078
RAFa4,unselected,state_delay,State + delay,0.5425084994864986,0.449486593715621
RAFa4,unselected,state_delay,State + delay,0.5507908654355167,0.4453089715208435
RAFa4,unselected,state_delay,State + delay,0.5590732313845348,0.44108948455147856
RAFa4,unselected,state_delay,State + delay,0.5673555973335529,0.4368253461104912
RAFa4,unselected,state_delay,State + delay,0.575637963282571,0.43251338829270114
RAFa4,unselected,state_delay,State + delay,0.5839203292315887,0.4281501179054312
RAFa4,unselected,state_delay,State + delay,0.5922026951806068,0.4237318087339123
RAFa4,unselected,state_delay,State + delay,0.6004850611296249,0.41925462537334734
RAFa4,unselected,state_delay,State + delay,0.608767427078643,0.41471477231442677
RAFa4,unselected,state_delay,State + delay,0.617049793027661,0.41010866083924263
RAFa4,unselected,state_delay,State + delay,0.6253321589766792,0.4054330855932846
RAFa4,unselected,state_delay,State + delay,0.6336145249256968,0.40068540244851736
RAFa4,unselected,state_delay,State + delay,0.6418968908747149,0.395863699436274
RAFa4,unselected,state_delay,State + delay,0.650179256823733,0.39096695305914886
RAFa4,unselected,state_delay,State + delay,0.6584616227727511,0.38599516312324006
RAFa4,unselected,state_delay,State + delay,0.6667439887217692,0.3809494602937465
RAFa4,unselected,state_delay,State + delay,0.6750263546707869,0.3758321817936257
RAFa4,unselected,state_delay,State + delay,0.683308720619805,0.3706469119679993
RAFa4,unselected,state_delay,State + delay,0.6915910865688231,0.36539848576724715
RAFa4,unselected,state_delay,State + delay,0.6998734525178412,0.360092954512828
RAFa4,unselected,state_delay,State + delay,0.7081558184668593,0.35473751456902586
RAFa4,unselected,state_delay,State + delay,0.7164381844158774,0.34934040072992084
RAFa4,unselected,state_delay,State + delay,0.724720550364895,0.3439107472321343
RAFa4,unselected,state_delay,State + delay,0.7330029163139131,0.3384584203131892
RAFa4,unselected,state_delay,State + delay,0.7412852822629312,0.3329938271461576
RAFa4,unselected,state_delay,State + delay,0.7495676482119493,0.3275277067839812
RAFa4,unselected,state_delay,State + delay,0.7578500141609674,0.32207090942501915
RAFa4,unselected,state_delay,State + delay,0.7661323801099851,0.3166341708412662
RAFa4,unselected,state_delay,State + delay,0.7744147460590032,0.3112278891618504
RAFa4,unselected,state_delay,State + delay,0.7826971120080213,0.3058619113408834
RAFa4,unselected,state_delay,State + delay,0.7909794779570394,0.30054533652557086
RAFa4,unselected,state_delay,State + delay,0.7992618439060575,0.29528634314629026
RAFa4,unselected,state_delay,State + delay,0.8075442098550756,0.290092045855175
RAFa4,unselected,state_delay,State + delay,0.8158265758040932,0.28496838743942643
RAFa4,unselected,state_delay,State + delay,0.8241089417531113,0.27992006954600485
RAFa4,unselected,state_delay,State + delay,0.8323913077021294,0.27495052451464447
RAFa4,unselected,state_delay,State + delay,0.8406736736511475,0.2700619288881533
RAFa4,unselected,state_delay,State + delay,0.8489560396001656,0.26525525733560695
RAFa4,unselected,state_delay,State + delay,0.8572384055491837,0.2605303738843653
RAFa4,unselected,state_delay,State + delay,0.8655207714982014,0.2558861556192439
RAFa4,unselected,state_delay,State + delay,0.8738031374472195,0.2513206424815195
RAFa4,unselected,state_delay,State + delay,0.8820855033962376,0.24683120558854307
RAFa4,unselected,state_delay,State + delay,0.8903678693452557,0.24241472568221942
RAFa4,unselected,state_delay,State + delay,0.8986502352942738,0.23806777296278145
RAFa4,unselected,state_delay,State + delay,0.9069326012432914,0.2337867797043991
RAFa4,unselected,state_delay,State + delay,0.9152149671923095,0.2295681976790874
RAFa4,unselected,state_delay,State + delay,0.9234973331413276,0.2254086334988696
RAFa4,unselected,state_delay,State + delay,0.9317796990903457,0.22130495645525738
RAFa4,unselected,state_delay,State + delay,0.9400620650393638,0.21725437519478
RAFa4,unselected,state_delay,State + delay,0.948344430988382,0.2132544815051532
RAFa4,unselected,state_delay,State + delay,0.9566267969373996,0.20930326147290995
RAFa4,unselected,state_delay,State + delay,0.9649091628864177,0.20539907618279946
RAFa4,unselected,state_delay,State + delay,0.9731915288354358,0.20154061584262287
RAFa4,unselected,state_delay,State + delay,0.9814738947844539,0.19772683263117702
RAFa4,unselected,state_delay,State + delay,0.989756260733472,0.1939568586018103
RAFa4,unselected,state_delay,State + delay,0.9980386266824897,0.19022991557786803
RAFa4,unselected,state_delay,State + delay,1.0063209926315078,0.18654522412781735
RAFa4,unselected,state_delay,State + delay,1.0146033585805259,0.18290191841655185
RAFa4,unselected,state_delay,State + delay,1.022885724529544,0.17929897303322356
RAFa4,unselected,state_delay,State + delay,1.031168090478562,0.17573514685719493
RAFa4,unselected,state_delay,State + delay,1.0394504564275802,0.1722089477233758
RAFa4,unselected,state_delay,State + delay,1.0477328223765978,0.1687186201791797
RAFa4,unselected,state_delay,State + delay,1.056015188325616,0.16526215708604416
RAFa4,unselected,state_delay,State + delay,1.064297554274634,0.16183733430529268
RAFa4,unselected,state_delay,State + delay,1.0725799202236521,0.15844176631023674
RAFa4,unselected,state_delay,State + delay,1.0808622861726702,0.15507297935991077
RAFa4,unselected,state_delay,State + delay,1.0891446521216879,0.1517284979147652
RAFa4,unselected,state_delay,State + delay,1.097427018070706,0.1484059393119315
RAFa4,unselected,state_delay,State + delay,1.105709384019724,0.14510311136893833
RAFa4,unselected,state_delay,State + delay,1.1139917499687422,0.1418181075520159
RAFa4,unselected,state_delay,State + delay,1.1222741159177603,0.13854939461277901
RAFa4,unselected,state_delay,State + delay,1.1305564818667784,0.1352958881338298
RAFa4,unselected,state_delay,State + delay,1.138838847815796,0.1320570121859977
RAFa4,unselected,state_delay,State + delay,1.1471212137648141,0.12883274023441343
RAFa4,unselected,state_delay,State + delay,1.1554035797138322,0.12562361547857598
RAFa4,unselected,state_delay,State + delay,1.1636859456628503,0.12243074991169726
RAFa4,unselected,state_delay,State + delay,1.1719683116118684,0.11925580247630514
RAFa4,unselected,state_delay,State + delay,1.1802506775608865,0.11610093771937194
RAFa4,unselected,state_delay,State + delay,1.1885330435099042,0.11296876726031994
RAFa4,unselected,state_delay,State + delay,1.1968154094589223,0.10986227713646946
RAFa4,unselected,state_delay,State + delay,1.2050977754079404,0.10678474465017246
RAFa4,unselected,state_delay,State + delay,1.2133801413569585,0.10373964868837676
RAFa4,unselected,state_delay,State + delay,1.2216625073059766,0.1007305776088682
RAFa4,unselected,state_delay,State + delay,1.2299448732549942,0.09776113869019136
RAFa4,unselected,state_delay,State + delay,1.2382272392040123,0.09483487283809892
RAFa4,unselected,state_delay,State + delay,1.2465096051530304,0.0919551777551026
RAFa4,unselected,state_delay,State + delay,1.2547919711020485,0.08912524214538287
RAFa4,unselected,state_delay,State + delay,1.2630743370510666,0.0863479927865536
RAFa4,unselected,state_delay,State + delay,1.2713567030000847,0.08362605549922751
RAFa4,unselected,state_delay,State + delay,1.2796390689491024,0.08096173023391512
RAFa4,unselected,state_delay,State + delay,1.2879214348981205,0.07835697972089362
RAFa4,unselected,state_delay,State + delay,1.2962038008471386,0.07581343043696986
RAFa4,unselected,state_delay,State + delay,1.3044861667961567,0.07333238407187755
RAFa4,unselected,state_delay,State + delay,1.3127685327451748,0.07091483725592385
RAFa4,unselected,state_delay,State + delay,1.3210508986941925,0.06856150705829121
RAFa4,unselected,state_delay,State + delay,1.3293332646432106,0.06627285968933519
RAFa4,unselected,state_delay,State + delay,1.3376156305922287,0.06404913993557193
RAFa4,unselected,state_delay,State + delay,1.3458979965412468,0.06189039910675199
RAFa4,unselected,state_delay,State + delay,1.3541803624902649,0.059796519654694374
RAFa4,unselected,state_delay,State + delay,1.362462728439283,0.057767235099880646
RAFa4,unselected,state_delay,State + delay,1.3707450943883006,0.0558021444358153
RAFa4,unselected,state_delay,State + delay,1.3790274603373187,0.05390072073249541
RAFa4,unselected,state_delay,State + delay,1.3873098262863368,0.05206231418979431
RAFa4,unselected,state_delay,State + delay,1.395592192235355,0.05028615036378817
RAFa4,unselected,state_delay,State + delay,1.403874558184373,0.04857132467502251
RAFa4,unselected,state_delay,State + delay,1.4121569241333907,0.04691679458630857
RAFa4,unselected,state_delay,State + delay,1.4204392900824088,0.045321370996778146
RAFa4,unselected,state_delay,State + delay,1.4287216560314269,0.043783710435680696
RAFa4,unselected,state_delay,State + delay,1.437004021980445,0.04230230955954296
RAFa4,unselected,state_delay,State + delay,1.445286387929463,0.04087550327311719
RAFa4,unselected,state_delay,State + delay,1.4535687538784812,0.03950146752722301
RAFa4,unselected,state_delay,State + delay,1.4618511198274988,0.0381782275183796
RAFa4,unselected,state_delay,State + delay,1.470133485776517,0.03690367165130171
RAFa4,unselected,state_delay,State + delay,1.478415851725535,0.0356755712512625
RAFa4,unselected,state_delay,State + delay,1.4866982176745531,0.03449160565287064
RAFa4,unselected,state_delay,State + delay,1.4949805836235712,0.033349391965838894
RAFa4,unselected,state_delay,State + delay,1.5032629495725893,0.032246518543863005
RAFa4,unselected,state_delay,State + delay,1.511545315521607,0.031180580972288974
RAFa4,unselected,state_delay,State + delay,1.519827681470625,0.03014921925158521
RAFa4,unselected,state_delay,State + delay,1.5281100474196432,0.029150154789909014
RAFa4,unselected,state_delay,State + delay,1.5363924133686613,0.028181225828010435
RAFa4,unselected,state_delay,State + delay,1.5446747793176794,0.027240419998301287
RAFa4,unselected,state_delay,State + delay,1.552957145266697,0.026325902858785617
RAFa4,unselected,state_delay,State + delay,1.5612395112157151,0.02543604143079561
RAFa4,unselected,state_delay,State + delay,1.5695218771647332,0.024569421994346922
RAFa4,unselected,state_delay,State + delay,1.5778042431137513,0.02372486164254201
RAFa4,unselected,state_delay,State + delay,1.5860866090627694,0.022901413352628554
RAFa4,unselected,state_delay,State + delay,1.5943689750117875,0.022098364582287876
RAFa4,unselected,state_delay,State + delay,1.6026513409608052,0.021315229632938405
RAFa4,unselected,state_delay,State + delay,1.6109337069098233,0.020551736226623308
RAFa4,unselected,state_delay,State + delay,1.6192160728588414,0.01980780691126891
RAFa4,unselected,state_delay,State + delay,1.6274984388078595,0.01908353603557011
RAFa4,unselected,state_delay,State + delay,1.6357808047568776,0.01837916311755117
RAFa4,unselected,state_delay,State + delay,1.6440631707058952,0.01769504347126231
RAFa4,unselected,state_delay,State + delay,1.6523455366549133,0.017031616958416984
RAFa4,unselected,state_delay,State + delay,1.6606279026039314,0.016389375702807494
RAFa4,unselected,state_delay,State + delay,1.6689102685529495,0.015768831553532335
RAFa4,unselected,state_delay,State + delay,1.6771926345019676,0.015170484017653281
RAFa4,unselected,state_delay,State + delay,1.6854750004509857,0.014594789312849448
RAFa4,unselected,state_delay,State + delay,1.6937573664000034,0.014042131123689074
RAFa4,unselected,state_delay,State + delay,1.7020397323490215,0.013512793586937244
RAFa4,unselected,state_delay,State + delay,1.7103220982980396,0.013006936984828776
RAFa4,unselected,state_delay,State + delay,1.7186044642470577,0.012524576590447055
RAFa4,unselected,state_delay,State + delay,1.7268868301960758,0.012065565083393258
RAFa4,unselected,state_delay,State + delay,1.7351691961450935,0.011629578931495533
RAFa4,unselected,state_delay,State + delay,1.7434515620941116,0.011216109108439228
RAFa4,unselected,state_delay,State + delay,1.7517339280431297,0.010824456480262552
RAFa4,unselected,state_delay,State + delay,1.7600162939921478,0.010453732138462176
RAFa4,unselected,state_delay,State + delay,1.7682986599411659,0.010102862878303582
RAFa4,unselected,state_delay,State + delay,1.776581025890184,0.009770601914570909
RAFa4,unselected,state_delay,State + delay,1.7848633918392016,0.009455544793257335
RAFa4,unselected,state_delay,State + delay,1.7931457577882197,0.00915615029980423
RAFa4,unselected,state_delay,State + delay,1.8014281237372378,0.00887076598897729
RAFa4,unselected,state_delay,State + delay,1.809710489686256,0.008597657777691376
RAFa4,unselected,state_delay,State + delay,1.817992855635274,0.008335042861485478
RAFa4,unselected,state_delay,State + delay,1.8262752215842921,0.008081125050342173
RAFa4,unselected,state_delay,State + delay,1.8345575875333102,0.00783413148244084
RAFa4,unselected,state_delay_graph,State + delay + graph,-1.8842247235757812,0.0047042453412216014
RAFa4,unselected,state_delay_graph,State + delay + graph,-1.875942357626763,0.004976544287864147
RAFa4,unselected,state_delay_graph,State + delay + graph,-1.8676599916777452,0.005255961487624937
RAFa4,unselected,state_delay_graph,State + delay + graph,-1.8593776257287271,0.005542415865765406
RAFa4,unselected,state_delay_graph,State + delay + graph,-1.851095259779709,0.005835861664368605
RAFa4,unselected,state_delay_graph,State + delay + graph,-1.8428128938306911,0.006136293599783663
RAFa4,unselected,state_delay_graph,State + delay + graph,-1.834530527881673,0.006443750765543568
RAFa4,unselected,state_delay_graph,State + delay + graph,-1.826248161932655,0.006758319021638575
RAFa4,unselected,state_delay_graph,State + delay + graph,-1.817965795983637,0.0070801317148873255
RAFa4,unselected,state_delay_graph,State + delay + graph,-1.809683430034619,0.007409368711967779
RAFa4,unselected,state_delay_graph,State + delay + graph,-1.801401064085601,0.007746253889407121
RAFa4,unselected,state_delay_graph,State + delay + graph,-1.793118698136583,0.008091051402972779
RAFa4,unselected,state_delay_graph,State + delay + graph,-1.7848363321875649,0.008444061238918192
RAFa4,unselected,state_delay_graph,State + delay + graph,-1.776553966238547,0.008805614715595154
RAFa4,unselected,state_delay_graph,State + delay + graph,-1.768271600289529,0.009176070738995373
RAFa4,unselected,state_delay_graph,State + delay + graph,-1.7599892343405108,0.009555813702822378
RAFa4,unselected,state_delay_graph,State + delay + graph,-1.751706868391493,0.009945253947219415
RAFa4,unselected,state_delay_graph,State + delay + graph,-1.7434245024424748,0.01034483163778251
RAFa4,unselected,state_delay_graph,State + delay + graph,-1.7351421364934567,0.010755024789909223
RAFa4,unselected,state_delay_graph,State + delay + graph,-1.7268597705444388,0.011176361940497757
RAFa4,unselected,state_delay_graph,State + delay + graph,-1.7185774045954207,0.01160943966376154
RAFa4,unselected,state_delay_graph,State + delay + graph,-1.7102950386464029,0.012054944751843015
RAFa4,unselected,state_delay_graph,State + delay + graph,-1.7020126726973848,0.012513680452497126
RAFa4,unselected,state_delay_graph,State + delay + graph,-1.6937303067483667,0.012986595700432943
RAFa4,unselected,state_delay_graph,State + delay + graph,-1.6854479407993488,0.013474815826415507
RAFa4,unselected,state_delay_graph,State + delay + graph,-1.6771655748503307,0.013979672813115395
RAFa4,unselected,state_delay_graph,State + delay + graph,-1.6688832089013126,0.014502732824659028
RAFa4,unselected,state_delay_graph,State + delay + graph,-1.6606008429522947,0.015045818502623483
RAFa4,unselected,state_delay_graph,State + delay + graph,-1.6523184770032766,0.01561102342588675
RAFa4,unselected,state_delay_graph,State + delay + graph,-1.6440361110542585,0.016200716199986972
RAFa4,unselected,state_delay_graph,State + delay + graph,-1.6357537451052406,0.01681753188929348
RAFa4,unselected,state_delay_graph,State + delay + graph,-1.6274713791562225,0.017464348937270793
RAFa4,unselected,state_delay_graph,State + delay + graph,-1.6191890132072047,0.01814425032898551
RAFa4,unselected,state_delay_graph,State + delay + graph,-1.6109066472581866,0.018860468515292206
RAFa4,unselected,state_delay_graph,State + delay + graph,-1.6026242813091685,0.019616314506564245
RAFa4,unselected,state_delay_graph,State + delay + graph,-1.5943419153601504,0.020415092510504176
RAFa4,unselected,state_delay_graph,State + delay + graph,-1.5860595494111325,0.021260002479072664
RAFa4,unselected,state_delay_graph,State + delay + graph,-1.5777771834621144,0.02215403388296956
RAFa4,unselected,state_delay_graph,State + delay + graph,-1.5694948175130965,0.023099854884608584
RAFa4,unselected,state_delay_graph,State + delay + graph,-1.5612124515640784,0.024099701769677354
RAFa4,unselected,state_delay_graph,State + delay + graph,-1.5529300856150603,0.025155273966392794
RAFa4,unselected,state_delay_graph,State + delay + graph,-1.5446477196660424,0.026267640183636653
RAFa4,unselected,state_delay_graph,State + delay + graph,-1.5363653537170243,0.02743716110130266
RAFa4,unselected,state_delay_graph,State + delay + graph,-1.5280829877680064,0.028663433632346594
RAFa4,unselected,state_delay_graph,State + delay + graph,-1.5198006218189883,0.029945261049228938
RAFa4,unselected,state_delay_graph,State + delay + graph,-1.5115182558699702,0.03128065225063307
RAFa4,unselected,state_delay_graph,State + delay + graph,-1.5032358899209521,0.03266685218001651
RAFa4,unselected,state_delay_graph,State + delay + graph,-1.4949535239719343,0.03410040395588308
RAFa4,unselected,state_delay_graph,State + delay + graph,-1.4866711580229162,0.035577241709358554
RAFa4,unselected,state_delay_graph,State + delay + graph,-1.4783887920738983,0.03709281153275282
RAFa4,unselected,state_delay_graph,State + delay + graph,-1.4701064261248802,0.03864221641350509
RAFa4,unselected,state_delay_graph,State + delay + graph,-1.461824060175862,0.040220379651025165
RAFa4,unselected,state_delay_graph,State + delay + graph,-1.4535416942268442,0.0418222201131246
RAFa4,unselected,state_delay_graph,State + delay + graph,-1.445259328277826,0.043442831856042474
RAFa4,unselected,state_delay_graph,State + delay + graph,-1.4369769623288082,0.04507766016332143
RAFa4,unselected,state_delay_graph,State + delay + graph,-1.4286945963797901,0.04672266598978452
RAFa4,unselected,state_delay_graph,State + delay + graph,-1.420412230430772,0.048374471141060714
RAFa4,unselected,state_delay_graph,State + delay + graph,-1.412129864481754,0.050030477266637785
RAFa4,unselected,state_delay_graph,State + delay + graph,-1.403847498532736,0.05168895286266223
RAFa4,unselected,state_delay_graph,State + delay + graph,-1.395565132583718,0.05334908391623333
RAFa4,unselected,state_delay_graph,State + delay + graph,-1.3872827666347,0.05501098550471535
RAFa4,unselected,state_delay_graph,State + delay + graph,-1.379000400685682,0.05667567350718207
RAFa4,unselected,state_delay_graph,State + delay + graph,-1.3707180347366639,0.058344997497426776
RAFa4,unselected,state_delay_graph,State + delay + graph,-1.3624356687876458,0.06002153777254124
RAFa4,unselected,state_delay_graph,State + delay + graph,-1.354153302838628,0.06170847123300383
RAFa4,unselected,state_delay_graph,State + delay + graph,-1.34587093688961,0.06340941238119421
RAFa4,unselected,state_delay_graph,State + delay + graph,-1.337588570940592,0.06512823696760542
RAFa4,unselected,state_delay_graph,State + delay + graph,-1.3293062049915738,0.06686889672443762
RAFa4,unselected,state_delay_graph,State + delay + graph,-1.3210238390425557,0.06863523413835819
RAFa4,unselected,state_delay_graph,State + delay + graph,-1.3127414730935378,0.07043080630052713
RAFa4,unselected,state_delay_graph,State + delay + graph,-1.3044591071445197,0.07225872652490188
RAFa4,unselected,state_delay_graph,State + delay + graph,-1.2961767411955019,0.07412153165785235
RAFa4,unselected,state_delay_graph,State + delay + graph,-1.2878943752464838,0.07602108184530025
RAFa4,unselected,state_delay_graph,State + delay + graph,-1.2796120092974657,0.07795849802834434
RAFa4,unselected,state_delay_graph,State + delay + graph,-1.2713296433484476,0.07993414067147007
RAFa4,unselected,state_delay_graph,State + delay + graph,-1.2630472773994297,0.08194763126967902
RAFa4,unselected,state_delay_graph,State + delay + graph,-1.2547649114504118,0.08399791612354644
RAFa4,unselected,state_delay_graph,State + delay + graph,-1.2464825455013937,0.08608336981260307
RAFa4,unselected,state_delay_graph,State + delay + graph,-1.2382001795523756,0.08820193383820979
RAFa4,unselected,state_delay_graph,State + delay + graph,-1.2299178136033575,0.09035128414566708
RAFa4,unselected,state_delay_graph,State + delay + graph,-1.2216354476543396,0.09252901976257674
RAFa4,unselected,state_delay_graph,State + delay + graph,-1.2133530817053215,0.0947328636847589
RAFa4,unselected,state_delay_graph,State + delay + graph,-1.2050707157563036,0.09696086646310435
RAFa4,unselected,state_delay_graph,State + delay + graph,-1.1967883498072855,0.09921160273366764
RAFa4,unselected,state_delay_graph,State + delay + graph,-1.1885059838582674,0.10148435120306612
RAFa4,unselected,state_delay_graph,State + delay + graph,-1.1802236179092493,0.10377924933914981
RAFa4,unselected,state_delay_graph,State + delay + graph,-1.1719412519602315,0.1060974151830864
RAFa4,unselected,state_delay_graph,State + delay + graph,-1.1636588860112136,0.10844103022858342
RAFa4,unselected,state_delay_graph,State + delay + graph,-1.1553765200621955,0.11081337912031035
RAFa4,unselected,state_delay_graph,State + delay + graph,-1.1470941541131774,0.11321884390401439
RAFa4,unselected,state_delay_graph,State + delay + graph,-1.1388117881641593,0.11566285260327838
RAFa4,unselected,state_delay_graph,State + delay + graph,-1.1305294222151412,0.11815178388883306
RAFa4,unselected,state_delay_graph,State + delay + graph,-1.1222470562661233,0.1206928314388363
RAFa4,unselected,state_delay_graph,State + delay + graph,-1.1139646903171054,0.12329383316988117
RAFa4,unselected,state_delay_graph,State + delay + graph,-1.1056823243680873,0.1259630717767952
RAFa4,unselected,state_delay_graph,State + delay + graph,-1.0973999584190692,0.12870905390829496
RAFa4,unselected,state_delay_graph,State + delay + graph,-1.0891175924700511,0.1315402758071006
RAFa4,unselected,state_delay_graph,State + delay + graph,-1.0808352265210333,0.13446498336715648
RAFa4,unselected,state_delay_graph,State + delay + graph,-1.0725528605720152,0.1374909343426586
RAFa4,unselected,state_delay_graph,State + delay + graph,-1.0642704946229973,0.1406251699397329
RAFa4,unselected,state_delay_graph,State + delay + graph,-1.0559881286739792,0.1438738023018138
RAFa4,unselected,state_delay_graph,State + delay + graph,-1.047705762724961,0.1472418235399806
RAFa4,unselected,state_delay_graph,State + delay + graph,-1.039423396775943,0.1507329410335116
RAFa4,unselected,state_delay_graph,State + delay + graph,-1.031141030826925,0.15434944279775714
RAFa4,unselected,state_delay_graph,State + delay + graph,-1.0228586648779072,0.15809209583434525
RAFa4,unselected,state_delay_graph,State + delay + graph,-1.0145762989288891,0.1619600795710883
RAFa4,unselected,state_delay_graph,State + delay + graph,-1.006293932979871,0.16595095577299687
RAFa4,unselected,state_delay_graph,State + delay + graph,-0.998011567030853,0.17006067564877966
RAFa4,unselected,state_delay_graph,State + delay + graph,-0.989729201081835,0.17428362426063163
RAFa4,unselected,state_delay_graph,State + delay + graph,-0.9814468351328169,0.17861270173067653
RAFa4,unselected,state_delay_graph,State + delay + graph,-0.973164469183799,0.18303944008464978
RAFa4,unselected,state_delay_graph,State + delay + graph,-0.964882103234781,0.1875541538478238
RAFa4,unselected,state_delay_graph,State + delay + graph,-0.9565997372857629,0.19214612168885173
RAFa4,unselected,state_delay_graph,State + delay + graph,-0.9483173713367449,0.19680379549296662
RAFa4,unselected,state_delay_graph,State + delay + graph,-0.9400350053877269,0.20151503225938172
RAFa4,unselected,state_delay_graph,State + delay + graph,-0.9317526394387089,0.20626734320586912
RAFa4,unselected,state_delay_graph,State + delay + graph,-0.9234702734896908,0.21104815349585468
RAFa4,unselected,state_delay_graph,State + delay + graph,-0.9151879075406728,0.215845065166069
RAFa4,unselected,state_delay_graph,State + delay + graph,-0.9069055415916548,0.22064611522084138
RAFa4,unselected,state_delay_graph,State + delay + graph,-0.8986231756426368,0.2254400205653532
RAFa4,unselected,state_delay_graph,State + delay + graph,-0.8903408096936187,0.2302164015547787
RAFa4,unselected,state_delay_graph,State + delay + graph,-0.8820584437446006,0.23496597649516418
RAFa4,unselected,state_delay_graph,State + delay + graph,-0.8737760777955828,0.239680720467429
RAFa4,unselected,state_delay_graph,State + delay + graph,-0.8654937118465647,0.2443539833401541
RAFa4,unselected,state_delay_graph,State + delay + graph,-0.8572113458975468,0.24898056372804647
RAFa4,unselected,state_delay_graph,State + delay + graph,-0.8489289799485287,0.25355673783723526
RAFa4,unselected,state_delay_graph,State + delay + graph,-0.8406466139995106,0.25808024447516964
RAFa4,unselected,state_delay_graph,State + delay + graph,-0.8323642480504927,0.2625502298245345
RAFa4,unselected,state_delay_graph,State + delay + graph,-0.8240818821014746,0.26696715770718854
RAFa4,unselected,state_delay_graph,State + delay + graph,-0.8157995161524565,0.271332692818525
RAFa4,unselected,state_delay_graph,State + delay + graph,-0.8075171502034386,0.27564956563812376
RAFa4,unselected,state_delay_graph,State + delay + graph,-0.7992347842544205,0.279921428298711
RAFa4,unselected,state_delay_graph,State + delay + graph,-0.7909524183054024,0.2841527105524226
RAFa4,unselected,state_delay_graph,State + delay + graph,-0.7826700523563845,0.2883484841011429
RAFa4,unselected,state_delay_graph,State + delay + graph,-0.7743876864073664,0.29251434201102255
RAFa4,unselected,state_delay_graph,State + delay + graph,-0.7661053204583486,0.2966562978278486
RAFa4,unselected,state_delay_graph,State + delay + graph,-0.7578229545093305,0.3007807065224231
RAFa4,unselected,state_delay_graph,State + delay + graph,-0.7495405885603124,0.30489420673780215
RAFa4,unselected,state_delay_graph,State + delay + graph,-0.7412582226112945,0.3090036812205731
RAFa4,unselected,state_delay_graph,State + delay + graph,-0.7329758566622764,0.3131162300355303
RAFa4,unselected,state_delay_graph,State + delay + graph,-0.7246934907132583,0.3172391494058868
RAFa4,unselected,state_delay_graph,State + delay + graph,-0.7164111247642404,0.3213799079664539
RAFa4,unselected,state_delay_graph,State + delay + graph,-0.7081287588152223,0.3255461119823976
RAFa4,unselected,state_delay_graph,State + delay + graph,-0.6998463928662042,0.3297454517166535
RAFa4,unselected,state_delay_graph,State + delay + graph,-0.6915640269171863,0.3339856225918784
RAFa4,unselected,state_delay_graph,State + delay + graph,-0.6832816609681682,0.3382742169787214
RAFa4,unselected,state_delay_graph,State + delay + graph,-0.6749992950191501,0.34261858517405813
RAFa4,unselected,state_delay_graph,State + delay + graph,-0.6667169290701322,0.3470256671811417
RAFa4,unselected,state_delay_graph,State + delay + graph,-0.6584345631211141,0.351501800007095
RAFa4,unselected,state_delay_graph,State + delay + graph,-0.6501521971720963,0.35605250808241673
RAFa4,unselected,state_delay_graph,State + delay + graph,-0.6418698312230782,0.36068228682860093
RAFa4,unselected,state_delay_graph,State + delay + graph,-0.6335874652740601,0.3653943911393461
RAFa4,unselected,state_delay_graph,State + delay + graph,-0.6253050993250422,0.37019064144118946
RAFa4,unselected,state_delay_graph,State + delay + graph,-0.6170227333760241,0.3750712599748765
RAFa4,unselected,state_delay_graph,State + delay + graph,-0.608740367427006,0.3800347489807987
RAFa4,unselected,state_delay_graph,State + delay + graph,-0.6004580014779881,0.38507782064782203
RAFa4,unselected,state_delay_graph,State + delay + graph,-0.59217563552897,0.39019538613130395
RAFa4,unselected,state_delay_graph,State + delay + graph,-0.5838932695799519,0.3953806078534425
RAFa4,unselected,state_delay_graph,State + delay + graph,-0.575610903630934,0.40062501589496624
RAFa4,unselected,state_delay_graph,State + delay + graph,-0.5673285376819159,0.40591868581501805
RAFa4,unselected,state_delay_graph,State + delay + graph,-0.5590461717328981,0.41125047193423825
RAFa4,unselected,state_delay_graph,State + delay + graph,-0.55076380578388,0.41660828719991133
RAFa4,unselected,state_delay_graph,State + delay + graph,-0.5424814398348619,0.4219794183964132
RAFa4,unselected,state_delay_graph,State + delay + graph,-0.534199073885844,0.42735086379435494
RAFa4,unselected,state_delay_graph,State + delay + graph,-0.5259167079368259,0.4327096794161062
RAFa4,unselected,state_delay_graph,State + delay + graph,-0.5176343419878078,0.4380433199458518
RAFa4,unselected,state_delay_graph,State + delay + graph,-0.5093519760387899,0.44333996088875743
RAFa4,unselected,state_delay_graph,State + delay + graph,-0.5010696100897718,0.4485887898023853
RAFa4,unselected,state_delay_graph,State + delay + graph,-0.4927872441407537,0.45378025616773265
RAFa4,unselected,state_delay_graph,State + delay + graph,-0.4845048781917358,0.4589062716005975
RAFa4,unselected,state_delay_graph,State + delay + graph,-0.4762225122427177,0.4639603544821949
RAFa4,unselected,state_delay_graph,State + delay + graph,-0.4679401462936996,0.4689377155704552
RAFa4,unselected,state_delay_graph,State + delay + graph,-0.45965778034468174,0.4738352836123269
RAFa4,unselected,state_delay_graph,State + delay + graph,-0.45137541439566364,0.4786516723042796
RAFa4,unselected,state_delay_graph,State + delay + graph,-0.44309304844664577,0.48338709205777947
RAFa4,unselected,state_delay_graph,State + delay + graph,-0.43481068249762767,0.4880432118580903
RAFa4,unselected,state_delay_graph,State + delay + graph,-0.42652831654860957,0.492622978020647
RAFa4,unselected,state_delay_graph,State + delay + graph,-0.4182459505995917,0.4971303978327614
RAFa4,unselected,state_delay_graph,State + delay + graph,-0.4099635846505736,0.5015702969189875
RAFa4,unselected,state_delay_graph,State + delay + graph,-0.4016812187015555,0.5059480596983227
RAFa4,unselected,state_delay_graph,State + delay + graph,-0.3933988527525376,0.5102693625303634
RAFa4,unselected,state_delay_graph,State + delay + graph,-0.3851164868035195,0.5145399090998356
RAFa4,unselected,state_delay_graph,State + delay + graph,-0.3768341208545014,0.518765177289188
RAFa4,unselected,state_delay_graph,State + delay + graph,-0.36855175490548353,0.5229501862612932
RAFa4,unselected,state_delay_graph,State + delay + graph,-0.36026938895646543,0.5270992917387193
RAFa4,unselected,state_delay_graph,State + delay + graph,-0.35198702300744733,0.5312160165403652
RAFa4,unselected,state_delay_graph,State + delay + graph,-0.34370465705842945,0.5353029223338601
RAFa4,unselected,state_delay_graph,State + delay + graph,-0.33542229110941135,0.5393615272947779
RAFa4,unselected,state_delay_graph,State + delay + graph,-0.3271399251603935,0.5433922729417556
RAFa4,unselected,state_delay_graph,State + delay + graph,-0.3188575592113754,0.5473945418520721
RAFa4,unselected,state_delay_graph,State + delay + graph,-0.3105751932623573,0.5513667262699545
RAFa4,unselected,state_delay_graph,State + delay + graph,-0.3022928273133394,0.5553063458222559
RAFa4,unselected,state_delay_graph,State + delay + graph,-0.2940104613643213,0.5592102106835303
RAFa4,unselected,state_delay_graph,State + delay + graph,-0.2857280954153032,0.5630746246282606
RAFa4,unselected,state_delay_graph,State + delay + graph,-0.2774457294662853,0.566895620527959
RAFa4,unselected,state_delay_graph,State + delay + graph,-0.2691633635172672,0.5706692190665932
RAFa4,unselected,state_delay_graph,State + delay + graph,-0.2608809975682491,0.5743916998437915
RAFa4,unselected,state_delay_graph,State + delay + graph,-0.25259863161923124,0.5780598727081833
RAFa4,unselected,state_delay_graph,State + delay + graph,-0.24431626567021314,0.5816713362161549
RAFa4,unselected,state_delay_graph,State + delay + graph,-0.23603389972119526,0.5852247096476395
RAFa4,unselected,state_delay_graph,State + delay + graph,-0.22775153377217716,0.5887198251254008
RAFa4,unselected,state_delay_graph,State + delay + graph,-0.21946916782315906,0.5921578671546388
RAFa4,unselected,state_delay_graph,State + delay + graph,-0.21118680187414118,0.5955414483738797
RAFa4,unselected,state_delay_graph,State + delay + graph,-0.20290443592512308,0.5988746124964897
RAFa4,unselected,state_delay_graph,State + delay + graph,-0.19462206997610498,0.6021627582887495
RAFa4,unselected,state_delay_graph,State + delay + graph,-0.1863397040270871,0.6054124818881569
RAFa4,unselected,state_delay_graph,State + delay + graph,-0.178057338078069,0.6086313386751665
RAFa4,unselected,state_delay_graph,State + delay + graph,-0.1697749721290509,0.6118275300849664
RAFa4,unselected,state_delay_graph,State + delay + graph,-0.16149260618003303,0.6150095249554787
RAFa4,unselected,state_delay_graph,State + delay + graph,-0.15321024023101493,0.6181856289991794
RAFa4,unselected,state_delay_graph,State + delay + graph,-0.14492787428199683,0.6213635194966631
RAFa4,unselected,state_delay_graph,State + delay + graph,-0.13664550833297895,0.6245497650867825
RAFa4,unselected,state_delay_graph,State + delay + graph,-0.12836314238396085,0.6277493523522776
RAFa4,unselected,state_delay_graph,State + delay + graph,-0.12008077643494297,0.6309652416026491
RAFa4,unselected,state_delay_graph,State + delay + graph,-0.11179841048592487,0.634197973739267
RAFa4,unselected,state_delay_graph,State + delay + graph,-0.10351604453690677,0.6374453483324151
RAFa4,unselected,state_delay_graph,State + delay + graph,-0.09523367858788889,0.6407021901134674
RAFa4,unselected,state_delay_graph,State + delay + graph,-0.08695131263887079,0.643960217139622
RAFa4,unselected,state_delay_graph,State + delay + graph,-0.07866894668985269,0.6472080191482839
RAFa4,unselected,state_delay_graph,State + delay + graph,-0.07038658074083481,0.6504311493687723
RAFa4,unselected,state_delay_graph,State + delay + graph,-0.062104214791816714,0.653612327621339
RAFa4,unselected,state_delay_graph,State + delay + graph,-0.053821848842798614,0.6567317472416857
RAFa4,unselected,state_delay_graph,State + delay + graph,-0.045539482893780736,0.659767473544485
RAFa4,unselected,state_delay_graph,State + delay + graph,-0.037257116944762636,0.6626959174644471
RAFa4,unselected,state_delay_graph,State + delay + graph,-0.028974750995744536,0.6654923649141683
RAFa4,unselected,state_delay_graph,State + delay + graph,-0.020692385046726658,0.6681315404252793
RAFa4,unselected,state_delay_graph,State + delay + graph,-0.012410019097708558,0.6705881828640091
RAFa4,unselected,state_delay_graph,State + delay + graph,-0.00412765314869068,0.6728376114208304
RAFa4,unselected,state_delay_graph,State + delay + graph,0.00415471280032742,0.6748562615764172
RAFa4,unselected,state_delay_graph,State + delay + graph,0.01243707874934552,0.6766221731873122
RAFa4,unselected,state_delay_graph,State + delay + graph,0.0207194446983634,0.6781154160095745
RAFa4,unselected,state_delay_graph,State + delay + graph,0.0290018106473815,0.6793184416530429
RAFa4,unselected,state_delay_graph,State + delay + graph,0.0372841765963996,0.6802163548865717
RAFa4,unselected,state_delay_graph,State + delay + graph,0.04556654254541748,0.6807971011587394
RAFa4,unselected,state_delay_graph,State + delay + graph,0.05384890849443558,0.6810515709444567
RAFa4,unselected,state_delay_graph,State + delay + graph,0.06213127444345368,0.6809736248968513
RAFa4,unselected,state_delay_graph,State + delay + graph,0.07041364039247155,0.6805600466395804
RAFa4,unselected,state_delay_graph,State + delay + graph,0.07869600634148965,0.6798104322870951
RAFa4,unselected,state_delay_graph,State + delay + graph,0.08697837229050753,0.6787270273839462
RAFa4,unselected,state_delay_graph,State + delay + graph,0.09526073823952563,0.6773145229043867
RAFa4,unselected,state_delay_graph,State + delay + graph,0.10354310418854373,0.6755798222808039
RAFa4,unselected,state_delay_graph,State + delay + graph,0.11182547013756161,0.6735317911906779
RAFa4,unselected,state_delay_graph,State + delay + graph,0.12010783608657993,0.6711810011036181
RAFa4,unselected,state_delay_graph,State + delay + graph,0.1283902020355976,0.6685394764606525
RAFa4,unselected,state_delay_graph,State + delay + graph,0.1366725679846157,0.6656204539211049
RAFa4,unselected,state_delay_graph,State + delay + graph,0.1449549339336338,0.6624381604620442
RAFa4,unselected,state_delay_graph,State + delay + graph,0.1532372998826519,0.6590076153412049
RAFa4,unselected,state_delay_graph,State + delay + graph,0.16151966583167,0.6553444591199866
RAFa4,unselected,state_delay_graph,State + delay + graph,0.16980203178068765,0.6514648111631678
RAFa4,unselected,state_delay_graph,State + delay + graph,0.17808439772970575,0.6473851553510328
RAFa4,unselected,state_delay_graph,State + delay + graph,0.18636676367872385,0.6431222522121702
RAFa4,unselected,state_delay_graph,State + delay + graph,0.19464912962774195,0.638693074354522
RAFa4,unselected,state_delay_graph,State + delay + graph,0.20293149557676005,0.6341147609711645
RAFa4,unselected,state_delay_graph,State + delay + graph,0.21121386152577815,0.6294045863480765
RAFa4,unselected,state_delay_graph,State + delay + graph,0.2194962274747958,0.6245799367165181
RAFa4,unselected,state_delay_graph,State + delay + graph,0.2277785934238139,0.6196582894765496
RAFa4,unselected,state_delay_graph,State + delay + graph,0.236060959372832,0.614657188767233
RAFa4,unselected,state_delay_graph,State + delay + graph,0.2443433253218501,0.6095942115636624
RAFa4,unselected,state_delay_graph,State + delay + graph,0.2526256912708682,0.6044869189275229
RAFa4,unselected,state_delay_graph,State + delay + graph,0.26090805721988586,0.5993527877083072
RAFa4,unselected,state_delay_graph,State + delay + graph,0.26919042316890396,0.5942091188678656
RAFa4,unselected,state_delay_graph,State + delay + graph,0.27747278911792206,0.5890729196590324
RAFa4,unselected,state_delay_graph,State + delay + graph,0.28575515506694016,0.5839607581064622
RAFa4,unselected,state_delay_graph,State + delay + graph,0.29403752101595826,0.5788885895875998
RAFa4,unselected,state_delay_graph,State + delay + graph,0.30231988696497636,0.5738715567635563
RAFa4,unselected,state_delay_graph,State + delay + graph,0.310602252913994,0.5689237656279656
RAFa4,unselected,state_delay_graph,State + delay + graph,0.3188846188630121,0.5640580419847026
RAFa4,unselected,state_delay_graph,State + delay + graph,0.3271669848120302,0.559285674183626
RAFa4,unselected,state_delay_graph,State + delay + graph,0.3354493507610483,0.554616149381179
RAFa4,unselected,state_delay_graph,State + delay + graph,0.3437317167100664,0.5500568918867458
RAFa4,unselected,state_delay_graph,State + delay + graph,0.35201408265908407,0.5456130132393809
RAFa4,unselected,state_delay_graph,State + delay + graph,0.36029644860810217,0.5412870844634866
RAFa4,unselected,state_delay_graph,State + delay + graph,0.36857881455712027,0.5370789414094853
RAFa4,unselected,state_delay_graph,State + delay + graph,0.37686118050613837,0.5329855341359082
RAFa4,unselected,state_delay_graph,State + delay + graph,0.38514354645515647,0.5290008308829278
RAFa4,unselected,state_delay_graph,State + delay + graph,0.39342591240417457,0.5251157862907607
RAFa4,unselected,state_delay_graph,State + delay + graph,0.4017082783531922,0.5213183821151811
RAFa4,unselected,state_delay_graph,State + delay + graph,0.4099906443022103,0.5175937467966222
RAFa4,unselected,state_delay_graph,State + delay + graph,0.4182730102512284,0.513924357883397
RAFa4,unselected,state_delay_graph,State + delay + graph,0.4265553762002465,0.5102903285551625
RAFa4,unselected,state_delay_graph,State + delay + graph,0.43483774214926463,0.5066697764268272
RAFa4,unselected,state_delay_graph,State + delay + graph,0.44312010809828273,0.5030392695466803
RAFa4,unselected,state_delay_graph,State + delay + graph,0.4514024740473004,0.499374341166493
RAFa4,unselected,state_delay_graph,State + delay + graph,0.4596848399963185,0.49565006160168074
RAFa4,unselected,state_delay_graph,State + delay + graph,0.4679672059453366,0.4918416524714392
RAFa4,unselected,state_delay_graph,State + delay + graph,0.4762495718943547,0.487925125968427
RAFa4,unselected,state_delay_graph,State + delay + graph,0.4845319378433728,0.48387792970571497
RAFa4,unselected,state_delay_graph,State + delay + graph,0.49281430379239044,0.47967957626120167
RAFa4,unselected,state_delay_graph,State + delay + graph,0.5010966697414085,0.4753122359000637
RAFa4,unselected,state_delay_graph,State + delay + graph,0.5093790356904266,0.47076127118706973
RAFa4,unselected,state_delay_graph,State + delay + graph,0.5176614016394447,0.4660156933487609
RAFa4,unselected,state_delay_graph,State + delay + graph,0.5259437675884628,0.46106852231397244
RAFa4,unselected,state_delay_graph,State + delay + graph,0.5342261335374809,0.4559170353075145
RAFa4,unselected,state_delay_graph,State + delay + graph,0.5425084994864986,0.45056289260588056
RAFa4,unselected,state_delay_graph,State + delay + graph,0.5507908654355167,0.4450121334505109
RAFa4,unselected,state_delay_graph,State + delay + graph,0.5590732313845348,0.439275039975477
RAFa4,unselected,state_delay_graph,State + delay + graph,0.5673555973335529,0.43336587213150485
RAFa4,unselected,state_delay_graph,State + delay + graph,0.575637963282571,0.4273024817397765
RAFa4,unselected,state_delay_graph,State + delay + graph,0.5839203292315887,0.42110581873834174
RAFa4,unselected,state_delay_graph,State + delay + graph,0.5922026951806068,0.4147993471422571
RAFa4,unselected,state_delay_graph,State + delay + graph,0.6004850611296249,0.40840839199300644
RAFa4,unselected,state_delay_graph,State + delay + graph,0.608767427078643,0.40195944141954026
RAFa4,unselected,state_delay_graph,State + delay + graph,0.617049793027661,0.39547942971208605
RAFa4,unselected,state_delay_graph,State + delay + graph,0.6253321589766792,0.3889950279138152
RAFa4,unselected,state_delay_graph,State + delay + graph,0.6336145249256968,0.38253196782051546
RAFa4,unselected,state_delay_graph,State + delay + graph,0.6418968908747149,0.3761144234665708
RAFa4,unselected,state_delay_graph,State + delay + graph,0.650179256823733,0.36976447125629913
RAFa4,unselected,state_delay_graph,State + delay + graph,0.6584616227727511,0.3635016460247828
RAFa4,unselected,state_delay_graph,State + delay + graph,0.6667439887217692,0.357342605688712
RAFa4,unselected,state_delay_graph,State + delay + graph,0.6750263546707869,0.35130091202382785
RAFa4,unselected,state_delay_graph,State + delay + graph,0.683308720619805,0.3453869297583024
RAFa4,unselected,state_delay_graph,State + delay + graph,0.6915910865688231,0.3396078408867398
RAFa4,unselected,state_delay_graph,State + delay + graph,0.6998734525178412,0.33396776616717455
RAFa4,unselected,state_delay_graph,State + delay + graph,0.7081558184668593,0.3284679814171388
RAFa4,unselected,state_delay_graph,State + delay + graph,0.7164381844158774,0.3231072126886343
RAFa4,unselected,state_delay_graph,State + delay + graph,0.724720550364895,0.3178819918358603
RAFa4,unselected,state_delay_graph,State + delay + graph,0.7330029163139131,0.3127870524917971
RAFa4,unselected,state_delay_graph,State + delay + graph,0.7412852822629312,0.3078157460714021
RAFa4,unselected,state_delay_graph,State + delay + graph,0.7495676482119493,0.3029604580844236
RAFa4,unselected,state_delay_graph,State + delay + graph,0.7578500141609674,0.29821300667165074
RAFa4,unselected,state_delay_graph,State + delay + graph,0.7661323801099851,0.29356500772388083
RAFa4,unselected,state_delay_graph,State + delay + graph,0.7744147460590032,0.2890081940109051
RAFa4,unselected,state_delay_graph,State + delay + graph,0.7826971120080213,0.28453467922062137
RAFa4,unselected,state_delay_graph,State + delay + graph,0.7909794779570394,0.28013716145781076
RAFa4,unselected,state_delay_graph,State + delay + graph,0.7992618439060575,0.2758090643562707
RAFa4,unselected,state_delay_graph,State + delay + graph,0.8075442098550756,0.27154461731510143
RAFa4,unselected,state_delay_graph,State + delay + graph,0.8158265758040932,0.2673388793111349
RAFa4,unselected,state_delay_graph,State + delay + graph,0.8241089417531113,0.2631877131372033
RAFa4,unselected,state_delay_graph,State + delay + graph,0.8323913077021294,0.25908771868944364
RAFa4,unselected,state_delay_graph,State + delay + graph,0.8406736736511475,0.25503613504269806
RAFa4,unselected,state_delay_graph,State + delay + graph,0.8489560396001656,0.25103072152328215
RAFa4,unselected,state_delay_graph,State + delay + graph,0.8572384055491837,0.2470696278630656
RAFa4,unselected,state_delay_graph,State + delay + graph,0.8655207714982014,0.24315126287936428
RAFa4,unselected,state_delay_graph,State + delay + graph,0.8738031374472195,0.23927417007230206
RAFa4,unselected,state_delay_graph,State + delay + graph,0.8820855033962376,0.2354369171767421
RAFa4,unselected,state_delay_graph,State + delay + graph,0.8903678693452557,0.23163800516076294
RAFa4,unselected,state_delay_graph,State + delay + graph,0.8986502352942738,0.22787580053045875
RAFa4,unselected,state_delay_graph,State + delay + graph,0.9069326012432914,0.22414849317088437
RAFa4,unselected,state_delay_graph,State + delay + graph,0.9152149671923095,0.22045408039668007
RAFa4,unselected,state_delay_graph,State + delay + graph,0.9234973331413276,0.21679037645659338
RAFa4,unselected,state_delay_graph,State + delay + graph,0.9317796990903457,0.21315504546911596
RAFa4,unselected,state_delay_graph,State + delay + graph,0.9400620650393638,0.2095456546835476
RAFa4,unselected,state_delay_graph,State + delay + graph,0.948344430988382,0.20595974407332807
RAFa4,unselected,state_delay_graph,State + delay + graph,0.9566267969373996,0.20239490758218767
RAFa4,unselected,state_delay_graph,State + delay + graph,0.9649091628864177,0.1988488808628218
RAFa4,unselected,state_delay_graph,State + delay + graph,0.9731915288354358,0.19531963007723047
RAFa4,unselected,state_delay_graph,State + delay + graph,0.9814738947844539,0.191805436275095
RAFa4,unselected,state_delay_graph,State + delay + graph,0.989756260733472,0.18830497004033891
RAFa4,unselected,state_delay_graph,State + delay + graph,0.9980386266824897,0.1848173515047159
RAFa4,unselected,state_delay_graph,State + delay + graph,1.0063209926315078,0.18134219147510125
RAFa4,unselected,state_delay_graph,State + delay + graph,1.0146033585805259,0.17787961030417299
RAFa4,unselected,state_delay_graph,State + delay + graph,1.022885724529544,0.17443023223589954
RAFa4,unselected,state_delay_graph,State + delay + graph,1.031168090478562,0.1709951542456495
RAFa4,unselected,state_delay_graph,State + delay + graph,1.0394504564275802,0.16757588981993957
RAFa4,unselected,state_delay_graph,State + delay + graph,1.0477328223765978,0.16417428961531055
RAFa4,unselected,state_delay_graph,State + delay + graph,1.056015188325616,0.16079244241689555
RAFa4,unselected,state_delay_graph,State + delay + graph,1.064297554274634,0.15743256119104782
RAFa4,unselected,state_delay_graph,State + delay + graph,1.0725799202236521,0.15409686019523097
RAFa4,unselected,state_delay_graph,State + delay + graph,1.0808622861726702,0.15078742997781297
RAFa4,unselected,state_delay_graph,State + delay + graph,1.0891446521216879,0.14750611758856097
RAFa4,unselected,state_delay_graph,State + delay + graph,1.097427018070706,0.14425441936624733
RAFa4,unselected,state_delay_graph,State + delay + graph,1.105709384019724,0.14103339323957065
RAFa4,unselected,state_delay_graph,State + delay + graph,1.1139917499687422,0.13784359657151196
RAFa4,unselected,state_delay_graph,State + delay + graph,1.1222741159177603,0.13468505423127528
RAFa4,unselected,state_delay_graph,State + delay + graph,1.1305564818667784,0.131557259863344
RAFa4,unselected,state_delay_graph,State + delay + graph,1.138838847815796,0.12845921134302618
RAFa4,unselected,state_delay_graph,State + delay + graph,1.1471212137648141,0.12538947929029942
RAFa4,unselected,state_delay_graph,State + delay + graph,1.1554035797138322,0.12234630540264979
RAFa4,unselected,state_delay_graph,State + delay + graph,1.1636859456628503,0.11932772541163879
RAFa4,unselected,state_delay_graph,State + delay + graph,1.1719683116118684,0.11633170980878167
RAFa4,unselected,state_delay_graph,State + delay + graph,1.1802506775608865,0.11335631424710196
RAFa4,unselected,state_delay_graph,State + delay + graph,1.1885330435099042,0.11039983079971853
RAFa4,unselected,state_delay_graph,State + delay + graph,1.1968154094589223,0.10746093110358715
RAFa4,unselected,state_delay_graph,State + delay + graph,1.2050977754079404,0.10453879285074608
RAFa4,unselected,state_delay_graph,State + delay + graph,1.2133801413569585,0.10163320208348645
RAFa4,unselected,state_delay_graph,State + delay + graph,1.2216625073059766,0.09874462523478837
RAFa4,unselected,state_delay_graph,State + delay + graph,1.2299448732549942,0.09587424672619138
RAFa4,unselected,state_delay_graph,State + delay + graph,1.2382272392040123,0.093023970059512
RAFa4,unselected,state_delay_graph,State + delay + graph,1.2465096051530304,0.09019638256678869
RAFa4,unselected,state_delay_graph,State + delay + graph,1.2547919711020485,0.08739468615950469
RAFa4,unselected,state_delay_graph,State + delay + graph,1.2630743370510666,0.08462259839503984
RAFa4,unselected,state_delay_graph,State + delay + graph,1.2713567030000847,0.08188422982463178
RAFa4,unselected,state_delay_graph,State + delay + graph,1.2796390689491024,0.07918394479939693
RAFa4,unselected,state_delay_graph,State + delay + graph,1.2879214348981205,0.07652621361986092
RAFa4,unselected,state_delay_graph,State + delay + graph,1.2962038008471386,0.07391546408918095
RAFa4,unselected,state_delay_graph,State + delay + graph,1.3044861667961567,0.07135594017945794
RAFa4,unselected,state_delay_graph,State + delay + graph,1.3127685327451748,0.06885157469029743
RAFa4,unselected,state_delay_graph,State + delay + graph,1.3210508986941925,0.06640588154766824
RAFa4,unselected,state_delay_graph,State + delay + graph,1.3293332646432106,0.06402187186315349
RAFa4,unselected,state_delay_graph,State + delay + graph,1.3376156305922287,0.06170199616949635
RAFa4,unselected,state_delay_graph,State + delay + graph,1.3458979965412468,0.05944811349553238
RAFa4,unselected,state_delay_graph,State + delay + graph,1.3541803624902649,0.057261486267045365
RAFa4,unselected,state_delay_graph,State + delay + graph,1.362462728439283,0.05514279853281914
RAFa4,unselected,state_delay_graph,State + delay + graph,1.3707450943883006,0.053092193810649495
RAFa4,unselected,state_delay_graph,State + delay + graph,1.3790274603373187,0.051109327994179034
RAFa4,unselected,state_delay_graph,State + delay + graph,1.3873098262863368,0.04919343229669754
RAFa4,unselected,state_delay_graph,State + delay + graph,1.395592192235355,0.04734338114018533
RAFa4,unselected,state_delay_graph,State + delay + graph,1.403874558184373,0.045557760204756534
RAFa4,unselected,state_delay_graph,State + delay + graph,1.4121569241333907,0.043834930486262344
RAFa4,unselected,state_delay_graph,State + delay + graph,1.4204392900824088,0.04217308509734558
RAFa4,unselected,state_delay_graph,State + delay + graph,1.4287216560314269,0.0405702966033733
RAFa4,unselected,state_delay_graph,State + delay + graph,1.437004021980445,0.03902455381492063
RAFa4,unselected,state_delay_graph,State + delay + graph,1.445286387929463,0.03753378806779623
RAFa4,unselected,state_delay_graph,State + delay + graph,1.4535687538784812,0.036095890021716204
RAFa4,unselected,state_delay_graph,State + delay + graph,1.4618511198274988,0.03470871882479343
RAFa4,unselected,state_delay_graph,State + delay + graph,1.470133485776517,0.03337010606681799
RAFa4,unselected,state_delay_graph,State + delay + graph,1.478415851725535,0.03207785724599928
RAFa4,unselected,state_delay_graph,State + delay + graph,1.4866982176745531,0.030829753491602694
RAFa4,unselected,state_delay_graph,State + delay + graph,1.4949805836235712,0.029623556032825456
RAFa4,unselected,state_delay_graph,State + delay + graph,1.5032629495725893,0.028457015418038807
RAFa4,unselected,state_delay_graph,State + delay + graph,1.511545315521607,0.027327886821878564
RAFa4,unselected,state_delay_graph,State + delay + graph,1.519827681470625,0.02623395199700798
RAFa4,unselected,state_delay_graph,State + delay + graph,1.5281100474196432,0.025173047605951855
RAFa4,unselected,state_delay_graph,State + delay + graph,1.5363924133686613,0.024143098879931588
RAFa4,unselected,state_delay_graph,State + delay + graph,1.5446747793176794,0.023142156864221823
RAFa4,unselected,state_delay_graph,State + delay + graph,1.552957145266697,0.022168436980330938
RAFa4,unselected,state_delay_graph,State + delay + graph,1.5612395112157151,0.021220356306159732
RAFa4,unselected,state_delay_graph,State + delay + graph,1.5695218771647332,0.020296566870113577
RAFa4,unselected,state_delay_graph,State + delay + graph,1.5778042431137513,0.019395982378601878
RAFa4,unselected,state_delay_graph,State + delay + graph,1.5860866090627694,0.018517796134474216
RAFa4,unselected,state_delay_graph,State + delay + graph,1.5943689750117875,0.017661488425939263
RAFa4,unselected,state_delay_graph,State + delay + graph,1.6026513409608052,0.016826822327173214
RAFa4,unselected,state_delay_graph,State + delay + graph,1.6109337069098233,0.016013827599544155
RAFa4,unselected,state_delay_graph,State + delay + graph,1.6192160728588414,0.015222773157866399
RAFa4,unselected,state_delay_graph,State + delay + graph,1.6274984388078595,0.014454129311083646
RAFa4,unselected,state_delay_graph,State + delay + graph,1.6357808047568776,0.013708521647452785
RAFa4,unselected,state_delay_graph,State + delay + graph,1.6440631707058952,0.0129866789650975
RAFa4,unselected,state_delay_graph,State + delay + graph,1.6523455366549133,0.012289378015312038
RAFa4,unselected,state_delay_graph,State + delay + graph,1.6606279026039314,0.011617388006842425
RAFa4,unselected,state_delay_graph,State + delay + graph,1.6689102685529495,0.010971417806986234
RAFa4,unselected,state_delay_graph,State + delay + graph,1.6771926345019676,0.010352068575737165
RAFa4,unselected,state_delay_graph,State + delay + graph,1.6854750004509857,0.00975979420073767
RAFa4,unselected,state_delay_graph,State + delay + graph,1.6937573664000034,0.009194871392345549
RAFa4,unselected,state_delay_graph,State + delay + graph,1.7020397323490215,0.008657380686505026
RAFa4,unselected,state_delay_graph,State + delay + graph,1.7103220982980396,0.008147198930355396
RAFa4,unselected,state_delay_graph,State + delay + graph,1.7186044642470577,0.007664003135888847
RAFa4,unselected,state_delay_graph,State + delay + graph,1.7268868301960758,0.0072072849241388934
RAFa4,unselected,state_delay_graph,State + delay + graph,1.7351691961450935,0.00677637418674343
RAFa4,unselected,state_delay_graph,State + delay + graph,1.7434515620941116,0.006370470098105728
RAFa4,unselected,state_delay_graph,State + delay + graph,1.7517339280431297,0.005988677247177409
RAFa4,unselected,state_delay_graph,State + delay + graph,1.7600162939921478,0.00563004444170232
RAFa4,unselected,state_delay_graph,State + delay + graph,1.7682986599411659,0.0052936036785792995
RAFa4,unselected,state_delay_graph,State + delay + graph,1.776581025890184,0.004978406870921269
RAFa4,unselected,state_delay_graph,State + delay + graph,1.7848633918392016,0.004683558164929809
RAFa4,unselected,state_delay_graph,State + delay + graph,1.7931457577882197,0.00440824004862789
RAFa4,unselected,state_delay_graph,State + delay + graph,1.8014281237372378,0.004151731923119562
RAFa4,unselected,state_delay_graph,State + delay + graph,1.809710489686256,0.003913420342995254
RAFa4,unselected,state_delay_graph,State + delay + graph,1.817992855635274,0.0036928006997720684
RAFa4,unselected,state_delay_graph,State + delay + graph,1.8262752215842921,0.0034894706835110452
RAFa4,unselected,state_delay_graph,State + delay + graph,1.8345575875333102,0.003303116376711648
RAFa4,unselected,observed,Observed actual,-1.8842247235757812,0.0039473977044349575
RAFa4,unselected,observed,Observed actual,-1.875942357626763,0.0042676984484473265
RAFa4,unselected,observed,Observed actual,-1.8676599916777452,0.004607920547826237
RAFa4,unselected,observed,Observed actual,-1.8593776257287271,0.00496873462445887
RAFa4,unselected,observed,Observed actual,-1.851095259779709,0.005350783566489702
RAFa4,unselected,observed,Observed actual,-1.8428128938306911,0.005754677452888817
RAFa4,unselected,observed,Observed actual,-1.834530527881673,0.006180988376816064
RAFa4,unselected,observed,Observed actual,-1.826248161932655,0.00663024520759937
RAFa4,unselected,observed,Observed actual,-1.817965795983637,0.007102928334973659
RAFa4,unselected,observed,Observed actual,-1.809683430034619,0.00759946444286414
RAFa4,unselected,observed,Observed actual,-1.801401064085601,0.008120221363385775
RAFa4,unselected,observed,Observed actual,-1.793118698136583,0.008665503064809753
RAFa4,unselected,observed,Observed actual,-1.7848363321875649,0.00923554482995431
RAFa4,unselected,observed,Observed actual,-1.776553966238547,0.009830508683735353
RAFa4,unselected,observed,Observed actual,-1.768271600289529,0.01045047913039933
RAFa4,unselected,observed,Observed actual,-1.7599892343405108,0.011095459262204257
RAFa4,unselected,observed,Observed actual,-1.751706868391493,0.011765367301959909
RAFa4,unselected,observed,Observed actual,-1.7434245024424748,0.012460033641838772
RAFa4,unselected,observed,Observed actual,-1.7351421364934567,0.013179198440181096
RAFa4,unselected,observed,Observed actual,-1.7268597705444388,0.013922509836607146
RAFa4,unselected,observed,Observed actual,-1.7185774045954207,0.014689522843585358
RAFa4,unselected,observed,Observed actual,-1.7102950386464029,0.01547969896966833
RAFa4,unselected,observed,Observed actual,-1.7020126726973848,0.01629240662588906
RAFa4,unselected,observed,Observed actual,-1.6937303067483667,0.017126922362300612
RAFa4,unselected,observed,Observed actual,-1.6854479407993488,0.0179824329763583
RAFa4,unselected,observed,Observed actual,-1.6771655748503307,0.01885803852879794
RAFa4,unselected,observed,Observed actual,-1.6688832089013126,0.01975275629588846
RAFa4,unselected,observed,Observed actual,-1.6606008429522947,0.02066552567947375
RAFa4,unselected,observed,Observed actual,-1.6523184770032766,0.021595214088116276
RAFa4,unselected,observed,Observed actual,-1.6440361110542585,0.022540623793976894
RAFa4,unselected,observed,Observed actual,-1.6357537451052406,0.023500499760886334
RAFa4,unselected,observed,Observed actual,-1.6274713791562225,0.024473538429461518
RAFa4,unselected,observed,Observed actual,-1.6191890132072047,0.025458397435190572
RAFa4,unselected,observed,Observed actual,-1.6109066472581866,0.026453706225251842
RAFa4,unselected,observed,Observed actual,-1.6026242813091685,0.027458077529549294
RAFa4,unselected,observed,Observed actual,-1.5943419153601504,0.02847011963115815
RAFa4,unselected,observed,Observed actual,-1.5860595494111325,0.02948844937118973
RAFa4,unselected,observed,Observed actual,-1.5777771834621144,0.030511705813132832
RAFa4,unselected,observed,Observed actual,-1.5694948175130965,0.03153856448212538
RAFa4,unselected,observed,Observed actual,-1.5612124515640784,0.03256775208548456
RAFa4,unselected,observed,Observed actual,-1.5529300856150603,0.033598061612289634
RAFa4,unselected,observed,Observed actual,-1.5446477196660424,0.0346283677019952
RAFa4,unselected,observed,Observed actual,-1.5363653537170243,0.035657642165060836
RAFa4,unselected,observed,Observed actual,-1.5280829877680064,0.036684969532525265
RAFa4,unselected,observed,Observed actual,-1.5198006218189883,0.03770956250643051
RAFa4,unselected,observed,Observed actual,-1.5115182558699702,0.03873077717909719
RAFa4,unselected,observed,Observed actual,-1.5032358899209521,0.0397481278865524
RAFa4,unselected,observed,Observed actual,-1.4949535239719343,0.040761301559975496
RAFa4,unselected,observed,Observed actual,-1.4866711580229162,0.04177017143891442
RAFa4,unselected,observed,Observed actual,-1.4783887920738983,0.04277481001126796
RAFa4,unselected,observed,Observed actual,-1.4701064261248802,0.043775501047659246
RAFa4,unselected,observed,Observed actual,-1.461824060175862,0.04477275060184189
RAFa4,unselected,observed,Observed actual,-1.4535416942268442,0.045767296854185915
RAFa4,unselected,observed,Observed actual,-1.445259328277826,0.04676011868205113
RAFa4,unselected,observed,Observed actual,-1.4369769623288082,0.04775244284893918
RAFa4,unselected,observed,Observed actual,-1.4286945963797901,0.04874574971366448
RAFa4,unselected,observed,Observed actual,-1.420412230430772,0.04974177737132371
RAFa4,unselected,observed,Observed actual,-1.412129864481754,0.05074252414949556
RAFa4,unselected,observed,Observed actual,-1.403847498532736,0.05175024939575893
RAFa4,unselected,observed,Observed actual,-1.395565132583718,0.052767472506173
RAFa4,unselected,observed,Observed actual,-1.3872827666347,0.053796970158687986
RAFa4,unselected,observed,Observed actual,-1.379000400685682,0.05484177173041944
RAFa4,unselected,observed,Observed actual,-1.3707180347366639,0.05590515289317376
RAFa4,unselected,observed,Observed actual,-1.3624356687876458,0.05699062739741292
RAFa4,unselected,observed,Observed actual,-1.354153302838628,0.0581019370708273
RAFa4,unselected,observed,Observed actual,-1.34587093688961,0.05924304007369363
RAFa4,unselected,observed,Observed actual,-1.337588570940592,0.06041809746905888
RAFa4,unselected,observed,Observed actual,-1.3293062049915738,0.06163145818135135
RAFa4,unselected,observed,Observed actual,-1.3210238390425557,0.06288764243210937
RAFa4,unselected,observed,Observed actual,-1.3127414730935378,0.06419132375597571
RAFa4,unselected,observed,Observed actual,-1.3044591071445197,0.06554730971377459
RAFa4,unselected,observed,Observed actual,-1.2961767411955019,0.06696052143221812
RAFa4,unselected,observed,Observed actual,-1.2878943752464838,0.06843597211143197
RAFa4,unselected,observed,Observed actual,-1.2796120092974657,0.06997874465191738
RAFa4,unselected,observed,Observed actual,-1.2713296433484476,0.07159396856164746
RAFa4,unselected,observed,Observed actual,-1.2630472773994297,0.07328679631162108
RAFa4,unselected,observed,Observed actual,-1.2547649114504118,0.0750623793142696
RAFa4,unselected,observed,Observed actual,-1.2464825455013937,0.07692584370353661
RAFa4,unselected,observed,Observed actual,-1.2382001795523756,0.07888226609816995
RAFa4,unselected,observed,Observed actual,-1.2299178136033575,0.0809366495307151
RAFa4,unselected,observed,Observed actual,-1.2216354476543396,0.08309389972384755
RAFa4,unselected,observed,Observed actual,-1.2133530817053215,0.085358801893007
RAFa4,unselected,observed,Observed actual,-1.2050707157563036,0.08773599824979983
RAFa4,unselected,observed,Observed actual,-1.1967883498072855,0.09022996637433613
RAFa4,unselected,observed,Observed actual,-1.1885059838582674,0.09284499861659241
RAFa4,unselected,observed,Observed actual,-1.1802236179092493,0.0955851826771147
RAFa4,unselected,observed,Observed actual,-1.1719412519602315,0.09845438350595152
RAFa4,unselected,observed,Observed actual,-1.1636588860112136,0.10145622664574681
RAFa4,unselected,observed,Observed actual,-1.1553765200621955,0.1045940831305272
RAFa4,unselected,observed,Observed actual,-1.1470941541131774,0.1078710560360287
RAFa4,unselected,observed,Observed actual,-1.1388117881641593,0.11128996876056217
RAFa4,unselected,observed,Observed actual,-1.1305294222151412,0.11485335509758754
RAFa4,unselected,observed,Observed actual,-1.1222470562661233,0.11856345114253307
RAFa4,unselected,observed,Observed actual,-1.1139646903171054,0.12242218905714046
RAFa4,unselected,observed,Observed actual,-1.1056823243680873,0.126431192694969
RAFa4,unselected,observed,Observed actual,-1.0973999584190692,0.130591775071835
RAFa4,unselected,observed,Observed actual,-1.0891175924700511,0.13490493764515768
RAFa4,unselected,observed,Observed actual,-1.0808352265210333,0.13937137134662914
RAFa4,unselected,observed,Observed actual,-1.0725528605720152,0.14399145929357357
RAFa4,unselected,observed,Observed actual,-1.0642704946229973,0.14876528108605122
RAFa4,unselected,observed,Observed actual,-1.0559881286739792,0.15369261857940494
RAFa4,unselected,observed,Observed actual,-1.047705762724961,0.15877296300579943
RAFa4,unselected,observed,Observed actual,-1.039423396775943,0.16400552330356108
RAFa4,unselected,observed,Observed actual,-1.031141030826925,0.1693892355000181
RAFa4,unselected,observed,Observed actual,-1.0228586648779072,0.17492277298224937
RAFa4,unselected,observed,Observed actual,-1.0145762989288891,0.18060455748085646
RAFa4,unselected,observed,Observed actual,-1.006293932979871,0.18643277058474583
RAFa4,unselected,observed,Observed actual,-0.998011567030853,0.19240536560006571
RAFa4,unselected,observed,Observed actual,-0.989729201081835,0.19852007956400142
RAFa4,unselected,observed,Observed actual,-0.9814468351328169,0.20477444522417804
RAFa4,unselected,observed,Observed actual,-0.973164469183799,0.2111658027969959
RAFa4,unselected,observed,Observed actual,-0.964882103234781,0.2176913113233468
RAFa4,unselected,observed,Observed actual,-0.9565997372857629,0.22434795944781458
RAFa4,unselected,observed,Observed actual,-0.9483173713367449,0.2311325754576071
RAFa4,unselected,observed,Observed actual,-0.9400350053877269,0.23804183643000212
RAFa4,unselected,observed,Observed actual,-0.9317526394387089,0.24507227635188678
RAFa4,unselected,observed,Observed actual,-0.9234702734896908,0.2522202930919139
RAFa4,unselected,observed,Observed actual,-0.9151879075406728,0.2594821541246341
RAFa4,unselected,observed,Observed actual,-0.9069055415916548,0.26685400092652506
RAFa4,unselected,observed,Observed actual,-0.8986231756426368,0.2743318519858536
RAFa4,unselected,observed,Observed actual,-0.8903408096936187,0.28191160439148705
RAFa4,unselected,observed,Observed actual,-0.8820584437446006,0.2895890339898369
RAFa4,unselected,observed,Observed actual,-0.8737760777955828,0.29735979412372615
RAFa4,unselected,observed,Observed actual,-0.8654937118465647,0.305219412991812
RAFa4,unselected,observed,Observed actual,-0.8572113458975468,0.31316328969190044
RAFa4,unselected,observed,Observed actual,-0.8489289799485287,0.321186689035715
RAFa4,unselected,observed,Observed actual,-0.8406466139995106,0.32928473524608765
RAFa4,unselected,observed,Observed actual,-0.8323642480504927,0.3374524046697611
RAFa4,unselected,observed,Observed actual,-0.8240818821014746,0.3456845176597121
RAFa4,unselected,observed,Observed actual,-0.8157995161524565,0.3539757297997902
RAFa4,unselected,observed,Observed actual,-0.8075171502034386,0.3623205226612413
RAFa4,unselected,observed,Observed actual,-0.7992347842544205,0.3707131942950405
RAFa4,unselected,observed,Observed actual,-0.7909524183054024,0.3791478496757199
RAFa4,unselected,observed,Observed actual,-0.7826700523563845,0.3876183913212508
RAFa4,unselected,observed,Observed actual,-0.7743876864073664,0.39611851031946305
RAFa4,unselected,observed,Observed actual,-0.7661053204583486,0.40464167799423706
RAFa4,unselected,observed,Observed actual,-0.7578229545093305,0.4131811384443012
RAFa4,unselected,observed,Observed actual,-0.7495405885603124,0.42172990218377626
RAFa4,unselected,observed,Observed actual,-0.7412582226112945,0.43028074110676373
RAFa4,unselected,observed,Observed actual,-0.7329758566622764,0.43882618498821097
RAFa4,unselected,observed,Observed actual,-0.7246934907132583,0.4473585197202312
RAFa4,unselected,observed,Observed actual,-0.7164111247642404,0.45586978746707496
RAFa4,unselected,observed,Observed actual,-0.7081287588152223,0.4643517889033047
RAFa4,unselected,observed,Observed actual,-0.6998463928662042,0.4727960876785889
RAFa4,unselected,observed,Observed actual,-0.6915640269171863,0.4811940172292736
RAFa4,unselected,observed,Observed actual,-0.6832816609681682,0.48953669003168954
RAFa4,unselected,observed,Observed actual,-0.6749992950191501,0.49781500936547146
RAFa4,unselected,observed,Observed actual,-0.6667169290701322,0.5060196836272571
RAFa4,unselected,observed,Observed actual,-0.6584345631211141,0.5141412432064524
RAFa4,unselected,observed,Observed actual,-0.6501521971720963,0.5221700599055591
RAFa4,unselected,observed,Observed actual,-0.6418698312230782,0.530096368858437
RAFa4,unselected,observed,Observed actual,-0.6335874652740601,0.5379102928709331
RAFa4,unselected,observed,Observed actual,-0.6253050993250422,0.5456018690802206
RAFa4,unselected,observed,Observed actual,-0.6170227333760241,0.5531610778020601
RAFa4,unselected,observed,Observed actual,-0.608740367427006,0.5605778734095129
RAFa4,unselected,observed,Observed actual,-0.6004580014779881,0.5678422170626793
RAFa4,unselected,observed,Observed actual,-0.59217563552897,0.5749441110870545
RAFa4,unselected,observed,Observed actual,-0.5838932695799519,0.5818736347784094
RAFa4,unselected,observed,Observed actual,-0.575610903630934,0.5886209813948562
RAFa4,unselected,observed,Observed actual,-0.5673285376819159,0.5951764960821843
RAFa4,unselected,observed,Observed actual,-0.5590461717328981,0.6015307144667759
RAFa4,unselected,observed,Observed actual,-0.55076380578388,0.6076744016414711
RAFa4,unselected,observed,Observed actual,-0.5424814398348619,0.6135985912638301
RAFa4,unselected,observed,Observed actual,-0.534199073885844,0.6192946244831605
RAFa4,unselected,observed,Observed actual,-0.5259167079368259,0.6247541884126093
RAFa4,unselected,observed,Observed actual,-0.5176343419878078,0.6299693538653377
RAFa4,unselected,observed,Observed actual,-0.5093519760387899,0.6349326120792956
RAFa4,unselected,observed,Observed actual,-0.5010696100897718,0.6396369101631962
RAFa4,unselected,observed,Observed actual,-0.4927872441407537,0.6440756850068126
RAFa4,unselected,observed,Observed actual,-0.4845048781917358,0.6482428954115507
RAFa4,unselected,observed,Observed actual,-0.4762225122427177,0.6521330522120216
RAFa4,unselected,observed,Observed actual,-0.4679401462936996,0.6557412461759904
RAFa4,unselected,observed,Observed actual,-0.45965778034468174,0.6590631734883058
RAFa4,unselected,observed,Observed actual,-0.45137541439566364,0.662095158643906
RAFa4,unselected,observed,Observed actual,-0.44309304844664577,0.6648341745955776
RAFa4,unselected,observed,Observed actual,-0.43481068249762767,0.6672778600236037
RAFa4,unselected,observed,Observed actual,-0.42652831654860957,0.6694245336163386
RAFa4,unselected,observed,Observed actual,-0.4182459505995917,0.6712732052731284
RAFa4,unselected,observed,Observed actual,-0.4099635846505736,0.6728235841633383
RAFa4,unselected,observed,Observed actual,-0.4016812187015555,0.6740760835976093
RAFa4,unselected,observed,Observed actual,-0.3933988527525376,0.6750318226894085
RAFa4,unselected,observed,Observed actual,-0.3851164868035195,0.6756926248064719
RAFa4,unselected,observed,Observed actual,-0.3768341208545014,0.6760610128326016
RAFa4,unselected,observed,Observed actual,-0.36855175490548353,0.6761402012802901
RAFa4,unselected,observed,Observed actual,-0.36026938895646543,0.6759340853138592
RAFa4,unselected,observed,Observed actual,-0.35198702300744733,0.6754472267608689
RAFa4,unselected,observed,Observed actual,-0.34370465705842945,0.6746848372065939
RAFa4,unselected,observed,Observed actual,-0.33542229110941135,0.67365275828221
RAFa4,unselected,observed,Observed actual,-0.3271399251603935,0.6723574392719196
RAFa4,unselected,observed,Observed actual,-0.3188575592113754,0.6708059121776146
RAFa4,unselected,observed,Observed actual,-0.3105751932623573,0.6690057643916854
RAFa4,unselected,observed,Observed actual,-0.3022928273133394,0.6669651091393554
RAFa4,unselected,observed,Observed actual,-0.2940104613643213,0.664692553861305
RAFa4,unselected,observed,Observed actual,-0.2857280954153032,0.6621971667154624
RAFa4,unselected,observed,Observed actual,-0.2774457294662853,0.6594884413836491
RAFa4,unselected,observed,Observed actual,-0.2691633635172672,0.656576260374229
RAFa4,unselected,observed,Observed actual,-0.2608809975682491,0.653470857016196
RAFa4,unselected,observed,Observed actual,-0.25259863161923124,0.6501827763430604
RAFa4,unselected,observed,Observed actual,-0.24431626567021314,0.6467228350666675
RAFa4,unselected,observed,Observed actual,-0.23603389972119526,0.6431020808416339
RAFa4,unselected,observed,Observed actual,-0.22775153377217716,0.6393317510204353
RAFa4,unselected,observed,Observed actual,-0.21946916782315906,0.6354232310974575
RAFa4,unselected,observed,Observed actual,-0.21118680187414118,0.6313880130374199
RAFa4,unselected,observed,Observed actual,-0.20290443592512308,0.6272376536796825
RAFa4,unselected,observed,Observed actual,-0.19462206997610498,0.6229837334049991
RAFa4,unselected,observed,Observed actual,-0.1863397040270871,0.6186378152453593
RAFa4,unselected,observed,Observed actual,-0.178057338078069,0.6142114046107652
RAFa4,unselected,observed,Observed actual,-0.1697749721290509,0.6097159097991102
RAFa4,unselected,observed,Observed actual,-0.16149260618003303,0.605162603446905
RAFa4,unselected,observed,Observed actual,-0.15321024023101493,0.6005625850694362
RAFa4,unselected,observed,Observed actual,-0.14492787428199683,0.5959267448292322
RAFa4,unselected,observed,Observed actual,-0.13664550833297895,0.5912657286614292
RAFa4,unselected,observed,Observed actual,-0.12836314238396085,0.5865899048739731
RAFa4,unselected,observed,Observed actual,-0.12008077643494297,0.5819093323296143
RAFa4,unselected,observed,Observed actual,-0.11179841048592487,0.5772337303054841
RAFa4,unselected,observed,Observed actual,-0.10351604453690677,0.5725724501148445
RAFa4,unselected,observed,Observed actual,-0.09523367858788889,0.5679344485643575
RAFa4,unselected,observed,Observed actual,-0.08695131263887079,0.5633282633092892
RAFa4,unselected,observed,Observed actual,-0.07866894668985269,0.5587619901582954
RAFa4,unselected,observed,Observed actual,-0.07038658074083481,0.5542432623691603
RAFa4,unselected,observed,Observed actual,-0.062104214791816714,0.5497792319670672
RAFa4,unselected,observed,Observed actual,-0.053821848842798614,0.5453765531078235
RAFa4,unselected,observed,Observed actual,-0.045539482893780736,0.5410413674999826
RAFa4,unselected,observed,Observed actual,-0.037257116944762636,0.5367792918921683
RAFa4,unselected,observed,Observed actual,-0.028974750995744536,0.5325954076250148
RAFa4,unselected,observed,Observed actual,-0.020692385046726658,0.5284942522412037
RAFa4,unselected,observed,Observed actual,-0.012410019097708558,0.5244798131419885
RAFa4,unselected,observed,Observed actual,-0.00412765314869068,0.52055552327439
RAFa4,unselected,observed,Observed actual,0.00415471280032742,0.5167242588299332
RAFa4,unselected,observed,Observed actual,0.01243707874934552,0.5129883389332316
RAFa4,unselected,observed,Observed actual,0.0207194446983634,0.5093495272969468
RAFa4,unselected,observed,Observed actual,0.0290018106473815,0.5058090358184674
RAFa4,unselected,observed,Observed actual,0.0372841765963996,0.5023675300930052
RAFa4,unselected,observed,Observed actual,0.04556654254541748,0.49902513681753985
RAFa4,unselected,observed,Observed actual,0.05384890849443558,0.4957814530600145
RAFa4,unselected,observed,Observed actual,0.06213127444345368,0.4926355573682128
RAFa4,unselected,observed,Observed actual,0.07041364039247155,0.4895860226927085
RAFa4,unselected,observed,Observed actual,0.07869600634148965,0.48663093109791733
RAFa4,unselected,observed,Observed actual,0.08697837229050753,0.4837678902345321
RAFa4,unselected,observed,Observed actual,0.09526073823952563,0.48099405154520036
RAFa4,unselected,observed,Observed actual,0.10354310418854373,0.47830613017313217
RAFa4,unselected,observed,Observed actual,0.11182547013756161,0.4757004265402366
RAFa4,unselected,observed,Observed actual,0.12010783608657993,0.4731728495572118
RAFa4,unselected,observed,Observed actual,0.1283902020355976,0.4707189414227394
RAFa4,unselected,observed,Observed actual,0.1366725679846157,0.4683339039623748
RAFa4,unselected,observed,Observed actual,0.1449549339336338,0.4660126264499449
RAFa4,unselected,observed,Observed actual,0.1532372998826519,0.46374971484516364
RAFa4,unselected,observed,Observed actual,0.16151966583167,0.4615395223708446
RAFa4,unselected,observed,Observed actual,0.16980203178068765,0.459376181341568
RAFa4,unselected,observed,Observed actual,0.17808439772970575,0.4572536361430314
RAFa4,unselected,observed,Observed actual,0.18636676367872385,0.455165677247777
RAFa4,unselected,observed,Observed actual,0.19464912962774195,0.45310597613864845
RAFa4,unselected,observed,Observed actual,0.20293149557676005,0.4510681209964912
RAFa4,unselected,observed,Observed actual,0.21121386152577815,0.449045652993427
RAFa4,unselected,observed,Observed actual,0.2194962274747958,0.44703210301786095
RAFa4,unselected,observed,Observed actual,0.2277785934238139,0.4450210286424682
RAFa4,unselected,observed,Observed actual,0.236060959372832,0.4430060511321221
RAFa4,unselected,observed,Observed actual,0.2443433253218501,0.44098089227533066
RAFa4,unselected,observed,Observed actual,0.2526256912708682,0.438939410810682
RAFa4,unselected,observed,Observed actual,0.26090805721988586,0.43687563820929837
RAFa4,unselected,observed,Observed actual,0.26919042316890396,0.43478381356576873
RAFa4,unselected,observed,Observed actual,0.27747278911792206,0.43265841734375615
RAFa4,unselected,observed,Observed actual,0.28575515506694016,0.4304942037187421
RAFa4,unselected,observed,Observed actual,0.29403752101595826,0.42828623125947496
RAFa4,unselected,observed,Observed actual,0.30231988696497636,0.4260298916918275
RAFa4,unselected,observed,Observed actual,0.310602252913994,0.423720936494134
RAFa4,unselected,observed,Observed actual,0.3188846188630121,0.4213555010818273
RAFa4,unselected,observed,Observed actual,0.3271669848120302,0.41893012635138227
RAFa4,unselected,observed,Observed actual,0.3354493507610483,0.41644177736924165
RAFa4,unselected,observed,Observed actual,0.3437317167100664,0.41388785901051955
RAFa4,unselected,observed,Observed actual,0.35201408265908407,0.41126622837475485
RAFa4,unselected,observed,Observed actual,0.36029644860810217,0.40857520383162443
RAFa4,unselected,observed,Observed actual,0.36857881455712027,0.4058135705781979
RAFa4,unselected,observed,Observed actual,0.37686118050613837,0.40298058262061165
RAFa4,unselected,observed,Observed actual,0.38514354645515647,0.40007596112675364
RAFa4,unselected,observed,Observed actual,0.39342591240417457,0.39709988913219374
RAFa4,unselected,observed,Observed actual,0.4017082783531922,0.39405300261878473
RAFa4,unselected,observed,Observed actual,0.4099906443022103,0.39093637802357906
RAFa4,unselected,observed,Observed actual,0.4182730102512284,0.3877515162744918
RAFa4,unselected,observed,Observed actual,0.4265553762002465,0.3845003234878777
RAFa4,unselected,observed,Observed actual,0.43483774214926463,0.3811850885013777
RAFa4,unselected,observed,Observed actual,0.44312010809828273,0.37780845745246455
RAFa4,unselected,observed,Observed actual,0.4514024740473004,0.37437340564843113
RAFa4,unselected,observed,Observed actual,0.4596848399963185,0.3708832070066839
RAFa4,unselected,observed,Observed actual,0.4679672059453366,0.36734140137448124
RAFa4,unselected,observed,Observed actual,0.4762495718943547,0.36375176006425297
RAFa4,unselected,observed,Observed actual,0.4845319378433728,0.360118249963872
RAFa4,unselected,observed,Observed actual,0.49281430379239044,0.35644499660029283
RAFa4,unselected,observed,Observed actual,0.5010966697414085,0.35273624654947033
RAFa4,unselected,observed,Observed actual,0.5093790356904266,0.3489963295951472
RAFa4,unselected,observed,Observed actual,0.5176614016394447,0.34522962104368343
RAFa4,unselected,observed,Observed actual,0.5259437675884628,0.34144050460148967
RAFa4,unselected,observed,Observed actual,0.5342261335374809,0.337633336215697
RAFa4,unselected,observed,Observed actual,0.5425084994864986,0.33381240926750777
RAFa4,unselected,observed,Observed actual,0.5507908654355167,0.32998192149124644
RAFa4,unselected,observed,Observed actual,0.5590732313845348,0.32614594397072455
RAFa4,unselected,observed,Observed actual,0.5673555973335529,0.3223083925383058
RAFa4,unselected,observed,Observed actual,0.575637963282571,0.3184730018714015
RAFa4,unselected,observed,Observed actual,0.5839203292315887,0.31464330254642103
RAFa4,unselected,observed,Observed actual,0.5922026951806068,0.3108226012718819
RAFa4,unselected,observed,Observed actual,0.6004850611296249,0.30701396448104
RAFa4,unselected,observed,Observed actual,0.608767427078643,0.3032202054205273
RAFa4,unselected,observed,Observed actual,0.617049793027661,0.2994438748257525
RAFa4,unselected,observed,Observed actual,0.6253321589766792,0.29568725522688916
RAFa4,unselected,observed,Observed actual,0.6336145249256968,0.29195235888173926
RAFa4,unselected,observed,Observed actual,0.6418968908747149,0.28824092928440564
RAFa4,unselected,observed,Observed actual,0.650179256823733,0.2845544461521294
RAFa4,unselected,observed,Observed actual,0.6584616227727511,0.2808941337475629
RAFa4,unselected,observed,Observed actual,0.6667439887217692,0.277260972350803
RAFa4,unselected,observed,Observed actual,0.6750263546707869,0.2736557126552994
RAFa4,unselected,observed,Observed actual,0.683308720619805,0.270078892824871
RAFa4,unselected,observed,Observed actual,0.6915910865688231,0.2665308579160405
RAFa4,unselected,observed,Observed actual,0.6998734525178412,0.2630117813411644
RAFa4,unselected,observed,Observed actual,0.7081558184668593,0.2595216880238384
RAFa4,unselected,observed,Observed actual,0.7164381844158774,0.2560604788790759
RAFa4,unselected,observed,Observed actual,0.724720550364895,0.25262795623707096
RAFa4,unselected,observed,Observed actual,0.7330029163139131,0.24922384982110404
RAFa4,unselected,observed,Observed actual,0.7412852822629312,0.24584784288745168
RAFa4,unselected,observed,Observed actual,0.7495676482119493,0.24249959813796088
RAFa4,unselected,observed,Observed actual,0.7578500141609674,0.23917878302422285
RAFa4,unselected,observed,Observed actual,0.7661323801099851,0.23588509407581768
RAFa4,unselected,observed,Observed actual,0.7744147460590032,0.23261827990367223
RAFa4,unselected,observed,Observed actual,0.7826971120080213,0.22937816255288043
RAFa4,unselected,observed,Observed actual,0.7909794779570394,0.22616465690693985
RAFa4,unselected,observed,Observed actual,0.7992618439060575,0.22297778787689218
RAFa4,unselected,observed,Observed actual,0.8075442098550756,0.2198177051437428
RAFa4,unselected,observed,Observed actual,0.8158265758040932,0.21668469526028586
RAFa4,unselected,observed,Observed actual,0.8241089417531113,0.21357919095847422
RAFa4,unselected,observed,Observed actual,0.8323913077021294,0.21050177755014784
RAFa4,unselected,observed,Observed actual,0.8406736736511475,0.2074531963516498
RAFa4,unselected,observed,Observed actual,0.8489560396001656,0.20443434510598477
RAFa4,unselected,observed,Observed actual,0.8572384055491837,0.20144627541910476
RAFa4,unselected,observed,Observed actual,0.8655207714982014,0.19849018726898682
RAFa4,unselected,observed,Observed actual,0.8738031374472195,0.19556742068686808
RAFa4,unselected,observed,Observed actual,0.8820855033962376,0.19267944474871587
RAFa4,unselected,observed,Observed actual,0.8903678693452557,0.18982784405123415
RAFa4,unselected,observed,Observed actual,0.8986502352942738,0.18701430287997642
RAFa4,unselected,observed,Observed actual,0.9069326012432914,0.184240587307017
RAFa4,unselected,observed,Observed actual,0.9152149671923095,0.18150852548174343
RAFa4,unselected,observed,Observed actual,0.9234973331413276,0.17881998640042707
RAFa4,unselected,observed,Observed actual,0.9317796990903457,0.17617685745798375
RAFa4,unselected,observed,Observed actual,0.9400620650393638,0.173581021098662
RAFa4,unselected,observed,Observed actual,0.948344430988382,0.1710343308911254
RAFa4,unselected,observed,Observed actual,0.9566267969373996,0.1685385873575314
RAFa4,unselected,observed,Observed actual,0.9649091628864177,0.16609551388575913
RAFa4,unselected,observed,Observed actual,0.9731915288354358,0.16370673304900957
RAFa4,unselected,observed,Observed actual,0.9814738947844539,0.16137374364773738
RAFa4,unselected,observed,Observed actual,0.989756260733472,0.15909789877551284
RAFa4,unselected,observed,Observed actual,0.9980386266824897,0.15688038519318726
RAFa4,unselected,observed,Observed actual,1.0063209926315078,0.15472220427499672
RAFa4,unselected,observed,Observed actual,1.0146033585805259,0.15262415476632302
RAFa4,unselected,observed,Observed actual,1.022885724529544,0.1505868175661382
RAFa4,unselected,observed,Observed actual,1.031168090478562,0.14861054271811916
RAFa4,unselected,observed,Observed actual,1.0394504564275802,0.14669543876346908
RAFa4,unselected,observed,Observed actual,1.0477328223765978,0.14484136457609723
RAFa4,unselected,observed,Observed actual,1.056015188325616,0.14304792376744596
RAFa4,unselected,observed,Observed actual,1.064297554274634,0.14131446171439999
RAFa4,unselected,observed,Observed actual,1.0725799202236521,0.13964006522983147
RAFa4,unselected,observed,Observed actual,1.0808622861726702,0.13802356486188608
RAFa4,unselected,observed,Observed actual,1.0891446521216879,0.1364635397755339
RAFa4,unselected,observed,Observed actual,1.097427018070706,0.13495832513862716
RAFa4,unselected,observed,Observed actual,1.105709384019724,0.13350602190510255
RAFa4,unselected,observed,Observed actual,1.1139917499687422,0.13210450886040043
RAFa4,unselected,observed,Observed actual,1.1222741159177603,0.13075145676897656
RAFa4,unselected,observed,Observed actual,1.1305564818667784,0.12944434444121514
RAFa4,unselected,observed,Observed actual,1.138838847815796,0.12818047651738554
RAFa4,unselected,observed,Observed actual,1.1471212137648141,0.1269570027496719
RAFa4,unselected,observed,Observed actual,1.1554035797138322,0.12577093854993132
RAFa4,unselected,observed,Observed actual,1.1636859456628503,0.12461918656077105
RAFa4,unselected,observed,Observed actual,1.1719683116118684,0.12349855900084737
RAFa4,unselected,observed,Observed actual,1.1802506775608865,0.12240580053197951
RAFa4,unselected,observed,Observed actual,1.1885330435099042,0.12133761139568805
RAFa4,unselected,observed,Observed actual,1.1968154094589223,0.12029067057004193
RAFa4,unselected,observed,Observed actual,1.2050977754079404,0.11926165870408943
RAFa4,unselected,observed,Observed actual,1.2133801413569585,0.11824728059648099
RAFa4,unselected,observed,Observed actual,1.2216625073059766,0.11724428699698702
RAFa4,unselected,observed,Observed actual,1.2299448732549942,0.11624949552420669
RAFa4,unselected,observed,Observed actual,1.2382272392040123,0.11525981050959846
RAFa4,unselected,observed,Observed actual,1.2465096051530304,0.11427224159675813
RAFa4,unselected,observed,Observed actual,1.2547919711020485,0.11328392094529433
RAFa4,unselected,observed,Observed actual,1.2630743370510666,0.11229211891040079
RAFa4,unselected,observed,Observed actual,1.2713567030000847,0.11129425809194343
RAFa4,unselected,observed,Observed actual,1.2796390689491024,0.11028792567023782
RAFa4,unselected,observed,Observed actual,1.2879214348981205,0.10927088396934641
RAFa4,unselected,observed,Observed actual,1.2962038008471386,0.10824107921232747
RAFa4,unselected,observed,Observed actual,1.3044861667961567,0.1071966484561004
RAFa4,unselected,observed,Observed actual,1.3127685327451748,0.10613592471613542
RAFa4,unselected,observed,Observed actual,1.3210508986941925,0.10505744031272644
RAFa4,unselected,observed,Observed actual,1.3293332646432106,0.1039599284909015
RAFa4,unselected,observed,Observed actual,1.3376156305922287,0.10284232338479979
RAFa4,unselected,observed,Observed actual,1.3458979965412468,0.10170375841438711
RAFa4,unselected,observed,Observed actual,1.3541803624902649,0.10054356321750223
RAFa4,unselected,observed,Observed actual,1.362462728439283,0.09936125923325577
RAFa4,unselected,observed,Observed actual,1.3707450943883006,0.09815655406364066
RAFa4,unselected,observed,Observed actual,1.3790274603373187,0.09692933474875198
RAFa4,unselected,observed,Observed actual,1.3873098262863368,0.09567966009722459
RAFa4,unselected,observed,Observed actual,1.395592192235355,0.09440775221735037
RAFa4,unselected,observed,Observed actual,1.403874558184373,0.0931139873958814
RAFa4,unselected,observed,Observed actual,1.4121569241333907,0.09179888647079373
RAFa4,unselected,observed,Observed actual,1.4204392900824088,0.09046310484140054
RAFa4,unselected,observed,Observed actual,1.4287216560314269,0.08910742225427035
RAFa4,unselected,observed,Observed actual,1.437004021980445,0.08773273249658335
RAFa4,unselected,observed,Observed actual,1.445286387929463,0.08634003312003823
RAFa4,unselected,observed,Observed actual,1.4535687538784812,0.0849304153083895
RAFa4,unselected,observed,Observed actual,1.4618511198274988,0.08350505399038623
RAFa4,unselected,observed,Observed actual,1.470133485776517,0.08206519828751846
RAFa4,unselected,observed,Observed actual,1.478415851725535,0.08061216237282283
RAFa4,unselected,observed,Observed actual,1.4866982176745531,0.07914731680328348
RAFa4,unselected,observed,Observed actual,1.4949805836235712,0.07767208037435934
RAFa4,unselected,observed,Observed actual,1.5032629495725893,0.07618791253111681
RAFa4,unselected,observed,Observed actual,1.511545315521607,0.07469630635659365
RAFa4,unselected,observed,Observed actual,1.519827681470625,0.07319878214460139
RAFa4,unselected,observed,Observed actual,1.5281100474196432,0.07169688155140497
RAFa4,unselected,observed,Observed actual,1.5363924133686613,0.07019216230880632
RAFa4,unselected,observed,Observed actual,1.5446747793176794,0.06868619347028063
RAFa4,unselected,observed,Observed actual,1.552957145266697,0.06718055115212905
RAFa4,unselected,observed,Observed actual,1.5612395112157151,0.06567681472325027
RAFa4,unselected,observed,Observed actual,1.5695218771647332,0.06417656339020804
RAFa4,unselected,observed,Observed actual,1.5778042431137513,0.06268137311884213
RAFa4,unselected,observed,Observed actual,1.5860866090627694,0.06119281382981052
RAFa4,unselected,observed,Observed actual,1.5943689750117875,0.059712446803152554
RAFa4,unselected,observed,Observed actual,1.6026513409608052,0.05824182222623889
RAFa4,unselected,observed,Observed actual,1.6109337069098233,0.056782476820271516
RAFa4,unselected,observed,Observed actual,1.6192160728588414,0.05533593148276858
RAFa4,unselected,observed,Observed actual,1.6274984388078595,0.05390368888710577
RAFa4,unselected,observed,Observed actual,1.6357808047568776,0.05248723098510389
RAFa4,unselected,observed,Observed actual,1.6440631707058952,0.05108801636469817
RAFa4,unselected,observed,Observed actual,1.6523455366549133,0.0497074774217685
RAFa4,unselected,observed,Observed actual,1.6606279026039314,0.04834701731308323
RAFa4,unselected,observed,Observed actual,1.6689102685529495,0.04700800666584016
RAFa4,unselected,observed,Observed actual,1.6771926345019676,0.04569178002830721
RAFa4,unselected,observed,Observed actual,1.6854750004509857,0.044399632055376004
RAFa4,unselected,observed,Observed actual,1.6937573664000034,0.04313281343227375
RAFa4,unselected,observed,Observed actual,1.7020397323490215,0.04189252654903999
RAFa4,unselected,observed,Observed actual,1.7103220982980396,0.040679920947498824
RAFa4,unselected,observed,Observed actual,1.7186044642470577,0.03949608857116816
RAFa4,unselected,observed,Observed actual,1.7268868301960758,0.038342058856694915
RAFa4,unselected,observed,Observed actual,1.7351691961450935,0.0372187937128441
RAFa4,unselected,observed,Observed actual,1.7434515620941116,0.03612718243966762
RAFa4,unselected,observed,Observed actual,1.7517339280431297,0.03506803664613621
RAFa4,unselected,observed,Observed actual,1.7600162939921478,0.03404208522912627
RAFa4,unselected,observed,Observed actual,1.7682986599411659,0.03304996948015955
RAFa4,unselected,observed,Observed actual,1.776581025890184,0.03209223838862517
RAFa4,unselected,observed,Observed actual,1.7848633918392016,0.031169344211356986
RAFa4,unselected,observed,Observed actual,1.7931457577882197,0.030281638378366203
RAFa4,unselected,observed,Observed actual,1.8014281237372378,0.029429367803265324
RAFa4,unselected,observed,Observed actual,1.809710489686256,0.028612671664475686
RAFa4,unselected,observed,Observed actual,1.817992855635274,0.027831578719748718
RAFa4,unselected,observed,Observed actual,1.8262752215842921,0.027086005211904136
RAFa4,unselected,observed,Observed actual,1.8345575875333102,0.026375753418080277
