node,role,standardized_amplitude,series,density
RPFa3,selected SOZ,-1.7277853642874588,Observed ictal,8.7552284098607e-06
RPFa3,selected SOZ,-1.7165772966871096,Observed ictal,1.1612424740756753e-05
RPFa3,selected SOZ,-1.7053692290867606,Observed ictal,1.5334258063614327e-05
RPFa3,selected SOZ,-1.6941611614864114,Observed ictal,2.0160098066410488e-05
RPFa3,selected SOZ,-1.6829530938860622,Observed ictal,2.63887100633077e-05
RPFa3,selected SOZ,-1.671745026285713,Observed ictal,3.439101516252001e-05
RPFa3,selected SOZ,-1.660536958685364,Observed ictal,4.4625062237831304e-05
RPFa3,selected SOZ,-1.6493288910850148,Observed ictal,5.765346236168649e-05
RPFa3,selected SOZ,-1.6381208234846656,Observed ictal,7.41635320960999e-05
RPFa3,selected SOZ,-1.6269127558843166,Observed ictal,9.499037777524751e-05
RPFa3,selected SOZ,-1.6157046882839674,Observed ictal,0.00012114312642028104
RPFa3,selected SOZ,-1.6044966206836182,Observed ictal,0.0001538344679045329
RPFa3,selected SOZ,-1.5932885530832692,Observed ictal,0.00019451361516604538
RPFa3,selected SOZ,-1.58208048548292,Observed ictal,0.00024490271252403497
RPFa3,selected SOZ,-1.5708724178825708,Observed ictal,0.00030703662467224823
RPFa3,selected SOZ,-1.5596643502822216,Observed ictal,0.0003833059193364515
RPFa3,selected SOZ,-1.5484562826818726,Observed ictal,0.00047650271419092066
RPFa3,selected SOZ,-1.5372482150815234,Observed ictal,0.0005898688935821879
RPFa3,selected SOZ,-1.5260401474811742,Observed ictal,0.0007271460141236101
RPFa3,selected SOZ,-1.5148320798808252,Observed ictal,0.0008926260127838591
RPFa3,selected SOZ,-1.503624012280476,Observed ictal,0.0010912016106258084
RPFa3,selected SOZ,-1.4924159446801268,Observed ictal,0.0013284150753860085
RPFa3,selected SOZ,-1.4812078770797776,Observed ictal,0.0016105037738360175
RPFa3,selected SOZ,-1.4699998094794287,Observed ictal,0.0019444407192723914
RPFa3,selected SOZ,-1.4587917418790795,Observed ictal,0.002337968111134593
RPFa3,selected SOZ,-1.4475836742787302,Observed ictal,0.0027996216847357524
RPFa3,selected SOZ,-1.4363756066783813,Observed ictal,0.003338743552705402
RPFa3,selected SOZ,-1.425167539078032,Observed ictal,0.003965481140080701
RPFa3,selected SOZ,-1.4139594714776829,Observed ictal,0.004690769806399195
RPFa3,selected SOZ,-1.4027514038773337,Observed ictal,0.005526296824592798
RPFa3,selected SOZ,-1.3915433362769847,Observed ictal,0.006484444560726146
RPFa3,selected SOZ,-1.3803352686766355,Observed ictal,0.007578210981382466
RPFa3,selected SOZ,-1.3691272010762863,Observed ictal,0.008821106014523352
RPFa3,selected SOZ,-1.3579191334759373,Observed ictal,0.010227022808781358
RPFa3,selected SOZ,-1.346711065875588,Observed ictal,0.011810083574436565
RPFa3,selected SOZ,-1.3355029982752389,Observed ictal,0.013584460440253751
RPFa3,selected SOZ,-1.3242949306748897,Observed ictal,0.015564172611197337
RPFa3,selected SOZ,-1.3130868630745407,Observed ictal,0.017762862043490382
RPFa3,selected SOZ,-1.3018787954741915,Observed ictal,0.02019355083959633
RPFa3,selected SOZ,-1.2906707278738423,Observed ictal,0.022868384574116184
RPFa3,selected SOZ,-1.2794626602734933,Observed ictal,0.025798366754250745
RPFa3,selected SOZ,-1.268254592673144,Observed ictal,0.02899309055263574
RPFa3,selected SOZ,-1.257046525072795,Observed ictal,0.032460474780137465
RPFa3,selected SOZ,-1.2458384574724457,Observed ictal,0.036206511744406235
RPFa3,selected SOZ,-1.2346303898720967,Observed ictal,0.040235035120329256
RPFa3,selected SOZ,-1.2234223222717475,Observed ictal,0.04454751619803855
RPFa3,selected SOZ,-1.2122142546713985,Observed ictal,0.049142896835701874
RPFa3,selected SOZ,-1.2010061870710493,Observed ictal,0.05401746709926034
RPFa3,selected SOZ,-1.1897981194707001,Observed ictal,0.05916479490160479
RPFa3,selected SOZ,-1.178590051870351,Observed ictal,0.0645757139542635
RPFa3,selected SOZ,-1.1673819842700017,Observed ictal,0.07023837502463554
RPFa3,selected SOZ,-1.1561739166696525,Observed ictal,0.0761383638755695
RPFa3,selected SOZ,-1.1449658490693035,Observed ictal,0.08225888739144166
RPFa3,selected SOZ,-1.1337577814689546,Observed ictal,0.08858102732040592
RPFa3,selected SOZ,-1.1225497138686054,Observed ictal,0.09508405885397488
RPFa3,selected SOZ,-1.1113416462682562,Observed ictal,0.10174582900128591
RPFa3,selected SOZ,-1.100133578667907,Observed ictal,0.10854318748287144
RPFa3,selected SOZ,-1.0889255110675577,Observed ictal,0.11545246075813236
RPFa3,selected SOZ,-1.0777174434672088,Observed ictal,0.12244995790267571
RPFa3,selected SOZ,-1.0665093758668596,Observed ictal,0.12951249545234375
RPFa3,selected SOZ,-1.0553013082665106,Observed ictal,0.13661792710756532
RPFa3,selected SOZ,-1.0440932406661614,Observed ictal,0.14374566340903472
RPFa3,selected SOZ,-1.0328851730658122,Observed ictal,0.15087716620170197
RPFa3,selected SOZ,-1.021677105465463,Observed ictal,0.1579964029273549
RPFa3,selected SOZ,-1.0104690378651138,Observed ictal,0.1650902465342459
RPFa3,selected SOZ,-0.9992609702647648,Observed ictal,0.17214880805082353
RPFa3,selected SOZ,-0.9880529026644156,Observed ictal,0.17916569060355833
RPFa3,selected SOZ,-0.9768448350640665,Observed ictal,0.18613815580972426
RPFa3,selected SOZ,-0.9656367674637173,Observed ictal,0.1930671959706646
RPFa3,selected SOZ,-0.9544286998633682,Observed ictal,0.19995750824095754
RPFa3,selected SOZ,-0.943220632263019,Observed ictal,0.2068173698551108
RPFa3,selected SOZ,-0.9320125646626699,Observed ictal,0.21365841645122505
RPFa3,selected SOZ,-0.9208044970623208,Observed ictal,0.22049532843471037
RPFa3,selected SOZ,-0.9095964294619716,Observed ictal,0.22734543307236074
RPFa3,selected SOZ,-0.8983883618616225,Observed ictal,0.234228232503614
RPFa3,selected SOZ,-0.8871802942612733,Observed ictal,0.2411648700189537
RPFa3,selected SOZ,-0.8759722266609242,Observed ictal,0.24817754871724748
RPFa3,selected SOZ,-0.8647641590605751,Observed ictal,0.25528891796327935
RPFa3,selected SOZ,-0.8535560914602259,Observed ictal,0.2625214438909874
RPFa3,selected SOZ,-0.8423480238598768,Observed ictal,0.26989678052258365
RPFa3,selected SOZ,-0.8311399562595276,Observed ictal,0.2774351579025162
RPFa3,selected SOZ,-0.8199318886591785,Observed ictal,0.2851548029985751
RPFa3,selected SOZ,-0.8087238210588293,Observed ictal,0.29307140803570647
RPFa3,selected SOZ,-0.7975157534584802,Observed ictal,0.3011976594492579
RPFa3,selected SOZ,-0.7863076858581312,Observed ictal,0.30954283883132117
RPFa3,selected SOZ,-0.775099618257782,Observed ictal,0.3181125051618214
RPFa3,selected SOZ,-0.7638915506574329,Observed ictal,0.3269082653347865
RPFa3,selected SOZ,-0.7526834830570837,Observed ictal,0.3359276375815851
RPFa3,selected SOZ,-0.7414754154567346,Observed ictal,0.3451640099284239
RPFa3,selected SOZ,-0.7302673478563854,Observed ictal,0.3546066933741643
RPFa3,selected SOZ,-0.7190592802560363,Observed ictal,0.36424106710177556
RPFa3,selected SOZ,-0.7078512126556871,Observed ictal,0.37404881080213176
RPFa3,selected SOZ,-0.6966431450553381,Observed ictal,0.38400821714560046
RPFa3,selected SOZ,-0.6854350774549889,Observed ictal,0.39409457563062333
RPFa3,selected SOZ,-0.6742270098546397,Observed ictal,0.4042806175069485
RPFa3,selected SOZ,-0.6630189422542905,Observed ictal,0.41453701024340095
RPFa3,selected SOZ,-0.6518108746539415,Observed ictal,0.42483288910641165
RPFa3,selected SOZ,-0.6406028070535923,Observed ictal,0.4351364128471488
RPFa3,selected SOZ,-0.6293947394532431,Observed ictal,0.44541533026440805
RPFa3,selected SOZ,-0.6181866718528941,Observed ictal,0.45563754451073796
RPFa3,selected SOZ,-0.6069786042525449,Observed ictal,0.4657716624256856
RPFa3,selected SOZ,-0.5957705366521957,Observed ictal,0.47578751688943227
RPFa3,selected SOZ,-0.5845624690518465,Observed ictal,0.4856566511624146
RPFa3,selected SOZ,-0.5733544014514975,Observed ictal,0.495352755375429
RPFa3,selected SOZ,-0.5621463338511483,Observed ictal,0.5048520467190788
RPFa3,selected SOZ,-0.5509382662507991,Observed ictal,0.5141335864067113
RPFa3,selected SOZ,-0.5397301986504501,Observed ictal,0.5231795281049259
RPFa3,selected SOZ,-0.5285221310501009,Observed ictal,0.531975294194074
RPFa3,selected SOZ,-0.5173140634497517,Observed ictal,0.5405096778935756
RPFa3,selected SOZ,-0.5061059958494027,Observed ictal,0.5487748709224581
RPFa3,selected SOZ,-0.49489792824905354,Observed ictal,0.5567664179286304
RPFa3,selected SOZ,-0.48368986064870434,Observed ictal,0.5644831003815642
RPFa3,selected SOZ,-0.47248179304835514,Observed ictal,0.5719267539601801
RPFa3,selected SOZ,-0.46127372544800616,Observed ictal,0.5791020246661259
RPFa3,selected SOZ,-0.45006565784765695,Observed ictal,0.5860160699450873
RPFa3,selected SOZ,-0.43885759024730775,Observed ictal,0.5926782120047173
RPFa3,selected SOZ,-0.42764952264695877,Observed ictal,0.5990995512820319
RPFa3,selected SOZ,-0.41644145504660957,Observed ictal,0.6052925486442045
RPFa3,selected SOZ,-0.40523338744626036,Observed ictal,0.6112705854147271
RPFa3,selected SOZ,-0.39402531984591116,Observed ictal,0.6170475107113149
RPFa3,selected SOZ,-0.3828172522455622,Observed ictal,0.6226371858691938
RPFa3,selected SOZ,-0.371609184645213,Observed ictal,0.6280530359051234
RPFa3,selected SOZ,-0.3604011170448638,Observed ictal,0.6333076180485531
RPFa3,selected SOZ,-0.3491930494445148,Observed ictal,0.6384122173141628
RPFa3,selected SOZ,-0.3379849818441656,Observed ictal,0.6433764788944979
RPFa3,selected SOZ,-0.3267769142438164,Observed ictal,0.6482080867855657
RPFa3,selected SOZ,-0.3155688466434672,Observed ictal,0.6529124974902295
RPFa3,selected SOZ,-0.3043607790431182,Observed ictal,0.6574927368402942
RPFa3,selected SOZ,-0.293152711442769,Observed ictal,0.6619492669061944
RPFa3,selected SOZ,-0.2819446438424198,Observed ictal,0.6662799285972278
RPFa3,selected SOZ,-0.2707365762420708,Observed ictal,0.6704799638802317
RPFa3,selected SOZ,-0.2595285086417216,Observed ictal,0.6745421195607599
RPFa3,selected SOZ,-0.2483204410413724,Observed ictal,0.6784568322981624
RPFa3,selected SOZ,-0.2371123734410232,Observed ictal,0.682212492007089
RPFa3,selected SOZ,-0.22590430584067422,Observed ictal,0.6857957781001529
RPFa3,selected SOZ,-0.21469623824032502,Observed ictal,0.6891920602413791
RPFa3,selected SOZ,-0.20348817063997582,Observed ictal,0.6923858525220272
RPFa3,selected SOZ,-0.19228010303962684,Observed ictal,0.695361307371915
RPFa3,selected SOZ,-0.18107203543927763,Observed ictal,0.6981027332252208
RPFa3,selected SOZ,-0.16986396783892843,Observed ictal,0.7005951181185142
RPFa3,selected SOZ,-0.15865590023857923,Observed ictal,0.7028246401536611
RPFa3,selected SOZ,-0.14744783263823025,Observed ictal,0.7047791452361268
RPFa3,selected SOZ,-0.13623976503788104,Observed ictal,0.7064485728007566
RPFa3,selected SOZ,-0.12503169743753184,Observed ictal,0.7078253114262878
RPFa3,selected SOZ,-0.11382362983718286,Observed ictal,0.7089044683360158
RPFa3,selected SOZ,-0.10261556223683366,Observed ictal,0.7096840397536209
RPFa3,selected SOZ,-0.09140749463648445,Observed ictal,0.7101649728448346
RPFa3,selected SOZ,-0.08019942703613525,Observed ictal,0.7103511143885681
RPFa3,selected SOZ,-0.06899135943578627,Observed ictal,0.7102490461973932
RPFa3,selected SOZ,-0.05778329183543707,Observed ictal,0.7098678124176916
RPFa3,selected SOZ,-0.046575224235087864,Observed ictal,0.7092185489254844
RPFa3,selected SOZ,-0.03536715663473888,Observed ictal,0.7083140298206888
RPFa3,selected SOZ,-0.02415908903438968,Observed ictal,0.7071681502369016
RPFa3,selected SOZ,-0.012951021434040477,Observed ictal,0.7057953680709855
RPFa3,selected SOZ,-0.0017429538336914963,Observed ictal,0.7042101295770831
RPFa3,selected SOZ,0.009465113766657707,Observed ictal,0.7024263048950867
RPFa3,selected SOZ,0.02067318136700691,Observed ictal,0.700456659389924
RPFa3,selected SOZ,0.03188124896735611,Observed ictal,0.6983123851350148
RPFa3,selected SOZ,0.043089316567705094,Observed ictal,0.6960027140291125
RPFa3,selected SOZ,0.0542973841680543,Observed ictal,0.6935346300170608
RPFa3,selected SOZ,0.0655054517684035,Observed ictal,0.6909126928915703
RPFa3,selected SOZ,0.07671351936875248,Observed ictal,0.6881389804473133
RPFa3,selected SOZ,0.08792158696910168,Observed ictal,0.685213149651098
RPFa3,selected SOZ,0.09912965456945089,Observed ictal,0.6821326113226566
RPFa3,selected SOZ,0.11033772216980009,Observed ictal,0.6788928069391792
RPFa3,selected SOZ,0.12154578977014907,Observed ictal,0.6754875709199327
RPFa3,selected SOZ,0.13275385737049827,Observed ictal,0.6719095574183886
RPFa3,selected SOZ,0.14396192497084748,Observed ictal,0.6681507074987753
RPFa3,selected SOZ,0.15516999257119646,Observed ictal,0.6642027307834584
RPFa3,selected SOZ,0.16637806017154566,Observed ictal,0.6600575753284214
RPFa3,selected SOZ,0.17758612777189486,Observed ictal,0.6557078606305342
RPFa3,selected SOZ,0.18879419537224407,Observed ictal,0.6511472512189175
RPFa3,selected SOZ,0.20000226297259305,Observed ictal,0.6463707520767139
RPFa3,selected SOZ,0.21121033057294225,Observed ictal,0.6413749119492874
RPFa3,selected SOZ,0.22241839817329145,Observed ictal,0.6361579261318622
RPFa3,selected SOZ,0.23362646577364043,Observed ictal,0.6307196362653672
RPFa3,selected SOZ,0.24483453337398964,Observed ictal,0.6250614306553858
RPFa3,selected SOZ,0.25604260097433884,Observed ictal,0.6191860543190977
RPFa3,selected SOZ,0.26725066857468804,Observed ictal,0.6130973430354628
RPFa3,selected SOZ,0.278458736175037,Observed ictal,0.6067998998431796
RPFa3,selected SOZ,0.28966680377538623,Observed ictal,0.6002987354763768
RPFa3,selected SOZ,0.30087487137573543,Observed ictal,0.5935988959973547
RPFa3,selected SOZ,0.31208293897608463,Observed ictal,0.5867051013050146
RPFa3,selected SOZ,0.32329100657643384,Observed ictal,0.5796214172736545
RPFa3,selected SOZ,0.3344990741767826,Observed ictal,0.5723509820942333
RPFa3,selected SOZ,0.3457071417771318,Observed ictal,0.5648958041044505
RPFa3,selected SOZ,0.356915209377481,Observed ictal,0.5572566442195036
RPFa3,selected SOZ,0.3681232769778302,Observed ictal,0.5494329912710256
RPFa3,selected SOZ,0.3793313445781794,Observed ictal,0.5414231334137503
RPFa3,selected SOZ,0.3905394121785286,Observed ictal,0.5332243235636324
RPFa3,selected SOZ,0.4017474797788778,Observed ictal,0.5248330318747039
RPFa3,selected SOZ,0.4129555473792266,Observed ictal,0.5162452738072802
RPFa3,selected SOZ,0.4241636149795758,Observed ictal,0.5074569986102886
RPFa3,selected SOZ,0.435371682579925,Observed ictal,0.49846452020797427
RPFa3,selected SOZ,0.4465797501802742,Observed ictal,0.4892649706603661
RPFa3,selected SOZ,0.4577878177806234,Observed ictal,0.47985675560991264
RPFa3,selected SOZ,0.4689958853809726,Observed ictal,0.4702399914241547
RPFa3,selected SOZ,0.4802039529813218,Observed ictal,0.4604169050286925
RPFa3,selected SOZ,0.49141202058167055,Observed ictal,0.4503921795777347
RPFa3,selected SOZ,0.5026200881820198,Observed ictal,0.4401732319720004
RPFa3,selected SOZ,0.513828155782369,Observed ictal,0.42977041161701995
RPFa3,selected SOZ,0.5250362233827182,Observed ictal,0.41919711351370714
RPFa3,selected SOZ,0.5362442909830674,Observed ictal,0.40846980257858784
RPFa3,selected SOZ,0.5474523585834166,Observed ictal,0.39760794980278624
RPFa3,selected SOZ,0.5586604261837658,Observed ictal,0.38663388429590956
RPFa3,selected SOZ,0.5698684937841145,Observed ictal,0.3755725682710039
RPFa3,selected SOZ,0.5810765613844637,Observed ictal,0.3644513044924527
RPFa3,selected SOZ,0.5922846289848129,Observed ictal,0.35329938755213924
RPFa3,selected SOZ,0.6034926965851621,Observed ictal,0.3421477115229735
RPFa3,selected SOZ,0.6147007641855113,Observed ictal,0.3310283470650678
RPFa3,selected SOZ,0.6259088317858605,Observed ictal,0.3199741009666032
RPFa3,selected SOZ,0.6371168993862097,Observed ictal,0.30901807045744967
RPFa3,selected SOZ,0.6483249669865585,Observed ictal,0.29819320353175915
RPFa3,selected SOZ,0.6595330345869077,Observed ictal,0.28753187506499334
RPFa3,selected SOZ,0.6707411021872569,Observed ictal,0.27706548682875753
RPFa3,selected SOZ,0.6819491697876061,Observed ictal,0.26682409771137305
RPFa3,selected SOZ,0.6931572373879553,Observed ictal,0.25683608865518237
RPFa3,selected SOZ,0.7043653049883045,Observed ictal,0.2471278651222005
RPFa3,selected SOZ,0.7155733725886533,Observed ictal,0.23772359838010915
RPFa3,selected SOZ,0.7267814401890025,Observed ictal,0.22864500562231488
RPFa3,selected SOZ,0.7379895077893517,Observed ictal,0.21991116793853238
RPFa3,selected SOZ,0.7491975753897009,Observed ictal,0.21153838445345197
RPFa3,selected SOZ,0.7604056429900501,Observed ictal,0.20354006054688703
RPFa3,selected SOZ,0.7716137105903993,Observed ictal,0.19592662793692975
RPFa3,selected SOZ,0.7828217781907485,Observed ictal,0.18870549451021654
RPFa3,selected SOZ,0.7940298457910973,Observed ictal,0.18188102207080659
RPFa3,selected SOZ,0.8052379133914465,Observed ictal,0.1754545305942509
RPFa3,selected SOZ,0.8164459809917957,Observed ictal,0.16942432805567534
RPFa3,selected SOZ,0.8276540485921449,Observed ictal,0.1637857653900985
RPFa3,selected SOZ,0.8388621161924941,Observed ictal,0.15853131658405703
RPFa3,selected SOZ,0.8500701837928433,Observed ictal,0.15365068424127348
RPFa3,selected SOZ,0.8612782513931925,Observed ictal,0.14913093117262496
RPFa3,selected SOZ,0.8724863189935412,Observed ictal,0.14495663860436303
RPFa3,selected SOZ,0.8836943865938904,Observed ictal,0.14111009146298173
RPFa3,selected SOZ,0.8949024541942396,Observed ictal,0.1375714908774989
RPFa3,selected SOZ,0.9061105217945888,Observed ictal,0.13431919354962588
RPFa3,selected SOZ,0.917318589394938,Observed ictal,0.1313299770000728
RPFa3,selected SOZ,0.9285266569952872,Observed ictal,0.12857932893575108
RPFa3,selected SOZ,0.9397347245956365,Observed ictal,0.12604175813662072
RPFa3,selected SOZ,0.9509427921959852,Observed ictal,0.12369112337713357
RPFa3,selected SOZ,0.9621508597963344,Observed ictal,0.12150097602390221
RPFa3,selected SOZ,0.9733589273966836,Observed ictal,0.11944491113777284
RPFa3,selected SOZ,0.9845669949970328,Observed ictal,0.11749692120273984
RPFa3,selected SOZ,0.995775062597382,Observed ictal,0.11563174605005043
RPFa3,selected SOZ,1.0069831301977312,Observed ictal,0.11382521218100174
RPFa3,selected SOZ,1.0181911977980804,Observed ictal,0.11205455454563168
RPFa3,selected SOZ,1.0293992653984292,Observed ictal,0.11029871392603038
RPFa3,selected SOZ,1.0406073329987784,Observed ictal,0.1085386034104628
RPFa3,selected SOZ,1.0518154005991276,Observed ictal,0.1067573380241338
RPFa3,selected SOZ,1.0630234681994768,Observed ictal,0.10494042238864476
RPFa3,selected SOZ,1.074231535799826,Observed ictal,0.10307589228805465
RPFa3,selected SOZ,1.0854396034001752,Observed ictal,0.10115440718797776
RPFa3,selected SOZ,1.0966476710005244,Observed ictal,0.09916929204002867
RPFa3,selected SOZ,1.1078557386008732,Observed ictal,0.09711652805583187
RPFa3,selected SOZ,1.1190638062012224,Observed ictal,0.09499469349806837
RPFa3,selected SOZ,1.1302718738015716,Observed ictal,0.09280485685540128
RPFa3,selected SOZ,1.1414799414019208,Observed ictal,0.0905504259908049
RPFa3,selected SOZ,1.15268800900227,Observed ictal,0.08823695793117596
RPFa3,selected SOZ,1.1638960766026192,Observed ictal,0.0858719348601612
RPFa3,selected SOZ,1.1751041442029684,Observed ictal,0.08346451255557742
RPFa3,selected SOZ,1.1863122118033171,Observed ictal,0.08102524795843849
RPFa3,selected SOZ,1.1975202794036663,Observed ictal,0.0785658127650708
RPFa3,selected SOZ,1.2087283470040155,Observed ictal,0.07609869990161268
RPFa3,selected SOZ,1.2199364146043647,Observed ictal,0.07363692948706643
RPFa3,selected SOZ,1.231144482204714,Observed ictal,0.07119376044258387
RPFa3,selected SOZ,1.2423525498050632,Observed ictal,0.06878241329436786
RPFa3,selected SOZ,1.2535606174054124,Observed ictal,0.06641580898472574
RPFa3,selected SOZ,1.2647686850057611,Observed ictal,0.0641063276928122
RPFa3,selected SOZ,1.2759767526061103,Observed ictal,0.06186559081641656
RPFa3,selected SOZ,1.2871848202064595,Observed ictal,0.05970426841975653
RPFa3,selected SOZ,1.2983928878068087,Observed ictal,0.057631913646422187
RPFa3,selected SOZ,1.309600955407158,Observed ictal,0.05565682486206903
RPFa3,selected SOZ,1.3208090230075071,Observed ictal,0.05378593565146316
RPFa3,selected SOZ,1.3320170906078563,Observed ictal,0.05202473226406679
RPFa3,selected SOZ,1.343225158208205,Observed ictal,0.050377197688084976
RPFa3,selected SOZ,1.3544332258085543,Observed ictal,0.04884578123320024
RPFa3,selected SOZ,1.3656412934089035,Observed ictal,0.04743139230820817
RPFa3,selected SOZ,1.3768493610092527,Observed ictal,0.04613341697646627
RPFa3,selected SOZ,1.388057428609602,Observed ictal,0.0449497558400022
RPFa3,selected SOZ,1.399265496209951,Observed ictal,0.04387688182002496
RPFa3,selected SOZ,1.4104735638103003,Observed ictal,0.04290991644421557
RPFa3,selected SOZ,1.421681631410649,Observed ictal,0.04204272329709665
RPFa3,selected SOZ,1.4328896990109983,Observed ictal,0.04126801731893986
RPFa3,selected SOZ,1.4440977666113475,Observed ictal,0.04057748863474686
RPFa3,selected SOZ,1.4553058342116967,Observed ictal,0.03996193954629116
RPFa3,selected SOZ,1.4665139018120459,Observed ictal,0.03941143322092343
RPFa3,selected SOZ,1.477721969412395,Observed ictal,0.03891545246044262
RPFa3,selected SOZ,1.4889300370127443,Observed ictal,0.03846306673704455
RPFa3,selected SOZ,1.500138104613093,Observed ictal,0.03804310545157932
RPFa3,selected SOZ,1.5113461722134423,Observed ictal,0.037644335116835355
RPFa3,selected SOZ,1.5225542398137915,Observed ictal,0.037255637913418724
RPFa3,selected SOZ,1.5337623074141407,Observed ictal,0.03686618882819617
RPFa3,selected SOZ,1.5449703750144899,Observed ictal,0.03646562838613232
RPFa3,selected SOZ,1.556178442614839,Observed ictal,0.03604422784594094
RPFa3,selected SOZ,1.5673865102151883,Observed ictal,0.03559304366653232
RPFa3,selected SOZ,1.578594577815537,Observed ictal,0.03510405807979001
RPFa3,selected SOZ,1.5898026454158862,Observed ictal,0.034570302736479
RPFa3,selected SOZ,1.6010107130162354,Observed ictal,0.03398596263172635
RPFa3,selected SOZ,1.6122187806165846,Observed ictal,0.03334645786458561
RPFa3,selected SOZ,1.6234268482169338,Observed ictal,0.032648501236986587
RPFa3,selected SOZ,-1.7277853642874588,Free RC-SDE,0.014837390872241153
RPFa3,selected SOZ,-1.7165772966871096,Free RC-SDE,0.01583565524893107
RPFa3,selected SOZ,-1.7053692290867606,Free RC-SDE,0.016877786573659948
RPFa3,selected SOZ,-1.6941611614864114,Free RC-SDE,0.017962701769614977
RPFa3,selected SOZ,-1.6829530938860622,Free RC-SDE,0.019089073938828638
RPFa3,selected SOZ,-1.671745026285713,Free RC-SDE,0.020255350924875914
RPFa3,selected SOZ,-1.660536958685364,Free RC-SDE,0.021459778217228845
RPFa3,selected SOZ,-1.6493288910850148,Free RC-SDE,0.022700425875539006
RPFa3,selected SOZ,-1.6381208234846656,Free RC-SDE,0.023975219079222333
RPFa3,selected SOZ,-1.6269127558843166,Free RC-SDE,0.025281971844436986
RPFa3,selected SOZ,-1.6157046882839674,Free RC-SDE,0.026618423397126514
RPFa3,selected SOZ,-1.6044966206836182,Free RC-SDE,0.027982276647101966
RPFa3,selected SOZ,-1.5932885530832692,Free RC-SDE,0.029371238173728036
RPFa3,selected SOZ,-1.58208048548292,Free RC-SDE,0.030783059108077743
RPFa3,selected SOZ,-1.5708724178825708,Free RC-SDE,0.03221557627889636
RPFa3,selected SOZ,-1.5596643502822216,Free RC-SDE,0.033666752979980424
RPFa3,selected SOZ,-1.5484562826818726,Free RC-SDE,0.035134718714546744
RPFa3,selected SOZ,-1.5372482150815234,Free RC-SDE,0.0366178072780967
RPFa3,selected SOZ,-1.5260401474811742,Free RC-SDE,0.0381145925558344
RPFa3,selected SOZ,-1.5148320798808252,Free RC-SDE,0.03962392143481106
RPFa3,selected SOZ,-1.503624012280476,Free RC-SDE,0.04114494326585757
RPFa3,selected SOZ,-1.4924159446801268,Free RC-SDE,0.04267713535723771
RPFa3,selected SOZ,-1.4812078770797776,Free RC-SDE,0.04422032404190167
RPFa3,selected SOZ,-1.4699998094794287,Free RC-SDE,0.045774700933903886
RPFa3,selected SOZ,-1.4587917418790795,Free RC-SDE,0.04734083407706039
RPFa3,selected SOZ,-1.4475836742787302,Free RC-SDE,0.04891967378947495
RPFa3,selected SOZ,-1.4363756066783813,Free RC-SDE,0.05051255311945295
RPFa3,selected SOZ,-1.425167539078032,Free RC-SDE,0.05212118294876456
RPFa3,selected SOZ,-1.4139594714776829,Free RC-SDE,0.05374764190441355
RPFa3,selected SOZ,-1.4027514038773337,Free RC-SDE,0.05539436136530599
RPFa3,selected SOZ,-1.3915433362769847,Free RC-SDE,0.05706410597008301
RPFa3,selected SOZ,-1.3803352686766355,Free RC-SDE,0.058759950141102975
RPFa3,selected SOZ,-1.3691272010762863,Free RC-SDE,0.06048525123130702
RPFa3,selected SOZ,-1.3579191334759373,Free RC-SDE,0.06224361997014231
RPFa3,selected SOZ,-1.346711065875588,Free RC-SDE,0.06403888892728098
RPFa3,selected SOZ,-1.3355029982752389,Free RC-SDE,0.06587507972532945
RPFa3,selected SOZ,-1.3242949306748897,Free RC-SDE,0.06775636971345057
RPFa3,selected SOZ,-1.3130868630745407,Free RC-SDE,0.06968705876301572
RPFa3,selected SOZ,-1.3018787954741915,Free RC-SDE,0.07167153676635374
RPFa3,selected SOZ,-1.2906707278738423,Free RC-SDE,0.07371425231456537
RPFa3,selected SOZ,-1.2794626602734933,Free RC-SDE,0.0758196829063137
RPFa3,selected SOZ,-1.268254592673144,Free RC-SDE,0.07799230690403096
RPFa3,selected SOZ,-1.257046525072795,Free RC-SDE,0.08023657731577084
RPFa3,selected SOZ,-1.2458384574724457,Free RC-SDE,0.08255689734910193
RPFa3,selected SOZ,-1.2346303898720967,Free RC-SDE,0.08495759756706524
RPFa3,selected SOZ,-1.2234223222717475,Free RC-SDE,0.0874429143835678
RPFa3,selected SOZ,-1.2122142546713985,Free RC-SDE,0.09001696957354742
RPFa3,selected SOZ,-1.2010061870710493,Free RC-SDE,0.09268375044682056
RPFa3,selected SOZ,-1.1897981194707001,Free RC-SDE,0.09544709034623425
RPFa3,selected SOZ,-1.178590051870351,Free RC-SDE,0.09831064918048267
RPFa3,selected SOZ,-1.1673819842700017,Free RC-SDE,0.10127789378686058
RPFa3,selected SOZ,-1.1561739166696525,Free RC-SDE,0.1043520780336397
RPFa3,selected SOZ,-1.1449658490693035,Free RC-SDE,0.10753622270772042
RPFa3,selected SOZ,-1.1337577814689546,Free RC-SDE,0.11083309538069001
RPFa3,selected SOZ,-1.1225497138686054,Free RC-SDE,0.11424519059422884
RPFa3,selected SOZ,-1.1113416462682562,Free RC-SDE,0.11777471084197987
RPFa3,selected SOZ,-1.100133578667907,Free RC-SDE,0.12142354893809353
RPFa3,selected SOZ,-1.0889255110675577,Free RC-SDE,0.12519327244207099
RPFa3,selected SOZ,-1.0777174434672088,Free RC-SDE,0.12908511084676438
RPFa3,selected SOZ,-1.0665093758668596,Free RC-SDE,0.13309994622539043
RPFa3,selected SOZ,-1.0553013082665106,Free RC-SDE,0.1372383079713142
RPFa3,selected SOZ,-1.0440932406661614,Free RC-SDE,0.1415003721517993
RPFa3,selected SOZ,-1.0328851730658122,Free RC-SDE,0.14588596583789482
RPFa3,selected SOZ,-1.021677105465463,Free RC-SDE,0.15039457657491906
RPFa3,selected SOZ,-1.0104690378651138,Free RC-SDE,0.15502536693200283
RPFa3,selected SOZ,-0.9992609702647648,Free RC-SDE,0.1597771938279877
RPFa3,selected SOZ,-0.9880529026644156,Free RC-SDE,0.1646486320892673
RPFa3,selected SOZ,-0.9768448350640665,Free RC-SDE,0.1696380014680713
RPFa3,selected SOZ,-0.9656367674637173,Free RC-SDE,0.1747433961522507
RPFa3,selected SOZ,-0.9544286998633682,Free RC-SDE,0.17996271564322522
RPFa3,selected SOZ,-0.943220632263019,Free RC-SDE,0.18529369577854446
RPFa3,selected SOZ,-0.9320125646626699,Free RC-SDE,0.1907339386374908
RPFa3,selected SOZ,-0.9208044970623208,Free RC-SDE,0.19628094009630168
RPFa3,selected SOZ,-0.9095964294619716,Free RC-SDE,0.20193211389414648
RPFa3,selected SOZ,-0.8983883618616225,Free RC-SDE,0.20768481122737545
RPFa3,selected SOZ,-0.8871802942612733,Free RC-SDE,0.21353633509989148
RPFa3,selected SOZ,-0.8759722266609242,Free RC-SDE,0.21948394890985165
RPFa3,selected SOZ,-0.8647641590605751,Free RC-SDE,0.22552487903299678
RPFa3,selected SOZ,-0.8535560914602259,Free RC-SDE,0.23165631145473778
RPFa3,selected SOZ,-0.8423480238598768,Free RC-SDE,0.23787538278998918
RPFa3,selected SOZ,-0.8311399562595276,Free RC-SDE,0.24417916629564448
RPFa3,selected SOZ,-0.8199318886591785,Free RC-SDE,0.25056465371116116
RPFa3,selected SOZ,-0.8087238210588293,Free RC-SDE,0.2570287339462757
RPFa3,selected SOZ,-0.7975157534584802,Free RC-SDE,0.26356816976320535
RPFa3,selected SOZ,-0.7863076858581312,Free RC-SDE,0.270179573669373
RPFa3,selected SOZ,-0.775099618257782,Free RC-SDE,0.276859384245575
RPFa3,selected SOZ,-0.7638915506574329,Free RC-SDE,0.283603844087258
RPFa3,selected SOZ,-0.7526834830570837,Free RC-SDE,0.29040898044017277
RPFa3,selected SOZ,-0.7414754154567346,Free RC-SDE,0.29727058947624296
RPFa3,selected SOZ,-0.7302673478563854,Free RC-SDE,0.30418422499233194
RPFa3,selected SOZ,-0.7190592802560363,Free RC-SDE,0.31114519213613573
RPFa3,selected SOZ,-0.7078512126556871,Free RC-SDE,0.31814854658154323
RPFa3,selected SOZ,-0.6966431450553381,Free RC-SDE,0.32518909940086477
RPFa3,selected SOZ,-0.6854350774549889,Free RC-SDE,0.33226142772149697
RPFa3,selected SOZ,-0.6742270098546397,Free RC-SDE,0.339359891115294
RPFa3,selected SOZ,-0.6630189422542905,Free RC-SDE,0.34647865355213975
RPFa3,selected SOZ,-0.6518108746539415,Free RC-SDE,0.3536117106542228
RPFa3,selected SOZ,-0.6406028070535923,Free RC-SDE,0.36075292191042385
RPFa3,selected SOZ,-0.6293947394532431,Free RC-SDE,0.3678960474454923
RPFa3,selected SOZ,-0.6181866718528941,Free RC-SDE,0.375034788879227
RPFa3,selected SOZ,-0.6069786042525449,Free RC-SDE,0.38216283374956933
RPFa3,selected SOZ,-0.5957705366521957,Free RC-SDE,0.3892739029041229
RPFa3,selected SOZ,-0.5845624690518465,Free RC-SDE,0.39636180018265177
RPFa3,selected SOZ,-0.5733544014514975,Free RC-SDE,0.4034204636165834
RPFa3,selected SOZ,-0.5621463338511483,Free RC-SDE,0.41044401726178853
RPFa3,selected SOZ,-0.5509382662507991,Free RC-SDE,0.4174268226624056
RPFa3,selected SOZ,-0.5397301986504501,Free RC-SDE,0.42436352882367095
RPFa3,selected SOZ,-0.5285221310501009,Free RC-SDE,0.43124911946112565
RPFa3,selected SOZ,-0.5173140634497517,Free RC-SDE,0.43807895620378823
RPFa3,selected SOZ,-0.5061059958494027,Free RC-SDE,0.4448488163729746
RPFa3,selected SOZ,-0.49489792824905354,Free RC-SDE,0.45155492394824853
RPFa3,selected SOZ,-0.48368986064870434,Free RC-SDE,0.4581939723780042
RPFa3,selected SOZ,-0.47248179304835514,Free RC-SDE,0.46476313800205593
RPFa3,selected SOZ,-0.46127372544800616,Free RC-SDE,0.4712600830307035
RPFa3,selected SOZ,-0.45006565784765695,Free RC-SDE,0.47768294726824306
RPFa3,selected SOZ,-0.43885759024730775,Free RC-SDE,0.48403032807327007
RPFa3,selected SOZ,-0.42764952264695877,Free RC-SDE,0.49030124840255396
RPFa3,selected SOZ,-0.41644145504660957,Free RC-SDE,0.4964951131754506
RPFa3,selected SOZ,-0.40523338744626036,Free RC-SDE,0.5026116546036434
RPFa3,selected SOZ,-0.39402531984591116,Free RC-SDE,0.5086508675362381
RPFa3,selected SOZ,-0.3828172522455622,Free RC-SDE,0.5146129362521594
RPFa3,selected SOZ,-0.371609184645213,Free RC-SDE,0.520498154470073
RPFa3,selected SOZ,-0.3604011170448638,Free RC-SDE,0.5263068406224792
RPFa3,selected SOZ,-0.3491930494445148,Free RC-SDE,0.5320392506408158
RPFa3,selected SOZ,-0.3379849818441656,Free RC-SDE,0.5376954906117807
RPFa3,selected SOZ,-0.3267769142438164,Free RC-SDE,0.543275431686656
RPFa3,selected SOZ,-0.3155688466434672,Free RC-SDE,0.5487786295557235
RPFa3,selected SOZ,-0.3043607790431182,Free RC-SDE,0.5542042506442538
RPFa3,selected SOZ,-0.293152711442769,Free RC-SDE,0.5595510069557175
RPFa3,selected SOZ,-0.2819446438424198,Free RC-SDE,0.5648171011963167
RPFa3,selected SOZ,-0.2707365762420708,Free RC-SDE,0.5700001834799912
RPFa3,selected SOZ,-0.2595285086417216,Free RC-SDE,0.5750973205532877
RPFa3,selected SOZ,-0.2483204410413724,Free RC-SDE,0.5801049781143978
RPFa3,selected SOZ,-0.2371123734410232,Free RC-SDE,0.5850190164474195
RPFa3,selected SOZ,-0.22590430584067422,Free RC-SDE,0.589834699267086
RPFa3,selected SOZ,-0.21469623824032502,Free RC-SDE,0.594546715382734
RPFa3,selected SOZ,-0.20348817063997582,Free RC-SDE,0.5991492125503871
RPFa3,selected SOZ,-0.19228010303962684,Free RC-SDE,0.6036358426924804
RPFa3,selected SOZ,-0.18107203543927763,Free RC-SDE,0.6079998175240227
RPFa3,selected SOZ,-0.16986396783892843,Free RC-SDE,0.6122339735273125
RPFa3,selected SOZ,-0.15865590023857923,Free RC-SDE,0.6163308451558827
RPFa3,selected SOZ,-0.14744783263823025,Free RC-SDE,0.6202827451115364
RPFa3,selected SOZ,-0.13623976503788104,Free RC-SDE,0.6240818505140225
RPFa3,selected SOZ,-0.12503169743753184,Free RC-SDE,0.6277202937594455
RPFa3,selected SOZ,-0.11382362983718286,Free RC-SDE,0.6311902568302798
RPFa3,selected SOZ,-0.10261556223683366,Free RC-SDE,0.6344840677687312
RPFa3,selected SOZ,-0.09140749463648445,Free RC-SDE,0.6375942979512563
RPFa3,selected SOZ,-0.08019942703613525,Free RC-SDE,0.6405138587051531
RPFa3,selected SOZ,-0.06899135943578627,Free RC-SDE,0.6432360956908154
RPFa3,selected SOZ,-0.05778329183543707,Free RC-SDE,0.6457548793444975
RPFa3,selected SOZ,-0.046575224235087864,Free RC-SDE,0.6480646895468302
RPFa3,selected SOZ,-0.03536715663473888,Free RC-SDE,0.6501606925676784
RPFa3,selected SOZ,-0.02415908903438968,Free RC-SDE,0.6520388082541991
RPFa3,selected SOZ,-0.012951021434040477,Free RC-SDE,0.6536957653946297
RPFa3,selected SOZ,-0.0017429538336914963,Free RC-SDE,0.6551291432216708
RPFa3,selected SOZ,0.009465113766657707,Free RC-SDE,0.6563373971320464
RPFa3,selected SOZ,0.02067318136700691,Free RC-SDE,0.6573198669037718
RPFa3,selected SOZ,0.03188124896735611,Free RC-SDE,0.6580767659971555
RPFa3,selected SOZ,0.043089316567705094,Free RC-SDE,0.6586091509303453
RPFa3,selected SOZ,0.0542973841680543,Free RC-SDE,0.6589188702206208
RPFa3,selected SOZ,0.0655054517684035,Free RC-SDE,0.6590084929664215
RPFa3,selected SOZ,0.07671351936875248,Free RC-SDE,0.658881217795103
RPFa3,selected SOZ,0.08792158696910168,Free RC-SDE,0.6585407635931191
RPFa3,selected SOZ,0.09912965456945089,Free RC-SDE,0.6579912441415104
RPFa3,selected SOZ,0.11033772216980009,Free RC-SDE,0.6572370294678164
RPFa3,selected SOZ,0.12154578977014907,Free RC-SDE,0.6562825973634445
RPFa3,selected SOZ,0.13275385737049827,Free RC-SDE,0.655132379070036
RPFa3,selected SOZ,0.14396192497084748,Free RC-SDE,0.6537906035787189
RPFa3,selected SOZ,0.15516999257119646,Free RC-SDE,0.6522611452858784
RPFa3,selected SOZ,0.16637806017154566,Free RC-SDE,0.6505473798865885
RPFa3,selected SOZ,0.17758612777189486,Free RC-SDE,0.6486520533485834
RPFa3,selected SOZ,0.18879419537224407,Free RC-SDE,0.646577168588437
RPFa3,selected SOZ,0.20000226297259305,Free RC-SDE,0.6443238940705789
RPFa3,selected SOZ,0.21121033057294225,Free RC-SDE,0.6418924979785291
RPFa3,selected SOZ,0.22241839817329145,Free RC-SDE,0.6392823108860004
RPFa3,selected SOZ,0.23362646577364043,Free RC-SDE,0.6364917190085351
RPFa3,selected SOZ,0.24483453337398964,Free RC-SDE,0.6335181891763645
RPFa3,selected SOZ,0.25604260097433884,Free RC-SDE,0.6303583256725834
RPFa3,selected SOZ,0.26725066857468804,Free RC-SDE,0.6270079580659618
RPFa3,selected SOZ,0.278458736175037,Free RC-SDE,0.6234622581747857
RPFa3,selected SOZ,0.28966680377538623,Free RC-SDE,0.6197158833645061
RPFa3,selected SOZ,0.30087487137573543,Free RC-SDE,0.6157631425435278
RPFa3,selected SOZ,0.31208293897608463,Free RC-SDE,0.6115981805074884
RPFa3,selected SOZ,0.32329100657643384,Free RC-SDE,0.6072151757184123
RPFa3,selected SOZ,0.3344990741767826,Free RC-SDE,0.6026085462071263
RPFa3,selected SOZ,0.3457071417771318,Free RC-SDE,0.5977731580666431
RPFa3,selected SOZ,0.356915209377481,Free RC-SDE,0.5927045309620131
RPFa3,selected SOZ,0.3681232769778302,Free RC-SDE,0.5873990352141866
RPFa3,selected SOZ,0.3793313445781794,Free RC-SDE,0.5818540753096718
RPFa3,selected SOZ,0.3905394121785286,Free RC-SDE,0.5760682551275089
RPFa3,selected SOZ,0.4017474797788778,Free RC-SDE,0.5700415207379201
RPFa3,selected SOZ,0.4129555473792266,Free RC-SDE,0.5637752772884327
RPFa3,selected SOZ,0.4241636149795758,Free RC-SDE,0.5572724772268399
RPFa3,selected SOZ,0.435371682579925,Free RC-SDE,0.5505376778883923
RPFa3,selected SOZ,0.4465797501802742,Free RC-SDE,0.543577067271619
RPFa3,selected SOZ,0.4577878177806234,Free RC-SDE,0.5363984576183275
RPFa3,selected SOZ,0.4689958853809726,Free RC-SDE,0.5290112471773604
RPFa3,selected SOZ,0.4802039529813218,Free RC-SDE,0.5214263512503614
RPFa3,selected SOZ,0.49141202058167055,Free RC-SDE,0.5136561042766208
RPFa3,selected SOZ,0.5026200881820198,Free RC-SDE,0.5057141353019401
RPFa3,selected SOZ,0.513828155782369,Free RC-SDE,0.4976152196864764
RPFa3,selected SOZ,0.5250362233827182,Free RC-SDE,0.48937511033404557
RPFa3,selected SOZ,0.5362442909830674,Free RC-SDE,0.4810103520691725
RPFa3,selected SOZ,0.5474523585834166,Free RC-SDE,0.47253808304830447
RPFa3,selected SOZ,0.5586604261837658,Free RC-SDE,0.4639758272702228
RPFa3,selected SOZ,0.5698684937841145,Free RC-SDE,0.4553412823501037
RPFa3,selected SOZ,0.5810765613844637,Free RC-SDE,0.44665210674486244
RPFa3,selected SOZ,0.5922846289848129,Free RC-SDE,0.43792571056731844
RPFa3,selected SOZ,0.6034926965851621,Free RC-SDE,0.42917905400570644
RPFa3,selected SOZ,0.6147007641855113,Free RC-SDE,0.4204284571755111
RPFa3,selected SOZ,0.6259088317858605,Free RC-SDE,0.41168942497453187
RPFa3,selected SOZ,0.6371168993862097,Free RC-SDE,0.4029764901916667
RPFa3,selected SOZ,0.6483249669865585,Free RC-SDE,0.39430307773744827
RPFa3,selected SOZ,0.6595330345869077,Free RC-SDE,0.3856813924236327
RPFa3,selected SOZ,0.6707411021872569,Free RC-SDE,0.37712233222433383
RPFa3,selected SOZ,0.6819491697876061,Free RC-SDE,0.3686354284091193
RPFa3,selected SOZ,0.6931572373879553,Free RC-SDE,0.3602288133569753
RPFa3,selected SOZ,0.7043653049883045,Free RC-SDE,0.3519092162500316
RPFa3,selected SOZ,0.7155733725886533,Free RC-SDE,0.3436819862197448
RPFa3,selected SOZ,0.7267814401890025,Free RC-SDE,0.33555114189072077
RPFa3,selected SOZ,0.7379895077893517,Free RC-SDE,0.327519445654687
RPFa3,selected SOZ,0.7491975753897009,Free RC-SDE,0.3195885004268608
RPFa3,selected SOZ,0.7604056429900501,Free RC-SDE,0.3117588661068545
RPFa3,selected SOZ,0.7716137105903993,Free RC-SDE,0.3040301925037926
RPFa3,selected SOZ,0.7828217781907485,Free RC-SDE,0.29640136510685794
RPFa3,selected SOZ,0.7940298457910973,Free RC-SDE,0.2888706598020818
RPFa3,selected SOZ,0.8052379133914465,Free RC-SDE,0.28143590246513184
RPFa3,selected SOZ,0.8164459809917957,Free RC-SDE,0.27409462930585005
RPFa3,selected SOZ,0.8276540485921449,Free RC-SDE,0.26684424390666145
RPFa3,selected SOZ,0.8388621161924941,Free RC-SDE,0.25968216708282793
RPFa3,selected SOZ,0.8500701837928433,Free RC-SDE,0.2526059759920125
RPFa3,selected SOZ,0.8612782513931925,Free RC-SDE,0.24561352932364164
RPFa3,selected SOZ,0.8724863189935412,Free RC-SDE,0.23870307589063472
RPFa3,selected SOZ,0.8836943865938904,Free RC-SDE,0.2318733445093595
RPFa3,selected SOZ,0.8949024541942396,Free RC-SDE,0.2251236136673484
RPFa3,selected SOZ,0.9061105217945888,Free RC-SDE,0.21845376011978612
RPFa3,selected SOZ,0.917318589394938,Free RC-SDE,0.2118642862017624
RPFa3,selected SOZ,0.9285266569952872,Free RC-SDE,0.20535632627037087
RPFa3,selected SOZ,0.9397347245956365,Free RC-SDE,0.19893163327716337
RPFa3,selected SOZ,0.9509427921959852,Free RC-SDE,0.1925925469976276
RPFa3,selected SOZ,0.9621508597963344,Free RC-SDE,0.18634194589343026
RPFa3,selected SOZ,0.9733589273966836,Free RC-SDE,0.18018318494255645
RPFa3,selected SOZ,0.9845669949970328,Free RC-SDE,0.17412002203337648
RPFa3,selected SOZ,0.995775062597382,Free RC-SDE,0.1681565356768678
RPFa3,selected SOZ,1.0069831301977312,Free RC-SDE,0.16229703684692917
RPFa3,selected SOZ,1.0181911977980804,Free RC-SDE,0.15654597771631218
RPFa3,selected SOZ,1.0293992653984292,Free RC-SDE,0.15090785992344405
RPFa3,selected SOZ,1.0406073329987784,Free RC-SDE,0.1453871447946946
RPFa3,selected SOZ,1.0518154005991276,Free RC-SDE,0.13998816767156272
RPFa3,selected SOZ,1.0630234681994768,Free RC-SDE,0.134715058168438
RPFa3,selected SOZ,1.074231535799826,Free RC-SDE,0.12957166783095866
RPFa3,selected SOZ,1.0854396034001752,Free RC-SDE,0.12456150629412291
RPFa3,selected SOZ,1.0966476710005244,Free RC-SDE,0.11968768666971548
RPFa3,selected SOZ,1.1078557386008732,Free RC-SDE,0.11495288053891274
RPFa3,selected SOZ,1.1190638062012224,Free RC-SDE,0.11035928260141394
RPFa3,selected SOZ,1.1302718738015716,Free RC-SDE,0.10590858474747765
RPFa3,selected SOZ,1.1414799414019208,Free RC-SDE,0.10160195908208344
RPFa3,selected SOZ,1.15268800900227,Free RC-SDE,0.09744004924601908
RPFa3,selected SOZ,1.1638960766026192,Free RC-SDE,0.09342296924940033
RPFa3,selected SOZ,1.1751041442029684,Free RC-SDE,0.08955030895840166
RPFa3,selected SOZ,1.1863122118033171,Free RC-SDE,0.08582114535266192
RPFa3,selected SOZ,1.1975202794036663,Free RC-SDE,0.08223405869364955
RPFa3,selected SOZ,1.2087283470040155,Free RC-SDE,0.0787871528058497
RPFa3,selected SOZ,1.2199364146043647,Free RC-SDE,0.07547807876440957
RPFa3,selected SOZ,1.231144482204714,Free RC-SDE,0.07230406139515803
RPFa3,selected SOZ,1.2423525498050632,Free RC-SDE,0.06926192811572345
RPFa3,selected SOZ,1.2535606174054124,Free RC-SDE,0.06634813976994161
RPFa3,selected SOZ,1.2647686850057611,Free RC-SDE,0.06355882322251698
RPFa3,selected SOZ,1.2759767526061103,Free RC-SDE,0.060889805578820615
RPFa3,selected SOZ,1.2871848202064595,Free RC-SDE,0.058336649969032706
RPFa3,selected SOZ,1.2983928878068087,Free RC-SDE,0.05589469288158758
RPFa3,selected SOZ,1.309600955407158,Free RC-SDE,0.05355908304520667
RPFa3,selected SOZ,1.3208090230075071,Free RC-SDE,0.05132482184095581
RPFa3,selected SOZ,1.3320170906078563,Free RC-SDE,0.049186805177193496
RPFa3,selected SOZ,1.343225158208205,Free RC-SDE,0.04713986668455118
RPFa3,selected SOZ,1.3544332258085543,Free RC-SDE,0.04517882199063995
RPFa3,selected SOZ,1.3656412934089035,Free RC-SDE,0.04329851372199667
RPFa3,selected SOZ,1.3768493610092527,Free RC-SDE,0.04149385676202327
RPFa3,selected SOZ,1.388057428609602,Free RC-SDE,0.039759883177158215
RPFa3,selected SOZ,1.399265496209951,Free RC-SDE,0.038091786118161663
RPFa3,selected SOZ,1.4104735638103003,Free RC-SDE,0.03648496191776986
RPFa3,selected SOZ,1.421681631410649,Free RC-SDE,0.034935049547606456
RPFa3,selected SOZ,1.4328896990109983,Free RC-SDE,0.03343796657229137
RPFa3,selected SOZ,1.4440977666113475,Free RC-SDE,0.03198994075141593
RPFa3,selected SOZ,1.4553058342116967,Free RC-SDE,0.030587536492604896
RPFa3,selected SOZ,1.4665139018120459,Free RC-SDE,0.02922767545105249
RPFa3,selected SOZ,1.477721969412395,Free RC-SDE,0.02790765070017005
RPFa3,selected SOZ,1.4889300370127443,Free RC-SDE,0.02662513405951647
RPFa3,selected SOZ,1.500138104613093,Free RC-SDE,0.025378176353285722
RPFa3,selected SOZ,1.5113461722134423,Free RC-SDE,0.024165200576915236
RPFa3,selected SOZ,1.5225542398137915,Free RC-SDE,0.022984988161451746
RPFa3,selected SOZ,1.5337623074141407,Free RC-SDE,0.021836658735162717
RPFa3,selected SOZ,1.5449703750144899,Free RC-SDE,0.020719643979580725
RPFa3,selected SOZ,1.556178442614839,Free RC-SDE,0.019633656353414467
RPFa3,selected SOZ,1.5673865102151883,Free RC-SDE,0.01857865360441245
RPFa3,selected SOZ,1.578594577815537,Free RC-SDE,0.01755480009982918
RPFa3,selected SOZ,1.5898026454158862,Free RC-SDE,0.01656242607610432
RPFa3,selected SOZ,1.6010107130162354,Free RC-SDE,0.015601985935399128
RPFa3,selected SOZ,1.6122187806165846,Free RC-SDE,0.014674016700723012
RPFa3,selected SOZ,1.6234268482169338,Free RC-SDE,0.013779097684698025
RPFa3,selected SOZ,-1.7277853642874588,Interictal reference,3.340300927934187e-19
RPFa3,selected SOZ,-1.7165772966871096,Interictal reference,6.111523782835189e-19
RPFa3,selected SOZ,-1.7053692290867606,Interictal reference,1.112876756124848e-18
RPFa3,selected SOZ,-1.6941611614864114,Interictal reference,2.0168782805631414e-18
RPFa3,selected SOZ,-1.6829530938860622,Interictal reference,3.637883606052077e-18
RPFa3,selected SOZ,-1.671745026285713,Interictal reference,6.530642185097021e-18
RPFa3,selected SOZ,-1.660536958685364,Interictal reference,1.16681630865382e-17
RPFa3,selected SOZ,-1.6493288910850148,Interictal reference,2.074866624269765e-17
RPFa3,selected SOZ,-1.6381208234846656,Interictal reference,3.67215161267501e-17
RPFa3,selected SOZ,-1.6269127558843166,Interictal reference,6.468378605245417e-17
RPFa3,selected SOZ,-1.6157046882839674,Interictal reference,1.1340087601809542e-16
RPFa3,selected SOZ,-1.6044966206836182,Interictal reference,1.978724510594398e-16
RPFa3,selected SOZ,-1.5932885530832692,Interictal reference,3.4364027746009256e-16
RPFa3,selected SOZ,-1.58208048548292,Interictal reference,5.9398367889839565e-16
RPFa3,selected SOZ,-1.5708724178825708,Interictal reference,1.0218771094937523e-15
RPFa3,selected SOZ,-1.5596643502822216,Interictal reference,1.7497604294965127e-15
RPFa3,selected SOZ,-1.5484562826818726,Interictal reference,2.98206012440903e-15
RPFa3,selected SOZ,-1.5372482150815234,Interictal reference,5.0584129718055026e-15
RPFa3,selected SOZ,-1.5260401474811742,Interictal reference,8.540327532775372e-15
RPFa3,selected SOZ,-1.5148320798808252,Interictal reference,1.4351572308891192e-14
RPFa3,selected SOZ,-1.503624012280476,Interictal reference,2.4004440717640054e-14
RPFa3,selected SOZ,-1.4924159446801268,Interictal reference,3.9962567058929764e-14
RPFa3,selected SOZ,-1.4812078770797776,Interictal reference,6.62197382861404e-14
RPFa3,selected SOZ,-1.4699998094794287,Interictal reference,1.0921858612986492e-13
RPFa3,selected SOZ,-1.4587917418790795,Interictal reference,1.7930130891473049e-13
RPFa3,selected SOZ,-1.4475836742787302,Interictal reference,2.929888572583937e-13
RPFa3,selected SOZ,-1.4363756066783813,Interictal reference,4.765434489573296e-13
RPFa3,selected SOZ,-1.425167539078032,Interictal reference,7.715086376202856e-13
RPFa3,selected SOZ,-1.4139594714776829,Interictal reference,1.2432807814705676e-12
RPFa3,selected SOZ,-1.4027514038773337,Interictal reference,1.994303067165556e-12
RPFa3,selected SOZ,-1.3915433362769847,Interictal reference,3.1842715662382075e-12
RPFa3,selected SOZ,-1.3803352686766355,Interictal reference,5.06092232422002e-12
RPFa3,selected SOZ,-1.3691272010762863,Interictal reference,8.006701497440533e-12
RPFa3,selected SOZ,-1.3579191334759373,Interictal reference,1.2609152544419855e-11
RPFa3,selected SOZ,-1.346711065875588,Interictal reference,1.976653307199422e-11
RPFa3,selected SOZ,-1.3355029982752389,Interictal reference,3.0845488359946056e-11
RPFa3,selected SOZ,-1.3242949306748897,Interictal reference,4.791524309570727e-11
RPFa3,selected SOZ,-1.3130868630745407,Interictal reference,7.409367850912866e-11
RPFa3,selected SOZ,-1.3018787954741915,Interictal reference,1.1405615255406863e-10
RPFa3,selected SOZ,-1.2906707278738423,Interictal reference,1.7477979908209577e-10
RPFa3,selected SOZ,-1.2794626602734933,Interictal reference,2.666267671981624e-10
RPFa3,selected SOZ,-1.268254592673144,Interictal reference,4.049127667126754e-10
RPFa3,selected SOZ,-1.257046525072795,Interictal reference,6.121668570732715e-10
RPFa3,selected SOZ,-1.2458384574724457,Interictal reference,9.21370658530677e-10
RPFa3,selected SOZ,-1.2346303898720967,Interictal reference,1.3805780545787464e-09
RPFa3,selected SOZ,-1.2234223222717475,Interictal reference,2.0594705297457187e-09
RPFa3,selected SOZ,-1.2122142546713985,Interictal reference,3.058612366875014e-09
RPFa3,selected SOZ,-1.2010061870710493,Interictal reference,4.522452021215561e-09
RPFa3,selected SOZ,-1.1897981194707001,Interictal reference,6.657494402442615e-09
RPFa3,selected SOZ,-1.178590051870351,Interictal reference,9.757573492187274e-09
RPFa3,selected SOZ,-1.1673819842700017,Interictal reference,1.4238823956477628e-08
RPFa3,selected SOZ,-1.1561739166696525,Interictal reference,2.068783267864859e-08
RPFa3,selected SOZ,-1.1449658490693035,Interictal reference,2.992760749659249e-08
RPFa3,selected SOZ,-1.1337577814689546,Interictal reference,4.3107507199501024e-08
RPFa3,selected SOZ,-1.1225497138686054,Interictal reference,6.182522873101922e-08
RPFa3,selected SOZ,-1.1113416462682562,Interictal reference,8.82914612134998e-08
RPFa3,selected SOZ,-1.100133578667907,Interictal reference,1.255510344566085e-07
RPFa3,selected SOZ,-1.0889255110675577,Interictal reference,1.777784850199084e-07
RPFa3,selected SOZ,-1.0777174434672088,Interictal reference,2.506711438097111e-07
RPFa3,selected SOZ,-1.0665093758668596,Interictal reference,3.519693640096124e-07
RPFa3,selected SOZ,-1.0553013082665106,Interictal reference,4.921416507827048e-07
RPFa3,selected SOZ,-1.0440932406661614,Interictal reference,6.852825692829846e-07
RPFa3,selected SOZ,-1.0328851730658122,Interictal reference,9.50283795389404e-07
RPFa3,selected SOZ,-1.021677105465463,Interictal reference,1.31235399454541e-06
RPFa3,selected SOZ,-1.0104690378651138,Interictal reference,1.8049818917518757e-06
RPFa3,selected SOZ,-0.9992609702647648,Interictal reference,2.4724595187124626e-06
RPFa3,selected SOZ,-0.9880529026644156,Interictal reference,3.3731098454201474e-06
RPFa3,selected SOZ,-0.9768448350640665,Interictal reference,4.583395537069809e-06
RPFa3,selected SOZ,-0.9656367674637173,Interictal reference,6.203124190502439e-06
RPFa3,selected SOZ,-0.9544286998633682,Interictal reference,8.362010905833606e-06
RPFa3,selected SOZ,-0.943220632263019,Interictal reference,1.1227912269254172e-05
RPFa3,selected SOZ,-0.9320125646626699,Interictal reference,1.5017107589215722e-05
RPFa3,selected SOZ,-0.9208044970623208,Interictal reference,2.0007074328566553e-05
RPFa3,selected SOZ,-0.9095964294619716,Interictal reference,2.6552285813814445e-05
RPFa3,selected SOZ,-0.8983883618616225,Interictal reference,3.510365104245024e-05
RPFa3,selected SOZ,-0.8871802942612733,Interictal reference,4.623231910151375e-05
RPFa3,selected SOZ,-0.8759722266609242,Interictal reference,6.0658684410583194e-05
RPFa3,selected SOZ,-0.8647641590605751,Interictal reference,7.928755336961795e-05
RPFa3,selected SOZ,-0.8535560914602259,Interictal reference,0.00010325056717533226
RPFa3,selected SOZ,-0.8423480238598768,Interictal reference,0.00013395711807725346
RPFa3,selected SOZ,-0.8311399562595276,Interictal reference,0.00017315514490064626
RPFa3,selected SOZ,-0.8199318886591785,Interictal reference,0.00022300334505495696
RPFa3,selected SOZ,-0.8087238210588293,Interictal reference,0.00028615649016216436
RPFa3,selected SOZ,-0.7975157534584802,Interictal reference,0.00036586567531014694
RPFa3,selected SOZ,-0.7863076858581312,Interictal reference,0.0004660954607816931
RPFa3,selected SOZ,-0.775099618257782,Interictal reference,0.0005916599714048982
RPFa3,selected SOZ,-0.7638915506574329,Interictal reference,0.0007483800922424998
RPFa3,selected SOZ,-0.7526834830570837,Interictal reference,0.0009432639283089721
RPFa3,selected SOZ,-0.7414754154567346,Interictal reference,0.0011847126668013894
RPFa3,selected SOZ,-0.7302673478563854,Interictal reference,0.001482753877773534
RPFa3,selected SOZ,-0.7190592802560363,Interictal reference,0.0018493040966820991
RPFa3,selected SOZ,-0.7078512126556871,Interictal reference,0.0022984622321056557
RPFa3,selected SOZ,-0.6966431450553381,Interictal reference,0.0028468349158678546
RPFa3,selected SOZ,-0.6854350774549889,Interictal reference,0.0035138943424641695
RPFa3,selected SOZ,-0.6742270098546397,Interictal reference,0.0043223684125633394
RPFa3,selected SOZ,-0.6630189422542905,Interictal reference,0.005298662085657714
RPFa3,selected SOZ,-0.6518108746539415,Interictal reference,0.0064733077468109215
RPFa3,selected SOZ,-0.6406028070535923,Interictal reference,0.007881441093256067
RPFa3,selected SOZ,-0.6293947394532431,Interictal reference,0.009563297545360878
RPFa3,selected SOZ,-0.6181866718528941,Interictal reference,0.011564722487431015
RPFa3,selected SOZ,-0.6069786042525449,Interictal reference,0.013937686759968326
RPFa3,selected SOZ,-0.5957705366521957,Interictal reference,0.016740796779652987
RPFa3,selected SOZ,-0.5845624690518465,Interictal reference,0.020039786491485054
RPFa3,selected SOZ,-0.5733544014514975,Interictal reference,0.02390797610707977
RPFa3,selected SOZ,-0.5621463338511483,Interictal reference,0.02842668031562083
RPFa3,selected SOZ,-0.5509382662507991,Interictal reference,0.03368554644500288
RPFa3,selected SOZ,-0.5397301986504501,Interictal reference,0.0397828009895757
RPFa3,selected SOZ,-0.5285221310501009,Interictal reference,0.04682538110974762
RPFa3,selected SOZ,-0.5173140634497517,Interictal reference,0.05492892626065684
RPFa3,selected SOZ,-0.5061059958494027,Interictal reference,0.06421760414365439
RPFa3,selected SOZ,-0.49489792824905354,Interictal reference,0.07482374482167575
RPFa3,selected SOZ,-0.48368986064870434,Interictal reference,0.0868872572242124
RPFa3,selected SOZ,-0.47248179304835514,Interictal reference,0.1005548035108277
RPFa3,selected SOZ,-0.46127372544800616,Interictal reference,0.11597870897401681
RPFa3,selected SOZ,-0.45006565784765695,Interictal reference,0.13331558843474445
RPFa3,selected SOZ,-0.43885759024730775,Interictal reference,0.15272467448403693
RPFa3,selected SOZ,-0.42764952264695877,Interictal reference,0.17436583848635645
RPFa3,selected SOZ,-0.41644145504660957,Interictal reference,0.19839730198076228
RPFa3,selected SOZ,-0.40523338744626036,Interictal reference,0.2249730439445839
RPFa3,selected SOZ,-0.39402531984591116,Interictal reference,0.25423991822203457
RPFa3,selected SOZ,-0.3828172522455622,Interictal reference,0.2863345051135484
RPFa3,selected SOZ,-0.371609184645213,Interictal reference,0.3213797314625331
RPFa3,selected SOZ,-0.3604011170448638,Interictal reference,0.3594813043021952
RPFa3,selected SOZ,-0.3491930494445148,Interictal reference,0.40072401392276985
RPFa3,selected SOZ,-0.3379849818441656,Interictal reference,0.4451679727311993
RPFa3,selected SOZ,-0.3267769142438164,Interictal reference,0.49284486610744016
RPFa3,selected SOZ,-0.3155688466434672,Interictal reference,0.5437543001977553
RPFa3,selected SOZ,-0.3043607790431182,Interictal reference,0.597860338798964
RPFa3,selected SOZ,-0.293152711442769,Interictal reference,0.6550883267610497
RPFa3,selected SOZ,-0.2819446438424198,Interictal reference,0.7153221002753192
RPFa3,selected SOZ,-0.2707365762420708,Interictal reference,0.7784016846746953
RPFa3,selected SOZ,-0.2595285086417216,Interictal reference,0.8441215776672022
RPFa3,selected SOZ,-0.2483204410413724,Interictal reference,0.9122297100527806
RPFa3,selected SOZ,-0.2371123734410232,Interictal reference,0.9824271668344725
RPFa3,selected SOZ,-0.22590430584067422,Interictal reference,1.0543687392376264
RPFa3,selected SOZ,-0.21469623824032502,Interictal reference,1.1276643626272647
RPFa3,selected SOZ,-0.20348817063997582,Interictal reference,1.2018814769229114
RPFa3,selected SOZ,-0.19228010303962684,Interictal reference,1.276548325238432
RPFa3,selected SOZ,-0.18107203543927763,Interictal reference,1.3511581836287438
RPFa3,selected SOZ,-0.16986396783892843,Interictal reference,1.4251744906224628
RPFa3,selected SOZ,-0.15865590023857923,Interictal reference,1.4980368203679677
RPFa3,selected SOZ,-0.14744783263823025,Interictal reference,1.5691676184980556
RPFa3,selected SOZ,-0.13623976503788104,Interictal reference,1.6379795960449008
RPFa3,selected SOZ,-0.12503169743753184,Interictal reference,1.7038836547430405
RPFa3,selected SOZ,-0.11382362983718286,Interictal reference,1.7662971976532362
RPFa3,selected SOZ,-0.10261556223683366,Interictal reference,1.8246526629773623
RPFa3,selected SOZ,-0.09140749463648445,Interictal reference,1.8784061068795814
RPFa3,selected SOZ,-0.08019942703613525,Interictal reference,1.9270456536281495
RPFa3,selected SOZ,-0.06899135943578627,Interictal reference,1.9700996288275012
RPFa3,selected SOZ,-0.05778329183543707,Interictal reference,2.0071441941562433
RPFa3,selected SOZ,-0.046575224235087864,Interictal reference,2.0378103099197853
RPFa3,selected SOZ,-0.03536715663473888,Interictal reference,2.0617898647338953
RPFa3,selected SOZ,-0.02415908903438968,Interictal reference,2.0788408294600904
RPFa3,selected SOZ,-0.012951021434040477,Interictal reference,2.0887913146213344
RPFa3,selected SOZ,-0.0017429538336914963,Interictal reference,2.0915424362822916
RPFa3,selected SOZ,0.009465113766657707,Interictal reference,2.0870699239940924
RPFa3,selected SOZ,0.02067318136700691,Interictal reference,2.0754244349832076
RPFa3,selected SOZ,0.03188124896735611,Interictal reference,2.0567305703429795
RPFa3,selected SOZ,0.043089316567705094,Interictal reference,2.031184620566001
RPFa3,selected SOZ,0.0542973841680543,Interictal reference,1.9990510983437588
RPFa3,selected SOZ,0.0655054517684035,Interictal reference,1.9606581452085952
RPFa3,selected SOZ,0.07671351936875248,Interictal reference,1.9163919244348806
RPFa3,selected SOZ,0.08792158696910168,Interictal reference,1.8666901348960643
RPFa3,selected SOZ,0.09912965456945089,Interictal reference,1.8120347986753587
RPFa3,selected SOZ,0.11033772216980009,Interictal reference,1.7529444886940464
RPFa3,selected SOZ,0.12154578977014907,Interictal reference,1.6899661711667904
RPFa3,selected SOZ,0.13275385737049827,Interictal reference,1.6236668412113509
RPFa3,selected SOZ,0.14396192497084748,Interictal reference,1.5546251284976393
RPFa3,selected SOZ,0.15516999257119646,Interictal reference,1.4834230436536815
RPFa3,selected SOZ,0.16637806017154566,Interictal reference,1.4106380256363484
RPFa3,selected SOZ,0.17758612777189486,Interictal reference,1.3368354359377324
RPFa3,selected SOZ,0.18879419537224407,Interictal reference,1.2625616279508705
RPFa3,selected SOZ,0.20000226297259305,Interictal reference,1.188337699754026
RPFa3,selected SOZ,0.21121033057294225,Interictal reference,1.1146540167303938
RPFa3,selected SOZ,0.22241839817329145,Interictal reference,1.041965567574999
RPFa3,selected SOZ,0.23362646577364043,Interictal reference,0.9706881940950058
RPFa3,selected SOZ,0.24483453337398964,Interictal reference,0.9011957124882795
RPFa3,selected SOZ,0.25604260097433884,Interictal reference,0.8338179221296981
RPFa3,selected SOZ,0.26725066857468804,Interictal reference,0.7688394778677498
RPFa3,selected SOZ,0.278458736175037,Interictal reference,0.7064995839029072
RPFa3,selected SOZ,0.28966680377538623,Interictal reference,0.6469924518475965
RPFa3,selected SOZ,0.30087487137573543,Interictal reference,0.5904684528104646
RPFa3,selected SOZ,0.31208293897608463,Interictal reference,0.5370358834510961
RPFa3,selected SOZ,0.32329100657643384,Interictal reference,0.48676325895829475
RPFa3,selected SOZ,0.3344990741767826,Interictal reference,0.43968204175986336
RPFa3,selected SOZ,0.3457071417771318,Interictal reference,0.39578971333552654
RPFa3,selected SOZ,0.356915209377481,Interictal reference,0.3550530975632709
RPFa3,selected SOZ,0.3681232769778302,Interictal reference,0.31741184731217115
RPFa3,selected SOZ,0.3793313445781794,Interictal reference,0.28278201118754437
RPFa3,selected SOZ,0.3905394121785286,Interictal reference,0.2510596040944581
RPFa3,selected SOZ,0.4017474797788778,Interictal reference,0.22212411325864434
RPFa3,selected SOZ,0.4129555473792266,Interictal reference,0.19584188017438717
RPFa3,selected SOZ,0.4241636149795758,Interictal reference,0.1720693082951183
RPFa3,selected SOZ,0.435371682579925,Interictal reference,0.15065585582437555
RPFa3,selected SOZ,0.4465797501802742,Interictal reference,0.13144678241364338
RPFa3,selected SOZ,0.4577878177806234,Interictal reference,0.11428562767773602
RPFa3,selected SOZ,0.4689958853809726,Interictal reference,0.09901640798651638
RPFa3,selected SOZ,0.4802039529813218,Interictal reference,0.08548552581606778
RPFa3,selected SOZ,0.49141202058167055,Interictal reference,0.07354339291788616
RPFa3,selected SOZ,0.5026200881820198,Interictal reference,0.06304577460817945
RPFa3,selected SOZ,0.513828155782369,Interictal reference,0.053854867546862736
RPFa3,selected SOZ,0.5250362233827182,Interictal reference,0.045840127458626236
RPFa3,selected SOZ,0.5362442909830674,Interictal reference,0.038878866368757016
RPFa3,selected SOZ,0.5474523585834166,Interictal reference,0.032856641132271484
RPFa3,selected SOZ,0.5586604261837658,Interictal reference,0.02766745639521064
RPFa3,selected SOZ,0.5698684937841145,Interictal reference,0.023213805726032124
RPFa3,selected SOZ,0.5810765613844637,Interictal reference,0.01940657458781061
RPFa3,selected SOZ,0.5922846289848129,Interictal reference,0.016164828189259874
RPFa3,selected SOZ,0.6034926965851621,Interictal reference,0.013415506157019698
RPFa3,selected SOZ,0.6147007641855113,Interictal reference,0.011093044513982186
RPFa3,selected SOZ,0.6259088317858605,Interictal reference,0.009138943724615134
RPFa3,selected SOZ,0.6371168993862097,Interictal reference,0.007501299667089492
RPFa3,selected SOZ,0.6483249669865585,Interictal reference,0.0061343123934247635
RPFa3,selected SOZ,0.6595330345869077,Interictal reference,0.004997785512686621
RPFa3,selected SOZ,0.6707411021872569,Interictal reference,0.0040566270376907404
RPFa3,selected SOZ,0.6819491697876061,Interictal reference,0.0032803606210475684
RPFa3,selected SOZ,0.6931572373879553,Interictal reference,0.0026426543095425968
RPFa3,selected SOZ,0.7043653049883045,Interictal reference,0.002120872294594686
RPFa3,selected SOZ,0.7155733725886533,Interictal reference,0.001695653649535061
RPFa3,selected SOZ,0.7267814401890025,Interictal reference,0.0013505207321923994
RPFa3,selected SOZ,0.7379895077893517,Interictal reference,0.0010715187971928352
RPFa3,selected SOZ,0.7491975753897009,Interictal reference,0.0008468874040258775
RPFa3,selected SOZ,0.7604056429900501,Interictal reference,0.0006667634170805993
RPFa3,selected SOZ,0.7716137105903993,Interictal reference,0.0005229147616744245
RPFa3,selected SOZ,0.7828217781907485,Interictal reference,0.0004085036121286448
RPFa3,selected SOZ,0.7940298457910973,Interictal reference,0.0003178773290592015
RPFa3,selected SOZ,0.8052379133914465,Interictal reference,0.00024638521725156776
RPFa3,selected SOZ,0.8164459809917957,Interictal reference,0.00019021902659754246
RPFa3,selected SOZ,0.8276540485921449,Interictal reference,0.0001462750507888658
RPFa3,selected SOZ,0.8388621161924941,Interictal reference,0.00011203567680247514
RPFa3,selected SOZ,0.8500701837928433,Interictal reference,8.546828882148026e-05
RPFa3,selected SOZ,0.8612782513931925,Interictal reference,6.493952061117102e-05
RPFa3,selected SOZ,0.8724863189935412,Interictal reference,4.91429694797612e-05
RPFa3,selected SOZ,0.8836943865938904,Interictal reference,3.7038623287900574e-05
RPFa3,selected SOZ,0.8949024541942396,Interictal reference,2.78024015209072e-05
RPFa3,selected SOZ,0.9061105217945888,Interictal reference,2.0784365631415982e-05
RPFa3,selected SOZ,0.917318589394938,Interictal reference,1.5474307460569812e-05
RPFa3,selected SOZ,0.9285266569952872,Interictal reference,1.1473573522788853e-05
RPFa3,selected SOZ,0.9397347245956365,Interictal reference,8.472124328446889e-06
RPFa3,selected SOZ,0.9509427921959852,Interictal reference,6.229959674604423e-06
RPFa3,selected SOZ,0.9621508597963344,Interictal reference,4.562161682679755e-06
RPFa3,selected SOZ,0.9733589273966836,Interictal reference,3.326916662168809e-06
RPFa3,selected SOZ,0.9845669949970328,Interictal reference,2.415974492495134e-06
RPFa3,selected SOZ,0.995775062597382,Interictal reference,1.7470903879226445e-06
RPFa3,selected SOZ,1.0069831301977312,Interictal reference,1.2580691737288163e-06
RPFa3,selected SOZ,1.0181911977980804,Interictal reference,9.020972818577607e-07
RPFa3,selected SOZ,1.0293992653984292,Interictal reference,6.441034201178299e-07
RPFa3,selected SOZ,1.0406073329987784,Interictal reference,4.5793619326067464e-07
RPFa3,selected SOZ,1.0518154005991276,Interictal reference,3.241867865988296e-07
RPFa3,selected SOZ,1.0630234681994768,Interictal reference,2.2851807459100388e-07
RPFa3,selected SOZ,1.074231535799826,Interictal reference,1.6038905579692577e-07
RPFa3,selected SOZ,1.0854396034001752,Interictal reference,1.1208614866243907e-07
RPFa3,selected SOZ,1.0966476710005244,Interictal reference,7.799134532811974e-08
RPFa3,selected SOZ,1.1078557386008732,Interictal reference,5.403217228675346e-08
RPFa3,selected SOZ,1.1190638062012224,Interictal reference,3.7270429188948364e-08
RPFa3,selected SOZ,1.1302718738015716,Interictal reference,2.5596277201313886e-08
RPFa3,selected SOZ,1.1414799414019208,Interictal reference,1.750186195765083e-08
RPFa3,selected SOZ,1.15268800900227,Interictal reference,1.1914653959655126e-08
RPFa3,selected SOZ,1.1638960766026192,Interictal reference,8.075383084626333e-09
RPFa3,selected SOZ,1.1751041442029684,Interictal reference,5.449093310192042e-09
RPFa3,selected SOZ,1.1863122118033171,Interictal reference,3.660663052960293e-09
RPFa3,selected SOZ,1.1975202794036663,Interictal reference,2.448300695258147e-09
RPFa3,selected SOZ,1.2087283470040155,Interictal reference,1.6301757666605395e-09
RPFa3,selected SOZ,1.2199364146043647,Interictal reference,1.0805977875271666e-09
RPFa3,selected SOZ,1.231144482204714,Interictal reference,7.130977487027767e-10
RPFa3,selected SOZ,1.2423525498050632,Interictal reference,4.684733510177465e-10
RPFa3,selected SOZ,1.2535606174054124,Interictal reference,3.0638474201531296e-10
RPFa3,selected SOZ,1.2647686850057611,Interictal reference,1.9947637698319956e-10
RPFa3,selected SOZ,1.2759767526061103,Interictal reference,1.2928664955426276e-10
RPFa3,selected SOZ,1.2871848202064595,Interictal reference,8.341605218683343e-11
RPFa3,selected SOZ,1.2983928878068087,Interictal reference,5.3576617461587464e-11
RPFa3,selected SOZ,1.309600955407158,Interictal reference,3.425521649490185e-11
RPFa3,selected SOZ,1.3208090230075071,Interictal reference,2.1802186996459884e-11
RPFa3,selected SOZ,1.3320170906078563,Interictal reference,1.3813113006414648e-11
RPFa3,selected SOZ,1.343225158208205,Interictal reference,8.71159272108298e-12
RPFa3,selected SOZ,1.3544332258085543,Interictal reference,5.469082538217589e-12
RPFa3,selected SOZ,1.3656412934089035,Interictal reference,3.4177383950232034e-12
RPFa3,selected SOZ,1.3768493610092527,Interictal reference,2.126019178600076e-12
RPFa3,selected SOZ,1.388057428609602,Interictal reference,1.316425360069995e-12
RPFa3,selected SOZ,1.399265496209951,Interictal reference,8.113771405188594e-13
RPFa3,selected SOZ,1.4104735638103003,Interictal reference,4.977870649956067e-13
RPFa3,selected SOZ,1.421681631410649,Interictal reference,3.0398747141593284e-13
RPFa3,selected SOZ,1.4328896990109983,Interictal reference,1.8478044403479262e-13
RPFa3,selected SOZ,1.4440977666113475,Interictal reference,1.1179996174929156e-13
RPFa3,selected SOZ,1.4553058342116967,Interictal reference,6.733018221679509e-14
RPFa3,selected SOZ,1.4665139018120459,Interictal reference,4.0360602865330087e-14
RPFa3,selected SOZ,1.477721969412395,Interictal reference,2.4081444064290323e-14
RPFa3,selected SOZ,1.4889300370127443,Interictal reference,1.4301507314405856e-14
RPFa3,selected SOZ,1.500138104613093,Interictal reference,8.453819127726629e-15
RPFa3,selected SOZ,1.5113461722134423,Interictal reference,4.973858889951431e-15
RPFa3,selected SOZ,1.5225542398137915,Interictal reference,2.9127346394556693e-15
RPFa3,selected SOZ,1.5337623074141407,Interictal reference,1.6977470402811672e-15
RPFa3,selected SOZ,1.5449703750144899,Interictal reference,9.84934514311861e-16
RPFa3,selected SOZ,1.556178442614839,Interictal reference,5.687243436238846e-16
RPFa3,selected SOZ,1.5673865102151883,Interictal reference,3.2685429986726423e-16
RPFa3,selected SOZ,1.578594577815537,Interictal reference,1.8696589993463943e-16
RPFa3,selected SOZ,1.5898026454158862,Interictal reference,1.0644478166896944e-16
RPFa3,selected SOZ,1.6010107130162354,Interictal reference,6.031677670561269e-17
RPFa3,selected SOZ,1.6122187806165846,Interictal reference,3.4017446975354096e-17
RPFa3,selected SOZ,1.6234268482169338,Interictal reference,1.909471880312523e-17
RPFa3,selected SOZ,-1.7277853642874588,Original Actor,1.0049761999652843e-15
RPFa3,selected SOZ,-1.7165772966871096,Original Actor,1.713965118814811e-15
RPFa3,selected SOZ,-1.7053692290867606,Original Actor,2.9094226048774396e-15
RPFa3,selected SOZ,-1.6941611614864114,Original Actor,4.915558504175857e-15
RPFa3,selected SOZ,-1.6829530938860622,Original Actor,8.266141866216047e-15
RPFa3,selected SOZ,-1.671745026285713,Original Actor,1.3835649463310857e-14
RPFa3,selected SOZ,-1.660536958685364,Original Actor,2.3049729799923876e-14
RPFa3,selected SOZ,-1.6493288910850148,Original Actor,3.822123370864614e-14
RPFa3,selected SOZ,-1.6381208234846656,Original Actor,6.308399977830408e-14
RPFa3,selected SOZ,-1.6269127558843166,Original Actor,1.0363646483595943e-13
RPFa3,selected SOZ,-1.6157046882839674,Original Actor,1.6946815742868255e-13
RPFa3,selected SOZ,-1.6044966206836182,Original Actor,2.7583488272617134e-13
RPFa3,selected SOZ,-1.5932885530832692,Original Actor,4.468886868393917e-13
RPFa3,selected SOZ,-1.58208048548292,Original Actor,7.206796843994441e-13
RPFa3,selected SOZ,-1.5708724178825708,Original Actor,1.1568624435216553e-12
RPFa3,selected SOZ,-1.5596643502822216,Original Actor,1.848509108327142e-12
RPFa3,selected SOZ,-1.5484562826818726,Original Actor,2.940125959735119e-12
RPFa3,selected SOZ,-1.5372482150815234,Original Actor,4.6549918422531385e-12
RPFa3,selected SOZ,-1.5260401474811742,Original Actor,7.336431634364035e-12
RPFa3,selected SOZ,-1.5148320798808252,Original Actor,1.1509812555758478e-11
RPFa3,selected SOZ,-1.503624012280476,Original Actor,1.797519720999026e-11
RPFa3,selected SOZ,-1.4924159446801268,Original Actor,2.794511349685664e-11
RPFa3,selected SOZ,-1.4812078770797776,Original Actor,4.324837698811083e-11
RPFa3,selected SOZ,-1.4699998094794287,Original Actor,6.663011369626753e-11
RPFa3,selected SOZ,-1.4587917418790795,Original Actor,1.0219116376333951e-10
RPFa3,selected SOZ,-1.4475836742787302,Original Actor,1.5602838030278633e-10
RPFa3,selected SOZ,-1.4363756066783813,Original Actor,2.371629838673704e-10
RPFa3,selected SOZ,-1.425167539078032,Original Actor,3.5887980662782854e-10
RPFa3,selected SOZ,-1.4139594714776829,Original Actor,5.406496022784612e-10
RPFa3,selected SOZ,-1.4027514038773337,Original Actor,8.108744596362456e-10
RPFa3,selected SOZ,-1.3915433362769847,Original Actor,1.2107891632213402e-09
RPFa3,selected SOZ,-1.3803352686766355,Original Actor,1.7999775415808237e-09
RPFa3,selected SOZ,-1.3691272010762863,Original Actor,2.664133473647062e-09
RPFa3,selected SOZ,-1.3579191334759373,Original Actor,3.925925615024982e-09
RPFa3,selected SOZ,-1.346711065875588,Original Actor,5.760131535722861e-09
RPFa3,selected SOZ,-1.3355029982752389,Original Actor,8.414614488198344e-09
RPFa3,selected SOZ,-1.3242949306748897,Original Actor,1.2239254539217772e-08
RPFa3,selected SOZ,-1.3130868630745407,Original Actor,1.7725653300488337e-08
RPFa3,selected SOZ,-1.3018787954741915,Original Actor,2.5561355629656024e-08
RPFa3,selected SOZ,-1.2906707278738423,Original Actor,3.670353175978763e-08
RPFa3,selected SOZ,-1.2794626602734933,Original Actor,5.247861264360026e-08
RPFa3,selected SOZ,-1.268254592673144,Original Actor,7.471635974450732e-08
RPFa3,selected SOZ,-1.257046525072795,Original Actor,1.0592938742446008e-07
RPFa3,selected SOZ,-1.2458384574724457,Original Actor,1.4955237345257425e-07
RPFa3,selected SOZ,-1.2346303898720967,Original Actor,2.102592489556408e-07
RPFa3,selected SOZ,-1.2234223222717475,Original Actor,2.943817407714481e-07
RPFa3,selected SOZ,-1.2122142546713985,Original Actor,4.104589669791324e-07
RPFa3,selected SOZ,-1.2010061870710493,Original Actor,5.699556168842439e-07
RPFa3,selected SOZ,-1.1897981194707001,Original Actor,7.881958754910886e-07
RPFa3,selected SOZ,-1.178590051870351,Original Actor,1.0855720162564826e-06
RPFa3,selected SOZ,-1.1673819842700017,Original Actor,1.48910086370424e-06
RPFa3,selected SOZ,-1.1561739166696525,Original Actor,2.0344185401070763e-06
RPFa3,selected SOZ,-1.1449658490693035,Original Actor,2.768324518005288e-06
RPFa3,selected SOZ,-1.1337577814689546,Original Actor,3.7520104969846514e-06
RPFa3,selected SOZ,-1.1225497138686054,Original Actor,5.065138528479406e-06
RPFa3,selected SOZ,-1.1113416462682562,Original Actor,6.810966658656037e-06
RPFa3,selected SOZ,-1.100133578667907,Original Actor,9.122759673746345e-06
RPFa3,selected SOZ,-1.0889255110675577,Original Actor,1.2171767812687478e-05
RPFa3,selected SOZ,-1.0777174434672088,Original Actor,1.617710799730321e-05
RPFa3,selected SOZ,-1.0665093758668596,Original Actor,2.1417940561593815e-05
RPFa3,selected SOZ,-1.0553013082665106,Original Actor,2.8248399835997757e-05
RPFa3,selected SOZ,-1.0440932406661614,Original Actor,3.711580925732399e-05
RPFa3,selected SOZ,-1.0328851730658122,Original Actor,4.858279066434493e-05
RPFa3,selected SOZ,-1.021677105465463,Original Actor,6.335396249992938e-05
RPFa3,selected SOZ,-1.0104690378651138,Original Actor,8.230801175254878e-05
RPFa3,selected SOZ,-0.9992609702647648,Original Actor,0.00010653601810735563
RPFa3,selected SOZ,-0.9880529026644156,Original Actor,0.0001373870038178256
RPFa3,selected SOZ,-0.9768448350640665,Original Actor,0.00017652177644279757
RPFa3,selected SOZ,-0.9656367674637173,Original Actor,0.00022597622023431358
RPFa3,selected SOZ,-0.9544286998633682,Original Actor,0.00028823527116835494
RPFa3,selected SOZ,-0.943220632263019,Original Actor,0.00036631887502797
RPFa3,selected SOZ,-0.9320125646626699,Original Actor,0.00046388127126995607
RPFa3,selected SOZ,-0.9208044970623208,Original Actor,0.0005853249603745295
RPFa3,selected SOZ,-0.9095964294619716,Original Actor,0.0007359306908271923
RPFa3,selected SOZ,-0.8983883618616225,Original Actor,0.0009220047348413727
RPFa3,selected SOZ,-0.8871802942612733,Original Actor,0.0011510445997872055
RPFa3,selected SOZ,-0.8759722266609242,Original Actor,0.0014319241350384969
RPFa3,selected SOZ,-0.8647641590605751,Original Actor,0.0017750987315096362
RPFa3,selected SOZ,-0.8535560914602259,Original Actor,0.002192830963801849
RPFa3,selected SOZ,-0.8423480238598768,Original Actor,0.002699436583751621
RPFa3,selected SOZ,-0.8311399562595276,Original Actor,0.0033115502318703965
RPFa3,selected SOZ,-0.8199318886591785,Original Actor,0.00404840958442417
RPFa3,selected SOZ,-0.8087238210588293,Original Actor,0.004932155896349108
RPFa3,selected SOZ,-0.7975157534584802,Original Actor,0.005988148035121028
RPFa3,selected SOZ,-0.7863076858581312,Original Actor,0.007245286133835378
RPFa3,selected SOZ,-0.775099618257782,Original Actor,0.008736339934053922
RPFa3,selected SOZ,-0.7638915506574329,Original Actor,0.010498275757255197
RPFa3,selected SOZ,-0.7526834830570837,Original Actor,0.012572574861210576
RPFa3,selected SOZ,-0.7414754154567346,Original Actor,0.015005534734256955
RPFa3,selected SOZ,-0.7302673478563854,Original Actor,0.017848543693030496
RPFa3,selected SOZ,-0.7190592802560363,Original Actor,0.021158318021108263
RPFa3,selected SOZ,-0.7078512126556871,Original Actor,0.02499708986650695
RPFa3,selected SOZ,-0.6966431450553381,Original Actor,0.02943273325937649
RPFa3,selected SOZ,-0.6854350774549889,Original Actor,0.034538814975304546
RPFa3,selected SOZ,-0.6742270098546397,Original Actor,0.04039455661382832
RPFa3,selected SOZ,-0.6630189422542905,Original Actor,0.04708469424481245
RPFa3,selected SOZ,-0.6518108746539415,Original Actor,0.05469922235272898
RPFa3,selected SOZ,-0.6406028070535923,Original Actor,0.063333009629772
RPFa3,selected SOZ,-0.6293947394532431,Original Actor,0.07308527547296641
RPFa3,selected SOZ,-0.6181866718528941,Original Actor,0.08405891785526062
RPFa3,selected SOZ,-0.6069786042525449,Original Actor,0.0963596855777616
RPFa3,selected SOZ,-0.5957705366521957,Original Actor,0.1100951907631779
RPFa3,selected SOZ,-0.5845624690518465,Original Actor,0.12537376079212784
RPFa3,selected SOZ,-0.5733544014514975,Original Actor,0.14230313266504385
RPFa3,selected SOZ,-0.5621463338511483,Original Actor,0.16098899692104618
RPFa3,selected SOZ,-0.5509382662507991,Original Actor,0.18153340266698775
RPFa3,selected SOZ,-0.5397301986504501,Original Actor,0.20403303984952798
RPFa3,selected SOZ,-0.5285221310501009,Original Actor,0.22857741950669944
RPFa3,selected SOZ,-0.5173140634497517,Original Actor,0.25524697721467093
RPFa3,selected SOZ,-0.5061059958494027,Original Actor,0.2841111291420223
RPFa3,selected SOZ,-0.49489792824905354,Original Actor,0.3152263138759334
RPFa3,selected SOZ,-0.48368986064870434,Original Actor,0.3486340563327789
RPFa3,selected SOZ,-0.47248179304835514,Original Actor,0.384359092460411
RPFa3,selected SOZ,-0.46127372544800616,Original Actor,0.42240759494827673
RPFa3,selected SOZ,-0.45006565784765695,Original Actor,0.46276554067613257
RPFa3,selected SOZ,-0.43885759024730775,Original Actor,0.5053972600743225
RPFa3,selected SOZ,-0.42764952264695877,Original Actor,0.5502442068962133
RPFa3,selected SOZ,-0.41644145504660957,Original Actor,0.5972239841136932
RPFa3,selected SOZ,-0.40523338744626036,Original Actor,0.6462296577790176
RPFa3,selected SOZ,-0.39402531984591116,Original Actor,0.6971293858328252
RPFa3,selected SOZ,-0.3828172522455622,Original Actor,0.7497663831008996
RPFa3,selected SOZ,-0.371609184645213,Original Actor,0.8039592372706825
RPFa3,selected SOZ,-0.3604011170448638,Original Actor,0.8595025836634838
RPFa3,selected SOZ,-0.3491930494445148,Original Actor,0.9161681393329093
RPFa3,selected SOZ,-0.3379849818441656,Original Actor,0.9737060896537505
RPFa3,selected SOZ,-0.3267769142438164,Original Actor,1.0318468133502237
RPFa3,selected SOZ,-0.3155688466434672,Original Actor,1.0903029250760423
RPFa3,selected SOZ,-0.3043607790431182,Original Actor,1.1487716084107211
RPFa3,selected SOZ,-0.293152711442769,Original Actor,1.2069372066614512
RPFa3,selected SOZ,-0.2819446438424198,Original Actor,1.2644740343072038
RPFa3,selected SOZ,-0.2707365762420708,Original Actor,1.3210493683984872
RPFa3,selected SOZ,-0.2595285086417216,Original Actor,1.3763265767955217
RPFa3,selected SOZ,-0.2483204410413724,Original Actor,1.4299683388013775
RPFa3,selected SOZ,-0.2371123734410232,Original Actor,1.4816399134924574
RPFa3,selected SOZ,-0.22590430584067422,Original Actor,1.5310124117879451
RPFa3,selected SOZ,-0.21469623824032502,Original Actor,1.5777660299158585
RPFa3,selected SOZ,-0.20348817063997582,Original Actor,1.6215932042793484
RPFa3,selected SOZ,-0.19228010303962684,Original Actor,1.662201650635875
RPFa3,selected SOZ,-0.18107203543927763,Original Actor,1.6993172537943817
RPFa3,selected SOZ,-0.16986396783892843,Original Actor,1.7326867775373307
RPFa3,selected SOZ,-0.15865590023857923,Original Actor,1.7620803680177959
RPFa3,selected SOZ,-0.14744783263823025,Original Actor,1.7872938273267744
RPFa3,selected SOZ,-0.13623976503788104,Original Actor,1.808150637156726
RPFa3,selected SOZ,-0.12503169743753184,Original Actor,1.8245037154300245
RPFa3,selected SOZ,-0.11382362983718286,Original Actor,1.83623689137587
RPFa3,selected SOZ,-0.10261556223683366,Original Actor,1.8432660868313724
RPFa3,selected SOZ,-0.09140749463648445,Original Actor,1.8455401935520008
RPFa3,selected SOZ,-0.08019942703613525,Original Actor,1.8430416381186865
RPFa3,selected SOZ,-0.06899135943578627,Original Actor,1.8357866277229293
RPFa3,selected SOZ,-0.05778329183543707,Original Actor,1.8238250718164364
RPFa3,selected SOZ,-0.046575224235087864,Original Actor,1.8072401764496957
RPFa3,selected SOZ,-0.03536715663473888,Original Actor,1.7861477102152123
RPFa3,selected SOZ,-0.02415908903438968,Original Actor,1.7606949431594294
RPFa3,selected SOZ,-0.012951021434040477,Original Actor,1.7310592629107873
RPFa3,selected SOZ,-0.0017429538336914963,Original Actor,1.6974464756368726
RPFa3,selected SOZ,0.009465113766657707,Original Actor,1.6600888032956604
RPFa3,selected SOZ,0.02067318136700691,Original Actor,1.6192425929498815
RPFa3,selected SOZ,0.03188124896735611,Original Actor,1.5751857585875728
RPFa3,selected SOZ,0.043089316567705094,Original Actor,1.5282149808175538
RPFa3,selected SOZ,0.0542973841680543,Original Actor,1.4786426948270013
RPFa3,selected SOZ,0.0655054517684035,Original Actor,1.4267939019169495
RPFa3,selected SOZ,0.07671351936875248,Original Actor,1.373002844564608
RPFa3,selected SOZ,0.08792158696910168,Original Actor,1.3176095890909088
RPFa3,selected SOZ,0.09912965456945089,Original Actor,1.2609565634277182
RPFa3,selected SOZ,0.11033772216980009,Original Actor,1.2033850999939364
RPFa3,selected SOZ,0.12154578977014907,Original Actor,1.1452320351367684
RPFa3,selected SOZ,0.13275385737049827,Original Actor,1.0868264168491806
RPFa3,selected SOZ,0.14396192497084748,Original Actor,1.0284863714527717
RPFa3,selected SOZ,0.15516999257119646,Original Actor,0.9705161776058018
RPFa3,selected SOZ,0.16637806017154566,Original Actor,0.9132035923786557
RPFa3,selected SOZ,0.17758612777189486,Original Actor,0.8568174693083102
RPFa3,selected SOZ,0.18879419537224407,Original Actor,0.8016057024216867
RPFa3,selected SOZ,0.20000226297259305,Original Actor,0.7477935233755354
RPFa3,selected SOZ,0.21121033057294225,Original Actor,0.6955821713035193
RPFa3,selected SOZ,0.22241839817329145,Original Actor,0.6451479469246609
RPFa3,selected SOZ,0.23362646577364043,Original Actor,0.5966416542044692
RPFa3,selected SOZ,0.24483453337398964,Original Actor,0.5501884246311864
RPFa3,selected SOZ,0.25604260097433884,Original Actor,0.505887911229849
RPFa3,selected SOZ,0.26725066857468804,Original Actor,0.4638148320279989
RPFa3,selected SOZ,0.278458736175037,Original Actor,0.42401983602434823
RPFa3,selected SOZ,0.28966680377538623,Original Actor,0.3865306589799079
RPFa3,selected SOZ,0.30087487137573543,Original Actor,0.35135353169341205
RPFa3,selected SOZ,0.31208293897608463,Original Actor,0.3184747999409459
RPFa3,selected SOZ,0.32329100657643384,Original Actor,0.2878627130075689
RPFa3,selected SOZ,0.3344990741767826,Original Actor,0.25946933672618977
RPFa3,selected SOZ,0.3457071417771318,Original Actor,0.23323254713024108
RPFa3,selected SOZ,0.356915209377481,Original Actor,0.20907806214725558
RPFa3,selected SOZ,0.3681232769778302,Original Actor,0.18692147109951443
RPFa3,selected SOZ,0.3793313445781794,Original Actor,0.16667022499727185
RPFa3,selected SOZ,0.3905394121785286,Original Actor,0.14822555454954384
RPFa3,selected SOZ,0.4017474797788778,Original Actor,0.13148428730375894
RPFa3,selected SOZ,0.4129555473792266,Original Actor,0.11634054017950847
RPFa3,selected SOZ,0.4241636149795758,Original Actor,0.1026872687054803
RPFa3,selected SOZ,0.435371682579925,Original Actor,0.0904176593330446
RPFa3,selected SOZ,0.4465797501802742,Original Actor,0.07942635612950956
RPFa3,selected SOZ,0.4577878177806234,Original Actor,0.0696105178123118
RPFa3,selected SOZ,0.4689958853809726,Original Actor,0.060870705358042274
RPFa3,selected SOZ,0.4802039529813218,Original Actor,0.05311160421768054
RPFa3,selected SOZ,0.49141202058167055,Original Actor,0.046242588427494576
RPFa3,selected SOZ,0.5026200881820198,Original Actor,0.040178136585087953
RPFa3,selected SOZ,0.513828155782369,Original Actor,0.034838111747461945
RPFa3,selected SOZ,0.5250362233827182,Original Actor,0.03014791881013626
RPFa3,selected SOZ,0.5362442909830674,Original Actor,0.026038553870161005
RPFa3,selected SOZ,0.5474523585834166,Original Actor,0.022446560503917426
RPFa3,selected SOZ,0.5586604261837658,Original Actor,0.01931390785810918
RPFa3,selected SOZ,0.5698684937841145,Original Actor,0.01658780502317998
RPFa3,selected SOZ,0.5810765613844637,Original Actor,0.01422046540161323
RPFa3,selected SOZ,0.5922846289848129,Original Actor,0.012168833770058767
RPFa3,selected SOZ,0.6034926965851621,Original Actor,0.01039428753376574
RPFa3,selected SOZ,0.6147007641855113,Original Actor,0.008862322350440141
RPFa3,selected SOZ,0.6259088317858605,Original Actor,0.007542230918777144
RPFa3,selected SOZ,0.6371168993862097,Original Actor,0.006406782337705974
RPFa3,selected SOZ,0.6483249669865585,Original Actor,0.0054319080908420015
RPFa3,selected SOZ,0.6595330345869077,Original Actor,0.004596399433084143
RPFa3,selected SOZ,0.6707411021872569,Original Actor,0.003881619780364299
RPFa3,selected SOZ,0.6819491697876061,Original Actor,0.0032712346485095373
RPFa3,selected SOZ,0.6931572373879553,Original Actor,0.002750960764551321
RPFa3,selected SOZ,0.7043653049883045,Original Actor,0.0023083351882894334
RPFa3,selected SOZ,0.7155733725886533,Original Actor,0.0019325046323323317
RPFa3,selected SOZ,0.7267814401890025,Original Actor,0.0016140346492927722
RPFa3,selected SOZ,0.7379895077893517,Original Actor,0.0013447379557914338
RPFa3,selected SOZ,0.7491975753897009,Original Actor,0.0011175208723292688
RPFa3,selected SOZ,0.7604056429900501,Original Actor,0.0009262466622779933
RPFa3,selected SOZ,0.7716137105903993,Original Actor,0.0007656144378546737
RPFa3,selected SOZ,0.7828217781907485,Original Actor,0.0006310522516738661
RPFa3,selected SOZ,0.7940298457910973,Original Actor,0.0005186229956149836
RPFa3,selected SOZ,0.8052379133914465,Original Actor,0.00042494177167683454
RPFa3,selected SOZ,0.8164459809917957,Original Actor,0.0003471034709585964
RPFa3,selected SOZ,0.8276540485921449,Original Actor,0.0002826193871936992
RPFa3,selected SOZ,0.8388621161924941,Original Actor,0.0002293617922740478
RPFa3,selected SOZ,0.8500701837928433,Original Actor,0.0001855155064279093
RPFa3,selected SOZ,0.8612782513931925,Original Actor,0.00014953560014730057
RPFa3,selected SOZ,0.8724863189935412,Original Actor,0.00012011046494623135
RPFa3,selected SOZ,0.8836943865938904,Original Actor,9.612958309780466e-05
RPFa3,selected SOZ,0.8949024541942396,Original Actor,7.665541116506061e-05
RPFa3,selected SOZ,0.9061105217945888,Original Actor,6.0898867725852535e-05
RPFa3,selected SOZ,0.917318589394938,Original Actor,4.819798212870296e-05
RPFa3,selected SOZ,0.9285266569952872,Original Actor,3.799931878409772e-05
RPFa3,selected SOZ,0.9397347245956365,Original Actor,2.9841841072902674e-05
RPFa3,selected SOZ,0.9509427921959852,Original Actor,2.3342921295853532e-05
RPFa3,selected SOZ,0.9621508597963344,Original Actor,1.8186239127736443e-05
RPFa3,selected SOZ,0.9733589273966836,Original Actor,1.4111341711511637e-05
RPFa3,selected SOZ,0.9845669949970328,Original Actor,1.0904664713958155e-05
RPFa3,selected SOZ,0.995775062597382,Original Actor,8.391836161683004e-06
RPFa3,selected SOZ,1.0069831301977312,Original Actor,6.431104374912035e-06
RPFa3,selected SOZ,1.0181911977980804,Original Actor,4.907748394245901e-06
RPFa3,selected SOZ,1.0293992653984292,Original Actor,3.7293444202098077e-06
RPFa3,selected SOZ,1.0406073329987784,Original Actor,2.8217753234309274e-06
RPFa3,selected SOZ,1.0518154005991276,Original Actor,2.125882512632146e-06
RPFa3,selected SOZ,1.0630234681994768,Original Actor,1.594670572549461e-06
RPFa3,selected SOZ,1.074231535799826,Original Actor,1.190985249836617e-06
RPFa3,selected SOZ,1.0854396034001752,Original Actor,8.855946729445094e-07
RPFa3,selected SOZ,1.0966476710005244,Original Actor,6.556122109324478e-07
RPFa3,selected SOZ,1.1078557386008732,Original Actor,4.832071540878746e-07
RPFa3,selected SOZ,1.1190638062012224,Original Actor,3.545564714021805e-07
RPFa3,selected SOZ,1.1302718738015716,Original Actor,2.5899729554485194e-07
RPFa3,selected SOZ,1.1414799414019208,Original Actor,1.8834553260159182e-07
RPFa3,selected SOZ,1.15268800900227,Original Actor,1.363511204520652e-07
RPFa3,selected SOZ,1.1638960766026192,Original Actor,9.826499813962432e-08
RPFa3,selected SOZ,1.1751041442029684,Original Actor,7.049683427331038e-08
RPFa3,selected SOZ,1.1863122118033171,Original Actor,5.034603400582354e-08
RPFa3,selected SOZ,1.1975202794036663,Original Actor,3.57915426275565e-08
RPFa3,selected SOZ,1.2087283470040155,Original Actor,2.5328532101756345e-08
RPFa3,selected SOZ,1.2199364146043647,Original Actor,1.7842238296741888e-08
RPFa3,selected SOZ,1.231144482204714,Original Actor,1.2511054137851998e-08
RPFa3,selected SOZ,1.2423525498050632,Original Actor,8.732518906166094e-09
RPFa3,selected SOZ,1.2535606174054124,Original Actor,6.06711580765332e-09
RPFa3,selected SOZ,1.2647686850057611,Original Actor,4.195835356252475e-09
RPFa3,selected SOZ,1.2759767526061103,Original Actor,2.8883145740170945e-09
RPFa3,selected SOZ,1.2871848202064595,Original Actor,1.9790516948737424e-09
RPFa3,selected SOZ,1.2983928878068087,Original Actor,1.3497497496006245e-09
RPFa3,selected SOZ,1.309600955407158,Original Actor,9.162835485862107e-10
RPFa3,selected SOZ,1.3208090230075071,Original Actor,6.191334145120881e-10
RPFa3,selected SOZ,1.3320170906078563,Original Actor,4.1640282725782717e-10
RPFa3,selected SOZ,1.343225158208205,Original Actor,2.78750499886497e-10
RPFa3,selected SOZ,1.3544332258085543,Original Actor,1.8573246107400183e-10
RPFa3,selected SOZ,1.3656412934089035,Original Actor,1.2317650501637825e-10
RPFa3,selected SOZ,1.3768493610092527,Original Actor,8.130807673883365e-11
RPFa3,selected SOZ,1.388057428609602,Original Actor,5.341991473653242e-11
RPFa3,selected SOZ,1.399265496209951,Original Actor,3.49328824777593e-11
RPFa3,selected SOZ,1.4104735638103003,Original Actor,2.2736599560769495e-11
RPFa3,selected SOZ,1.421681631410649,Original Actor,1.472904779521733e-11
RPFa3,selected SOZ,1.4328896990109983,Original Actor,9.496863272212675e-12
RPFa3,selected SOZ,1.4440977666113475,Original Actor,6.09453273727615e-12
RPFa3,selected SOZ,1.4553058342116967,Original Actor,3.8927255365073105e-12
RPFa3,selected SOZ,1.4665139018120459,Original Actor,2.474678492885457e-12
RPFa3,selected SOZ,1.477721969412395,Original Actor,1.5657916083755525e-12
RPFa3,selected SOZ,1.4889300370127443,Original Actor,9.860476854240365e-13
RPFa3,selected SOZ,1.500138104613093,Original Actor,6.180296453806887e-13
RPFa3,selected SOZ,1.5113461722134423,Original Actor,3.8553768146991106e-13
RPFa3,selected SOZ,1.5225542398137915,Original Actor,2.393697327899327e-13
RPFa3,selected SOZ,1.5337623074141407,Original Actor,1.479160520371448e-13
RPFa3,selected SOZ,1.5449703750144899,Original Actor,9.097118962278415e-14
RPFa3,selected SOZ,1.556178442614839,Original Actor,5.5684432900041105e-14
RPFa3,selected SOZ,1.5673865102151883,Original Actor,3.39237603979675e-14
RPFa3,selected SOZ,1.578594577815537,Original Actor,2.056900879300226e-14
RPFa3,selected SOZ,1.5898026454158862,Original Actor,1.2412546643692208e-14
RPFa3,selected SOZ,1.6010107130162354,Original Actor,7.45496428693365e-15
RPFa3,selected SOZ,1.6122187806165846,Original Actor,4.456217744128217e-15
RPFa3,selected SOZ,1.6234268482169338,Original Actor,2.651077637622468e-15
RPFa3,selected SOZ,-1.7277853642874588,Actor + WGAN-GP,1.3953756577736466e-15
RPFa3,selected SOZ,-1.7165772966871096,Actor + WGAN-GP,2.3691925665864794e-15
RPFa3,selected SOZ,-1.7053692290867606,Actor + WGAN-GP,4.003767832315088e-15
RPFa3,selected SOZ,-1.6941611614864114,Actor + WGAN-GP,6.734407756037962e-15
RPFa3,selected SOZ,-1.6829530938860622,Actor + WGAN-GP,1.1274433208831559e-14
RPFa3,selected SOZ,-1.671745026285713,Actor + WGAN-GP,1.8787011615825594e-14
RPFa3,selected SOZ,-1.660536958685364,Actor + WGAN-GP,3.115956306456487e-14
RPFa3,selected SOZ,-1.6493288910850148,Actor + WGAN-GP,5.14397423999771e-14
RPFa3,selected SOZ,-1.6381208234846656,Actor + WGAN-GP,8.452461370673798e-14
RPFa3,selected SOZ,-1.6269127558843166,Actor + WGAN-GP,1.382445173863969e-13
RPFa3,selected SOZ,-1.6157046882839674,Actor + WGAN-GP,2.2505900792796342e-13
RPFa3,selected SOZ,-1.6044966206836182,Actor + WGAN-GP,3.646970228342634e-13
RPFa3,selected SOZ,-1.5932885530832692,Actor + WGAN-GP,5.882461208693329e-13
RPFa3,selected SOZ,-1.58208048548292,Actor + WGAN-GP,9.444539700923903e-13
RPFa3,selected SOZ,-1.5708724178825708,Actor + WGAN-GP,1.5093896365487165e-12
RPFa3,selected SOZ,-1.5596643502822216,Actor + WGAN-GP,2.4011809419372765e-12
RPFa3,selected SOZ,-1.5484562826818726,Actor + WGAN-GP,3.8023809793008694e-12
RPFa3,selected SOZ,-1.5372482150815234,Actor + WGAN-GP,5.99374136418214e-12
RPFa3,selected SOZ,-1.5260401474811742,Actor + WGAN-GP,9.404951604799215e-12
RPFa3,selected SOZ,-1.5148320798808252,Actor + WGAN-GP,1.4690482354827648e-11
RPFa3,selected SOZ,-1.503624012280476,Actor + WGAN-GP,2.2842380632406254e-11
RPFa3,selected SOZ,-1.4924159446801268,Actor + WGAN-GP,3.535717455743192e-11
RPFa3,selected SOZ,-1.4812078770797776,Actor + WGAN-GP,5.448160066026534e-11
RPFa3,selected SOZ,-1.4699998094794287,Actor + WGAN-GP,8.357255848132065e-11
RPFa3,selected SOZ,-1.4587917418790795,Actor + WGAN-GP,1.2762174227133264e-10
RPFa3,selected SOZ,-1.4475836742787302,Actor + WGAN-GP,1.9401645235341916e-10
RPFa3,selected SOZ,-1.4363756066783813,Actor + WGAN-GP,2.9363738313183897e-10
RPFa3,selected SOZ,-1.425167539078032,Actor + WGAN-GP,4.4243471882422033e-10
RPFa3,selected SOZ,-1.4139594714776829,Actor + WGAN-GP,6.636796395314466e-10
RPFa3,selected SOZ,-1.4027514038773337,Actor + WGAN-GP,9.911646462563244e-10
RPFa3,selected SOZ,-1.3915433362769847,Actor + WGAN-GP,1.4737299274211765e-09
RPFa3,selected SOZ,-1.3803352686766355,Actor + WGAN-GP,2.181633432561516e-09
RPFa3,selected SOZ,-1.3691272010762863,Actor + WGAN-GP,3.215471244007135e-09
RPFa3,selected SOZ,-1.3579191334759373,Actor + WGAN-GP,4.718607545770538e-09
RPFa3,selected SOZ,-1.346711065875588,Actor + WGAN-GP,6.894409602534261e-09
RPFa3,selected SOZ,-1.3355029982752389,Actor + WGAN-GP,1.0030027674632743e-08
RPFa3,selected SOZ,-1.3242949306748897,Actor + WGAN-GP,1.4529044328089846e-08
RPFa3,selected SOZ,-1.3130868630745407,Actor + WGAN-GP,2.0956081881316925e-08
RPFa3,selected SOZ,-1.3018787954741915,Actor + WGAN-GP,3.0097450329894557e-08
RPFa3,selected SOZ,-1.2906707278738423,Actor + WGAN-GP,4.304320241071136e-08
RPFa3,selected SOZ,-1.2794626602734933,Actor + WGAN-GP,6.129761301739362e-08
RPFa3,selected SOZ,-1.268254592673144,Actor + WGAN-GP,8.69272091296133e-08
RPFa3,selected SOZ,-1.257046525072795,Actor + WGAN-GP,1.2275815541193594e-07
RPFa3,selected SOZ,-1.2458384574724457,Actor + WGAN-GP,1.726381838357117e-07
RPFa3,selected SOZ,-1.2346303898720967,Actor + WGAN-GP,2.417825029847967e-07
RPFa3,selected SOZ,-1.2234223222717475,Actor + WGAN-GP,3.3722842308007125e-07
RPFa3,selected SOZ,-1.2122142546713985,Actor + WGAN-GP,4.684300074819142e-07
RPFa3,selected SOZ,-1.2010061870710493,Actor + WGAN-GP,6.480321671772203e-07
RPFa3,selected SOZ,-1.1897981194707001,Actor + WGAN-GP,8.92873546219558e-07
RPFa3,selected SOZ,-1.178590051870351,Actor + WGAN-GP,1.2252796378826042e-06
RPFa3,selected SOZ,-1.1673819842700017,Actor + WGAN-GP,1.6747221987648215e-06
RPFa3,selected SOZ,-1.1561739166696525,Actor + WGAN-GP,2.279938606641253e-06
RPFa3,selected SOZ,-1.1449658490693035,Actor + WGAN-GP,3.0916257901707215e-06
RPFa3,selected SOZ,-1.1337577814689546,Actor + WGAN-GP,4.175848229173339e-06
RPFa3,selected SOZ,-1.1225497138686054,Actor + WGAN-GP,5.6183287907177635e-06
RPFa3,selected SOZ,-1.1113416462682562,Actor + WGAN-GP,7.529825346491474e-06
RPFa3,selected SOZ,-1.100133578667907,Actor + WGAN-GP,1.005283572092712e-05
RPFa3,selected SOZ,-1.0889255110675577,Actor + WGAN-GP,1.3369919025866154e-05
RPFa3,selected SOZ,-1.0777174434672088,Actor + WGAN-GP,1.7713973262672486e-05
RPFa3,selected SOZ,-1.0665093758668596,Actor + WGAN-GP,2.3380867532990168e-05
RPFa3,selected SOZ,-1.0553013082665106,Actor + WGAN-GP,3.0744892464506975e-05
RPFa3,selected SOZ,-1.0440932406661614,Actor + WGAN-GP,4.027756449592416e-05
RPFa3,selected SOZ,-1.0328851730658122,Actor + WGAN-GP,5.2570398177373655e-05
RPFa3,selected SOZ,-1.021677105465463,Actor + WGAN-GP,6.83623449908443e-05
RPFa3,selected SOZ,-1.0104690378651138,Actor + WGAN-GP,8.857268632114852e-05
RPFa3,selected SOZ,-0.9992609702647648,Actor + WGAN-GP,0.000114340260544586
RPFa3,selected SOZ,-0.9880529026644156,Actor + WGAN-GP,0.00014706999758262664
RPFa3,selected SOZ,-0.9768448350640665,Actor + WGAN-GP,0.00018848782583192957
RPFa3,selected SOZ,-0.9656367674637173,Actor + WGAN-GP,0.00024070510248964602
RPFa3,selected SOZ,-0.9544286998633682,Actor + WGAN-GP,0.00030629379444494805
RPFa3,selected SOZ,-0.943220632263019,Actor + WGAN-GP,0.00038837369768557594
RPFa3,selected SOZ,-0.9320125646626699,Actor + WGAN-GP,0.0004907130221989724
RPFa3,selected SOZ,-0.9208044970623208,Actor + WGAN-GP,0.0006178436793055214
RPFa3,selected SOZ,-0.9095964294619716,Actor + WGAN-GP,0.0007751925810151599
RPFa3,selected SOZ,-0.8983883618616225,Actor + WGAN-GP,0.0009692301873171514
RPFa3,selected SOZ,-0.8871802942612733,Actor + WGAN-GP,0.0012076374076384917
RPFa3,selected SOZ,-0.8759722266609242,Actor + WGAN-GP,0.0014994917670089181
RPFa3,selected SOZ,-0.8647641590605751,Actor + WGAN-GP,0.0018554734756865243
RPFa3,selected SOZ,-0.8535560914602259,Actor + WGAN-GP,0.0022880916834632082
RPFa3,selected SOZ,-0.8423480238598768,Actor + WGAN-GP,0.0028119307478476382
RPFa3,selected SOZ,-0.8311399562595276,Actor + WGAN-GP,0.003443915791621728
RPFa3,selected SOZ,-0.8199318886591785,Actor + WGAN-GP,0.004203596164934301
RPFa3,selected SOZ,-0.8087238210588293,Actor + WGAN-GP,0.005113444658184191
RPFa3,selected SOZ,-0.7975157534584802,Actor + WGAN-GP,0.006199169436302949
RPFa3,selected SOZ,-0.7863076858581312,Actor + WGAN-GP,0.007490034689121107
RPFa3,selected SOZ,-0.775099618257782,Actor + WGAN-GP,0.009019184928090293
RPFa3,selected SOZ,-0.7638915506574329,Actor + WGAN-GP,0.0108239667245544
RPFa3,selected SOZ,-0.7526834830570837,Actor + WGAN-GP,0.012946240503369517
RPFa3,selected SOZ,-0.7414754154567346,Actor + WGAN-GP,0.015432673809150905
RPFa3,selected SOZ,-0.7302673478563854,Actor + WGAN-GP,0.01833500628884832
RPFa3,selected SOZ,-0.7190592802560363,Actor + WGAN-GP,0.02171027552834814
RPFa3,selected SOZ,-0.7078512126556871,Actor + WGAN-GP,0.025620991892907376
RPFa3,selected SOZ,-0.6966431450553381,Actor + WGAN-GP,0.03013524970676704
RPFa3,selected SOZ,-0.6854350774549889,Actor + WGAN-GP,0.035326761524834736
RPFa3,selected SOZ,-0.6742270098546397,Actor + WGAN-GP,0.04127480195868326
RPFa3,selected SOZ,-0.6630189422542905,Actor + WGAN-GP,0.0480640475789655
RPFa3,selected SOZ,-0.6518108746539415,Actor + WGAN-GP,0.05578429988141697
RPFa3,selected SOZ,-0.6406028070535923,Actor + WGAN-GP,0.06453007922171677
RPFa3,selected SOZ,-0.6293947394532431,Actor + WGAN-GP,0.07440007903316509
RPFa3,selected SOZ,-0.6181866718528941,Actor + WGAN-GP,0.08549647156474426
RPFa3,selected SOZ,-0.6069786042525449,Actor + WGAN-GP,0.09792405882338749
RPFa3,selected SOZ,-0.5957705366521957,Actor + WGAN-GP,0.11178926536203421
RPFa3,selected SOZ,-0.5845624690518465,Actor + WGAN-GP,0.12719897299171143
RPFa3,selected SOZ,-0.5733544014514975,Actor + WGAN-GP,0.14425920135636738
RPFa3,selected SOZ,-0.5621463338511483,Actor + WGAN-GP,0.16307364251522263
RPFa3,selected SOZ,-0.5509382662507991,Actor + WGAN-GP,0.18374206212814928
RPFa3,selected SOZ,-0.5397301986504501,Actor + WGAN-GP,0.20635858441359703
RPFa3,selected SOZ,-0.5285221310501009,Actor + WGAN-GP,0.2310098826062909
RPFa3,selected SOZ,-0.5173140634497517,Actor + WGAN-GP,0.25777330103043367
RPFa3,selected SOZ,-0.5061059958494027,Actor + WGAN-GP,0.2867149389619555
RPFa3,selected SOZ,-0.49489792824905354,Actor + WGAN-GP,0.31788773001702736
RPFa3,selected SOZ,-0.48368986064870434,Actor + WGAN-GP,0.35132955371458385
RPFa3,selected SOZ,-0.47248179304835514,Actor + WGAN-GP,0.3870614179717295
RPFa3,selected SOZ,-0.46127372544800616,Actor + WGAN-GP,0.425085752475131
RPFa3,selected SOZ,-0.45006565784765695,Actor + WGAN-GP,0.4653848530284563
RPFa3,selected SOZ,-0.43885759024730775,Actor + WGAN-GP,0.507919516037988
RPFa3,selected SOZ,-0.42764952264695877,Actor + WGAN-GP,0.5526279002358008
RPFa3,selected SOZ,-0.41644145504660957,Actor + WGAN-GP,0.5994246495644201
RPFa3,selected SOZ,-0.40523338744626036,Actor + WGAN-GP,0.6482003069138444
RPFa3,selected SOZ,-0.39402531984591116,Actor + WGAN-GP,0.6988210432100117
RPFa3,selected SOZ,-0.3828172522455622,Actor + WGAN-GP,0.7511287203417929
RPFa3,selected SOZ,-0.371609184645213,Actor + WGAN-GP,0.8049412997576434
RPFa3,selected SOZ,-0.3604011170448638,Actor + WGAN-GP,0.8600536014670529
RPFa3,selected SOZ,-0.3491930494445148,Actor + WGAN-GP,0.91623841087316
RPFa3,selected SOZ,-0.3379849818441656,Actor + WGAN-GP,0.973247923577554
RPFa3,selected SOZ,-0.3267769142438164,Actor + WGAN-GP,1.0308155112759747
RPFa3,selected SOZ,-0.3155688466434672,Actor + WGAN-GP,1.088657785331204
RPFa3,selected SOZ,-0.3043607790431182,Actor + WGAN-GP,1.146476928774636
RPFa3,selected SOZ,-0.293152711442769,Actor + WGAN-GP,1.2039632625263785
RPFa3,selected SOZ,-0.2819446438424198,Actor + WGAN-GP,1.2607980076720793
RPFa3,selected SOZ,-0.2707365762420708,Actor + WGAN-GP,1.3166562027842537
RPFa3,selected SOZ,-0.2595285086417216,Actor + WGAN-GP,1.3712097335668554
RPFa3,selected SOZ,-0.2483204410413724,Actor + WGAN-GP,1.4241304315256174
RPFa3,selected SOZ,-0.2371123734410232,Actor + WGAN-GP,1.4750931988624945
RPFa3,selected SOZ,-0.22590430584067422,Actor + WGAN-GP,1.5237791182563616
RPFa3,selected SOZ,-0.21469623824032502,Actor + WGAN-GP,1.569878508480495
RPFa3,selected SOZ,-0.20348817063997582,Actor + WGAN-GP,1.6130938897476814
RPFa3,selected SOZ,-0.19228010303962684,Actor + WGAN-GP,1.6531428260753331
RPFa3,selected SOZ,-0.18107203543927763,Actor + WGAN-GP,1.6897606156274143
RPFa3,selected SOZ,-0.16986396783892843,Actor + WGAN-GP,1.7227028037238974
RPFa3,selected SOZ,-0.15865590023857923,Actor + WGAN-GP,1.7517474968374676
RPFa3,selected SOZ,-0.14744783263823025,Actor + WGAN-GP,1.7766974592695428
RPFa3,selected SOZ,-0.13623976503788104,Actor + WGAN-GP,1.7973819772021713
RPFa3,selected SOZ,-0.12503169743753184,Actor + WGAN-GP,1.813658477385976
RPFa3,selected SOZ,-0.11382362983718286,Actor + WGAN-GP,1.8254138898205452
RPFa3,selected SOZ,-0.10261556223683366,Actor + WGAN-GP,1.8325657454310107
RPFa3,selected SOZ,-0.09140749463648445,Actor + WGAN-GP,1.8350630010046833
RPFa3,selected SOZ,-0.08019942703613525,Actor + WGAN-GP,1.8328865846220448
RPFa3,selected SOZ,-0.06899135943578627,Actor + WGAN-GP,1.8260496556243135
RPFa3,selected SOZ,-0.05778329183543707,Actor + WGAN-GP,1.8145975739515003
RPFa3,selected SOZ,-0.046575224235087864,Actor + WGAN-GP,1.7986075746125487
RPFa3,selected SOZ,-0.03536715663473888,Actor + WGAN-GP,1.7781881442615093
RPFa3,selected SOZ,-0.02415908903438968,Actor + WGAN-GP,1.7534780984830889
RPFa3,selected SOZ,-0.012951021434040477,Actor + WGAN-GP,1.7246453605404044
RPFa3,selected SOZ,-0.0017429538336914963,Actor + WGAN-GP,1.691885445077702
RPFa3,selected SOZ,0.009465113766657707,Actor + WGAN-GP,1.6554196536236476
RPFa3,selected SOZ,0.02067318136700691,Actor + WGAN-GP,1.6154929926869384
RPFa3,selected SOZ,0.03188124896735611,Actor + WGAN-GP,1.5723718297027933
RPFa3,selected SOZ,0.043089316567705094,Actor + WGAN-GP,1.5263413069618321
RPFa3,selected SOZ,0.0542973841680543,Actor + WGAN-GP,1.4777025387725335
RPFa3,selected SOZ,0.0655054517684035,Actor + WGAN-GP,1.426769622286109
RPFa3,selected SOZ,0.07671351936875248,Actor + WGAN-GP,1.3738664974317045
RPFa3,selected SOZ,0.08792158696910168,Actor + WGAN-GP,1.3193236960460937
RPFa3,selected SOZ,0.09912965456945089,Actor + WGAN-GP,1.2634750243085477
RPFa3,selected SOZ,0.11033772216980009,Actor + WGAN-GP,1.2066542257954953
RPFa3,selected SOZ,0.12154578977014907,Actor + WGAN-GP,1.1491916746638469
RPFa3,selected SOZ,0.13275385737049827,Actor + WGAN-GP,1.0914111495031686
RPFa3,selected SOZ,0.14396192497084748,Actor + WGAN-GP,1.033626738157484
RPFa3,selected SOZ,0.15516999257119646,Actor + WGAN-GP,0.9761399222502172
RPFa3,selected SOZ,0.16637806017154566,Actor + WGAN-GP,0.9192368872475543
RPFa3,selected SOZ,0.17758612777189486,Actor + WGAN-GP,0.8631860997184867
RPFa3,selected SOZ,0.18879419537224407,Actor + WGAN-GP,0.8082361881003904
RPFa3,selected SOZ,0.20000226297259305,Actor + WGAN-GP,0.754614156910993
RPFa3,selected SOZ,0.21121033057294225,Actor + WGAN-GP,0.7025239571576108
RPFa3,selected SOZ,0.22241839817329145,Actor + WGAN-GP,0.6521454279112059
RPFa3,selected SOZ,0.23362646577364043,Actor + WGAN-GP,0.6036336158871671
RPFa3,selected SOZ,0.24483453337398964,Actor + WGAN-GP,0.5571184716696393
RPFa3,selected SOZ,0.25604260097433884,Actor + WGAN-GP,0.5127049131924576
RPFa3,selected SOZ,0.26725066857468804,Actor + WGAN-GP,0.4704732394989067
RPFa3,selected SOZ,0.278458736175037,Actor + WGAN-GP,0.4304798708725259
RPFa3,selected SOZ,0.28966680377538623,Actor + WGAN-GP,0.39275838536020125
RPFa3,selected SOZ,0.30087487137573543,Actor + WGAN-GP,0.3573208166578805
RPFa3,selected SOZ,0.31208293897608463,Actor + WGAN-GP,0.3241591744154081
RPFa3,selected SOZ,0.32329100657643384,Actor + WGAN-GP,0.2932471453127752
RPFa3,selected SOZ,0.3344990741767826,Actor + WGAN-GP,0.2645419317907426
RPFa3,selected SOZ,0.3457071417771318,Actor + WGAN-GP,0.23798618506502636
RPFa3,selected SOZ,0.356915209377481,Actor + WGAN-GP,0.2135099899532813
RPFa3,selected SOZ,0.3681232769778302,Actor + WGAN-GP,0.19103286099954495
RPFa3,selected SOZ,0.3793313445781794,Actor + WGAN-GP,0.17046571226248344
RPFa3,selected SOZ,0.3905394121785286,Actor + WGAN-GP,0.15171276678832546
RPFa3,selected SOZ,0.4017474797788778,Actor + WGAN-GP,0.1346733760478371
RPFa3,selected SOZ,0.4129555473792266,Actor + WGAN-GP,0.11924372430151446
RPFa3,selected SOZ,0.4241636149795758,Actor + WGAN-GP,0.10531839779019472
RPFa3,selected SOZ,0.435371682579925,Actor + WGAN-GP,0.09279180365729205
RPFa3,selected SOZ,0.4465797501802742,Actor + WGAN-GP,0.08155942843428209
RPFa3,selected SOZ,0.4577878177806234,Actor + WGAN-GP,0.07151893062050188
RPFa3,selected SOZ,0.4689958853809726,Actor + WGAN-GP,0.06257106624074799
RPFa3,selected SOZ,0.4802039529813218,Actor + WGAN-GP,0.05462045017253593
RPFa3,selected SOZ,0.49141202058167055,Actor + WGAN-GP,0.04757615942737194
RPFa3,selected SOZ,0.5026200881820198,Actor + WGAN-GP,0.041352187400705204
RPFa3,selected SOZ,0.513828155782369,Actor + WGAN-GP,0.035867760351583684
RPFa3,selected SOZ,0.5250362233827182,Actor + WGAN-GP,0.031047529036320402
RPFa3,selected SOZ,0.5362442909830674,Actor + WGAN-GP,0.026821649521707677
RPFa3,selected SOZ,0.5474523585834166,Actor + WGAN-GP,0.023125767780328852
RPFa3,selected SOZ,0.5586604261837658,Actor + WGAN-GP,0.019900922774691594
RPFa3,selected SOZ,0.5698684937841145,Actor + WGAN-GP,0.017093382429254834
RPFa3,selected SOZ,0.5810765613844637,Actor + WGAN-GP,0.014654426237218774
RPFa3,selected SOZ,0.5922846289848129,Actor + WGAN-GP,0.012540087322160538
RPFa3,selected SOZ,0.6034926965851621,Actor + WGAN-GP,0.010710865642875718
RPFa3,selected SOZ,0.6147007641855113,Actor + WGAN-GP,0.009131422759814717
RPFa3,selected SOZ,0.6259088317858605,Actor + WGAN-GP,0.007770267234777657
RPFa3,selected SOZ,0.6371168993862097,Actor + WGAN-GP,0.0065994383668206485
RPFa3,selected SOZ,0.6483249669865585,Actor + WGAN-GP,0.005594194623455335
RPFa3,selected SOZ,0.6595330345869077,Actor + WGAN-GP,0.004732711845553932
RPFa3,selected SOZ,0.6707411021872569,Actor + WGAN-GP,0.003995795116585689
RPFa3,selected SOZ,0.6819491697876061,Actor + WGAN-GP,0.003366607113191359
RPFa3,selected SOZ,0.6931572373879553,Actor + WGAN-GP,0.002830414808088854
RPFa3,selected SOZ,0.7043653049883045,Actor + WGAN-GP,0.0023743555842986887
RPFa3,selected SOZ,0.7155733725886533,Actor + WGAN-GP,0.0019872231420316813
RPFa3,selected SOZ,0.7267814401890025,Actor + WGAN-GP,0.0016592730316816148
RPFa3,selected SOZ,0.7379895077893517,Actor + WGAN-GP,0.0013820472197136292
RPFa3,selected SOZ,0.7491975753897009,Actor + WGAN-GP,0.0011482167775541507
RPFa3,selected SOZ,0.7604056429900501,Actor + WGAN-GP,0.0009514415637937678
RPFa3,selected SOZ,0.7716137105903993,Actor + WGAN-GP,0.0007862456331325068
RPFa3,selected SOZ,0.7828217781907485,Actor + WGAN-GP,0.0006479070374130063
RPFa3,selected SOZ,0.7940298457910973,Actor + WGAN-GP,0.0005323606711645534
RPFa3,selected SOZ,0.8052379133914465,Actor + WGAN-GP,0.00043611284363163124
RPFa3,selected SOZ,0.8164459809917957,Actor + WGAN-GP,0.0003561663198809263
RPFa3,selected SOZ,0.8276540485921449,Actor + WGAN-GP,0.0002899546553451901
RPFa3,selected SOZ,0.8388621161924941,Actor + WGAN-GP,0.00023528474272551972
RPFa3,selected SOZ,0.8500701837928433,Actor + WGAN-GP,0.00019028659075496368
RPFa3,selected SOZ,0.8612782513931925,Actor + WGAN-GP,0.00015336945564328622
RPFa3,selected SOZ,0.8724863189935412,Actor + WGAN-GP,0.00012318354415471485
RPFa3,selected SOZ,0.8836943865938904,Actor + WGAN-GP,9.858659949606897e-05
RPFa3,selected SOZ,0.8949024541942396,Actor + WGAN-GP,7.86147658055025e-05
RPFa3,selected SOZ,0.9061105217945888,Actor + WGAN-GP,6.245720315096356e-05
RPFa3,selected SOZ,0.917318589394938,Actor + WGAN-GP,4.9433992335415106e-05
RPFa3,selected SOZ,0.9285266569952872,Actor + WGAN-GP,3.897692769995138e-05
RPFa3,selected SOZ,0.9397347245956365,Actor + WGAN-GP,3.061284708044743e-05
RPFa3,selected SOZ,0.9509427921959852,Actor + WGAN-GP,2.3949191872867645e-05
RPFa3,selected SOZ,0.9621508597963344,Actor + WGAN-GP,1.866152766098667e-05
RPFa3,selected SOZ,0.9733589273966836,Actor + WGAN-GP,1.4482787942651843e-05
RPFa3,selected SOZ,0.9845669949970328,Actor + WGAN-GP,1.1194031005721672e-05
RPFa3,selected SOZ,0.995775062597382,Actor + WGAN-GP,8.616523727384139e-06
RPFa3,selected SOZ,1.0069831301977312,Actor + WGAN-GP,6.604986679901984e-06
RPFa3,selected SOZ,1.0181911977980804,Actor + WGAN-GP,5.041852996204259e-06
RPFa3,selected SOZ,1.0293992653984292,Actor + WGAN-GP,3.83240944982753e-06
RPFa3,selected SOZ,1.0406073329987784,Actor + WGAN-GP,2.9007025077126854e-06
RPFa3,selected SOZ,1.0518154005991276,Actor + WGAN-GP,2.1861050074747346e-06
RPFa3,selected SOZ,1.0630234681994768,Actor + WGAN-GP,1.6404508066818605e-06
RPFa3,selected SOZ,1.074231535799826,Actor + WGAN-GP,1.2256554059029404e-06
RPFa3,selected SOZ,1.0854396034001752,Actor + WGAN-GP,9.117502706537216e-07
RPFa3,selected SOZ,1.0966476710005244,Actor + WGAN-GP,6.752674484248897e-07
RPFa3,selected SOZ,1.1078557386008732,Actor + WGAN-GP,4.979191523284322e-07
RPFa3,selected SOZ,1.1190638062012224,Actor + WGAN-GP,3.655243057199236e-07
RPFa3,selected SOZ,1.1302718738015716,Actor + WGAN-GP,2.671406485694904e-07
RPFa3,selected SOZ,1.1414799414019208,Actor + WGAN-GP,1.943669300382611e-07
RPFa3,selected SOZ,1.15268800900227,Actor + WGAN-GP,1.4078498685654733e-07
RPFa3,selected SOZ,1.1638960766026192,Actor + WGAN-GP,1.0151617004244035e-07
RPFa3,selected SOZ,1.1751041442029684,Actor + WGAN-GP,7.287067238054826e-08
RPFa3,selected SOZ,1.1863122118033171,Actor + WGAN-GP,5.2071867706508215e-08
RPFa3,selected SOZ,1.1975202794036663,Actor + WGAN-GP,3.704084428955446e-08
RPFa3,selected SOZ,1.2087283470040155,Actor + WGAN-GP,2.622894353887763e-08
RPFa3,selected SOZ,1.2199364146043647,Actor + WGAN-GP,1.8488347148991154e-08
RPFa3,selected SOZ,1.231144482204714,Actor + WGAN-GP,1.2972635146068381e-08
RPFa3,selected SOZ,1.2423525498050632,Actor + WGAN-GP,9.060806963781904e-09
RPFa3,selected SOZ,1.2535606174054124,Actor + WGAN-GP,6.299558169671758e-09
RPFa3,selected SOZ,1.2647686850057611,Actor + WGAN-GP,4.35967438853587e-09
RPFa3,selected SOZ,1.2759767526061103,Actor + WGAN-GP,3.0032756730403296e-09
RPFa3,selected SOZ,1.2871848202064595,Actor + WGAN-GP,2.0593499416065742e-09
RPFa3,selected SOZ,1.2983928878068087,Actor + WGAN-GP,1.40558052140205e-09
RPFa3,selected SOZ,1.309600955407158,Actor + WGAN-GP,9.549242474015568e-10
RPFa3,selected SOZ,1.3208090230075071,Actor + WGAN-GP,6.457536551320702e-10
RPFa3,selected SOZ,1.3320170906078563,Actor + WGAN-GP,4.346572052330626e-10
RPFa3,selected SOZ,1.343225158208205,Actor + WGAN-GP,2.912100689061591e-10
RPFa3,selected SOZ,1.3544332258085543,Actor + WGAN-GP,1.941971932621388e-10
RPFa3,selected SOZ,1.3656412934089035,Actor + WGAN-GP,1.2890039604674021e-10
RPFa3,selected SOZ,1.3768493610092527,Actor + WGAN-GP,8.516047805251236e-11
RPFa3,selected SOZ,1.388057428609602,Actor + WGAN-GP,5.6000559192585405e-11
RPFa3,selected SOZ,1.399265496209951,Actor + WGAN-GP,3.665346737875686e-11
RPFa3,selected SOZ,1.4104735638103003,Actor + WGAN-GP,2.3878348007901532e-11
RPFa3,selected SOZ,1.421681631410649,Actor + WGAN-GP,1.5483108906620078e-11
RPFa3,selected SOZ,1.4328896990109983,Actor + WGAN-GP,9.992518998846913e-12
RPFa3,selected SOZ,1.4440977666113475,Actor + WGAN-GP,6.418788063297194e-12
RPFa3,selected SOZ,1.4553058342116967,Actor + WGAN-GP,4.103842771927037e-12
RPFa3,selected SOZ,1.4665139018120459,Actor + WGAN-GP,2.6114785394540798e-12
RPFa3,selected SOZ,1.477721969412395,Actor + WGAN-GP,1.6540124903697985e-12
RPFa3,selected SOZ,1.4889300370127443,Actor + WGAN-GP,1.0426684786701535e-12
RPFa3,selected SOZ,1.500138104613093,Actor + WGAN-GP,6.541953474901984e-13
RPFa3,selected SOZ,1.5113461722134423,Actor + WGAN-GP,4.085272814769929e-13
RPFa3,selected SOZ,1.5225542398137915,Actor + WGAN-GP,2.5391349682661784e-13
RPFa3,selected SOZ,1.5337623074141407,Actor + WGAN-GP,1.5707257509572985e-13
RPFa3,selected SOZ,1.5449703750144899,Actor + WGAN-GP,9.670826236275262e-14
RPFa3,selected SOZ,1.556178442614839,Actor + WGAN-GP,5.926172053654388e-14
RPFa3,selected SOZ,1.5673865102151883,Actor + WGAN-GP,3.614358666862777e-14
RPFa3,selected SOZ,1.578594577815537,Actor + WGAN-GP,2.1939839190729205e-14
RPFa3,selected SOZ,1.5898026454158862,Actor + WGAN-GP,1.3255000618425288e-14
RPFa3,selected SOZ,1.6010107130162354,Actor + WGAN-GP,7.970198348006038e-15
RPFa3,selected SOZ,1.6122187806165846,Actor + WGAN-GP,4.769804112135657e-15
RPFa3,selected SOZ,1.6234268482169338,Actor + WGAN-GP,2.841011502515095e-15
RA3,selected non-SOZ,-1.7583495634668236,Observed ictal,2.3925503407048284e-09
RA3,selected non-SOZ,-1.746090957072316,Observed ictal,3.696627829270754e-09
RA3,selected non-SOZ,-1.7338323506778084,Observed ictal,5.679085943638783e-09
RA3,selected non-SOZ,-1.7215737442833008,Observed ictal,8.6752514135967e-09
RA3,selected non-SOZ,-1.7093151378887932,Observed ictal,1.3177092631078914e-08
RA3,selected non-SOZ,-1.6970565314942856,Observed ictal,1.9901882375045778e-08
RA3,selected non-SOZ,-1.6847979250997778,Observed ictal,2.9888836811283006e-08
RA3,selected non-SOZ,-1.6725393187052702,Observed ictal,4.4634184709418105e-08
RA3,selected non-SOZ,-1.6602807123107626,Observed ictal,6.62786305697652e-08
RA3,selected non-SOZ,-1.648022105916255,Observed ictal,9.786570718044674e-08
RA3,selected non-SOZ,-1.6357634995217474,Observed ictal,1.4369530692585454e-07
RA3,selected non-SOZ,-1.6235048931272398,Observed ictal,2.0980401290862736e-07
RA3,selected non-SOZ,-1.6112462867327322,Observed ictal,3.046130309682099e-07
RA3,selected non-SOZ,-1.5989876803382246,Observed ictal,4.397958917551808e-07
RA3,selected non-SOZ,-1.586729073943717,Observed ictal,6.314320081605686e-07
RA3,selected non-SOZ,-1.5744704675492094,Observed ictal,9.015290032551184e-07
RA3,selected non-SOZ,-1.5622118611547018,Observed ictal,1.2800168176512618e-06
RA3,selected non-SOZ,-1.5499532547601942,Observed ictal,1.8073402688999996e-06
RA3,selected non-SOZ,-1.5376946483656866,Observed ictal,2.53780419397604e-06
RA3,selected non-SOZ,-1.525436041971179,Observed ictal,3.5438566566771117e-06
RA3,selected non-SOZ,-1.5131774355766714,Observed ictal,4.921530860492226e-06
RA3,selected non-SOZ,-1.5009188291821636,Observed ictal,6.797305045170158e-06
RA3,selected non-SOZ,-1.488660222787656,Observed ictal,9.336681119459623e-06
RA3,selected non-SOZ,-1.4764016163931484,Observed ictal,1.2754826065754945e-05
RA3,selected non-SOZ,-1.4641430099986408,Observed ictal,1.732966376146651e-05
RA3,selected non-SOZ,-1.4518844036041332,Observed ictal,2.3417846794560402e-05
RA3,selected non-SOZ,-1.4396257972096256,Observed ictal,3.147407553621203e-05
RA3,selected non-SOZ,-1.427367190815118,Observed ictal,4.207426200606108e-05
RA3,selected non-SOZ,-1.4151085844206104,Observed ictal,5.5943055168999024e-05
RA3,selected non-SOZ,-1.4028499780261028,Observed ictal,7.39862479363433e-05
RA3,selected non-SOZ,-1.3905913716315952,Observed ictal,9.732856956027783e-05
RA3,selected non-SOZ,-1.3783327652370874,Observed ictal,0.00012735732526670437
RA3,selected non-SOZ,-1.3660741588425798,Observed ictal,0.00016577227275091705
RA3,selected non-SOZ,-1.3538155524480722,Observed ictal,0.00021464201765397474
RA3,selected non-SOZ,-1.3415569460535646,Observed ictal,0.0002764670629921139
RA3,selected non-SOZ,-1.329298339659057,Observed ictal,0.00035424945733163074
RA3,selected non-SOZ,-1.3170397332645494,Observed ictal,0.0004515687512930052
RA3,selected non-SOZ,-1.3047811268700418,Observed ictal,0.0005726636916005981
RA3,selected non-SOZ,-1.2925225204755342,Observed ictal,0.0007225187585573163
RA3,selected non-SOZ,-1.2802639140810266,Observed ictal,0.0009069542914406727
RA3,selected non-SOZ,-1.268005307686519,Observed ictal,0.0011327185548801748
RA3,selected non-SOZ,-1.2557467012920114,Observed ictal,0.0014075796890641134
RA3,selected non-SOZ,-1.2434880948975038,Observed ictal,0.001740415072256572
RA3,selected non-SOZ,-1.2312294885029962,Observed ictal,0.0021412952234058525
RA3,selected non-SOZ,-1.2189708821084886,Observed ictal,0.002621559006254132
RA3,selected non-SOZ,-1.206712275713981,Observed ictal,0.0031938765872024963
RA3,selected non-SOZ,-1.1944536693194734,Observed ictal,0.0038722963714997506
RA3,selected non-SOZ,-1.1821950629249658,Observed ictal,0.0046722720206247475
RA3,selected non-SOZ,-1.169936456530458,Observed ictal,0.005610665661491859
RA3,selected non-SOZ,-1.1576778501359504,Observed ictal,0.006705723556273769
RA3,selected non-SOZ,-1.1454192437414428,Observed ictal,0.007977020827063383
RA3,selected non-SOZ,-1.1331606373469352,Observed ictal,0.009445372333469284
RA3,selected non-SOZ,-1.1209020309524276,Observed ictal,0.01113270748757857
RA3,selected non-SOZ,-1.10864342455792,Observed ictal,0.013061907655082874
RA3,selected non-SOZ,-1.0963848181634124,Observed ictal,0.015256605819844634
RA3,selected non-SOZ,-1.0841262117689046,Observed ictal,0.017740949357833595
RA3,selected non-SOZ,-1.071867605374397,Observed ictal,0.020539328041110246
RA3,selected non-SOZ,-1.0596089989798894,Observed ictal,0.02367607072966387
RA3,selected non-SOZ,-1.0473503925853818,Observed ictal,0.027175115556204672
RA3,selected non-SOZ,-1.0350917861908742,Observed ictal,0.03105965970750814
RA3,selected non-SOZ,-1.0228331797963666,Observed ictal,0.03535179609229953
RA3,selected non-SOZ,-1.010574573401859,Observed ictal,0.040072145195251645
RA3,selected non-SOZ,-0.9983159670073514,Observed ictal,0.045239491186751794
RA3,selected non-SOZ,-0.9860573606128438,Observed ictal,0.050870431831700674
RA3,selected non-SOZ,-0.9737987542183362,Observed ictal,0.056979051870299204
RA3,selected non-SOZ,-0.9615401478238286,Observed ictal,0.0635766292953524
RA3,selected non-SOZ,-0.949281541429321,Observed ictal,0.07067138330646079
RA3,selected non-SOZ,-0.9370229350348134,Observed ictal,0.0782682716832547
RA3,selected non-SOZ,-0.9247643286403057,Observed ictal,0.08636884391038939
RA3,selected non-SOZ,-0.9125057222457981,Observed ictal,0.09497115465107359
RA3,selected non-SOZ,-0.9002471158512905,Observed ictal,0.10406974016950525
RA3,selected non-SOZ,-0.8879885094567829,Observed ictal,0.1136556581311547
RA3,selected non-SOZ,-0.8757299030622753,Observed ictal,0.12371658896476942
RA3,selected non-SOZ,-0.8634712966677677,Observed ictal,0.13423699476381581
RA3,selected non-SOZ,-0.85121269027326,Observed ictal,0.14519832965555368
RA3,selected non-SOZ,-0.8389540838787524,Observed ictal,0.1565792937889723
RA3,selected non-SOZ,-0.8266954774842448,Observed ictal,0.16835612169509795
RA3,selected non-SOZ,-0.8144368710897372,Observed ictal,0.18050289484456303
RA3,selected non-SOZ,-0.8021782646952296,Observed ictal,0.19299186783382632
RA3,selected non-SOZ,-0.789919658300722,Observed ictal,0.20579379780914925
RA3,selected non-SOZ,-0.7776610519062144,Observed ictal,0.21887826748812156
RA3,selected non-SOZ,-0.7654024455117067,Observed ictal,0.2322139934271922
RA3,selected non-SOZ,-0.7531438391171992,Observed ictal,0.24576911293856415
RA3,selected non-SOZ,-0.7408852327226916,Observed ictal,0.2595114451751087
RA3,selected non-SOZ,-0.7286266263281838,Observed ictal,0.2734087242429075
RA3,selected non-SOZ,-0.7163680199336762,Observed ictal,0.28742880461174697
RA3,selected non-SOZ,-0.7041094135391686,Observed ictal,0.3015398414069502
RA3,selected non-SOZ,-0.691850807144661,Observed ictal,0.3157104502134659
RA3,selected non-SOZ,-0.6795922007501534,Observed ictal,0.3299098526487961
RA3,selected non-SOZ,-0.6673335943556458,Observed ictal,0.34410801503153254
RA3,selected non-SOZ,-0.6550749879611382,Observed ictal,0.3582757878870049
RA3,selected non-SOZ,-0.6428163815666306,Observed ictal,0.372385053732767
RA3,selected non-SOZ,-0.630557775172123,Observed ictal,0.3864088895641641
RA3,selected non-SOZ,-0.6182991687776154,Observed ictal,0.40032174875455473
RA3,selected non-SOZ,-0.6060405623831078,Observed ictal,0.4140996647859164
RA3,selected non-SOZ,-0.5937819559886002,Observed ictal,0.42772047646899386
RA3,selected non-SOZ,-0.5815233495940924,Observed ictal,0.44116407127060536
RA3,selected non-SOZ,-0.5692647431995848,Observed ictal,0.4544126402387594
RA3,selected non-SOZ,-0.5570061368050772,Observed ictal,0.4674509350174433
RA3,selected non-SOZ,-0.5447475304105696,Observed ictal,0.4802665147858058
RA3,selected non-SOZ,-0.532488924016062,Observed ictal,0.4928499688404163
RA3,selected non-SOZ,-0.5202303176215544,Observed ictal,0.5051950991361039
RA3,selected non-SOZ,-0.5079717112270468,Observed ictal,0.5172990465433135
RA3,selected non-SOZ,-0.49571310483253916,Observed ictal,0.5291623449525636
RA3,selected non-SOZ,-0.48345449843803157,Observed ictal,0.5407888886902326
RA3,selected non-SOZ,-0.47119589204352397,Observed ictal,0.5521858009793158
RA3,selected non-SOZ,-0.45893728564901637,Observed ictal,0.5633631943041939
RA3,selected non-SOZ,-0.44667867925450877,Observed ictal,0.5743338173904573
RA3,selected non-SOZ,-0.43442007286000117,Observed ictal,0.5851125879185851
RA3,selected non-SOZ,-0.42216146646549335,Observed ictal,0.5957160148515552
RA3,selected non-SOZ,-0.40990286007098575,Observed ictal,0.6061615191501062
RA3,selected non-SOZ,-0.39764425367647815,Observed ictal,0.616466666447475
RA3,selected non-SOZ,-0.38538564728197056,Observed ictal,0.626648329736521
RA3,selected non-SOZ,-0.37312704088746296,Observed ictal,0.6367218040820878
RA3,selected non-SOZ,-0.36086843449295536,Observed ictal,0.6466998986339688
RA3,selected non-SOZ,-0.34860982809844776,Observed ictal,0.6565920336396605
RA3,selected non-SOZ,-0.33635122170394016,Observed ictal,0.6664033716402387
RA3,selected non-SOZ,-0.32409261530943256,Observed ictal,0.6761340125187576
RA3,selected non-SOZ,-0.31183400891492496,Observed ictal,0.6857782815424202
RA3,selected non-SOZ,-0.29957540252041737,Observed ictal,0.6953241380206948
RA3,selected non-SOZ,-0.28731679612590977,Observed ictal,0.7047527297500233
RA3,selected non-SOZ,-0.27505818973140217,Observed ictal,0.7140381151190014
RA3,selected non-SOZ,-0.26279958333689435,Observed ictal,0.7231471707154747
RA3,selected non-SOZ,-0.25054097694238675,Observed ictal,0.7320396976337413
RA3,selected non-SOZ,-0.23828237054787915,Observed ictal,0.740668734559614
RA3,selected non-SOZ,-0.22602376415337155,Observed ictal,0.7489810802505982
RA3,selected non-SOZ,-0.21376515775886396,Observed ictal,0.7569180223638715
RA3,selected non-SOZ,-0.20150655136435636,Observed ictal,0.7644162638486057
RA3,selected non-SOZ,-0.18924794496984876,Observed ictal,0.7714090324388038
RA3,selected non-SOZ,-0.17698933857534116,Observed ictal,0.7778273532808181
RA3,selected non-SOZ,-0.16473073218083356,Observed ictal,0.783601459524832
RA3,selected non-SOZ,-0.15247212578632596,Observed ictal,0.7886623109184692
RA3,selected non-SOZ,-0.14021351939181836,Observed ictal,0.792943186179889
RA3,selected non-SOZ,-0.12795491299731077,Observed ictal,0.796381311314744
RA3,selected non-SOZ,-0.11569630660280317,Observed ictal,0.7989194831952785
RA3,selected non-SOZ,-0.10343770020829535,Observed ictal,0.8005076457601122
RA3,selected non-SOZ,-0.09117909381378775,Observed ictal,0.8011043752368081
RA3,selected non-SOZ,-0.07892048741928015,Observed ictal,0.8006782309461337
RA3,selected non-SOZ,-0.06666188102477255,Observed ictal,0.7992089296130988
RA3,selected non-SOZ,-0.05440327463026495,Observed ictal,0.7966883037599793
RA3,selected non-SOZ,-0.042144668235757354,Observed ictal,0.7931210087342774
RA3,selected non-SOZ,-0.029886061841249756,Observed ictal,0.788524948233682
RA3,selected non-SOZ,-0.017627455446742157,Observed ictal,0.7829313947853608
RA3,selected non-SOZ,-0.005368849052234559,Observed ictal,0.7763847894168509
RA3,selected non-SOZ,0.00688975734227304,Observed ictal,0.7689422135581332
RA3,selected non-SOZ,0.019148363736780638,Observed ictal,0.7606725358135408
RA3,selected non-SOZ,0.03140697013128824,Observed ictal,0.7516552463524931
RA3,selected non-SOZ,0.043665576525795835,Observed ictal,0.7419790019495244
RA3,selected non-SOZ,0.055924182920303656,Observed ictal,0.7317399147742026
RA3,selected non-SOZ,0.06818278931481125,Observed ictal,0.7210396274798846
RA3,selected non-SOZ,0.08044139570931885,Observed ictal,0.7099832255478058
RA3,selected non-SOZ,0.09270000210382645,Observed ictal,0.698677044803724
RA3,selected non-SOZ,0.10495860849833405,Observed ictal,0.6872264371679372
RA3,selected non-SOZ,0.11721721489284165,Observed ictal,0.675733560714713
RA3,selected non-SOZ,0.12947582128734925,Observed ictal,0.6642952607729656
RA3,selected non-SOZ,0.14173442768185684,Observed ictal,0.6530011069634495
RA3,selected non-SOZ,0.15399303407636444,Observed ictal,0.6419316467177986
RA3,selected non-SOZ,0.16625164047087204,Observed ictal,0.6311569290591108
RA3,selected non-SOZ,0.17851024686537964,Observed ictal,0.6207353434601685
RA3,selected non-SOZ,0.19076885325988724,Observed ictal,0.6107128077643871
RA3,selected non-SOZ,0.20302745965439484,Observed ictal,0.6011223268865312
RA3,selected non-SOZ,0.21528606604890266,Observed ictal,0.5919839308147924
RA3,selected non-SOZ,0.22754467244341026,Observed ictal,0.5833049868769232
RA3,selected non-SOZ,0.23980327883791785,Observed ictal,0.5750808678994639
RA3,selected non-SOZ,0.25206188523242523,Observed ictal,0.5672959453632181
RA3,selected non-SOZ,0.26432049162693283,Observed ictal,0.5599248654852066
RA3,selected non-SOZ,0.27657909802144043,Observed ictal,0.5529340568157928
RA3,selected non-SOZ,0.28883770441594847,Observed ictal,0.5462834108165932
RA3,selected non-SOZ,0.30109631081045607,Observed ictal,0.5399280722555371
RA3,selected non-SOZ,0.31335491720496367,Observed ictal,0.5338202742712648
RA3,selected non-SOZ,0.32561352359947127,Observed ictal,0.5279111536412463
RA3,selected non-SOZ,0.33787212999397886,Observed ictal,0.5221524850301056
RA3,selected non-SOZ,0.35013073638848646,Observed ictal,0.5164982785717235
RA3,selected non-SOZ,0.36238934278299406,Observed ictal,0.5109061927230449
RA3,selected non-SOZ,0.37464794917750166,Observed ictal,0.5053387235096062
RA3,selected non-SOZ,0.38690655557200926,Observed ictal,0.49976414159569177
RA3,selected non-SOZ,0.39916516196651686,Observed ictal,0.4941571595576705
RA3,selected non-SOZ,0.41142376836102446,Observed ictal,0.48849932281527353
RA3,selected non-SOZ,0.42368237475553205,Observed ictal,0.4827791284006317
RA3,selected non-SOZ,0.43594098115003965,Observed ictal,0.4769918856805193
RA3,selected non-SOZ,0.44819958754454725,Observed ictal,0.4711393419166952
RA3,selected non-SOZ,0.46045819393905485,Observed ictal,0.4652291028513868
RA3,selected non-SOZ,0.47271680033356245,Observed ictal,0.45927388412325293
RA3,selected non-SOZ,0.48497540672807005,Observed ictal,0.45329063312548024
RA3,selected non-SOZ,0.49723401312257764,Observed ictal,0.4472995628719181
RA3,selected non-SOZ,0.5094926195170852,Observed ictal,0.4413231395822047
RA3,selected non-SOZ,0.5217512259115928,Observed ictal,0.4353850641506739
RA3,selected non-SOZ,0.5340098323061004,Observed ictal,0.429509284608741
RA3,selected non-SOZ,0.546268438700608,Observed ictal,0.4237190723603392
RA3,selected non-SOZ,0.5585270450951156,Observed ictal,0.41803618963725336
RA3,selected non-SOZ,0.5707856514896232,Observed ictal,0.4124801695823436
RA3,selected non-SOZ,0.5830442578841308,Observed ictal,0.4070677239310759
RA3,selected non-SOZ,0.5953028642786389,Observed ictal,0.40181228673030644
RA3,selected non-SOZ,0.6075614706731465,Observed ictal,0.39672369619842274
RA3,selected non-SOZ,0.6198200770676541,Observed ictal,0.391808010957766
RA3,selected non-SOZ,0.6320786834621617,Observed ictal,0.38706745168933304
RA3,selected non-SOZ,0.6443372898566693,Observed ictal,0.3825004549589961
RA3,selected non-SOZ,0.6565958962511769,Observed ictal,0.37810182268352527
RA3,selected non-SOZ,0.6688545026456845,Observed ictal,0.3738629485305308
RA3,selected non-SOZ,0.6811131090401921,Observed ictal,0.3697721015115676
RA3,selected non-SOZ,0.6933717154346997,Observed ictal,0.3658147471099914
RA3,selected non-SOZ,0.7056303218292073,Observed ictal,0.36197388741058145
RA3,selected non-SOZ,0.7178889282237149,Observed ictal,0.35823040374449255
RA3,selected non-SOZ,0.7301475346182225,Observed ictal,0.3545633881677604
RA3,selected non-SOZ,0.7424061410127301,Observed ictal,0.3509504534585147
RA3,selected non-SOZ,0.7546647474072377,Observed ictal,0.3473680150286677
RA3,selected non-SOZ,0.7669233538017453,Observed ictal,0.3437915419697466
RA3,selected non-SOZ,0.7791819601962529,Observed ictal,0.3401957781592825
RA3,selected non-SOZ,0.7914405665907605,Observed ictal,0.33655493772480416
RA3,selected non-SOZ,0.803699172985268,Observed ictal,0.33284288200078305
RA3,selected non-SOZ,0.8159577793797756,Observed ictal,0.32903328725624564
RA3,selected non-SOZ,0.8282163857742832,Observed ictal,0.32509981379449515
RA3,selected non-SOZ,0.8404749921687908,Observed ictal,0.3210162874559502
RA3,selected non-SOZ,0.8527335985632984,Observed ictal,0.3167569040659139
RA3,selected non-SOZ,0.864992204957806,Observed ictal,0.3122964659886249
RA3,selected non-SOZ,0.8772508113523136,Observed ictal,0.30761065775541263
RA3,selected non-SOZ,0.8895094177468212,Observed ictal,0.3026763648529524
RA3,selected non-SOZ,0.9017680241413288,Observed ictal,0.2974720363525633
RA3,selected non-SOZ,0.9140266305358369,Observed ictal,0.29197808832997185
RA3,selected non-SOZ,0.9262852369303445,Observed ictal,0.2861773411854265
RA3,selected non-SOZ,0.9385438433248521,Observed ictal,0.28005548025533755
RA3,selected non-SOZ,0.9508024497193597,Observed ictal,0.2736015257357567
RA3,selected non-SOZ,0.9630610561138673,Observed ictal,0.2668082951284976
RA3,selected non-SOZ,0.9753196625083749,Observed ictal,0.25967283936037355
RA3,selected non-SOZ,0.9875782689028825,Observed ictal,0.2521968325668156
RA3,selected non-SOZ,0.9998368752973901,Observed ictal,0.2443868953797523
RA3,selected non-SOZ,1.0120954816918977,Observed ictal,0.23625483247067425
RA3,selected non-SOZ,1.0243540880864053,Observed ictal,0.22781776707140242
RA3,selected non-SOZ,1.0366126944809129,Observed ictal,0.21909815816723455
RA3,selected non-SOZ,1.0488713008754205,Observed ictal,0.21012368991350355
RA3,selected non-SOZ,1.061129907269928,Observed ictal,0.20092702739923318
RA3,selected non-SOZ,1.0733885136644357,Observed ictal,0.19154543795886797
RA3,selected non-SOZ,1.0856471200589433,Observed ictal,0.18202028257059139
RA3,selected non-SOZ,1.0979057264534509,Observed ictal,0.1723963872130811
RA3,selected non-SOZ,1.1101643328479585,Observed ictal,0.16272130911201255
RA3,selected non-SOZ,1.122422939242466,Observed ictal,0.15304451733353328
RA3,selected non-SOZ,1.1346815456369737,Observed ictal,0.14341651093964086
RA3,selected non-SOZ,1.1469401520314813,Observed ictal,0.133887900714269
RA3,selected non-SOZ,1.1591987584259889,Observed ictal,0.12450848215385153
RA3,selected non-SOZ,1.1714573648204964,Observed ictal,0.1153263279064957
RA3,selected non-SOZ,1.183715971215004,Observed ictal,0.10638692711831675
RA3,selected non-SOZ,1.1959745776095116,Observed ictal,0.09773239724799221
RA3,selected non-SOZ,1.2082331840040192,Observed ictal,0.089400790947521
RA3,selected non-SOZ,1.2204917903985268,Observed ictal,0.08142551674005045
RA3,selected non-SOZ,1.2327503967930349,Observed ictal,0.0738348876607678
RA3,selected non-SOZ,1.2450090031875425,Observed ictal,0.06665180700221991
RA3,selected non-SOZ,1.25726760958205,Observed ictal,0.05989359507577355
RA3,selected non-SOZ,1.2695262159765577,Observed ictal,0.05357195572243702
RA3,selected non-SOZ,1.2817848223710653,Observed ictal,0.047693076421389924
RA3,selected non-SOZ,1.2940434287655729,Observed ictal,0.042257851468661206
RA3,selected non-SOZ,1.3063020351600805,Observed ictal,0.03726221400842321
RA3,selected non-SOZ,1.318560641554588,Observed ictal,0.03269755982584826
RA3,selected non-SOZ,1.3308192479490957,Observed ictal,0.02855124383272503
RA3,selected non-SOZ,1.3430778543436033,Observed ictal,0.02480712912203273
RA3,selected non-SOZ,1.3553364607381109,Observed ictal,0.02144616831230941
RA3,selected non-SOZ,1.3675950671326185,Observed ictal,0.018446997578949634
RA3,selected non-SOZ,1.379853673527126,Observed ictal,0.015786525172386368
RA3,selected non-SOZ,1.3921122799216337,Observed ictal,0.013440498219445415
RA3,selected non-SOZ,1.4043708863161413,Observed ictal,0.01138403404343461
RA3,selected non-SOZ,1.4166294927106489,Observed ictal,0.009592104962904344
RA3,selected non-SOZ,1.4288880991051565,Observed ictal,0.008039968383160854
RA3,selected non-SOZ,1.441146705499664,Observed ictal,0.006703536834226349
RA3,selected non-SOZ,1.4534053118941717,Observed ictal,0.005559685307622311
RA3,selected non-SOZ,1.4656639182886793,Observed ictal,0.004586495698558693
RA3,selected non-SOZ,1.4779225246831869,Observed ictal,0.003763440292067007
RA3,selected non-SOZ,1.4901811310776945,Observed ictal,0.0030715079902572566
RA3,selected non-SOZ,1.502439737472202,Observed ictal,0.0024932783380406053
RA3,selected non-SOZ,1.5146983438667097,Observed ictal,0.0020129493647697014
RA3,selected non-SOZ,1.5269569502612172,Observed ictal,0.001616325837927389
RA3,selected non-SOZ,1.5392155566557253,Observed ictal,0.0012907747569312694
RA3,selected non-SOZ,1.551474163050233,Observed ictal,0.0010251548466193063
RA3,selected non-SOZ,1.5637327694447405,Observed ictal,0.0008097264945126161
RA3,selected non-SOZ,1.575991375839248,Observed ictal,0.0006360480700225949
RA3,selected non-SOZ,1.5882499822337557,Observed ictal,0.0004968639233048154
RA3,selected non-SOZ,1.6005085886282633,Observed ictal,0.00038598863886756045
RA3,selected non-SOZ,1.6127671950227709,Observed ictal,0.00029819136100145654
RA3,selected non-SOZ,1.6250258014172785,Observed ictal,0.0002290832541239582
RA3,selected non-SOZ,1.637284407811786,Observed ictal,0.00017501044282781665
RA3,selected non-SOZ,1.6495430142062937,Observed ictal,0.00013295411733853756
RA3,selected non-SOZ,1.6618016206008013,Observed ictal,0.00010043890609722518
RA3,selected non-SOZ,1.6740602269953089,Observed ictal,7.545011723498239e-05
RA3,selected non-SOZ,1.6863188333898165,Observed ictal,5.63600377998295e-05
RA3,selected non-SOZ,1.698577439784324,Observed ictal,4.1863151935288375e-05
RA3,selected non-SOZ,1.7108360461788317,Observed ictal,3.091989134291888e-05
RA3,selected non-SOZ,1.7230946525733393,Observed ictal,2.2708355306247328e-05
RA3,selected non-SOZ,1.7353532589678469,Observed ictal,1.6583323798021595e-05
RA3,selected non-SOZ,1.7476118653623545,Observed ictal,1.2041825552686042e-05
RA3,selected non-SOZ,1.759870471756862,Observed ictal,8.694503299078868e-06
RA3,selected non-SOZ,1.7721290781513697,Observed ictal,6.2420309974869036e-06
RA3,selected non-SOZ,1.7843876845458773,Observed ictal,4.4558742014802625e-06
RA3,selected non-SOZ,1.7966462909403849,Observed ictal,3.16273698784267e-06
RA3,selected non-SOZ,1.8089048973348925,Observed ictal,2.232100914840254e-06
RA3,selected non-SOZ,1.8211635037294,Observed ictal,1.5663280596418023e-06
RA3,selected non-SOZ,1.8334221101239077,Observed ictal,1.0928673952738605e-06
RA3,selected non-SOZ,1.8456807165184153,Observed ictal,7.581686930375172e-07
RA3,selected non-SOZ,1.8579393229129233,Observed ictal,5.22968784532451e-07
RA3,selected non-SOZ,1.870197929307431,Observed ictal,3.5867015142071426e-07
RA3,selected non-SOZ,1.8824565357019385,Observed ictal,2.4458079806765185e-07
RA3,selected non-SOZ,1.894715142096446,Observed ictal,1.6582703139942633e-07
RA3,selected non-SOZ,1.9069737484909537,Observed ictal,1.1178728833771678e-07
RA3,selected non-SOZ,-1.7583495634668236,Free RC-SDE,0.012698854493479126
RA3,selected non-SOZ,-1.746090957072316,Free RC-SDE,0.01340710714553998
RA3,selected non-SOZ,-1.7338323506778084,Free RC-SDE,0.014163810542724625
RA3,selected non-SOZ,-1.7215737442833008,Free RC-SDE,0.014970291861524225
RA3,selected non-SOZ,-1.7093151378887932,Free RC-SDE,0.015827801810900207
RA3,selected non-SOZ,-1.6970565314942856,Free RC-SDE,0.016737532365970538
RA3,selected non-SOZ,-1.6847979250997778,Free RC-SDE,0.01770063731829963
RA3,selected non-SOZ,-1.6725393187052702,Free RC-SDE,0.018718255509359724
RA3,selected non-SOZ,-1.6602807123107626,Free RC-SDE,0.01979153657431693
RA3,selected non-SOZ,-1.648022105916255,Free RC-SDE,0.020921668963458463
RA3,selected non-SOZ,-1.6357634995217474,Free RC-SDE,0.022109909924727913
RA3,selected non-SOZ,-1.6235048931272398,Free RC-SDE,0.02335761702131319
RA3,selected non-SOZ,-1.6112462867327322,Free RC-SDE,0.024666280623852576
RA3,selected non-SOZ,-1.5989876803382246,Free RC-SDE,0.02603755666132545
RA3,selected non-SOZ,-1.586729073943717,Free RC-SDE,0.027473298744951434
RA3,selected non-SOZ,-1.5744704675492094,Free RC-SDE,0.028975588605423395
RA3,selected non-SOZ,-1.5622118611547018,Free RC-SDE,0.03054676361833801
RA3,selected non-SOZ,-1.5499532547601942,Free RC-SDE,0.032189440050687065
RA3,selected non-SOZ,-1.5376946483656866,Free RC-SDE,0.03390653055894968
RA3,selected non-SOZ,-1.525436041971179,Free RC-SDE,0.0357012544229615
RA3,selected non-SOZ,-1.5131774355766714,Free RC-SDE,0.03757713902440374
RA3,selected non-SOZ,-1.5009188291821636,Free RC-SDE,0.039538011186927124
RA3,selected non-SOZ,-1.488660222787656,Free RC-SDE,0.04158797719506844
RA3,selected non-SOZ,-1.4764016163931484,Free RC-SDE,0.04373139060456458
RA3,selected non-SOZ,-1.4641430099986408,Free RC-SDE,0.04597280734461387
RA3,selected non-SOZ,-1.4518844036041332,Free RC-SDE,0.04831692808360878
RA3,selected non-SOZ,-1.4396257972096256,Free RC-SDE,0.05076852836758515
RA3,selected non-SOZ,-1.427367190815118,Free RC-SDE,0.05333237762241143
RA3,selected non-SOZ,-1.4151085844206104,Free RC-SDE,0.056013148708281404
RA3,selected non-SOZ,-1.4028499780261028,Free RC-SDE,0.05881532029596169
RA3,selected non-SOZ,-1.3905913716315952,Free RC-SDE,0.06174307486353849
RA3,selected non-SOZ,-1.3783327652370874,Free RC-SDE,0.06480019555495878
RA3,selected non-SOZ,-1.3660741588425798,Free RC-SDE,0.06798996546418044
RA3,selected non-SOZ,-1.3538155524480722,Free RC-SDE,0.07131507308236341
RA3,selected non-SOZ,-1.3415569460535646,Free RC-SDE,0.0747775276478274
RA3,selected non-SOZ,-1.329298339659057,Free RC-SDE,0.07837858795569486
RA3,selected non-SOZ,-1.3170397332645494,Free RC-SDE,0.08211870781239741
RA3,selected non-SOZ,-1.3047811268700418,Free RC-SDE,0.08599750076688624
RA3,selected non-SOZ,-1.2925225204755342,Free RC-SDE,0.0900137260341905
RA3,selected non-SOZ,-1.2802639140810266,Free RC-SDE,0.09416529667763761
RA3,selected non-SOZ,-1.268005307686519,Free RC-SDE,0.09844931017335619
RA3,selected non-SOZ,-1.2557467012920114,Free RC-SDE,0.10286210049243055
RA3,selected non-SOZ,-1.2434880948975038,Free RC-SDE,0.10739930985570631
RA3,selected non-SOZ,-1.2312294885029962,Free RC-SDE,0.11205597739991326
RA3,selected non-SOZ,-1.2189708821084886,Free RC-SDE,0.1168266411967665
RA3,selected non-SOZ,-1.206712275713981,Free RC-SDE,0.12170544944015999
RA3,selected non-SOZ,-1.1944536693194734,Free RC-SDE,0.12668627620379871
RA3,selected non-SOZ,-1.1821950629249658,Free RC-SDE,0.13176283700492702
RA3,selected non-SOZ,-1.169936456530458,Free RC-SDE,0.13692879950794565
RA3,selected non-SOZ,-1.1576778501359504,Free RC-SDE,0.1421778850676975
RA3,selected non-SOZ,-1.1454192437414428,Free RC-SDE,0.1475039574323745
RA3,selected non-SOZ,-1.1331606373469352,Free RC-SDE,0.15290109577010524
RA3,selected non-SOZ,-1.1209020309524276,Free RC-SDE,0.15836365020524001
RA3,selected non-SOZ,-1.10864342455792,Free RC-SDE,0.16388627919083443
RA3,selected non-SOZ,-1.0963848181634124,Free RC-SDE,0.16946396923307439
RA3,selected non-SOZ,-1.0841262117689046,Free RC-SDE,0.17509203864558723
RA3,selected non-SOZ,-1.071867605374397,Free RC-SDE,0.18076612806929498
RA3,selected non-SOZ,-1.0596089989798894,Free RC-SDE,0.1864821813729035
RA3,selected non-SOZ,-1.0473503925853818,Free RC-SDE,0.19223642118499037
RA3,selected non-SOZ,-1.0350917861908742,Free RC-SDE,0.19802532364914638
RA3,selected non-SOZ,-1.0228331797963666,Free RC-SDE,0.2038455970041882
RA3,selected non-SOZ,-1.010574573401859,Free RC-SDE,0.20969416825821613
RA3,selected non-SOZ,-0.9983159670073514,Free RC-SDE,0.2155681815566449
RA3,selected non-SOZ,-0.9860573606128438,Free RC-SDE,0.22146501087151357
RA3,selected non-SOZ,-0.9737987542183362,Free RC-SDE,0.22738228841541686
RA3,selected non-SOZ,-0.9615401478238286,Free RC-SDE,0.23331794878035084
RA3,selected non-SOZ,-0.949281541429321,Free RC-SDE,0.2392702873070394
RA3,selected non-SOZ,-0.9370229350348134,Free RC-SDE,0.24523802970118905
RA3,selected non-SOZ,-0.9247643286403057,Free RC-SDE,0.25122040853115374
RA3,selected non-SOZ,-0.9125057222457981,Free RC-SDE,0.25721724106561505
RA3,selected non-SOZ,-0.9002471158512905,Free RC-SDE,0.2632290020302023
RA3,selected non-SOZ,-0.8879885094567829,Free RC-SDE,0.2692568843534058
RA3,selected non-SOZ,-0.8757299030622753,Free RC-SDE,0.27530284088911633
RA3,selected non-SOZ,-0.8634712966677677,Free RC-SDE,0.2813696004751984
RA3,selected non-SOZ,-0.85121269027326,Free RC-SDE,0.28746065251705233
RA3,selected non-SOZ,-0.8389540838787524,Free RC-SDE,0.29358019554566755
RA3,selected non-SOZ,-0.8266954774842448,Free RC-SDE,0.29973304683710006
RA3,selected non-SOZ,-0.8144368710897372,Free RC-SDE,0.30592451211536587
RA3,selected non-SOZ,-0.8021782646952296,Free RC-SDE,0.3121602164927808
RA3,selected non-SOZ,-0.789919658300722,Free RC-SDE,0.3184459000149149
RA3,selected non-SOZ,-0.7776610519062144,Free RC-SDE,0.32478718334664075
RA3,selected non-SOZ,-0.7654024455117067,Free RC-SDE,0.33118931113478794
RA3,selected non-SOZ,-0.7531438391171992,Free RC-SDE,0.3376568822913599
RA3,selected non-SOZ,-0.7408852327226916,Free RC-SDE,0.344193577751649
RA3,selected non-SOZ,-0.7286266263281838,Free RC-SDE,0.3508018970868848
RA3,selected non-SOZ,-0.7163680199336762,Free RC-SDE,0.3574829156289546
RA3,selected non-SOZ,-0.7041094135391686,Free RC-SDE,0.3642360734623332
RA3,selected non-SOZ,-0.691850807144661,Free RC-SDE,0.37105900675484627
RA3,selected non-SOZ,-0.6795922007501534,Free RC-SDE,0.37794743046444784
RA3,selected non-SOZ,-0.6673335943556458,Free RC-SDE,0.38489507953549346
RA3,selected non-SOZ,-0.6550749879611382,Free RC-SDE,0.3918937133737756
RA3,selected non-SOZ,-0.6428163815666306,Free RC-SDE,0.39893318577563025
RA3,selected non-SOZ,-0.630557775172123,Free RC-SDE,0.406001579711077
RA3,selected non-SOZ,-0.6182991687776154,Free RC-SDE,0.41308540356062495
RA3,selected non-SOZ,-0.6060405623831078,Free RC-SDE,0.4201698427198395
RA3,selected non-SOZ,-0.5937819559886002,Free RC-SDE,0.4272390580477757
RA3,selected non-SOZ,-0.5815233495940924,Free RC-SDE,0.4342765205661076
RA3,selected non-SOZ,-0.5692647431995848,Free RC-SDE,0.4412653702161326
RA3,selected non-SOZ,-0.5570061368050772,Free RC-SDE,0.44818878542791774
RA3,selected non-SOZ,-0.5447475304105696,Free RC-SDE,0.45503034979829676
RA3,selected non-SOZ,-0.532488924016062,Free RC-SDE,0.4617744023300342
RA3,selected non-SOZ,-0.5202303176215544,Free RC-SDE,0.468406358440687
RA3,selected non-SOZ,-0.5079717112270468,Free RC-SDE,0.4749129902635253
RA3,selected non-SOZ,-0.49571310483253916,Free RC-SDE,0.48128265656476815
RA3,selected non-SOZ,-0.48345449843803157,Free RC-SDE,0.4875054747988355
RA3,selected non-SOZ,-0.47119589204352397,Free RC-SDE,0.4935734303061863
RA3,selected non-SOZ,-0.45893728564901637,Free RC-SDE,0.4994804203053044
RA3,selected non-SOZ,-0.44667867925450877,Free RC-SDE,0.5052222330149959
RA3,selected non-SOZ,-0.43442007286000117,Free RC-SDE,0.5107964648408702
RA3,selected non-SOZ,-0.42216146646549335,Free RC-SDE,0.5162023809538242
RA3,selected non-SOZ,-0.40990286007098575,Free RC-SDE,0.5214407266755778
RA3,selected non-SOZ,-0.39764425367647815,Free RC-SDE,0.5265134987816085
RA3,selected non-SOZ,-0.38538564728197056,Free RC-SDE,0.5314236870728808
RA3,selected non-SOZ,-0.37312704088746296,Free RC-SDE,0.5361749973148605
RA3,selected non-SOZ,-0.36086843449295536,Free RC-SDE,0.5407715668825984
RA3,selected non-SOZ,-0.34860982809844776,Free RC-SDE,0.5452176841943438
RA3,selected non-SOZ,-0.33635122170394016,Free RC-SDE,0.549517522297848
RA3,selected non-SOZ,-0.32409261530943256,Free RC-SDE,0.553674895846996
RA3,selected non-SOZ,-0.31183400891492496,Free RC-SDE,0.5576930492431154
RA3,selected non-SOZ,-0.29957540252041737,Free RC-SDE,0.5615744819981702
RA3,selected non-SOZ,-0.28731679612590977,Free RC-SDE,0.565320815497538
RA3,selected non-SOZ,-0.27505818973140217,Free RC-SDE,0.5689327033916192
RA3,selected non-SOZ,-0.26279958333689435,Free RC-SDE,0.5724097859210098
RA3,selected non-SOZ,-0.25054097694238675,Free RC-SDE,0.5757506866647167
RA3,selected non-SOZ,-0.23828237054787915,Free RC-SDE,0.5789530485718374
RA3,selected non-SOZ,-0.22602376415337155,Free RC-SDE,0.5820136047568657
RA3,selected non-SOZ,-0.21376515775886396,Free RC-SDE,0.5849282784560322
RA3,selected non-SOZ,-0.20150655136435636,Free RC-SDE,0.5876923057875045
RA3,selected non-SOZ,-0.18924794496984876,Free RC-SDE,0.5903003745462805
RA3,selected non-SOZ,-0.17698933857534116,Free RC-SDE,0.5927467721920082
RA3,selected non-SOZ,-0.16473073218083356,Free RC-SDE,0.5950255364356412
RA3,selected non-SOZ,-0.15247212578632596,Free RC-SDE,0.5971306023652602
RA3,selected non-SOZ,-0.14021351939181836,Free RC-SDE,0.5990559408267353
RA3,selected non-SOZ,-0.12795491299731077,Free RC-SDE,0.6007956837363929
RA3,selected non-SOZ,-0.11569630660280317,Free RC-SDE,0.6023442330885858
RA3,selected non-SOZ,-0.10343770020829535,Free RC-SDE,0.6036963515666436
RA3,selected non-SOZ,-0.09117909381378775,Free RC-SDE,0.6048472338067291
RA3,selected non-SOZ,-0.07892048741928015,Free RC-SDE,0.6057925584392841
RA3,selected non-SOZ,-0.06666188102477255,Free RC-SDE,0.6065285219880041
RA3,selected non-SOZ,-0.05440327463026495,Free RC-SDE,0.6070518564959123
RA3,selected non-SOZ,-0.042144668235757354,Free RC-SDE,0.6073598333383345
RA3,selected non-SOZ,-0.029886061841249756,Free RC-SDE,0.6074502560526073
RA3,selected non-SOZ,-0.017627455446742157,Free RC-SDE,0.6073214451573687
RA3,selected non-SOZ,-0.005368849052234559,Free RC-SDE,0.6069722178572894
RA3,selected non-SOZ,0.00688975734227304,Free RC-SDE,0.6064018652535528
RA3,selected non-SOZ,0.019148363736780638,Free RC-SDE,0.605610129238566
RA3,selected non-SOZ,0.03140697013128824,Free RC-SDE,0.6045971806886946
RA3,selected non-SOZ,0.043665576525795835,Free RC-SDE,0.6033635999309509
RA3,selected non-SOZ,0.055924182920303656,Free RC-SDE,0.6019103598020402
RA3,selected non-SOZ,0.06818278931481125,Free RC-SDE,0.6002388109950373
RA3,selected non-SOZ,0.08044139570931885,Free RC-SDE,0.5983506688498422
RA3,selected non-SOZ,0.09270000210382645,Free RC-SDE,0.596248000331767
RA3,selected non-SOZ,0.10495860849833405,Free RC-SDE,0.5939332096903146
RA3,selected non-SOZ,0.11721721489284165,Free RC-SDE,0.591409021217936
RA3,selected non-SOZ,0.12947582128734925,Free RC-SDE,0.5886784576416362
RA3,selected non-SOZ,0.14173442768185684,Free RC-SDE,0.5857448129703756
RA3,selected non-SOZ,0.15399303407636444,Free RC-SDE,0.5826116190651328
RA3,selected non-SOZ,0.16625164047087204,Free RC-SDE,0.5792826057613482
RA3,selected non-SOZ,0.17851024686537964,Free RC-SDE,0.5757616550097268
RA3,selected non-SOZ,0.19076885325988724,Free RC-SDE,0.5720527501603548
RA3,selected non-SOZ,0.20302745965439484,Free RC-SDE,0.5681599221421685
RA3,selected non-SOZ,0.21528606604890266,Free RC-SDE,0.5640871948333397
RA3,selected non-SOZ,0.22754467244341026,Free RC-SDE,0.5598385323312247
RA3,selected non-SOZ,0.23980327883791785,Free RC-SDE,0.5554177910760992
RA3,selected non-SOZ,0.25206188523242523,Free RC-SDE,0.5508286798356236
RA3,selected non-SOZ,0.26432049162693283,Free RC-SDE,0.5460747304058705
RA3,selected non-SOZ,0.27657909802144043,Free RC-SDE,0.5411592815337356
RA3,selected non-SOZ,0.28883770441594847,Free RC-SDE,0.5360854780324886
RA3,selected non-SOZ,0.30109631081045607,Free RC-SDE,0.5308562863789256
RA3,selected non-SOZ,0.31335491720496367,Free RC-SDE,0.525474527288799
RA3,selected non-SOZ,0.32561352359947127,Free RC-SDE,0.5199429249158725
RA3,selected non-SOZ,0.33787212999397886,Free RC-SDE,0.514264171462535
RA3,selected non-SOZ,0.35013073638848646,Free RC-SDE,0.5084410051780889
RA3,selected non-SOZ,0.36238934278299406,Free RC-SDE,0.502476299003695
RA3,selected non-SOZ,0.37464794917750166,Free RC-SDE,0.49637315654073066
RA3,selected non-SOZ,0.38690655557200926,Free RC-SDE,0.4901350116031258
RA3,selected non-SOZ,0.39916516196651686,Free RC-SDE,0.48376572738267015
RA3,selected non-SOZ,0.41142376836102446,Free RC-SDE,0.4772696912157153
RA3,selected non-SOZ,0.42368237475553205,Free RC-SDE,0.47065190108382937
RA3,selected non-SOZ,0.43594098115003965,Free RC-SDE,0.463918040292469
RA3,selected non-SOZ,0.44819958754454725,Free RC-SDE,0.4570745372244671
RA3,selected non-SOZ,0.46045819393905485,Free RC-SDE,0.45012860762576773
RA3,selected non-SOZ,0.47271680033356245,Free RC-SDE,0.4430882775132004
RA3,selected non-SOZ,0.48497540672807005,Free RC-SDE,0.43596238546119603
RA3,selected non-SOZ,0.49723401312257764,Free RC-SDE,0.42876056369134496
RA3,selected non-SOZ,0.5094926195170852,Free RC-SDE,0.42149319802612395
RA3,selected non-SOZ,0.5217512259115928,Free RC-SDE,0.4141713673521672
RA3,selected non-SOZ,0.5340098323061004,Free RC-SDE,0.40680676375404035
RA3,selected non-SOZ,0.546268438700608,Free RC-SDE,0.3994115949181664
RA3,selected non-SOZ,0.5585270450951156,Free RC-SDE,0.3919984707685563
RA3,selected non-SOZ,0.5707856514896232,Free RC-SDE,0.3845802765864689
RA3,selected non-SOZ,0.5830442578841308,Free RC-SDE,0.3771700350958696
RA3,selected non-SOZ,0.5953028642786389,Free RC-SDE,0.36978076017744216
RA3,selected non-SOZ,0.6075614706731465,Free RC-SDE,0.36242530501907094
RA3,selected non-SOZ,0.6198200770676541,Free RC-SDE,0.3551162076304152
RA3,selected non-SOZ,0.6320786834621617,Free RC-SDE,0.34786553675037796
RA3,selected non-SOZ,0.6443372898566693,Free RC-SDE,0.34068474126051745
RA3,selected non-SOZ,0.6565958962511769,Free RC-SDE,0.3335845062806943
RA3,selected non-SOZ,0.6688545026456845,Free RC-SDE,0.3265746191558046
RA3,selected non-SOZ,0.6811131090401921,Free RC-SDE,0.3196638485297061
RA3,selected non-SOZ,0.6933717154346997,Free RC-SDE,0.3128598396263732
RA3,selected non-SOZ,0.7056303218292073,Free RC-SDE,0.30616902869981344
RA3,selected non-SOZ,0.7178889282237149,Free RC-SDE,0.2995965793552092
RA3,selected non-SOZ,0.7301475346182225,Free RC-SDE,0.29314634306921794
RA3,selected non-SOZ,0.7424061410127301,Free RC-SDE,0.28682084573935884
RA3,selected non-SOZ,0.7546647474072377,Free RC-SDE,0.28062130146992015
RA3,selected non-SOZ,0.7669233538017453,Free RC-SDE,0.2745476540640617
RA3,selected non-SOZ,0.7791819601962529,Free RC-SDE,0.2685986458579477
RA3,selected non-SOZ,0.7914405665907605,Free RC-SDE,0.2627719126318242
RA3,selected non-SOZ,0.803699172985268,Free RC-SDE,0.25706410240294475
RA3,selected non-SOZ,0.8159577793797756,Free RC-SDE,0.25147101499115704
RA3,selected non-SOZ,0.8282163857742832,Free RC-SDE,0.245987758398532
RA3,selected non-SOZ,0.8404749921687908,Free RC-SDE,0.24060891730984285
RA3,selected non-SOZ,0.8527335985632984,Free RC-SDE,0.23532872844787733
RA3,selected non-SOZ,0.864992204957806,Free RC-SDE,0.2301412571476922
RA3,selected non-SOZ,0.8772508113523136,Free RC-SDE,0.22504056937843603
RA3,selected non-SOZ,0.8895094177468212,Free RC-SDE,0.22002089355928064
RA3,selected non-SOZ,0.9017680241413288,Free RC-SDE,0.21507676689279825
RA3,selected non-SOZ,0.9140266305358369,Free RC-SDE,0.2102031615644999
RA3,selected non-SOZ,0.9262852369303445,Free RC-SDE,0.20539558700642346
RA3,selected non-SOZ,0.9385438433248521,Free RC-SDE,0.20065016545679099
RA3,selected non-SOZ,0.9508024497193597,Free RC-SDE,0.19596367921653587
RA3,selected non-SOZ,0.9630610561138673,Free RC-SDE,0.19133358924752772
RA3,selected non-SOZ,0.9753196625083749,Free RC-SDE,0.1867580260127236
RA3,selected non-SOZ,0.9875782689028825,Free RC-SDE,0.18223575465950395
RA3,selected non-SOZ,0.9998368752973901,Free RC-SDE,0.1777661177317103
RA3,selected non-SOZ,1.0120954816918977,Free RC-SDE,0.17334895950736284
RA3,selected non-SOZ,1.0243540880864053,Free RC-SDE,0.1689845367516959
RA3,selected non-SOZ,1.0366126944809129,Free RC-SDE,0.1646734211156086
RA3,selected non-SOZ,1.0488713008754205,Free RC-SDE,0.1604163985789564
RA3,selected non-SOZ,1.061129907269928,Free RC-SDE,0.15621437123270143
RA3,selected non-SOZ,1.0733885136644357,Free RC-SDE,0.15206826632535558
RA3,selected non-SOZ,1.0856471200589433,Free RC-SDE,0.1479789568933876
RA3,selected non-SOZ,1.0979057264534509,Free RC-SDE,0.14394719749057644
RA3,selected non-SOZ,1.1101643328479585,Free RC-SDE,0.13997357757587164
RA3,selected non-SOZ,1.122422939242466,Free RC-SDE,0.1360584940682912
RA3,selected non-SOZ,1.1346815456369737,Free RC-SDE,0.13220214348926215
RA3,selected non-SOZ,1.1469401520314813,Free RC-SDE,0.12840453304617466
RA3,selected non-SOZ,1.1591987584259889,Free RC-SDE,0.12466550902113559
RA3,selected non-SOZ,1.1714573648204964,Free RC-SDE,0.12098479996493418
RA3,selected non-SOZ,1.183715971215004,Free RC-SDE,0.11736207149813511
RA3,selected non-SOZ,1.1959745776095116,Free RC-SDE,0.11379698901840828
RA3,selected non-SOZ,1.2082331840040192,Free RC-SDE,0.11028928432290325
RA3,selected non-SOZ,1.2204917903985268,Free RC-SDE,0.10683882208157579
RA3,selected non-SOZ,1.2327503967930349,Free RC-SDE,0.10344566223455963
RA3,selected non-SOZ,1.2450090031875425,Free RC-SDE,0.10011011471564987
RA3,selected non-SOZ,1.25726760958205,Free RC-SDE,0.09683278339676926
RA3,selected non-SOZ,1.2695262159765577,Free RC-SDE,0.0936145967701608
RA3,selected non-SOZ,1.2817848223710653,Free RC-SDE,0.09045682359596226
RA3,selected non-SOZ,1.2940434287655729,Free RC-SDE,0.0873610725011955
RA3,selected non-SOZ,1.3063020351600805,Free RC-SDE,0.08432927528073544
RA3,selected non-SOZ,1.318560641554588,Free RC-SDE,0.08136365438333505
RA3,selected non-SOZ,1.3308192479490957,Free RC-SDE,0.0784666757332478
RA3,selected non-SOZ,1.3430778543436033,Free RC-SDE,0.0756409886138954
RA3,selected non-SOZ,1.3553364607381109,Free RC-SDE,0.07288935480559572
RA3,selected non-SOZ,1.3675950671326185,Free RC-SDE,0.07021456951377665
RA3,selected non-SOZ,1.379853673527126,Free RC-SDE,0.06761937684423455
RA3,selected non-SOZ,1.3921122799216337,Free RC-SDE,0.06510638268174408
RA3,selected non-SOZ,1.4043708863161413,Free RC-SDE,0.06267796781728174
RA3,selected non-SOZ,1.4166294927106489,Free RC-SDE,0.06033620406112098
RA3,selected non-SOZ,1.4288880991051565,Free RC-SDE,0.05808277589048631
RA3,selected non-SOZ,1.441146705499664,Free RC-SDE,0.05591890992867992
RA3,selected non-SOZ,1.4534053118941717,Free RC-SDE,0.05384531425445616
RA3,selected non-SOZ,1.4656639182886793,Free RC-SDE,0.0518621292110593
RA3,selected non-SOZ,1.4779225246831869,Free RC-SDE,0.04996889103648257
RA3,selected non-SOZ,1.4901811310776945,Free RC-SDE,0.04816450927997253
RA3,selected non-SOZ,1.502439737472202,Free RC-SDE,0.04644725861162631
RA3,selected non-SOZ,1.5146983438667097,Free RC-SDE,0.044814785276745345
RA3,selected non-SOZ,1.5269569502612172,Free RC-SDE,0.04326412809726549
RA3,selected non-SOZ,1.5392155566557253,Free RC-SDE,0.04179175358104002
RA3,selected non-SOZ,1.551474163050233,Free RC-SDE,0.04039360436793877
RA3,selected non-SOZ,1.5637327694447405,Free RC-SDE,0.03906515992230936
RA3,selected non-SOZ,1.575991375839248,Free RC-SDE,0.037801508078381243
RA3,selected non-SOZ,1.5882499822337557,Free RC-SDE,0.03659742576441168
RA3,selected non-SOZ,1.6005085886282633,Free RC-SDE,0.035447466980257476
RA3,selected non-SOZ,1.6127671950227709,Free RC-SDE,0.03434605589049576
RA3,selected non-SOZ,1.6250258014172785,Free RC-SDE,0.03328758273092052
RA3,selected non-SOZ,1.637284407811786,Free RC-SDE,0.03226650011995499
RA3,selected non-SOZ,1.6495430142062937,Free RC-SDE,0.03127741732700518
RA3,selected non-SOZ,1.6618016206008013,Free RC-SDE,0.030315190083889457
RA3,selected non-SOZ,1.6740602269953089,Free RC-SDE,0.02937500363721638
RA3,selected non-SOZ,1.6863188333898165,Free RC-SDE,0.02845244692939323
RA3,selected non-SOZ,1.698577439784324,Free RC-SDE,0.02754357606026599
RA3,selected non-SOZ,1.7108360461788317,Free RC-SDE,0.0266449655125073
RA3,selected non-SOZ,1.7230946525733393,Free RC-SDE,0.025753746010140403
RA3,selected non-SOZ,1.7353532589678469,Free RC-SDE,0.02486762830599248
RA3,selected non-SOZ,1.7476118653623545,Free RC-SDE,0.023984912642832954
RA3,selected non-SOZ,1.759870471756862,Free RC-SDE,0.023104484085409355
RA3,selected non-SOZ,1.7721290781513697,Free RC-SDE,0.022225794357164288
RA3,selected non-SOZ,1.7843876845458773,Free RC-SDE,0.021348831217613534
RA3,selected non-SOZ,1.7966462909403849,Free RC-SDE,0.02047407676773665
RA3,selected non-SOZ,1.8089048973348925,Free RC-SDE,0.019602456357810112
RA3,selected non-SOZ,1.8211635037294,Free RC-SDE,0.01873527998515903
RA3,selected non-SOZ,1.8334221101239077,Free RC-SDE,0.017874178202753107
RA3,selected non-SOZ,1.8456807165184153,Free RC-SDE,0.01702103461213668
RA3,selected non-SOZ,1.8579393229129233,Free RC-SDE,0.016177916988721914
RA3,selected non-SOZ,1.870197929307431,Free RC-SDE,0.015347008990509992
RA3,selected non-SOZ,1.8824565357019385,Free RC-SDE,0.014530544242387242
RA3,selected non-SOZ,1.894715142096446,Free RC-SDE,0.013730744379022079
RA3,selected non-SOZ,1.9069737484909537,Free RC-SDE,0.012949762383126751
RA3,selected non-SOZ,-1.7583495634668236,Interictal reference,0.000329884122847229
RA3,selected non-SOZ,-1.746090957072316,Interictal reference,0.0003893886483300065
RA3,selected non-SOZ,-1.7338323506778084,Interictal reference,0.0004572099812849961
RA3,selected non-SOZ,-1.7215737442833008,Interictal reference,0.0005340438337111312
RA3,selected non-SOZ,-1.7093151378887932,Interictal reference,0.0006205645786832544
RA3,selected non-SOZ,-1.6970565314942856,Interictal reference,0.0007174110876150757
RA3,selected non-SOZ,-1.6847979250997778,Interictal reference,0.0008251723133820512
RA3,selected non-SOZ,-1.6725393187052702,Interictal reference,0.0009443732069406031
RA3,selected non-SOZ,-1.6602807123107626,Interictal reference,0.0010754616352616872
RA3,selected non-SOZ,-1.648022105916255,Interictal reference,0.0012187970277369796
RA3,selected non-SOZ,-1.6357634995217474,Interictal reference,0.0013746415104094825
RA3,selected non-SOZ,-1.6235048931272398,Interictal reference,0.0015431542868701176
RA3,selected non-SOZ,-1.6112462867327322,Interictal reference,0.0017243899871147864
RA3,selected non-SOZ,-1.5989876803382246,Interictal reference,0.0019183016284157182
RA3,selected non-SOZ,-1.586729073943717,Interictal reference,0.0021247487147388966
RA3,selected non-SOZ,-1.5744704675492094,Interictal reference,0.0023435108452113033
RA3,selected non-SOZ,-1.5622118611547018,Interictal reference,0.0025743070119075124
RA3,selected non-SOZ,-1.5499532547601942,Interictal reference,0.0028168205496072784
RA3,selected non-SOZ,-1.5376946483656866,Interictal reference,0.0030707294643385627
RA3,selected non-SOZ,-1.525436041971179,Interictal reference,0.0033357416245989005
RA3,selected non-SOZ,-1.5131774355766714,Interictal reference,0.003611634061699559
RA3,selected non-SOZ,-1.5009188291821636,Interictal reference,0.003898295406976249
RA3,selected non-SOZ,-1.488660222787656,Interictal reference,0.004195770306824049
RA3,selected non-SOZ,-1.4764016163931484,Interictal reference,0.004504304513812591
RA3,selected non-SOZ,-1.4641430099986408,Interictal reference,0.004824389263798282
RA3,selected non-SOZ,-1.4518844036041332,Interictal reference,0.00515680352252916
RA3,selected non-SOZ,-1.4396257972096256,Interictal reference,0.005502652724866412
RA3,selected non-SOZ,-1.427367190815118,Interictal reference,0.005863402735638641
RA3,selected non-SOZ,-1.4151085844206104,Interictal reference,0.006240907929338279
RA3,selected non-SOZ,-1.4028499780261028,Interictal reference,0.006637432508280141
RA3,selected non-SOZ,-1.3905913716315952,Interictal reference,0.007055664443602312
RA3,selected non-SOZ,-1.3783327652370874,Interictal reference,0.007498721715617669
RA3,selected non-SOZ,-1.3660741588425798,Interictal reference,0.007970150832345636
RA3,selected non-SOZ,-1.3538155524480722,Interictal reference,0.008473917899357069
RA3,selected non-SOZ,-1.3415569460535646,Interictal reference,0.009014392782394449
RA3,selected non-SOZ,-1.329298339659057,Interictal reference,0.009596327130235198
RA3,selected non-SOZ,-1.3170397332645494,Interictal reference,0.010224827195479931
RA3,selected non-SOZ,-1.3047811268700418,Interictal reference,0.010905322495923962
RA3,selected non-SOZ,-1.2925225204755342,Interictal reference,0.01164353139433576
RA3,selected non-SOZ,-1.2802639140810266,Interictal reference,0.012445424640611453
RA3,selected non-SOZ,-1.268005307686519,Interictal reference,0.013317187823663432
RA3,selected non-SOZ,-1.2557467012920114,Interictal reference,0.014265183532371262
RA3,selected non-SOZ,-1.2434880948975038,Interictal reference,0.015295913841078266
RA3,selected non-SOZ,-1.2312294885029962,Interictal reference,0.01641598353409785
RA3,selected non-SOZ,-1.2189708821084886,Interictal reference,0.017632064285605768
RA3,selected non-SOZ,-1.206712275713981,Interictal reference,0.018950859835945223
RA3,selected non-SOZ,-1.1944536693194734,Interictal reference,0.02037907207042274
RA3,selected non-SOZ,-1.1821950629249658,Interictal reference,0.021923367825895605
RA3,selected non-SOZ,-1.169936456530458,Interictal reference,0.023590346232223315
RA3,selected non-SOZ,-1.1576778501359504,Interictal reference,0.025386506441897168
RA3,selected non-SOZ,-1.1454192437414428,Interictal reference,0.027318215706795313
RA3,selected non-SOZ,-1.1331606373469352,Interictal reference,0.029391677914055035
RA3,selected non-SOZ,-1.1209020309524276,Interictal reference,0.031612902875419326
RA3,selected non-SOZ,-1.10864342455792,Interictal reference,0.03398767685333291
RA3,selected non-SOZ,-1.0963848181634124,Interictal reference,0.03652153497707369
RA3,selected non-SOZ,-1.0841262117689046,Interictal reference,0.039219736327639525
RA3,selected non-SOZ,-1.071867605374397,Interictal reference,0.04208724252771379
RA3,selected non-SOZ,-1.0596089989798894,Interictal reference,0.045128700644663185
RA3,selected non-SOZ,-1.0473503925853818,Interictal reference,0.04834843108954285
RA3,selected non-SOZ,-1.0350917861908742,Interictal reference,0.051750420972255386
RA3,selected non-SOZ,-1.0228331797963666,Interictal reference,0.05533832306163667
RA3,selected non-SOZ,-1.010574573401859,Interictal reference,0.059115460119365
RA3,selected non-SOZ,-0.9983159670073514,Interictal reference,0.06308483395822347
RA3,selected non-SOZ,-0.9860573606128438,Interictal reference,0.06724913815646
RA3,selected non-SOZ,-0.9737987542183362,Interictal reference,0.07161077298410368
RA3,selected non-SOZ,-0.9615401478238286,Interictal reference,0.07617186080906162
RA3,selected non-SOZ,-0.949281541429321,Interictal reference,0.08093426009301151
RA3,selected non-SOZ,-0.9370229350348134,Interictal reference,0.08589957609507862
RA3,selected non-SOZ,-0.9247643286403057,Interictal reference,0.09106916659953196
RA3,selected non-SOZ,-0.9125057222457981,Interictal reference,0.09644414138222225
RA3,selected non-SOZ,-0.9002471158512905,Interictal reference,0.1020253547220942
RA3,selected non-SOZ,-0.8879885094567829,Interictal reference,0.10781339102336172
RA3,selected non-SOZ,-0.8757299030622753,Interictal reference,0.11380854449724562
RA3,selected non-SOZ,-0.8634712966677677,Interictal reference,0.12001079479985638
RA3,selected non-SOZ,-0.85121269027326,Interictal reference,0.1264197814623713
RA3,selected non-SOZ,-0.8389540838787524,Interictal reference,0.13303478080089953
RA3,selected non-SOZ,-0.8266954774842448,Interictal reference,0.1398546896742971
RA3,selected non-SOZ,-0.8144368710897372,Interictal reference,0.14687802089142316
RA3,selected non-SOZ,-0.8021782646952296,Interictal reference,0.15410291518920285
RA3,selected non-SOZ,-0.789919658300722,Interictal reference,0.16152717446148981
RA3,selected non-SOZ,-0.7776610519062144,Interictal reference,0.16914832029134413
RA3,selected non-SOZ,-0.7654024455117067,Interictal reference,0.1769636808279271
RA3,selected non-SOZ,-0.7531438391171992,Interictal reference,0.184970507684524
RA3,selected non-SOZ,-0.7408852327226916,Interictal reference,0.19316612287514068
RA3,selected non-SOZ,-0.7286266263281838,Interictal reference,0.2015480939383766
RA3,selected non-SOZ,-0.7163680199336762,Interictal reference,0.21011443342414904
RA3,selected non-SOZ,-0.7041094135391686,Interictal reference,0.21886381696126608
RA3,selected non-SOZ,-0.691850807144661,Interictal reference,0.22779581230739449
RA3,selected non-SOZ,-0.6795922007501534,Interictal reference,0.23691111023120337
RA3,selected non-SOZ,-0.6673335943556458,Interictal reference,0.24621174690093212
RA3,selected non-SOZ,-0.6550749879611382,Interictal reference,0.2557013067465227
RA3,selected non-SOZ,-0.6428163815666306,Interictal reference,0.2653850945889983
RA3,selected non-SOZ,-0.630557775172123,Interictal reference,0.2752702662244684
RA3,selected non-SOZ,-0.6182991687776154,Interictal reference,0.2853659076099722
RA3,selected non-SOZ,-0.6060405623831078,Interictal reference,0.2956830542883332
RA3,selected non-SOZ,-0.5937819559886002,Interictal reference,0.30623464464104
RA3,selected non-SOZ,-0.5815233495940924,Interictal reference,0.3170354028755597
RA3,selected non-SOZ,-0.5692647431995848,Interictal reference,0.32810165021930365
RA3,selected non-SOZ,-0.5570061368050772,Interictal reference,0.33945104547612454
RA3,selected non-SOZ,-0.5447475304105696,Interictal reference,0.35110225876833295
RA3,selected non-SOZ,-0.532488924016062,Interictal reference,0.363074584807486
RA3,selected non-SOZ,-0.5202303176215544,Interictal reference,0.37538750429324574
RA3,selected non-SOZ,-0.5079717112270468,Interictal reference,0.38806020393321083
RA3,selected non-SOZ,-0.49571310483253916,Interictal reference,0.4011110670340385
RA3,selected non-SOZ,-0.48345449843803157,Interictal reference,0.4145571475885969
RA3,selected non-SOZ,-0.47119589204352397,Interictal reference,0.4284136412563013
RA3,selected non-SOZ,-0.45893728564901637,Interictal reference,0.44269336661170405
RA3,selected non-SOZ,-0.44667867925450877,Interictal reference,0.45740626954998875
RA3,selected non-SOZ,-0.43442007286000117,Interictal reference,0.4725589628364598
RA3,selected non-SOZ,-0.42216146646549335,Interictal reference,0.4881543115328045
RA3,selected non-SOZ,-0.40990286007098575,Interictal reference,0.5041910734959182
RA3,selected non-SOZ,-0.39764425367647815,Interictal reference,0.5206636023988181
RA3,selected non-SOZ,-0.38538564728197056,Interictal reference,0.537561618839376
RA3,selected non-SOZ,-0.37312704088746296,Interictal reference,0.5548700531486942
RA3,selected non-SOZ,-0.36086843449295536,Interictal reference,0.5725689615479825
RA3,selected non-SOZ,-0.34860982809844776,Interictal reference,0.5906335153853788
RA3,selected non-SOZ,-0.33635122170394016,Interictal reference,0.6090340613594564
RA3,selected non-SOZ,-0.32409261530943256,Interictal reference,0.627736248946895
RA3,selected non-SOZ,-0.31183400891492496,Interictal reference,0.646701219735631
RA3,selected non-SOZ,-0.29957540252041737,Interictal reference,0.665885852056649
RA3,selected non-SOZ,-0.28731679612590977,Interictal reference,0.6852430532400106
RA3,selected non-SOZ,-0.27505818973140217,Interictal reference,0.704722091023249
RA3,selected non-SOZ,-0.26279958333689435,Interictal reference,0.7242689551393571
RA3,selected non-SOZ,-0.25054097694238675,Interictal reference,0.743826739927855
RA3,selected non-SOZ,-0.23828237054787915,Interictal reference,0.7633360389586836
RA3,selected non-SOZ,-0.22602376415337155,Interictal reference,0.7827353431372294
RA3,selected non-SOZ,-0.21376515775886396,Interictal reference,0.8019614345588588
RA3,selected non-SOZ,-0.20150655136435636,Interictal reference,0.8209497694765492
RA3,selected non-SOZ,-0.18924794496984876,Interictal reference,0.8396348450938284
RA3,selected non-SOZ,-0.17698933857534116,Interictal reference,0.8579505464392683
RA3,selected non-SOZ,-0.16473073218083356,Interictal reference,0.8758304712462461
RA3,selected non-SOZ,-0.15247212578632596,Interictal reference,0.8932082324709179
RA3,selected non-SOZ,-0.14021351939181836,Interictal reference,0.9100177397432156
RA3,selected non-SOZ,-0.12795491299731077,Interictal reference,0.9261934625719048
RA3,selected non-SOZ,-0.11569630660280317,Interictal reference,0.9416706794316023
RA3,selected non-SOZ,-0.10343770020829535,Interictal reference,0.9563857178742241
RA3,selected non-SOZ,-0.09117909381378775,Interictal reference,0.9702761914737777
RA3,selected non-SOZ,-0.07892048741928015,Interictal reference,0.9832812396945804
RA3,selected non-SOZ,-0.06666188102477255,Interictal reference,0.9953417766545412
RA3,selected non-SOZ,-0.05440327463026495,Interictal reference,1.0064007542453601
RA3,selected non-SOZ,-0.042144668235757354,Interictal reference,1.0164034441995826
RA3,selected non-SOZ,-0.029886061841249756,Interictal reference,1.0252977425085732
RA3,selected non-SOZ,-0.017627455446742157,Interictal reference,1.033034498157993
RA3,selected non-SOZ,-0.005368849052234559,Interictal reference,1.0395678665300812
RA3,selected non-SOZ,0.00688975734227304,Interictal reference,1.0448556861019977
RA3,selected non-SOZ,0.019148363736780638,Interictal reference,1.0488598753223066
RA3,selected non-SOZ,0.03140697013128824,Interictal reference,1.0515468448463576
RA3,selected non-SOZ,0.043665576525795835,Interictal reference,1.0528879187198585
RA3,selected non-SOZ,0.055924182920303656,Interictal reference,1.0528597566750986
RA3,selected non-SOZ,0.06818278931481125,Interictal reference,1.0514447684917272
RA3,selected non-SOZ,0.08044139570931885,Interictal reference,1.0486315104117037
RA3,selected non-SOZ,0.09270000210382645,Interictal reference,1.044415052914546
RA3,selected non-SOZ,0.10495860849833405,Interictal reference,1.0387973087781006
RA3,selected non-SOZ,0.11721721489284165,Interictal reference,1.0317873102881168
RA3,selected non-SOZ,0.12947582128734925,Interictal reference,1.0234014247316634
RA3,selected non-SOZ,0.14173442768185684,Interictal reference,1.0136634979230774
RA3,selected non-SOZ,0.15399303407636444,Interictal reference,1.0026049164716988
RA3,selected non-SOZ,0.16625164047087204,Interictal reference,0.9902645808061176
RA3,selected non-SOZ,0.17851024686537964,Interictal reference,0.9766887826098105
RA3,selected non-SOZ,0.19076885325988724,Interictal reference,0.9619309822762355
RA3,selected non-SOZ,0.20302745965439484,Interictal reference,0.9460514842235295
RA3,selected non-SOZ,0.21528606604890266,Interictal reference,0.9291170103695802
RA3,selected non-SOZ,0.22754467244341026,Interictal reference,0.9112001746919846
RA3,selected non-SOZ,0.23980327883791785,Interictal reference,0.8923788645030163
RA3,selected non-SOZ,0.25206188523242523,Interictal reference,0.8727355367625408
RA3,selected non-SOZ,0.26432049162693283,Interictal reference,0.8523564403276039
RA3,selected non-SOZ,0.27657909802144043,Interictal reference,0.8313307773873739
RA3,selected non-SOZ,0.28883770441594847,Interictal reference,0.8097498193485518
RA3,selected non-SOZ,0.30109631081045607,Interictal reference,0.7877059940203979
RA3,selected non-SOZ,0.31335491720496367,Interictal reference,0.765291962015522
RA3,selected non-SOZ,0.32561352359947127,Interictal reference,0.7425997007703954
RA3,selected non-SOZ,0.33787212999397886,Interictal reference,0.7197196144604067
RA3,selected non-SOZ,0.35013073638848646,Interictal reference,0.6967396873325986
RA3,selected non-SOZ,0.36238934278299406,Interictal reference,0.673744696628154
RA3,selected non-SOZ,0.37464794917750166,Interictal reference,0.6508154993715878
RA3,selected non-SOZ,0.38690655557200926,Interictal reference,0.6280284049467043
RA3,selected non-SOZ,0.39916516196651686,Interictal reference,0.6054546426657231
RA3,selected non-SOZ,0.41142376836102446,Interictal reference,0.5831599305898091
RA3,selected non-SOZ,0.42368237475553205,Interictal reference,0.5612041488077726
RA3,selected non-SOZ,0.43594098115003965,Interictal reference,0.5396411173578038
RA3,selected non-SOZ,0.44819958754454725,Interictal reference,0.5185184761121719
RA3,selected non-SOZ,0.46045819393905485,Interictal reference,0.497877661350653
RA3,selected non-SOZ,0.47271680033356245,Interictal reference,0.47775397152072624
RA3,selected non-SOZ,0.48497540672807005,Interictal reference,0.4581767128934624
RA3,selected non-SOZ,0.49723401312257764,Interictal reference,0.43916941451997604
RA3,selected non-SOZ,0.5094926195170852,Interictal reference,0.4207501010937582
RA3,selected non-SOZ,0.5217512259115928,Interictal reference,0.4029316120223305
RA3,selected non-SOZ,0.5340098323061004,Interictal reference,0.3857219551766878
RA3,selected non-SOZ,0.546268438700608,Interictal reference,0.369124684366636
RA3,selected non-SOZ,0.5585270450951156,Interictal reference,0.35313929051642007
RA3,selected non-SOZ,0.5707856514896232,Interictal reference,0.3377615977074234
RA3,selected non-SOZ,0.5830442578841308,Interictal reference,0.32298415662653335
RA3,selected non-SOZ,0.5953028642786389,Interictal reference,0.30879662942154623
RA3,selected non-SOZ,0.6075614706731465,Interictal reference,0.29518616143399523
RA3,selected non-SOZ,0.6198200770676541,Interictal reference,0.2821377366771491
RA3,selected non-SOZ,0.6320786834621617,Interictal reference,0.2696345151871236
RA3,selected non-SOZ,0.6443372898566693,Interictal reference,0.2576581514455935
RA3,selected non-SOZ,0.6565958962511769,Interictal reference,0.24618909391764401
RA3,selected non-SOZ,0.6688545026456845,Interictal reference,0.23520686634873267
RA3,selected non-SOZ,0.6811131090401921,Interictal reference,0.2246903318183025
RA3,selected non-SOZ,0.6933717154346997,Interictal reference,0.2146179406679124
RA3,selected non-SOZ,0.7056303218292073,Interictal reference,0.2049679633366776
RA3,selected non-SOZ,0.7178889282237149,Interictal reference,0.195718708885452
RA3,selected non-SOZ,0.7301475346182225,Interictal reference,0.18684872962102891
RA3,selected non-SOZ,0.7424061410127301,Interictal reference,0.17833701179474343
RA3,selected non-SOZ,0.7546647474072377,Interictal reference,0.1701631518992474
RA3,selected non-SOZ,0.7669233538017453,Interictal reference,0.16230751767305396
RA3,selected non-SOZ,0.7791819601962529,Interictal reference,0.15475139258852644
RA3,selected non-SOZ,0.7914405665907605,Interictal reference,0.14747710238034858
RA3,selected non-SOZ,0.803699172985268,Interictal reference,0.140468122091695
RA3,selected non-SOZ,0.8159577793797756,Interictal reference,0.13370916218570375
RA3,selected non-SOZ,0.8282163857742832,Interictal reference,0.1271862324890537
RA3,selected non-SOZ,0.8404749921687908,Interictal reference,0.12088668308916971
RA3,selected non-SOZ,0.8527335985632984,Interictal reference,0.11479922177309212
RA3,selected non-SOZ,0.864992204957806,Interictal reference,0.10891390814260936
RA3,selected non-SOZ,0.8772508113523136,Interictal reference,0.10322212512979499
RA3,selected non-SOZ,0.8895094177468212,Interictal reference,0.09771652923050289
RA3,selected non-SOZ,0.9017680241413288,Interictal reference,0.09239098133242313
RA3,selected non-SOZ,0.9140266305358369,Interictal reference,0.08724046050472625
RA3,selected non-SOZ,0.9262852369303445,Interictal reference,0.08226096351008688
RA3,selected non-SOZ,0.9385438433248521,Interictal reference,0.07744939307696472
RA3,selected non-SOZ,0.9508024497193597,Interictal reference,0.0728034381195877
RA3,selected non-SOZ,0.9630610561138673,Interictal reference,0.06832144911339746
RA3,selected non-SOZ,0.9753196625083749,Interictal reference,0.06400231173189307
RA3,selected non-SOZ,0.9875782689028825,Interictal reference,0.059845321641401036
RA3,selected non-SOZ,0.9998368752973901,Interictal reference,0.0558500630536293
RA3,selected non-SOZ,1.0120954816918977,Interictal reference,0.05201629327598289
RA3,selected non-SOZ,1.0243540880864053,Interictal reference,0.0483438351021126
RA3,selected non-SOZ,1.0366126944809129,Interictal reference,0.044832478475036255
RA3,selected non-SOZ,1.0488713008754205,Interictal reference,0.04148189245501578
RA3,selected non-SOZ,1.061129907269928,Interictal reference,0.038291548152901006
RA3,selected non-SOZ,1.0733885136644357,Interictal reference,0.03526065296072956
RA3,selected non-SOZ,1.0856471200589433,Interictal reference,0.03238809613354434
RA3,selected non-SOZ,1.0979057264534509,Interictal reference,0.029672405552951517
RA3,selected non-SOZ,1.1101643328479585,Interictal reference,0.02711171533242527
RA3,selected non-SOZ,1.122422939242466,Interictal reference,0.024703743801424753
RA3,selected non-SOZ,1.1346815456369737,Interictal reference,0.022445781321857816
RA3,selected non-SOZ,1.1469401520314813,Interictal reference,0.02033468733660272
RA3,selected non-SOZ,1.1591987584259889,Interictal reference,0.018366896015576936
RA3,selected non-SOZ,1.1714573648204964,Interictal reference,0.01653842984083095
RA3,selected non-SOZ,1.183715971215004,Interictal reference,0.014844920450564278
RA3,selected non-SOZ,1.1959745776095116,Interictal reference,0.01328163603718069
RA3,selected non-SOZ,1.2082331840040192,Interictal reference,0.011843514563434344
RA3,selected non-SOZ,1.2204917903985268,Interictal reference,0.010525202022784222
RA3,selected non-SOZ,1.2327503967930349,Interictal reference,0.00932109492699849
RA3,selected non-SOZ,1.2450090031875425,Interictal reference,0.008225386159398627
RA3,selected non-SOZ,1.25726760958205,Interictal reference,0.007232113290735819
RA3,selected non-SOZ,1.2695262159765577,Interictal reference,0.006335208421977282
RA3,selected non-SOZ,1.2817848223710653,Interictal reference,0.005528548599617806
RA3,selected non-SOZ,1.2940434287655729,Interictal reference,0.004806005849215643
RA3,selected non-SOZ,1.3063020351600805,Interictal reference,0.0041614958952295375
RA3,selected non-SOZ,1.318560641554588,Interictal reference,0.003589024681935591
RA3,selected non-SOZ,1.3308192479490957,Interictal reference,0.0030827318815747524
RA3,selected non-SOZ,1.3430778543436033,Interictal reference,0.002636930670555908
RA3,selected non-SOZ,1.3553364607381109,Interictal reference,0.0022461431695657585
RA3,selected non-SOZ,1.3675950671326185,Interictal reference,0.0019051310745368823
RA3,selected non-SOZ,1.379853673527126,Interictal reference,0.0016089211473428564
RA3,selected non-SOZ,1.3921122799216337,Interictal reference,0.0013528253819872498
RA3,selected non-SOZ,1.4043708863161413,Interictal reference,0.0011324558079335797
RA3,selected non-SOZ,1.4166294927106489,Interictal reference,0.0009437340313266983
RA3,selected non-SOZ,1.4288880991051565,Interictal reference,0.0007828957420111821
RA3,selected non-SOZ,1.441146705499664,Interictal reference,0.0006464905251575169
RA3,selected non-SOZ,1.4534053118941717,Interictal reference,0.000531377407725931
RA3,selected non-SOZ,1.4656639182886793,Interictal reference,0.0004347166398656702
RA3,selected non-SOZ,1.4779225246831869,Interictal reference,0.0003539582587899661
RA3,selected non-SOZ,1.4901811310776945,Interictal reference,0.00028682800793878465
RA3,selected non-SOZ,1.502439737472202,Interictal reference,0.00023131118860127877
RA3,selected non-SOZ,1.5146983438667097,Interictal reference,0.0001856350067056042
RA3,selected non-SOZ,1.5269569502612172,Interictal reference,0.00014824994690714515
RA3,selected non-SOZ,1.5392155566557253,Interictal reference,0.00011781066253537778
RA3,selected non-SOZ,1.551474163050233,Interictal reference,9.315681670525337e-05
RA3,selected non-SOZ,1.5637327694447405,Interictal reference,7.329425026721207e-05
RA3,selected non-SOZ,1.575991375839248,Interictal reference,5.7376789393912366e-05
RA3,selected non-SOZ,1.5882499822337557,Interictal reference,4.4688942306408375e-05
RA3,selected non-SOZ,1.6005085886282633,Interictal reference,3.462967334881297e-05
RA3,selected non-SOZ,1.6127671950227709,Interictal reference,2.6697385285991186e-05
RA3,selected non-SOZ,1.6250258014172785,Interictal reference,2.0476188795029386e-05
RA3,selected non-SOZ,1.637284407811786,Interictal reference,1.562349264123937e-05
RA3,selected non-SOZ,1.6495430142062937,Interictal reference,1.1858909521043258e-05
RA3,selected non-SOZ,1.6618016206008013,Interictal reference,8.95444117152312e-06
RA3,selected non-SOZ,1.6740602269953089,Interictal reference,6.725881914312872e-06
RA3,selected non-SOZ,1.6863188333898165,Interictal reference,5.025361884832812e-06
RA3,selected non-SOZ,1.698577439784324,Interictal reference,3.7349391725206655e-06
RA3,selected non-SOZ,1.7108360461788317,Interictal reference,2.7611432175072458e-06
RA3,selected non-SOZ,1.7230946525733393,Interictal reference,2.0303692658562722e-06
RA3,selected non-SOZ,1.7353532589678469,Interictal reference,1.4850246596834933e-06
RA3,selected non-SOZ,1.7476118653623545,Interictal reference,1.0803314405954296e-06
RA3,selected non-SOZ,1.759870471756862,Interictal reference,7.816954455954347e-07
RA3,selected non-SOZ,1.7721290781513697,Interictal reference,5.625591254260882e-07
RA3,selected non-SOZ,1.7843876845458773,Interictal reference,4.0266316044754326e-07
RA3,selected non-SOZ,1.7966462909403849,Interictal reference,2.8665012972715177e-07
RA3,selected non-SOZ,1.8089048973348925,Interictal reference,2.0295164138338347e-07
RA3,selected non-SOZ,1.8211635037294,Interictal reference,1.4290818173570978e-07
RA3,selected non-SOZ,1.8334221101239077,Interictal reference,1.00078292556427e-07
RA3,selected non-SOZ,1.8456807165184153,Interictal reference,6.970041351354056e-08
RA3,selected non-SOZ,1.8579393229129233,Interictal reference,4.827676153351582e-08
RA3,selected non-SOZ,1.870197929307431,Interictal reference,3.325393647796753e-08
RA3,selected non-SOZ,1.8824565357019385,Interictal reference,2.2779553923024077e-08
RA3,selected non-SOZ,1.894715142096446,Interictal reference,1.5518146477221417e-08
RA3,selected non-SOZ,1.9069737484909537,Interictal reference,1.0512896991760614e-08
RA3,selected non-SOZ,-1.7583495634668236,Original Actor,7.640305531461255e-06
RA3,selected non-SOZ,-1.746090957072316,Original Actor,1.0021254069056729e-05
RA3,selected non-SOZ,-1.7338323506778084,Original Actor,1.307725805001217e-05
RA3,selected non-SOZ,-1.7215737442833008,Original Actor,1.6978777252419594e-05
RA3,selected non-SOZ,-1.7093151378887932,Original Actor,2.193327680409802e-05
RA3,selected non-SOZ,-1.6970565314942856,Original Actor,2.819167046545668e-05
RA3,selected non-SOZ,-1.6847979250997778,Original Actor,3.605550575680559e-05
RA3,selected non-SOZ,-1.6725393187052702,Original Actor,4.588489236961238e-05
RA3,selected non-SOZ,-1.6602807123107626,Original Actor,5.810715469982344e-05
RA3,selected non-SOZ,-1.648022105916255,Original Actor,7.322616538475628e-05
RA3,selected non-SOZ,-1.6357634995217474,Original Actor,9.183228982610592e-05
RA3,selected non-SOZ,-1.6235048931272398,Original Actor,0.00011461284250222607
RA3,selected non-SOZ,-1.6112462867327322,Original Actor,0.0001423629253397676
RA3,selected non-SOZ,-1.5989876803382246,Original Actor,0.00017599648772101867
RA3,selected non-SOZ,-1.586729073943717,Original Actor,0.00021655741829353014
RA3,selected non-SOZ,-1.5744704675492094,Original Actor,0.0002652304522842301
RA3,selected non-SOZ,-1.5622118611547018,Original Actor,0.0003233516563245722
RA3,selected non-SOZ,-1.5499532547601942,Original Actor,0.00039241823777474023
RA3,selected non-SOZ,-1.5376946483656866,Original Actor,0.0004740974190915957
RA3,selected non-SOZ,-1.525436041971179,Original Actor,0.0005702341216905914
RA3,selected non-SOZ,-1.5131774355766714,Original Actor,0.0006828572195314382
RA3,selected non-SOZ,-1.5009188291821636,Original Actor,0.0008141841514558299
RA3,selected non-SOZ,-1.488660222787656,Original Actor,0.0009666237237590858
RA3,selected non-SOZ,-1.4764016163931484,Original Actor,0.0011427769905957
RA3,selected non-SOZ,-1.4641430099986408,Original Actor,0.0013454361688864716
RA3,selected non-SOZ,-1.4518844036041332,Original Actor,0.001577581624905456
RA3,selected non-SOZ,-1.4396257972096256,Original Actor,0.0018423770593494703
RA3,selected non-SOZ,-1.427367190815118,Original Actor,0.0021431631132968177
RA3,selected non-SOZ,-1.4151085844206104,Original Actor,0.0024834497151694605
RA3,selected non-SOZ,-1.4028499780261028,Original Actor,0.002866907584124014
RA3,selected non-SOZ,-1.3905913716315952,Original Actor,0.003297359393255151
RA3,selected non-SOZ,-1.3783327652370874,Original Actor,0.003778771171399138
RA3,selected non-SOZ,-1.3660741588425798,Original Actor,0.004315244579978846
RA3,selected non-SOZ,-1.3538155524480722,Original Actor,0.004911010736319963
RA3,selected non-SOZ,-1.3415569460535646,Original Actor,0.005570426262846919
RA3,selected non-SOZ,-1.329298339659057,Original Actor,0.006297972219044771
RA3,selected non-SOZ,-1.3170397332645494,Original Actor,0.0070982565176853
RA3,selected non-SOZ,-1.3047811268700418,Original Actor,0.007976020337546958
RA3,selected non-SOZ,-1.2925225204755342,Original Actor,0.008936148922240143
RA3,selected non-SOZ,-1.2802639140810266,Original Actor,0.009983687000965365
RA3,selected non-SOZ,-1.268005307686519,Original Actor,0.011123858885982872
RA3,selected non-SOZ,-1.2557467012920114,Original Actor,0.012362093098833772
RA3,selected non-SOZ,-1.2434880948975038,Original Actor,0.01370405116007095
RA3,selected non-SOZ,-1.2312294885029962,Original Actor,0.015155659953934534
RA3,selected non-SOZ,-1.2189708821084886,Original Actor,0.016723146859646303
RA3,selected non-SOZ,-1.206712275713981,Original Actor,0.0184130766351082
RA3,selected non-SOZ,-1.1944536693194734,Original Actor,0.020232388857393063
RA3,selected non-SOZ,-1.1821950629249658,Original Actor,0.022188434577923757
RA3,selected non-SOZ,-1.169936456530458,Original Actor,0.024289010748357178
RA3,selected non-SOZ,-1.1576778501359504,Original Actor,0.026542390924329987
RA3,selected non-SOZ,-1.1454192437414428,Original Actor,0.028957350764957222
RA3,selected non-SOZ,-1.1331606373469352,Original Actor,0.03154318692051033
RA3,selected non-SOZ,-1.1209020309524276,Original Actor,0.03430972804035656
RA3,selected non-SOZ,-1.10864342455792,Original Actor,0.03726733683612367
RA3,selected non-SOZ,-1.0963848181634124,Original Actor,0.040426902395686075
RA3,selected non-SOZ,-1.0841262117689046,Original Actor,0.043799822252928305
RA3,selected non-SOZ,-1.071867605374397,Original Actor,0.04739797406365433
RA3,selected non-SOZ,-1.0596089989798894,Original Actor,0.05123367710371646
RA3,selected non-SOZ,-1.0473503925853818,Original Actor,0.05531964417284788
RA3,selected non-SOZ,-1.0350917861908742,Original Actor,0.059668924836468205
RA3,selected non-SOZ,-1.0228331797963666,Original Actor,0.06429484124666215
RA3,selected non-SOZ,-1.010574573401859,Original Actor,0.06921091803171714
RA3,selected non-SOZ,-0.9983159670073514,Original Actor,0.0744308079120039
RA3,selected non-SOZ,-0.9860573606128438,Original Actor,0.07996821477258208
RA3,selected non-SOZ,-0.9737987542183362,Original Actor,0.08583681588828274
RA3,selected non-SOZ,-0.9615401478238286,Original Actor,0.09205018484953931
RA3,selected non-SOZ,-0.949281541429321,Original Actor,0.0986217164779471
RA3,selected non-SOZ,-0.9370229350348134,Original Actor,0.10556455465785056
RA3,selected non-SOZ,-0.9247643286403057,Original Actor,0.11289152356025792
RA3,selected non-SOZ,-0.9125057222457981,Original Actor,0.12061506222118419
RA3,selected non-SOZ,-0.9002471158512905,Original Actor,0.12874716188774624
RA3,selected non-SOZ,-0.8879885094567829,Original Actor,0.13729930499655055
RA3,selected non-SOZ,-0.8757299030622753,Original Actor,0.146282404137748
RA3,selected non-SOZ,-0.8634712966677677,Original Actor,0.1557067389233737
RA3,selected non-SOZ,-0.85121269027326,Original Actor,0.16558188835726143
RA3,selected non-SOZ,-0.8389540838787524,Original Actor,0.17591665612924523
RA3,selected non-SOZ,-0.8266954774842448,Original Actor,0.18671898625517266
RA3,selected non-SOZ,-0.8144368710897372,Original Actor,0.19799586667493171
RA3,selected non-SOZ,-0.8021782646952296,Original Actor,0.20975321881096223
RA3,selected non-SOZ,-0.789919658300722,Original Actor,0.22199577167654402
RA3,selected non-SOZ,-0.7776610519062144,Original Actor,0.23472691989111297
RA3,selected non-SOZ,-0.7654024455117067,Original Actor,0.24794856588201392
RA3,selected non-SOZ,-0.7531438391171992,Original Actor,0.26166094759099806
RA3,selected non-SOZ,-0.7408852327226916,Original Actor,0.27586245411225724
RA3,selected non-SOZ,-0.7286266263281838,Original Actor,0.29054943281303275
RA3,selected non-SOZ,-0.7163680199336762,Original Actor,0.30571599256924836
RA3,selected non-SOZ,-0.7041094135391686,Original Actor,0.32135380872703007
RA3,selected non-SOZ,-0.691850807144661,Original Actor,0.33745193621756847
RA3,selected non-SOZ,-0.6795922007501534,Original Actor,0.35399663785343005
RA3,selected non-SOZ,-0.6673335943556458,Original Actor,0.3709712351718412
RA3,selected non-SOZ,-0.6550749879611382,Original Actor,0.38835598922844167
RA3,selected non-SOZ,-0.6428163815666306,Original Actor,0.406128018458315
RA3,selected non-SOZ,-0.630557775172123,Original Actor,0.4242612601002036
RA3,selected non-SOZ,-0.6182991687776154,Original Actor,0.44272648072937054
RA3,selected non-SOZ,-0.6060405623831078,Original Actor,0.46149134018592164
RA3,selected non-SOZ,-0.5937819559886002,Original Actor,0.4805205116557045
RA3,selected non-SOZ,-0.5815233495940924,Original Actor,0.4997758589120323
RA3,selected non-SOZ,-0.5692647431995848,Original Actor,0.5192166698243198
RA3,selected non-SOZ,-0.5570061368050772,Original Actor,0.5387999432605579
RA3,selected non-SOZ,-0.5447475304105696,Original Actor,0.5584807245390085
RA3,selected non-SOZ,-0.532488924016062,Original Actor,0.5782124827093895
RA3,selected non-SOZ,-0.5202303176215544,Original Actor,0.5979475212536031
RA3,selected non-SOZ,-0.5079717112270468,Original Actor,0.6176374123751563
RA3,selected non-SOZ,-0.49571310483253916,Original Actor,0.6372334439693104
RA3,selected non-SOZ,-0.48345449843803157,Original Actor,0.656687067694406
RA3,selected non-SOZ,-0.47119589204352397,Original Actor,0.6759503363422508
RA3,selected non-SOZ,-0.45893728564901637,Original Actor,0.6949763189544551
RA3,selected non-SOZ,-0.44667867925450877,Original Actor,0.7137194828528989
RA3,selected non-SOZ,-0.43442007286000117,Original Actor,0.7321360329211875
RA3,selected non-SOZ,-0.42216146646549335,Original Actor,0.7501842000433553
RA3,selected non-SOZ,-0.40990286007098575,Original Actor,0.7678244725072695
RA3,selected non-SOZ,-0.39764425367647815,Original Actor,0.7850197663257779
RA3,selected non-SOZ,-0.38538564728197056,Original Actor,0.8017355327188748
RA3,selected non-SOZ,-0.37312704088746296,Original Actor,0.8179398033260205
RA3,selected non-SOZ,-0.36086843449295536,Original Actor,0.8336031759689391
RA3,selected non-SOZ,-0.34860982809844776,Original Actor,0.8486987458562906
RA3,selected non-SOZ,-0.33635122170394016,Original Actor,0.8632019889171526
RA3,selected non-SOZ,-0.32409261530943256,Original Actor,0.877090605391433
RA3,selected non-SOZ,-0.31183400891492496,Original Actor,0.8903443328344096
RA3,selected non-SOZ,-0.29957540252041737,Original Actor,0.9029447382747219
RA3,selected non-SOZ,-0.28731679612590977,Original Actor,0.914874999391872
RA3,selected non-SOZ,-0.27505818973140217,Original Actor,0.9261196842669388
RA3,selected non-SOZ,-0.26279958333689435,Original Actor,0.9366645385486508
RA3,selected non-SOZ,-0.25054097694238675,Original Actor,0.9464962878272132
RA3,selected non-SOZ,-0.23828237054787915,Original Actor,0.955602461695997
RA3,selected non-SOZ,-0.22602376415337155,Original Actor,0.9639712444942924
RA3,selected non-SOZ,-0.21376515775886396,Original Actor,0.971591356154241
RA3,selected non-SOZ,-0.20150655136435636,Original Actor,0.978451965012677
RA3,selected non-SOZ,-0.18924794496984876,Original Actor,0.9845426329777686
RA3,selected non-SOZ,-0.17698933857534116,Original Actor,0.989853292133411
RA3,selected non-SOZ,-0.16473073218083356,Original Actor,0.9943742507774183
RA3,selected non-SOZ,-0.15247212578632596,Original Actor,0.9980962260602546
RA3,selected non-SOZ,-0.14021351939181836,Original Actor,1.00101039983756
RA3,selected non-SOZ,-0.12795491299731077,Original Actor,1.0031084940690533
RA3,selected non-SOZ,-0.11569630660280317,Original Actor,1.0043828620683395
RA3,selected non-SOZ,-0.10343770020829535,Original Actor,1.0048265920946946
RA3,selected non-SOZ,-0.09117909381378775,Original Actor,1.00443362013093
RA3,selected non-SOZ,-0.07892048741928015,Original Actor,1.0031988491520618
RA3,selected non-SOZ,-0.06666188102477255,Original Actor,1.0011182726981005
RA3,selected non-SOZ,-0.05440327463026495,Original Actor,0.9981891010608241
RA3,selected non-SOZ,-0.042144668235757354,Original Actor,0.9944098888266671
RA3,selected non-SOZ,-0.029886061841249756,Original Actor,0.9897806628419183
RA3,selected non-SOZ,-0.017627455446742157,Original Actor,0.9843030498536148
RA3,selected non-SOZ,-0.005368849052234559,Original Actor,0.9779804031140965
RA3,selected non-SOZ,0.00688975734227304,Original Actor,0.9708179271209805
RA3,selected non-SOZ,0.019148363736780638,Original Actor,0.9628227994132253
RA3,selected non-SOZ,0.03140697013128824,Original Actor,0.9540042879875968
RA3,selected non-SOZ,0.043665576525795835,Original Actor,0.9443738624788013
RA3,selected non-SOZ,0.055924182920303656,Original Actor,0.9339452968071538
RA3,selected non-SOZ,0.06818278931481125,Original Actor,0.9227347605901738
RA3,selected non-SOZ,0.08044139570931885,Original Actor,0.9107608962867503
RA3,selected non-SOZ,0.09270000210382645,Original Actor,0.8980448788363087
RA3,selected non-SOZ,0.10495860849833405,Original Actor,0.8846104545046866
RA3,selected non-SOZ,0.11721721489284165,Original Actor,0.8704839557730091
RA3,selected non-SOZ,0.12947582128734925,Original Actor,0.8556942894140377
RA3,selected non-SOZ,0.14173442768185684,Original Actor,0.8402728953852164
RA3,selected non-SOZ,0.15399303407636444,Original Actor,0.8242536748089496
RA3,selected non-SOZ,0.16625164047087204,Original Actor,0.8076728860775939
RA3,selected non-SOZ,0.17851024686537964,Original Actor,0.7905690089720467
RA3,selected non-SOZ,0.19076885325988724,Original Actor,0.77298257757467
RA3,selected non-SOZ,0.20302745965439484,Original Actor,0.7549559836400594
RA3,selected non-SOZ,0.21528606604890266,Original Actor,0.7365332529171952
RA3,selected non-SOZ,0.22754467244341026,Original Actor,0.7177597976516535
RA3,selected non-SOZ,0.23980327883791785,Original Actor,0.6986821491047408
RA3,selected non-SOZ,0.25206188523242523,Original Actor,0.6793476743837749
RA3,selected non-SOZ,0.26432049162693283,Original Actor,0.6598042821717748
RA3,selected non-SOZ,0.27657909802144043,Original Actor,0.6401001220732673
RA3,selected non-SOZ,0.28883770441594847,Original Actor,0.6202832822629826
RA3,selected non-SOZ,0.30109631081045607,Original Actor,0.6004014899526398
RA3,selected non-SOZ,0.31335491720496367,Original Actor,0.5805018188989995
RA3,selected non-SOZ,0.32561352359947127,Original Actor,0.5606304077912876
RA3,selected non-SOZ,0.33787212999397886,Original Actor,0.5408321929045448
RA3,selected non-SOZ,0.35013073638848646,Original Actor,0.5211506579162951
RA3,selected non-SOZ,0.36238934278299406,Original Actor,0.501627603280602
RA3,selected non-SOZ,0.37464794917750166,Original Actor,0.48230293705852234
RA3,selected non-SOZ,0.38690655557200926,Original Actor,0.4632144886326811
RA3,selected non-SOZ,0.39916516196651686,Original Actor,0.4443978462983665
RA3,selected non-SOZ,0.41142376836102446,Original Actor,0.4258862193299055
RA3,selected non-SOZ,0.42368237475553205,Original Actor,0.4077103247723169
RA3,selected non-SOZ,0.43594098115003965,Original Actor,0.389898298901997
RA3,selected non-SOZ,0.44819958754454725,Original Actor,0.37247563303372483
RA3,selected non-SOZ,0.46045819393905485,Original Actor,0.3554651331187233
RA3,selected non-SOZ,0.47271680033356245,Original Actor,0.33888690237480085
RA3,selected non-SOZ,0.48497540672807005,Original Actor,0.3227583460092524
RA3,selected non-SOZ,0.49723401312257764,Original Actor,0.30709419693455714
RA3,selected non-SOZ,0.5094926195170852,Original Actor,0.2919065612327663
RA3,selected non-SOZ,0.5217512259115928,Original Actor,0.2772049819961128
RA3,selected non-SOZ,0.5340098323061004,Original Actor,0.2629965200584084
RA3,selected non-SOZ,0.546268438700608,Original Actor,0.24928585003592954
RA3,selected non-SOZ,0.5585270450951156,Original Actor,0.23607537001897616
RA3,selected non-SOZ,0.5707856514896232,Original Actor,0.22336532319843386
RA3,selected non-SOZ,0.5830442578841308,Original Actor,0.21115392967683985
RA3,selected non-SOZ,0.5953028642786389,Original Actor,0.19943752670158155
RA3,selected non-SOZ,0.6075614706731465,Original Actor,0.18821071556879101
RA3,selected non-SOZ,0.6198200770676541,Original Actor,0.17746651347895614
RA3,selected non-SOZ,0.6320786834621617,Original Actor,0.16719650867694477
RA3,selected non-SOZ,0.6443372898566693,Original Actor,0.1573910172766189
RA3,selected non-SOZ,0.6565958962511769,Original Actor,0.14803924024973333
RA3,selected non-SOZ,0.6688545026456845,Original Actor,0.1391294191460387
RA3,selected non-SOZ,0.6811131090401921,Original Actor,0.13064898920256374
RA3,selected non-SOZ,0.6933717154346997,Original Actor,0.12258472859140393
RA3,selected non-SOZ,0.7056303218292073,Original Actor,0.11492290264458574
RA3,selected non-SOZ,0.7178889282237149,Original Actor,0.10764940198036288
RA3,selected non-SOZ,0.7301475346182225,Original Actor,0.10074987353762085
RA3,selected non-SOZ,0.7424061410127301,Original Actor,0.09420984360527615
RA3,selected non-SOZ,0.7546647474072377,Original Actor,0.08801483201403407
RA3,selected non-SOZ,0.7669233538017453,Original Actor,0.08215045674188784
RA3,selected non-SOZ,0.7791819601962529,Original Actor,0.07660252827601245
RA3,selected non-SOZ,0.7914405665907605,Original Actor,0.07135713317587028
RA3,selected non-SOZ,0.803699172985268,Original Actor,0.06640070639854509
RA3,selected non-SOZ,0.8159577793797756,Original Actor,0.061720092079794474
RA3,selected non-SOZ,0.8282163857742832,Original Actor,0.0573025926138673
RA3,selected non-SOZ,0.8404749921687908,Original Actor,0.053136006041038505
RA3,selected non-SOZ,0.8527335985632984,Original Actor,0.04920865193166785
RA3,selected non-SOZ,0.864992204957806,Original Actor,0.045509386145139885
RA3,selected non-SOZ,0.8772508113523136,Original Actor,0.042027605035753896
RA3,selected non-SOZ,0.8895094177468212,Original Actor,0.03875323986853231
RA3,selected non-SOZ,0.9017680241413288,Original Actor,0.035676742388519075
RA3,selected non-SOZ,0.9140266305358369,Original Actor,0.03278906264948939
RA3,selected non-SOZ,0.9262852369303445,Original Actor,0.03008162034455151
RA3,selected non-SOZ,0.9385438433248521,Original Actor,0.027546270985125496
RA3,selected non-SOZ,0.9508024497193597,Original Actor,0.025175268340711383
RA3,selected non-SOZ,0.9630610561138673,Original Actor,0.02296122457591247
RA3,selected non-SOZ,0.9753196625083749,Original Actor,0.020897069501496342
RA3,selected non-SOZ,0.9875782689028825,Original Actor,0.01897601029304519
RA3,selected non-SOZ,0.9998368752973901,Original Actor,0.01719149292631373
RA3,selected non-SOZ,1.0120954816918977,Original Actor,0.015537166437036747
RA3,selected non-SOZ,1.0243540880864053,Original Actor,0.01400685094060846
RA3,selected non-SOZ,1.0366126944809129,Original Actor,0.01259451015115572
RA3,selected non-SOZ,1.0488713008754205,Original Actor,0.011294228928359507
RA3,selected non-SOZ,1.061129907269928,Original Actor,0.010100196162726805
RA3,selected non-SOZ,1.0733885136644357,Original Actor,0.009006693094700246
RA3,selected non-SOZ,1.0856471200589433,Original Actor,0.008008086958359655
RA3,selected non-SOZ,1.0979057264534509,Original Actor,0.007098829654056501
RA3,selected non-SOZ,1.1101643328479585,Original Actor,0.006273460992436394
RA3,selected non-SOZ,1.122422939242466,Original Actor,0.00552661591984974
RA3,selected non-SOZ,1.1346815456369737,Original Actor,0.004853035035400533
RA3,selected non-SOZ,1.1469401520314813,Original Actor,0.004247577644460153
RA3,selected non-SOZ,1.1591987584259889,Original Actor,0.0037052365623585584
RA3,selected non-SOZ,1.1714573648204964,Original Actor,0.003221153883620495
RA3,selected non-SOZ,1.183715971215004,Original Actor,0.0027906369636730914
RA3,selected non-SOZ,1.1959745776095116,Original Actor,0.002409173917458421
RA3,selected non-SOZ,1.2082331840040192,Original Actor,0.0020724480180851564
RA3,selected non-SOZ,1.2204917903985268,Original Actor,0.0017763504732891022
RA3,selected non-SOZ,1.2327503967930349,Original Actor,0.0015169911625865307
RA3,selected non-SOZ,1.2450090031875425,Original Actor,0.001290707028222207
RA3,selected non-SOZ,1.25726760958205,Original Actor,0.0010940679232979463
RA3,selected non-SOZ,1.2695262159765577,Original Actor,0.0009238798263230211
RA3,selected non-SOZ,1.2817848223710653,Original Actor,0.0007771854290616285
RA3,selected non-SOZ,1.2940434287655729,Original Actor,0.0006512621909790953
RA3,selected non-SOZ,1.3063020351600805,Original Actor,0.0005436180266751015
RA3,selected non-SOZ,1.318560641554588,Original Actor,0.0004519848511602559
RA3,selected non-SOZ,1.3308192479490957,Original Actor,0.00037431025121048133
RA3,selected non-SOZ,1.3430778543436033,Original Actor,0.0003087475795745982
RA3,selected non-SOZ,1.3553364607381109,Original Actor,0.00025364478338014843
RA3,selected non-SOZ,1.3675950671326185,Original Actor,0.00020753228003467006
RA3,selected non-SOZ,1.379853673527126,Original Actor,0.0001691101849594411
RA3,selected non-SOZ,1.3921122799216337,Original Actor,0.00013723517754368013
RA3,selected non-SOZ,1.4043708863161413,Original Actor,0.00011090726678682699
RA3,selected non-SOZ,1.4166294927106489,Original Actor,8.925668820535455e-05
RA3,selected non-SOZ,1.4288880991051565,Original Actor,7.15311306107465e-05
RA3,selected non-SOZ,1.441146705499664,Original Actor,5.708345702963365e-05
RA3,selected non-SOZ,1.4534053118941717,Original Actor,4.53600498190952e-05
RA3,selected non-SOZ,1.4656639182886793,Original Actor,3.5889877155040586e-05
RA3,selected non-SOZ,1.4779225246831869,Original Actor,2.827434749527497e-05
RA3,selected non-SOZ,1.4901811310776945,Original Actor,2.2177991032993806e-05
RA3,selected non-SOZ,1.502439737472202,Original Actor,1.7319983005814336e-05
RA3,selected non-SOZ,1.5146983438667097,Original Actor,1.3466503234478492e-05
RA3,selected non-SOZ,1.5269569502612172,Original Actor,1.0423909470582749e-05
RA3,selected non-SOZ,1.5392155566557253,Original Actor,8.032688918050789e-06
RA3,selected non-SOZ,1.551474163050233,Original Actor,6.162142425564526e-06
RA3,selected non-SOZ,1.5637327694447405,Original Actor,4.705749010937258e-06
RA3,selected non-SOZ,1.575991375839248,Original Actor,3.577154205562806e-06
RA3,selected non-SOZ,1.5882499822337557,Original Actor,2.7067238044718306e-06
RA3,selected non-SOZ,1.6005085886282633,Original Actor,2.0386045789607655e-06
RA3,selected non-SOZ,1.6127671950227709,Original Actor,1.5282349723006406e-06
RA3,selected non-SOZ,1.6250258014172785,Original Actor,1.1402513998696342e-06
RA3,selected non-SOZ,1.637284407811786,Original Actor,8.467391941200041e-07
RA3,selected non-SOZ,1.6495430142062937,Original Actor,6.257811937794996e-07
RA3,selected non-SOZ,1.6618016206008013,Original Actor,4.602612400289083e-07
RA3,selected non-SOZ,1.6740602269953089,Original Actor,3.36884216850303e-07
RA3,selected non-SOZ,1.6863188333898165,Original Actor,2.453786051986754e-07
RA3,selected non-SOZ,1.698577439784324,Original Actor,1.778516947026112e-07
RA3,selected non-SOZ,1.7108360461788317,Original Actor,1.2827152833338288e-07
RA3,selected non-SOZ,1.7230946525733393,Original Actor,9.205328890432464e-08
RA3,selected non-SOZ,1.7353532589678469,Original Actor,6.573113866910274e-08
RA3,selected non-SOZ,1.7476118653623545,Original Actor,4.66994807964301e-08
RA3,selected non-SOZ,1.759870471756862,Original Actor,3.3010224919977606e-08
RA3,selected non-SOZ,1.7721290781513697,Original Actor,2.3214920102087565e-08
RA3,selected non-SOZ,1.7843876845458773,Original Actor,1.624258700716243e-08
RA3,selected non-SOZ,1.7966462909403849,Original Actor,1.130576154690488e-08
RA3,selected non-SOZ,1.8089048973348925,Original Actor,7.828682314010376e-09
RA3,selected non-SOZ,1.8211635037294,Original Actor,5.392742483726062e-09
RA3,selected non-SOZ,1.8334221101239077,Original Actor,3.6953120638027666e-09
RA3,selected non-SOZ,1.8456807165184153,Original Actor,2.518845781735659e-09
RA3,selected non-SOZ,1.8579393229129233,Original Actor,1.7078510575036971e-09
RA3,selected non-SOZ,1.870197929307431,Original Actor,1.1518227259326473e-09
RA3,selected non-SOZ,1.8824565357019385,Original Actor,7.726773009557945e-10
RA3,selected non-SOZ,1.894715142096446,Original Actor,5.155579624820592e-10
RA3,selected non-SOZ,1.9069737484909537,Original Actor,3.4214799236300737e-10
RA3,selected non-SOZ,-1.7583495634668236,Actor + WGAN-GP,6.5527986938911816e-06
RA3,selected non-SOZ,-1.746090957072316,Actor + WGAN-GP,8.628336296057351e-06
RA3,selected non-SOZ,-1.7338323506778084,Actor + WGAN-GP,1.1302968720763693e-05
RA3,selected non-SOZ,-1.7215737442833008,Actor + WGAN-GP,1.473110021619504e-05
RA3,selected non-SOZ,-1.7093151378887932,Actor + WGAN-GP,1.910150052040355e-05
RA3,selected non-SOZ,-1.6970565314942856,Actor + WGAN-GP,2.4643498855972956e-05
RA3,selected non-SOZ,-1.6847979250997778,Actor + WGAN-GP,3.163394046337309e-05
RA3,selected non-SOZ,-1.6725393187052702,Actor + WGAN-GP,4.040492024371657e-05
RA3,selected non-SOZ,-1.6602807123107626,Actor + WGAN-GP,5.135228929177785e-05
RA3,selected non-SOZ,-1.648022105916255,Actor + WGAN-GP,6.494490767386872e-05
RA3,selected non-SOZ,-1.6357634995217474,Actor + WGAN-GP,8.173459099730964e-05
RA3,selected non-SOZ,-1.6235048931272398,Actor + WGAN-GP,0.00010236666961710547
RA3,selected non-SOZ,-1.6112462867327322,Actor + WGAN-GP,0.00012759104847529098
RA3,selected non-SOZ,-1.5989876803382246,Actor + WGAN-GP,0.00015827362357971616
RA3,selected non-SOZ,-1.586729073943717,Actor + WGAN-GP,0.00019540787927447298
RA3,selected non-SOZ,-1.5744704675492094,Actor + WGAN-GP,0.00024012646024669333
RA3,selected non-SOZ,-1.5622118611547018,Actor + WGAN-GP,0.00029371248536636885
RA3,selected non-SOZ,-1.5499532547601942,Actor + WGAN-GP,0.0003576103488173139
RA3,selected non-SOZ,-1.5376946483656866,Actor + WGAN-GP,0.00043343573945576005
RA3,selected non-SOZ,-1.525436041971179,Actor + WGAN-GP,0.0005229846037941229
RA3,selected non-SOZ,-1.5131774355766714,Actor + WGAN-GP,0.0006282407831632803
RA3,selected non-SOZ,-1.5009188291821636,Actor + WGAN-GP,0.0007513820728945653
RA3,selected non-SOZ,-1.488660222787656,Actor + WGAN-GP,0.000894784481822451
RA3,selected non-SOZ,-1.4764016163931484,Actor + WGAN-GP,0.001061024514565861
RA3,selected non-SOZ,-1.4641430099986408,Actor + WGAN-GP,0.0012528793568073392
RA3,selected non-SOZ,-1.4518844036041332,Actor + WGAN-GP,0.0014733249143654746
RA3,selected non-SOZ,-1.4396257972096256,Actor + WGAN-GP,0.001725531738706994
RA3,selected non-SOZ,-1.427367190815118,Actor + WGAN-GP,0.0020128589623706287
RA3,selected non-SOZ,-1.4151085844206104,Actor + WGAN-GP,0.002338846464539212
RA3,selected non-SOZ,-1.4028499780261028,Actor + WGAN-GP,0.002707205585999546
RA3,selected non-SOZ,-1.3905913716315952,Actor + WGAN-GP,0.0031218088097225063
RA3,selected non-SOZ,-1.3783327652370874,Actor + WGAN-GP,0.0035866789136330167
RA3,selected non-SOZ,-1.3660741588425798,Actor + WGAN-GP,0.0041059781809694215
RA3,selected non-SOZ,-1.3538155524480722,Actor + WGAN-GP,0.004683998316108646
RA3,selected non-SOZ,-1.3415569460535646,Actor + WGAN-GP,0.0053251517552533765
RA3,selected non-SOZ,-1.329298339659057,Actor + WGAN-GP,0.006033965077812957
RA3,selected non-SOZ,-1.3170397332645494,Actor + WGAN-GP,0.006815075212242916
RA3,selected non-SOZ,-1.3047811268700418,Actor + WGAN-GP,0.007673229087055329
RA3,selected non-SOZ,-1.2925225204755342,Actor + WGAN-GP,0.008613287302305817
RA3,selected non-SOZ,-1.2802639140810266,Actor + WGAN-GP,0.009640232289028114
RA3,selected non-SOZ,-1.268005307686519,Actor + WGAN-GP,0.010759181285141058
RA3,selected non-SOZ,-1.2557467012920114,Actor + WGAN-GP,0.011975404289101493
RA3,selected non-SOZ,-1.2434880948975038,Actor + WGAN-GP,0.01329434696131946
RA3,selected non-SOZ,-1.2312294885029962,Actor + WGAN-GP,0.014721658233854448
RA3,selected non-SOZ,-1.2189708821084886,Actor + WGAN-GP,0.016263222168316167
RA3,selected non-SOZ,-1.206712275713981,Actor + WGAN-GP,0.01792519337855184
RA3,selected non-SOZ,-1.1944536693194734,Actor + WGAN-GP,0.019714035117946185
RA3,selected non-SOZ,-1.1821950629249658,Actor + WGAN-GP,0.021636558931008184
RA3,selected non-SOZ,-1.169936456530458,Actor + WGAN-GP,0.02369996459566983
RA3,selected non-SOZ,-1.1576778501359504,Actor + WGAN-GP,0.025911878946535478
RA3,selected non-SOZ,-1.1454192437414428,Actor + WGAN-GP,0.028280392079643238
RA3,selected non-SOZ,-1.1331606373469352,Actor + WGAN-GP,0.030814089404336747
RA3,selected non-SOZ,-1.1209020309524276,Actor + WGAN-GP,0.03352207803389722
RA3,selected non-SOZ,-1.10864342455792,Actor + WGAN-GP,0.036414006097452635
RA3,selected non-SOZ,-1.0963848181634124,Actor + WGAN-GP,0.03950007371212596
RA3,selected non-SOZ,-1.0841262117689046,Actor + WGAN-GP,0.04279103457354781
RA3,selected non-SOZ,-1.071867605374397,Actor + WGAN-GP,0.04629818739807884
RA3,selected non-SOZ,-1.0596089989798894,Actor + WGAN-GP,0.05003335677060125
RA3,selected non-SOZ,-1.0473503925853818,Actor + WGAN-GP,0.05400886330297103
RA3,selected non-SOZ,-1.0350917861908742,Actor + WGAN-GP,0.05823748337208412
RA3,selected non-SOZ,-1.0228331797963666,Actor + WGAN-GP,0.06273239906224026
RA3,selected non-SOZ,-1.010574573401859,Actor + WGAN-GP,0.06750713926163392
RA3,selected non-SOZ,-0.9983159670073514,Actor + WGAN-GP,0.07257551313467886
RA3,selected non-SOZ,-0.9860573606128438,Actor + WGAN-GP,0.07795153738895766
RA3,selected non-SOZ,-0.9737987542183362,Actor + WGAN-GP,0.08364935885947175
RA3,selected non-SOZ,-0.9615401478238286,Actor + WGAN-GP,0.08968317392963057
RA3,selected non-SOZ,-0.949281541429321,Actor + WGAN-GP,0.09606714619055749
RA3,selected non-SOZ,-0.9370229350348134,Actor + WGAN-GP,0.10281532350764616
RA3,selected non-SOZ,-0.9247643286403057,Actor + WGAN-GP,0.10994155532427878
RA3,selected non-SOZ,-0.9125057222457981,Actor + WGAN-GP,0.11745941060412976
RA3,selected non-SOZ,-0.9002471158512905,Actor + WGAN-GP,0.12538209632099367
RA3,selected non-SOZ,-0.8879885094567829,Actor + WGAN-GP,0.13372237588137192
RA3,selected non-SOZ,-0.8757299030622753,Actor + WGAN-GP,0.14249248634866107
RA3,selected non-SOZ,-0.8634712966677677,Actor + WGAN-GP,0.15170405287072292
RA3,selected non-SOZ,-0.85121269027326,Actor + WGAN-GP,0.16136799833780063
RA3,selected non-SOZ,-0.8389540838787524,Actor + WGAN-GP,0.17149444605564063
RA3,selected non-SOZ,-0.8266954774842448,Actor + WGAN-GP,0.18209261314473746
RA3,selected non-SOZ,-0.8144368710897372,Actor + WGAN-GP,0.19317069249777374
RA3,selected non-SOZ,-0.8021782646952296,Actor + WGAN-GP,0.2047357214599448
RA3,selected non-SOZ,-0.789919658300722,Actor + WGAN-GP,0.21679343594433775
RA3,selected non-SOZ,-0.7776610519062144,Actor + WGAN-GP,0.22934810944654663
RA3,selected non-SOZ,-0.7654024455117067,Actor + WGAN-GP,0.2424023773543867
RA3,selected non-SOZ,-0.7531438391171992,Actor + WGAN-GP,0.2559570480217382
RA3,selected non-SOZ,-0.7408852327226916,Actor + WGAN-GP,0.2700109032396271
RA3,selected non-SOZ,-0.7286266263281838,Actor + WGAN-GP,0.2845604919326819
RA3,selected non-SOZ,-0.7163680199336762,Actor + WGAN-GP,0.2995999220684503
RA3,selected non-SOZ,-0.7041094135391686,Actor + WGAN-GP,0.3151206568211204
RA3,selected non-SOZ,-0.691850807144661,Actor + WGAN-GP,0.33111132191160414
RA3,selected non-SOZ,-0.6795922007501534,Actor + WGAN-GP,0.3475575316891269
RA3,selected non-SOZ,-0.6673335943556458,Actor + WGAN-GP,0.3644417418705989
RA3,selected non-SOZ,-0.6550749879611382,Actor + WGAN-GP,0.381743136870914
RA3,selected non-SOZ,-0.6428163815666306,Actor + WGAN-GP,0.3994375593119678
RA3,selected non-SOZ,-0.630557775172123,Actor + WGAN-GP,0.4174974885804309
RA3,selected non-SOZ,-0.6182991687776154,Actor + WGAN-GP,0.43589207422159787
RA3,selected non-SOZ,-0.6060405623831078,Actor + WGAN-GP,0.45458722853540523
RA3,selected non-SOZ,-0.5937819559886002,Actor + WGAN-GP,0.47354578102480965
RA3,selected non-SOZ,-0.5815233495940924,Actor + WGAN-GP,0.4927276953968063
RA3,selected non-SOZ,-0.5692647431995848,Actor + WGAN-GP,0.5120903477067801
RA3,selected non-SOZ,-0.5570061368050772,Actor + WGAN-GP,0.5315888620529625
RA3,selected non-SOZ,-0.5447475304105696,Actor + WGAN-GP,0.5511764980620133
RA3,selected non-SOZ,-0.532488924016062,Actor + WGAN-GP,0.5708050823549551
RA3,selected non-SOZ,-0.5202303176215544,Actor + WGAN-GP,0.5904254743388218
RA3,selected non-SOZ,-0.5079717112270468,Actor + WGAN-GP,0.6099880551220029
RA3,selected non-SOZ,-0.49571310483253916,Actor + WGAN-GP,0.6294432271786484
RA3,selected non-SOZ,-0.48345449843803157,Actor + WGAN-GP,0.6487419116529832
RA3,selected non-SOZ,-0.47119589204352397,Actor + WGAN-GP,0.6678360299442296
RA3,selected non-SOZ,-0.45893728564901637,Actor + WGAN-GP,0.6866789564723588
RA3,selected non-SOZ,-0.44667867925450877,Actor + WGAN-GP,0.7052259302962863
RA3,selected non-SOZ,-0.43442007286000117,Actor + WGAN-GP,0.7234344145190722
RA3,selected non-SOZ,-0.42216146646549335,Actor + WGAN-GP,0.7412643941249484
RA3,selected non-SOZ,-0.40990286007098575,Actor + WGAN-GP,0.7586786049853478
RA3,selected non-SOZ,-0.39764425367647815,Actor + WGAN-GP,0.7756426891607006
RA3,selected non-SOZ,-0.38538564728197056,Actor + WGAN-GP,0.7921252742122781
RA3,selected non-SOZ,-0.37312704088746296,Actor + WGAN-GP,0.8080979769134095
RA3,selected non-SOZ,-0.36086843449295536,Actor + WGAN-GP,0.8235353343966832
RA3,selected non-SOZ,-0.34860982809844776,Actor + WGAN-GP,0.8384146682784345
RA3,selected non-SOZ,-0.33635122170394016,Actor + WGAN-GP,0.8527158895558983
RA3,selected non-SOZ,-0.32409261530943256,Actor + WGAN-GP,0.8664212539790631
RA3,selected non-SOZ,-0.31183400891492496,Actor + WGAN-GP,0.8795150790801732
RA3,selected non-SOZ,-0.29957540252041737,Actor + WGAN-GP,0.8919834350405803
RA3,selected non-SOZ,-0.28731679612590977,Actor + WGAN-GP,0.903813822053405
RA3,selected non-SOZ,-0.27505818973140217,Actor + WGAN-GP,0.9149948467943232
RA3,selected non-SOZ,-0.26279958333689435,Actor + WGAN-GP,0.9255159100590166
RA3,selected non-SOZ,-0.25054097694238675,Actor + WGAN-GP,0.9353669166081762
RA3,selected non-SOZ,-0.23828237054787915,Actor + WGAN-GP,0.9445380168439297
RA3,selected non-SOZ,-0.22602376415337155,Actor + WGAN-GP,0.9530193882088119
RA3,selected non-SOZ,-0.21376515775886396,Actor + WGAN-GP,0.9608010622456205
RA3,selected non-SOZ,-0.20150655136435636,Actor + WGAN-GP,0.9678728011872141
RA3,selected non-SOZ,-0.18924794496984876,Actor + WGAN-GP,0.9742240258644249
RA3,selected non-SOZ,-0.17698933857534116,Actor + WGAN-GP,0.9798437947273124
RA3,selected non-SOZ,-0.16473073218083356,Actor + WGAN-GP,0.9847208319597811
RA3,selected non-SOZ,-0.15247212578632596,Actor + WGAN-GP,0.9888436011034689
RA3,selected non-SOZ,-0.14021351939181836,Actor + WGAN-GP,0.9922004193492696
RA3,selected non-SOZ,-0.12795491299731077,Actor + WGAN-GP,0.9947796067368941
RA3,selected non-SOZ,-0.11569630660280317,Actor + WGAN-GP,0.9965696639342233
RA3,selected non-SOZ,-0.10343770020829535,Actor + WGAN-GP,0.9975594720385846
RA3,selected non-SOZ,-0.09117909381378775,Actor + WGAN-GP,0.9977385079184289
RA3,selected non-SOZ,-0.07892048741928015,Actor + WGAN-GP,0.9970970689486829
RA3,selected non-SOZ,-0.06666188102477255,Actor + WGAN-GP,0.9956265015250634
RA3,selected non-SOZ,-0.05440327463026495,Actor + WGAN-GP,0.9933194284048454
RA3,selected non-SOZ,-0.042144668235757354,Actor + WGAN-GP,0.9901699706439177
RA3,selected non-SOZ,-0.029886061841249756,Actor + WGAN-GP,0.9861739606183964
RA3,selected non-SOZ,-0.017627455446742157,Actor + WGAN-GP,0.9813291432761627
RA3,selected non-SOZ,-0.005368849052234559,Actor + WGAN-GP,0.9756353633175271
RA3,selected non-SOZ,0.00688975734227304,Actor + WGAN-GP,0.9690947364257181
RA3,selected non-SOZ,0.019148363736780638,Actor + WGAN-GP,0.9617118029483595
RA3,selected non-SOZ,0.03140697013128824,Actor + WGAN-GP,0.9534936625759105
RA3,selected non-SOZ,0.043665576525795835,Actor + WGAN-GP,0.9444500885945071
RA3,selected non-SOZ,0.055924182920303656,Actor + WGAN-GP,0.9345936202434021
RA3,selected non-SOZ,0.06818278931481125,Actor + WGAN-GP,0.9239396316230281
RA3,selected non-SOZ,0.08044139570931885,Actor + WGAN-GP,0.9125063755254998
RA3,selected non-SOZ,0.09270000210382645,Actor + WGAN-GP,0.9003150005393125
RA3,selected non-SOZ,0.10495860849833405,Actor + WGAN-GP,0.8873895398536549
RA3,selected non-SOZ,0.11721721489284165,Actor + WGAN-GP,0.8737568703833786
RA3,selected non-SOZ,0.12947582128734925,Actor + WGAN-GP,0.8594466411703017
RA3,selected non-SOZ,0.14173442768185684,Actor + WGAN-GP,0.84449117049067
RA3,selected non-SOZ,0.15399303407636444,Actor + WGAN-GP,0.8289253117003103
RA3,selected non-SOZ,0.16625164047087204,Actor + WGAN-GP,0.8127862885503759
RA3,selected non-SOZ,0.17851024686537964,Actor + WGAN-GP,0.7961135014708606
RA3,selected non-SOZ,0.19076885325988724,Actor + WGAN-GP,0.7789483070999805
RA3,selected non-SOZ,0.20302745965439484,Actor + WGAN-GP,0.7613337740865641
RA3,selected non-SOZ,0.21528606604890266,Actor + WGAN-GP,0.7433144188618807
RA3,selected non-SOZ,0.22754467244341026,Actor + WGAN-GP,0.7249359256232903
RA3,selected non-SOZ,0.23980327883791785,Actor + WGAN-GP,0.7062448551611658
RA3,selected non-SOZ,0.25206188523242523,Actor + WGAN-GP,0.6872883473697662
RA3,selected non-SOZ,0.26432049162693283,Actor + WGAN-GP,0.6681138223022542
RA3,selected non-SOZ,0.27657909802144043,Actor + WGAN-GP,0.6487686844643438
RA3,selected non-SOZ,0.28883770441594847,Actor + WGAN-GP,0.6293000347063146
RA3,selected non-SOZ,0.30109631081045607,Actor + WGAN-GP,0.6097543935972781
RA3,selected non-SOZ,0.31335491720496367,Actor + WGAN-GP,0.5901774395841684
RA3,selected non-SOZ,0.32561352359947127,Actor + WGAN-GP,0.5706137645913887
RA3,selected non-SOZ,0.33787212999397886,Actor + WGAN-GP,0.5511066490476925
RA3,selected non-SOZ,0.35013073638848646,Actor + WGAN-GP,0.5316978576739853
RA3,selected non-SOZ,0.36238934278299406,Actor + WGAN-GP,0.5124274567643246
RA3,selected non-SOZ,0.37464794917750166,Actor + WGAN-GP,0.4933336531697966
RA3,selected non-SOZ,0.38690655557200926,Actor + WGAN-GP,0.4744526547694214
RA3,selected non-SOZ,0.39916516196651686,Actor + WGAN-GP,0.4558185518924321
RA3,selected non-SOZ,0.41142376836102446,Actor + WGAN-GP,0.43746321894222745
RA3,selected non-SOZ,0.42368237475553205,Actor + WGAN-GP,0.4194162353546436
RA3,selected non-SOZ,0.43594098115003965,Actor + WGAN-GP,0.4017048249872127
RA3,selected non-SOZ,0.44819958754454725,Actor + WGAN-GP,0.38435381306180827
RA3,selected non-SOZ,0.46045819393905485,Actor + WGAN-GP,0.3673855998487165
RA3,selected non-SOZ,0.47271680033356245,Actor + WGAN-GP,0.3508201503640008
RA3,selected non-SOZ,0.48497540672807005,Actor + WGAN-GP,0.33467499943410084
RA3,selected non-SOZ,0.49723401312257764,Actor + WGAN-GP,0.3189652715460067
RA3,selected non-SOZ,0.5094926195170852,Actor + WGAN-GP,0.3037037149364452
RA3,selected non-SOZ,0.5217512259115928,Actor + WGAN-GP,0.2889007493729335
RA3,selected non-SOZ,0.5340098323061004,Actor + WGAN-GP,0.27456452704218487
RA3,selected non-SOZ,0.546268438700608,Actor + WGAN-GP,0.26070100589021955
RA3,selected non-SOZ,0.5585270450951156,Actor + WGAN-GP,0.2473140346605218
RA3,selected non-SOZ,0.5707856514896232,Actor + WGAN-GP,0.23440544876094982
RA3,selected non-SOZ,0.5830442578841308,Actor + WGAN-GP,0.22197517596706487
RA3,selected non-SOZ,0.5953028642786389,Actor + WGAN-GP,0.21002135084940773
RA3,selected non-SOZ,0.6075614706731465,Actor + WGAN-GP,0.1985404367041859
RA3,selected non-SOZ,0.6198200770676541,Actor + WGAN-GP,0.1875273536778793
RA3,selected non-SOZ,0.6320786834621617,Actor + WGAN-GP,0.17697561171157972
RA3,selected non-SOZ,0.6443372898566693,Actor + WGAN-GP,0.16687744689241943
RA3,selected non-SOZ,0.6565958962511769,Actor + WGAN-GP,0.15722395978754464
RA3,selected non-SOZ,0.6688545026456845,Actor + WGAN-GP,0.14800525434872772
RA3,selected non-SOZ,0.6811131090401921,Actor + WGAN-GP,0.13921057600969194
RA3,selected non-SOZ,0.6933717154346997,Actor + WGAN-GP,0.13082844764976456
RA3,selected non-SOZ,0.7056303218292073,Actor + WGAN-GP,0.12284680216278604
RA3,selected non-SOZ,0.7178889282237149,Actor + WGAN-GP,0.1152531104459398
RA3,selected non-SOZ,0.7301475346182225,Actor + WGAN-GP,0.10803450370719393
RA3,selected non-SOZ,0.7424061410127301,Actor + WGAN-GP,0.10117788908105933
RA3,selected non-SOZ,0.7546647474072377,Actor + WGAN-GP,0.0946700576405149
RA3,selected non-SOZ,0.7669233538017453,Actor + WGAN-GP,0.08849778399893005
RA3,selected non-SOZ,0.7791819601962529,Actor + WGAN-GP,0.08264791681125033
RA3,selected non-SOZ,0.7914405665907605,Actor + WGAN-GP,0.07710745960989943
RA3,selected non-SOZ,0.803699172985268,Actor + WGAN-GP,0.07186364154907218
RA3,selected non-SOZ,0.8159577793797756,Actor + WGAN-GP,0.06690397778148346
RA3,selected non-SOZ,0.8282163857742832,Actor + WGAN-GP,0.06221631935331394
RA3,selected non-SOZ,0.8404749921687908,Actor + WGAN-GP,0.05778889267379781
RA3,selected non-SOZ,0.8527335985632984,Actor + WGAN-GP,0.0536103287918728
RA3,selected non-SOZ,0.864992204957806,Actor + WGAN-GP,0.04966968288872434
RA3,selected non-SOZ,0.8772508113523136,Actor + WGAN-GP,0.04595644456597138
RA3,selected non-SOZ,0.8895094177468212,Actor + WGAN-GP,0.0424605396683625
RA3,selected non-SOZ,0.9017680241413288,Actor + WGAN-GP,0.03917232452074158
RA3,selected non-SOZ,0.9140266305358369,Actor + WGAN-GP,0.03608257357587076
RA3,selected non-SOZ,0.9262852369303445,Actor + WGAN-GP,0.033182461557495886
RA3,selected non-SOZ,0.9385438433248521,Actor + WGAN-GP,0.030463541238241014
RA3,selected non-SOZ,0.9508024497193597,Actor + WGAN-GP,0.027917718012589625
RA3,selected non-SOZ,0.9630610561138673,Actor + WGAN-GP,0.025537222411067557
RA3,selected non-SOZ,0.9753196625083749,Actor + WGAN-GP,0.02331458165435217
RA3,selected non-SOZ,0.9875782689028825,Actor + WGAN-GP,0.0212425912683832
RA3,selected non-SOZ,0.9998368752973901,Actor + WGAN-GP,0.01931428767808423
RA3,selected non-SOZ,1.0120954816918977,Actor + WGAN-GP,0.017522922573284624
RA3,selected non-SOZ,1.0243540880864053,Actor + WGAN-GP,0.015861939701826536
RA3,selected non-SOZ,1.0366126944809129,Actor + WGAN-GP,0.014324954597733806
RA3,selected non-SOZ,1.0488713008754205,Actor + WGAN-GP,0.012905737602662688
RA3,selected non-SOZ,1.061129907269928,Actor + WGAN-GP,0.011598200392147975
RA3,selected non-SOZ,1.0733885136644357,Actor + WGAN-GP,0.010396386079166839
RA3,selected non-SOZ,1.0856471200589433,Actor + WGAN-GP,0.009294462840234583
RA3,selected non-SOZ,1.0979057264534509,Actor + WGAN-GP,0.008286720896612693
RA3,selected non-SOZ,1.1101643328479585,Actor + WGAN-GP,0.007367572587368568
RA3,selected non-SOZ,1.122422939242466,Actor + WGAN-GP,0.006531555193180891
RA3,selected non-SOZ,1.1346815456369737,Actor + WGAN-GP,0.005773336110392718
RA3,selected non-SOZ,1.1469401520314813,Actor + WGAN-GP,0.005087719933655671
RA3,selected non-SOZ,1.1591987584259889,Actor + WGAN-GP,0.00446965698183105
RA3,selected non-SOZ,1.1714573648204964,Actor + WGAN-GP,0.003914252794458837
RA3,selected non-SOZ,1.183715971215004,Actor + WGAN-GP,0.0034167781335939715
RA3,selected non-SOZ,1.1959745776095116,Actor + WGAN-GP,0.0029726790464565237
RA3,selected non-SOZ,1.2082331840040192,Actor + WGAN-GP,0.002577586576312206
RA3,selected non-SOZ,1.2204917903985268,Actor + WGAN-GP,0.0022273257503656213
RA3,selected non-SOZ,1.2327503967930349,Actor + WGAN-GP,0.0019179235222358205
RA3,selected non-SOZ,1.2450090031875425,Actor + WGAN-GP,0.0016456154008074263
RA3,selected non-SOZ,1.25726760958205,Actor + WGAN-GP,0.0014068505549372045
RA3,selected non-SOZ,1.2695262159765577,Actor + WGAN-GP,0.0011982952427293284
RA3,selected non-SOZ,1.2817848223710653,Actor + WGAN-GP,0.0010168344730369704
RA3,selected non-SOZ,1.2940434287655729,Actor + WGAN-GP,0.0008595718637917391
RA3,selected non-SOZ,1.3063020351600805,Actor + WGAN-GP,0.0007238277151559741
RA3,selected non-SOZ,1.318560641554588,Actor + WGAN-GP,0.0006071353639878952
RA3,selected non-SOZ,1.3308192479490957,Actor + WGAN-GP,0.0005072359285949922
RA3,selected non-SOZ,1.3430778543436033,Actor + WGAN-GP,0.0004220715883826682
RA3,selected non-SOZ,1.3553364607381109,Actor + WGAN-GP,0.00034977757122486885
RA3,selected non-SOZ,1.3675950671326185,Actor + WGAN-GP,0.0002886730419282107
RA3,selected non-SOZ,1.379853673527126,Actor + WGAN-GP,0.00023725109805670873
RA3,selected non-SOZ,1.3921122799216337,Actor + WGAN-GP,0.00019416808492807872
RA3,selected non-SOZ,1.4043708863161413,Actor + WGAN-GP,0.00015823244032328381
RA3,selected non-SOZ,1.4166294927106489,Actor + WGAN-GP,0.00012839327210791642
RA3,selected non-SOZ,1.4288880991051565,Actor + WGAN-GP,0.00010372885944015834
RA3,selected non-SOZ,1.441146705499664,Actor + WGAN-GP,8.343525153018056e-05
RA3,selected non-SOZ,1.4534053118941717,Actor + WGAN-GP,6.681511806413552e-05
RA3,selected non-SOZ,1.4656639182886793,Actor + WGAN-GP,5.326698345595909e-05
RA3,selected non-SOZ,1.4779225246831869,Actor + WGAN-GP,4.227495403996894e-05
RA3,selected non-SOZ,1.4901811310776945,Actor + WGAN-GP,3.3399024081084e-05
RA3,selected non-SOZ,1.502439737472202,Actor + WGAN-GP,2.6266023858960708e-05
RA3,selected non-SOZ,1.5146983438667097,Actor + WGAN-GP,2.0561251745969487e-05
RA3,selected non-SOZ,1.5269569502612172,Actor + WGAN-GP,1.6020812671471986e-05
RA3,selected non-SOZ,1.5392155566557253,Actor + WGAN-GP,1.2424668024894499e-05
RA3,selected non-SOZ,1.551474163050233,Actor + WGAN-GP,9.590387135376863e-06
RA3,selected non-SOZ,1.5637327694447405,Actor + WGAN-GP,7.3675780845806336e-06
RA3,selected non-SOZ,1.575991375839248,Actor + WGAN-GP,5.632965756331098e-06
RA3,selected non-SOZ,1.5882499822337557,Actor + WGAN-GP,4.286077602280262e-06
RA3,selected non-SOZ,1.6005085886282633,Actor + WGAN-GP,3.2454924326018976e-06
RA3,selected non-SOZ,1.6127671950227709,Actor + WGAN-GP,2.445604396890564e-06
RA3,selected non-SOZ,1.6250258014172785,Actor + WGAN-GP,1.8338529405039811e-06
RA3,selected non-SOZ,1.637284407811786,Actor + WGAN-GP,1.3683696261595342e-06
RA3,selected non-SOZ,1.6495430142062937,Actor + WGAN-GP,1.015994018318675e-06
RA3,selected non-SOZ,1.6618016206008013,Actor + WGAN-GP,7.506130676819797e-07
RA3,selected non-SOZ,1.6740602269953089,Actor + WGAN-GP,5.517813534845384e-07
RA3,selected non-SOZ,1.6863188333898165,Actor + WGAN-GP,4.0358291685638086e-07
RA3,selected non-SOZ,1.698577439784324,Actor + WGAN-GP,2.936990540013515e-07
RA3,selected non-SOZ,1.7108360461788317,Actor + WGAN-GP,2.1265016985073728e-07
RA3,selected non-SOZ,1.7230946525733393,Actor + WGAN-GP,1.531834893388006e-07
RA3,selected non-SOZ,1.7353532589678469,Actor + WGAN-GP,1.097819828130957e-07
RA3,selected non-SOZ,1.7476118653623545,Actor + WGAN-GP,7.827321014000703e-08
RA3,selected non-SOZ,1.759870471756862,Actor + WGAN-GP,5.5519874858671e-08
RA3,selected non-SOZ,1.7721290781513697,Actor + WGAN-GP,3.917667598305429e-08
RA3,selected non-SOZ,1.7843876845458773,Actor + WGAN-GP,2.750053841023773e-08
RA3,selected non-SOZ,1.7966462909403849,Actor + WGAN-GP,1.9203494394900887e-08
RA3,selected non-SOZ,1.8089048973348925,Actor + WGAN-GP,1.3339389297642354e-08
RA3,selected non-SOZ,1.8211635037294,Actor + WGAN-GP,9.217213044121075e-09
RA3,selected non-SOZ,1.8334221101239077,Actor + WGAN-GP,6.335237298297355e-09
RA3,selected non-SOZ,1.8456807165184153,Actor + WGAN-GP,4.331292654327537e-09
RA3,selected non-SOZ,1.8579393229129233,Actor + WGAN-GP,2.945476478998127e-09
RA3,selected non-SOZ,1.870197929307431,Actor + WGAN-GP,1.9923663200030965e-09
RA3,selected non-SOZ,1.8824565357019385,Actor + WGAN-GP,1.3404507010109591e-09
RA3,selected non-SOZ,1.894715142096446,Actor + WGAN-GP,8.970014519072492e-10
RA3,selected non-SOZ,1.9069737484909537,Actor + WGAN-GP,5.970200491886867e-10
RAFa4,unselected,-1.678086996742837,Observed ictal,0.0140643525927454
RAFa4,unselected,-1.666881605074429,Observed ictal,0.01555604250790571
RAFa4,unselected,-1.6556762134060212,Observed ictal,0.017135689735970922
RAFa4,unselected,-1.6444708217376134,Observed ictal,0.018799023806426104
RAFa4,unselected,-1.6332654300692055,Observed ictal,0.020540398747814798
RAFa4,unselected,-1.6220600384007977,Observed ictal,0.022352777638151085
RAFa4,unselected,-1.6108546467323899,Observed ictal,0.02422774727297321
RAFa4,unselected,-1.599649255063982,Observed ictal,0.02615556543555845
RAFa4,unselected,-1.5884438633955742,Observed ictal,0.028125242531674158
RAFa4,unselected,-1.5772384717271664,Observed ictal,0.030124658513077173
RAFa4,unselected,-1.5660330800587587,Observed ictal,0.032140715081616235
RAFa4,unselected,-1.554827688390351,Observed ictal,0.034159522166503344
RAFa4,unselected,-1.543622296721943,Observed ictal,0.036166616632947304
RAFa4,unselected,-1.5324169050535352,Observed ictal,0.038147210146198374
RAFa4,unselected,-1.5212115133851274,Observed ictal,0.04008646211850765
RAFa4,unselected,-1.5100061217167196,Observed ictal,0.041969772745448296
RAFa4,unselected,-1.4988007300483117,Observed ictal,0.043783090329161146
RAFa4,unselected,-1.4875953383799039,Observed ictal,0.04551322642315055
RAFa4,unselected,-1.476389946711496,Observed ictal,0.04714817184545345
RAFa4,unselected,-1.4651845550430882,Observed ictal,0.04867740631741438
RAFa4,unselected,-1.4539791633746804,Observed ictal,0.05009219440961706
RAFa4,unselected,-1.4427737717062725,Observed ictal,0.051385860622096435
RAFa4,unselected,-1.4315683800378647,Observed ictal,0.052554036791222974
RAFa4,unselected,-1.4203629883694568,Observed ictal,0.053594875589997475
RAFa4,unselected,-1.409157596701049,Observed ictal,0.054509224652591205
RAFa4,unselected,-1.3979522050326412,Observed ictal,0.055300756780541735
RAFa4,unselected,-1.3867468133642333,Observed ictal,0.05597605274308736
RAFa4,unselected,-1.3755414216958255,Observed ictal,0.05654463432858245
RAFa4,unselected,-1.3643360300274177,Observed ictal,0.05701894649544526
RAFa4,unselected,-1.3531306383590098,Observed ictal,0.0574142886661746
RAFa4,unselected,-1.341925246690602,Observed ictal,0.0577486963641977
RAFa4,unselected,-1.3307198550221941,Observed ictal,0.05804277547143055
RAFa4,unselected,-1.3195144633537863,Observed ictal,0.05831949235035791
RAFa4,unselected,-1.3083090716853785,Observed ictal,0.05860392390094682
RAFa4,unselected,-1.2971036800169706,Observed ictal,0.05892297229074115
RAFa4,unselected,-1.285898288348563,Observed ictal,0.05930504959599259
RAFa4,unselected,-1.2746928966801552,Observed ictal,0.05977973792191091
RAFa4,unselected,-1.2634875050117473,Observed ictal,0.06037743073933262
RAFa4,unselected,-1.2522821133433395,Observed ictal,0.06112896119976298
RAFa4,unselected,-1.2410767216749317,Observed ictal,0.062065223094100515
RAFa4,unselected,-1.2298713300065238,Observed ictal,0.06321678993064807
RAFa4,unselected,-1.218665938338116,Observed ictal,0.06461353735628078
RAFa4,unselected,-1.2074605466697081,Observed ictal,0.0662842738623
RAFa4,unselected,-1.1962551550013003,Observed ictal,0.06825638443287137
RAFa4,unselected,-1.1850497633328925,Observed ictal,0.07055549153385825
RAFa4,unselected,-1.1738443716644846,Observed ictal,0.07320513762152858
RAFa4,unselected,-1.1626389799960768,Observed ictal,0.07622649318391184
RAFa4,unselected,-1.151433588327669,Observed ictal,0.07963809421290094
RAFa4,unselected,-1.1402281966592611,Observed ictal,0.0834556129329591
RAFa4,unselected,-1.1290228049908535,Observed ictal,0.08769166556322695
RAFa4,unselected,-1.1178174133224457,Observed ictal,0.09235566083600519
RAFa4,unselected,-1.1066120216540378,Observed ictal,0.09745369290124
RAFa4,unselected,-1.09540662998563,Observed ictal,0.10298848207461768
RAFa4,unselected,-1.0842012383172221,Observed ictal,0.10895936659569143
RAFa4,unselected,-1.0729958466488143,Observed ictal,0.1153623481137069
RAFa4,unselected,-1.0617904549804065,Observed ictal,0.12219019297966054
RAFa4,unselected,-1.0505850633119986,Observed ictal,0.12943259056993275
RAFa4,unselected,-1.0393796716435908,Observed ictal,0.13707636878813947
RAFa4,unselected,-1.028174279975183,Observed ictal,0.1451057655909812
RAFa4,unselected,-1.0169688883067751,Observed ictal,0.15350275388072748
RAFa4,unselected,-1.0057634966383673,Observed ictal,0.1622474154386895
RAFa4,unselected,-0.9945581049699594,Observed ictal,0.17131835779464527
RAFa4,unselected,-0.9833527133015516,Observed ictal,0.1806931661060231
RAFa4,unselected,-0.9721473216331438,Observed ictal,0.19034888033963934
RAFa4,unselected,-0.9609419299647359,Observed ictal,0.20026248639862657
RAFa4,unselected,-0.9497365382963281,Observed ictal,0.21041140841269976
RAFa4,unselected,-0.9385311466279203,Observed ictal,0.22077398830468672
RAFa4,unselected,-0.9273257549595124,Observed ictal,0.23132993804716706
RAFa4,unselected,-0.9161203632911046,Observed ictal,0.24206074980449124
RAFa4,unselected,-0.9049149716226967,Observed ictal,0.2529500494742526
RAFa4,unselected,-0.893709579954289,Observed ictal,0.2639838800332103
RAFa4,unselected,-0.8825041882858812,Observed ictal,0.27515090256495417
RAFa4,unselected,-0.8712987966174733,Observed ictal,0.2864425048819388
RAFa4,unselected,-0.8600934049490655,Observed ictal,0.29785281020626975
RAFa4,unselected,-0.8488880132806577,Observed ictal,0.30937858136785984
RAFa4,unselected,-0.8376826216122498,Observed ictal,0.3210190193164949
RAFa4,unselected,-0.826477229943842,Observed ictal,0.33277545830622673
RAFa4,unselected,-0.8152718382754341,Observed ictal,0.34465096376083937
RAFa4,unselected,-0.8040664466070263,Observed ictal,0.35664984242275394
RAFa4,unselected,-0.7928610549386185,Observed ictal,0.3687770777765907
RAFa4,unselected,-0.7816556632702107,Observed ictal,0.38103770677872206
RAFa4,unselected,-0.7704502716018029,Observed ictal,0.39343615648247876
RAFa4,unselected,-0.7592448799333951,Observed ictal,0.4059755611095149
RAFa4,unselected,-0.7480394882649872,Observed ictal,0.4186570813882646
RAFa4,unselected,-0.7368340965965794,Observed ictal,0.43147924849482827
RAFa4,unselected,-0.7256287049281716,Observed ictal,0.4444373546546573
RAFa4,unselected,-0.7144233132597637,Observed ictal,0.45752291139194573
RAFa4,unselected,-0.7032179215913559,Observed ictal,0.4707231945766238
RAFa4,unselected,-0.692012529922948,Observed ictal,0.48402089287662015
RAFa4,unselected,-0.6808071382545402,Observed ictal,0.49739387306423893
RAFa4,unselected,-0.6696017465861324,Observed ictal,0.5108150719638922
RAFa4,unselected,-0.6583963549177245,Observed ictal,0.5242525207980042
RAFa4,unselected,-0.6471909632493167,Observed ictal,0.5376695034376434
RAFa4,unselected,-0.6359855715809088,Observed ictal,0.5510248457522705
RAFa4,unselected,-0.624780179912501,Observed ictal,0.5642733290400382
RAFa4,unselected,-0.6135747882440932,Observed ictal,0.5773662165637705
RAFa4,unselected,-0.6023693965756853,Observed ictal,0.590251878666579
RAFa4,unselected,-0.5911640049072777,Observed ictal,0.6028764989281055
RAFa4,unselected,-0.5799586132388699,Observed ictal,0.6151848414604688
RAFa4,unselected,-0.568753221570462,Observed ictal,0.6271210578199995
RAFa4,unselected,-0.5575478299020542,Observed ictal,0.6386295111858998
RAFa4,unselected,-0.5463424382336464,Observed ictal,0.6496555954575068
RAFa4,unselected,-0.5351370465652385,Observed ictal,0.6601465277421626
RAFa4,unselected,-0.5239316548968307,Observed ictal,0.6700520943060537
RAFa4,unselected,-0.5127262632284229,Observed ictal,0.6793253323680964
RAFa4,unselected,-0.501520871560015,Observed ictal,0.6879231330286033
RAFa4,unselected,-0.4903154798916072,Observed ictal,0.6958067540092542
RAFa4,unselected,-0.47911008822319934,Observed ictal,0.7029422345863783
RAFa4,unselected,-0.4679046965547915,Observed ictal,0.7093007089571637
RAFa4,unselected,-0.45669930488638366,Observed ictal,0.7148586181118387
RAFa4,unselected,-0.4454939132179758,Observed ictal,0.7195978239177716
RAFa4,unselected,-0.434288521549568,Observed ictal,0.7235056323864694
RAFa4,unselected,-0.42308312988116015,Observed ictal,0.7265747358422409
RAFa4,unselected,-0.4118777382127523,Observed ictal,0.7288030858183231
RAFa4,unselected,-0.40067234654434447,Observed ictal,0.7301937098826898
RAFa4,unselected,-0.38946695487593663,Observed ictal,0.7307544861907795
RAFa4,unselected,-0.3782615632075288,Observed ictal,0.7304978893681917
RAFa4,unselected,-0.36705617153912096,Observed ictal,0.7294407203796885
RAFa4,unselected,-0.35585077987071334,Observed ictal,0.7276038314213633
RAFa4,unselected,-0.3446453882023055,Observed ictal,0.725011854699853
RAFa4,unselected,-0.33343999653389766,Observed ictal,0.7216929413881589
RAFa4,unselected,-0.3222346048654898,Observed ictal,0.7176785142483035
RAFa4,unselected,-0.311029213197082,Observed ictal,0.7130030345768924
RAFa4,unselected,-0.29982382152867415,Observed ictal,0.7077037814528112
RAFa4,unselected,-0.2886184298602663,Observed ictal,0.7018206389286908
RAFa4,unselected,-0.2774130381918585,Observed ictal,0.6953958849696036
RAFa4,unselected,-0.26620764652345064,Observed ictal,0.6884739747310058
RAFa4,unselected,-0.2550022548550428,Observed ictal,0.681101310269401
RAFa4,unselected,-0.24379686318663496,Observed ictal,0.673325989032101
RAFa4,unselected,-0.23259147151822712,Observed ictal,0.6651975244645955
RAFa4,unselected,-0.22138607984981928,Observed ictal,0.6567665337429005
RAFa4,unselected,-0.21018068818141145,Observed ictal,0.6480843898741636
RAFa4,unselected,-0.1989752965130036,Observed ictal,0.6392028380620149
RAFa4,unselected,-0.18776990484459577,Observed ictal,0.6301735791232359
RAFa4,unselected,-0.17656451317618793,Observed ictal,0.6210478256696753
RAFa4,unselected,-0.1653591215077801,Observed ictal,0.6118758395286407
RAFa4,unselected,-0.15415372983937226,Observed ictal,0.6027064612682256
RAFa4,unselected,-0.14294833817096442,Observed ictal,0.5935866445442445
RAFa4,unselected,-0.13174294650255658,Observed ictal,0.5845610091480912
RAFa4,unselected,-0.12053755483414896,Observed ictal,0.5756714270079706
RAFa4,unselected,-0.10933216316574113,Observed ictal,0.5669566549271776
RAFa4,unselected,-0.09812677149733329,Observed ictal,0.5584520265330837
RAFa4,unselected,-0.08692137982892545,Observed ictal,0.55018921381413
RAFa4,unselected,-0.07571598816051761,Observed ictal,0.5421960658444648
RAFa4,unselected,-0.06451059649210977,Observed ictal,0.5344965289867276
RAFa4,unselected,-0.053305204823701935,Observed ictal,0.5271106492076282
RAFa4,unselected,-0.0420998131552941,Observed ictal,0.5200546533472385
RAFa4,unselected,-0.03089442148688626,Observed ictal,0.5133411024711128
RAFa4,unselected,-0.01968902981847842,Observed ictal,0.5069791070220591
RAFa4,unselected,-0.008483638150070583,Observed ictal,0.5009745905777093
RAFa4,unselected,0.0027217535183372554,Observed ictal,0.4953305867853975
RAFa4,unselected,0.013927145186745093,Observed ictal,0.4900475526238429
RAFa4,unselected,0.02513253685515293,Observed ictal,0.4851236806224211
RAFa4,unselected,0.03633792852356077,Observed ictal,0.48055519309301487
RAFa4,unselected,0.04754332019196861,Observed ictal,0.47633660278340084
RAFa4,unselected,0.058748711860376446,Observed ictal,0.4724609265795357
RAFa4,unselected,0.06995410352878428,Observed ictal,0.46891984185413116
RAFa4,unselected,0.08115949519719212,Observed ictal,0.46570377862654394
RAFa4,unselected,0.09236488686559996,Observed ictal,0.4628019446782821
RAFa4,unselected,0.1035702785340078,Observed ictal,0.46020228495184706
RAFa4,unselected,0.11477567020241541,Observed ictal,0.45789138073069613
RAFa4,unselected,0.12598106187082325,Observed ictal,0.45585429803893396
RAFa4,unselected,0.1371864535392311,Observed ictal,0.4540743982081695
RAFa4,unselected,0.14839184520763893,Observed ictal,0.45253312645601956
RAFa4,unselected,0.15959723687604677,Observed ictal,0.45120979645827153
RAFa4,unselected,0.1708026285444546,Observed ictal,0.45008139016527515
RAFa4,unselected,0.18200802021286244,Observed ictal,0.4491223924463335
RAFa4,unselected,0.19321341188127028,Observed ictal,0.4483046795220868
RAFa4,unselected,0.20441880354967812,Observed ictal,0.44759747858735555
RAFa4,unselected,0.21562419521808596,Observed ictal,0.4469674136008297
RAFa4,unselected,0.2268295868864938,Observed ictal,0.4463786490265959
RAFa4,unselected,0.23803497855490163,Observed ictal,0.4457931394907957
RAFa4,unselected,0.24924037022330947,Observed ictal,0.44517098902471297
RAFa4,unselected,0.2604457618917173,Observed ictal,0.4444709189804395
RAFa4,unselected,0.27165115356012515,Observed ictal,0.4436508390133583
RAFa4,unselected,0.282856545228533,Observed ictal,0.44266851091480647
RAFa4,unselected,0.2940619368969408,Observed ictal,0.44148229073027695
RAFa4,unselected,0.30526732856534866,Observed ictal,0.4400519306827198
RAFa4,unselected,0.3164727202337565,Observed ictal,0.438339419088183
RAFa4,unselected,0.32767811190216434,Observed ictal,0.4363098338306067
RAFa4,unselected,0.3388835035705722,Observed ictal,0.4339321831564757
RAFa4,unselected,0.35008889523898,Observed ictal,0.43118020663195056
RAFa4,unselected,0.36129428690738785,Observed ictal,0.42803310911878084
RAFa4,unselected,0.3724996785757957,Observed ictal,0.424476201583984
RAFa4,unselected,0.3837050702442035,Observed ictal,0.42050142444482785
RAFa4,unselected,0.39491046191261137,Observed ictal,0.41610773191857425
RAFa4,unselected,0.4061158535810192,Observed ictal,0.41130131942131565
RAFa4,unselected,0.41732124524942704,Observed ictal,0.4060956803416146
RAFa4,unselected,0.4285266369178349,Observed ictal,0.4005114833788049
RAFa4,unselected,0.4397320285862427,Observed ictal,0.39457626693830744
RAFa4,unselected,0.45093742025465056,Observed ictal,0.38832395265590264
RAFa4,unselected,0.4621428119230584,Observed ictal,0.3817941858052437
RAFa4,unselected,0.47334820359146623,Observed ictal,0.3750315159452302
RAFa4,unselected,0.4845535952598736,Observed ictal,0.36808443650015515
RAFa4,unselected,0.49575898692828146,Observed ictal,0.3610043068519445
RAFa4,unselected,0.5069643785966893,Observed ictal,0.35384418478484353
RAFa4,unselected,0.5181697702650971,Observed ictal,0.34665760059750483
RAFa4,unselected,0.529375161933505,Observed ictal,0.33949730674537126
RAFa4,unselected,0.5405805536019128,Observed ictal,0.33241403838410055
RAFa4,unselected,0.5517859452703207,Observed ictal,0.32545532057144805
RAFa4,unselected,0.5629913369387285,Observed ictal,0.3186643571064453
RAFa4,unselected,0.5741967286071363,Observed ictal,0.3120790340373383
RAFa4,unselected,0.5854021202755442,Observed ictal,0.30573106779261355
RAFa4,unselected,0.596607511943952,Observed ictal,0.29964532376453346
RAFa4,unselected,0.6078129036123598,Observed ictal,0.2938393261254803
RAFa4,unselected,0.6190182952807677,Observed ictal,0.28832297384566985
RAFa4,unselected,0.6302236869491755,Observed ictal,0.2830984715010538
RAFa4,unselected,0.6414290786175834,Observed ictal,0.2781604767329123
RAFa4,unselected,0.6526344702859912,Observed ictal,0.2734964593838631
RAFa4,unselected,0.663839861954399,Observed ictal,0.2690872606347438
RAFa4,unselected,0.6750452536228069,Observed ictal,0.26490783414703445
RAFa4,unselected,0.6862506452912147,Observed ictal,0.26092814550756027
RAFa4,unselected,0.6974560369596225,Observed ictal,0.257114201385107
RAFa4,unselected,0.7086614286280304,Observed ictal,0.2534291759196204
RAFa4,unselected,0.7198668202964382,Observed ictal,0.2498345991118781
RAFa4,unselected,0.7310722119648461,Observed ictal,0.24629157045745304
RAFa4,unselected,0.7422776036332539,Observed ictal,0.24276196081680304
RAFa4,unselected,0.7534829953016617,Observed ictal,0.2392095665257234
RAFa4,unselected,0.7646883869700696,Observed ictal,0.23560118196938837
RAFa4,unselected,0.7758937786384774,Observed ictal,0.23190756016382122
RAFa4,unselected,0.7870991703068853,Observed ictal,0.22810423516410944
RAFa4,unselected,0.7983045619752931,Observed ictal,0.2241721851675113
RAFa4,unselected,0.8095099536437009,Observed ictal,0.22009832079427816
RAFa4,unselected,0.8207153453121088,Observed ictal,0.21587578898561688
RAFa4,unselected,0.8319207369805166,Observed ictal,0.21150408902674983
RAFa4,unselected,0.8431261286489244,Observed ictal,0.20698900315750926
RAFa4,unselected,0.8543315203173323,Observed ictal,0.20234234986124652
RAFa4,unselected,0.8655369119857401,Observed ictal,0.1975815730353854
RAFa4,unselected,0.876742303654148,Observed ictal,0.19272918468396608
RAFa4,unselected,0.8879476953225558,Observed ictal,0.1878120824096554
RAFa4,unselected,0.8991530869909636,Observed ictal,0.18286076573464188
RAFa4,unselected,0.9103584786593715,Observed ictal,0.17790847710194307
RAFa4,unselected,0.9215638703277793,Observed ictal,0.17299029429640575
RAFa4,unselected,0.9327692619961871,Observed ictal,0.16814220101130198
RAFa4,unselected,0.943974653664595,Observed ictal,0.16340016143872682
RAFa4,unselected,0.9551800453330024,Observed ictal,0.15879922317488415
RAFa4,unselected,0.9663854370014102,Observed ictal,0.15437267052117873
RAFa4,unselected,0.9775908286698181,Observed ictal,0.15015124755951592
RAFa4,unselected,0.9887962203382259,Observed ictal,0.14616246732291785
RAFa4,unselected,1.0000016120066337,Observed ictal,0.14243002010791658
RAFa4,unselected,1.0112070036750416,Observed ictal,0.13897329061372188
RAFa4,unselected,1.0224123953434494,Observed ictal,0.13580699026315488
RAFa4,unselected,1.0336177870118572,Observed ictal,0.1329409078632695
RAFa4,unselected,1.044823178680265,Observed ictal,0.13037977878119536
RAFa4,unselected,1.056028570348673,Observed ictal,0.1281232701035329
RAFa4,unselected,1.0672339620170808,Observed ictal,0.12616607685474152
RAFa4,unselected,1.0784393536854886,Observed ictal,0.12449812229044768
RAFa4,unselected,1.0896447453538964,Observed ictal,0.12310485355688115
RAFa4,unselected,1.1008501370223043,Observed ictal,0.12196762260482363
RAFa4,unselected,1.1120555286907121,Observed ictal,0.12106414114227815
RAFa4,unselected,1.12326092035912,Observed ictal,0.12036899757515483
RAFa4,unselected,1.1344663120275278,Observed ictal,0.11985422328826462
RAFa4,unselected,1.1456717036959356,Observed ictal,0.11948989523032122
RAFa4,unselected,1.1568770953643435,Observed ictal,0.11924476156192369
RAFa4,unselected,1.1680824870327513,Observed ictal,0.11908687708736809
RAFa4,unselected,1.1792878787011591,Observed ictal,0.11898423531081846
RAFa4,unselected,1.190493270369567,Observed ictal,0.11890538423474813
RAFa4,unselected,1.2016986620379748,Observed ictal,0.1188200134612523
RAFa4,unselected,1.2129040537063827,Observed ictal,0.11869950077831058
RAFa4,unselected,1.2241094453747905,Observed ictal,0.11851740723001013
RAFa4,unselected,1.2353148370431983,Observed ictal,0.11824991069873092
RAFa4,unselected,1.2465202287116062,Observed ictal,0.11787616928144055
RAFa4,unselected,1.257725620380014,Observed ictal,0.11737860722765503
RAFa4,unselected,1.2689310120484218,Observed ictal,0.11674311791934402
RAFa4,unselected,1.2801364037168297,Observed ictal,0.1159591802966477
RAFa4,unselected,1.2913417953852375,Observed ictal,0.11501988723720874
RAFa4,unselected,1.3025471870536454,Observed ictal,0.11392188663610496
RAFa4,unselected,1.3137525787220532,Observed ictal,0.11266523824878798
RAFa4,unselected,1.324957970390461,Observed ictal,0.11125319167994013
RAFa4,unselected,1.3361633620588689,Observed ictal,0.10969189314640283
RAFa4,unselected,1.3473687537272767,Observed ictal,0.10799003072655113
RAFa4,unselected,1.3585741453956846,Observed ictal,0.10615842964502821
RAFa4,unselected,1.3697795370640924,Observed ictal,0.10420961064798077
RAFa4,unselected,1.3809849287325002,Observed ictal,0.10215732562620355
RAFa4,unselected,1.392190320400908,Observed ictal,0.10001608528194506
RAFa4,unselected,1.403395712069316,Observed ictal,0.09780069376742848
RAFa4,unselected,1.4146011037377237,Observed ictal,0.09552580482829254
RAFa4,unselected,1.4258064954061316,Observed ictal,0.09320551306523178
RAFa4,unselected,1.437011887074539,Observed ictal,0.09085299250816804
RAFa4,unselected,1.4482172787429468,Observed ictal,0.08848019282881445
RAFa4,unselected,1.4594226704113546,Observed ictal,0.08609760127060459
RAFa4,unselected,1.4706280620797625,Observed ictal,0.08371407583914312
RAFa4,unselected,1.4818334537481703,Observed ictal,0.08133675257535472
RAFa4,unselected,1.4930388454165782,Observed ictal,0.07897102694023722
RAFa4,unselected,1.504244237084986,Observed ictal,0.07662060659104372
RAFa4,unselected,1.5154496287533938,Observed ictal,0.07428763023804685
RAFa4,unselected,1.5266550204218017,Observed ictal,0.07197284494509391
RAFa4,unselected,1.5378604120902095,Observed ictal,0.06967583226911006
RAFa4,unselected,1.5490658037586174,Observed ictal,0.06739527209909114
RAFa4,unselected,1.5602711954270252,Observed ictal,0.0651292320083886
RAFa4,unselected,1.571476587095433,Observed ictal,0.06287546940622127
RAFa4,unselected,1.5826819787638409,Observed ictal,0.06063173377192787
RAFa4,unselected,1.5938873704322487,Observed ictal,0.058396056760891074
RAFa4,unselected,1.6050927621006565,Observed ictal,0.05616701894413243
RAFa4,unselected,1.6162981537690644,Observed ictal,0.05394398332421099
RAFa4,unselected,1.6275035454374722,Observed ictal,0.051727287481986045
RAFa4,unselected,1.63870893710588,Observed ictal,0.04951838816393631
RAFa4,unselected,1.649914328774288,Observed ictal,0.04731995422306151
RAFa4,unselected,1.6611197204426957,Observed ictal,0.045135905981028256
RAFa4,unselected,1.6723251121111036,Observed ictal,0.04297140119127441
RAFa4,unselected,-1.678086996742837,Free RC-SDE,0.016566493691526154
RAFa4,unselected,-1.666881605074429,Free RC-SDE,0.017479738859856573
RAFa4,unselected,-1.6556762134060212,Free RC-SDE,0.01843828143091625
RAFa4,unselected,-1.6444708217376134,Free RC-SDE,0.019443937288621878
RAFa4,unselected,-1.6332654300692055,Free RC-SDE,0.02049842558103059
RAFa4,unselected,-1.6220600384007977,Free RC-SDE,0.02160334449571877
RAFa4,unselected,-1.6108546467323899,Free RC-SDE,0.022760148656340157
RAFa4,unselected,-1.599649255063982,Free RC-SDE,0.02397012889528437
RAFa4,unselected,-1.5884438633955742,Free RC-SDE,0.02523439512575984
RAFa4,unselected,-1.5772384717271664,Free RC-SDE,0.026553862973954595
RAFa4,unselected,-1.5660330800587587,Free RC-SDE,0.027929244739080848
RAFa4,unselected,-1.554827688390351,Free RC-SDE,0.02936104512871148
RAFa4,unselected,-1.543622296721943,Free RC-SDE,0.030849562073203635
RAFa4,unselected,-1.5324169050535352,Free RC-SDE,0.032394892762072885
RAFa4,unselected,-1.5212115133851274,Free RC-SDE,0.033996944874087054
RAFa4,unselected,-1.5100061217167196,Free RC-SDE,0.03565545279964461
RAFa4,unselected,-1.4988007300483117,Free RC-SDE,0.03736999848719464
RAFa4,unselected,-1.4875953383799039,Free RC-SDE,0.03914003639338771
RAFa4,unselected,-1.476389946711496,Free RC-SDE,0.0409649218870398
RAFa4,unselected,-1.4651845550430882,Free RC-SDE,0.04284394235635917
RAFa4,unselected,-1.4539791633746804,Free RC-SDE,0.04477635020202198
RAFa4,unselected,-1.4427737717062725,Free RC-SDE,0.04676139686838166
RAFa4,unselected,-1.4315683800378647,Free RC-SDE,0.04879836707177009
RAFa4,unselected,-1.4203629883694568,Free RC-SDE,0.05088661242657457
RAFa4,unselected,-1.409157596701049,Free RC-SDE,0.05302558374226613
RAFa4,unselected,-1.3979522050326412,Free RC-SDE,0.055214861361538865
RAFa4,unselected,-1.3867468133642333,Free RC-SDE,0.057454183023204417
RAFa4,unselected,-1.3755414216958255,Free RC-SDE,0.059743468854571595
RAFa4,unselected,-1.3643360300274177,Free RC-SDE,0.06208284321727327
RAFa4,unselected,-1.3531306383590098,Free RC-SDE,0.06447265323888283
RAFa4,unselected,-1.341925246690602,Free RC-SDE,0.06691348395220567
RAFa4,unselected,-1.3307198550221941,Free RC-SDE,0.06940617002849893
RAFa4,unselected,-1.3195144633537863,Free RC-SDE,0.07195180412610315
RAFa4,unselected,-1.3083090716853785,Free RC-SDE,0.07455174188061692
RAFa4,unselected,-1.2971036800169706,Free RC-SDE,0.07720760353833836
RAFa4,unselected,-1.285898288348563,Free RC-SDE,0.0799212721854537
RAFa4,unselected,-1.2746928966801552,Free RC-SDE,0.082694888458343
RAFa4,unselected,-1.2634875050117473,Free RC-SDE,0.08553084154427605
RAFa4,unselected,-1.2522821133433395,Free RC-SDE,0.08843175620731848
RAFa4,unselected,-1.2410767216749317,Free RC-SDE,0.09140047551251188
RAFa4,unselected,-1.2298713300065238,Free RC-SDE,0.0944400388834886
RAFa4,unselected,-1.218665938338116,Free RC-SDE,0.09755365512452813
RAFa4,unselected,-1.2074605466697081,Free RC-SDE,0.10074467007572052
RAFa4,unselected,-1.1962551550013003,Free RC-SDE,0.10401652865486967
RAFa4,unselected,-1.1850497633328925,Free RC-SDE,0.10737273117403247
RAFa4,unselected,-1.1738443716644846,Free RC-SDE,0.1108167840008851
RAFa4,unselected,-1.1626389799960768,Free RC-SDE,0.1143521448600671
RAFa4,unselected,-1.151433588327669,Free RC-SDE,0.11798216332855532
RAFa4,unselected,-1.1402281966592611,Free RC-SDE,0.12171001735986083
RAFa4,unselected,-1.1290228049908535,Free RC-SDE,0.12553864695978
RAFa4,unselected,-1.1178174133224457,Free RC-SDE,0.12947068641510434
RAFa4,unselected,-1.1066120216540378,Free RC-SDE,0.13350839672883377
RAFa4,unselected,-1.09540662998563,Free RC-SDE,0.13765360012402567
RAFa4,unselected,-1.0842012383172221,Free RC-SDE,0.14190761862763002
RAFa4,unselected,-1.0729958466488143,Free RC-SDE,0.14627121882220168
RAFa4,unselected,-1.0617904549804065,Free RC-SDE,0.150744564846855
RAFa4,unselected,-1.0505850633119986,Free RC-SDE,0.15532718163308493
RAFa4,unselected,-1.0393796716435908,Free RC-SDE,0.16001793017406765
RAFa4,unselected,-1.028174279975183,Free RC-SDE,0.16481499635069002
RAFa4,unselected,-1.0169688883067751,Free RC-SDE,0.16971589448105234
RAFa4,unselected,-1.0057634966383673,Free RC-SDE,0.17471748633441347
RAFa4,unselected,-0.9945581049699594,Free RC-SDE,0.17981601587083457
RAFa4,unselected,-0.9833527133015516,Free RC-SDE,0.18500715945277926
RAFa4,unselected,-0.9721473216331438,Free RC-SDE,0.19028609074522207
RAFa4,unselected,-0.9609419299647359,Free RC-SDE,0.1956475589981699
RAFa4,unselected,-0.9497365382963281,Free RC-SDE,0.201085978911673
RAFa4,unselected,-0.9385311466279203,Free RC-SDE,0.20659552983925467
RAFa4,unselected,-0.9273257549595124,Free RC-SDE,0.2121702617098156
RAFa4,unselected,-0.9161203632911046,Free RC-SDE,0.21780420475666235
RAFa4,unselected,-0.9049149716226967,Free RC-SDE,0.22349147994757218
RAFa4,unselected,-0.893709579954289,Free RC-SDE,0.22922640692035107
RAFa4,unselected,-0.8825041882858812,Free RC-SDE,0.23500360624816788
RAFa4,unselected,-0.8712987966174733,Free RC-SDE,0.24081809298801876
RAFa4,unselected,-0.8600934049490655,Free RC-SDE,0.24666535869953274
RAFa4,unselected,-0.8488880132806577,Free RC-SDE,0.2525414394515537
RAFa4,unselected,-0.8376826216122498,Free RC-SDE,0.2584429677492155
RAFa4,unselected,-0.826477229943842,Free RC-SDE,0.26436720679939973
RAFa4,unselected,-0.8152718382754341,Free RC-SDE,0.2703120660713163
RAFa4,unselected,-0.8040664466070263,Free RC-SDE,0.2762760976826402
RAFa4,unselected,-0.7928610549386185,Free RC-SDE,0.28225847373129925
RAFa4,unselected,-0.7816556632702107,Free RC-SDE,0.2882589452790195
RAFa4,unselected,-0.7704502716018029,Free RC-SDE,0.29427778425607587
RAFa4,unselected,-0.7592448799333951,Free RC-SDE,0.30031571007949237
RAFa4,unselected,-0.7480394882649872,Free RC-SDE,0.30637380324233926
RAFa4,unselected,-0.7368340965965794,Free RC-SDE,0.3124534085252732
RAFa4,unselected,-0.7256287049281716,Free RC-SDE,0.31855603079060196
RAFa4,unselected,-0.7144233132597637,Free RC-SDE,0.3246832265340422
RAFa4,unselected,-0.7032179215913559,Free RC-SDE,0.33083649448315516
RAFa4,unselected,-0.692012529922948,Free RC-SDE,0.337017168540295
RAFa4,unselected,-0.6808071382545402,Free RC-SDE,0.34322631627110367
RAFa4,unselected,-0.6696017465861324,Free RC-SDE,0.3494646459402916
RAFa4,unselected,-0.6583963549177245,Free RC-SDE,0.3557324248003872
RAFa4,unselected,-0.6471909632493167,Free RC-SDE,0.3620294109562076
RAFa4,unselected,-0.6359855715809088,Free RC-SDE,0.3683548006706518
RAFa4,unselected,-0.624780179912501,Free RC-SDE,0.37470719246147705
RAFa4,unselected,-0.6135747882440932,Free RC-SDE,0.3810845687819887
RAFa4,unselected,-0.6023693965756853,Free RC-SDE,0.3874842955011969
RAFa4,unselected,-0.5911640049072777,Free RC-SDE,0.3939031388212933
RAFa4,unselected,-0.5799586132388699,Free RC-SDE,0.40033729871435886
RAFa4,unselected,-0.568753221570462,Free RC-SDE,0.4067824574458869
RAFa4,unselected,-0.5575478299020542,Free RC-SDE,0.4132338412998607
RAFa4,unselected,-0.5463424382336464,Free RC-SDE,0.4196862932448
RAFa4,unselected,-0.5351370465652385,Free RC-SDE,0.42613435399624
RAFa4,unselected,-0.5239316548968307,Free RC-SDE,0.4325723487472915
RAFa4,unselected,-0.5127262632284229,Free RC-SDE,0.4389944767602876
RAFa4,unselected,-0.501520871560015,Free RC-SDE,0.4453949010382952
RAFa4,unselected,-0.4903154798916072,Free RC-SDE,0.4517678354206458
RAFa4,unselected,-0.47911008822319934,Free RC-SDE,0.45810762666093513
RAFa4,unselected,-0.4679046965547915,Free RC-SDE,0.46440882933564165
RAFa4,unselected,-0.45669930488638366,Free RC-SDE,0.4706662717783013
RAFa4,unselected,-0.4454939132179758,Free RC-SDE,0.47687511161867263
RAFa4,unselected,-0.434288521549568,Free RC-SDE,0.4830308799071284
RAFa4,unselected,-0.42308312988116015,Free RC-SDE,0.48912951320087655
RAFa4,unselected,-0.4118777382127523,Free RC-SDE,0.495167373361209
RAFa4,unselected,-0.40067234654434447,Free RC-SDE,0.5011412551431375
RAFa4,unselected,-0.38946695487593663,Free RC-SDE,0.5070483819376957
RAFa4,unselected,-0.3782615632075288,Free RC-SDE,0.5128863902445927
RAFa4,unselected,-0.36705617153912096,Free RC-SDE,0.5186533036057762
RAFa4,unselected,-0.35585077987071334,Free RC-SDE,0.5243474968206031
RAFa4,unselected,-0.3446453882023055,Free RC-SDE,0.5299676512980221
RAFa4,unselected,-0.33343999653389766,Free RC-SDE,0.535512702391572
RAFa4,unselected,-0.3222346048654898,Free RC-SDE,0.540981779523762
RAFa4,unselected,-0.311029213197082,Free RC-SDE,0.5463741398545474
RAFa4,unselected,-0.29982382152867415,Free RC-SDE,0.5516890962014956
RAFa4,unselected,-0.2886184298602663,Free RC-SDE,0.5569259398937918
RAFa4,unselected,-0.2774130381918585,Free RC-SDE,0.5620838592528608
RAFa4,unselected,-0.26620764652345064,Free RC-SDE,0.5671618544502511
RAFa4,unselected,-0.2550022548550428,Free RC-SDE,0.5721586496044898
RAFa4,unselected,-0.24379686318663496,Free RC-SDE,0.5770726031442329
RAFa4,unselected,-0.23259147151822712,Free RC-SDE,0.581901617679483
RAFa4,unselected,-0.22138607984981928,Free RC-SDE,0.5866430508762026
RAFa4,unselected,-0.21018068818141145,Free RC-SDE,0.5912936291052798
RAFa4,unselected,-0.1989752965130036,Free RC-SDE,0.5958493659153721
RAFa4,unselected,-0.18776990484459577,Free RC-SDE,0.6003054876364488
RAFa4,unselected,-0.17656451317618793,Free RC-SDE,0.604656368633293
RAFa4,unselected,-0.1653591215077801,Free RC-SDE,0.6088954788703584
RAFa4,unselected,-0.15415372983937226,Free RC-SDE,0.6130153465003004
RAFa4,unselected,-0.14294833817096442,Free RC-SDE,0.6170075381287481
RAFa4,unselected,-0.13174294650255658,Free RC-SDE,0.6208626592254312
RAFa4,unselected,-0.12053755483414896,Free RC-SDE,0.6245703768395733
RAFa4,unselected,-0.10933216316574113,Free RC-SDE,0.6281194663365941
RAFa4,unselected,-0.09812677149733329,Free RC-SDE,0.6314978833122362
RAFa4,unselected,-0.08692137982892545,Free RC-SDE,0.6346928611750114
RAFa4,unselected,-0.07571598816051761,Free RC-SDE,0.6376910341408125
RAFa4,unselected,-0.06451059649210977,Free RC-SDE,0.6404785845832893
RAFa4,unselected,-0.053305204823701935,Free RC-SDE,0.6430414128621376
RAFa4,unselected,-0.0420998131552941,Free RC-SDE,0.6453653269432488
RAFa4,unselected,-0.03089442148688626,Free RC-SDE,0.6474362483652674
RAFa4,unselected,-0.01968902981847842,Free RC-SDE,0.6492404304294238
RAFa4,unselected,-0.008483638150070583,Free RC-SDE,0.6507646839235612
RAFa4,unselected,0.0027217535183372554,Free RC-SDE,0.6519966052629155
RAFa4,unselected,0.013927145186745093,Free RC-SDE,0.6529248016571166
RAFa4,unselected,0.02513253685515293,Free RC-SDE,0.6535391078078532
RAFa4,unselected,0.03633792852356077,Free RC-SDE,0.6538307887085357
RAFa4,unselected,0.04754332019196861,Free RC-SDE,0.653792723352826
RAFa4,unselected,0.058748711860376446,Free RC-SDE,0.6534195645537173
RAFa4,unselected,0.06995410352878428,Free RC-SDE,0.652707870611929
RAFa4,unselected,0.08115949519719212,Free RC-SDE,0.6516562052317284
RAFa4,unselected,0.09236488686559996,Free RC-SDE,0.6502652028388705
RAFa4,unselected,0.1035702785340078,Free RC-SDE,0.6485375972828367
RAFa4,unselected,0.11477567020241541,Free RC-SDE,0.6464782127768057
RAFa4,unselected,0.12598106187082325,Free RC-SDE,0.6440939168178111
RAFa4,unselected,0.1371864535392311,Free RC-SDE,0.6413935357107046
RAFa4,unselected,0.14839184520763893,Free RC-SDE,0.6383877341724727
RAFa4,unselected,0.15959723687604677,Free RC-SDE,0.6350888612976942
RAFa4,unselected,0.1708026285444546,Free RC-SDE,0.6315107659074239
RAFa4,unselected,0.18200802021286244,Free RC-SDE,0.6276685849697036
RAFa4,unselected,0.19321341188127028,Free RC-SDE,0.623578509361413
RAFa4,unselected,0.20441880354967812,Free RC-SDE,0.6192575317315689
RAFa4,unselected,0.21562419521808596,Free RC-SDE,0.6147231816206544
RAFa4,unselected,0.2268295868864938,Free RC-SDE,0.6099932532853455
RAFa4,unselected,0.23803497855490163,Free RC-SDE,0.6050855318703017
RAFa4,unselected,0.24924037022330947,Free RC-SDE,0.6000175236552607
RAFa4,unselected,0.2604457618917173,Free RC-SDE,0.594806196083649
RAFa4,unselected,0.27165115356012515,Free RC-SDE,0.5894677331454948
RAFa4,unselected,0.282856545228533,Free RC-SDE,0.5840173114386104
RAFa4,unselected,0.2940619368969408,Free RC-SDE,0.5784689018666368
RAFa4,unselected,0.30526732856534866,Free RC-SDE,0.5728351014482191
RAFa4,unselected,0.3164727202337565,Free RC-SDE,0.5671269991099609
RAFa4,unselected,0.32767811190216434,Free RC-SDE,0.5613540786200188
RAFa4,unselected,0.3388835035705722,Free RC-SDE,0.5555241609973665
RAFa4,unselected,0.35008889523898,Free RC-SDE,0.5496433878151391
RAFa4,unselected,0.36129428690738785,Free RC-SDE,0.5437162458224682
RAFa4,unselected,0.3724996785757957,Free RC-SDE,0.5377456322596484
RAFa4,unselected,0.3837050702442035,Free RC-SDE,0.5317329591631355
RAFa4,unselected,0.39491046191261137,Free RC-SDE,0.5256782938816373
RAFa4,unselected,0.4061158535810192,Free RC-SDE,0.5195805319865556
RAFa4,unselected,0.41732124524942704,Free RC-SDE,0.5134375977972058
RAFa4,unselected,0.4285266369178349,Free RC-SDE,0.507246666889978
RAFa4,unselected,0.4397320285862427,Free RC-SDE,0.5010044042581747
RAFa4,unselected,0.45093742025465056,Free RC-SDE,0.4947072112674779
RAFa4,unselected,0.4621428119230584,Free RC-SDE,0.48835147423921516
RAFa4,unselected,0.47334820359146623,Free RC-SDE,0.48193380740948855
RAFa4,unselected,0.4845535952598736,Free RC-SDE,0.475451283168986
RAFa4,unselected,0.49575898692828146,Free RC-SDE,0.4689016428876062
RAFa4,unselected,0.5069643785966893,Free RC-SDE,0.4622834822611333
RAFa4,unselected,0.5181697702650971,Free RC-SDE,0.455596405965204
RAFa4,unselected,0.529375161933505,Free RC-SDE,0.44884114743513925
RAFa4,unselected,0.5405805536019128,Free RC-SDE,0.44201965077083877
RAFa4,unselected,0.5517859452703207,Free RC-SDE,0.4351351130482583
RAFa4,unselected,0.5629913369387285,Free RC-SDE,0.42819198665203756
RAFa4,unselected,0.5741967286071363,Free RC-SDE,0.42119594257459214
RAFa4,unselected,0.5854021202755442,Free RC-SDE,0.4141537969013035
RAFa4,unselected,0.596607511943952,Free RC-SDE,0.40707340386877716
RAFa4,unselected,0.6078129036123598,Free RC-SDE,0.399963519897537
RAFa4,unselected,0.6190182952807677,Free RC-SDE,0.39283364382375807
RAFa4,unselected,0.6302236869491755,Free RC-SDE,0.38569383915783384
RAFa4,unselected,0.6414290786175834,Free RC-SDE,0.37855454456240917
RAFa4,unselected,0.6526344702859912,Free RC-SDE,0.37142637886227786
RAFa4,unselected,0.663839861954399,Free RC-SDE,0.3643199467778038
RAFa4,unselected,0.6750452536228069,Free RC-SDE,0.357245651227928
RAFa4,unselected,0.6862506452912147,Free RC-SDE,0.350213517503498
RAFa4,unselected,0.6974560369596225,Free RC-SDE,0.3432330338999523
RAFa4,unselected,0.7086614286280304,Free RC-SDE,0.33631301255971424
RAFa4,unselected,0.7198668202964382,Free RC-SDE,0.3294614733516433
RAFa4,unselected,0.7310722119648461,Free RC-SDE,0.3226855526519366
RAFa4,unselected,0.7422776036332539,Free RC-SDE,0.31599143793097323
RAFa4,unselected,0.7534829953016617,Free RC-SDE,0.3093843281334845
RAFa4,unselected,0.7646883869700696,Free RC-SDE,0.3028684189999332
RAFa4,unselected,0.7758937786384774,Free RC-SDE,0.296446911743215
RAFa4,unselected,0.7870991703068853,Free RC-SDE,0.2901220428877547
RAFa4,unselected,0.7983045619752931,Free RC-SDE,0.28389513261043775
RAFa4,unselected,0.8095099536437009,Free RC-SDE,0.27776664860013267
RAFa4,unselected,0.8207153453121088,Free RC-SDE,0.27173628227237806
RAFa4,unselected,0.8319207369805166,Free RC-SDE,0.2658030341298989
RAFa4,unselected,0.8431261286489244,Free RC-SDE,0.259965305134077
RAFa4,unselected,0.8543315203173323,Free RC-SDE,0.2542209911297616
RAFa4,unselected,0.8655369119857401,Free RC-SDE,0.24856757762580586
RAFa4,unselected,0.876742303654148,Free RC-SDE,0.24300223255510692
RAFa4,unselected,0.8879476953225558,Free RC-SDE,0.23752189499983484
RAFa4,unselected,0.8991530869909636,Free RC-SDE,0.23212335825002783
RAFa4,unselected,0.9103584786593715,Free RC-SDE,0.22680334594915036
RAFa4,unselected,0.9215638703277793,Free RC-SDE,0.22155858045352045
RAFa4,unselected,0.9327692619961871,Free RC-SDE,0.2163858428815479
RAFa4,unselected,0.943974653664595,Free RC-SDE,0.21128202464449578
RAFa4,unselected,0.9551800453330024,Free RC-SDE,0.2062441705268526
RAFa4,unselected,0.9663854370014102,Free RC-SDE,0.20126951361774068
RAFa4,unselected,0.9775908286698181,Free RC-SDE,0.19635550258384915
RAFa4,unselected,0.9887962203382259,Free RC-SDE,0.19149982191953557
RAFa4,unselected,1.0000016120066337,Free RC-SDE,0.18670040591269255
RAFa4,unselected,1.0112070036750416,Free RC-SDE,0.18195544712836287
RAFa4,unselected,1.0224123953434494,Free RC-SDE,0.17726340023913734
RAFa4,unselected,1.0336177870118572,Free RC-SDE,0.17262298202560755
RAFa4,unselected,1.044823178680265,Free RC-SDE,0.1680331683353067
RAFa4,unselected,1.056028570348673,Free RC-SDE,0.16349318872854712
RAFa4,unselected,1.0672339620170808,Free RC-SDE,0.1590025194584286
RAFa4,unselected,1.0784393536854886,Free RC-SDE,0.15456087533414983
RAFa4,unselected,1.0896447453538964,Free RC-SDE,0.15016820090620367
RAFa4,unselected,1.1008501370223043,Free RC-SDE,0.14582466129362437
RAFa4,unselected,1.1120555286907121,Free RC-SDE,0.14153063285238035
RAFa4,unselected,1.12326092035912,Free RC-SDE,0.13728669376522715
RAFa4,unselected,1.1344663120275278,Free RC-SDE,0.1330936145222971
RAFa4,unselected,1.1456717036959356,Free RC-SDE,0.1289523481634665
RAFa4,unselected,1.1568770953643435,Free RC-SDE,0.12486402007281938
RAFa4,unselected,1.1680824870327513,Free RC-SDE,0.12082991705661793
RAFa4,unselected,1.1792878787011591,Free RC-SDE,0.11685147540214466
RAFa4,unselected,1.190493270369567,Free RC-SDE,0.11293026760778649
RAFa4,unselected,1.2016986620379748,Free RC-SDE,0.10906798749544655
RAFa4,unselected,1.2129040537063827,Free RC-SDE,0.10526643346398629
RAFa4,unselected,1.2241094453747905,Free RC-SDE,0.10152748971459818
RAFa4,unselected,1.2353148370431983,Free RC-SDE,0.09785310537204536
RAFa4,unselected,1.2465202287116062,Free RC-SDE,0.09424527153441462
RAFa4,unselected,1.257725620380014,Free RC-SDE,0.09070599640243632
RAFa4,unselected,1.2689310120484218,Free RC-SDE,0.08723727876063306
RAFa4,unselected,1.2801364037168297,Free RC-SDE,0.08384108019961233
RAFa4,unselected,1.2913417953852375,Free RC-SDE,0.08051929657475881
RAFa4,unselected,1.3025471870536454,Free RC-SDE,0.07727372928506752
RAFa4,unselected,1.3137525787220532,Free RC-SDE,0.07410605702150566
RAFa4,unselected,1.324957970390461,Free RC-SDE,0.07101780867294202
RAFa4,unselected,1.3361633620588689,Free RC-SDE,0.06801033808669102
RAFa4,unselected,1.3473687537272767,Free RC-SDE,0.06508480135906233
RAFa4,unselected,1.3585741453956846,Free RC-SDE,0.062242137279659236
RAFa4,unselected,1.3697795370640924,Free RC-SDE,0.05948305147369998
RAFa4,unselected,1.3809849287325002,Free RC-SDE,0.05680800468305298
RAFa4,unselected,1.392190320400908,Free RC-SDE,0.054217205503757734
RAFa4,unselected,1.403395712069316,Free RC-SDE,0.05171060776126238
RAFa4,unselected,1.4146011037377237,Free RC-SDE,0.04928791256065749
RAFa4,unselected,1.4258064954061316,Free RC-SDE,0.04694857490424247
RAFa4,unselected,1.437011887074539,Free RC-SDE,0.04469181462907037
RAFa4,unselected,1.4482172787429468,Free RC-SDE,0.042516631288460505
RAFa4,unselected,1.4594226704113546,Free RC-SDE,0.0404218224889321
RAFa4,unselected,1.4706280620797625,Free RC-SDE,0.03840600510167385
RAFa4,unselected,1.4818334537481703,Free RC-SDE,0.03646763869863556
RAFa4,unselected,1.4930388454165782,Free RC-SDE,0.03460505051942905
RAFa4,unselected,1.504244237084986,Free RC-SDE,0.03281646125723662
RAFa4,unselected,1.5154496287533938,Free RC-SDE,0.031100010959374088
RAFa4,unselected,1.5266550204218017,Free RC-SDE,0.0294537843696102
RAFa4,unselected,1.5378604120902095,Free RC-SDE,0.027875835092394063
RAFa4,unselected,1.5490658037586174,Free RC-SDE,0.026364208030655294
RAFa4,unselected,1.5602711954270252,Free RC-SDE,0.024916959635068844
RAFa4,unselected,1.571476587095433,Free RC-SDE,0.023532175599523503
RAFa4,unselected,1.5826819787638409,Free RC-SDE,0.022207985740657073
RAFa4,unselected,1.5938873704322487,Free RC-SDE,0.020942575904425463
RAFa4,unselected,1.6050927621006565,Free RC-SDE,0.019734196845614033
RAFa4,unselected,1.6162981537690644,Free RC-SDE,0.018581170123172574
RAFa4,unselected,1.6275035454374722,Free RC-SDE,0.017481891141969522
RAFa4,unselected,1.63870893710588,Free RC-SDE,0.01643482954729883
RAFa4,unselected,1.649914328774288,Free RC-SDE,0.015438527240228149
RAFa4,unselected,1.6611197204426957,Free RC-SDE,0.014491594328378012
RAFa4,unselected,1.6723251121111036,Free RC-SDE,0.01359270335746484
RAFa4,unselected,-1.678086996742837,Interictal reference,1.7191972256228674e-09
RAFa4,unselected,-1.666881605074429,Interictal reference,2.5079234617609574e-09
RAFa4,unselected,-1.6556762134060212,Interictal reference,3.641511698705734e-09
RAFa4,unselected,-1.6444708217376134,Interictal reference,5.262975462835673e-09
RAFa4,unselected,-1.6332654300692055,Interictal reference,7.571233342296612e-09
RAFa4,unselected,-1.6220600384007977,Interictal reference,1.084154333101434e-08
RAFa4,unselected,-1.6108546467323899,Interictal reference,1.545284407673298e-08
RAFa4,unselected,-1.599649255063982,Interictal reference,2.1924127014155117e-08
RAFa4,unselected,-1.5884438633955742,Interictal reference,3.096254224483771e-08
RAFa4,unselected,-1.5772384717271664,Interictal reference,4.352665306890314e-08
RAFa4,unselected,-1.5660330800587587,Interictal reference,6.090912222444543e-08
RAFa4,unselected,-1.554827688390351,Interictal reference,8.484416171834165e-08
RAFa4,unselected,-1.543622296721943,Interictal reference,1.176463331722647e-07
RAFa4,unselected,-1.5324169050535352,Interictal reference,1.62388772393251e-07
RAFa4,unselected,-1.5212115133851274,Interictal reference,2.2313065460784644e-07
RAFa4,unselected,-1.5100061217167196,Interictal reference,3.05205736587821e-07
RAFa4,unselected,-1.4988007300483117,Interictal reference,4.15586124566437e-07
RAFa4,unselected,-1.4875953383799039,Interictal reference,5.63338030231387e-07
RAFa4,unselected,-1.476389946711496,Interictal reference,7.60189187842697e-07
RAFa4,unselected,-1.4651845550430882,Interictal reference,1.021230795494646e-06
RAFa4,unselected,-1.4539791633746804,Interictal reference,1.3657802756877031e-06
RAFa4,unselected,-1.4427737717062725,Interictal reference,1.8184347644875294e-06
RAFa4,unselected,-1.4315683800378647,Interictal reference,2.410348946831999e-06
RAFa4,unselected,-1.4203629883694568,Interictal reference,3.1807745383939655e-06
RAFa4,unselected,-1.409157596701049,Interictal reference,4.178902216630845e-06
RAFa4,unselected,-1.3979522050326412,Interictal reference,5.466049931622563e-06
RAFa4,unselected,-1.3867468133642333,Interictal reference,7.1182440474133556e-06
RAFa4,unselected,-1.3755414216958255,Interictal reference,9.229241403617676e-06
RAFa4,unselected,-1.3643360300274177,Interictal reference,1.1914040835001164e-05
RAFa4,unselected,-1.3531306383590098,Interictal reference,1.5312931602622077e-05
RAFa4,unselected,-1.341925246690602,Interictal reference,1.9596123211424428e-05
RAFa4,unselected,-1.3307198550221941,Interictal reference,2.4968995845468542e-05
RAFa4,unselected,-1.3195144633537863,Interictal reference,3.167800278296016e-05
RAFa4,unselected,-1.3083090716853785,Interictal reference,4.001724533147382e-05
RAFa4,unselected,-1.2971036800169706,Interictal reference,5.0335726782186664e-05
RAFa4,unselected,-1.285898288348563,Interictal reference,6.304527444558662e-05
RAFa4,unselected,-1.2746928966801552,Interictal reference,7.862909795250641e-05
RAFa4,unselected,-1.2634875050117473,Interictal reference,9.765092780123339e-05
RAFa4,unselected,-1.2522821133433395,Interictal reference,0.0001207646509254155
RAFa4,unselected,-1.2410767216749317,Interictal reference,0.00014872433041113382
RAFa4,unselected,-1.2298713300065238,Interictal reference,0.00018239446524152085
RAFa4,unselected,-1.218665938338116,Interictal reference,0.00022276031423060656
RAFa4,unselected,-1.2074605466697081,Interictal reference,0.0002709380775771721
RAFa4,unselected,-1.1962551550013003,Interictal reference,0.0003281847014935604
RAFa4,unselected,-1.1850497633328925,Interictal reference,0.00039590704821281365
RAFa4,unselected,-1.1738443716644846,Interictal reference,0.00047567015768064456
RAFa4,unselected,-1.1626389799960768,Interictal reference,0.0005692043209253506
RAFa4,unselected,-1.151433588327669,Interictal reference,0.0006784106911054922
RAFa4,unselected,-1.1402281966592611,Interictal reference,0.0008053651791885369
RAFa4,unselected,-1.1290228049908535,Interictal reference,0.0009523204195838113
RAFa4,unselected,-1.1178174133224457,Interictal reference,0.0011217056489828123
RAFa4,unselected,-1.1066120216540378,Interictal reference,0.001316124420771038
RAFa4,unselected,-1.09540662998563,Interictal reference,0.0015383501785635925
RAFa4,unselected,-1.0842012383172221,Interictal reference,0.0017913198356378944
RAFa4,unselected,-1.0729958466488143,Interictal reference,0.0020781256511022165
RAFa4,unselected,-1.0617904549804065,Interictal reference,0.002402005856032146
RAFa4,unselected,-1.0505850633119986,Interictal reference,0.002766334659533039
RAFa4,unselected,-1.0393796716435908,Interictal reference,0.003174612450178717
RAFa4,unselected,-1.028174279975183,Interictal reference,0.003630457195368747
RAFa4,unselected,-1.0169688883067751,Interictal reference,0.0041375982211378426
RAFa4,unselected,-1.0057634966383673,Interictal reference,0.004699873717761936
RAFa4,unselected,-0.9945581049699594,Interictal reference,0.005321233450953695
RAFa4,unselected,-0.9833527133015516,Interictal reference,0.006005748252625855
RAFa4,unselected,-0.9721473216331438,Interictal reference,0.006757627907004972
RAFa4,unselected,-0.9609419299647359,Interictal reference,0.007581249025575914
RAFa4,unselected,-0.9497365382963281,Interictal reference,0.008481194407283682
RAFa4,unselected,-0.9385311466279203,Interictal reference,0.009462305199813949
RAFa4,unselected,-0.9273257549595124,Interictal reference,0.01052974690743805
RAFa4,unselected,-0.9161203632911046,Interictal reference,0.011689089928048452
RAFa4,unselected,-0.9049149716226967,Interictal reference,0.012946404847932282
RAFa4,unselected,-0.893709579954289,Interictal reference,0.014308372183491265
RAFa4,unselected,-0.8825041882858812,Interictal reference,0.015782405645560858
RAFa4,unselected,-0.8712987966174733,Interictal reference,0.01737678733049706
RAFa4,unselected,-0.8600934049490655,Interictal reference,0.019100812534235716
RAFa4,unselected,-0.8488880132806577,Interictal reference,0.020964941167295706
RAFa4,unselected,-0.8376826216122498,Interictal reference,0.0229809520504289
RAFa4,unselected,-0.826477229943842,Interictal reference,0.025162095725552502
RAFa4,unselected,-0.8152718382754341,Interictal reference,0.027523240859567224
RAFa4,unselected,-0.8040664466070263,Interictal reference,0.030081008884527236
RAFa4,unselected,-0.7928610549386185,Interictal reference,0.03285389123941447
RAFa4,unselected,-0.7816556632702107,Interictal reference,0.03586234348575892
RAFa4,unselected,-0.7704502716018029,Interictal reference,0.03912885068513238
RAFa4,unselected,-0.7592448799333951,Interictal reference,0.04267795876721774
RAFa4,unselected,-0.7480394882649872,Interictal reference,0.046536267189660044
RAFa4,unselected,-0.7368340965965794,Interictal reference,0.05073237899189606
RAFa4,unselected,-0.7256287049281716,Interictal reference,0.05529680536008052
RAFa4,unselected,-0.7144233132597637,Interictal reference,0.06026182302327224
RAFa4,unselected,-0.7032179215913559,Interictal reference,0.06566128415532983
RAFa4,unselected,-0.692012529922948,Interictal reference,0.07153037991582264
RAFa4,unselected,-0.6808071382545402,Interictal reference,0.07790536027162902
RAFa4,unselected,-0.6696017465861324,Interictal reference,0.08482321423785105
RAFa4,unselected,-0.6583963549177245,Interictal reference,0.09232131609787461
RAFa4,unselected,-0.6471909632493167,Interictal reference,0.10043704444349973
RAFa4,unselected,-0.6359855715809088,Interictal reference,0.10920738195556143
RAFa4,unselected,-0.624780179912501,Interictal reference,0.11866850466846163
RAFa4,unselected,-0.6135747882440932,Interictal reference,0.1288553699827826
RAFa4,unselected,-0.6023693965756853,Interictal reference,0.13980131287527425
RAFa4,unselected,-0.5911640049072777,Interictal reference,0.15153765958555446
RAFa4,unselected,-0.5799586132388699,Interictal reference,0.16409336753025536
RAFa4,unselected,-0.568753221570462,Interictal reference,0.1774946993205712
RAFa4,unselected,-0.5575478299020542,Interictal reference,0.19176493756664487
RAFa4,unselected,-0.5463424382336464,Interictal reference,0.20692414568537612
RAFa4,unselected,-0.5351370465652385,Interictal reference,0.22298897824307784
RAFa4,unselected,-0.5239316548968307,Interictal reference,0.23997254252743092
RAFa4,unselected,-0.5127262632284229,Interictal reference,0.25788431112787885
RAFa4,unselected,-0.501520871560015,Interictal reference,0.2767300833869617
RAFa4,unselected,-0.4903154798916072,Interictal reference,0.2965119917441461
RAFa4,unselected,-0.47911008822319934,Interictal reference,0.3172285473018056
RAFa4,unselected,-0.4679046965547915,Interictal reference,0.3388747174665607
RAFa4,unselected,-0.45669930488638366,Interictal reference,0.36144202731517194
RAFa4,unselected,-0.4454939132179758,Interictal reference,0.3849186754474494
RAFa4,unselected,-0.434288521549568,Interictal reference,0.4092896545510999
RAFa4,unselected,-0.42308312988116015,Interictal reference,0.4345368667330766
RAFa4,unselected,-0.4118777382127523,Interictal reference,0.4606392238727237
RAFa4,unselected,-0.40067234654434447,Interictal reference,0.4875727238150111
RAFa4,unselected,-0.38946695487593663,Interictal reference,0.5153104941269324
RAFa4,unselected,-0.3782615632075288,Interictal reference,0.5438227963556153
RAFa4,unselected,-0.36705617153912096,Interictal reference,0.5730769852147417
RAFa4,unselected,-0.35585077987071334,Interictal reference,0.6030374188417503
RAFa4,unselected,-0.3446453882023055,Interictal reference,0.6336653181636493
RAFa4,unselected,-0.33343999653389766,Interictal reference,0.6649185754337922
RAFa4,unselected,-0.3222346048654898,Interictal reference,0.6967515141043769
RAFa4,unselected,-0.311029213197082,Interictal reference,0.7291146043293524
RAFa4,unselected,-0.29982382152867415,Interictal reference,0.7619541405000966
RAFa4,unselected,-0.2886184298602663,Interictal reference,0.7952118892538058
RAFa4,unselected,-0.2774130381918585,Interictal reference,0.8288247183152464
RAFa4,unselected,-0.26620764652345064,Interictal reference,0.8627242182909467
RAFa4,unselected,-0.2550022548550428,Interictal reference,0.8968363310866518
RAFa4,unselected,-0.24379686318663496,Interictal reference,0.9310809999201551
RAFa4,unselected,-0.23259147151822712,Interictal reference,0.9653718569095625
RAFa4,unselected,-0.22138607984981928,Interictal reference,0.9996159648897343
RAFa4,unselected,-0.21018068818141145,Interictal reference,1.033713630406881
RAFa4,unselected,-0.1989752965130036,Interictal reference,1.0675583047259183
RAFa4,unselected,-0.18776990484459577,Interictal reference,1.1010365891243483
RAFa4,unselected,-0.17656451317618793,Interictal reference,1.1340283597136527
RAFa4,unselected,-0.1653591215077801,Interictal reference,1.1664070255067018
RAFa4,unselected,-0.15415372983937226,Interictal reference,1.1980399314307981
RAFa4,unselected,-0.14294833817096442,Interictal reference,1.2287889154765579
RAFa4,unselected,-0.13174294650255658,Interictal reference,1.2585110261956007
RAFa4,unselected,-0.12053755483414896,Interictal reference,1.2870594033528262
RAFa4,unselected,-0.10933216316574113,Interictal reference,1.3142843207600374
RAFa4,unselected,-0.09812677149733329,Interictal reference,1.3400343862406707
RAFa4,unselected,-0.08692137982892545,Interictal reference,1.3641578893957933
RAFa4,unselected,-0.07571598816051761,Interictal reference,1.3865042834660999
RAFa4,unselected,-0.06451059649210977,Interictal reference,1.4069257832387974
RAFa4,unselected,-0.053305204823701935,Interictal reference,1.4252790567631144
RAFa4,unselected,-0.0420998131552941,Interictal reference,1.441426984753642
RAFa4,unselected,-0.03089442148688626,Interictal reference,1.4552404581153653
RAFa4,unselected,-0.01968902981847842,Interictal reference,1.4666001811527103
RAFa4,unselected,-0.008483638150070583,Interictal reference,1.475398445851145
RAFa4,unselected,0.0027217535183372554,Interictal reference,1.48154084125109
RAFa4,unselected,0.013927145186745093,Interictal reference,1.484947861456787
RAFa4,unselected,0.02513253685515293,Interictal reference,1.4855563762969228
RAFa4,unselected,0.03633792852356077,Interictal reference,1.4833209301108814
RAFa4,unselected,0.04754332019196861,Interictal reference,1.4782148365720453
RAFa4,unselected,0.058748711860376446,Interictal reference,1.470231040843065
RAFa4,unselected,0.06995410352878428,Interictal reference,1.4593827246202387
RAFa4,unselected,0.08115949519719212,Interictal reference,1.44570363466402
RAFa4,unselected,0.09236488686559996,Interictal reference,1.4292481211029124
RAFa4,unselected,0.1035702785340078,Interictal reference,1.4100908779844823
RAFa4,unselected,0.11477567020241541,Interictal reference,1.3883263850577685
RAFa4,unselected,0.12598106187082325,Interictal reference,1.364068056418692
RAFa4,unselected,0.1371864535392311,Interictal reference,1.3374471082417376
RAFa4,unselected,0.14839184520763893,Interictal reference,1.3086111641622704
RAFa4,unselected,0.15959723687604677,Interictal reference,1.277722622778492
RAFa4,unselected,0.1708026285444546,Interictal reference,1.2449568170357799
RAFa4,unselected,0.18200802021286244,Interictal reference,1.2104999997853827
RAFa4,unselected,0.19321341188127028,Interictal reference,1.1745471934441936
RAFa4,unselected,0.20441880354967812,Interictal reference,1.137299944322901
RAFa4,unselected,0.21562419521808596,Interictal reference,1.0989640237682936
RAFa4,unselected,0.2268295868864938,Interictal reference,1.0597471187484915
RAFa4,unselected,0.23803497855490163,Interictal reference,1.0198565539003077
RAFa4,unselected,0.24924037022330947,Interictal reference,0.9794970853919358
RAFa4,unselected,0.2604457618917173,Interictal reference,0.9388688043029236
RAFa4,unselected,0.27165115356012515,Interictal reference,0.8981651836863639
RAFa4,unselected,0.282856545228533,Interictal reference,0.8575712991822464
RAFa4,unselected,0.2940619368969408,Interictal reference,0.8172622481435992
RAFa4,unselected,0.30526732856534866,Interictal reference,0.7774017868810356
RAFa4,unselected,0.3164727202337565,Interictal reference,0.7381411999994765
RAFa4,unselected,0.32767811190216434,Interictal reference,0.6996184100681315
RAFa4,unselected,0.3388835035705722,Interictal reference,0.6619573302035615
RAFa4,unselected,0.35008889523898,Interictal reference,0.6252674567178286
RAFa4,unselected,0.36129428690738785,Interictal reference,0.5896436939371493
RAFa4,unselected,0.3724996785757957,Interictal reference,0.5551663987579105
RAFa4,unselected,0.3837050702442035,Interictal reference,0.5219016285804047
RAFa4,unselected,0.39491046191261137,Interictal reference,0.48990157302290444
RAFa4,unselected,0.4061158535810192,Interictal reference,0.4592051473184735
RAFa4,unselected,0.41732124524942704,Interictal reference,0.4298387235550703
RAFa4,unselected,0.4285266369178349,Interictal reference,0.40181697492841867
RAFa4,unselected,0.4397320285862427,Interictal reference,0.3751438079050087
RAFa4,unselected,0.45093742025465056,Interictal reference,0.34981335758430115
RAFa4,unselected,0.4621428119230584,Interictal reference,0.32581102253210714
RAFa4,unselected,0.47334820359146623,Interictal reference,0.30311451684397184
RAFa4,unselected,0.4845535952598736,Interictal reference,0.28169491909246
RAFa4,unselected,0.49575898692828146,Interictal reference,0.26151770001495034
RAFa4,unselected,0.5069643785966893,Interictal reference,0.24254371320915402
RAFa4,unselected,0.5181697702650971,Interictal reference,0.2247301356263427
RAFa4,unselected,0.529375161933505,Interictal reference,0.20803134719975463
RAFa4,unselected,0.5405805536019128,Interictal reference,0.19239974144106178
RAFa4,unselected,0.5517859452703207,Interictal reference,0.1777864612167816
RAFa4,unselected,0.5629913369387285,Interictal reference,0.16414205612844007
RAFa4,unselected,0.5741967286071363,Interictal reference,0.1514170599283007
RAFa4,unselected,0.5854021202755442,Interictal reference,0.13956248818251932
RAFa4,unselected,0.596607511943952,Interictal reference,0.12853025793382317
RAFa4,unselected,0.6078129036123598,Interictal reference,0.1182735324143659
RAFa4,unselected,0.6190182952807677,Interictal reference,0.10874699492271395
RAFa4,unselected,0.6302236869491755,Interictal reference,0.09990705681949422
RAFa4,unselected,0.6414290786175834,Interictal reference,0.09171200523068611
RAFa4,unselected,0.6526344702859912,Interictal reference,0.08412209649478733
RAFa4,unselected,0.663839861954399,Interictal reference,0.07709960166968097
RAFa4,unselected,0.6750452536228069,Interictal reference,0.0706088105460661
RAFa4,unselected,0.6862506452912147,Interictal reference,0.06461600061462348
RAFa4,unselected,0.6974560369596225,Interictal reference,0.059089377319718424
RAFa4,unselected,0.7086614286280304,Interictal reference,0.0539989917176722
RAFa4,unselected,0.7198668202964382,Interictal reference,0.04931664135506354
RAFa4,unselected,0.7310722119648461,Interictal reference,0.04501575980354268
RAFa4,unselected,0.7422776036332539,Interictal reference,0.04107129984271691
RAFa4,unselected,0.7534829953016617,Interictal reference,0.0374596147821224
RAFa4,unselected,0.7646883869700696,Interictal reference,0.034158341867461715
RAFa4,unselected,0.7758937786384774,Interictal reference,0.031146291136031543
RAFa4,unselected,0.7870991703068853,Interictal reference,0.028403342483152228
RAFa4,unselected,0.7983045619752931,Interictal reference,0.025910353087661476
RAFa4,unselected,0.8095099536437009,Interictal reference,0.023649076732990746
RAFa4,unselected,0.8207153453121088,Interictal reference,0.021602095964118308
RAFa4,unselected,0.8319207369805166,Interictal reference,0.019752767452830108
RAFa4,unselected,0.8431261286489244,Interictal reference,0.01808518041670445
RAFa4,unselected,0.8543315203173323,Interictal reference,0.016584127462520463
RAFa4,unselected,0.8655369119857401,Interictal reference,0.015235086812331784
RAFa4,unselected,0.876742303654148,Interictal reference,0.014024214528249207
RAFa4,unselected,0.8879476953225558,Interictal reference,0.012938345085813057
RAFa4,unselected,0.8991530869909636,Interictal reference,0.01196499845897714
RAFa4,unselected,0.9103584786593715,Interictal reference,0.011092391772855764
RAFa4,unselected,0.9215638703277793,Interictal reference,0.010309453551613671
RAFa4,unselected,0.9327692619961871,Interictal reference,0.009605838633875553
RAFa4,unselected,0.943974653664595,Interictal reference,0.008971941940258951
RAFa4,unselected,0.9551800453330024,Interictal reference,0.008398909448664818
RAFa4,unselected,0.9663854370014102,Interictal reference,0.007878644952877701
RAFa4,unselected,0.9775908286698181,Interictal reference,0.007403811437822187
RAFa4,unselected,0.9887962203382259,Interictal reference,0.006967826188866415
RAFa4,unselected,1.0000016120066337,Interictal reference,0.0065648490510363785
RAFa4,unselected,1.0112070036750416,Interictal reference,0.006189763555319861
RAFa4,unselected,1.0224123953434494,Interictal reference,0.005838150922443475
RAFa4,unselected,1.0336177870118572,Interictal reference,0.005506257229623213
RAFa4,unselected,1.044823178680265,Interictal reference,0.0051909542741064105
RAFa4,unselected,1.056028570348673,Interictal reference,0.004889694881635913
RAFa4,unselected,1.0672339620170808,Interictal reference,0.004600463582736243
RAFa4,unselected,1.0784393536854886,Interictal reference,0.004321723711179073
RAFa4,unselected,1.0896447453538964,Interictal reference,0.004052362065168505
RAFa4,unselected,1.1008501370223043,Interictal reference,0.0037916323125091805
RAFa4,unselected,1.1120555286907121,Interictal reference,0.0035390983177697997
RAFa4,unselected,1.12326092035912,Interictal reference,0.0032945785252583228
RAFa4,unselected,1.1344663120275278,Interictal reference,0.0030580924508338135
RAFa4,unselected,1.1456717036959356,Interictal reference,0.00282981022363394
RAFa4,unselected,1.1568770953643435,Interictal reference,0.0026100059819564154
RAFa4,unselected,1.1680824870327513,Interictal reference,0.0023990157725705895
RAFa4,unselected,1.1792878787011591,Interictal reference,0.002197200436657484
RAFa4,unselected,1.190493270369567,Interictal reference,0.0020049137953056326
RAFa4,unselected,1.2016986620379748,Interictal reference,0.0018224762796077384
RAFa4,unselected,1.2129040537063827,Interictal reference,0.0016501539908899076
RAFa4,unselected,1.2241094453747905,Interictal reference,0.0014881430306429284
RAFa4,unselected,1.2353148370431983,Interictal reference,0.0013365588115343903
RAFa4,unselected,1.2465202287116062,Interictal reference,0.0011954299536171417
RAFa4,unselected,1.257725620380014,Interictal reference,0.0010646962855546292
RAFa4,unselected,1.2689310120484218,Interictal reference,0.0009442104102894793
RAFa4,unselected,1.2801364037168297,Interictal reference,0.000833742257966058
RAFa4,unselected,1.2913417953852375,Interictal reference,0.0007329860350083552
RAFa4,unselected,1.3025471870536454,Interictal reference,0.0006415689851619723
RAFa4,unselected,1.3137525787220532,Interictal reference,0.0005590614034949212
RAFa4,unselected,1.324957970390461,Interictal reference,0.00048498738480434636
RAFa4,unselected,1.3361633620588689,Interictal reference,0.0004188358402977777
RAFa4,unselected,1.3473687537272767,Interictal reference,0.00036007137740187825
RAFa4,unselected,1.3585741453956846,Interictal reference,0.00030814470375064776
RAFa4,unselected,1.3697795370640924,Interictal reference,0.00026250228467246514
RAFa4,unselected,1.3809849287325002,Interictal reference,0.00022259505100346232
RAFa4,unselected,1.392190320400908,Interictal reference,0.00018788601838298392
RAFa4,unselected,1.403395712069316,Interictal reference,0.00015785673837740815
RAFa4,unselected,1.4146011037377237,Interictal reference,0.00013201255436306664
RAFa4,unselected,1.4258064954061316,Interictal reference,0.00010988668009691936
RAFa4,unselected,1.437011887074539,Interictal reference,9.104315579678184e-05
RAFa4,unselected,1.4482172787429468,Interictal reference,7.507876524077018e-05
RAFa4,unselected,1.4594226704113546,Interictal reference,6.16240181360633e-05
RAFa4,unselected,1.4706280620797625,Interictal reference,5.034331534860907e-05
RAFa4,unselected,1.4818334537481703,Interictal reference,4.093442129540172e-05
RAFa4,unselected,1.4930388454165782,Interictal reference,3.31273687942066e-05
RAFa4,unselected,1.504244237084986,Interictal reference,2.6682917937607923e-05
RAFa4,unselected,1.5154496287533938,Interictal reference,2.139068312552533e-05
RAFa4,unselected,1.5266550204218017,Interictal reference,1.7067032239910023e-05
RAFa4,unselected,1.5378604120902095,Interictal reference,1.3552849994884612e-05
RAFa4,unselected,1.5490658037586174,Interictal reference,1.071124456407629e-05
RAFa4,unselected,1.5602711954270252,Interictal reference,8.425263375580102e-06
RAFa4,unselected,1.571476587095433,Interictal reference,6.595671048041343e-06
RAFa4,unselected,1.5826819787638409,Interictal reference,5.138830264425984e-06
RAFa4,unselected,1.5938873704322487,Interictal reference,3.984715265779295e-06
RAFa4,unselected,1.6050927621006565,Interictal reference,3.0750778055775798e-06
RAFa4,unselected,1.6162981537690644,Interictal reference,2.3617769473532266e-06
RAFa4,unselected,1.6275035454374722,Interictal reference,1.80527704246011e-06
RAFa4,unselected,1.63870893710588,Interictal reference,1.3733125533120607e-06
RAFa4,unselected,1.649914328774288,Interictal reference,1.0397140024894787e-06
RAFa4,unselected,1.6611197204426957,Interictal reference,7.833861074494475e-07
RAFa4,unselected,1.6723251121111036,Interictal reference,5.874269607506989e-07
RAFa4,unselected,-1.678086996742837,Original Actor,3.112263266700697e-08
RAFa4,unselected,-1.666881605074429,Original Actor,4.306841467417138e-08
RAFa4,unselected,-1.6556762134060212,Original Actor,5.932585246928821e-08
RAFa4,unselected,-1.6444708217376134,Original Actor,8.134593621156622e-08
RAFa4,unselected,-1.6332654300692055,Original Actor,1.1102963696477113e-07
RAFa4,unselected,-1.6220600384007977,Original Actor,1.5085432401600788e-07
RAFa4,unselected,-1.6108546467323899,Original Actor,2.0403148754399085e-07
RAFa4,unselected,-1.599649255063982,Original Actor,2.747022629973937e-07
RAFa4,unselected,-1.5884438633955742,Original Actor,3.6817825380132077e-07
RAFa4,unselected,-1.5772384717271664,Original Actor,4.912362123624543e-07
RAFa4,unselected,-1.5660330800587587,Original Actor,6.524762448329306e-07
RAFa4,unselected,-1.554827688390351,Original Actor,8.627543240086273e-07
RAFa4,unselected,-1.543622296721943,Original Actor,1.135700989907267e-06
RAFa4,unselected,-1.5324169050535352,Original Actor,1.4883391429659508e-06
RAFa4,unselected,-1.5212115133851274,Original Actor,1.9418147355661216e-06
RAFa4,unselected,-1.5100061217167196,Original Actor,2.5222548806713687e-06
RAFa4,unselected,-1.4988007300483117,Original Actor,3.261768351767809e-06
RAFa4,unselected,-1.4875953383799039,Original Actor,4.199603571242306e-06
RAFa4,unselected,-1.476389946711496,Original Actor,5.383478898246142e-06
RAFa4,unselected,-1.4651845550430882,Original Actor,6.871099257580564e-06
RAFa4,unselected,-1.4539791633746804,Original Actor,8.731871830924823e-06
RAFa4,unselected,-1.4427737717062725,Original Actor,1.1048831606431427e-05
RAFa4,unselected,-1.4315683800378647,Original Actor,1.392078501739346e-05
RAFa4,unselected,-1.4203629883694568,Original Actor,1.7464676686794317e-05
RAFa4,unselected,-1.409157596701049,Original Actor,2.1818180457007945e-05
RAFa4,unselected,-1.3979522050326412,Original Actor,2.7142511487829883e-05
RAFa4,unselected,-1.3867468133642333,Original Actor,3.36254513624549e-05
RAFa4,unselected,-1.3755414216958255,Original Actor,4.148457301124042e-05
RAFa4,unselected,-1.3643360300274177,Original Actor,5.097064706057861e-05
RAFa4,unselected,-1.3531306383590098,Original Actor,6.237120620376507e-05
RAFa4,unselected,-1.341925246690602,Original Actor,7.60142396841022e-05
RAFa4,unselected,-1.3307198550221941,Original Actor,9.22719863278552e-05
RAFa4,unselected,-1.3195144633537863,Original Actor,0.00011156479214195909
RAFa4,unselected,-1.3083090716853785,Original Actor,0.00013436499768287294
RAFa4,unselected,-1.2971036800169706,Original Actor,0.000161200821579837
RAFa4,unselected,-1.285898288348563,Original Actor,0.0001926602100907791
RAFa4,unselected,-1.2746928966801552,Original Actor,0.00022939462864868116
RAFa4,unselected,-1.2634875050117473,Original Actor,0.0002721227801909434
RAFa4,unselected,-1.2522821133433395,Original Actor,0.00032163424669995523
RAFa4,unselected,-1.2410767216749317,Original Actor,0.0003787930647139326
RAFa4,unselected,-1.2298713300065238,Original Actor,0.00044454126231363225
RAFa4,unselected,-1.218665938338116,Original Actor,0.0005199024037847291
RAFa4,unselected,-1.2074605466697081,Original Actor,0.0006059852081350107
RAFa4,unselected,-1.1962551550013003,Original Actor,0.0007039873280592895
RAFa4,unselected,-1.1850497633328925,Original Actor,0.00081519939577262
RAFa4,unselected,-1.1738443716644846,Original Actor,0.0009410094602177025
RAFa4,unselected,-1.1626389799960768,Original Actor,0.001082907955249572
RAFa4,unselected,-1.151433588327669,Original Actor,0.0012424933492373828
RAFa4,unselected,-1.1402281966592611,Original Actor,0.0014214786318716285
RAFa4,unselected,-1.1290228049908535,Original Actor,0.0016216987927244711
RAFa4,unselected,-1.1178174133224457,Original Actor,0.0018451194373933103
RAFa4,unselected,-1.1066120216540378,Original Actor,0.0020938466702726706
RAFa4,unselected,-1.09540662998563,Original Actor,0.002370138347933134
RAFa4,unselected,-1.0842012383172221,Original Actor,0.002676416773966741
RAFa4,unselected,-1.0729958466488143,Original Actor,0.0030152828657008354
RAFa4,unselected,-1.0617904549804065,Original Actor,0.003389531776611328
RAFa4,unselected,-1.0505850633119986,Original Actor,0.003802169907301611
RAFa4,unselected,-1.0393796716435908,Original Actor,0.004256433184728118
RAFa4,unselected,-1.028174279975183,Original Actor,0.004755806436489188
RAFa4,unselected,-1.0169688883067751,Original Actor,0.0053040436372451235
RAFa4,unselected,-1.0057634966383673,Original Actor,0.005905188760597831
RAFa4,unselected,-0.9945581049699594,Original Actor,0.0065635969348438175
RAFa4,unselected,-0.9833527133015516,Original Actor,0.0072839555774634945
RAFa4,unselected,-0.9721473216331438,Original Actor,0.00807130517308484
RAFa4,unselected,-0.9609419299647359,Original Actor,0.008931059364334247
RAFa4,unselected,-0.9497365382963281,Original Actor,0.00986902404498851
RAFa4,unselected,-0.9385311466279203,Original Actor,0.010891415179680702
RAFa4,unselected,-0.9273257549595124,Original Actor,0.012004875122519769
RAFa4,unselected,-0.9161203632911046,Original Actor,0.013216487265659051
RAFa4,unselected,-0.9049149716226967,Original Actor,0.014533788914313304
RAFa4,unselected,-0.893709579954289,Original Actor,0.015964782352264686
RAFa4,unselected,-0.8825041882858812,Original Actor,0.017517944126045574
RAFa4,unselected,-0.8712987966174733,Original Actor,0.01920223263084361
RAFa4,unselected,-0.8600934049490655,Original Actor,0.021027094120735654
RAFa4,unselected,-0.8488880132806577,Original Actor,0.023002467284471993
RAFa4,unselected,-0.8376826216122498,Original Actor,0.025138786520787035
RAFa4,unselected,-0.826477229943842,Original Actor,0.02744698401043807
RAFa4,unselected,-0.8152718382754341,Original Actor,0.02993849061383391
RAFa4,unselected,-0.8040664466070263,Original Actor,0.03262523552315799
RAFa4,unselected,-0.7928610549386185,Original Actor,0.03551964446856568
RAFa4,unselected,-0.7816556632702107,Original Actor,0.038634636123968925
RAFa4,unselected,-0.7704502716018029,Original Actor,0.04198361618618873
RAFa4,unselected,-0.7592448799333951,Original Actor,0.04558046842115221
RAFa4,unselected,-0.7480394882649872,Original Actor,0.04943954179353968
RAFa4,unselected,-0.7368340965965794,Original Actor,0.053575632634485545
RAFa4,unselected,-0.7256287049281716,Original Actor,0.058003960668906264
RAFa4,unselected,-0.7144233132597637,Original Actor,0.0627401376330974
RAFa4,unselected,-0.7032179215913559,Original Actor,0.06780012717676963
RAFa4,unselected,-0.692012529922948,Original Actor,0.0732001947722282
RAFa4,unselected,-0.6808071382545402,Original Actor,0.0789568464548166
RAFa4,unselected,-0.6696017465861324,Original Actor,0.0850867553973951
RAFa4,unselected,-0.6583963549177245,Original Actor,0.09160667557779884
RAFa4,unselected,-0.6471909632493167,Original Actor,0.09853334212760437
RAFa4,unselected,-0.6359855715809088,Original Actor,0.10588335834419278
RAFa4,unselected,-0.624780179912501,Original Actor,0.11367306979237193
RAFa4,unselected,-0.6135747882440932,Original Actor,0.12191842639914094
RAFa4,unselected,-0.6023693965756853,Original Actor,0.1306348339342143
RAFa4,unselected,-0.5911640049072777,Original Actor,0.13983699674633995
RAFa4,unselected,-0.5799586132388699,Original Actor,0.14953875406642395
RAFa4,unselected,-0.568753221570462,Original Actor,0.1597529125686258
RAFa4,unselected,-0.5575478299020542,Original Actor,0.1704910781772386
RAFa4,unselected,-0.5463424382336464,Original Actor,0.18176349030080874
RAFa4,unselected,-0.5351370465652385,Original Actor,0.1935788617506422
RAFa4,unselected,-0.5239316548968307,Original Actor,0.2059442275493235
RAFa4,unselected,-0.5127262632284229,Original Actor,0.21886480565346958
RAFa4,unselected,-0.501520871560015,Original Actor,0.23234387230771128
RAFa4,unselected,-0.4903154798916072,Original Actor,0.24638265432523665
RAFa4,unselected,-0.47911008822319934,Original Actor,0.2609802400715954
RAFa4,unselected,-0.4679046965547915,Original Actor,0.2761335103366262
RAFa4,unselected,-0.45669930488638366,Original Actor,0.29183708964178956
RAFa4,unselected,-0.4454939132179758,Original Actor,0.3080833178780284
RAFa4,unselected,-0.434288521549568,Original Actor,0.3248622415340462
RAFa4,unselected,-0.42308312988116015,Original Actor,0.3421616231878316
RAFa4,unselected,-0.4118777382127523,Original Actor,0.359966967423872
RAFa4,unselected,-0.40067234654434447,Original Actor,0.37826156092871693
RAFa4,unselected,-0.38946695487593663,Original Actor,0.3970265242270969
RAFa4,unselected,-0.3782615632075288,Original Actor,0.41624087236119517
RAFa4,unselected,-0.36705617153912096,Original Actor,0.43588158179139247
RAFa4,unselected,-0.35585077987071334,Original Actor,0.45592366090493
RAFa4,unselected,-0.3446453882023055,Original Actor,0.47634022174941254
RAFa4,unselected,-0.33343999653389766,Original Actor,0.4971025509450862
RAFa4,unselected,-0.3222346048654898,Original Actor,0.5181801781519085
RAFa4,unselected,-0.311029213197082,Original Actor,0.5395409409510131
RAFa4,unselected,-0.29982382152867415,Original Actor,0.561151045518208
RAFa4,unselected,-0.2886184298602663,Original Actor,0.5829751229942893
RAFa4,unselected,-0.2774130381918585,Original Actor,0.6049762819679868
RAFa4,unselected,-0.26620764652345064,Original Actor,0.6271161579603456
RAFa4,unselected,-0.2550022548550428,Original Actor,0.6493549612164636
RAFa4,unselected,-0.24379686318663496,Original Actor,0.6716515244574401
RAFa4,unselected,-0.23259147151822712,Original Actor,0.693963352513465
RAFa4,unselected,-0.22138607984981928,Original Actor,0.7162466759427901
RAFa4,unselected,-0.21018068818141145,Original Actor,0.7384565108406518
RAFa4,unselected,-0.1989752965130036,Original Actor,0.7605467270587258
RAFa4,unselected,-0.18776990484459577,Original Actor,0.782470126993962
RAFa4,unselected,-0.17656451317618793,Original Actor,0.8041785369722093
RAFa4,unselected,-0.1653591215077801,Original Actor,0.8256229130516417
RAFa4,unselected,-0.15415372983937226,Original Actor,0.846753462811805
RAFa4,unselected,-0.14294833817096442,Original Actor,0.867519784379825
RAFa4,unselected,-0.13174294650255658,Original Actor,0.8878710235823664
RAFa4,unselected,-0.12053755483414896,Original Actor,0.907756049704019
RAFa4,unselected,-0.10933216316574113,Original Actor,0.9271236498849279
RAFa4,unselected,-0.09812677149733329,Original Actor,0.9459227417078516
RAFa4,unselected,-0.08692137982892545,Original Actor,0.9641026030142937
RAFa4,unselected,-0.07571598816051761,Original Actor,0.9816131174596956
RAFa4,unselected,-0.06451059649210977,Original Actor,0.9984050337805933
RAFa4,unselected,-0.053305204823701935,Original Actor,1.0144302362167652
RAFa4,unselected,-0.0420998131552941,Original Actor,1.0296420230263588
RAFa4,unselected,-0.03089442148688626,Original Actor,1.0439953895717784
RAFa4,unselected,-0.01968902981847842,Original Actor,1.0574473120605015
RAFa4,unselected,-0.008483638150070583,Original Actor,1.0699570277205508
RAFa4,unselected,0.0027217535183372554,Original Actor,1.081486306995606
RAFa4,unselected,0.013927145186745093,Original Actor,1.091999713278645
RAFa4,unselected,0.02513253685515293,Original Actor,1.101464845779288
RAFa4,unselected,0.03633792852356077,Original Actor,1.1098525613466195
RAFa4,unselected,0.04754332019196861,Original Actor,1.1171371714466403
RAFa4,unselected,0.058748711860376446,Original Actor,1.1232966110144633
RAFa4,unselected,0.06995410352878428,Original Actor,1.1283125765495456
RAFa4,unselected,0.08115949519719212,Original Actor,1.1321706315736761
RAFa4,unselected,0.09236488686559996,Original Actor,1.1348602783951183
RAFa4,unselected,0.1035702785340078,Original Actor,1.1363749959809137
RAFa4,unselected,0.11477567020241541,Original Actor,1.1367122445932702
RAFa4,unselected,0.12598106187082325,Original Actor,1.1358734386535008
RAFa4,unselected,0.1371864535392311,Original Actor,1.1338638900183655
RAFa4,unselected,0.14839184520763893,Original Actor,1.1306927244544815
RAFa4,unselected,0.15959723687604677,Original Actor,1.1263727745464978
RAFa4,unselected,0.1708026285444546,Original Actor,1.120920452555953
RAFa4,unselected,0.18200802021286244,Original Actor,1.1143556068485319
RAFa4,unselected,0.19321341188127028,Original Actor,1.106701365431255
RAFa4,unselected,0.20441880354967812,Original Actor,1.0979839698975382
RAFa4,unselected,0.21562419521808596,Original Actor,1.0882326026920834
RAFa4,unselected,0.2268295868864938,Original Actor,1.0774792101084063
RAFa4,unselected,0.23803497855490163,Original Actor,1.0657583228574428
RAFa4,unselected,0.24924037022330947,Original Actor,1.0531068754383397
RAFa4,unselected,0.2604457618917173,Original Actor,1.0395640249436502
RAFa4,unselected,0.27165115356012515,Original Actor,1.02517096938244
RAFa4,unselected,0.282856545228533,Original Actor,1.00997076514192
RAFa4,unselected,0.2940619368969408,Original Actor,0.9940081428609228
RAFa4,unselected,0.30526732856534866,Original Actor,0.9773293207767723
RAFa4,unselected,0.3164727202337565,Original Actor,0.9599818145418677
RAFa4,unselected,0.32767811190216434,Original Actor,0.9420142425873886
RAFa4,unselected,0.3388835035705722,Original Actor,0.9234761263290652
RAFa4,unselected,0.35008889523898,Original Actor,0.9044176848442235
RAFa4,unselected,0.36129428690738785,Original Actor,0.884889624074409
RAFa4,unselected,0.3724996785757957,Original Actor,0.864942921090263
RAFa4,unselected,0.3837050702442035,Original Actor,0.8446286044612308
RAFa4,unselected,0.39491046191261137,Original Actor,0.8239975322648038
RAFa4,unselected,0.4061158535810192,Original Actor,0.8031001697156691
RAFa4,unselected,0.41732124524942704,Original Actor,0.7819863687639333
RAFa4,unselected,0.4285266369178349,Original Actor,0.7607051522801315
RAFa4,unselected,0.4397320285862427,Original Actor,0.7393045055964302
RAFa4,unselected,0.45093742025465056,Original Actor,0.7178311782001268
RAFa4,unselected,0.4621428119230584,Original Actor,0.6963304982767086
RAFa4,unselected,0.47334820359146623,Original Actor,0.6748462025831671
RAFa4,unselected,0.4845535952598736,Original Actor,0.6534202838119952
RAFa4,unselected,0.49575898692828146,Original Actor,0.6320928572021882
RAFa4,unselected,0.5069643785966893,Original Actor,0.6109020476886162
RAFa4,unselected,0.5181697702650971,Original Actor,0.5898838983814209
RAFa4,unselected,0.529375161933505,Original Actor,0.5690723006572347
RAFa4,unselected,0.5405805536019128,Original Actor,0.5484989456488722
RAFa4,unselected,0.5517859452703207,Original Actor,0.5281932964604682
RAFa4,unselected,0.5629913369387285,Original Actor,0.5081825800282415
RAFa4,unselected,0.5741967286071363,Original Actor,0.48849179720587405
RAFa4,unselected,0.5854021202755442,Original Actor,0.4691437493855474
RAFa4,unselected,0.596607511943952,Original Actor,0.45015907977410335
RAFa4,unselected,0.6078129036123598,Original Actor,0.4315563273271556
RAFa4,unselected,0.6190182952807677,Original Actor,0.41335199129720246
RAFa4,unselected,0.6302236869491755,Original Actor,0.3955606043672878
RAFa4,unselected,0.6414290786175834,Original Actor,0.3781948124096475
RAFa4,unselected,0.6526344702859912,Original Actor,0.36126545901885304
RAFa4,unselected,0.663839861954399,Original Actor,0.34478167311072844
RAFa4,unselected,0.6750452536228069,Original Actor,0.3287509580419753
RAFa4,unselected,0.6862506452912147,Original Actor,0.31317928088281405
RAFa4,unselected,0.6974560369596225,Original Actor,0.2980711606589225
RAFa4,unselected,0.7086614286280304,Original Actor,0.28342975456460506
RAFa4,unselected,0.7198668202964382,Original Actor,0.2692569413325674
RAFa4,unselected,0.7310722119648461,Original Actor,0.2555534011248008
RAFa4,unselected,0.7422776036332539,Original Actor,0.24231869148218158
RAFa4,unselected,0.7534829953016617,Original Actor,0.2295513190369042
RAFa4,unselected,0.7646883869700696,Original Actor,0.21724880685056946
RAFa4,unselected,0.7758937786384774,Original Actor,0.20540775739093395
RAFa4,unselected,0.7870991703068853,Original Actor,0.19402391130015326
RAFa4,unselected,0.7983045619752931,Original Actor,0.18309220223496336
RAFa4,unselected,0.8095099536437009,Original Actor,0.1726068081714988
RAFa4,unselected,0.8207153453121088,Original Actor,0.16256119966157653
RAFa4,unselected,0.8319207369805166,Original Actor,0.1529481855995965
RAFa4,unselected,0.8431261286489244,Original Actor,0.1437599571065534
RAFa4,unselected,0.8543315203173323,Original Actor,0.134988130157483
RAFa4,unselected,0.8655369119857401,Original Actor,0.12662378756890963
RAFa4,unselected,0.876742303654148,Original Actor,0.11865752092319336
RAFa4,unselected,0.8879476953225558,Original Actor,0.11107947293777626
RAFa4,unselected,0.8991530869909636,Original Actor,0.10387938069186047
RAFa4,unselected,0.9103584786593715,Original Actor,0.09704662000496649
RAFa4,unselected,0.9215638703277793,Original Actor,0.09057025112671917
RAFa4,unselected,0.9327692619961871,Original Actor,0.0844390657518698
RAFa4,unselected,0.943974653664595,Original Actor,0.07864163522648038
RAFa4,unselected,0.9551800453330024,Original Actor,0.07316635966837848
RAFa4,unselected,0.9663854370014102,Original Actor,0.06800151759521639
RAFa4,unselected,0.9775908286698181,Original Actor,0.06313531554399034
RAFa4,unselected,0.9887962203382259,Original Actor,0.05855593708268374
RAFa4,unselected,1.0000016120066337,Original Actor,0.054251590562523495
RAFa4,unselected,1.0112070036750416,Original Actor,0.05021055494088861
RAFa4,unselected,1.0224123953434494,Original Actor,0.04642122302108276
RAFa4,unselected,1.0336177870118572,Original Actor,0.04287214150479978
RAFa4,unselected,1.044823178680265,Original Actor,0.039552047333082714
RAFa4,unselected,1.056028570348673,Original Actor,0.03644989989714805
RAFa4,unselected,1.0672339620170808,Original Actor,0.03355490882545248
RAFa4,unselected,1.0784393536854886,Original Actor,0.030856557190737755
RAFa4,unselected,1.0896447453538964,Original Actor,0.02834462012288284
RAFa4,unselected,1.1008501370223043,Original Actor,0.02600917895260237
RAFa4,unselected,1.1120555286907121,Original Actor,0.023840631140166317
RAFa4,unselected,1.12326092035912,Original Actor,0.021829696356028924
RAFa4,unselected,1.1344663120275278,Original Actor,0.019967419171416416
RAFa4,unselected,1.1456717036959356,Original Actor,0.01824516888280036
RAFa4,unselected,1.1568770953643435,Original Actor,0.016654637032683915
RAFa4,unselected,1.1680824870327513,Original Actor,0.01518783319974609
RAFa4,unselected,1.1792878787011591,Original Actor,0.0138370796152
RAFa4,unselected,1.190493270369567,Original Actor,0.012595005121726153
RAFa4,unselected,1.2016986620379748,Original Actor,0.011454538930174028
RAFa4,unselected,1.2129040537063827,Original Actor,0.01040890455196544
RAFa4,unselected,1.2241094453747905,Original Actor,0.009451614196879175
RAFa4,unselected,1.2353148370431983,Original Actor,0.008576463832015666
RAFa4,unselected,1.2465202287116062,Original Actor,0.00777752900350265
RAFa4,unselected,1.257725620380014,Original Actor,0.007049161432810815
RAFa4,unselected,1.2689310120484218,Original Actor,0.0063859863186854346
RAFa4,unselected,1.2801364037168297,Original Actor,0.005782900207143067
RAFa4,unselected,1.2913417953852375,Original Actor,0.005235069238290806
RAFa4,unselected,1.3025471870536454,Original Actor,0.0047379275414498245
RAFa4,unselected,1.3137525787220532,Original Actor,0.004287175529787629
RAFa4,unselected,1.324957970390461,Original Actor,0.003878777842023004
RAFa4,unselected,1.3361633620588689,Original Actor,0.0035089606905747295
RAFa4,unselected,1.3473687537272767,Original Actor,0.0031742084009061494
RAFa4,unselected,1.3585741453956846,Original Actor,0.002871258963362025
RAFa4,unselected,1.3697795370640924,Original Actor,0.002597098463741695
RAFa4,unselected,1.3809849287325002,Original Actor,0.0023489543092616067
RAFa4,unselected,1.392190320400908,Original Actor,0.002124287219475478
RAFa4,unselected,1.403395712069316,Original Actor,0.0019207820043234576
RAFa4,unselected,1.4146011037377237,Original Actor,0.0017363372012175419
RAFa4,unselected,1.4258064954061316,Original Actor,0.0015690536877495216
RAFa4,unselected,1.437011887074539,Original Actor,0.0014172224244737447
RAFa4,unselected,1.4482172787429468,Original Actor,0.001279311511995168
RAFa4,unselected,1.4594226704113546,Original Actor,0.0011539527675010534
RAFa4,unselected,1.4706280620797625,Original Actor,0.0010399280376119221
RAFa4,unselected,1.4818334537481703,Original Actor,0.0009361554671452003
RAFa4,unselected,1.4930388454165782,Original Actor,0.0008416759376335423
RAFa4,unselected,1.504244237084986,Original Actor,0.0007556398761039999
RAFa4,unselected,1.5154496287533938,Original Actor,0.0006772946148504694
RAFa4,unselected,1.5266550204218017,Original Actor,0.0006059724580507725
RAFa4,unselected,1.5378604120902095,Original Actor,0.0005410795825244629
RAFa4,unselected,1.5490658037586174,Original Actor,0.00048208586916068244
RAFa4,unselected,1.5602711954270252,Original Actor,0.0004285157299877498
RAFa4,unselected,1.571476587095433,Original Actor,0.00037993996482694163
RAFa4,unselected,1.5826819787638409,Original Actor,0.00033596865213842835
RAFa4,unselected,1.5938873704322487,Original Actor,0.00029624505200609273
RAFa4,unselected,1.6050927621006565,Original Actor,0.00026044047598231337
RAFa4,unselected,1.6162981537690644,Original Actor,0.00022825005926081234
RAFa4,unselected,1.6275035454374722,Original Actor,0.0001993893556746631
RAFa4,unselected,1.63870893710588,Original Actor,0.0001735916654211757
RAFa4,unselected,1.649914328774288,Original Actor,0.00015060599909218648
RAFa4,unselected,1.6611197204426957,Original Actor,0.00013019557926497786
RAFa4,unselected,1.6723251121111036,Original Actor,0.00011213678217581191
RAFa4,unselected,-1.678086996742837,Actor + WGAN-GP,3.737359026186871e-08
RAFa4,unselected,-1.666881605074429,Actor + WGAN-GP,5.156690689169761e-08
RAFa4,unselected,-1.6556762134060212,Actor + WGAN-GP,7.08245211715987e-08
RAFa4,unselected,-1.6444708217376134,Actor + WGAN-GP,9.682938594121839e-08
RAFa4,unselected,-1.6332654300692055,Actor + WGAN-GP,1.3177909984202052e-07
RAFa4,unselected,-1.6220600384007977,Actor + WGAN-GP,1.7852818784701022e-07
RAFa4,unselected,-1.6108546467323899,Actor + WGAN-GP,2.407649441287029e-07
RAFa4,unselected,-1.599649255063982,Actor + WGAN-GP,3.2322983135065204e-07
RAFa4,unselected,-1.5884438633955742,Actor + WGAN-GP,4.319834642059551e-07
RAFa4,unselected,-1.5772384717271664,Actor + WGAN-GP,5.747332935132585e-07
RAFa4,unselected,-1.5660330800587587,Actor + WGAN-GP,7.612292265710643e-07
RAFa4,unselected,-1.554827688390351,Actor + WGAN-GP,1.0037395380738667e-06
RAFa4,unselected,-1.543622296721943,Actor + WGAN-GP,1.3176195036418888e-06
RAFa4,unselected,-1.5324169050535352,Actor + WGAN-GP,1.7219861762940236e-06
RAFa4,unselected,-1.5212115133851274,Actor + WGAN-GP,2.2405135681420462e-06
RAFa4,unselected,-1.5100061217167196,Actor + WGAN-GP,2.9023631310096076e-06
RAFa4,unselected,-1.4988007300483117,Actor + WGAN-GP,3.7432647806796257e-06
RAFa4,unselected,-1.4875953383799039,Actor + WGAN-GP,4.806763706875398e-06
RAFa4,unselected,-1.476389946711496,Actor + WGAN-GP,6.145647781761174e-06
RAFa4,unselected,-1.4651845550430882,Actor + WGAN-GP,7.823569454850466e-06
RAFa4,unselected,-1.4539791633746804,Actor + WGAN-GP,9.916874542223659e-06
RAFa4,unselected,-1.4427737717062725,Actor + WGAN-GP,1.2516648238531536e-05
RAFa4,unselected,-1.4315683800378647,Actor + WGAN-GP,1.5730985978580204e-05
RAFa4,unselected,-1.4203629883694568,Actor + WGAN-GP,1.96874934566773e-05
RAFa4,unselected,-1.409157596701049,Actor + WGAN-GP,2.453601621631304e-05
RAFa4,unselected,-1.3979522050326412,Actor + WGAN-GP,3.045159483056849e-05
RAFa4,unselected,-1.3867468133642333,Actor + WGAN-GP,3.763763693047882e-05
RAFa4,unselected,-1.3755414216958255,Actor + WGAN-GP,4.632929237809151e-05
RAFa4,unselected,-1.3643360300274177,Actor + WGAN-GP,5.679701294539318e-05
RAFa4,unselected,-1.3531306383590098,Actor + WGAN-GP,6.935027321798607e-05
RAFa4,unselected,-1.341925246690602,Actor + WGAN-GP,8.434142540176877e-05
RAFa4,unselected,-1.3307198550221941,Actor + WGAN-GP,0.0001021696576104577
RAFa4,unselected,-1.3195144633537863,Actor + WGAN-GP,0.00012328502340621552
RAFa4,unselected,-1.3083090716853785,Actor + WGAN-GP,0.00014819251020749602
RAFa4,unselected,-1.2971036800169706,Actor + WGAN-GP,0.00017745611599630546
RAFa4,unselected,-1.285898288348563,Actor + WGAN-GP,0.0002117029078316765
RAFa4,unselected,-1.2746928966801552,Actor + WGAN-GP,0.00025162704221220664
RAFa4,unselected,-1.2634875050117473,Actor + WGAN-GP,0.00029799373643077696
RAFa4,unselected,-1.2522821133433395,Actor + WGAN-GP,0.00035164319170341606
RAFa4,unselected,-1.2410767216749317,Actor + WGAN-GP,0.0004134944828554483
RAFa4,unselected,-1.2298713300065238,Actor + WGAN-GP,0.00048454944536729044
RAFa4,unselected,-1.218665938338116,Actor + WGAN-GP,0.0005658966080982391
RAFa4,unselected,-1.2074605466697081,Actor + WGAN-GP,0.0006587152383208488
RAFa4,unselected,-1.1962551550013003,Actor + WGAN-GP,0.0007642795839475317
RAFa4,unselected,-1.1850497633328925,Actor + WGAN-GP,0.0008839634150108624
RAFa4,unselected,-1.1738443716644846,Actor + WGAN-GP,0.0010192449814631825
RAFa4,unselected,-1.1626389799960768,Actor + WGAN-GP,0.001171712516030938
RAFa4,unselected,-1.151433588327669,Actor + WGAN-GP,0.001343070418048025
RAFa4,unselected,-1.1402281966592611,Actor + WGAN-GP,0.0015351462558358864
RAFa4,unselected,-1.1290228049908535,Actor + WGAN-GP,0.0017498987203949726
RAFa4,unselected,-1.1178174133224457,Actor + WGAN-GP,0.001989426651260879
RAFa4,unselected,-1.1066120216540378,Actor + WGAN-GP,0.002255979236017765
RAFa4,unselected,-1.09540662998563,Actor + WGAN-GP,0.0025519674581936575
RAFa4,unselected,-1.0842012383172221,Actor + WGAN-GP,0.0028799768345665016
RAFa4,unselected,-1.0729958466488143,Actor + WGAN-GP,0.0032427814432317687
RAFa4,unselected,-1.0617904549804065,Actor + WGAN-GP,0.0036433591995373863
RAFa4,unselected,-1.0505850633119986,Actor + WGAN-GP,0.004084908290034008
RAFa4,unselected,-1.0393796716435908,Actor + WGAN-GP,0.004570864627153757
RAFa4,unselected,-1.028174279975183,Actor + WGAN-GP,0.0051049201419297325
RAFa4,unselected,-1.0169688883067751,Actor + WGAN-GP,0.005691041691369428
RAFa4,unselected,-1.0057634966383673,Actor + WGAN-GP,0.0063334903237483794
RAFa4,unselected,-0.9945581049699594,Actor + WGAN-GP,0.007036840621564422
RAFa4,unselected,-0.9833527133015516,Actor + WGAN-GP,0.007805999830262359
RAFa4,unselected,-0.9721473216331438,Actor + WGAN-GP,0.008646226482609154
RAFa4,unselected,-0.9609419299647359,Actor + WGAN-GP,0.009563148244513256
RAFa4,unselected,-0.9497365382963281,Actor + WGAN-GP,0.01056277873796624
RAFa4,unselected,-0.9385311466279203,Actor + WGAN-GP,0.011651533139463696
RAFa4,unselected,-0.9273257549595124,Actor + WGAN-GP,0.012836242405461993
RAFa4,unselected,-0.9161203632911046,Actor + WGAN-GP,0.014124166036846702
RAFa4,unselected,-0.9049149716226967,Actor + WGAN-GP,0.015523003357737628
RAFa4,unselected,-0.893709579954289,Actor + WGAN-GP,0.01704090334517081
RAFa4,unselected,-0.8825041882858812,Actor + WGAN-GP,0.01868647309967409
RAFa4,unselected,-0.8712987966174733,Actor + WGAN-GP,0.02046878508666608
RAFa4,unselected,-0.8600934049490655,Actor + WGAN-GP,0.022397383299313227
RAFa4,unselected,-0.8488880132806577,Actor + WGAN-GP,0.024482288489920765
RAFa4,unselected,-0.8376826216122498,Actor + WGAN-GP,0.02673400258507157
RAFa4,unselected,-0.826477229943842,Actor + WGAN-GP,0.029163512337005752
RAFa4,unselected,-0.8152718382754341,Actor + WGAN-GP,0.031782292169376725
RAFa4,unselected,-0.8040664466070263,Actor + WGAN-GP,0.03460230605091896
RAFa4,unselected,-0.7928610549386185,Actor + WGAN-GP,0.03763600807940898
RAFa4,unselected,-0.7816556632702107,Actor + WGAN-GP,0.040896341286628245
RAFa4,unselected,-0.7704502716018029,Actor + WGAN-GP,0.04439673399122091
RAFa4,unselected,-0.7592448799333951,Actor + WGAN-GP,0.048151092840663934
RAFa4,unselected,-0.7480394882649872,Actor + WGAN-GP,0.05217379150800633
RAFa4,unselected,-0.7368340965965794,Actor + WGAN-GP,0.05647965385647184
RAFa4,unselected,-0.7256287049281716,Actor + WGAN-GP,0.06108393026867214
RAFa4,unselected,-0.7144233132597637,Actor + WGAN-GP,0.06600226576972251
RAFa4,unselected,-0.7032179215913559,Actor + WGAN-GP,0.0712506585663174
RAFa4,unselected,-0.692012529922948,Actor + WGAN-GP,0.07684540768582392
RAFa4,unselected,-0.6808071382545402,Actor + WGAN-GP,0.08280304853681746
RAFa4,unselected,-0.6696017465861324,Actor + WGAN-GP,0.0891402754274589
RAFa4,unselected,-0.6583963549177245,Actor + WGAN-GP,0.09587385036892555
RAFa4,unselected,-0.6471909632493167,Actor + WGAN-GP,0.10302049785141724
RAFa4,unselected,-0.6359855715809088,Actor + WGAN-GP,0.11059678569921931
RAFa4,unselected,-0.624780179912501,Actor + WGAN-GP,0.11861899257402204
RAFa4,unselected,-0.6135747882440932,Actor + WGAN-GP,0.12710296318339556
RAFa4,unselected,-0.6023693965756853,Actor + WGAN-GP,0.13606395274267144
RAFa4,unselected,-0.5911640049072777,Actor + WGAN-GP,0.1455164627101931
RAFa4,unselected,-0.5799586132388699,Actor + WGAN-GP,0.155474070244283
RAFa4,unselected,-0.568753221570462,Actor + WGAN-GP,0.16594925419251869
RAFa4,unselected,-0.5575478299020542,Actor + WGAN-GP,0.17695322069927355
RAFa4,unselected,-0.5463424382336464,Actor + WGAN-GP,0.18849573168896125
RAFa4,unselected,-0.5351370465652385,Actor + WGAN-GP,0.20058493953752
RAFa4,unselected,-0.5239316548968307,Actor + WGAN-GP,0.21322723117659528
RAFa4,unselected,-0.5127262632284229,Actor + WGAN-GP,0.2264270846830254
RAFa4,unselected,-0.501520871560015,Actor + WGAN-GP,0.24018694109637934
RAFa4,unselected,-0.4903154798916072,Actor + WGAN-GP,0.25450709379157366
RAFa4,unselected,-0.47911008822319934,Actor + WGAN-GP,0.2693855972298278
RAFa4,unselected,-0.4679046965547915,Actor + WGAN-GP,0.28481819634206595
RAFa4,unselected,-0.45669930488638366,Actor + WGAN-GP,0.3007982771904519
RAFa4,unselected,-0.4454939132179758,Actor + WGAN-GP,0.3173168389344798
RAFa4,unselected,-0.434288521549568,Actor + WGAN-GP,0.3343624865264746
RAFa4,unselected,-0.42308312988116015,Actor + WGAN-GP,0.3519214430051616
RAFa4,unselected,-0.4118777382127523,Actor + WGAN-GP,0.3699775797697682
RAFa4,unselected,-0.40067234654434447,Actor + WGAN-GP,0.3885124628214382
RAFa4,unselected,-0.38946695487593663,Actor + WGAN-GP,0.4075054126689357
RAFa4,unselected,-0.3782615632075288,Actor + WGAN-GP,0.42693357542064436
RAFa4,unselected,-0.36705617153912096,Actor + WGAN-GP,0.4467720025278702
RAFa4,unselected,-0.35585077987071334,Actor + WGAN-GP,0.4669937367015901
RAFa4,unselected,-0.3446453882023055,Actor + WGAN-GP,0.48756990168715275
RAFa4,unselected,-0.33343999653389766,Actor + WGAN-GP,0.5084697938345373
RAFa4,unselected,-0.3222346048654898,Actor + WGAN-GP,0.5296609737280586
RAFa4,unselected,-0.311029213197082,Actor + WGAN-GP,0.5511093565179147
RAFa4,unselected,-0.29982382152867415,Actor + WGAN-GP,0.5727793000060178
RAFa4,unselected,-0.2886184298602663,Actor + WGAN-GP,0.5946336899584878
RAFa4,unselected,-0.2774130381918585,Actor + WGAN-GP,0.616634022527801
RAFa4,unselected,-0.26620764652345064,Actor + WGAN-GP,0.6387404840521997
RAFa4,unselected,-0.2550022548550428,Actor + WGAN-GP,0.6609120288445316
RAFa4,unselected,-0.24379686318663496,Actor + WGAN-GP,0.6831064558774749
RAFa4,unselected,-0.23259147151822712,Actor + WGAN-GP,0.7052804855109875
RAFa4,unselected,-0.22138607984981928,Actor + WGAN-GP,0.7273898375871521
RAFa4,unselected,-0.21018068818141145,Actor + WGAN-GP,0.7493893123377703
RAFa4,unselected,-0.1989752965130036,Actor + WGAN-GP,0.7712328756125871
RAFa4,unselected,-0.18776990484459577,Actor + WGAN-GP,0.7928737499441549
RAFa4,unselected,-0.17656451317618793,Actor + WGAN-GP,0.8142645129225409
RAFa4,unselected,-0.1653591215077801,Actor + WGAN-GP,0.835357204263141
RAFa4,unselected,-0.15415372983937226,Actor + WGAN-GP,0.8561034428166358
RAFa4,unselected,-0.14294833817096442,Actor + WGAN-GP,0.8764545545936637
RAFa4,unselected,-0.13174294650255658,Actor + WGAN-GP,0.8963617126601982
RAFa4,unselected,-0.12053755483414896,Actor + WGAN-GP,0.9157760895033489
RAFa4,unselected,-0.10933216316574113,Actor + WGAN-GP,0.9346490221735188
RAFa4,unselected,-0.09812677149733329,Actor + WGAN-GP,0.9529321901793
RAFa4,unselected,-0.08692137982892545,Actor + WGAN-GP,0.970577805750081
RAFa4,unselected,-0.07571598816051761,Actor + WGAN-GP,0.9875388156940229
RAFa4,unselected,-0.06451059649210977,Actor + WGAN-GP,1.0037691136745053
RAFa4,unselected,-0.053305204823701935,Actor + WGAN-GP,1.0192237613172228
RAFa4,unselected,-0.0420998131552941,Actor + WGAN-GP,1.0338592161577997
RAFa4,unselected,-0.03089442148688626,Actor + WGAN-GP,1.0476335640613115
RAFa4,unselected,-0.01968902981847842,Actor + WGAN-GP,1.0605067534096315
RAFa4,unselected,-0.008483638150070583,Actor + WGAN-GP,1.0724408280766005
RAFa4,unselected,0.0027217535183372554,Actor + WGAN-GP,1.0834001560138766
RAFa4,unselected,0.013927145186745093,Actor + WGAN-GP,1.093351650165276
RAFa4,unselected,0.02513253685515293,Actor + WGAN-GP,1.1022649784266516
RAFa4,unselected,0.03633792852356077,Actor + WGAN-GP,1.1101127594781726
RAFa4,unselected,0.04754332019196861,Actor + WGAN-GP,1.116870741536489
RAFa4,unselected,0.058748711860376446,Actor + WGAN-GP,1.1225179613998382
RAFa4,unselected,0.06995410352878428,Actor + WGAN-GP,1.1270368815780523
RAFa4,unselected,0.08115949519719212,Actor + WGAN-GP,1.1304135037913603
RAFa4,unselected,0.09236488686559996,Actor + WGAN-GP,1.1326374576662852
RAFa4,unselected,0.1035702785340078,Actor + WGAN-GP,1.133702064023251
RAFa4,unselected,0.11477567020241541,Actor + WGAN-GP,1.1336043727122223
RAFa4,unselected,0.12598106187082325,Actor + WGAN-GP,1.1323451754795353
RAFa4,unselected,0.1371864535392311,Actor + WGAN-GP,1.1299289948135123
RAFa4,unselected,0.14839184520763893,Actor + WGAN-GP,1.1263640500969374
RAFa4,unselected,0.15959723687604677,Actor + WGAN-GP,1.1216622026721503
RAFa4,unselected,0.1708026285444546,Actor + WGAN-GP,1.1158388815905016
RAFa4,unselected,0.18200802021286244,Actor + WGAN-GP,1.1089129918690939
RAFa4,unselected,0.19321341188127028,Actor + WGAN-GP,1.1009068070207126
RAFa4,unselected,0.20441880354967812,Actor + WGAN-GP,1.0918458474701636
RAFa4,unselected,0.21562419521808596,Actor + WGAN-GP,1.081758746243525
RAFa4,unselected,0.2268295868864938,Actor + WGAN-GP,1.0706771030396383
RAFa4,unselected,0.23803497855490163,Actor + WGAN-GP,1.0586353274965805
RAFa4,unselected,0.24924037022330947,Actor + WGAN-GP,1.0456704721770622
RAFa4,unselected,0.2604457618917173,Actor + WGAN-GP,1.03182205554661
RAFa4,unselected,0.27165115356012515,Actor + WGAN-GP,1.017131875030784
RAFa4,unselected,0.282856545228533,Actor + WGAN-GP,1.0016438101329552
RAFa4,unselected,0.2940619368969408,Actor + WGAN-GP,0.9854036155862431
RAFa4,unselected,0.30526732856534866,Actor + WGAN-GP,0.9684587046060873
RAFa4,unselected,0.3164727202337565,Actor + WGAN-GP,0.9508579225024252
RAFa4,unselected,0.32767811190216434,Actor + WGAN-GP,0.9326513111912339
RAFa4,unselected,0.3388835035705722,Actor + WGAN-GP,0.9138898654960526
RAFa4,unselected,0.35008889523898,Actor + WGAN-GP,0.8946252825290325
RAFa4,unselected,0.36129428690738785,Actor + WGAN-GP,0.8749097058589027
RAFa4,unselected,0.3724996785757957,Actor + WGAN-GP,0.854795466581678
RAFa4,unselected,0.3837050702442035,Actor + WGAN-GP,0.834334823779634
RAFa4,unselected,0.39491046191261137,Actor + WGAN-GP,0.8135797071571234
RAFa4,unselected,0.4061158535810192,Actor + WGAN-GP,0.7925814648565536
RAFa4,unselected,0.41732124524942704,Actor + WGAN-GP,0.7713906195662535
RAFa4,unselected,0.4285266369178349,Actor + WGAN-GP,0.7500566360238196
RAFa4,unselected,0.4397320285862427,Actor + WGAN-GP,0.7286277028905495
RAFa4,unselected,0.45093742025465056,Actor + WGAN-GP,0.7071505317294142
RAFa4,unselected,0.4621428119230584,Actor + WGAN-GP,0.6856701754709085
RAFa4,unselected,0.47334820359146623,Actor + WGAN-GP,0.6642298683159122
RAFa4,unselected,0.4845535952598736,Actor + WGAN-GP,0.6428708885230304
RAFa4,unselected,0.49575898692828146,Actor + WGAN-GP,0.6216324449850272
RAFa4,unselected,0.5069643785966893,Actor + WGAN-GP,0.6005515879401103
RAFa4,unselected,0.5181697702650971,Actor + WGAN-GP,0.5796631436148273
RAFa4,unselected,0.529375161933505,Actor + WGAN-GP,0.558999672079198
RAFa4,unselected,0.5405805536019128,Actor + WGAN-GP,0.5385914471320875
RAFa4,unselected,0.5517859452703207,Actor + WGAN-GP,0.5184664566409668
RAFa4,unselected,0.5629913369387285,Actor + WGAN-GP,0.49865042144678445
RAFa4,unselected,0.5741967286071363,Actor + WGAN-GP,0.47916683071685295
RAFa4,unselected,0.5854021202755442,Actor + WGAN-GP,0.4600369914878301
RAFa4,unselected,0.596607511943952,Actor + WGAN-GP,0.4412800900829089
RAFa4,unselected,0.6078129036123598,Actor + WGAN-GP,0.4229132631052224
RAFa4,unselected,0.6190182952807677,Actor + WGAN-GP,0.4049516757926922
RAFa4,unselected,0.6302236869491755,Actor + WGAN-GP,0.3874086056559929
RAFa4,unselected,0.6414290786175834,Actor + WGAN-GP,0.3702955294984855
RAFa4,unselected,0.6526344702859912,Actor + WGAN-GP,0.3536222121217303
RAFa4,unselected,0.663839861954399,Actor + WGAN-GP,0.3373967952412252
RAFa4,unselected,0.6750452536228069,Actor + WGAN-GP,0.32162588536393266
RAFa4,unselected,0.6862506452912147,Actor + WGAN-GP,0.3063146396038239
RAFa4,unselected,0.6974560369596225,Actor + WGAN-GP,0.291466848627996
RAFa4,unselected,0.7086614286280304,Actor + WGAN-GP,0.2770850161296152
RAFa4,unselected,0.7198668202964382,Actor + WGAN-GP,0.2631704344128129
RAFa4,unselected,0.7310722119648461,Actor + WGAN-GP,0.249723255847543
RAFa4,unselected,0.7422776036332539,Actor + WGAN-GP,0.2367425601093385
RAFa4,unselected,0.7534829953016617,Actor + WGAN-GP,0.2242264172601875
RAFa4,unselected,0.7646883869700696,Actor + WGAN-GP,0.21217194685290536
RAFa4,unselected,0.7758937786384774,Actor + WGAN-GP,0.20057537335241787
RAFa4,unselected,0.7870991703068853,Actor + WGAN-GP,0.1894320782629965
RAFa4,unselected,0.7983045619752931,Actor + WGAN-GP,0.1787366494296871
RAFa4,unselected,0.8095099536437009,Actor + WGAN-GP,0.16848292804328333
RAFa4,unselected,0.8207153453121088,Actor + WGAN-GP,0.15866405391941477
RAFa4,unselected,0.8319207369805166,Actor + WGAN-GP,0.14927250964145303
RAFa4,unselected,0.8431261286489244,Actor + WGAN-GP,0.14030016415223917
RAFa4,unselected,0.8543315203173323,Actor + WGAN-GP,0.13173831634976801
RAFa4,unselected,0.8655369119857401,Actor + WGAN-GP,0.12357773918661745
RAFa4,unselected,0.876742303654148,Actor + WGAN-GP,0.11580872469290814
RAFa4,unselected,0.8879476953225558,Actor + WGAN-GP,0.1084211302400924
RAFa4,unselected,0.8991530869909636,Actor + WGAN-GP,0.10140442624155999
RAFa4,unselected,0.9103584786593715,Actor + WGAN-GP,0.09474774535082994
RAFa4,unselected,0.9215638703277793,Actor + WGAN-GP,0.08843993307518305
RAFa4,unselected,0.9327692619961871,Actor + WGAN-GP,0.08246959957889259
RAFa4,unselected,0.943974653664595,Actor + WGAN-GP,0.07682517231323563
RAFa4,unselected,0.9551800453330024,Actor + WGAN-GP,0.0714949489875485
RAFa4,unselected,0.9663854370014102,Actor + WGAN-GP,0.06646715029371499
RAFa4,unselected,0.9775908286698181,Actor + WGAN-GP,0.06172997172156254
RAFa4,unselected,0.9887962203382259,Actor + WGAN-GP,0.057271633759160785
RAFa4,unselected,1.0000016120066337,Actor + WGAN-GP,0.05308042976298397
RAFa4,unselected,1.0112070036750416,Actor + WGAN-GP,0.04914477080898633
RAFa4,unselected,1.0224123953434494,Actor + WGAN-GP,0.04545322689597857
RAFa4,unselected,1.0336177870118572,Actor + WGAN-GP,0.04199456396403353
RAFa4,unselected,1.044823178680265,Actor + WGAN-GP,0.038757776308304986
RAFa4,unselected,1.056028570348673,Actor + WGAN-GP,0.03573211410620164
RAFa4,unselected,1.0672339620170808,Actor + WGAN-GP,0.0329071059260634
RAFa4,unselected,1.0784393536854886,Actor + WGAN-GP,0.030272576240265178
RAFa4,unselected,1.0896447453538964,Actor + WGAN-GP,0.02781865811700632
RAFa4,unselected,1.1008501370223043,Actor + WGAN-GP,0.02553580140520897
RAFa4,unselected,1.1120555286907121,Actor + WGAN-GP,0.023414776849024526
RAFa4,unselected,1.12326092035912,Actor + WGAN-GP,0.02144667666681587
RAFa4,unselected,1.1344663120275278,Actor + WGAN-GP,0.019622912199954212
RAFa4,unselected,1.1456717036959356,Actor + WGAN-GP,0.01793520927687263
RAFa4,unselected,1.1568770953643435,Actor + WGAN-GP,0.01637560194687792
RAFa4,unselected,1.1680824870327513,Actor + WGAN-GP,0.014936425217265932
RAFa4,unselected,1.1792878787011591,Actor + WGAN-GP,0.013610307378933607
RAFa4,unselected,1.190493270369567,Actor + WGAN-GP,0.01239016243392792
RAFa4,unselected,1.2016986620379748,Actor + WGAN-GP,0.011269183048236153
RAFa4,unselected,1.2129040537063827,Actor + WGAN-GP,0.01024083435034101
RAFa4,unselected,1.2241094453747905,Actor + WGAN-GP,0.009298848786704412
RAFa4,unselected,1.2353148370431983,Actor + WGAN-GP,0.00843722213542933
RAFa4,unselected,1.2465202287116062,Actor + WGAN-GP,0.007650210674551934
RAFa4,unselected,1.257725620380014,Actor + WGAN-GP,0.0069323294067175955
RAFa4,unselected,1.2689310120484218,Actor + WGAN-GP,0.006278351161514788
RAFa4,unselected,1.2801364037168297,Actor + WGAN-GP,0.005683306333513158
RAFa4,unselected,1.2913417953852375,Actor + WGAN-GP,0.00514248296999697
RAFa4,unselected,1.3025471870536454,Actor + WGAN-GP,0.004651426898244046
RAFa4,unselected,1.3137525787220532,Actor + WGAN-GP,0.0042059415776305375
RAFa4,unselected,1.324957970390461,Actor + WGAN-GP,0.0038020873755011016
RAFa4,unselected,1.3361633620588689,Actor + WGAN-GP,0.0034361799954551226
RAFa4,unselected,1.3473687537272767,Actor + WGAN-GP,0.0031047878296501805
RAFa4,unselected,1.3585741453956846,Actor + WGAN-GP,0.0028047280596547562
RAFa4,unselected,1.3697795370640924,Actor + WGAN-GP,0.002533061389810284
RAFa4,unselected,1.3809849287325002,Actor + WGAN-GP,0.00228708535948824
RAFa4,unselected,1.392190320400908,Actor + WGAN-GP,0.0020643262427000935
RAFa4,unselected,1.403395712069316,Actor + WGAN-GP,0.0018625296022172
RAFa4,unselected,1.4146011037377237,Actor + WGAN-GP,0.001679649618092531
RAFa4,unselected,1.4258064954061316,Actor + WGAN-GP,0.0015138373551970663
RAFa4,unselected,1.437011887074539,Actor + WGAN-GP,0.001363428169611868
RAFa4,unselected,1.4482172787429468,Actor + WGAN-GP,0.0012269284785767943
RAFa4,unselected,1.4594226704113546,Actor + WGAN-GP,0.0011030021328888996
RAFa4,unselected,1.4706280620797625,Actor + WGAN-GP,0.0009904566344056528
RAFa4,unselected,1.4818334537481703,Actor + WGAN-GP,0.000888229435345145
RAFa4,unselected,1.4930388454165782,Actor + WGAN-GP,0.0007953745414806338
RAFa4,unselected,1.504244237084986,Actor + WGAN-GP,0.0007110496194828832
RAFa4,unselected,1.5154496287533938,Actor + WGAN-GP,0.0006345037811517585
RAFa4,unselected,1.5266550204218017,Actor + WGAN-GP,0.0005650661857757149
RAFa4,unselected,1.5378604120902095,Actor + WGAN-GP,0.0005021355680516973
RAFa4,unselected,1.5490658037586174,Actor + WGAN-GP,0.00044517076450159093
RAFa4,unselected,1.5602711954270252,Actor + WGAN-GP,0.00039368227760887254
RAFa4,unselected,1.571476587095433,Actor + WGAN-GP,0.0003472248852485215
RAFa4,unselected,1.5826819787638409,Actor + WGAN-GP,0.0003053912744413506
RAFa4,unselected,1.5938873704322487,Actor + WGAN-GP,0.00026780665382204955
RAFa4,unselected,1.6050927621006565,Actor + WGAN-GP,0.0002341242789982097
RAFa4,unselected,1.6162981537690644,Actor + WGAN-GP,0.00020402180946882205
RAFa4,unselected,1.6275035454374722,Actor + WGAN-GP,0.00017719840500197292
RAFa4,unselected,1.63870893710588,Actor + WGAN-GP,0.00015337246316803375
RAFa4,unselected,1.649914328774288,Actor + WGAN-GP,0.00013227989773731064
RAFa4,unselected,1.6611197204426957,Actor + WGAN-GP,0.00011367285939255753
RAFa4,unselected,1.6723251121111036,Actor + WGAN-GP,9.731880509372043e-05
