node,role,time_s,series,input_value,input_definition,fixed_particle
RPFa3,selected SOZ,0.0,Original Actor,-0.4223188811057748,normalized direct input,0
RPFa3,selected SOZ,0.00390625,Original Actor,-0.8327161627792137,normalized direct input,0
RPFa3,selected SOZ,0.0078125,Original Actor,-1.1320974820686232,normalized direct input,0
RPFa3,selected SOZ,0.01171875,Original Actor,-0.7883576952067262,normalized direct input,0
RPFa3,selected SOZ,0.015625,Original Actor,0.7083652940609567,normalized direct input,0
RPFa3,selected SOZ,0.01953125,Original Actor,0.8072807059058609,normalized direct input,0
RPFa3,selected SOZ,0.0234375,Original Actor,0.06045167506742288,normalized direct input,0
RPFa3,selected SOZ,0.02734375,Original Actor,0.5833796437492751,normalized direct input,0
RPFa3,selected SOZ,0.03125,Original Actor,-0.8982092763245983,normalized direct input,0
RPFa3,selected SOZ,0.03515625,Original Actor,-0.20060622009308626,normalized direct input,0
RPFa3,selected SOZ,0.0390625,Original Actor,-0.8025648528098078,normalized direct input,0
RPFa3,selected SOZ,0.04296875,Original Actor,-0.7229109789906428,normalized direct input,0
RPFa3,selected SOZ,0.046875,Original Actor,0.6462886081439457,normalized direct input,0
RPFa3,selected SOZ,0.05078125,Original Actor,0.9989039545606422,normalized direct input,0
RPFa3,selected SOZ,0.0546875,Original Actor,0.6208192838950756,normalized direct input,0
RPFa3,selected SOZ,0.05859375,Original Actor,-0.6603409377362944,normalized direct input,0
RPFa3,selected SOZ,0.0625,Original Actor,-0.13461663736690765,normalized direct input,0
RPFa3,selected SOZ,0.06640625,Original Actor,0.6882798273621584,normalized direct input,0
RPFa3,selected SOZ,0.0703125,Original Actor,0.653256488140054,normalized direct input,0
RPFa3,selected SOZ,0.07421875,Original Actor,-1.1270615300250522,normalized direct input,0
RPFa3,selected SOZ,0.078125,Original Actor,-0.2637270347358488,normalized direct input,0
RPFa3,selected SOZ,0.08203125,Original Actor,0.7133440620090102,normalized direct input,0
RPFa3,selected SOZ,0.0859375,Original Actor,0.46123227792366317,normalized direct input,0
RPFa3,selected SOZ,0.08984375,Original Actor,-0.6029427661385609,normalized direct input,0
RPFa3,selected SOZ,0.09375,Original Actor,-0.37013261576978734,normalized direct input,0
RPFa3,selected SOZ,0.09765625,Original Actor,-0.35829252977941883,normalized direct input,0
RPFa3,selected SOZ,0.1015625,Original Actor,-0.04115555467047108,normalized direct input,0
RPFa3,selected SOZ,0.10546875,Original Actor,-0.48110143211669026,normalized direct input,0
RPFa3,selected SOZ,0.109375,Original Actor,0.12395693464494947,normalized direct input,0
RPFa3,selected SOZ,0.11328125,Original Actor,-0.4391277717373614,normalized direct input,0
RPFa3,selected SOZ,0.1171875,Original Actor,-1.0851781920968722,normalized direct input,0
RPFa3,selected SOZ,0.12109375,Original Actor,0.2366087312438786,normalized direct input,0
RPFa3,selected SOZ,0.125,Original Actor,-0.3384579583103238,normalized direct input,0
RPFa3,selected SOZ,0.12890625,Original Actor,-0.7597347263306247,normalized direct input,0
RPFa3,selected SOZ,0.1328125,Original Actor,0.25627146384571015,normalized direct input,0
RPFa3,selected SOZ,0.13671875,Original Actor,0.36913396102085644,normalized direct input,0
RPFa3,selected SOZ,0.140625,Original Actor,0.7644297246870599,normalized direct input,0
RPFa3,selected SOZ,0.14453125,Original Actor,-0.8341509537661039,normalized direct input,0
RPFa3,selected SOZ,0.1484375,Original Actor,-1.2697623376958271,normalized direct input,0
RPFa3,selected SOZ,0.15234375,Original Actor,-1.217934159407526,normalized direct input,0
RPFa3,selected SOZ,0.15625,Original Actor,-1.2167377546821005,normalized direct input,0
RPFa3,selected SOZ,0.16015625,Original Actor,-0.03666384925993796,normalized direct input,0
RPFa3,selected SOZ,0.1640625,Original Actor,0.1970002875579657,normalized direct input,0
RPFa3,selected SOZ,0.16796875,Original Actor,0.21791228896305279,normalized direct input,0
RPFa3,selected SOZ,0.171875,Original Actor,0.8200592869935369,normalized direct input,0
RPFa3,selected SOZ,0.17578125,Original Actor,0.22873285106398594,normalized direct input,0
RPFa3,selected SOZ,0.1796875,Original Actor,0.3794925195923474,normalized direct input,0
RPFa3,selected SOZ,0.18359375,Original Actor,0.23105913607443185,normalized direct input,0
RPFa3,selected SOZ,0.1875,Original Actor,-0.9044307470530151,normalized direct input,0
RPFa3,selected SOZ,0.19140625,Original Actor,-1.1928687700383889,normalized direct input,0
RPFa3,selected SOZ,0.1953125,Original Actor,-0.6716630438751238,normalized direct input,0
RPFa3,selected SOZ,0.19921875,Original Actor,0.4302925534236136,normalized direct input,0
RPFa3,selected SOZ,0.203125,Original Actor,0.6870736046461807,normalized direct input,0
RPFa3,selected SOZ,0.20703125,Original Actor,0.367572658330809,normalized direct input,0
RPFa3,selected SOZ,0.2109375,Original Actor,-0.7944772085628805,normalized direct input,0
RPFa3,selected SOZ,0.21484375,Original Actor,-0.5550089105130458,normalized direct input,0
RPFa3,selected SOZ,0.21875,Original Actor,-0.8840487911383406,normalized direct input,0
RPFa3,selected SOZ,0.22265625,Original Actor,0.4097483108454115,normalized direct input,0
RPFa3,selected SOZ,0.2265625,Original Actor,-0.6432895284759386,normalized direct input,0
RPFa3,selected SOZ,0.23046875,Original Actor,-0.8457350634160961,normalized direct input,0
RPFa3,selected SOZ,0.234375,Original Actor,0.27046145424934787,normalized direct input,0
RPFa3,selected SOZ,0.23828125,Original Actor,0.2938372223238175,normalized direct input,0
RPFa3,selected SOZ,0.2421875,Original Actor,-0.7474680412481609,normalized direct input,0
RPFa3,selected SOZ,0.24609375,Original Actor,0.736975941234796,normalized direct input,0
RPFa3,selected SOZ,0.25,Original Actor,0.39918976773475423,normalized direct input,0
RPFa3,selected SOZ,0.25390625,Original Actor,-0.5332359614286547,normalized direct input,0
RPFa3,selected SOZ,0.2578125,Original Actor,0.3556240359178684,normalized direct input,0
RPFa3,selected SOZ,0.26171875,Original Actor,-0.7065876048083506,normalized direct input,0
RPFa3,selected SOZ,0.265625,Original Actor,-0.40836165609958464,normalized direct input,0
RPFa3,selected SOZ,0.26953125,Original Actor,0.13247912894165828,normalized direct input,0
RPFa3,selected SOZ,0.2734375,Original Actor,0.7635352890022363,normalized direct input,0
RPFa3,selected SOZ,0.27734375,Original Actor,0.44884528268757956,normalized direct input,0
RPFa3,selected SOZ,0.28125,Original Actor,-0.0888287247708518,normalized direct input,0
RPFa3,selected SOZ,0.28515625,Original Actor,-0.734812486200094,normalized direct input,0
RPFa3,selected SOZ,0.2890625,Original Actor,-0.5083683885630946,normalized direct input,0
RPFa3,selected SOZ,0.29296875,Original Actor,-0.9764280038843693,normalized direct input,0
RPFa3,selected SOZ,0.296875,Original Actor,0.012379059153701438,normalized direct input,0
RPFa3,selected SOZ,0.30078125,Original Actor,-0.037471098926581514,normalized direct input,0
RPFa3,selected SOZ,0.3046875,Original Actor,-0.7140950628824783,normalized direct input,0
RPFa3,selected SOZ,0.30859375,Original Actor,-0.027487557859076445,normalized direct input,0
RPFa3,selected SOZ,0.3125,Original Actor,-0.43056771478016154,normalized direct input,0
RPFa3,selected SOZ,0.31640625,Original Actor,-0.5161459202346534,normalized direct input,0
RPFa3,selected SOZ,0.3203125,Original Actor,0.31995361919156384,normalized direct input,0
RPFa3,selected SOZ,0.32421875,Original Actor,-0.1011072814241536,normalized direct input,0
RPFa3,selected SOZ,0.328125,Original Actor,-0.14431095705674096,normalized direct input,0
RPFa3,selected SOZ,0.33203125,Original Actor,0.25630592585585166,normalized direct input,0
RPFa3,selected SOZ,0.3359375,Original Actor,-0.45023899189228606,normalized direct input,0
RPFa3,selected SOZ,0.33984375,Original Actor,-0.10249165152866373,normalized direct input,0
RPFa3,selected SOZ,0.34375,Original Actor,-0.0770042729722265,normalized direct input,0
RPFa3,selected SOZ,0.34765625,Original Actor,-0.013947785249999178,normalized direct input,0
RPFa3,selected SOZ,0.3515625,Original Actor,0.05334268676520637,normalized direct input,0
RPFa3,selected SOZ,0.35546875,Original Actor,0.2092026898454073,normalized direct input,0
RPFa3,selected SOZ,0.359375,Original Actor,0.3037282063514507,normalized direct input,0
RPFa3,selected SOZ,0.36328125,Original Actor,-0.8668226494631617,normalized direct input,0
RPFa3,selected SOZ,0.3671875,Original Actor,-0.1219174775699518,normalized direct input,0
RPFa3,selected SOZ,0.37109375,Original Actor,-0.4414559224650249,normalized direct input,0
RPFa3,selected SOZ,0.375,Original Actor,-1.1941001362051988,normalized direct input,0
RPFa3,selected SOZ,0.37890625,Original Actor,-0.2685381018811998,normalized direct input,0
RPFa3,selected SOZ,0.3828125,Original Actor,0.3331850116728632,normalized direct input,0
RPFa3,selected SOZ,0.38671875,Original Actor,0.2709901789785062,normalized direct input,0
RPFa3,selected SOZ,0.390625,Original Actor,-0.22487422648905936,normalized direct input,0
RPFa3,selected SOZ,0.39453125,Original Actor,-1.181803695657054,normalized direct input,0
RPFa3,selected SOZ,0.3984375,Original Actor,-0.3466252174993186,normalized direct input,0
RPFa3,selected SOZ,0.40234375,Original Actor,0.18257644757870406,normalized direct input,0
RPFa3,selected SOZ,0.40625,Original Actor,-0.9625702762233751,normalized direct input,0
RPFa3,selected SOZ,0.41015625,Original Actor,0.7529125615734605,normalized direct input,0
RPFa3,selected SOZ,0.4140625,Original Actor,-0.10111528867374131,normalized direct input,0
RPFa3,selected SOZ,0.41796875,Original Actor,0.12779461612005802,normalized direct input,0
RPFa3,selected SOZ,0.421875,Original Actor,-0.4724514868253068,normalized direct input,0
RPFa3,selected SOZ,0.42578125,Original Actor,-0.34286205718024343,normalized direct input,0
RPFa3,selected SOZ,0.4296875,Original Actor,-0.489889629078882,normalized direct input,0
RPFa3,selected SOZ,0.43359375,Original Actor,-1.2393257138669087,normalized direct input,0
RPFa3,selected SOZ,0.4375,Original Actor,0.2635811868567217,normalized direct input,0
RPFa3,selected SOZ,0.44140625,Original Actor,0.4112532015628384,normalized direct input,0
RPFa3,selected SOZ,0.4453125,Original Actor,-0.2055102772199912,normalized direct input,0
RPFa3,selected SOZ,0.44921875,Original Actor,-0.04252593504117386,normalized direct input,0
RPFa3,selected SOZ,0.453125,Original Actor,-0.2555444234240272,normalized direct input,0
RPFa3,selected SOZ,0.45703125,Original Actor,-0.441223194698054,normalized direct input,0
RPFa3,selected SOZ,0.4609375,Original Actor,-1.2972959687778451,normalized direct input,0
RPFa3,selected SOZ,0.46484375,Original Actor,-0.6106669439498429,normalized direct input,0
RPFa3,selected SOZ,0.46875,Original Actor,-0.3005752264754592,normalized direct input,0
RPFa3,selected SOZ,0.47265625,Original Actor,-1.378449633362766,normalized direct input,0
RPFa3,selected SOZ,0.4765625,Original Actor,-0.9115091577778875,normalized direct input,0
RPFa3,selected SOZ,0.48046875,Original Actor,-0.14254190499454472,normalized direct input,0
RPFa3,selected SOZ,0.484375,Original Actor,0.7916688869962558,normalized direct input,0
RPFa3,selected SOZ,0.48828125,Original Actor,0.5625663817817252,normalized direct input,0
RPFa3,selected SOZ,0.4921875,Original Actor,-1.0365670185090077,normalized direct input,0
RPFa3,selected SOZ,0.49609375,Original Actor,-0.6210544324579692,normalized direct input,0
RPFa3,selected SOZ,0.5,Original Actor,0.4018082058608194,normalized direct input,0
RPFa3,selected SOZ,0.50390625,Original Actor,0.26226094738431843,normalized direct input,0
RPFa3,selected SOZ,0.5078125,Original Actor,-0.540414484387129,normalized direct input,0
RPFa3,selected SOZ,0.51171875,Original Actor,-0.5737435800882136,normalized direct input,0
RPFa3,selected SOZ,0.515625,Original Actor,-0.5192813949300028,normalized direct input,0
RPFa3,selected SOZ,0.51953125,Original Actor,-0.6666357566734523,normalized direct input,0
RPFa3,selected SOZ,0.5234375,Original Actor,0.7241136981410297,normalized direct input,0
RPFa3,selected SOZ,0.52734375,Original Actor,0.7608575741562569,normalized direct input,0
RPFa3,selected SOZ,0.53125,Original Actor,0.678088761776143,normalized direct input,0
RPFa3,selected SOZ,0.53515625,Original Actor,0.07217206692386727,normalized direct input,0
RPFa3,selected SOZ,0.5390625,Original Actor,0.06588537528637303,normalized direct input,0
RPFa3,selected SOZ,0.54296875,Original Actor,-1.191757966434493,normalized direct input,0
RPFa3,selected SOZ,0.546875,Original Actor,-0.9708939511642658,normalized direct input,0
RPFa3,selected SOZ,0.55078125,Original Actor,-0.9562779735466997,normalized direct input,0
RPFa3,selected SOZ,0.5546875,Original Actor,-1.2164456294995918,normalized direct input,0
RPFa3,selected SOZ,0.55859375,Original Actor,0.016636822033194887,normalized direct input,0
RPFa3,selected SOZ,0.5625,Original Actor,-0.3262462793544008,normalized direct input,0
RPFa3,selected SOZ,0.56640625,Original Actor,-0.16901636995817496,normalized direct input,0
RPFa3,selected SOZ,0.5703125,Original Actor,-0.5926352815447125,normalized direct input,0
RPFa3,selected SOZ,0.57421875,Original Actor,0.13579475390336063,normalized direct input,0
RPFa3,selected SOZ,0.578125,Original Actor,-0.28096097235091594,normalized direct input,0
RPFa3,selected SOZ,0.58203125,Original Actor,0.7745120741346291,normalized direct input,0
RPFa3,selected SOZ,0.5859375,Original Actor,-0.8458869082415391,normalized direct input,0
RPFa3,selected SOZ,0.58984375,Original Actor,-0.8121451421099624,normalized direct input,0
RPFa3,selected SOZ,0.59375,Original Actor,-0.24620961459663757,normalized direct input,0
RPFa3,selected SOZ,0.59765625,Original Actor,-0.027359517699960867,normalized direct input,0
RPFa3,selected SOZ,0.6015625,Original Actor,0.3509072395482577,normalized direct input,0
RPFa3,selected SOZ,0.60546875,Original Actor,0.6284691942876957,normalized direct input,0
RPFa3,selected SOZ,0.609375,Original Actor,-0.666197313060609,normalized direct input,0
RPFa3,selected SOZ,0.61328125,Original Actor,0.4723756907245125,normalized direct input,0
RPFa3,selected SOZ,0.6171875,Original Actor,-1.2885887944690997,normalized direct input,0
RPFa3,selected SOZ,0.62109375,Original Actor,-1.1526800191408184,normalized direct input,0
RPFa3,selected SOZ,0.625,Original Actor,-0.2870598254055705,normalized direct input,0
RPFa3,selected SOZ,0.62890625,Original Actor,0.47380745677760483,normalized direct input,0
RPFa3,selected SOZ,0.6328125,Original Actor,0.2797010581637654,normalized direct input,0
RPFa3,selected SOZ,0.63671875,Original Actor,-0.6067700422751345,normalized direct input,0
RPFa3,selected SOZ,0.640625,Original Actor,0.7047226119202411,normalized direct input,0
RPFa3,selected SOZ,0.64453125,Original Actor,-0.33272105254173606,normalized direct input,0
RPFa3,selected SOZ,0.6484375,Original Actor,-1.2252143740946528,normalized direct input,0
RPFa3,selected SOZ,0.65234375,Original Actor,-0.14227422851568777,normalized direct input,0
RPFa3,selected SOZ,0.65625,Original Actor,0.20614956110008698,normalized direct input,0
RPFa3,selected SOZ,0.66015625,Original Actor,0.7298980875264587,normalized direct input,0
RPFa3,selected SOZ,0.6640625,Original Actor,-1.0077619912732738,normalized direct input,0
RPFa3,selected SOZ,0.66796875,Original Actor,-0.0731022134376941,normalized direct input,0
RPFa3,selected SOZ,0.671875,Original Actor,0.5568379872210409,normalized direct input,0
RPFa3,selected SOZ,0.67578125,Original Actor,-1.069790191858234,normalized direct input,0
RPFa3,selected SOZ,0.6796875,Original Actor,-1.202585284611247,normalized direct input,0
RPFa3,selected SOZ,0.68359375,Original Actor,-1.2129329649061178,normalized direct input,0
RPFa3,selected SOZ,0.6875,Original Actor,-1.0095261032305654,normalized direct input,0
RPFa3,selected SOZ,0.69140625,Original Actor,0.5772360368077604,normalized direct input,0
RPFa3,selected SOZ,0.6953125,Original Actor,0.4645182158598952,normalized direct input,0
RPFa3,selected SOZ,0.69921875,Original Actor,-0.18615738843492077,normalized direct input,0
RPFa3,selected SOZ,0.703125,Original Actor,-0.8050516829129017,normalized direct input,0
RPFa3,selected SOZ,0.70703125,Original Actor,-0.9968326008539152,normalized direct input,0
RPFa3,selected SOZ,0.7109375,Original Actor,0.382455445401801,normalized direct input,0
RPFa3,selected SOZ,0.71484375,Original Actor,-1.0791859123275958,normalized direct input,0
RPFa3,selected SOZ,0.71875,Original Actor,-0.7293533707612339,normalized direct input,0
RPFa3,selected SOZ,0.72265625,Original Actor,-0.5086131930068556,normalized direct input,0
RPFa3,selected SOZ,0.7265625,Original Actor,0.08829232911952872,normalized direct input,0
RPFa3,selected SOZ,0.73046875,Original Actor,0.5139561682010512,normalized direct input,0
RPFa3,selected SOZ,0.734375,Original Actor,0.39293663376508264,normalized direct input,0
RPFa3,selected SOZ,0.73828125,Original Actor,-0.20857099103269539,normalized direct input,0
RPFa3,selected SOZ,0.7421875,Original Actor,-0.4662602210427188,normalized direct input,0
RPFa3,selected SOZ,0.74609375,Original Actor,0.055532720145905295,normalized direct input,0
RPFa3,selected SOZ,0.75,Original Actor,-0.5797283319701524,normalized direct input,0
RPFa3,selected SOZ,0.75390625,Original Actor,-1.1155300733097218,normalized direct input,0
RPFa3,selected SOZ,0.7578125,Original Actor,-0.5093098402344601,normalized direct input,0
RPFa3,selected SOZ,0.76171875,Original Actor,-0.481856347764967,normalized direct input,0
RPFa3,selected SOZ,0.765625,Original Actor,-0.05044900151857912,normalized direct input,0
RPFa3,selected SOZ,0.76953125,Original Actor,-0.5100117638799063,normalized direct input,0
RPFa3,selected SOZ,0.7734375,Original Actor,-1.3417570872751383,normalized direct input,0
RPFa3,selected SOZ,0.77734375,Original Actor,-1.0259390931167058,normalized direct input,0
RPFa3,selected SOZ,0.78125,Original Actor,-0.6713589985253192,normalized direct input,0
RPFa3,selected SOZ,0.78515625,Original Actor,-0.09293681917076752,normalized direct input,0
RPFa3,selected SOZ,0.7890625,Original Actor,0.6367853573724546,normalized direct input,0
RPFa3,selected SOZ,0.79296875,Original Actor,-0.5448036030408443,normalized direct input,0
RPFa3,selected SOZ,0.796875,Original Actor,0.8048367742175178,normalized direct input,0
RPFa3,selected SOZ,0.80078125,Original Actor,0.24869174242580885,normalized direct input,0
RPFa3,selected SOZ,0.8046875,Original Actor,-0.1696466156090929,normalized direct input,0
RPFa3,selected SOZ,0.80859375,Original Actor,-0.2848025305297291,normalized direct input,0
RPFa3,selected SOZ,0.8125,Original Actor,-0.0009365188592278528,normalized direct input,0
RPFa3,selected SOZ,0.81640625,Original Actor,0.8247433461678774,normalized direct input,0
RPFa3,selected SOZ,0.8203125,Original Actor,0.6361334215667865,normalized direct input,0
RPFa3,selected SOZ,0.82421875,Original Actor,0.599076440346934,normalized direct input,0
RPFa3,selected SOZ,0.828125,Original Actor,0.35484494606723804,normalized direct input,0
RPFa3,selected SOZ,0.83203125,Original Actor,-0.529193217371117,normalized direct input,0
RPFa3,selected SOZ,0.8359375,Original Actor,-0.30584661187715156,normalized direct input,0
RPFa3,selected SOZ,0.83984375,Original Actor,-0.4964535747575054,normalized direct input,0
RPFa3,selected SOZ,0.84375,Original Actor,0.9572169763901719,normalized direct input,0
RPFa3,selected SOZ,0.84765625,Original Actor,0.22679316577868766,normalized direct input,0
RPFa3,selected SOZ,0.8515625,Original Actor,-1.1383100883516635,normalized direct input,0
RPFa3,selected SOZ,0.85546875,Original Actor,-1.1141669737414137,normalized direct input,0
RPFa3,selected SOZ,0.859375,Original Actor,-0.6268143310716612,normalized direct input,0
RPFa3,selected SOZ,0.86328125,Original Actor,-0.7463387339883554,normalized direct input,0
RPFa3,selected SOZ,0.8671875,Original Actor,0.8090337315687358,normalized direct input,0
RPFa3,selected SOZ,0.87109375,Original Actor,0.801322882400429,normalized direct input,0
RPFa3,selected SOZ,0.875,Original Actor,0.24460521235930058,normalized direct input,0
RPFa3,selected SOZ,0.87890625,Original Actor,0.9203172148819555,normalized direct input,0
RPFa3,selected SOZ,0.8828125,Original Actor,-0.995123007308935,normalized direct input,0
RPFa3,selected SOZ,0.88671875,Original Actor,0.13714324236664027,normalized direct input,0
RPFa3,selected SOZ,0.890625,Original Actor,0.1601549038971679,normalized direct input,0
RPFa3,selected SOZ,0.89453125,Original Actor,0.45736875572761587,normalized direct input,0
RPFa3,selected SOZ,0.8984375,Original Actor,0.8174545436706705,normalized direct input,0
RPFa3,selected SOZ,0.90234375,Original Actor,-0.1946977489840052,normalized direct input,0
RPFa3,selected SOZ,0.90625,Original Actor,0.1668152463532091,normalized direct input,0
RPFa3,selected SOZ,0.91015625,Original Actor,0.154056521528698,normalized direct input,0
RPFa3,selected SOZ,0.9140625,Original Actor,0.6754734249095433,normalized direct input,0
RPFa3,selected SOZ,0.91796875,Original Actor,0.8668093588033966,normalized direct input,0
RPFa3,selected SOZ,0.921875,Original Actor,0.6846330695096374,normalized direct input,0
RPFa3,selected SOZ,0.92578125,Original Actor,-0.444226289073252,normalized direct input,0
RPFa3,selected SOZ,0.9296875,Original Actor,-1.2373659970752824,normalized direct input,0
RPFa3,selected SOZ,0.93359375,Original Actor,-1.1098311725829044,normalized direct input,0
RPFa3,selected SOZ,0.9375,Original Actor,0.4355253660237782,normalized direct input,0
RPFa3,selected SOZ,0.94140625,Original Actor,0.5172556356997896,normalized direct input,0
RPFa3,selected SOZ,0.9453125,Original Actor,0.787150059134162,normalized direct input,0
RPFa3,selected SOZ,0.94921875,Original Actor,0.6001570272153127,normalized direct input,0
RPFa3,selected SOZ,0.953125,Original Actor,-0.2256790160570324,normalized direct input,0
RPFa3,selected SOZ,0.95703125,Original Actor,0.6733299476758716,normalized direct input,0
RPFa3,selected SOZ,0.9609375,Original Actor,0.8595312337955169,normalized direct input,0
RPFa3,selected SOZ,0.96484375,Original Actor,0.7809187709319854,normalized direct input,0
RPFa3,selected SOZ,0.96875,Original Actor,-0.15392637698975148,normalized direct input,0
RPFa3,selected SOZ,0.97265625,Original Actor,-0.23069748091481151,normalized direct input,0
RPFa3,selected SOZ,0.9765625,Original Actor,-1.0077497012028684,normalized direct input,0
RPFa3,selected SOZ,0.98046875,Original Actor,0.489191728848612,normalized direct input,0
RPFa3,selected SOZ,0.984375,Original Actor,0.8580873227097202,normalized direct input,0
RPFa3,selected SOZ,0.98828125,Original Actor,0.9902989858868994,normalized direct input,0
RPFa3,selected SOZ,0.9921875,Original Actor,-1.1276069853945656,normalized direct input,0
RPFa3,selected SOZ,0.99609375,Original Actor,-1.1131507364391213,normalized direct input,0
RPFa3,selected SOZ,0.0,Actor + WGAN-GP,-0.42377760175950513,normalized direct input,0
RPFa3,selected SOZ,0.00390625,Actor + WGAN-GP,-0.8380935460785992,normalized direct input,0
RPFa3,selected SOZ,0.0078125,Actor + WGAN-GP,-1.1341789749787676,normalized direct input,0
RPFa3,selected SOZ,0.01171875,Actor + WGAN-GP,-0.7902318161307923,normalized direct input,0
RPFa3,selected SOZ,0.015625,Actor + WGAN-GP,0.7182934855201758,normalized direct input,0
RPFa3,selected SOZ,0.01953125,Actor + WGAN-GP,0.8018169476939779,normalized direct input,0
RPFa3,selected SOZ,0.0234375,Actor + WGAN-GP,0.03020833837686571,normalized direct input,0
RPFa3,selected SOZ,0.02734375,Actor + WGAN-GP,0.6030455974242747,normalized direct input,0
RPFa3,selected SOZ,0.03125,Actor + WGAN-GP,-0.9024173059604013,normalized direct input,0
RPFa3,selected SOZ,0.03515625,Actor + WGAN-GP,-0.15548014615513756,normalized direct input,0
RPFa3,selected SOZ,0.0390625,Actor + WGAN-GP,-0.8332421843855653,normalized direct input,0
RPFa3,selected SOZ,0.04296875,Actor + WGAN-GP,-0.7375312215686349,normalized direct input,0
RPFa3,selected SOZ,0.046875,Actor + WGAN-GP,0.6522360425977736,normalized direct input,0
RPFa3,selected SOZ,0.05078125,Actor + WGAN-GP,1.0000317833817884,normalized direct input,0
RPFa3,selected SOZ,0.0546875,Actor + WGAN-GP,0.6310602624722281,normalized direct input,0
RPFa3,selected SOZ,0.05859375,Actor + WGAN-GP,-0.6735789375235319,normalized direct input,0
RPFa3,selected SOZ,0.0625,Actor + WGAN-GP,-0.10191184843161127,normalized direct input,0
RPFa3,selected SOZ,0.06640625,Actor + WGAN-GP,0.6862595662288025,normalized direct input,0
RPFa3,selected SOZ,0.0703125,Actor + WGAN-GP,0.6517798731942233,normalized direct input,0
RPFa3,selected SOZ,0.07421875,Actor + WGAN-GP,-1.137655950954351,normalized direct input,0
RPFa3,selected SOZ,0.078125,Actor + WGAN-GP,-0.25277384002426706,normalized direct input,0
RPFa3,selected SOZ,0.08203125,Actor + WGAN-GP,0.7400600210605952,normalized direct input,0
RPFa3,selected SOZ,0.0859375,Actor + WGAN-GP,0.4985083227760292,normalized direct input,0
RPFa3,selected SOZ,0.08984375,Actor + WGAN-GP,-0.6022016020224813,normalized direct input,0
RPFa3,selected SOZ,0.09375,Actor + WGAN-GP,-0.34340474231502643,normalized direct input,0
RPFa3,selected SOZ,0.09765625,Actor + WGAN-GP,-0.3486923433286482,normalized direct input,0
RPFa3,selected SOZ,0.1015625,Actor + WGAN-GP,-0.011351632549108148,normalized direct input,0
RPFa3,selected SOZ,0.10546875,Actor + WGAN-GP,-0.4818784891963595,normalized direct input,0
RPFa3,selected SOZ,0.109375,Actor + WGAN-GP,0.13885518379863662,normalized direct input,0
RPFa3,selected SOZ,0.11328125,Actor + WGAN-GP,-0.4503082028458991,normalized direct input,0
RPFa3,selected SOZ,0.1171875,Actor + WGAN-GP,-1.0938693030694902,normalized direct input,0
RPFa3,selected SOZ,0.12109375,Actor + WGAN-GP,0.2761263552381885,normalized direct input,0
RPFa3,selected SOZ,0.125,Actor + WGAN-GP,-0.3123188129784292,normalized direct input,0
RPFa3,selected SOZ,0.12890625,Actor + WGAN-GP,-0.7598096811639821,normalized direct input,0
RPFa3,selected SOZ,0.1328125,Actor + WGAN-GP,0.26386614253473517,normalized direct input,0
RPFa3,selected SOZ,0.13671875,Actor + WGAN-GP,0.37877307031559704,normalized direct input,0
RPFa3,selected SOZ,0.140625,Actor + WGAN-GP,0.7690235615407895,normalized direct input,0
RPFa3,selected SOZ,0.14453125,Actor + WGAN-GP,-0.8582201706170245,normalized direct input,0
RPFa3,selected SOZ,0.1484375,Actor + WGAN-GP,-1.2684771551410303,normalized direct input,0
RPFa3,selected SOZ,0.15234375,Actor + WGAN-GP,-1.2130600372574762,normalized direct input,0
RPFa3,selected SOZ,0.15625,Actor + WGAN-GP,-1.208923040120221,normalized direct input,0
RPFa3,selected SOZ,0.16015625,Actor + WGAN-GP,0.005463620237510736,normalized direct input,0
RPFa3,selected SOZ,0.1640625,Actor + WGAN-GP,0.1989601652248618,normalized direct input,0
RPFa3,selected SOZ,0.16796875,Actor + WGAN-GP,0.22382197112377994,normalized direct input,0
RPFa3,selected SOZ,0.171875,Actor + WGAN-GP,0.8334668521480555,normalized direct input,0
RPFa3,selected SOZ,0.17578125,Actor + WGAN-GP,0.2303243464982989,normalized direct input,0
RPFa3,selected SOZ,0.1796875,Actor + WGAN-GP,0.4013543110780306,normalized direct input,0
RPFa3,selected SOZ,0.18359375,Actor + WGAN-GP,0.255449649189765,normalized direct input,0
RPFa3,selected SOZ,0.1875,Actor + WGAN-GP,-0.9002174924043131,normalized direct input,0
RPFa3,selected SOZ,0.19140625,Actor + WGAN-GP,-1.1953004213213494,normalized direct input,0
RPFa3,selected SOZ,0.1953125,Actor + WGAN-GP,-0.6590854470186798,normalized direct input,0
RPFa3,selected SOZ,0.19921875,Actor + WGAN-GP,0.44641552896312386,normalized direct input,0
RPFa3,selected SOZ,0.203125,Actor + WGAN-GP,0.7042326907637282,normalized direct input,0
RPFa3,selected SOZ,0.20703125,Actor + WGAN-GP,0.3839969217214132,normalized direct input,0
RPFa3,selected SOZ,0.2109375,Actor + WGAN-GP,-0.7839665891742318,normalized direct input,0
RPFa3,selected SOZ,0.21484375,Actor + WGAN-GP,-0.5345237606720867,normalized direct input,0
RPFa3,selected SOZ,0.21875,Actor + WGAN-GP,-0.8699306776971701,normalized direct input,0
RPFa3,selected SOZ,0.22265625,Actor + WGAN-GP,0.4338735839602087,normalized direct input,0
RPFa3,selected SOZ,0.2265625,Actor + WGAN-GP,-0.6411062834556065,normalized direct input,0
RPFa3,selected SOZ,0.23046875,Actor + WGAN-GP,-0.852409368885688,normalized direct input,0
RPFa3,selected SOZ,0.234375,Actor + WGAN-GP,0.29381936004697595,normalized direct input,0
RPFa3,selected SOZ,0.23828125,Actor + WGAN-GP,0.312952246956422,normalized direct input,0
RPFa3,selected SOZ,0.2421875,Actor + WGAN-GP,-0.7436908880541552,normalized direct input,0
RPFa3,selected SOZ,0.24609375,Actor + WGAN-GP,0.7553767662932538,normalized direct input,0
RPFa3,selected SOZ,0.25,Actor + WGAN-GP,0.43615948711392216,normalized direct input,0
RPFa3,selected SOZ,0.25390625,Actor + WGAN-GP,-0.5165122877524325,normalized direct input,0
RPFa3,selected SOZ,0.2578125,Actor + WGAN-GP,0.38246050108990093,normalized direct input,0
RPFa3,selected SOZ,0.26171875,Actor + WGAN-GP,-0.7067024469724118,normalized direct input,0
RPFa3,selected SOZ,0.265625,Actor + WGAN-GP,-0.37516369609112266,normalized direct input,0
RPFa3,selected SOZ,0.26953125,Actor + WGAN-GP,0.15579125840554195,normalized direct input,0
RPFa3,selected SOZ,0.2734375,Actor + WGAN-GP,0.7862163350597541,normalized direct input,0
RPFa3,selected SOZ,0.27734375,Actor + WGAN-GP,0.4773931344389968,normalized direct input,0
RPFa3,selected SOZ,0.28125,Actor + WGAN-GP,-0.06785480378785017,normalized direct input,0
RPFa3,selected SOZ,0.28515625,Actor + WGAN-GP,-0.7239224637202103,normalized direct input,0
RPFa3,selected SOZ,0.2890625,Actor + WGAN-GP,-0.490986852211059,normalized direct input,0
RPFa3,selected SOZ,0.29296875,Actor + WGAN-GP,-0.9805419033761001,normalized direct input,0
RPFa3,selected SOZ,0.296875,Actor + WGAN-GP,0.02778123977689778,normalized direct input,0
RPFa3,selected SOZ,0.30078125,Actor + WGAN-GP,-0.05541318603495002,normalized direct input,0
RPFa3,selected SOZ,0.3046875,Actor + WGAN-GP,-0.7261715592415514,normalized direct input,0
RPFa3,selected SOZ,0.30859375,Actor + WGAN-GP,0.027970300770063128,normalized direct input,0
RPFa3,selected SOZ,0.3125,Actor + WGAN-GP,-0.41260339796539053,normalized direct input,0
RPFa3,selected SOZ,0.31640625,Actor + WGAN-GP,-0.4987729377125184,normalized direct input,0
RPFa3,selected SOZ,0.3203125,Actor + WGAN-GP,0.34424125438453446,normalized direct input,0
RPFa3,selected SOZ,0.32421875,Actor + WGAN-GP,-0.12662007143468051,normalized direct input,0
RPFa3,selected SOZ,0.328125,Actor + WGAN-GP,-0.14979809774155395,normalized direct input,0
RPFa3,selected SOZ,0.33203125,Actor + WGAN-GP,0.28595211522503994,normalized direct input,0
RPFa3,selected SOZ,0.3359375,Actor + WGAN-GP,-0.4475737349068455,normalized direct input,0
RPFa3,selected SOZ,0.33984375,Actor + WGAN-GP,-0.06739340230436966,normalized direct input,0
RPFa3,selected SOZ,0.34375,Actor + WGAN-GP,-0.06861372818375516,normalized direct input,0
RPFa3,selected SOZ,0.34765625,Actor + WGAN-GP,0.00547167470437912,normalized direct input,0
RPFa3,selected SOZ,0.3515625,Actor + WGAN-GP,0.05907807529566905,normalized direct input,0
RPFa3,selected SOZ,0.35546875,Actor + WGAN-GP,0.22737402961300807,normalized direct input,0
RPFa3,selected SOZ,0.359375,Actor + WGAN-GP,0.33224830227434626,normalized direct input,0
RPFa3,selected SOZ,0.36328125,Actor + WGAN-GP,-0.8554259575873275,normalized direct input,0
RPFa3,selected SOZ,0.3671875,Actor + WGAN-GP,-0.0763740349153681,normalized direct input,0
RPFa3,selected SOZ,0.37109375,Actor + WGAN-GP,-0.4410263085698605,normalized direct input,0
RPFa3,selected SOZ,0.375,Actor + WGAN-GP,-1.1959771622917479,normalized direct input,0
RPFa3,selected SOZ,0.37890625,Actor + WGAN-GP,-0.24197677416029578,normalized direct input,0
RPFa3,selected SOZ,0.3828125,Actor + WGAN-GP,0.35168204966757804,normalized direct input,0
RPFa3,selected SOZ,0.38671875,Actor + WGAN-GP,0.28571718363841425,normalized direct input,0
RPFa3,selected SOZ,0.390625,Actor + WGAN-GP,-0.2076671686350963,normalized direct input,0
RPFa3,selected SOZ,0.39453125,Actor + WGAN-GP,-1.1812705099302305,normalized direct input,0
RPFa3,selected SOZ,0.3984375,Actor + WGAN-GP,-0.32277699712886854,normalized direct input,0
RPFa3,selected SOZ,0.40234375,Actor + WGAN-GP,0.17938985768053745,normalized direct input,0
RPFa3,selected SOZ,0.40625,Actor + WGAN-GP,-0.960783930763617,normalized direct input,0
RPFa3,selected SOZ,0.41015625,Actor + WGAN-GP,0.7607513120965834,normalized direct input,0
RPFa3,selected SOZ,0.4140625,Actor + WGAN-GP,-0.07388299523286093,normalized direct input,0
RPFa3,selected SOZ,0.41796875,Actor + WGAN-GP,0.12534643564846737,normalized direct input,0
RPFa3,selected SOZ,0.421875,Actor + WGAN-GP,-0.48707163189746594,normalized direct input,0
RPFa3,selected SOZ,0.42578125,Actor + WGAN-GP,-0.357403269084102,normalized direct input,0
RPFa3,selected SOZ,0.4296875,Actor + WGAN-GP,-0.5017785874041575,normalized direct input,0
RPFa3,selected SOZ,0.43359375,Actor + WGAN-GP,-1.2491632392929948,normalized direct input,0
RPFa3,selected SOZ,0.4375,Actor + WGAN-GP,0.26650289034425245,normalized direct input,0
RPFa3,selected SOZ,0.44140625,Actor + WGAN-GP,0.4100419521407412,normalized direct input,0
RPFa3,selected SOZ,0.4453125,Actor + WGAN-GP,-0.23180495258818426,normalized direct input,0
RPFa3,selected SOZ,0.44921875,Actor + WGAN-GP,-0.021164423455121373,normalized direct input,0
RPFa3,selected SOZ,0.453125,Actor + WGAN-GP,-0.2523132932728078,normalized direct input,0
RPFa3,selected SOZ,0.45703125,Actor + WGAN-GP,-0.44522801373864906,normalized direct input,0
RPFa3,selected SOZ,0.4609375,Actor + WGAN-GP,-1.3058810827747882,normalized direct input,0
RPFa3,selected SOZ,0.46484375,Actor + WGAN-GP,-0.6307855169590375,normalized direct input,0
RPFa3,selected SOZ,0.46875,Actor + WGAN-GP,-0.3176990261968161,normalized direct input,0
RPFa3,selected SOZ,0.47265625,Actor + WGAN-GP,-1.3887834867599291,normalized direct input,0
RPFa3,selected SOZ,0.4765625,Actor + WGAN-GP,-0.92510670516574,normalized direct input,0
RPFa3,selected SOZ,0.48046875,Actor + WGAN-GP,-0.12341051276464651,normalized direct input,0
RPFa3,selected SOZ,0.484375,Actor + WGAN-GP,0.792153615115064,normalized direct input,0
RPFa3,selected SOZ,0.48828125,Actor + WGAN-GP,0.5645631446832857,normalized direct input,0
RPFa3,selected SOZ,0.4921875,Actor + WGAN-GP,-1.0540913407479011,normalized direct input,0
RPFa3,selected SOZ,0.49609375,Actor + WGAN-GP,-0.6239737666798513,normalized direct input,0
RPFa3,selected SOZ,0.5,Actor + WGAN-GP,0.40258375451278217,normalized direct input,0
RPFa3,selected SOZ,0.50390625,Actor + WGAN-GP,0.2719382740789479,normalized direct input,0
RPFa3,selected SOZ,0.5078125,Actor + WGAN-GP,-0.5733740597667404,normalized direct input,0
RPFa3,selected SOZ,0.51171875,Actor + WGAN-GP,-0.5886904706637737,normalized direct input,0
RPFa3,selected SOZ,0.515625,Actor + WGAN-GP,-0.5265276620951553,normalized direct input,0
RPFa3,selected SOZ,0.51953125,Actor + WGAN-GP,-0.6581534008615485,normalized direct input,0
RPFa3,selected SOZ,0.5234375,Actor + WGAN-GP,0.7292564646789866,normalized direct input,0
RPFa3,selected SOZ,0.52734375,Actor + WGAN-GP,0.7640441514581029,normalized direct input,0
RPFa3,selected SOZ,0.53125,Actor + WGAN-GP,0.6790140411996577,normalized direct input,0
RPFa3,selected SOZ,0.53515625,Actor + WGAN-GP,0.06916068990372379,normalized direct input,0
RPFa3,selected SOZ,0.5390625,Actor + WGAN-GP,0.07193398731239198,normalized direct input,0
RPFa3,selected SOZ,0.54296875,Actor + WGAN-GP,-1.1949865779006992,normalized direct input,0
RPFa3,selected SOZ,0.546875,Actor + WGAN-GP,-0.9771066093648365,normalized direct input,0
RPFa3,selected SOZ,0.55078125,Actor + WGAN-GP,-0.959577701506519,normalized direct input,0
RPFa3,selected SOZ,0.5546875,Actor + WGAN-GP,-1.2209564473027743,normalized direct input,0
RPFa3,selected SOZ,0.55859375,Actor + WGAN-GP,0.039312956692906464,normalized direct input,0
RPFa3,selected SOZ,0.5625,Actor + WGAN-GP,-0.3314154157044371,normalized direct input,0
RPFa3,selected SOZ,0.56640625,Actor + WGAN-GP,-0.17096462100159016,normalized direct input,0
RPFa3,selected SOZ,0.5703125,Actor + WGAN-GP,-0.6106515806256116,normalized direct input,0
RPFa3,selected SOZ,0.57421875,Actor + WGAN-GP,0.1695442860317023,normalized direct input,0
RPFa3,selected SOZ,0.578125,Actor + WGAN-GP,-0.29199767793496234,normalized direct input,0
RPFa3,selected SOZ,0.58203125,Actor + WGAN-GP,0.7819625176264545,normalized direct input,0
RPFa3,selected SOZ,0.5859375,Actor + WGAN-GP,-0.8687388689937678,normalized direct input,0
RPFa3,selected SOZ,0.58984375,Actor + WGAN-GP,-0.817048154115994,normalized direct input,0
RPFa3,selected SOZ,0.59375,Actor + WGAN-GP,-0.23491292451509468,normalized direct input,0
RPFa3,selected SOZ,0.59765625,Actor + WGAN-GP,-0.028232020902546173,normalized direct input,0
RPFa3,selected SOZ,0.6015625,Actor + WGAN-GP,0.3578156106729939,normalized direct input,0
RPFa3,selected SOZ,0.60546875,Actor + WGAN-GP,0.6344910607704218,normalized direct input,0
RPFa3,selected SOZ,0.609375,Actor + WGAN-GP,-0.729831208102355,normalized direct input,0
RPFa3,selected SOZ,0.61328125,Actor + WGAN-GP,0.5055652634347985,normalized direct input,0
RPFa3,selected SOZ,0.6171875,Actor + WGAN-GP,-1.291474834620791,normalized direct input,0
RPFa3,selected SOZ,0.62109375,Actor + WGAN-GP,-1.1539850092766537,normalized direct input,0
RPFa3,selected SOZ,0.625,Actor + WGAN-GP,-0.2855904145376389,normalized direct input,0
RPFa3,selected SOZ,0.62890625,Actor + WGAN-GP,0.4682949003835159,normalized direct input,0
RPFa3,selected SOZ,0.6328125,Actor + WGAN-GP,0.2420163379826192,normalized direct input,0
RPFa3,selected SOZ,0.63671875,Actor + WGAN-GP,-0.6145547125827545,normalized direct input,0
RPFa3,selected SOZ,0.640625,Actor + WGAN-GP,0.7229005488613004,normalized direct input,0
RPFa3,selected SOZ,0.64453125,Actor + WGAN-GP,-0.30790211243954446,normalized direct input,0
RPFa3,selected SOZ,0.6484375,Actor + WGAN-GP,-1.2309469681831433,normalized direct input,0
RPFa3,selected SOZ,0.65234375,Actor + WGAN-GP,-0.13887535231316425,normalized direct input,0
RPFa3,selected SOZ,0.65625,Actor + WGAN-GP,0.21297525935852896,normalized direct input,0
RPFa3,selected SOZ,0.66015625,Actor + WGAN-GP,0.7425768466085664,normalized direct input,0
RPFa3,selected SOZ,0.6640625,Actor + WGAN-GP,-1.0082405085234956,normalized direct input,0
RPFa3,selected SOZ,0.66796875,Actor + WGAN-GP,-0.06448127263148087,normalized direct input,0
RPFa3,selected SOZ,0.671875,Actor + WGAN-GP,0.5706087579355764,normalized direct input,0
RPFa3,selected SOZ,0.67578125,Actor + WGAN-GP,-1.072791485846862,normalized direct input,0
RPFa3,selected SOZ,0.6796875,Actor + WGAN-GP,-1.2113303744790203,normalized direct input,0
RPFa3,selected SOZ,0.68359375,Actor + WGAN-GP,-1.2197594205827462,normalized direct input,0
RPFa3,selected SOZ,0.6875,Actor + WGAN-GP,-1.0123961125580736,normalized direct input,0
RPFa3,selected SOZ,0.69140625,Actor + WGAN-GP,0.597938808357878,normalized direct input,0
RPFa3,selected SOZ,0.6953125,Actor + WGAN-GP,0.4896830155519668,normalized direct input,0
RPFa3,selected SOZ,0.69921875,Actor + WGAN-GP,-0.17669741070160402,normalized direct input,0
RPFa3,selected SOZ,0.703125,Actor + WGAN-GP,-0.8170189693979486,normalized direct input,0
RPFa3,selected SOZ,0.70703125,Actor + WGAN-GP,-1.011505122193468,normalized direct input,0
RPFa3,selected SOZ,0.7109375,Actor + WGAN-GP,0.40772961313186595,normalized direct input,0
RPFa3,selected SOZ,0.71484375,Actor + WGAN-GP,-1.0815718131224128,normalized direct input,0
RPFa3,selected SOZ,0.71875,Actor + WGAN-GP,-0.7133432307270202,normalized direct input,0
RPFa3,selected SOZ,0.72265625,Actor + WGAN-GP,-0.493002765753943,normalized direct input,0
RPFa3,selected SOZ,0.7265625,Actor + WGAN-GP,0.09829396364122842,normalized direct input,0
RPFa3,selected SOZ,0.73046875,Actor + WGAN-GP,0.5193226176927643,normalized direct input,0
RPFa3,selected SOZ,0.734375,Actor + WGAN-GP,0.39290114121415587,normalized direct input,0
RPFa3,selected SOZ,0.73828125,Actor + WGAN-GP,-0.2132165151401594,normalized direct input,0
RPFa3,selected SOZ,0.7421875,Actor + WGAN-GP,-0.47102995823287136,normalized direct input,0
RPFa3,selected SOZ,0.74609375,Actor + WGAN-GP,0.059689912709338266,normalized direct input,0
RPFa3,selected SOZ,0.75,Actor + WGAN-GP,-0.5975160890785339,normalized direct input,0
RPFa3,selected SOZ,0.75390625,Actor + WGAN-GP,-1.1187023293809,normalized direct input,0
RPFa3,selected SOZ,0.7578125,Actor + WGAN-GP,-0.4871286386253434,normalized direct input,0
RPFa3,selected SOZ,0.76171875,Actor + WGAN-GP,-0.4703774978576145,normalized direct input,0
RPFa3,selected SOZ,0.765625,Actor + WGAN-GP,-0.03767887358523653,normalized direct input,0
RPFa3,selected SOZ,0.76953125,Actor + WGAN-GP,-0.5056159975068111,normalized direct input,0
RPFa3,selected SOZ,0.7734375,Actor + WGAN-GP,-1.349432019288992,normalized direct input,0
RPFa3,selected SOZ,0.77734375,Actor + WGAN-GP,-1.0398219966078834,normalized direct input,0
RPFa3,selected SOZ,0.78125,Actor + WGAN-GP,-0.6639480849914736,normalized direct input,0
RPFa3,selected SOZ,0.78515625,Actor + WGAN-GP,-0.10128456667849636,normalized direct input,0
RPFa3,selected SOZ,0.7890625,Actor + WGAN-GP,0.6400651855749077,normalized direct input,0
RPFa3,selected SOZ,0.79296875,Actor + WGAN-GP,-0.56623082565304,normalized direct input,0
RPFa3,selected SOZ,0.796875,Actor + WGAN-GP,0.8167253377104385,normalized direct input,0
RPFa3,selected SOZ,0.80078125,Actor + WGAN-GP,0.2695232684476234,normalized direct input,0
RPFa3,selected SOZ,0.8046875,Actor + WGAN-GP,-0.14517432619258203,normalized direct input,0
RPFa3,selected SOZ,0.80859375,Actor + WGAN-GP,-0.26393087562970396,normalized direct input,0
RPFa3,selected SOZ,0.8125,Actor + WGAN-GP,-0.0005467696532542865,normalized direct input,0
RPFa3,selected SOZ,0.81640625,Actor + WGAN-GP,0.8320191646873407,normalized direct input,0
RPFa3,selected SOZ,0.8203125,Actor + WGAN-GP,0.6552616011737187,normalized direct input,0
RPFa3,selected SOZ,0.82421875,Actor + WGAN-GP,0.5880087777637026,normalized direct input,0
RPFa3,selected SOZ,0.828125,Actor + WGAN-GP,0.35833598303636716,normalized direct input,0
RPFa3,selected SOZ,0.83203125,Actor + WGAN-GP,-0.5190866214746791,normalized direct input,0
RPFa3,selected SOZ,0.8359375,Actor + WGAN-GP,-0.30218931698480567,normalized direct input,0
RPFa3,selected SOZ,0.83984375,Actor + WGAN-GP,-0.47847528849463583,normalized direct input,0
RPFa3,selected SOZ,0.84375,Actor + WGAN-GP,0.965709231298572,normalized direct input,0
RPFa3,selected SOZ,0.84765625,Actor + WGAN-GP,0.24879105293778378,normalized direct input,0
RPFa3,selected SOZ,0.8515625,Actor + WGAN-GP,-1.1473248717370297,normalized direct input,0
RPFa3,selected SOZ,0.85546875,Actor + WGAN-GP,-1.1226625617869017,normalized direct input,0
RPFa3,selected SOZ,0.859375,Actor + WGAN-GP,-0.6268450856575214,normalized direct input,0
RPFa3,selected SOZ,0.86328125,Actor + WGAN-GP,-0.7400080677274404,normalized direct input,0
RPFa3,selected SOZ,0.8671875,Actor + WGAN-GP,0.819588405906502,normalized direct input,0
RPFa3,selected SOZ,0.87109375,Actor + WGAN-GP,0.8104714877993437,normalized direct input,0
RPFa3,selected SOZ,0.875,Actor + WGAN-GP,0.26832788711250327,normalized direct input,0
RPFa3,selected SOZ,0.87890625,Actor + WGAN-GP,0.9247826523661068,normalized direct input,0
RPFa3,selected SOZ,0.8828125,Actor + WGAN-GP,-0.9912634122793427,normalized direct input,0
RPFa3,selected SOZ,0.88671875,Actor + WGAN-GP,0.17115110071302028,normalized direct input,0
RPFa3,selected SOZ,0.890625,Actor + WGAN-GP,0.15941322909819128,normalized direct input,0
RPFa3,selected SOZ,0.89453125,Actor + WGAN-GP,0.4723551995075155,normalized direct input,0
RPFa3,selected SOZ,0.8984375,Actor + WGAN-GP,0.8230131743046328,normalized direct input,0
RPFa3,selected SOZ,0.90234375,Actor + WGAN-GP,-0.18813760104003727,normalized direct input,0
RPFa3,selected SOZ,0.90625,Actor + WGAN-GP,0.1859034653444771,normalized direct input,0
RPFa3,selected SOZ,0.91015625,Actor + WGAN-GP,0.1694802109052626,normalized direct input,0
RPFa3,selected SOZ,0.9140625,Actor + WGAN-GP,0.6866163624966889,normalized direct input,0
RPFa3,selected SOZ,0.91796875,Actor + WGAN-GP,0.8763365497924244,normalized direct input,0
RPFa3,selected SOZ,0.921875,Actor + WGAN-GP,0.6879667796243306,normalized direct input,0
RPFa3,selected SOZ,0.92578125,Actor + WGAN-GP,-0.4727588577078835,normalized direct input,0
RPFa3,selected SOZ,0.9296875,Actor + WGAN-GP,-1.2435382337652845,normalized direct input,0
RPFa3,selected SOZ,0.93359375,Actor + WGAN-GP,-1.1040611129561986,normalized direct input,0
RPFa3,selected SOZ,0.9375,Actor + WGAN-GP,0.4792526423605724,normalized direct input,0
RPFa3,selected SOZ,0.94140625,Actor + WGAN-GP,0.5313296530904313,normalized direct input,0
RPFa3,selected SOZ,0.9453125,Actor + WGAN-GP,0.788493517378758,normalized direct input,0
RPFa3,selected SOZ,0.94921875,Actor + WGAN-GP,0.5836684416312617,normalized direct input,0
RPFa3,selected SOZ,0.953125,Actor + WGAN-GP,-0.27964979561627334,normalized direct input,0
RPFa3,selected SOZ,0.95703125,Actor + WGAN-GP,0.7016109878288813,normalized direct input,0
RPFa3,selected SOZ,0.9609375,Actor + WGAN-GP,0.8726133223147309,normalized direct input,0
RPFa3,selected SOZ,0.96484375,Actor + WGAN-GP,0.8050584229523121,normalized direct input,0
RPFa3,selected SOZ,0.96875,Actor + WGAN-GP,-0.18025644905502544,normalized direct input,0
RPFa3,selected SOZ,0.97265625,Actor + WGAN-GP,-0.23689557784385323,normalized direct input,0
RPFa3,selected SOZ,0.9765625,Actor + WGAN-GP,-1.0147556707347956,normalized direct input,0
RPFa3,selected SOZ,0.98046875,Actor + WGAN-GP,0.5104950787708636,normalized direct input,0
RPFa3,selected SOZ,0.984375,Actor + WGAN-GP,0.8620243909266503,normalized direct input,0
RPFa3,selected SOZ,0.98828125,Actor + WGAN-GP,0.9921252407343428,normalized direct input,0
RPFa3,selected SOZ,0.9921875,Actor + WGAN-GP,-1.147186625103702,normalized direct input,0
RPFa3,selected SOZ,0.99609375,Actor + WGAN-GP,-1.1296636450517759,normalized direct input,0
RA3,selected non-SOZ,0.0,Original Actor,-0.13832222720066092,normalized direct input,0
RA3,selected non-SOZ,0.00390625,Original Actor,0.03737638666580348,normalized direct input,0
RA3,selected non-SOZ,0.0078125,Original Actor,-0.3034801502010209,normalized direct input,0
RA3,selected non-SOZ,0.01171875,Original Actor,0.11470812206615852,normalized direct input,0
RA3,selected non-SOZ,0.015625,Original Actor,0.011004618820770057,normalized direct input,0
RA3,selected non-SOZ,0.01953125,Original Actor,-0.49296665516757565,normalized direct input,0
RA3,selected non-SOZ,0.0234375,Original Actor,-0.3982482832362215,normalized direct input,0
RA3,selected non-SOZ,0.02734375,Original Actor,0.014830760428247533,normalized direct input,0
RA3,selected non-SOZ,0.03125,Original Actor,0.3846093461387301,normalized direct input,0
RA3,selected non-SOZ,0.03515625,Original Actor,-0.2607329951354113,normalized direct input,0
RA3,selected non-SOZ,0.0390625,Original Actor,0.005400355648234016,normalized direct input,0
RA3,selected non-SOZ,0.04296875,Original Actor,-0.297143448565887,normalized direct input,0
RA3,selected non-SOZ,0.046875,Original Actor,0.24979582326365365,normalized direct input,0
RA3,selected non-SOZ,0.05078125,Original Actor,-0.13268989995136668,normalized direct input,0
RA3,selected non-SOZ,0.0546875,Original Actor,0.23076527218648105,normalized direct input,0
RA3,selected non-SOZ,0.05859375,Original Actor,0.04101552689531006,normalized direct input,0
RA3,selected non-SOZ,0.0625,Original Actor,0.1421598212283578,normalized direct input,0
RA3,selected non-SOZ,0.06640625,Original Actor,-0.18406484925209832,normalized direct input,0
RA3,selected non-SOZ,0.0703125,Original Actor,0.06014976897918291,normalized direct input,0
RA3,selected non-SOZ,0.07421875,Original Actor,0.035884842486267485,normalized direct input,0
RA3,selected non-SOZ,0.078125,Original Actor,0.6192151144714164,normalized direct input,0
RA3,selected non-SOZ,0.08203125,Original Actor,-0.06500509667125724,normalized direct input,0
RA3,selected non-SOZ,0.0859375,Original Actor,-0.11008710694998669,normalized direct input,0
RA3,selected non-SOZ,0.08984375,Original Actor,-0.1353890430808216,normalized direct input,0
RA3,selected non-SOZ,0.09375,Original Actor,0.39257926689029204,normalized direct input,0
RA3,selected non-SOZ,0.09765625,Original Actor,-0.126704849781817,normalized direct input,0
RA3,selected non-SOZ,0.1015625,Original Actor,-0.29693089863782696,normalized direct input,0
RA3,selected non-SOZ,0.10546875,Original Actor,-0.32679361004485163,normalized direct input,0
RA3,selected non-SOZ,0.109375,Original Actor,0.28998347374162525,normalized direct input,0
RA3,selected non-SOZ,0.11328125,Original Actor,0.0130079531739926,normalized direct input,0
RA3,selected non-SOZ,0.1171875,Original Actor,-0.13252088443985924,normalized direct input,0
RA3,selected non-SOZ,0.12109375,Original Actor,-0.41208976408202497,normalized direct input,0
RA3,selected non-SOZ,0.125,Original Actor,-0.3679506938798811,normalized direct input,0
RA3,selected non-SOZ,0.12890625,Original Actor,0.025976006542107438,normalized direct input,0
RA3,selected non-SOZ,0.1328125,Original Actor,0.4531020121956581,normalized direct input,0
RA3,selected non-SOZ,0.13671875,Original Actor,-0.12676813007026078,normalized direct input,0
RA3,selected non-SOZ,0.140625,Original Actor,-0.20152039652446593,normalized direct input,0
RA3,selected non-SOZ,0.14453125,Original Actor,-0.08158158341853047,normalized direct input,0
RA3,selected non-SOZ,0.1484375,Original Actor,0.5516615312445933,normalized direct input,0
RA3,selected non-SOZ,0.15234375,Original Actor,0.3113114904088581,normalized direct input,0
RA3,selected non-SOZ,0.15625,Original Actor,0.6324853019804842,normalized direct input,0
RA3,selected non-SOZ,0.16015625,Original Actor,0.42551682984049427,normalized direct input,0
RA3,selected non-SOZ,0.1640625,Original Actor,-0.49833717924424403,normalized direct input,0
RA3,selected non-SOZ,0.16796875,Original Actor,-0.4001155138621107,normalized direct input,0
RA3,selected non-SOZ,0.171875,Original Actor,0.039302454025459954,normalized direct input,0
RA3,selected non-SOZ,0.17578125,Original Actor,0.17697458695513366,normalized direct input,0
RA3,selected non-SOZ,0.1796875,Original Actor,0.41245128322094804,normalized direct input,0
RA3,selected non-SOZ,0.18359375,Original Actor,0.405822662812912,normalized direct input,0
RA3,selected non-SOZ,0.1875,Original Actor,0.15516440856291153,normalized direct input,0
RA3,selected non-SOZ,0.19140625,Original Actor,-0.07471860319871533,normalized direct input,0
RA3,selected non-SOZ,0.1953125,Original Actor,0.17302322339713624,normalized direct input,0
RA3,selected non-SOZ,0.19921875,Original Actor,-0.4279398775736968,normalized direct input,0
RA3,selected non-SOZ,0.203125,Original Actor,-0.1985829083986597,normalized direct input,0
RA3,selected non-SOZ,0.20703125,Original Actor,-0.18654760199045414,normalized direct input,0
RA3,selected non-SOZ,0.2109375,Original Actor,0.1598301730880369,normalized direct input,0
RA3,selected non-SOZ,0.21484375,Original Actor,0.2993330209149292,normalized direct input,0
RA3,selected non-SOZ,0.21875,Original Actor,0.28243529943739204,normalized direct input,0
RA3,selected non-SOZ,0.22265625,Original Actor,-0.2980498398242844,normalized direct input,0
RA3,selected non-SOZ,0.2265625,Original Actor,-0.28654742157246904,normalized direct input,0
RA3,selected non-SOZ,0.23046875,Original Actor,-0.493117025440302,normalized direct input,0
RA3,selected non-SOZ,0.234375,Original Actor,0.25045290817665455,normalized direct input,0
RA3,selected non-SOZ,0.23828125,Original Actor,0.3512409463838075,normalized direct input,0
RA3,selected non-SOZ,0.2421875,Original Actor,0.026564755430942135,normalized direct input,0
RA3,selected non-SOZ,0.24609375,Original Actor,0.10622788687780776,normalized direct input,0
RA3,selected non-SOZ,0.25,Original Actor,-0.6174648590353162,normalized direct input,0
RA3,selected non-SOZ,0.25390625,Original Actor,-0.4892384838529385,normalized direct input,0
RA3,selected non-SOZ,0.2578125,Original Actor,0.21422972173430938,normalized direct input,0
RA3,selected non-SOZ,0.26171875,Original Actor,0.4668505522825177,normalized direct input,0
RA3,selected non-SOZ,0.265625,Original Actor,0.49286923047984593,normalized direct input,0
RA3,selected non-SOZ,0.26953125,Original Actor,0.4183838490486473,normalized direct input,0
RA3,selected non-SOZ,0.2734375,Original Actor,0.0070090349142899085,normalized direct input,0
RA3,selected non-SOZ,0.27734375,Original Actor,-0.08282754050556239,normalized direct input,0
RA3,selected non-SOZ,0.28125,Original Actor,0.35908354969368994,normalized direct input,0
RA3,selected non-SOZ,0.28515625,Original Actor,0.2564831728502545,normalized direct input,0
RA3,selected non-SOZ,0.2890625,Original Actor,0.28902249007966535,normalized direct input,0
RA3,selected non-SOZ,0.29296875,Original Actor,-0.25605774760727784,normalized direct input,0
RA3,selected non-SOZ,0.296875,Original Actor,0.028180808397401887,normalized direct input,0
RA3,selected non-SOZ,0.30078125,Original Actor,-0.4862616858145242,normalized direct input,0
RA3,selected non-SOZ,0.3046875,Original Actor,0.16935523134778385,normalized direct input,0
RA3,selected non-SOZ,0.30859375,Original Actor,0.09427321860116296,normalized direct input,0
RA3,selected non-SOZ,0.3125,Original Actor,0.520511668705247,normalized direct input,0
RA3,selected non-SOZ,0.31640625,Original Actor,0.5288101535866502,normalized direct input,0
RA3,selected non-SOZ,0.3203125,Original Actor,-0.23451783266637968,normalized direct input,0
RA3,selected non-SOZ,0.32421875,Original Actor,-0.21965401836737053,normalized direct input,0
RA3,selected non-SOZ,0.328125,Original Actor,-0.019375769180499408,normalized direct input,0
RA3,selected non-SOZ,0.33203125,Original Actor,0.010855255801183909,normalized direct input,0
RA3,selected non-SOZ,0.3359375,Original Actor,0.06032828609753507,normalized direct input,0
RA3,selected non-SOZ,0.33984375,Original Actor,0.32917262878663317,normalized direct input,0
RA3,selected non-SOZ,0.34375,Original Actor,-0.0732232687973743,normalized direct input,0
RA3,selected non-SOZ,0.34765625,Original Actor,0.21977802018724427,normalized direct input,0
RA3,selected non-SOZ,0.3515625,Original Actor,-0.6904615736338613,normalized direct input,0
RA3,selected non-SOZ,0.35546875,Original Actor,-0.5273859851929191,normalized direct input,0
RA3,selected non-SOZ,0.359375,Original Actor,-0.34871068412219464,normalized direct input,0
RA3,selected non-SOZ,0.36328125,Original Actor,-0.001434386794874759,normalized direct input,0
RA3,selected non-SOZ,0.3671875,Original Actor,0.43493893520829496,normalized direct input,0
RA3,selected non-SOZ,0.37109375,Original Actor,0.23066848950419513,normalized direct input,0
RA3,selected non-SOZ,0.375,Original Actor,-0.20034697666872586,normalized direct input,0
RA3,selected non-SOZ,0.37890625,Original Actor,-0.15417064344709433,normalized direct input,0
RA3,selected non-SOZ,0.3828125,Original Actor,0.2443030917752723,normalized direct input,0
RA3,selected non-SOZ,0.38671875,Original Actor,0.13320397908844422,normalized direct input,0
RA3,selected non-SOZ,0.390625,Original Actor,0.41860844065711317,normalized direct input,0
RA3,selected non-SOZ,0.39453125,Original Actor,-0.09077053099106556,normalized direct input,0
RA3,selected non-SOZ,0.3984375,Original Actor,-0.08979144845702904,normalized direct input,0
RA3,selected non-SOZ,0.40234375,Original Actor,0.46764641062987894,normalized direct input,0
RA3,selected non-SOZ,0.40625,Original Actor,0.4854263867868218,normalized direct input,0
RA3,selected non-SOZ,0.41015625,Original Actor,0.12811908275593914,normalized direct input,0
RA3,selected non-SOZ,0.4140625,Original Actor,-0.22381727152567138,normalized direct input,0
RA3,selected non-SOZ,0.41796875,Original Actor,-0.056044212110492576,normalized direct input,0
RA3,selected non-SOZ,0.421875,Original Actor,0.30880664632993654,normalized direct input,0
RA3,selected non-SOZ,0.42578125,Original Actor,0.1295847949903998,normalized direct input,0
RA3,selected non-SOZ,0.4296875,Original Actor,0.4733669730191745,normalized direct input,0
RA3,selected non-SOZ,0.43359375,Original Actor,-0.16059080400631778,normalized direct input,0
RA3,selected non-SOZ,0.4375,Original Actor,-0.10295417639124017,normalized direct input,0
RA3,selected non-SOZ,0.44140625,Original Actor,-0.05872652175250545,normalized direct input,0
RA3,selected non-SOZ,0.4453125,Original Actor,0.031308270456923866,normalized direct input,0
RA3,selected non-SOZ,0.44921875,Original Actor,0.4374310496036466,normalized direct input,0
RA3,selected non-SOZ,0.453125,Original Actor,0.12567811758046085,normalized direct input,0
RA3,selected non-SOZ,0.45703125,Original Actor,-0.5731458392615822,normalized direct input,0
RA3,selected non-SOZ,0.4609375,Original Actor,-0.0398407601237831,normalized direct input,0
RA3,selected non-SOZ,0.46484375,Original Actor,0.025518034359005348,normalized direct input,0
RA3,selected non-SOZ,0.46875,Original Actor,-0.057059424857364885,normalized direct input,0
RA3,selected non-SOZ,0.47265625,Original Actor,-0.043885836100875326,normalized direct input,0
RA3,selected non-SOZ,0.4765625,Original Actor,-0.14428052090107568,normalized direct input,0
RA3,selected non-SOZ,0.48046875,Original Actor,0.2417273074816082,normalized direct input,0
RA3,selected non-SOZ,0.484375,Original Actor,-0.046359792368238464,normalized direct input,0
RA3,selected non-SOZ,0.48828125,Original Actor,-0.226721684016943,normalized direct input,0
RA3,selected non-SOZ,0.4921875,Original Actor,0.16448820903063596,normalized direct input,0
RA3,selected non-SOZ,0.49609375,Original Actor,0.09982860763961175,normalized direct input,0
RA3,selected non-SOZ,0.5,Original Actor,0.5333178994057551,normalized direct input,0
RA3,selected non-SOZ,0.50390625,Original Actor,0.05869421078234129,normalized direct input,0
RA3,selected non-SOZ,0.5078125,Original Actor,0.02581322943265903,normalized direct input,0
RA3,selected non-SOZ,0.51171875,Original Actor,-0.5476554194781604,normalized direct input,0
RA3,selected non-SOZ,0.515625,Original Actor,-0.1984535644260811,normalized direct input,0
RA3,selected non-SOZ,0.51953125,Original Actor,0.572682831216641,normalized direct input,0
RA3,selected non-SOZ,0.5234375,Original Actor,0.5132142209184986,normalized direct input,0
RA3,selected non-SOZ,0.52734375,Original Actor,0.17109751821031247,normalized direct input,0
RA3,selected non-SOZ,0.53125,Original Actor,-0.40697356638027443,normalized direct input,0
RA3,selected non-SOZ,0.53515625,Original Actor,-0.4187115988406258,normalized direct input,0
RA3,selected non-SOZ,0.5390625,Original Actor,0.09680519608566791,normalized direct input,0
RA3,selected non-SOZ,0.54296875,Original Actor,0.028385343654243677,normalized direct input,0
RA3,selected non-SOZ,0.546875,Original Actor,0.2730348209210626,normalized direct input,0
RA3,selected non-SOZ,0.55078125,Original Actor,0.10435191591933764,normalized direct input,0
RA3,selected non-SOZ,0.5546875,Original Actor,-0.040352764161351536,normalized direct input,0
RA3,selected non-SOZ,0.55859375,Original Actor,-0.643800523939677,normalized direct input,0
RA3,selected non-SOZ,0.5625,Original Actor,-0.45016576568475897,normalized direct input,0
RA3,selected non-SOZ,0.56640625,Original Actor,0.5738465747433982,normalized direct input,0
RA3,selected non-SOZ,0.5703125,Original Actor,0.3654333688304076,normalized direct input,0
RA3,selected non-SOZ,0.57421875,Original Actor,-0.07629820043705116,normalized direct input,0
RA3,selected non-SOZ,0.578125,Original Actor,-0.08564780453075738,normalized direct input,0
RA3,selected non-SOZ,0.58203125,Original Actor,-0.4124207659479702,normalized direct input,0
RA3,selected non-SOZ,0.5859375,Original Actor,0.08871994813633269,normalized direct input,0
RA3,selected non-SOZ,0.58984375,Original Actor,0.32367648135206056,normalized direct input,0
RA3,selected non-SOZ,0.59375,Original Actor,-0.27155962474584927,normalized direct input,0
RA3,selected non-SOZ,0.59765625,Original Actor,0.16198292718114884,normalized direct input,0
RA3,selected non-SOZ,0.6015625,Original Actor,0.004267636729279135,normalized direct input,0
RA3,selected non-SOZ,0.60546875,Original Actor,-0.3142784866147206,normalized direct input,0
RA3,selected non-SOZ,0.609375,Original Actor,0.04940963352910758,normalized direct input,0
RA3,selected non-SOZ,0.61328125,Original Actor,0.21931934389058202,normalized direct input,0
RA3,selected non-SOZ,0.6171875,Original Actor,0.09857126826075444,normalized direct input,0
RA3,selected non-SOZ,0.62109375,Original Actor,-0.07026454173604826,normalized direct input,0
RA3,selected non-SOZ,0.625,Original Actor,-0.27758256060193126,normalized direct input,0
RA3,selected non-SOZ,0.62890625,Original Actor,-0.3276185093923612,normalized direct input,0
RA3,selected non-SOZ,0.6328125,Original Actor,0.18014392639290705,normalized direct input,0
RA3,selected non-SOZ,0.63671875,Original Actor,0.35007280528996654,normalized direct input,0
RA3,selected non-SOZ,0.640625,Original Actor,-0.1375725369758545,normalized direct input,0
RA3,selected non-SOZ,0.64453125,Original Actor,-0.1811127449228744,normalized direct input,0
RA3,selected non-SOZ,0.6484375,Original Actor,0.235605112778745,normalized direct input,0
RA3,selected non-SOZ,0.65234375,Original Actor,0.256791207678203,normalized direct input,0
RA3,selected non-SOZ,0.65625,Original Actor,-0.024659956757901155,normalized direct input,0
RA3,selected non-SOZ,0.66015625,Original Actor,-0.0808310262110413,normalized direct input,0
RA3,selected non-SOZ,0.6640625,Original Actor,-0.2795205210412172,normalized direct input,0
RA3,selected non-SOZ,0.66796875,Original Actor,0.1026446436011711,normalized direct input,0
RA3,selected non-SOZ,0.671875,Original Actor,0.34370495800539713,normalized direct input,0
RA3,selected non-SOZ,0.67578125,Original Actor,-0.06831536240907998,normalized direct input,0
RA3,selected non-SOZ,0.6796875,Original Actor,-0.09509773135045384,normalized direct input,0
RA3,selected non-SOZ,0.68359375,Original Actor,0.0817952650561824,normalized direct input,0
RA3,selected non-SOZ,0.6875,Original Actor,-0.08385366491560561,normalized direct input,0
RA3,selected non-SOZ,0.69140625,Original Actor,0.015160012607305894,normalized direct input,0
RA3,selected non-SOZ,0.6953125,Original Actor,-0.27952389547823464,normalized direct input,0
RA3,selected non-SOZ,0.69921875,Original Actor,-0.0905500055387595,normalized direct input,0
RA3,selected non-SOZ,0.703125,Original Actor,0.36590769900046116,normalized direct input,0
RA3,selected non-SOZ,0.70703125,Original Actor,0.024026789168247003,normalized direct input,0
RA3,selected non-SOZ,0.7109375,Original Actor,0.1566145578597595,normalized direct input,0
RA3,selected non-SOZ,0.71484375,Original Actor,-0.2521423738090993,normalized direct input,0
RA3,selected non-SOZ,0.71875,Original Actor,0.12150354107623018,normalized direct input,0
RA3,selected non-SOZ,0.72265625,Original Actor,-0.008920113161506569,normalized direct input,0
RA3,selected non-SOZ,0.7265625,Original Actor,-0.04380534925685388,normalized direct input,0
RA3,selected non-SOZ,0.73046875,Original Actor,0.2933883383340815,normalized direct input,0
RA3,selected non-SOZ,0.734375,Original Actor,0.4337208513604334,normalized direct input,0
RA3,selected non-SOZ,0.73828125,Original Actor,-0.06303799031524904,normalized direct input,0
RA3,selected non-SOZ,0.7421875,Original Actor,-0.10963965170028854,normalized direct input,0
RA3,selected non-SOZ,0.74609375,Original Actor,-0.1495211717329977,normalized direct input,0
RA3,selected non-SOZ,0.75,Original Actor,-0.026718882698219128,normalized direct input,0
RA3,selected non-SOZ,0.75390625,Original Actor,-0.4201611007206604,normalized direct input,0
RA3,selected non-SOZ,0.7578125,Original Actor,0.059324045075101056,normalized direct input,0
RA3,selected non-SOZ,0.76171875,Original Actor,0.27062606030114006,normalized direct input,0
RA3,selected non-SOZ,0.765625,Original Actor,0.1573541030013676,normalized direct input,0
RA3,selected non-SOZ,0.76953125,Original Actor,0.10239879123211137,normalized direct input,0
RA3,selected non-SOZ,0.7734375,Original Actor,-0.10037616246854006,normalized direct input,0
RA3,selected non-SOZ,0.77734375,Original Actor,-0.02497332218029356,normalized direct input,0
RA3,selected non-SOZ,0.78125,Original Actor,0.20201140119050212,normalized direct input,0
RA3,selected non-SOZ,0.78515625,Original Actor,0.10909848044292857,normalized direct input,0
RA3,selected non-SOZ,0.7890625,Original Actor,-0.3172648435687854,normalized direct input,0
RA3,selected non-SOZ,0.79296875,Original Actor,-0.4196666303479427,normalized direct input,0
RA3,selected non-SOZ,0.796875,Original Actor,0.1529427796992206,normalized direct input,0
RA3,selected non-SOZ,0.80078125,Original Actor,0.22865079454856482,normalized direct input,0
RA3,selected non-SOZ,0.8046875,Original Actor,0.5698418493059249,normalized direct input,0
RA3,selected non-SOZ,0.80859375,Original Actor,-0.010398593367949547,normalized direct input,0
RA3,selected non-SOZ,0.8125,Original Actor,-0.3688478208346957,normalized direct input,0
RA3,selected non-SOZ,0.81640625,Original Actor,-0.15407879446816114,normalized direct input,0
RA3,selected non-SOZ,0.8203125,Original Actor,-0.1579174157437765,normalized direct input,0
RA3,selected non-SOZ,0.82421875,Original Actor,0.23634877023481213,normalized direct input,0
RA3,selected non-SOZ,0.828125,Original Actor,0.5133341785482156,normalized direct input,0
RA3,selected non-SOZ,0.83203125,Original Actor,0.057404972490868345,normalized direct input,0
RA3,selected non-SOZ,0.8359375,Original Actor,-0.08021311482530881,normalized direct input,0
RA3,selected non-SOZ,0.83984375,Original Actor,0.10307776455508524,normalized direct input,0
RA3,selected non-SOZ,0.84375,Original Actor,-0.3230795615918716,normalized direct input,0
RA3,selected non-SOZ,0.84765625,Original Actor,-0.2544569033289699,normalized direct input,0
RA3,selected non-SOZ,0.8515625,Original Actor,0.30154830789387066,normalized direct input,0
RA3,selected non-SOZ,0.85546875,Original Actor,0.30987840380108855,normalized direct input,0
RA3,selected non-SOZ,0.859375,Original Actor,0.0547046648626736,normalized direct input,0
RA3,selected non-SOZ,0.86328125,Original Actor,-0.5229517937935697,normalized direct input,0
RA3,selected non-SOZ,0.8671875,Original Actor,-0.5134801919784492,normalized direct input,0
RA3,selected non-SOZ,0.87109375,Original Actor,-0.46863076810341214,normalized direct input,0
RA3,selected non-SOZ,0.875,Original Actor,-0.10458365790190574,normalized direct input,0
RA3,selected non-SOZ,0.87890625,Original Actor,0.19092173201440024,normalized direct input,0
RA3,selected non-SOZ,0.8828125,Original Actor,0.17131047521440818,normalized direct input,0
RA3,selected non-SOZ,0.88671875,Original Actor,0.4011870766645714,normalized direct input,0
RA3,selected non-SOZ,0.890625,Original Actor,0.18432934285241975,normalized direct input,0
RA3,selected non-SOZ,0.89453125,Original Actor,-0.263916094172045,normalized direct input,0
RA3,selected non-SOZ,0.8984375,Original Actor,-0.24893926702124813,normalized direct input,0
RA3,selected non-SOZ,0.90234375,Original Actor,-0.06296614344633142,normalized direct input,0
RA3,selected non-SOZ,0.90625,Original Actor,-0.5056949457531215,normalized direct input,0
RA3,selected non-SOZ,0.91015625,Original Actor,-0.5096640019754355,normalized direct input,0
RA3,selected non-SOZ,0.9140625,Original Actor,-0.701069179546319,normalized direct input,0
RA3,selected non-SOZ,0.91796875,Original Actor,-0.3339687864719994,normalized direct input,0
RA3,selected non-SOZ,0.921875,Original Actor,0.07491245543626293,normalized direct input,0
RA3,selected non-SOZ,0.92578125,Original Actor,0.34249817806362565,normalized direct input,0
RA3,selected non-SOZ,0.9296875,Original Actor,0.24914203349836483,normalized direct input,0
RA3,selected non-SOZ,0.93359375,Original Actor,0.22038205002243907,normalized direct input,0
RA3,selected non-SOZ,0.9375,Original Actor,-0.32411858495717705,normalized direct input,0
RA3,selected non-SOZ,0.94140625,Original Actor,-0.41108682699117993,normalized direct input,0
RA3,selected non-SOZ,0.9453125,Original Actor,-0.27469906415173195,normalized direct input,0
RA3,selected non-SOZ,0.94921875,Original Actor,-0.16064416697149947,normalized direct input,0
RA3,selected non-SOZ,0.953125,Original Actor,0.20691441465271387,normalized direct input,0
RA3,selected non-SOZ,0.95703125,Original Actor,0.34041228529769235,normalized direct input,0
RA3,selected non-SOZ,0.9609375,Original Actor,-0.3228167898674618,normalized direct input,0
RA3,selected non-SOZ,0.96484375,Original Actor,-0.1503830943200424,normalized direct input,0
RA3,selected non-SOZ,0.96875,Original Actor,-0.20931468699616296,normalized direct input,0
RA3,selected non-SOZ,0.97265625,Original Actor,0.706336007206555,normalized direct input,0
RA3,selected non-SOZ,0.9765625,Original Actor,0.28888966444449804,normalized direct input,0
RA3,selected non-SOZ,0.98046875,Original Actor,-0.38760867240459496,normalized direct input,0
RA3,selected non-SOZ,0.984375,Original Actor,-0.4460959924156259,normalized direct input,0
RA3,selected non-SOZ,0.98828125,Original Actor,-0.006763237013381263,normalized direct input,0
RA3,selected non-SOZ,0.9921875,Original Actor,0.021560512826501625,normalized direct input,0
RA3,selected non-SOZ,0.99609375,Original Actor,0.21883669650734236,normalized direct input,0
RA3,selected non-SOZ,0.0,Actor + WGAN-GP,-0.14001692096812055,normalized direct input,0
RA3,selected non-SOZ,0.00390625,Actor + WGAN-GP,0.04105183930237638,normalized direct input,0
RA3,selected non-SOZ,0.0078125,Actor + WGAN-GP,-0.3163437997146918,normalized direct input,0
RA3,selected non-SOZ,0.01171875,Actor + WGAN-GP,0.1288713175642252,normalized direct input,0
RA3,selected non-SOZ,0.015625,Actor + WGAN-GP,0.0048878997463723955,normalized direct input,0
RA3,selected non-SOZ,0.01953125,Actor + WGAN-GP,-0.4956430111242247,normalized direct input,0
RA3,selected non-SOZ,0.0234375,Actor + WGAN-GP,-0.39284444992612944,normalized direct input,0
RA3,selected non-SOZ,0.02734375,Actor + WGAN-GP,0.03284483618711614,normalized direct input,0
RA3,selected non-SOZ,0.03125,Actor + WGAN-GP,0.3912900906379685,normalized direct input,0
RA3,selected non-SOZ,0.03515625,Actor + WGAN-GP,-0.29175857382124887,normalized direct input,0
RA3,selected non-SOZ,0.0390625,Actor + WGAN-GP,0.01872404779486922,normalized direct input,0
RA3,selected non-SOZ,0.04296875,Actor + WGAN-GP,-0.30948217285452234,normalized direct input,0
RA3,selected non-SOZ,0.046875,Actor + WGAN-GP,0.25623713533241355,normalized direct input,0
RA3,selected non-SOZ,0.05078125,Actor + WGAN-GP,-0.1396976083006066,normalized direct input,0
RA3,selected non-SOZ,0.0546875,Actor + WGAN-GP,0.23139480287387185,normalized direct input,0
RA3,selected non-SOZ,0.05859375,Actor + WGAN-GP,0.028732668698292822,normalized direct input,0
RA3,selected non-SOZ,0.0625,Actor + WGAN-GP,0.1423307462792695,normalized direct input,0
RA3,selected non-SOZ,0.06640625,Actor + WGAN-GP,-0.19047120784769064,normalized direct input,0
RA3,selected non-SOZ,0.0703125,Actor + WGAN-GP,0.07750826363376925,normalized direct input,0
RA3,selected non-SOZ,0.07421875,Actor + WGAN-GP,0.020275737871840088,normalized direct input,0
RA3,selected non-SOZ,0.078125,Actor + WGAN-GP,0.6264883225259699,normalized direct input,0
RA3,selected non-SOZ,0.08203125,Actor + WGAN-GP,-0.05391532395717577,normalized direct input,0
RA3,selected non-SOZ,0.0859375,Actor + WGAN-GP,-0.1035481992305847,normalized direct input,0
RA3,selected non-SOZ,0.08984375,Actor + WGAN-GP,-0.13549018837156374,normalized direct input,0
RA3,selected non-SOZ,0.09375,Actor + WGAN-GP,0.4034648873860797,normalized direct input,0
RA3,selected non-SOZ,0.09765625,Actor + WGAN-GP,-0.1678408223516425,normalized direct input,0
RA3,selected non-SOZ,0.1015625,Actor + WGAN-GP,-0.295243046045325,normalized direct input,0
RA3,selected non-SOZ,0.10546875,Actor + WGAN-GP,-0.32794166360341886,normalized direct input,0
RA3,selected non-SOZ,0.109375,Actor + WGAN-GP,0.30791988297767736,normalized direct input,0
RA3,selected non-SOZ,0.11328125,Actor + WGAN-GP,0.025350600375394772,normalized direct input,0
RA3,selected non-SOZ,0.1171875,Actor + WGAN-GP,-0.1419782461506254,normalized direct input,0
RA3,selected non-SOZ,0.12109375,Actor + WGAN-GP,-0.42879684197864915,normalized direct input,0
RA3,selected non-SOZ,0.125,Actor + WGAN-GP,-0.3794090085721579,normalized direct input,0
RA3,selected non-SOZ,0.12890625,Actor + WGAN-GP,0.030575912184109405,normalized direct input,0
RA3,selected non-SOZ,0.1328125,Actor + WGAN-GP,0.47233212052937446,normalized direct input,0
RA3,selected non-SOZ,0.13671875,Actor + WGAN-GP,-0.11047328111133212,normalized direct input,0
RA3,selected non-SOZ,0.140625,Actor + WGAN-GP,-0.21210380582691662,normalized direct input,0
RA3,selected non-SOZ,0.14453125,Actor + WGAN-GP,-0.08426685467610297,normalized direct input,0
RA3,selected non-SOZ,0.1484375,Actor + WGAN-GP,0.5675706211658207,normalized direct input,0
RA3,selected non-SOZ,0.15234375,Actor + WGAN-GP,0.3151925526337727,normalized direct input,0
RA3,selected non-SOZ,0.15625,Actor + WGAN-GP,0.6443937915632237,normalized direct input,0
RA3,selected non-SOZ,0.16015625,Actor + WGAN-GP,0.42069767205647285,normalized direct input,0
RA3,selected non-SOZ,0.1640625,Actor + WGAN-GP,-0.5185666617339717,normalized direct input,0
RA3,selected non-SOZ,0.16796875,Actor + WGAN-GP,-0.40263734239735144,normalized direct input,0
RA3,selected non-SOZ,0.171875,Actor + WGAN-GP,0.06509963627674213,normalized direct input,0
RA3,selected non-SOZ,0.17578125,Actor + WGAN-GP,0.20153324216663732,normalized direct input,0
RA3,selected non-SOZ,0.1796875,Actor + WGAN-GP,0.414533490850953,normalized direct input,0
RA3,selected non-SOZ,0.18359375,Actor + WGAN-GP,0.4072611951838662,normalized direct input,0
RA3,selected non-SOZ,0.1875,Actor + WGAN-GP,0.14583816436980243,normalized direct input,0
RA3,selected non-SOZ,0.19140625,Actor + WGAN-GP,-0.06645108702708766,normalized direct input,0
RA3,selected non-SOZ,0.1953125,Actor + WGAN-GP,0.19204015257442472,normalized direct input,0
RA3,selected non-SOZ,0.19921875,Actor + WGAN-GP,-0.432259969149394,normalized direct input,0
RA3,selected non-SOZ,0.203125,Actor + WGAN-GP,-0.19435425086789668,normalized direct input,0
RA3,selected non-SOZ,0.20703125,Actor + WGAN-GP,-0.1826048285890106,normalized direct input,0
RA3,selected non-SOZ,0.2109375,Actor + WGAN-GP,0.1716944522648528,normalized direct input,0
RA3,selected non-SOZ,0.21484375,Actor + WGAN-GP,0.31449842340276357,normalized direct input,0
RA3,selected non-SOZ,0.21875,Actor + WGAN-GP,0.2774322600443408,normalized direct input,0
RA3,selected non-SOZ,0.22265625,Actor + WGAN-GP,-0.313136950857715,normalized direct input,0
RA3,selected non-SOZ,0.2265625,Actor + WGAN-GP,-0.29315427816863326,normalized direct input,0
RA3,selected non-SOZ,0.23046875,Actor + WGAN-GP,-0.4908945303698191,normalized direct input,0
RA3,selected non-SOZ,0.234375,Actor + WGAN-GP,0.2804866512001735,normalized direct input,0
RA3,selected non-SOZ,0.23828125,Actor + WGAN-GP,0.35663581306566045,normalized direct input,0
RA3,selected non-SOZ,0.2421875,Actor + WGAN-GP,0.02441999651781443,normalized direct input,0
RA3,selected non-SOZ,0.24609375,Actor + WGAN-GP,0.0992683334201149,normalized direct input,0
RA3,selected non-SOZ,0.25,Actor + WGAN-GP,-0.6227920140273823,normalized direct input,0
RA3,selected non-SOZ,0.25390625,Actor + WGAN-GP,-0.48550942111452977,normalized direct input,0
RA3,selected non-SOZ,0.2578125,Actor + WGAN-GP,0.24384421438704598,normalized direct input,0
RA3,selected non-SOZ,0.26171875,Actor + WGAN-GP,0.47985220758439884,normalized direct input,0
RA3,selected non-SOZ,0.265625,Actor + WGAN-GP,0.5015252976667646,normalized direct input,0
RA3,selected non-SOZ,0.26953125,Actor + WGAN-GP,0.4277298581661304,normalized direct input,0
RA3,selected non-SOZ,0.2734375,Actor + WGAN-GP,-0.00801550934752282,normalized direct input,0
RA3,selected non-SOZ,0.27734375,Actor + WGAN-GP,-0.08749330685045793,normalized direct input,0
RA3,selected non-SOZ,0.28125,Actor + WGAN-GP,0.3817215694573231,normalized direct input,0
RA3,selected non-SOZ,0.28515625,Actor + WGAN-GP,0.2735834342151039,normalized direct input,0
RA3,selected non-SOZ,0.2890625,Actor + WGAN-GP,0.29887767933583137,normalized direct input,0
RA3,selected non-SOZ,0.29296875,Actor + WGAN-GP,-0.27230022313224694,normalized direct input,0
RA3,selected non-SOZ,0.296875,Actor + WGAN-GP,0.022365740261104095,normalized direct input,0
RA3,selected non-SOZ,0.30078125,Actor + WGAN-GP,-0.49010123364254693,normalized direct input,0
RA3,selected non-SOZ,0.3046875,Actor + WGAN-GP,0.20112950974726274,normalized direct input,0
RA3,selected non-SOZ,0.30859375,Actor + WGAN-GP,0.0964834819676146,normalized direct input,0
RA3,selected non-SOZ,0.3125,Actor + WGAN-GP,0.5337138489013931,normalized direct input,0
RA3,selected non-SOZ,0.31640625,Actor + WGAN-GP,0.5314600198155287,normalized direct input,0
RA3,selected non-SOZ,0.3203125,Actor + WGAN-GP,-0.25137647963347143,normalized direct input,0
RA3,selected non-SOZ,0.32421875,Actor + WGAN-GP,-0.21176677497213123,normalized direct input,0
RA3,selected non-SOZ,0.328125,Actor + WGAN-GP,0.001306039646589546,normalized direct input,0
RA3,selected non-SOZ,0.33203125,Actor + WGAN-GP,0.002075511702037602,normalized direct input,0
RA3,selected non-SOZ,0.3359375,Actor + WGAN-GP,0.058926190253568204,normalized direct input,0
RA3,selected non-SOZ,0.33984375,Actor + WGAN-GP,0.3374559381658538,normalized direct input,0
RA3,selected non-SOZ,0.34375,Actor + WGAN-GP,-0.07332787474002735,normalized direct input,0
RA3,selected non-SOZ,0.34765625,Actor + WGAN-GP,0.23367426264900645,normalized direct input,0
RA3,selected non-SOZ,0.3515625,Actor + WGAN-GP,-0.6989871607259848,normalized direct input,0
RA3,selected non-SOZ,0.35546875,Actor + WGAN-GP,-0.5358080996561139,normalized direct input,0
RA3,selected non-SOZ,0.359375,Actor + WGAN-GP,-0.350191433906856,normalized direct input,0
RA3,selected non-SOZ,0.36328125,Actor + WGAN-GP,0.015130801566825107,normalized direct input,0
RA3,selected non-SOZ,0.3671875,Actor + WGAN-GP,0.44475475126801006,normalized direct input,0
RA3,selected non-SOZ,0.37109375,Actor + WGAN-GP,0.24624772654208918,normalized direct input,0
RA3,selected non-SOZ,0.375,Actor + WGAN-GP,-0.20609255264683754,normalized direct input,0
RA3,selected non-SOZ,0.37890625,Actor + WGAN-GP,-0.16685657951963329,normalized direct input,0
RA3,selected non-SOZ,0.3828125,Actor + WGAN-GP,0.25825003280318437,normalized direct input,0
RA3,selected non-SOZ,0.38671875,Actor + WGAN-GP,0.15877452147855767,normalized direct input,0
RA3,selected non-SOZ,0.390625,Actor + WGAN-GP,0.43357780917239214,normalized direct input,0
RA3,selected non-SOZ,0.39453125,Actor + WGAN-GP,-0.10231040152691376,normalized direct input,0
RA3,selected non-SOZ,0.3984375,Actor + WGAN-GP,-0.09581110803346438,normalized direct input,0
RA3,selected non-SOZ,0.40234375,Actor + WGAN-GP,0.4974703856827264,normalized direct input,0
RA3,selected non-SOZ,0.40625,Actor + WGAN-GP,0.5020913362312851,normalized direct input,0
RA3,selected non-SOZ,0.41015625,Actor + WGAN-GP,0.12353243932587156,normalized direct input,0
RA3,selected non-SOZ,0.4140625,Actor + WGAN-GP,-0.244336672692236,normalized direct input,0
RA3,selected non-SOZ,0.41796875,Actor + WGAN-GP,-0.060185039970158116,normalized direct input,0
RA3,selected non-SOZ,0.421875,Actor + WGAN-GP,0.32929619224233425,normalized direct input,0
RA3,selected non-SOZ,0.42578125,Actor + WGAN-GP,0.13583804508691255,normalized direct input,0
RA3,selected non-SOZ,0.4296875,Actor + WGAN-GP,0.485062832040988,normalized direct input,0
RA3,selected non-SOZ,0.43359375,Actor + WGAN-GP,-0.18440110982947772,normalized direct input,0
RA3,selected non-SOZ,0.4375,Actor + WGAN-GP,-0.09733513358785736,normalized direct input,0
RA3,selected non-SOZ,0.44140625,Actor + WGAN-GP,-0.053176427721090734,normalized direct input,0
RA3,selected non-SOZ,0.4453125,Actor + WGAN-GP,0.06543924100269606,normalized direct input,0
RA3,selected non-SOZ,0.44921875,Actor + WGAN-GP,0.44588393593040765,normalized direct input,0
RA3,selected non-SOZ,0.453125,Actor + WGAN-GP,0.10343927841110277,normalized direct input,0
RA3,selected non-SOZ,0.45703125,Actor + WGAN-GP,-0.5860145741211892,normalized direct input,0
RA3,selected non-SOZ,0.4609375,Actor + WGAN-GP,-0.03764715469466419,normalized direct input,0
RA3,selected non-SOZ,0.46484375,Actor + WGAN-GP,0.05046136885312081,normalized direct input,0
RA3,selected non-SOZ,0.46875,Actor + WGAN-GP,-0.04047723378670025,normalized direct input,0
RA3,selected non-SOZ,0.47265625,Actor + WGAN-GP,-0.03910301653880069,normalized direct input,0
RA3,selected non-SOZ,0.4765625,Actor + WGAN-GP,-0.15956655307221523,normalized direct input,0
RA3,selected non-SOZ,0.48046875,Actor + WGAN-GP,0.24633986299755123,normalized direct input,0
RA3,selected non-SOZ,0.484375,Actor + WGAN-GP,-0.031978221333789456,normalized direct input,0
RA3,selected non-SOZ,0.48828125,Actor + WGAN-GP,-0.21391074321268536,normalized direct input,0
RA3,selected non-SOZ,0.4921875,Actor + WGAN-GP,0.17796876460085295,normalized direct input,0
RA3,selected non-SOZ,0.49609375,Actor + WGAN-GP,0.08559099272074766,normalized direct input,0
RA3,selected non-SOZ,0.5,Actor + WGAN-GP,0.5423691518194964,normalized direct input,0
RA3,selected non-SOZ,0.50390625,Actor + WGAN-GP,0.05233184234088059,normalized direct input,0
RA3,selected non-SOZ,0.5078125,Actor + WGAN-GP,0.042999604183143525,normalized direct input,0
RA3,selected non-SOZ,0.51171875,Actor + WGAN-GP,-0.5519126608577085,normalized direct input,0
RA3,selected non-SOZ,0.515625,Actor + WGAN-GP,-0.18543516870527835,normalized direct input,0
RA3,selected non-SOZ,0.51953125,Actor + WGAN-GP,0.58577126679912,normalized direct input,0
RA3,selected non-SOZ,0.5234375,Actor + WGAN-GP,0.513411611289849,normalized direct input,0
RA3,selected non-SOZ,0.52734375,Actor + WGAN-GP,0.16285129359626987,normalized direct input,0
RA3,selected non-SOZ,0.53125,Actor + WGAN-GP,-0.41741687264568755,normalized direct input,0
RA3,selected non-SOZ,0.53515625,Actor + WGAN-GP,-0.41566561162368415,normalized direct input,0
RA3,selected non-SOZ,0.5390625,Actor + WGAN-GP,0.12821957168772002,normalized direct input,0
RA3,selected non-SOZ,0.54296875,Actor + WGAN-GP,0.03212431953814679,normalized direct input,0
RA3,selected non-SOZ,0.546875,Actor + WGAN-GP,0.26710849382374113,normalized direct input,0
RA3,selected non-SOZ,0.55078125,Actor + WGAN-GP,0.0880105670541439,normalized direct input,0
RA3,selected non-SOZ,0.5546875,Actor + WGAN-GP,-0.054316019482146136,normalized direct input,0
RA3,selected non-SOZ,0.55859375,Actor + WGAN-GP,-0.6483465977180576,normalized direct input,0
RA3,selected non-SOZ,0.5625,Actor + WGAN-GP,-0.4306575568689539,normalized direct input,0
RA3,selected non-SOZ,0.56640625,Actor + WGAN-GP,0.598646218579001,normalized direct input,0
RA3,selected non-SOZ,0.5703125,Actor + WGAN-GP,0.37607339439519,normalized direct input,0
RA3,selected non-SOZ,0.57421875,Actor + WGAN-GP,-0.09944513712089541,normalized direct input,0
RA3,selected non-SOZ,0.578125,Actor + WGAN-GP,-0.0864474298781039,normalized direct input,0
RA3,selected non-SOZ,0.58203125,Actor + WGAN-GP,-0.414084286840032,normalized direct input,0
RA3,selected non-SOZ,0.5859375,Actor + WGAN-GP,0.12714378377385482,normalized direct input,0
RA3,selected non-SOZ,0.58984375,Actor + WGAN-GP,0.3338930304406282,normalized direct input,0
RA3,selected non-SOZ,0.59375,Actor + WGAN-GP,-0.3020507528225889,normalized direct input,0
RA3,selected non-SOZ,0.59765625,Actor + WGAN-GP,0.16152181996606893,normalized direct input,0
RA3,selected non-SOZ,0.6015625,Actor + WGAN-GP,-0.00011815160099061615,normalized direct input,0
RA3,selected non-SOZ,0.60546875,Actor + WGAN-GP,-0.3171144673141349,normalized direct input,0
RA3,selected non-SOZ,0.609375,Actor + WGAN-GP,0.08636076372229368,normalized direct input,0
RA3,selected non-SOZ,0.61328125,Actor + WGAN-GP,0.221077849154588,normalized direct input,0
RA3,selected non-SOZ,0.6171875,Actor + WGAN-GP,0.0843511835051268,normalized direct input,0
RA3,selected non-SOZ,0.62109375,Actor + WGAN-GP,-0.09427852859844287,normalized direct input,0
RA3,selected non-SOZ,0.625,Actor + WGAN-GP,-0.2894620253871089,normalized direct input,0
RA3,selected non-SOZ,0.62890625,Actor + WGAN-GP,-0.3157562448720717,normalized direct input,0
RA3,selected non-SOZ,0.6328125,Actor + WGAN-GP,0.216653416201948,normalized direct input,0
RA3,selected non-SOZ,0.63671875,Actor + WGAN-GP,0.33935229814581586,normalized direct input,0
RA3,selected non-SOZ,0.640625,Actor + WGAN-GP,-0.1661957212507315,normalized direct input,0
RA3,selected non-SOZ,0.64453125,Actor + WGAN-GP,-0.19433152474585194,normalized direct input,0
RA3,selected non-SOZ,0.6484375,Actor + WGAN-GP,0.25759031019103407,normalized direct input,0
RA3,selected non-SOZ,0.65234375,Actor + WGAN-GP,0.2846672259097069,normalized direct input,0
RA3,selected non-SOZ,0.65625,Actor + WGAN-GP,-0.01673658292862113,normalized direct input,0
RA3,selected non-SOZ,0.66015625,Actor + WGAN-GP,-0.09042843686088249,normalized direct input,0
RA3,selected non-SOZ,0.6640625,Actor + WGAN-GP,-0.29501945688915193,normalized direct input,0
RA3,selected non-SOZ,0.66796875,Actor + WGAN-GP,0.08371384139042005,normalized direct input,0
RA3,selected non-SOZ,0.671875,Actor + WGAN-GP,0.3481418441416553,normalized direct input,0
RA3,selected non-SOZ,0.67578125,Actor + WGAN-GP,-0.05832374715056049,normalized direct input,0
RA3,selected non-SOZ,0.6796875,Actor + WGAN-GP,-0.08323867755114137,normalized direct input,0
RA3,selected non-SOZ,0.68359375,Actor + WGAN-GP,0.0860943882924708,normalized direct input,0
RA3,selected non-SOZ,0.6875,Actor + WGAN-GP,-0.09261456589603868,normalized direct input,0
RA3,selected non-SOZ,0.69140625,Actor + WGAN-GP,0.006033357140733502,normalized direct input,0
RA3,selected non-SOZ,0.6953125,Actor + WGAN-GP,-0.27617905397753556,normalized direct input,0
RA3,selected non-SOZ,0.69921875,Actor + WGAN-GP,-0.07993820707194135,normalized direct input,0
RA3,selected non-SOZ,0.703125,Actor + WGAN-GP,0.38387437449612805,normalized direct input,0
RA3,selected non-SOZ,0.70703125,Actor + WGAN-GP,0.025829333638279543,normalized direct input,0
RA3,selected non-SOZ,0.7109375,Actor + WGAN-GP,0.15555617531234675,normalized direct input,0
RA3,selected non-SOZ,0.71484375,Actor + WGAN-GP,-0.27293771302846404,normalized direct input,0
RA3,selected non-SOZ,0.71875,Actor + WGAN-GP,0.12469422378134959,normalized direct input,0
RA3,selected non-SOZ,0.72265625,Actor + WGAN-GP,-0.005723787739342446,normalized direct input,0
RA3,selected non-SOZ,0.7265625,Actor + WGAN-GP,-0.032003959071846846,normalized direct input,0
RA3,selected non-SOZ,0.73046875,Actor + WGAN-GP,0.3075140321708602,normalized direct input,0
RA3,selected non-SOZ,0.734375,Actor + WGAN-GP,0.43440286473007184,normalized direct input,0
RA3,selected non-SOZ,0.73828125,Actor + WGAN-GP,-0.0888913343365021,normalized direct input,0
RA3,selected non-SOZ,0.7421875,Actor + WGAN-GP,-0.11001675374965574,normalized direct input,0
RA3,selected non-SOZ,0.74609375,Actor + WGAN-GP,-0.14442667424562178,normalized direct input,0
RA3,selected non-SOZ,0.75,Actor + WGAN-GP,-0.01095112237541667,normalized direct input,0
RA3,selected non-SOZ,0.75390625,Actor + WGAN-GP,-0.4280328326470006,normalized direct input,0
RA3,selected non-SOZ,0.7578125,Actor + WGAN-GP,0.06984407308447596,normalized direct input,0
RA3,selected non-SOZ,0.76171875,Actor + WGAN-GP,0.2772972419635975,normalized direct input,0
RA3,selected non-SOZ,0.765625,Actor + WGAN-GP,0.15267874546582605,normalized direct input,0
RA3,selected non-SOZ,0.76953125,Actor + WGAN-GP,0.10222925366525325,normalized direct input,0
RA3,selected non-SOZ,0.7734375,Actor + WGAN-GP,-0.09697129824405155,normalized direct input,0
RA3,selected non-SOZ,0.77734375,Actor + WGAN-GP,-0.020791391154224365,normalized direct input,0
RA3,selected non-SOZ,0.78125,Actor + WGAN-GP,0.20507458844538662,normalized direct input,0
RA3,selected non-SOZ,0.78515625,Actor + WGAN-GP,0.10089174483502278,normalized direct input,0
RA3,selected non-SOZ,0.7890625,Actor + WGAN-GP,-0.32649470522269136,normalized direct input,0
RA3,selected non-SOZ,0.79296875,Actor + WGAN-GP,-0.41336352529996456,normalized direct input,0
RA3,selected non-SOZ,0.796875,Actor + WGAN-GP,0.1691655729165712,normalized direct input,0
RA3,selected non-SOZ,0.80078125,Actor + WGAN-GP,0.24465893824697912,normalized direct input,0
RA3,selected non-SOZ,0.8046875,Actor + WGAN-GP,0.5817707091917478,normalized direct input,0
RA3,selected non-SOZ,0.80859375,Actor + WGAN-GP,-0.03198664756803203,normalized direct input,0
RA3,selected non-SOZ,0.8125,Actor + WGAN-GP,-0.3909111165813538,normalized direct input,0
RA3,selected non-SOZ,0.81640625,Actor + WGAN-GP,-0.1574219034111777,normalized direct input,0
RA3,selected non-SOZ,0.8203125,Actor + WGAN-GP,-0.14069638595062808,normalized direct input,0
RA3,selected non-SOZ,0.82421875,Actor + WGAN-GP,0.27648075302408953,normalized direct input,0
RA3,selected non-SOZ,0.828125,Actor + WGAN-GP,0.5241670748380031,normalized direct input,0
RA3,selected non-SOZ,0.83203125,Actor + WGAN-GP,0.034948615934489155,normalized direct input,0
RA3,selected non-SOZ,0.8359375,Actor + WGAN-GP,-0.09893700740687073,normalized direct input,0
RA3,selected non-SOZ,0.83984375,Actor + WGAN-GP,0.11619015669236316,normalized direct input,0
RA3,selected non-SOZ,0.84375,Actor + WGAN-GP,-0.32803539025612527,normalized direct input,0
RA3,selected non-SOZ,0.84765625,Actor + WGAN-GP,-0.24490159861488595,normalized direct input,0
RA3,selected non-SOZ,0.8515625,Actor + WGAN-GP,0.3136757707245847,normalized direct input,0
RA3,selected non-SOZ,0.85546875,Actor + WGAN-GP,0.31306652068284657,normalized direct input,0
RA3,selected non-SOZ,0.859375,Actor + WGAN-GP,0.0449685285555343,normalized direct input,0
RA3,selected non-SOZ,0.86328125,Actor + WGAN-GP,-0.5436581021400977,normalized direct input,0
RA3,selected non-SOZ,0.8671875,Actor + WGAN-GP,-0.5118221743028564,normalized direct input,0
RA3,selected non-SOZ,0.87109375,Actor + WGAN-GP,-0.45688854559452796,normalized direct input,0
RA3,selected non-SOZ,0.875,Actor + WGAN-GP,-0.0821732184698326,normalized direct input,0
RA3,selected non-SOZ,0.87890625,Actor + WGAN-GP,0.19653151417356393,normalized direct input,0
RA3,selected non-SOZ,0.8828125,Actor + WGAN-GP,0.16752438214701065,normalized direct input,0
RA3,selected non-SOZ,0.88671875,Actor + WGAN-GP,0.39074032329070946,normalized direct input,0
RA3,selected non-SOZ,0.890625,Actor + WGAN-GP,0.20100490788301129,normalized direct input,0
RA3,selected non-SOZ,0.89453125,Actor + WGAN-GP,-0.26252962654314965,normalized direct input,0
RA3,selected non-SOZ,0.8984375,Actor + WGAN-GP,-0.23775880788474396,normalized direct input,0
RA3,selected non-SOZ,0.90234375,Actor + WGAN-GP,-0.043144617345050935,normalized direct input,0
RA3,selected non-SOZ,0.90625,Actor + WGAN-GP,-0.512631260747288,normalized direct input,0
RA3,selected non-SOZ,0.91015625,Actor + WGAN-GP,-0.5271731162201552,normalized direct input,0
RA3,selected non-SOZ,0.9140625,Actor + WGAN-GP,-0.7050745774665649,normalized direct input,0
RA3,selected non-SOZ,0.91796875,Actor + WGAN-GP,-0.3282780044212381,normalized direct input,0
RA3,selected non-SOZ,0.921875,Actor + WGAN-GP,0.09985157379462574,normalized direct input,0
RA3,selected non-SOZ,0.92578125,Actor + WGAN-GP,0.35446164611824366,normalized direct input,0
RA3,selected non-SOZ,0.9296875,Actor + WGAN-GP,0.2476904726005332,normalized direct input,0
RA3,selected non-SOZ,0.93359375,Actor + WGAN-GP,0.20638879848479727,normalized direct input,0
RA3,selected non-SOZ,0.9375,Actor + WGAN-GP,-0.3415704430145,normalized direct input,0
RA3,selected non-SOZ,0.94140625,Actor + WGAN-GP,-0.4074815931451052,normalized direct input,0
RA3,selected non-SOZ,0.9453125,Actor + WGAN-GP,-0.2556091890794661,normalized direct input,0
RA3,selected non-SOZ,0.94921875,Actor + WGAN-GP,-0.13856330209269943,normalized direct input,0
RA3,selected non-SOZ,0.953125,Actor + WGAN-GP,0.21713434653750807,normalized direct input,0
RA3,selected non-SOZ,0.95703125,Actor + WGAN-GP,0.32430988641072694,normalized direct input,0
RA3,selected non-SOZ,0.9609375,Actor + WGAN-GP,-0.3483291776413454,normalized direct input,0
RA3,selected non-SOZ,0.96484375,Actor + WGAN-GP,-0.1524782476735629,normalized direct input,0
RA3,selected non-SOZ,0.96875,Actor + WGAN-GP,-0.19090530735905167,normalized direct input,0
RA3,selected non-SOZ,0.97265625,Actor + WGAN-GP,0.718827776857733,normalized direct input,0
RA3,selected non-SOZ,0.9765625,Actor + WGAN-GP,0.28287849289590505,normalized direct input,0
RA3,selected non-SOZ,0.98046875,Actor + WGAN-GP,-0.41806376298495607,normalized direct input,0
RA3,selected non-SOZ,0.984375,Actor + WGAN-GP,-0.46696519298828415,normalized direct input,0
RA3,selected non-SOZ,0.98828125,Actor + WGAN-GP,-0.002297398658950022,normalized direct input,0
RA3,selected non-SOZ,0.9921875,Actor + WGAN-GP,0.04220220673129614,normalized direct input,0
RA3,selected non-SOZ,0.99609375,Actor + WGAN-GP,0.23066407370348127,normalized direct input,0
RAFa4,unselected,0.0,Original Actor,-0.00722986949062206,normalized graph-mediated input,0
RAFa4,unselected,0.00390625,Original Actor,-0.012832491282505227,normalized graph-mediated input,0
RAFa4,unselected,0.0078125,Original Actor,0.00568437662825491,normalized graph-mediated input,0
RAFa4,unselected,0.01171875,Original Actor,0.00037900041586263095,normalized graph-mediated input,0
RAFa4,unselected,0.015625,Original Actor,-0.012534203279637706,normalized graph-mediated input,0
RAFa4,unselected,0.01953125,Original Actor,0.016269408726956,normalized graph-mediated input,0
RAFa4,unselected,0.0234375,Original Actor,0.012398537200742389,normalized graph-mediated input,0
RAFa4,unselected,0.02734375,Original Actor,-0.007356728652848696,normalized graph-mediated input,0
RAFa4,unselected,0.03125,Original Actor,-0.014257780173734321,normalized graph-mediated input,0
RAFa4,unselected,0.03515625,Original Actor,0.01479806144560886,normalized graph-mediated input,0
RAFa4,unselected,0.0390625,Original Actor,0.021016511156181496,normalized graph-mediated input,0
RAFa4,unselected,0.04296875,Original Actor,0.020503568881822656,normalized graph-mediated input,0
RAFa4,unselected,0.046875,Original Actor,-0.01216674996068869,normalized graph-mediated input,0
RAFa4,unselected,0.05078125,Original Actor,0.011147049806422202,normalized graph-mediated input,0
RAFa4,unselected,0.0546875,Original Actor,-0.0036674614154258503,normalized graph-mediated input,0
RAFa4,unselected,0.05859375,Original Actor,0.00010724929682020295,normalized graph-mediated input,0
RAFa4,unselected,0.0625,Original Actor,-0.0026572809232851434,normalized graph-mediated input,0
RAFa4,unselected,0.06640625,Original Actor,0.021802929671021036,normalized graph-mediated input,0
RAFa4,unselected,0.0703125,Original Actor,0.005341094394377264,normalized graph-mediated input,0
RAFa4,unselected,0.07421875,Original Actor,0.0035575200784325055,normalized graph-mediated input,0
RAFa4,unselected,0.078125,Original Actor,-0.015232784959287397,normalized graph-mediated input,0
RAFa4,unselected,0.08203125,Original Actor,0.0002367395274588792,normalized graph-mediated input,0
RAFa4,unselected,0.0859375,Original Actor,0.012352258169390957,normalized graph-mediated input,0
RAFa4,unselected,0.08984375,Original Actor,0.017428322564079408,normalized graph-mediated input,0
RAFa4,unselected,0.09375,Original Actor,0.004222688464413915,normalized graph-mediated input,0
RAFa4,unselected,0.09765625,Original Actor,-0.01917377608167134,normalized graph-mediated input,0
RAFa4,unselected,0.1015625,Original Actor,-0.0006698347810036644,normalized graph-mediated input,0
RAFa4,unselected,0.10546875,Original Actor,0.0032951537801411282,normalized graph-mediated input,0
RAFa4,unselected,0.109375,Original Actor,-0.007032681431490115,normalized graph-mediated input,0
RAFa4,unselected,0.11328125,Original Actor,0.02554600250914379,normalized graph-mediated input,0
RAFa4,unselected,0.1171875,Original Actor,0.02092633018182062,normalized graph-mediated input,0
RAFa4,unselected,0.12109375,Original Actor,0.020460792426239032,normalized graph-mediated input,0
RAFa4,unselected,0.125,Original Actor,0.004789494965898997,normalized graph-mediated input,0
RAFa4,unselected,0.12890625,Original Actor,-0.02445255514100614,normalized graph-mediated input,0
RAFa4,unselected,0.1328125,Original Actor,-0.016668305198296204,normalized graph-mediated input,0
RAFa4,unselected,0.13671875,Original Actor,0.0016613041246931642,normalized graph-mediated input,0
RAFa4,unselected,0.140625,Original Actor,0.016900901751350134,normalized graph-mediated input,0
RAFa4,unselected,0.14453125,Original Actor,0.028322924072461723,normalized graph-mediated input,0
RAFa4,unselected,0.1484375,Original Actor,0.01611589524845303,normalized graph-mediated input,0
RAFa4,unselected,0.15234375,Original Actor,0.01763994337232346,normalized graph-mediated input,0
RAFa4,unselected,0.15625,Original Actor,-0.0004389426307165615,normalized graph-mediated input,0
RAFa4,unselected,0.16015625,Original Actor,-0.00220760752659841,normalized graph-mediated input,0
RAFa4,unselected,0.1640625,Original Actor,0.014116878712656232,normalized graph-mediated input,0
RAFa4,unselected,0.16796875,Original Actor,0.02541217130061812,normalized graph-mediated input,0
RAFa4,unselected,0.171875,Original Actor,0.017225776558632194,normalized graph-mediated input,0
RAFa4,unselected,0.17578125,Original Actor,0.019928081884108925,normalized graph-mediated input,0
RAFa4,unselected,0.1796875,Original Actor,-0.0089178960730309,normalized graph-mediated input,0
RAFa4,unselected,0.18359375,Original Actor,-0.009479215023985235,normalized graph-mediated input,0
RAFa4,unselected,0.1875,Original Actor,0.01060700921319594,normalized graph-mediated input,0
RAFa4,unselected,0.19140625,Original Actor,0.028827432303801186,normalized graph-mediated input,0
RAFa4,unselected,0.1953125,Original Actor,0.028377226946409106,normalized graph-mediated input,0
RAFa4,unselected,0.19921875,Original Actor,0.019980982322325112,normalized graph-mediated input,0
RAFa4,unselected,0.203125,Original Actor,0.001971987312550572,normalized graph-mediated input,0
RAFa4,unselected,0.20703125,Original Actor,0.003551718352392482,normalized graph-mediated input,0
RAFa4,unselected,0.2109375,Original Actor,0.0016567999087356636,normalized graph-mediated input,0
RAFa4,unselected,0.21484375,Original Actor,0.022583441861700658,normalized graph-mediated input,0
RAFa4,unselected,0.21875,Original Actor,0.007839248447539877,normalized graph-mediated input,0
RAFa4,unselected,0.22265625,Original Actor,0.002377530314325153,normalized graph-mediated input,0
RAFa4,unselected,0.2265625,Original Actor,0.01066522905077042,normalized graph-mediated input,0
RAFa4,unselected,0.23046875,Original Actor,0.02855615640078562,normalized graph-mediated input,0
RAFa4,unselected,0.234375,Original Actor,-0.010230267138350513,normalized graph-mediated input,0
RAFa4,unselected,0.23828125,Original Actor,-0.00663107652963903,normalized graph-mediated input,0
RAFa4,unselected,0.2421875,Original Actor,0.015558866061103798,normalized graph-mediated input,0
RAFa4,unselected,0.24609375,Original Actor,-0.00027951297467627284,normalized graph-mediated input,0
RAFa4,unselected,0.25,Original Actor,0.02263089324139882,normalized graph-mediated input,0
RAFa4,unselected,0.25390625,Original Actor,0.022659159816693804,normalized graph-mediated input,0
RAFa4,unselected,0.2578125,Original Actor,-0.007533878621529242,normalized graph-mediated input,0
RAFa4,unselected,0.26171875,Original Actor,-0.017905352291782195,normalized graph-mediated input,0
RAFa4,unselected,0.265625,Original Actor,0.008732494506946669,normalized graph-mediated input,0
RAFa4,unselected,0.26953125,Original Actor,0.013976117228950246,normalized graph-mediated input,0
RAFa4,unselected,0.2734375,Original Actor,0.0009301676816728048,normalized graph-mediated input,0
RAFa4,unselected,0.27734375,Original Actor,0.007123727660114602,normalized graph-mediated input,0
RAFa4,unselected,0.28125,Original Actor,-0.0064419748252091055,normalized graph-mediated input,0
RAFa4,unselected,0.28515625,Original Actor,-0.008310824690733572,normalized graph-mediated input,0
RAFa4,unselected,0.2890625,Original Actor,-0.0060015227907283825,normalized graph-mediated input,0
RAFa4,unselected,0.29296875,Original Actor,0.03097253985081535,normalized graph-mediated input,0
RAFa4,unselected,0.296875,Original Actor,0.010019461865441651,normalized graph-mediated input,0
RAFa4,unselected,0.30078125,Original Actor,0.021283503780584027,normalized graph-mediated input,0
RAFa4,unselected,0.3046875,Original Actor,-0.0007066291747498097,normalized graph-mediated input,0
RAFa4,unselected,0.30859375,Original Actor,0.017334006194787258,normalized graph-mediated input,0
RAFa4,unselected,0.3125,Original Actor,0.0013528432031027428,normalized graph-mediated input,0
RAFa4,unselected,0.31640625,Original Actor,-0.0081919658957435,normalized graph-mediated input,0
RAFa4,unselected,0.3203125,Original Actor,0.024931175935990563,normalized graph-mediated input,0
RAFa4,unselected,0.32421875,Original Actor,0.017010312480022043,normalized graph-mediated input,0
RAFa4,unselected,0.328125,Original Actor,0.017657081375404667,normalized graph-mediated input,0
RAFa4,unselected,0.33203125,Original Actor,-0.003827078681843281,normalized graph-mediated input,0
RAFa4,unselected,0.3359375,Original Actor,0.004491246174647611,normalized graph-mediated input,0
RAFa4,unselected,0.33984375,Original Actor,0.015123253049605915,normalized graph-mediated input,0
RAFa4,unselected,0.34375,Original Actor,0.015633823582029985,normalized graph-mediated input,0
RAFa4,unselected,0.34765625,Original Actor,-0.01312966898372781,normalized graph-mediated input,0
RAFa4,unselected,0.3515625,Original Actor,0.02120342474102547,normalized graph-mediated input,0
RAFa4,unselected,0.35546875,Original Actor,-0.006179535029653477,normalized graph-mediated input,0
RAFa4,unselected,0.359375,Original Actor,-0.010825750741288269,normalized graph-mediated input,0
RAFa4,unselected,0.36328125,Original Actor,-0.00035257641088682446,normalized graph-mediated input,0
RAFa4,unselected,0.3671875,Original Actor,-0.015554156000859954,normalized graph-mediated input,0
RAFa4,unselected,0.37109375,Original Actor,0.01855452232589928,normalized graph-mediated input,0
RAFa4,unselected,0.375,Original Actor,0.02135381217850249,normalized graph-mediated input,0
RAFa4,unselected,0.37890625,Original Actor,-0.003324094676413228,normalized graph-mediated input,0
RAFa4,unselected,0.3828125,Original Actor,-0.011272457831194833,normalized graph-mediated input,0
RAFa4,unselected,0.38671875,Original Actor,0.02775623882749667,normalized graph-mediated input,0
RAFa4,unselected,0.390625,Original Actor,-0.0014940054956138183,normalized graph-mediated input,0
RAFa4,unselected,0.39453125,Original Actor,0.0077968383119677255,normalized graph-mediated input,0
RAFa4,unselected,0.3984375,Original Actor,-0.00730015790647239,normalized graph-mediated input,0
RAFa4,unselected,0.40234375,Original Actor,0.009661162188521298,normalized graph-mediated input,0
RAFa4,unselected,0.40625,Original Actor,0.004569599275068635,normalized graph-mediated input,0
RAFa4,unselected,0.41015625,Original Actor,0.013156637600685087,normalized graph-mediated input,0
RAFa4,unselected,0.4140625,Original Actor,0.01053381383398611,normalized graph-mediated input,0
RAFa4,unselected,0.41796875,Original Actor,0.015552235969542286,normalized graph-mediated input,0
RAFa4,unselected,0.421875,Original Actor,0.01863412726166261,normalized graph-mediated input,0
RAFa4,unselected,0.42578125,Original Actor,0.008709510223221533,normalized graph-mediated input,0
RAFa4,unselected,0.4296875,Original Actor,0.005341163358337182,normalized graph-mediated input,0
RAFa4,unselected,0.43359375,Original Actor,0.005572976660767598,normalized graph-mediated input,0
RAFa4,unselected,0.4375,Original Actor,0.009013355735719902,normalized graph-mediated input,0
RAFa4,unselected,0.44140625,Original Actor,-0.015920498187219207,normalized graph-mediated input,0
RAFa4,unselected,0.4453125,Original Actor,0.010516978184335375,normalized graph-mediated input,0
RAFa4,unselected,0.44921875,Original Actor,-0.0025565223128623197,normalized graph-mediated input,0
RAFa4,unselected,0.453125,Original Actor,0.00017949607504765246,normalized graph-mediated input,0
RAFa4,unselected,0.45703125,Original Actor,0.012861097847641148,normalized graph-mediated input,0
RAFa4,unselected,0.4609375,Original Actor,-0.009381470481398056,normalized graph-mediated input,0
RAFa4,unselected,0.46484375,Original Actor,0.010193227729447458,normalized graph-mediated input,0
RAFa4,unselected,0.46875,Original Actor,0.017321243754192795,normalized graph-mediated input,0
RAFa4,unselected,0.47265625,Original Actor,0.017709353480495165,normalized graph-mediated input,0
RAFa4,unselected,0.4765625,Original Actor,0.008658566366541713,normalized graph-mediated input,0
RAFa4,unselected,0.48046875,Original Actor,-0.017800794186583344,normalized graph-mediated input,0
RAFa4,unselected,0.484375,Original Actor,0.004908693256383784,normalized graph-mediated input,0
RAFa4,unselected,0.48828125,Original Actor,0.008327371572491889,normalized graph-mediated input,0
RAFa4,unselected,0.4921875,Original Actor,0.005697709780317392,normalized graph-mediated input,0
RAFa4,unselected,0.49609375,Original Actor,-0.006625339126705684,normalized graph-mediated input,0
RAFa4,unselected,0.5,Original Actor,0.008707334966099095,normalized graph-mediated input,0
RAFa4,unselected,0.50390625,Original Actor,-0.0009363297798243235,normalized graph-mediated input,0
RAFa4,unselected,0.5078125,Original Actor,0.011486360134417402,normalized graph-mediated input,0
RAFa4,unselected,0.51171875,Original Actor,0.0263622228658443,normalized graph-mediated input,0
RAFa4,unselected,0.515625,Original Actor,0.016555527176047264,normalized graph-mediated input,0
RAFa4,unselected,0.51953125,Original Actor,-0.011710077643981902,normalized graph-mediated input,0
RAFa4,unselected,0.5234375,Original Actor,0.0011568184905329233,normalized graph-mediated input,0
RAFa4,unselected,0.52734375,Original Actor,0.00630649095924058,normalized graph-mediated input,0
RAFa4,unselected,0.53125,Original Actor,0.012912501821459242,normalized graph-mediated input,0
RAFa4,unselected,0.53515625,Original Actor,0.009525527269217886,normalized graph-mediated input,0
RAFa4,unselected,0.5390625,Original Actor,-0.001322118386845811,normalized graph-mediated input,0
RAFa4,unselected,0.54296875,Original Actor,0.011034034548231967,normalized graph-mediated input,0
RAFa4,unselected,0.546875,Original Actor,-0.001257706895406325,normalized graph-mediated input,0
RAFa4,unselected,0.55078125,Original Actor,0.0018912458471862911,normalized graph-mediated input,0
RAFa4,unselected,0.5546875,Original Actor,-0.0026986844310026062,normalized graph-mediated input,0
RAFa4,unselected,0.55859375,Original Actor,0.01845145413727788,normalized graph-mediated input,0
RAFa4,unselected,0.5625,Original Actor,0.0009052375048177862,normalized graph-mediated input,0
RAFa4,unselected,0.56640625,Original Actor,-0.010458142679641205,normalized graph-mediated input,0
RAFa4,unselected,0.5703125,Original Actor,-0.015386424340666956,normalized graph-mediated input,0
RAFa4,unselected,0.57421875,Original Actor,0.004978265932030347,normalized graph-mediated input,0
RAFa4,unselected,0.578125,Original Actor,0.002244007739601384,normalized graph-mediated input,0
RAFa4,unselected,0.58203125,Original Actor,0.016288075248334102,normalized graph-mediated input,0
RAFa4,unselected,0.5859375,Original Actor,0.013685720719171261,normalized graph-mediated input,0
RAFa4,unselected,0.58984375,Original Actor,0.007224861447834733,normalized graph-mediated input,0
RAFa4,unselected,0.59375,Original Actor,0.015062801389015513,normalized graph-mediated input,0
RAFa4,unselected,0.59765625,Original Actor,-0.007318075990484474,normalized graph-mediated input,0
RAFa4,unselected,0.6015625,Original Actor,-0.005225646682301156,normalized graph-mediated input,0
RAFa4,unselected,0.60546875,Original Actor,0.01157148435488619,normalized graph-mediated input,0
RAFa4,unselected,0.609375,Original Actor,0.014913551578186862,normalized graph-mediated input,0
RAFa4,unselected,0.61328125,Original Actor,0.011227230972555036,normalized graph-mediated input,0
RAFa4,unselected,0.6171875,Original Actor,0.00997739061720571,normalized graph-mediated input,0
RAFa4,unselected,0.62109375,Original Actor,0.013449184382256044,normalized graph-mediated input,0
RAFa4,unselected,0.625,Original Actor,0.010096799216629385,normalized graph-mediated input,0
RAFa4,unselected,0.62890625,Original Actor,0.021550955250590597,normalized graph-mediated input,0
RAFa4,unselected,0.6328125,Original Actor,0.012838113885056821,normalized graph-mediated input,0
RAFa4,unselected,0.63671875,Original Actor,0.007025244947678389,normalized graph-mediated input,0
RAFa4,unselected,0.640625,Original Actor,-0.001268849808769947,normalized graph-mediated input,0
RAFa4,unselected,0.64453125,Original Actor,0.011427572865929677,normalized graph-mediated input,0
RAFa4,unselected,0.6484375,Original Actor,0.0037202309033927024,normalized graph-mediated input,0
RAFa4,unselected,0.65234375,Original Actor,0.008267117791721608,normalized graph-mediated input,0
RAFa4,unselected,0.65625,Original Actor,0.006588360504663472,normalized graph-mediated input,0
RAFa4,unselected,0.66015625,Original Actor,0.00755011393139483,normalized graph-mediated input,0
RAFa4,unselected,0.6640625,Original Actor,0.023909529342846868,normalized graph-mediated input,0
RAFa4,unselected,0.66796875,Original Actor,0.02121244677416565,normalized graph-mediated input,0
RAFa4,unselected,0.671875,Original Actor,-0.021687385740964633,normalized graph-mediated input,0
RAFa4,unselected,0.67578125,Original Actor,-0.020834507762417746,normalized graph-mediated input,0
RAFa4,unselected,0.6796875,Original Actor,0.004075050041692339,normalized graph-mediated input,0
RAFa4,unselected,0.68359375,Original Actor,0.0046073029537248645,normalized graph-mediated input,0
RAFa4,unselected,0.6875,Original Actor,0.0165806183718147,normalized graph-mediated input,0
RAFa4,unselected,0.69140625,Original Actor,0.0008693308801527434,normalized graph-mediated input,0
RAFa4,unselected,0.6953125,Original Actor,0.016259641251056906,normalized graph-mediated input,0
RAFa4,unselected,0.69921875,Original Actor,0.004764831626200952,normalized graph-mediated input,0
RAFa4,unselected,0.703125,Original Actor,-0.01694866919245124,normalized graph-mediated input,0
RAFa4,unselected,0.70703125,Original Actor,0.01247846488058647,normalized graph-mediated input,0
RAFa4,unselected,0.7109375,Original Actor,0.006073487736930865,normalized graph-mediated input,0
RAFa4,unselected,0.71484375,Original Actor,0.0078729950173417,normalized graph-mediated input,0
RAFa4,unselected,0.71875,Original Actor,0.001079041110874098,normalized graph-mediated input,0
RAFa4,unselected,0.72265625,Original Actor,-0.003880534512850811,normalized graph-mediated input,0
RAFa4,unselected,0.7265625,Original Actor,0.01779692498405335,normalized graph-mediated input,0
RAFa4,unselected,0.73046875,Original Actor,0.00795090514905113,normalized graph-mediated input,0
RAFa4,unselected,0.734375,Original Actor,-0.005436731694051764,normalized graph-mediated input,0
RAFa4,unselected,0.73828125,Original Actor,0.00029004655821591785,normalized graph-mediated input,0
RAFa4,unselected,0.7421875,Original Actor,0.017937726746641958,normalized graph-mediated input,0
RAFa4,unselected,0.74609375,Original Actor,0.0016399628857156948,normalized graph-mediated input,0
RAFa4,unselected,0.75,Original Actor,-0.012258896371470552,normalized graph-mediated input,0
RAFa4,unselected,0.75390625,Original Actor,0.0009030785760315062,normalized graph-mediated input,0
RAFa4,unselected,0.7578125,Original Actor,-0.009447684382553147,normalized graph-mediated input,0
RAFa4,unselected,0.76171875,Original Actor,0.005380003551133118,normalized graph-mediated input,0
RAFa4,unselected,0.765625,Original Actor,0.00551631247356212,normalized graph-mediated input,0
RAFa4,unselected,0.76953125,Original Actor,0.0026483928046781464,normalized graph-mediated input,0
RAFa4,unselected,0.7734375,Original Actor,0.017624310408978366,normalized graph-mediated input,0
RAFa4,unselected,0.77734375,Original Actor,0.009490954517370425,normalized graph-mediated input,0
RAFa4,unselected,0.78125,Original Actor,0.0026691205921374034,normalized graph-mediated input,0
RAFa4,unselected,0.78515625,Original Actor,0.006976863771927551,normalized graph-mediated input,0
RAFa4,unselected,0.7890625,Original Actor,0.006907991462965442,normalized graph-mediated input,0
RAFa4,unselected,0.79296875,Original Actor,0.010931851768262736,normalized graph-mediated input,0
RAFa4,unselected,0.796875,Original Actor,-0.011756469608975714,normalized graph-mediated input,0
RAFa4,unselected,0.80078125,Original Actor,-0.003069660145414058,normalized graph-mediated input,0
RAFa4,unselected,0.8046875,Original Actor,-0.00027193400401443043,normalized graph-mediated input,0
RAFa4,unselected,0.80859375,Original Actor,0.030353712664381517,normalized graph-mediated input,0
RAFa4,unselected,0.8125,Original Actor,0.02188561497006858,normalized graph-mediated input,0
RAFa4,unselected,0.81640625,Original Actor,-0.009081123664288836,normalized graph-mediated input,0
RAFa4,unselected,0.8203125,Original Actor,-0.014717456048364684,normalized graph-mediated input,0
RAFa4,unselected,0.82421875,Original Actor,0.005838415659048497,normalized graph-mediated input,0
RAFa4,unselected,0.828125,Original Actor,-0.005138896853976488,normalized graph-mediated input,0
RAFa4,unselected,0.83203125,Original Actor,0.019999970179311998,normalized graph-mediated input,0
RAFa4,unselected,0.8359375,Original Actor,0.025266751088762043,normalized graph-mediated input,0
RAFa4,unselected,0.83984375,Original Actor,0.026852524137413368,normalized graph-mediated input,0
RAFa4,unselected,0.84375,Original Actor,0.007076293683235148,normalized graph-mediated input,0
RAFa4,unselected,0.84765625,Original Actor,0.004771374396367626,normalized graph-mediated input,0
RAFa4,unselected,0.8515625,Original Actor,9.776322584116062e-05,normalized graph-mediated input,0
RAFa4,unselected,0.85546875,Original Actor,0.013703885213671147,normalized graph-mediated input,0
RAFa4,unselected,0.859375,Original Actor,0.030453504906062818,normalized graph-mediated input,0
RAFa4,unselected,0.86328125,Original Actor,0.028677739527635904,normalized graph-mediated input,0
RAFa4,unselected,0.8671875,Original Actor,0.018179144318771975,normalized graph-mediated input,0
RAFa4,unselected,0.87109375,Original Actor,0.016672219982478968,normalized graph-mediated input,0
RAFa4,unselected,0.875,Original Actor,0.0014357023552956376,normalized graph-mediated input,0
RAFa4,unselected,0.87890625,Original Actor,0.002392769381287534,normalized graph-mediated input,0
RAFa4,unselected,0.8828125,Original Actor,-0.002327336964565135,normalized graph-mediated input,0
RAFa4,unselected,0.88671875,Original Actor,-0.014685951467448341,normalized graph-mediated input,0
RAFa4,unselected,0.890625,Original Actor,0.01845709612009583,normalized graph-mediated input,0
RAFa4,unselected,0.89453125,Original Actor,-0.003980097184139222,normalized graph-mediated input,0
RAFa4,unselected,0.8984375,Original Actor,0.003061423174940608,normalized graph-mediated input,0
RAFa4,unselected,0.90234375,Original Actor,0.0035592492536122037,normalized graph-mediated input,0
RAFa4,unselected,0.90625,Original Actor,0.02303268252132578,normalized graph-mediated input,0
RAFa4,unselected,0.91015625,Original Actor,-0.010405514696313367,normalized graph-mediated input,0
RAFa4,unselected,0.9140625,Original Actor,0.017871936925715454,normalized graph-mediated input,0
RAFa4,unselected,0.91796875,Original Actor,-0.0070624107584334305,normalized graph-mediated input,0
RAFa4,unselected,0.921875,Original Actor,-0.006582585787938446,normalized graph-mediated input,0
RAFa4,unselected,0.92578125,Original Actor,-0.002378200224624714,normalized graph-mediated input,0
RAFa4,unselected,0.9296875,Original Actor,-0.0001478751126798877,normalized graph-mediated input,0
RAFa4,unselected,0.93359375,Original Actor,-0.0005618687419502924,normalized graph-mediated input,0
RAFa4,unselected,0.9375,Original Actor,0.0027649891473688496,normalized graph-mediated input,0
RAFa4,unselected,0.94140625,Original Actor,-0.003883413731570491,normalized graph-mediated input,0
RAFa4,unselected,0.9453125,Original Actor,0.009373977028363217,normalized graph-mediated input,0
RAFa4,unselected,0.94921875,Original Actor,-0.00021105186671883786,normalized graph-mediated input,0
RAFa4,unselected,0.953125,Original Actor,0.014923392900805141,normalized graph-mediated input,0
RAFa4,unselected,0.95703125,Original Actor,-0.0015890800091610572,normalized graph-mediated input,0
RAFa4,unselected,0.9609375,Original Actor,0.007988528367627083,normalized graph-mediated input,0
RAFa4,unselected,0.96484375,Original Actor,0.0038191555967608745,normalized graph-mediated input,0
RAFa4,unselected,0.96875,Original Actor,0.02942419201649106,normalized graph-mediated input,0
RAFa4,unselected,0.97265625,Original Actor,0.007466646076890111,normalized graph-mediated input,0
RAFa4,unselected,0.9765625,Original Actor,-0.006162985036830296,normalized graph-mediated input,0
RAFa4,unselected,0.98046875,Original Actor,0.017981964326509205,normalized graph-mediated input,0
RAFa4,unselected,0.984375,Original Actor,0.02843304828789046,normalized graph-mediated input,0
RAFa4,unselected,0.98828125,Original Actor,0.017891172351609724,normalized graph-mediated input,0
RAFa4,unselected,0.9921875,Original Actor,0.006935885465459509,normalized graph-mediated input,0
RAFa4,unselected,0.99609375,Original Actor,-0.007045224651908466,normalized graph-mediated input,0
RAFa4,unselected,0.0,Actor + WGAN-GP,-0.00731577294532799,normalized graph-mediated input,0
RAFa4,unselected,0.00390625,Actor + WGAN-GP,-0.013075565712915614,normalized graph-mediated input,0
RAFa4,unselected,0.0078125,Actor + WGAN-GP,0.006055546864288136,normalized graph-mediated input,0
RAFa4,unselected,0.01171875,Actor + WGAN-GP,0.0002142831728440162,normalized graph-mediated input,0
RAFa4,unselected,0.015625,Actor + WGAN-GP,-0.012542927458711215,normalized graph-mediated input,0
RAFa4,unselected,0.01953125,Actor + WGAN-GP,0.01663565493318511,normalized graph-mediated input,0
RAFa4,unselected,0.0234375,Actor + WGAN-GP,0.012382349407283388,normalized graph-mediated input,0
RAFa4,unselected,0.02734375,Actor + WGAN-GP,-0.008112705801923038,normalized graph-mediated input,0
RAFa4,unselected,0.03125,Actor + WGAN-GP,-0.014161525411712747,normalized graph-mediated input,0
RAFa4,unselected,0.03515625,Actor + WGAN-GP,0.015604424609407393,normalized graph-mediated input,0
RAFa4,unselected,0.0390625,Actor + WGAN-GP,0.02087413208087881,normalized graph-mediated input,0
RAFa4,unselected,0.04296875,Actor + WGAN-GP,0.02048339994843279,normalized graph-mediated input,0
RAFa4,unselected,0.046875,Actor + WGAN-GP,-0.012725173802590944,normalized graph-mediated input,0
RAFa4,unselected,0.05078125,Actor + WGAN-GP,0.011800079949468748,normalized graph-mediated input,0
RAFa4,unselected,0.0546875,Actor + WGAN-GP,-0.003345254867275844,normalized graph-mediated input,0
RAFa4,unselected,0.05859375,Actor + WGAN-GP,0.0002527306505889742,normalized graph-mediated input,0
RAFa4,unselected,0.0625,Actor + WGAN-GP,-0.003072645880055204,normalized graph-mediated input,0
RAFa4,unselected,0.06640625,Actor + WGAN-GP,0.022241427485040172,normalized graph-mediated input,0
RAFa4,unselected,0.0703125,Actor + WGAN-GP,0.004264949294357382,normalized graph-mediated input,0
RAFa4,unselected,0.07421875,Actor + WGAN-GP,0.0032639153436170294,normalized graph-mediated input,0
RAFa4,unselected,0.078125,Actor + WGAN-GP,-0.015859057426424277,normalized graph-mediated input,0
RAFa4,unselected,0.08203125,Actor + WGAN-GP,-0.00011005491159797472,normalized graph-mediated input,0
RAFa4,unselected,0.0859375,Actor + WGAN-GP,0.012462941208756073,normalized graph-mediated input,0
RAFa4,unselected,0.08984375,Actor + WGAN-GP,0.017428629060029777,normalized graph-mediated input,0
RAFa4,unselected,0.09375,Actor + WGAN-GP,0.003875062820310547,normalized graph-mediated input,0
RAFa4,unselected,0.09765625,Actor + WGAN-GP,-0.019620346395868116,normalized graph-mediated input,0
RAFa4,unselected,0.1015625,Actor + WGAN-GP,-0.000946783124915074,normalized graph-mediated input,0
RAFa4,unselected,0.10546875,Actor + WGAN-GP,0.0034273187759293194,normalized graph-mediated input,0
RAFa4,unselected,0.109375,Actor + WGAN-GP,-0.007203700268041298,normalized graph-mediated input,0
RAFa4,unselected,0.11328125,Actor + WGAN-GP,0.025781968998435243,normalized graph-mediated input,0
RAFa4,unselected,0.1171875,Actor + WGAN-GP,0.020533765788845335,normalized graph-mediated input,0
RAFa4,unselected,0.12109375,Actor + WGAN-GP,0.01986574331291415,normalized graph-mediated input,0
RAFa4,unselected,0.125,Actor + WGAN-GP,0.004334323902864797,normalized graph-mediated input,0
RAFa4,unselected,0.12890625,Actor + WGAN-GP,-0.024877667792623057,normalized graph-mediated input,0
RAFa4,unselected,0.1328125,Actor + WGAN-GP,-0.016745852191206053,normalized graph-mediated input,0
RAFa4,unselected,0.13671875,Actor + WGAN-GP,0.0007977120600732117,normalized graph-mediated input,0
RAFa4,unselected,0.140625,Actor + WGAN-GP,0.017074765598576964,normalized graph-mediated input,0
RAFa4,unselected,0.14453125,Actor + WGAN-GP,0.028334074161156485,normalized graph-mediated input,0
RAFa4,unselected,0.1484375,Actor + WGAN-GP,0.016067842718164364,normalized graph-mediated input,0
RAFa4,unselected,0.15234375,Actor + WGAN-GP,0.017637667693784723,normalized graph-mediated input,0
RAFa4,unselected,0.15625,Actor + WGAN-GP,-0.0008885803770296111,normalized graph-mediated input,0
RAFa4,unselected,0.16015625,Actor + WGAN-GP,-0.0023198746591469427,normalized graph-mediated input,0
RAFa4,unselected,0.1640625,Actor + WGAN-GP,0.014107735349616062,normalized graph-mediated input,0
RAFa4,unselected,0.16796875,Actor + WGAN-GP,0.025613346099708476,normalized graph-mediated input,0
RAFa4,unselected,0.171875,Actor + WGAN-GP,0.01712962740018776,normalized graph-mediated input,0
RAFa4,unselected,0.17578125,Actor + WGAN-GP,0.01982258815156242,normalized graph-mediated input,0
RAFa4,unselected,0.1796875,Actor + WGAN-GP,-0.009320999513818897,normalized graph-mediated input,0
RAFa4,unselected,0.18359375,Actor + WGAN-GP,-0.0094847276852909,normalized graph-mediated input,0
RAFa4,unselected,0.1875,Actor + WGAN-GP,0.011096286776175735,normalized graph-mediated input,0
RAFa4,unselected,0.19140625,Actor + WGAN-GP,0.02898379186378708,normalized graph-mediated input,0
RAFa4,unselected,0.1953125,Actor + WGAN-GP,0.028208809434055078,normalized graph-mediated input,0
RAFa4,unselected,0.19921875,Actor + WGAN-GP,0.019626713557355516,normalized graph-mediated input,0
RAFa4,unselected,0.203125,Actor + WGAN-GP,0.0017790119741108142,normalized graph-mediated input,0
RAFa4,unselected,0.20703125,Actor + WGAN-GP,0.003944589072116523,normalized graph-mediated input,0
RAFa4,unselected,0.2109375,Actor + WGAN-GP,0.0014583716733263183,normalized graph-mediated input,0
RAFa4,unselected,0.21484375,Actor + WGAN-GP,0.022926940621079223,normalized graph-mediated input,0
RAFa4,unselected,0.21875,Actor + WGAN-GP,0.007516137019781694,normalized graph-mediated input,0
RAFa4,unselected,0.22265625,Actor + WGAN-GP,0.00203209650933245,normalized graph-mediated input,0
RAFa4,unselected,0.2265625,Actor + WGAN-GP,0.010706879369868225,normalized graph-mediated input,0
RAFa4,unselected,0.23046875,Actor + WGAN-GP,0.02894280684042813,normalized graph-mediated input,0
RAFa4,unselected,0.234375,Actor + WGAN-GP,-0.010830278975852547,normalized graph-mediated input,0
RAFa4,unselected,0.23828125,Actor + WGAN-GP,-0.006785880506630083,normalized graph-mediated input,0
RAFa4,unselected,0.2421875,Actor + WGAN-GP,0.015626712584874636,normalized graph-mediated input,0
RAFa4,unselected,0.24609375,Actor + WGAN-GP,-0.0006254425924615082,normalized graph-mediated input,0
RAFa4,unselected,0.25,Actor + WGAN-GP,0.022729163033495706,normalized graph-mediated input,0
RAFa4,unselected,0.25390625,Actor + WGAN-GP,0.02283586872245842,normalized graph-mediated input,0
RAFa4,unselected,0.2578125,Actor + WGAN-GP,-0.00812688640025781,normalized graph-mediated input,0
RAFa4,unselected,0.26171875,Actor + WGAN-GP,-0.0184615925141801,normalized graph-mediated input,0
RAFa4,unselected,0.265625,Actor + WGAN-GP,0.008814374784563784,normalized graph-mediated input,0
RAFa4,unselected,0.26953125,Actor + WGAN-GP,0.014042593245374622,normalized graph-mediated input,0
RAFa4,unselected,0.2734375,Actor + WGAN-GP,0.0006066238450270903,normalized graph-mediated input,0
RAFa4,unselected,0.27734375,Actor + WGAN-GP,0.006980149682066692,normalized graph-mediated input,0
RAFa4,unselected,0.28125,Actor + WGAN-GP,-0.006776927113541268,normalized graph-mediated input,0
RAFa4,unselected,0.28515625,Actor + WGAN-GP,-0.008769656600795254,normalized graph-mediated input,0
RAFa4,unselected,0.2890625,Actor + WGAN-GP,-0.0062404145383162715,normalized graph-mediated input,0
RAFa4,unselected,0.29296875,Actor + WGAN-GP,0.03125048828356664,normalized graph-mediated input,0
RAFa4,unselected,0.296875,Actor + WGAN-GP,0.009868939284102022,normalized graph-mediated input,0
RAFa4,unselected,0.30078125,Actor + WGAN-GP,0.020873533106307712,normalized graph-mediated input,0
RAFa4,unselected,0.3046875,Actor + WGAN-GP,-0.0016230233611283335,normalized graph-mediated input,0
RAFa4,unselected,0.30859375,Actor + WGAN-GP,0.018054098322633938,normalized graph-mediated input,0
RAFa4,unselected,0.3125,Actor + WGAN-GP,0.0005232945619848492,normalized graph-mediated input,0
RAFa4,unselected,0.31640625,Actor + WGAN-GP,-0.008418708805578424,normalized graph-mediated input,0
RAFa4,unselected,0.3203125,Actor + WGAN-GP,0.025388798652452346,normalized graph-mediated input,0
RAFa4,unselected,0.32421875,Actor + WGAN-GP,0.016665611504888083,normalized graph-mediated input,0
RAFa4,unselected,0.328125,Actor + WGAN-GP,0.017562145649423166,normalized graph-mediated input,0
RAFa4,unselected,0.33203125,Actor + WGAN-GP,-0.004079818748330506,normalized graph-mediated input,0
RAFa4,unselected,0.3359375,Actor + WGAN-GP,0.0045006750127138916,normalized graph-mediated input,0
RAFa4,unselected,0.33984375,Actor + WGAN-GP,0.015092205032150061,normalized graph-mediated input,0
RAFa4,unselected,0.34375,Actor + WGAN-GP,0.015311422044995736,normalized graph-mediated input,0
RAFa4,unselected,0.34765625,Actor + WGAN-GP,-0.013911388392508222,normalized graph-mediated input,0
RAFa4,unselected,0.3515625,Actor + WGAN-GP,0.021369873270513453,normalized graph-mediated input,0
RAFa4,unselected,0.35546875,Actor + WGAN-GP,-0.006614195311402641,normalized graph-mediated input,0
RAFa4,unselected,0.359375,Actor + WGAN-GP,-0.011016838087853403,normalized graph-mediated input,0
RAFa4,unselected,0.36328125,Actor + WGAN-GP,-0.0006373889289073208,normalized graph-mediated input,0
RAFa4,unselected,0.3671875,Actor + WGAN-GP,-0.016158204730993997,normalized graph-mediated input,0
RAFa4,unselected,0.37109375,Actor + WGAN-GP,0.0188898465320749,normalized graph-mediated input,0
RAFa4,unselected,0.375,Actor + WGAN-GP,0.021181742238007922,normalized graph-mediated input,0
RAFa4,unselected,0.37890625,Actor + WGAN-GP,-0.00377717798353436,normalized graph-mediated input,0
RAFa4,unselected,0.3828125,Actor + WGAN-GP,-0.011809852036756989,normalized graph-mediated input,0
RAFa4,unselected,0.38671875,Actor + WGAN-GP,0.028107407743845375,normalized graph-mediated input,0
RAFa4,unselected,0.390625,Actor + WGAN-GP,-0.0018967238716197014,normalized graph-mediated input,0
RAFa4,unselected,0.39453125,Actor + WGAN-GP,0.0076003118950894785,normalized graph-mediated input,0
RAFa4,unselected,0.3984375,Actor + WGAN-GP,-0.007592556242742787,normalized graph-mediated input,0
RAFa4,unselected,0.40234375,Actor + WGAN-GP,0.009869460293296273,normalized graph-mediated input,0
RAFa4,unselected,0.40625,Actor + WGAN-GP,0.004690742312008505,normalized graph-mediated input,0
RAFa4,unselected,0.41015625,Actor + WGAN-GP,0.01299685369378284,normalized graph-mediated input,0
RAFa4,unselected,0.4140625,Actor + WGAN-GP,0.010612739337329723,normalized graph-mediated input,0
RAFa4,unselected,0.41796875,Actor + WGAN-GP,0.015419494284748387,normalized graph-mediated input,0
RAFa4,unselected,0.421875,Actor + WGAN-GP,0.018669267056658334,normalized graph-mediated input,0
RAFa4,unselected,0.42578125,Actor + WGAN-GP,0.00825779009665961,normalized graph-mediated input,0
RAFa4,unselected,0.4296875,Actor + WGAN-GP,0.00528921930788571,normalized graph-mediated input,0
RAFa4,unselected,0.43359375,Actor + WGAN-GP,0.005540758126010011,normalized graph-mediated input,0
RAFa4,unselected,0.4375,Actor + WGAN-GP,0.00899759437400615,normalized graph-mediated input,0
RAFa4,unselected,0.44140625,Actor + WGAN-GP,-0.016137898645319476,normalized graph-mediated input,0
RAFa4,unselected,0.4453125,Actor + WGAN-GP,0.010543095896311552,normalized graph-mediated input,0
RAFa4,unselected,0.44921875,Actor + WGAN-GP,-0.0026630119779772047,normalized graph-mediated input,0
RAFa4,unselected,0.453125,Actor + WGAN-GP,-1.4429817827231394e-05,normalized graph-mediated input,0
RAFa4,unselected,0.45703125,Actor + WGAN-GP,0.01275025752198436,normalized graph-mediated input,0
RAFa4,unselected,0.4609375,Actor + WGAN-GP,-0.009589693794885546,normalized graph-mediated input,0
RAFa4,unselected,0.46484375,Actor + WGAN-GP,0.010048889620482377,normalized graph-mediated input,0
RAFa4,unselected,0.46875,Actor + WGAN-GP,0.01756633591935261,normalized graph-mediated input,0
RAFa4,unselected,0.47265625,Actor + WGAN-GP,0.017650793068541303,normalized graph-mediated input,0
RAFa4,unselected,0.4765625,Actor + WGAN-GP,0.008365085318349437,normalized graph-mediated input,0
RAFa4,unselected,0.48046875,Actor + WGAN-GP,-0.017945573046854197,normalized graph-mediated input,0
RAFa4,unselected,0.484375,Actor + WGAN-GP,0.0051714932086198975,normalized graph-mediated input,0
RAFa4,unselected,0.48828125,Actor + WGAN-GP,0.008412421203994666,normalized graph-mediated input,0
RAFa4,unselected,0.4921875,Actor + WGAN-GP,0.005564099952827792,normalized graph-mediated input,0
RAFa4,unselected,0.49609375,Actor + WGAN-GP,-0.007097082360851714,normalized graph-mediated input,0
RAFa4,unselected,0.5,Actor + WGAN-GP,0.00935026842332327,normalized graph-mediated input,0
RAFa4,unselected,0.50390625,Actor + WGAN-GP,-0.0010580744379765311,normalized graph-mediated input,0
RAFa4,unselected,0.5078125,Actor + WGAN-GP,0.011543146311149841,normalized graph-mediated input,0
RAFa4,unselected,0.51171875,Actor + WGAN-GP,0.02652583615813306,normalized graph-mediated input,0
RAFa4,unselected,0.515625,Actor + WGAN-GP,0.01607626023507255,normalized graph-mediated input,0
RAFa4,unselected,0.51953125,Actor + WGAN-GP,-0.012057729909282484,normalized graph-mediated input,0
RAFa4,unselected,0.5234375,Actor + WGAN-GP,0.0015288606454025987,normalized graph-mediated input,0
RAFa4,unselected,0.52734375,Actor + WGAN-GP,0.0064528608839755025,normalized graph-mediated input,0
RAFa4,unselected,0.53125,Actor + WGAN-GP,0.012768621166046355,normalized graph-mediated input,0
RAFa4,unselected,0.53515625,Actor + WGAN-GP,0.00882954151056994,normalized graph-mediated input,0
RAFa4,unselected,0.5390625,Actor + WGAN-GP,-0.0015182767815936555,normalized graph-mediated input,0
RAFa4,unselected,0.54296875,Actor + WGAN-GP,0.011562425109145654,normalized graph-mediated input,0
RAFa4,unselected,0.546875,Actor + WGAN-GP,-0.0011629201012719333,normalized graph-mediated input,0
RAFa4,unselected,0.55078125,Actor + WGAN-GP,0.001843295932725128,normalized graph-mediated input,0
RAFa4,unselected,0.5546875,Actor + WGAN-GP,-0.003234246706599113,normalized graph-mediated input,0
RAFa4,unselected,0.55859375,Actor + WGAN-GP,0.018324531095469165,normalized graph-mediated input,0
RAFa4,unselected,0.5625,Actor + WGAN-GP,0.00024698205222654966,normalized graph-mediated input,0
RAFa4,unselected,0.56640625,Actor + WGAN-GP,-0.00993580185184494,normalized graph-mediated input,0
RAFa4,unselected,0.5703125,Actor + WGAN-GP,-0.015789088738000306,normalized graph-mediated input,0
RAFa4,unselected,0.57421875,Actor + WGAN-GP,0.005366714244381156,normalized graph-mediated input,0
RAFa4,unselected,0.578125,Actor + WGAN-GP,0.0017059352201036074,normalized graph-mediated input,0
RAFa4,unselected,0.58203125,Actor + WGAN-GP,0.016518199894794278,normalized graph-mediated input,0
RAFa4,unselected,0.5859375,Actor + WGAN-GP,0.013569077222890467,normalized graph-mediated input,0
RAFa4,unselected,0.58984375,Actor + WGAN-GP,0.007507906576165582,normalized graph-mediated input,0
RAFa4,unselected,0.59375,Actor + WGAN-GP,0.015278899983356247,normalized graph-mediated input,0
RAFa4,unselected,0.59765625,Actor + WGAN-GP,-0.007564446346004979,normalized graph-mediated input,0
RAFa4,unselected,0.6015625,Actor + WGAN-GP,-0.005455902969734823,normalized graph-mediated input,0
RAFa4,unselected,0.60546875,Actor + WGAN-GP,0.011709177708776284,normalized graph-mediated input,0
RAFa4,unselected,0.609375,Actor + WGAN-GP,0.014831382484076318,normalized graph-mediated input,0
RAFa4,unselected,0.61328125,Actor + WGAN-GP,0.0118295114935136,normalized graph-mediated input,0
RAFa4,unselected,0.6171875,Actor + WGAN-GP,0.010181619889156853,normalized graph-mediated input,0
RAFa4,unselected,0.62109375,Actor + WGAN-GP,0.013484988613836152,normalized graph-mediated input,0
RAFa4,unselected,0.625,Actor + WGAN-GP,0.009627493020305026,normalized graph-mediated input,0
RAFa4,unselected,0.62890625,Actor + WGAN-GP,0.021879317000993312,normalized graph-mediated input,0
RAFa4,unselected,0.6328125,Actor + WGAN-GP,0.012540711103191703,normalized graph-mediated input,0
RAFa4,unselected,0.63671875,Actor + WGAN-GP,0.007306020860859339,normalized graph-mediated input,0
RAFa4,unselected,0.640625,Actor + WGAN-GP,-0.0014362896022156743,normalized graph-mediated input,0
RAFa4,unselected,0.64453125,Actor + WGAN-GP,0.01150581519872552,normalized graph-mediated input,0
RAFa4,unselected,0.6484375,Actor + WGAN-GP,0.0034484310668186544,normalized graph-mediated input,0
RAFa4,unselected,0.65234375,Actor + WGAN-GP,0.008075115683203165,normalized graph-mediated input,0
RAFa4,unselected,0.65625,Actor + WGAN-GP,0.006650081051004725,normalized graph-mediated input,0
RAFa4,unselected,0.66015625,Actor + WGAN-GP,0.007823426709074903,normalized graph-mediated input,0
RAFa4,unselected,0.6640625,Actor + WGAN-GP,0.02410892357052651,normalized graph-mediated input,0
RAFa4,unselected,0.66796875,Actor + WGAN-GP,0.02168337651942878,normalized graph-mediated input,0
RAFa4,unselected,0.671875,Actor + WGAN-GP,-0.022325758702207474,normalized graph-mediated input,0
RAFa4,unselected,0.67578125,Actor + WGAN-GP,-0.02161996112471059,normalized graph-mediated input,0
RAFa4,unselected,0.6796875,Actor + WGAN-GP,0.003942247872737855,normalized graph-mediated input,0
RAFa4,unselected,0.68359375,Actor + WGAN-GP,0.0045595809942319335,normalized graph-mediated input,0
RAFa4,unselected,0.6875,Actor + WGAN-GP,0.016737702285107427,normalized graph-mediated input,0
RAFa4,unselected,0.69140625,Actor + WGAN-GP,0.0006261829647214921,normalized graph-mediated input,0
RAFa4,unselected,0.6953125,Actor + WGAN-GP,0.01597910073528124,normalized graph-mediated input,0
RAFa4,unselected,0.69921875,Actor + WGAN-GP,0.0045179363241624765,normalized graph-mediated input,0
RAFa4,unselected,0.703125,Actor + WGAN-GP,-0.01739256892373831,normalized graph-mediated input,0
RAFa4,unselected,0.70703125,Actor + WGAN-GP,0.012915934370990414,normalized graph-mediated input,0
RAFa4,unselected,0.7109375,Actor + WGAN-GP,0.0060852968022747376,normalized graph-mediated input,0
RAFa4,unselected,0.71484375,Actor + WGAN-GP,0.007688210227585145,normalized graph-mediated input,0
RAFa4,unselected,0.71875,Actor + WGAN-GP,0.000740636162856677,normalized graph-mediated input,0
RAFa4,unselected,0.72265625,Actor + WGAN-GP,-0.004116156326603906,normalized graph-mediated input,0
RAFa4,unselected,0.7265625,Actor + WGAN-GP,0.018013207949932563,normalized graph-mediated input,0
RAFa4,unselected,0.73046875,Actor + WGAN-GP,0.007890687745080387,normalized graph-mediated input,0
RAFa4,unselected,0.734375,Actor + WGAN-GP,-0.005612562946715209,normalized graph-mediated input,0
RAFa4,unselected,0.73828125,Actor + WGAN-GP,0.00015487994952558757,normalized graph-mediated input,0
RAFa4,unselected,0.7421875,Actor + WGAN-GP,0.018047128612909573,normalized graph-mediated input,0
RAFa4,unselected,0.74609375,Actor + WGAN-GP,0.0015455296874280744,normalized graph-mediated input,0
RAFa4,unselected,0.75,Actor + WGAN-GP,-0.012615107356857818,normalized graph-mediated input,0
RAFa4,unselected,0.75390625,Actor + WGAN-GP,0.0008911882537461782,normalized graph-mediated input,0
RAFa4,unselected,0.7578125,Actor + WGAN-GP,-0.009668672351125505,normalized graph-mediated input,0
RAFa4,unselected,0.76171875,Actor + WGAN-GP,0.00586151212849754,normalized graph-mediated input,0
RAFa4,unselected,0.765625,Actor + WGAN-GP,0.004988435110721309,normalized graph-mediated input,0
RAFa4,unselected,0.76953125,Actor + WGAN-GP,0.002465616606311108,normalized graph-mediated input,0
RAFa4,unselected,0.7734375,Actor + WGAN-GP,0.017642552852344878,normalized graph-mediated input,0
RAFa4,unselected,0.77734375,Actor + WGAN-GP,0.009160757774024092,normalized graph-mediated input,0
RAFa4,unselected,0.78125,Actor + WGAN-GP,0.0027071048090603666,normalized graph-mediated input,0
RAFa4,unselected,0.78515625,Actor + WGAN-GP,0.007018186009871265,normalized graph-mediated input,0
RAFa4,unselected,0.7890625,Actor + WGAN-GP,0.006626584739737736,normalized graph-mediated input,0
RAFa4,unselected,0.79296875,Actor + WGAN-GP,0.010831433697647946,normalized graph-mediated input,0
RAFa4,unselected,0.796875,Actor + WGAN-GP,-0.011819481751986141,normalized graph-mediated input,0
RAFa4,unselected,0.80078125,Actor + WGAN-GP,-0.002959431865653,normalized graph-mediated input,0
RAFa4,unselected,0.8046875,Actor + WGAN-GP,-0.00019449233903845854,normalized graph-mediated input,0
RAFa4,unselected,0.80859375,Actor + WGAN-GP,0.030694081300135914,normalized graph-mediated input,0
RAFa4,unselected,0.8125,Actor + WGAN-GP,0.021315064602451687,normalized graph-mediated input,0
RAFa4,unselected,0.81640625,Actor + WGAN-GP,-0.009555539017408549,normalized graph-mediated input,0
RAFa4,unselected,0.8203125,Actor + WGAN-GP,-0.015177095540801195,normalized graph-mediated input,0
RAFa4,unselected,0.82421875,Actor + WGAN-GP,0.006862401734041963,normalized graph-mediated input,0
RAFa4,unselected,0.828125,Actor + WGAN-GP,-0.00541034758049067,normalized graph-mediated input,0
RAFa4,unselected,0.83203125,Actor + WGAN-GP,0.0201963871703557,normalized graph-mediated input,0
RAFa4,unselected,0.8359375,Actor + WGAN-GP,0.02545135046657309,normalized graph-mediated input,0
RAFa4,unselected,0.83984375,Actor + WGAN-GP,0.027000518934974786,normalized graph-mediated input,0
RAFa4,unselected,0.84375,Actor + WGAN-GP,0.006551477458280516,normalized graph-mediated input,0
RAFa4,unselected,0.84765625,Actor + WGAN-GP,0.004771576238177027,normalized graph-mediated input,0
RAFa4,unselected,0.8515625,Actor + WGAN-GP,0.0001660869587766267,normalized graph-mediated input,0
RAFa4,unselected,0.85546875,Actor + WGAN-GP,0.013753870214167829,normalized graph-mediated input,0
RAFa4,unselected,0.859375,Actor + WGAN-GP,0.030739164369621916,normalized graph-mediated input,0
RAFa4,unselected,0.86328125,Actor + WGAN-GP,0.02854656459521751,normalized graph-mediated input,0
RAFa4,unselected,0.8671875,Actor + WGAN-GP,0.017715698581387163,normalized graph-mediated input,0
RAFa4,unselected,0.87109375,Actor + WGAN-GP,0.016904301984093636,normalized graph-mediated input,0
RAFa4,unselected,0.875,Actor + WGAN-GP,0.0016701006114531198,normalized graph-mediated input,0
RAFa4,unselected,0.87890625,Actor + WGAN-GP,0.0024141049108390906,normalized graph-mediated input,0
RAFa4,unselected,0.8828125,Actor + WGAN-GP,-0.002567662779956514,normalized graph-mediated input,0
RAFa4,unselected,0.88671875,Actor + WGAN-GP,-0.014960955593549537,normalized graph-mediated input,0
RAFa4,unselected,0.890625,Actor + WGAN-GP,0.018300776263619686,normalized graph-mediated input,0
RAFa4,unselected,0.89453125,Actor + WGAN-GP,-0.004357705070186502,normalized graph-mediated input,0
RAFa4,unselected,0.8984375,Actor + WGAN-GP,0.003183827147767241,normalized graph-mediated input,0
RAFa4,unselected,0.90234375,Actor + WGAN-GP,0.004081030278969745,normalized graph-mediated input,0
RAFa4,unselected,0.90625,Actor + WGAN-GP,0.023093153032840985,normalized graph-mediated input,0
RAFa4,unselected,0.91015625,Actor + WGAN-GP,-0.011167713900460268,normalized graph-mediated input,0
RAFa4,unselected,0.9140625,Actor + WGAN-GP,0.01790000980699361,normalized graph-mediated input,0
RAFa4,unselected,0.91796875,Actor + WGAN-GP,-0.007249262356192522,normalized graph-mediated input,0
RAFa4,unselected,0.921875,Actor + WGAN-GP,-0.006357762954654882,normalized graph-mediated input,0
RAFa4,unselected,0.92578125,Actor + WGAN-GP,-0.0022892516545315817,normalized graph-mediated input,0
RAFa4,unselected,0.9296875,Actor + WGAN-GP,-0.00017292417355342787,normalized graph-mediated input,0
RAFa4,unselected,0.93359375,Actor + WGAN-GP,-0.0010989607987727543,normalized graph-mediated input,0
RAFa4,unselected,0.9375,Actor + WGAN-GP,0.002569029875713602,normalized graph-mediated input,0
RAFa4,unselected,0.94140625,Actor + WGAN-GP,-0.004081716865366776,normalized graph-mediated input,0
RAFa4,unselected,0.9453125,Actor + WGAN-GP,0.009689788080233913,normalized graph-mediated input,0
RAFa4,unselected,0.94921875,Actor + WGAN-GP,-0.00043895308922571656,normalized graph-mediated input,0
RAFa4,unselected,0.953125,Actor + WGAN-GP,0.015201420419984981,normalized graph-mediated input,0
RAFa4,unselected,0.95703125,Actor + WGAN-GP,-0.0016729802442245643,normalized graph-mediated input,0
RAFa4,unselected,0.9609375,Actor + WGAN-GP,0.007986954253050774,normalized graph-mediated input,0
RAFa4,unselected,0.96484375,Actor + WGAN-GP,0.003844547665811883,normalized graph-mediated input,0
RAFa4,unselected,0.96875,Actor + WGAN-GP,0.029654426714069173,normalized graph-mediated input,0
RAFa4,unselected,0.97265625,Actor + WGAN-GP,0.007388585441066735,normalized graph-mediated input,0
RAFa4,unselected,0.9765625,Actor + WGAN-GP,-0.006655756658464288,normalized graph-mediated input,0
RAFa4,unselected,0.98046875,Actor + WGAN-GP,0.018179034171321086,normalized graph-mediated input,0
RAFa4,unselected,0.984375,Actor + WGAN-GP,0.02862130248479649,normalized graph-mediated input,0
RAFa4,unselected,0.98828125,Actor + WGAN-GP,0.0177527315794054,normalized graph-mediated input,0
RAFa4,unselected,0.9921875,Actor + WGAN-GP,0.006412312806014607,normalized graph-mediated input,0
RAFa4,unselected,0.99609375,Actor + WGAN-GP,-0.007542005933611196,normalized graph-mediated input,0
