context_index,crn_bank,channel_index,channel,direct_actuated,time_w1_free,time_w1_controlled,occupation_w1_free,occupation_w1_controlled,mean_abs_error,symmetric_sd_ratio,both_time_and_occupation_improved,time_relative_reduction_pass,occupation_relative_reduction_pass,time_absolute_pass,occupation_absolute_pass,mean_absolute_error_pass,symmetric_sd_ratio_pass,full_gate_b_pass,gate_c_trajectory_pass
0,0,0,EEG RG 01-Ref,False,0.27305311498591095,0.23324801620475716,0.19342170905270695,0.1627985052463068,0.003643955001253117,1.390785030027985,True,True,True,True,True,True,True,True,True
0,0,1,EEG RG 02-Ref,True,0.25299688679288573,0.246185236164043,0.16941295648763596,0.1917748410732511,0.007650024565391315,1.4794235204120016,False,False,False,True,True,True,True,False,True
0,0,2,EEG RG 03-Ref,False,0.2446796851434709,0.2274806266199925,0.19289675472971357,0.18406649128832106,0.00020731639871061046,1.566455972182745,True,False,False,True,True,True,True,False,True
0,0,3,EEG RG 04-Ref,False,0.27844795415799156,0.15873981035748197,0.2586161749028165,0.13099849120715457,0.018399869148764042,1.611713015334635,True,True,True,True,True,True,True,True,True
0,0,4,EEG RG 05-Ref,False,0.23531136380369896,0.2005874678727344,0.20719798515160318,0.16236527188040517,0.028682396078475204,1.5982028056183784,True,True,True,True,True,True,True,True,True
0,0,5,EEG RG 06-Ref,False,0.21349423648939259,0.2354000956631195,0.1697207502705964,0.1883758139794044,0.024369748420477604,1.563737878542871,False,False,False,True,True,True,True,False,True
0,0,6,EEG RG 07-Ref,False,0.19966930783739703,0.25374842744697723,0.09118535676448575,0.1779224833329108,0.02351434859480936,1.4172229213194372,False,False,False,True,True,True,True,False,True
0,0,7,EEG RG 08-Ref,False,0.2141135757323435,0.27465528590104465,0.06588749789467842,0.18789406484525756,0.03478124074320201,1.3988345847528625,False,False,False,True,True,True,True,False,True
0,0,8,EEG RG 09-Ref,False,0.26490641447191776,0.19889748805781735,0.20771840819331736,0.14372706530062945,0.005519928519212382,1.426118241969488,True,True,True,True,True,True,True,True,True
0,0,9,EEG RG 10-Ref,False,0.2643095593289146,0.239700190088913,0.22397085066105601,0.19818183155483757,2.2979458496725027e-05,1.6974627815597219,True,False,True,True,True,True,True,False,True
0,0,10,EEG RG 11-Ref,False,0.2902698766556398,0.1708211014026313,0.2630640715183001,0.12626653403773613,0.0022054374613677515,1.5963319770750444,True,True,True,True,True,True,True,True,True
0,0,11,EEG RG 12-Ref,False,0.3497025114074704,0.15043701893046824,0.33585833816356264,0.12144608856271528,0.009606976345925777,1.7573998524960655,True,True,True,True,True,True,True,True,True
0,0,12,EEG RG 13-Ref,False,0.29529831394707173,0.18898808929628494,0.26548601853590964,0.15625121606863035,0.005922473323494079,1.6949522675115218,True,True,True,True,True,True,True,True,True
0,0,13,EEG RG 14-Ref,True,0.26012449031734636,0.26511163846129293,0.21799757241843357,0.23829651381426667,0.013036523235558118,1.891567982572028,False,False,False,True,True,True,True,False,True
0,0,14,EEG RG 15-Ref,True,0.20115933480774362,0.26172074758159164,0.15674388398054262,0.21737446703979008,0.005522730947769432,1.7015575318488168,False,False,False,True,True,True,True,False,True
0,0,15,EEG RG 16-Ref,False,0.20123384265419358,0.27161362202955985,0.1156983781686123,0.2013628170890407,0.033492547242463123,1.5564339773906468,False,False,False,True,True,True,True,False,True
0,0,16,EEG RG 17-Ref,False,0.2835950161192122,0.14757028930224664,0.25427846413334176,0.1109043783681255,0.0005046433275999642,1.4206677909719867,True,True,True,True,True,True,True,True,True
0,0,17,EEG RG 18-Ref,False,0.3280573250146178,0.10026666216429993,0.3092545823935376,0.06575399092432527,0.012114766219640555,1.3591182880608557,True,True,True,True,True,True,True,True,True
0,0,18,EEG RG 19-Ref,False,0.3733536276771405,0.10128456503784408,0.35291570389391036,0.06474233787415375,0.0013230297617008182,1.4034260412575572,True,True,True,True,True,True,True,True,True
0,0,19,EEG RG 20-Ref,True,0.38036299813758956,0.1212475846942773,0.360197460077169,0.08898826950073316,0.0018510631874611534,1.550224067765578,True,True,True,True,True,True,True,True,True
0,0,20,EEG RG 21-Ref,True,0.33154635730443605,0.1598663597069734,0.29933789928686244,0.12833211581095696,0.018285379083564014,1.5676592084853616,True,True,True,True,True,True,True,True,True
0,0,21,EEG RG 22-Ref,True,0.2326332079985197,0.2555240454667784,0.17649481757453117,0.22742139965763003,0.027552862807101983,1.6593996224919003,False,False,False,True,True,True,True,False,True
0,0,22,EEG RG 23-Ref,False,0.16533446849167535,0.2757623732041073,0.08348848894679366,0.23063355483833764,0.011534801198325437,1.6606365162515588,False,False,False,True,True,True,True,False,True
0,0,23,EEG RG 24-Ref,False,0.16781723682817148,0.2353944624950575,0.05329658437289955,0.16014982776163028,0.027830547100686834,1.424489307649995,False,False,False,True,True,True,True,False,True
0,0,24,EEG RG 25-Ref,False,0.3092794716740689,0.10636962697655199,0.2943731873603708,0.06481396694269609,0.014499047892179281,1.3570825083006453,True,True,True,True,True,True,True,True,True
0,0,25,EEG RG 26-Ref,True,0.3598108603963923,0.0694671031557286,0.34182048767334533,0.03556108591034891,0.004301263586498717,1.2418631195905683,True,True,True,True,True,True,True,True,True
0,0,26,EEG RG 27-Ref,True,0.3559610005051907,0.0759270375488936,0.3361748316638815,0.029815960559797957,0.0018462828893878742,1.1686779101826794,True,True,True,True,True,True,True,True,True
0,0,27,EEG RG 28-Ref,True,0.34112873696934526,0.09407755249838652,0.3196867962677806,0.0491669590021029,0.002232683004043311,1.2461209419179737,True,True,True,True,True,True,True,True,True
0,0,28,EEG RG 29-Ref,True,0.2997266456298954,0.14217586830482282,0.26691986669843626,0.10047021464216249,0.02389683252333192,1.3658664506210165,True,True,True,True,True,True,True,True,True
0,0,29,EEG RG 30-Ref,True,0.2077258768440964,0.2216097627064552,0.1437247910412817,0.1802042520789116,0.005077899529278795,1.4940323696498754,False,False,False,True,True,True,True,False,True
0,0,30,EEG RG 31-Ref,True,0.17190407511511926,0.2830221355775456,0.05233133564706418,0.2291412023882218,0.019515301663528297,1.556468743118479,False,False,False,True,True,True,True,False,True
0,0,31,EEG RG 32-Ref,False,0.17441079598372625,0.27814221617803536,0.028302780805489234,0.20016310015043068,0.03506624437207745,1.4341640329793333,False,False,False,True,True,True,True,False,True
0,0,32,EEG RG 33-Ref,False,0.2211835838046377,0.20563317258746633,0.17870387878118119,0.1618371044172105,0.02955329133383385,1.516592537061128,True,False,False,True,True,True,True,False,True
0,0,33,EEG RG 34-Ref,True,0.2623941271521048,0.12607665100387164,0.23193856654406464,0.06914724311422553,0.012250819230873013,1.2070452189234555,True,True,True,True,True,True,True,True,True
0,0,34,EEG RG 35-Ref,True,0.3020857573544307,0.09953678653625742,0.2788048788421876,0.03615641012171333,0.0044917001717853355,1.1057860765572958,True,True,True,True,True,True,True,True,True
0,0,35,EEG RG 36-Ref,True,0.30260245257841983,0.10369408903263166,0.27446596591421707,0.03279840344917926,0.004997659304117168,1.142369697683048,True,True,True,True,True,True,True,True,True
0,0,36,EEG RG 37-Ref,True,0.2647731014084,0.14200678981054535,0.22041655974514243,0.07927321483983182,0.025092453332823117,1.2764646876576486,True,True,True,True,True,True,True,True,True
0,0,37,EEG RG 38-Ref,True,0.2178798262098996,0.1836977674490706,0.13968030673817278,0.11716536479008482,0.008784879785782138,1.3119440020710083,True,True,True,True,True,True,True,True,True
0,0,38,EEG RG 39-Ref,True,0.18891197352956904,0.24518994045519696,0.07157281911029494,0.18087529571633557,0.018670287688700223,1.4277903367108182,False,False,False,True,True,True,True,False,True
0,0,39,EEG RG 40-Ref,False,0.18787631907122546,0.2685971680656113,0.027915072741938912,0.19219272631911782,0.028508833309132824,1.3780172709834868,False,False,False,True,True,True,True,False,True
0,0,40,EEG RG 41-Ref,False,0.20689240882415466,0.16496958623527946,0.1609469669931607,0.1224383507718377,0.010603984946012439,1.4090798861047664,True,True,True,True,True,True,True,True,True
0,0,41,EEG RG 42-Ref,True,0.20932442698439996,0.1793408941079269,0.12362133914912543,0.09283797885794587,0.040694403970942365,1.1711607327961155,True,True,True,True,True,True,True,True,True
0,0,42,EEG RG 43-Ref,True,0.2165378196191663,0.15693925492580085,0.150378107934551,0.06998039657939088,0.0030088786987724843,1.1282789923104803,True,True,True,True,True,True,True,True,True
0,0,43,EEG RG 44-Ref,True,0.218720121830292,0.13541367938874221,0.1619231927353426,0.03146631768279792,0.01075008495109683,1.057021648355659,True,True,True,True,True,True,True,True,True
0,0,44,EEG RG 45-Ref,True,0.21610895950886638,0.1581703798575997,0.14806059653232315,0.07986425537455673,0.028596478402667193,1.2291299446913466,True,True,True,True,True,True,True,True,True
0,0,45,EEG RG 46-Ref,True,0.21534718501240316,0.17371117223813845,0.12202476833365532,0.09649565799492857,0.004324782030061393,1.2461790066334146,True,True,True,True,True,True,True,True,True
0,0,46,EEG RG 47-Ref,True,0.21123713508707317,0.2067176758986059,0.09882474888886297,0.12176883898763625,0.021579557149833957,1.3053231526413416,False,False,False,True,True,True,True,False,True
0,0,47,EEG RG 48-Ref,False,0.19038125929955782,0.24228326138152909,0.044744124994413124,0.1567267317314004,0.013559284929404558,1.353343963722955,False,False,False,True,True,True,True,False,True
0,0,48,EEG RG 49-Ref,True,0.19080352590095878,0.2316659189272736,0.03129543493146018,0.12402496970122687,0.018629723716471033,1.2344520711542093,False,False,False,True,True,True,True,False,True
0,0,49,EEG RG 50-Ref,True,0.1995652336751465,0.24333252166064676,0.06196389761514597,0.14775459810783256,0.020310763513026475,1.271132904459325,False,False,False,True,True,True,True,False,True
0,0,50,EEG RG 51-Ref,True,0.19592112561023056,0.2020682361235105,0.06536986849790422,0.08217471362618133,0.01572880017656841,1.1064133203512272,False,False,False,True,True,True,True,False,True
0,0,51,EEG RG 52-Ref,True,0.1907443492890386,0.1831112726505589,0.0626139464195174,0.048458331492246855,0.028745106078980013,1.0108743125017987,True,False,True,True,True,True,True,False,True
0,0,52,EEG RG 53-Ref,True,0.19401725483858523,0.16735514891414766,0.07090786347392171,0.0415837585443962,0.0020381366947811175,1.0298018588072873,True,True,True,True,True,True,True,True,True
0,0,53,EEG RG 54-Ref,True,0.20603730475191792,0.1777249345183702,0.06192886473036644,0.06130407082162843,0.010427595649651924,1.1086595532410035,True,True,False,True,True,True,True,False,True
0,0,54,EEG RG 55-Ref,True,0.1810040990173757,0.20236145770124217,0.03132283588157867,0.0940037987217313,0.0010181528660522183,1.1925771943539476,False,False,False,True,True,True,True,False,True
0,0,55,EEG RG 56-Ref,False,0.20099949181490814,0.2127763529733542,0.06081549592664822,0.06028775295915049,0.005994424907988648,1.0849372845027963,False,False,False,True,True,True,True,False,True
0,0,56,EEG RG 57-Ref,False,0.1955459678731641,0.25524454509816336,0.03500768348311062,0.1583606955229577,0.025448108833304194,1.2901098686355326,False,False,False,True,True,True,True,False,True
0,0,57,EEG RG 58-Ref,False,0.1891973090882236,0.26289601778674243,0.034228558706365965,0.17441575873494752,0.04105235942141755,1.304018626313907,False,False,False,True,True,True,True,False,True
0,0,58,EEG RG 59-Ref,True,0.187660993690589,0.24023945237459396,0.040860539545648486,0.13664788099998101,0.025844186915966984,1.230401598046614,False,False,False,True,True,True,True,False,True
0,0,59,EEG RG 60-Ref,False,0.19040217983747804,0.23278413831508898,0.048814277375807014,0.10864512601324648,0.029718832673863386,1.1268643623585122,False,False,False,True,True,True,True,False,True
0,0,60,EEG RG 61-Ref,False,0.235143754566023,0.21906916973757104,0.08052898646855898,0.08089417416042893,0.047631456792016656,1.0896661509057575,False,False,False,True,True,True,True,False,True
0,0,61,EEG RG 62-Ref,False,0.25663532055377214,0.23608294600482693,0.11341417947467726,0.10084813912690806,0.03856761181937659,1.204859431005865,True,False,True,True,True,True,True,False,True
0,0,62,EEG RG 63-Ref,False,0.2208677561476728,0.20905489738277036,0.07772769983017291,0.04290054378441897,0.004470900839267776,1.0239708116533066,True,False,True,True,True,True,True,False,True
0,0,63,EEG RG 64-Ref,False,0.30760834416994576,0.24322901259384624,0.22467129007660105,0.06375974596191283,0.027107679485997703,1.0216327509871999,True,True,True,True,True,True,True,True,True
0,1,0,EEG RG 01-Ref,False,0.2700043050242484,0.23413638633946104,0.18634365234888095,0.1720025304970878,0.00422617830547015,1.4151892423188317,True,True,False,True,True,True,True,False,True
0,1,1,EEG RG 02-Ref,True,0.2517161276979426,0.25533757074717806,0.1605315221858996,0.20948938971204037,0.007262813419305403,1.521096148185244,False,False,False,True,True,True,True,False,True
0,1,2,EEG RG 03-Ref,False,0.261274463603411,0.235298045789677,0.2046025702569624,0.19793295630281416,0.0009974471309014167,1.6076305898275167,True,False,False,True,True,True,True,False,True
0,1,3,EEG RG 04-Ref,False,0.3224751691006545,0.168944294442251,0.30353755062478804,0.14144913299668876,0.019144158739660737,1.6597932569486151,True,True,True,True,True,True,True,True,True
0,1,4,EEG RG 05-Ref,False,0.24940208155831173,0.18905366109146213,0.2168679966404993,0.14817194806284384,0.02879848424149648,1.540627800932693,True,True,True,True,True,True,True,True,True
0,1,5,EEG RG 06-Ref,False,0.21106911986317942,0.2268234509058352,0.16225000115789126,0.17751940455294563,0.024278254913427347,1.528604860692823,False,False,False,True,True,True,True,False,True
0,1,6,EEG RG 07-Ref,False,0.21078889004804002,0.24095800465218506,0.1080411051985509,0.16355564033327055,0.023076582006425754,1.3633036305870938,False,False,False,True,True,True,True,False,True
0,1,7,EEG RG 08-Ref,False,0.2213172776944178,0.2538393860319998,0.09116187136886625,0.16599729104212022,0.03558386668484884,1.3416494473705258,False,False,False,True,True,True,True,False,True
0,1,8,EEG RG 09-Ref,False,0.25312189840667776,0.1933750507723478,0.1906298914109753,0.14554864813028104,0.004462749687305432,1.435718173047332,True,True,True,True,True,True,True,True,True
0,1,9,EEG RG 10-Ref,False,0.27490736358264944,0.24548066191200782,0.23352400822699818,0.2032170844092164,0.0025120872247122064,1.7221595510290588,True,True,True,True,True,True,True,True,True
0,1,10,EEG RG 11-Ref,False,0.31593889090962096,0.1772860074123422,0.2881153990509961,0.14232638593979272,0.0007956688044739356,1.6512500232578653,True,True,True,True,True,True,True,True,True
0,1,11,EEG RG 12-Ref,False,0.3847695111272159,0.16047342469822085,0.36851949703353193,0.13393851082018499,0.009263389249980726,1.833732898297468,True,True,True,True,True,True,True,True,True
0,1,12,EEG RG 13-Ref,False,0.3059096878681241,0.19328806397539341,0.2740027731661416,0.1594271319223476,0.006577837710468511,1.7079696890610447,True,True,True,True,True,True,True,True,True
0,1,13,EEG RG 14-Ref,True,0.25068384626449136,0.27148800860898015,0.21096548794531864,0.24243020196380996,0.014103533068743866,1.9098906541864404,False,False,False,True,True,True,True,False,True
0,1,14,EEG RG 15-Ref,True,0.21775712288061821,0.26695908355240916,0.17877744671764534,0.22407367974512268,0.0038061127247502754,1.7243788564157054,False,False,False,True,True,True,True,False,True
0,1,15,EEG RG 16-Ref,False,0.21462001797917443,0.2701107216273474,0.14057590338541925,0.20491920301682295,0.032792315108402234,1.5651533768028267,False,False,False,True,True,True,True,False,True
0,1,16,EEG RG 17-Ref,False,0.27248644018236634,0.1521596142735532,0.2382226212857031,0.11686151203781783,0.0004355034585979199,1.4757842763327145,True,True,True,True,True,True,True,True,True
0,1,17,EEG RG 18-Ref,False,0.35136753173547763,0.09798811457291408,0.3275789128099405,0.06387782742576495,0.01190294273080989,1.3630653191361586,True,True,True,True,True,True,True,True,True
0,1,18,EEG RG 19-Ref,False,0.3952029438713876,0.10481267202673997,0.3740552441771605,0.0677356729221159,0.00078867913319436,1.416983653228886,True,True,True,True,True,True,True,True,True
0,1,19,EEG RG 20-Ref,True,0.4046229879862742,0.12670273145304448,0.3838868003115055,0.09701716209792514,0.0017934287780710613,1.584138562371492,True,True,True,True,True,True,True,True,True
0,1,20,EEG RG 21-Ref,True,0.3354167304086734,0.16141276112798952,0.3049225589615524,0.1322490975640995,0.017291313880931292,1.5787421164494648,True,True,True,True,True,True,True,True,True
0,1,21,EEG RG 22-Ref,True,0.2263013953021555,0.2549608616083452,0.16581791511146585,0.22698936267012654,0.029171552079967522,1.6580726011883655,False,False,False,True,True,True,True,False,True
0,1,22,EEG RG 23-Ref,False,0.1678852844981651,0.274957657525274,0.09635010074030563,0.22111877893012227,0.008803875435299468,1.6153692500755235,False,False,False,True,True,True,True,False,True
0,1,23,EEG RG 24-Ref,False,0.16998342448995893,0.23748590380618548,0.06726216843950333,0.1582324798641343,0.025374986583681598,1.3971982162604049,False,False,False,True,True,True,True,False,True
0,1,24,EEG RG 25-Ref,False,0.3208613409811946,0.10597449004371634,0.3055391387828518,0.06486230419157048,0.013518259646881983,1.3498354183495127,True,True,True,True,True,True,True,True,True
0,1,25,EEG RG 26-Ref,True,0.3596888857329847,0.07036967135926456,0.3416736234465441,0.03583059670639761,0.004525922043477792,1.254895117641897,True,True,True,True,True,True,True,True,True
0,1,26,EEG RG 27-Ref,True,0.3732173506180773,0.07645834656151072,0.3498993557941563,0.034660529997398895,0.001878959384771349,1.1947243317335192,True,True,True,True,True,True,True,True,True
0,1,27,EEG RG 28-Ref,True,0.3538252884697402,0.09514346819247829,0.3277463706057437,0.05639321429847128,0.0014912403241384238,1.269197342366332,True,True,True,True,True,True,True,True,True
0,1,28,EEG RG 29-Ref,True,0.3012811305389924,0.14614819906462204,0.26462487858640876,0.10710143101833558,0.023536168101335245,1.3761653939418657,True,True,True,True,True,True,True,True,True
0,1,29,EEG RG 30-Ref,True,0.21143632530983925,0.21177596390554043,0.13767513283592747,0.1650201507473074,0.0056591145438940164,1.4496030149358476,False,False,False,True,True,True,True,False,True
0,1,30,EEG RG 31-Ref,True,0.17249080695576094,0.27218373798032075,0.05618922061596775,0.20470336224352506,0.01813906422766727,1.4889907275678858,False,False,False,True,True,True,True,False,True
0,1,31,EEG RG 32-Ref,False,0.17339273530615437,0.2741016609850925,0.02913784888719002,0.18270578577600882,0.03378754357509109,1.3809368841230383,False,False,False,True,True,True,True,False,True
0,1,32,EEG RG 33-Ref,False,0.24802419900656533,0.21684418400511615,0.2003775200004494,0.1782859779403411,0.033573399232435124,1.5713316378001523,True,True,True,True,True,True,True,True,True
0,1,33,EEG RG 34-Ref,True,0.2803828893849017,0.12560342529591573,0.25042886579226703,0.06899820367004154,0.013293464606960933,1.2210797228076355,True,True,True,True,True,True,True,True,True
0,1,34,EEG RG 35-Ref,True,0.3148929398779095,0.09707332703810118,0.28846351063452585,0.03074212074701767,0.004568853257955593,1.0943307582444541,True,True,True,True,True,True,True,True,True
0,1,35,EEG RG 36-Ref,True,0.30953370108999867,0.10600330322773417,0.2764061394347574,0.03982063859947561,0.004166108832645755,1.1457554469050566,True,True,True,True,True,True,True,True,True
0,1,36,EEG RG 37-Ref,True,0.2711808147637199,0.14276765146827805,0.22160506108063885,0.08248016389829288,0.024993433042323092,1.2725991829440162,True,True,True,True,True,True,True,True,True
0,1,37,EEG RG 38-Ref,True,0.22947355992843022,0.182354869255583,0.1474040035066279,0.11238114991488675,0.008105604312111502,1.2907865125658597,True,True,True,True,True,True,True,True,True
0,1,38,EEG RG 39-Ref,True,0.20090139046209599,0.2447471617563473,0.08786533266790666,0.17082136783162716,0.016897021151950332,1.3935722051957202,False,False,False,True,True,True,True,False,True
0,1,39,EEG RG 40-Ref,False,0.18418168397951423,0.26318782120027545,0.02881629823349727,0.16755202292767993,0.027131303979961968,1.3197724917569678,False,False,False,True,True,True,True,False,True
0,1,40,EEG RG 41-Ref,False,0.23599966842110795,0.1706028781892172,0.1909724688869048,0.1280110276619552,0.012395044163107603,1.422786323564863,True,True,True,True,True,True,True,True,True
0,1,41,EEG RG 42-Ref,True,0.23794327722213623,0.1799981438935661,0.1672629614588094,0.09194559703370693,0.04181718839809245,1.1756873324188803,True,True,True,True,True,True,True,True,True
0,1,42,EEG RG 43-Ref,True,0.23937677415335337,0.15479654648404662,0.18181024869061796,0.06089861065363892,0.003805480359428407,1.1076295755922945,True,True,True,True,True,True,True,True,True
0,1,43,EEG RG 44-Ref,True,0.2340321714166729,0.13645795418712017,0.17969312279152438,0.028292904642244047,0.012567753228604064,1.039473227324285,True,True,True,True,True,True,True,True,True
0,1,44,EEG RG 45-Ref,True,0.2359064663129691,0.15231947087542194,0.16483115187593117,0.07235548598748463,0.03019573211341696,1.19278599004028,True,True,True,True,True,True,True,True,True
0,1,45,EEG RG 46-Ref,True,0.23743323232171673,0.16918507215197684,0.14241109172754693,0.08772340391626832,0.004526644593730976,1.2194687621546643,True,True,True,True,True,True,True,True,True
0,1,46,EEG RG 47-Ref,True,0.22941552938905416,0.2093016909112888,0.12369528785136698,0.12788032840516902,0.022804759256697428,1.3103493709732466,False,False,False,True,True,True,True,False,True
0,1,47,EEG RG 48-Ref,False,0.20743513086218562,0.25573196334855797,0.06797310067081469,0.17099232135740114,0.015387791295746684,1.380701711855948,False,False,False,True,True,True,True,False,True
0,1,48,EEG RG 49-Ref,True,0.2045209184978145,0.23930379650633266,0.05487995377095323,0.13010538245029657,0.017997414107483938,1.2526601838538145,False,False,False,True,True,True,True,False,True
0,1,49,EEG RG 50-Ref,True,0.21224770762082054,0.25074187872157677,0.09878972739011987,0.14938582574650192,0.019627108219594912,1.2782155787501772,False,False,False,True,True,True,True,False,True
0,1,50,EEG RG 51-Ref,True,0.20627463056521295,0.20955140334026248,0.10034167817324946,0.0821313555860514,0.013997465075309263,1.1005529516722077,False,False,True,True,True,True,True,False,True
0,1,51,EEG RG 52-Ref,True,0.20067950856776914,0.1833223518811884,0.09174879575847929,0.03982435840474195,0.026320371487633512,1.0155206766731184,True,False,True,True,True,True,True,False,True
0,1,52,EEG RG 53-Ref,True,0.20877328713644835,0.16374744599419297,0.09644775213243245,0.03639076028581178,0.0006346959637992339,1.0160367002705661,True,True,True,True,True,True,True,True,True
0,1,53,EEG RG 54-Ref,True,0.22686443237935602,0.17355916254547815,0.08448901888402957,0.053207841734202524,0.01071069233098973,1.0818377590468462,True,True,True,True,True,True,True,True,True
0,1,54,EEG RG 55-Ref,True,0.20356124914490462,0.20330711787869235,0.05321356723599871,0.09828540451424697,0.000770499463153925,1.2079736293590233,False,False,False,True,True,True,True,False,True
0,1,55,EEG RG 56-Ref,False,0.20889166733098918,0.21668678970672778,0.040894172274386964,0.06145765031155,0.007150204464778166,1.0982321000706463,False,False,False,True,True,True,True,False,True
0,1,56,EEG RG 57-Ref,False,0.20037396880605715,0.2638838057081437,0.04609827393821628,0.16811724974875317,0.02452418511219712,1.312134597676125,False,False,False,True,True,True,True,False,True
0,1,57,EEG RG 58-Ref,False,0.1959572746832263,0.2716020254590836,0.060643228427587265,0.1805849138198596,0.04054736698367826,1.3197032853375061,False,False,False,True,True,True,True,False,True
0,1,58,EEG RG 59-Ref,True,0.19697177093492915,0.2463310944056123,0.06583363090030799,0.14380260464030328,0.023536059379659465,1.2357972491759548,False,False,False,True,True,True,True,False,True
0,1,59,EEG RG 60-Ref,False,0.1950826722243412,0.23905557709380273,0.05560124561935867,0.12279862391279835,0.027502271418443656,1.1418050472910974,False,False,False,True,True,True,True,False,True
0,1,60,EEG RG 61-Ref,False,0.23635783164984148,0.21005002240015383,0.07471380133344613,0.07869710457897736,0.047070583816418085,1.0724828949276217,False,True,False,True,True,True,True,False,True
0,1,61,EEG RG 62-Ref,False,0.25762063386884476,0.2389903406966716,0.0997899050666758,0.10730852563562361,0.039425095330524865,1.2096678521487796,False,False,False,True,True,True,True,False,True
0,1,62,EEG RG 63-Ref,False,0.23614637917111253,0.21204208549332826,0.05876335702900434,0.03885526174860622,0.0037413109731947967,1.012253788223972,True,True,True,True,True,True,True,True,True
0,1,63,EEG RG 64-Ref,False,0.30313237252239933,0.2409447475452157,0.21095064867905236,0.055122351463233035,0.02921433481449861,1.0029429293432865,True,True,True,True,True,True,True,True,True
0,2,0,EEG RG 01-Ref,False,0.270902346153599,0.23005663178652397,0.18614874249286117,0.16334184941739646,0.0024992291787852027,1.4016232418286498,True,True,True,True,True,True,True,True,True
0,2,1,EEG RG 02-Ref,True,0.25405595784777346,0.24597866781320388,0.1673720680626696,0.19697701322200412,0.007830442243381693,1.5057994214809423,False,False,False,True,True,True,True,False,True
0,2,2,EEG RG 03-Ref,False,0.25041370916435635,0.22712601690011874,0.20265941513998198,0.1928313235584354,0.000948748350989449,1.600417168262539,True,False,False,True,True,True,True,False,True
0,2,3,EEG RG 04-Ref,False,0.29835654416706814,0.15513399987236087,0.27649333508009405,0.12303650532565957,0.022938189863936847,1.5781179819471647,True,True,True,True,True,True,True,True,True
0,2,4,EEG RG 05-Ref,False,0.22590474653587161,0.18617662500060783,0.19258031641013212,0.1479302386121939,0.028051048432122756,1.5513929206527615,True,True,True,True,True,True,True,True,True
0,2,5,EEG RG 06-Ref,False,0.2053326325804846,0.23255287614791015,0.1586027972932893,0.18869192821059053,0.02343040430815803,1.5624344830254675,False,False,False,True,True,True,True,False,True
0,2,6,EEG RG 07-Ref,False,0.2116917267313807,0.26715975113217477,0.12418333735716132,0.1989405486372786,0.02471490522187708,1.4657940771348508,False,False,False,True,True,True,True,False,True
0,2,7,EEG RG 08-Ref,False,0.2258440179402322,0.2869904073900246,0.10662447261984395,0.21608359361931703,0.037366500449976386,1.4588689441886722,False,False,False,True,True,True,True,False,True
0,2,8,EEG RG 09-Ref,False,0.265693993292811,0.19513503835243443,0.20751133563260843,0.13898147766798194,0.007315150256834803,1.4139110202458864,True,True,True,True,True,True,True,True,True
0,2,9,EEG RG 10-Ref,False,0.2799279725091291,0.24925800493458597,0.24007521802337342,0.2078075831198659,0.000664409740718024,1.7272807170507762,True,True,True,True,True,True,True,True,True
0,2,10,EEG RG 11-Ref,False,0.30262795566193446,0.16374291480510542,0.27604470493543976,0.1265577874679205,0.003074003038767095,1.58034264517511,True,True,True,True,True,True,True,True,True
0,2,11,EEG RG 12-Ref,False,0.3670936520038751,0.1426327661395531,0.35049108732229517,0.11357054010262917,0.012462673194556325,1.7127435564018496,True,True,True,True,True,True,True,True,True
0,2,12,EEG RG 13-Ref,False,0.29203372380543247,0.18532753449020156,0.25979840233338775,0.15316324661971847,0.005805389340523928,1.6855135872399185,True,True,True,True,True,True,True,True,True
0,2,13,EEG RG 14-Ref,True,0.24242970504517694,0.2632044209440008,0.20021357867925849,0.2348965770960848,0.0142590728659459,1.8872811447926083,False,False,False,True,True,True,True,False,True
0,2,14,EEG RG 15-Ref,True,0.22304220704401967,0.2619781280435772,0.19029470708761567,0.21788524761058073,0.005332951517747958,1.7217532182188646,False,False,False,True,True,True,True,False,True
0,2,15,EEG RG 16-Ref,False,0.220598006808896,0.27650988997253023,0.15722677184397227,0.219402939699109,0.03540318173615828,1.5991519148859743,False,False,False,True,True,True,True,False,True
0,2,16,EEG RG 17-Ref,False,0.2729452392514067,0.14906127901661076,0.2407883960137415,0.11030642828934291,0.004618614807403084,1.4233759003192519,True,True,True,True,True,True,True,True,True
0,2,17,EEG RG 18-Ref,False,0.3219837458134256,0.10320869450344816,0.30437054597435437,0.06714855625374166,0.013862090118724732,1.3690430739884785,True,True,True,True,True,True,True,True,True
0,2,18,EEG RG 19-Ref,False,0.39208579400035243,0.1023633212332641,0.3736291251993342,0.06595950785306395,0.0017662700088188574,1.4225352697233704,True,True,True,True,True,True,True,True,True
0,2,19,EEG RG 20-Ref,True,0.40722744036203296,0.12290655014572958,0.3879946465913673,0.0930184090397897,0.00103260263581501,1.5833782284286162,True,True,True,True,True,True,True,True,True
0,2,20,EEG RG 21-Ref,True,0.3466229474865428,0.160298005019884,0.31369382989984806,0.1316023522081878,0.018502344024027426,1.5730020591005707,True,True,True,True,True,True,True,True,True
0,2,21,EEG RG 22-Ref,True,0.23610607663406696,0.25964136970062196,0.1818490513546371,0.23300938027185744,0.028291040057188497,1.6756676134121204,False,False,False,True,True,True,True,False,True
0,2,22,EEG RG 23-Ref,False,0.1743841458507254,0.27931689963130163,0.10447627672554682,0.2331973215759458,0.010886685954736287,1.660876170473269,False,False,False,True,True,True,True,False,True
0,2,23,EEG RG 24-Ref,False,0.17255421508395546,0.2405630789041484,0.06302071780301186,0.1662631339889336,0.02739539729351872,1.4270116967300581,False,False,False,True,True,True,True,False,True
0,2,24,EEG RG 25-Ref,False,0.2939431712619213,0.10473693997347529,0.2804385676355109,0.06526417667170437,0.011186355151737234,1.3628932535224516,True,True,True,True,True,True,True,True,True
0,2,25,EEG RG 26-Ref,True,0.3461638818420736,0.07042236853924132,0.3304074072919598,0.04074570027991577,0.005412517258001372,1.2730839656291886,True,True,True,True,True,True,True,True,True
0,2,26,EEG RG 27-Ref,True,0.37878015738663623,0.07419200646664234,0.3600177205386184,0.03141802651613352,0.0024761101494808974,1.1891453810620978,True,True,True,True,True,True,True,True,True
0,2,27,EEG RG 28-Ref,True,0.3655002895638216,0.09525342143732884,0.34294274166223987,0.051447939410047154,0.0021428729100138777,1.2650722242858488,True,True,True,True,True,True,True,True,True
0,2,28,EEG RG 29-Ref,True,0.3191838403731997,0.1490851436654361,0.2846558097020413,0.10955245233425061,0.023748984338482538,1.3864372396206894,True,True,True,True,True,True,True,True,True
0,2,29,EEG RG 30-Ref,True,0.2215377773330811,0.22373991606936938,0.1585611701204362,0.18209109297837317,0.0051827577413815565,1.497097471493329,False,False,False,True,True,True,True,False,True
0,2,30,EEG RG 31-Ref,True,0.17352230340230015,0.2847834333215146,0.06628996909366654,0.2305858996739045,0.019343713947255318,1.5500006431415287,False,False,False,True,True,True,True,False,True
0,2,31,EEG RG 32-Ref,False,0.1781287558095274,0.28052463767944813,0.037807755361405515,0.2033685136917757,0.035266385789486356,1.4211166945575138,False,False,False,True,True,True,True,False,True
0,2,32,EEG RG 33-Ref,False,0.2286620787973877,0.20934896946979625,0.1884211366454935,0.1698885561583918,0.02960245039819162,1.5431494233741716,True,False,False,True,True,True,True,False,True
0,2,33,EEG RG 34-Ref,True,0.2710106081531336,0.1235635517586095,0.24360790416160574,0.06857048551115248,0.012088502551660803,1.2121162364425206,True,True,True,True,True,True,True,True,True
0,2,34,EEG RG 35-Ref,True,0.31601781053425587,0.09911147686395626,0.2948917431050213,0.032889874300144006,0.004092803482057155,1.0967386910571786,True,True,True,True,True,True,True,True,True
0,2,35,EEG RG 36-Ref,True,0.3192853088715077,0.10546198941949189,0.2927856717760394,0.035359385995757525,0.004620582944393782,1.1440004448872938,True,True,True,True,True,True,True,True,True
0,2,36,EEG RG 37-Ref,True,0.28400226399134315,0.1465916549556276,0.23979611437827977,0.08285593541699315,0.024544634953119527,1.2795694938654532,True,True,True,True,True,True,True,True,True
0,2,37,EEG RG 38-Ref,True,0.23595401786529796,0.19162601682321292,0.1589872340769431,0.12512409845364328,0.008776760311820644,1.3199552954517282,True,True,True,True,True,True,True,True,True
0,2,38,EEG RG 39-Ref,True,0.19282747986647503,0.2545591271309218,0.08366645024322958,0.19369887414580547,0.01714081463415209,1.4379038606815844,False,False,False,True,True,True,True,False,True
0,2,39,EEG RG 40-Ref,False,0.18887228895855745,0.2777919895117873,0.03327264477457779,0.19746085442153985,0.028434310924838096,1.3726165965654016,False,False,False,True,True,True,True,False,True
0,2,40,EEG RG 41-Ref,False,0.22455868370631868,0.16977307902740885,0.17992576844627037,0.13288894913251223,0.011507750757656388,1.4426165444226373,True,True,True,True,True,True,True,True,True
0,2,41,EEG RG 42-Ref,True,0.21685790501752966,0.17759803160682733,0.14421739501418654,0.09580112717330116,0.040931422268553806,1.1898942991929973,True,True,True,True,True,True,True,True,True
0,2,42,EEG RG 43-Ref,True,0.22829706887452733,0.1536385287480979,0.16667543109268754,0.06713565177801387,0.0028468928084222716,1.1288675008674047,True,True,True,True,True,True,True,True,True
0,2,43,EEG RG 44-Ref,True,0.23139040135928005,0.13535811533823255,0.1746318281073289,0.027313186194143513,0.01087470038957844,1.0432572985307322,True,True,True,True,True,True,True,True,True
0,2,44,EEG RG 45-Ref,True,0.23480229544770848,0.150985295486855,0.17123879001222542,0.07439715847801436,0.02886139139422577,1.2025756081519163,True,True,True,True,True,True,True,True,True
0,2,45,EEG RG 46-Ref,True,0.23216077761225243,0.17871431502467994,0.1431082805287054,0.098743135266887,0.004879282464083841,1.2475407721593514,True,True,True,True,True,True,True,True,True
0,2,46,EEG RG 47-Ref,True,0.21430289945390907,0.21671585197651588,0.10922119048360883,0.1418916605614179,0.023740076722070288,1.3428305953215647,False,False,False,True,True,True,True,False,True
0,2,47,EEG RG 48-Ref,False,0.18920304644626798,0.2584236877487788,0.043289819658804365,0.1780010663214644,0.015051565901056869,1.3924783283039661,False,False,False,True,True,True,True,False,True
0,2,48,EEG RG 49-Ref,True,0.19036084386309923,0.23888820165791594,0.03649631858862182,0.13643315058552863,0.017999497206105185,1.2751884468976395,False,False,False,True,True,True,True,False,True
0,2,49,EEG RG 50-Ref,True,0.19574992213102435,0.2567005081341984,0.0755192218597055,0.16714221202597876,0.019207123467740967,1.3307929557890832,False,False,False,True,True,True,True,False,True
0,2,50,EEG RG 51-Ref,True,0.19602161340556098,0.20743317051965815,0.07099538246804818,0.09593581503779837,0.014725702698392323,1.148093305077328,False,False,False,True,True,True,True,False,True
0,2,51,EEG RG 52-Ref,True,0.19327506692362348,0.1807834636080803,0.06013067981466087,0.046524186954399964,0.027877654007406525,1.0000817040976433,True,False,True,True,True,True,True,False,True
0,2,52,EEG RG 53-Ref,True,0.19361974009721428,0.16334837781850892,0.07615526607465066,0.027996592357787783,0.001766664831886049,1.0070941091943482,True,True,True,True,True,True,True,True,True
0,2,53,EEG RG 54-Ref,True,0.20964196800478127,0.18178235002633386,0.0801121085367771,0.06346200177352719,0.011307197342062453,1.1159010372188747,True,True,True,True,True,True,True,True,True
0,2,54,EEG RG 55-Ref,True,0.1893964386123808,0.21972116656617716,0.04594237337187116,0.11392338601558173,0.0012000109765779783,1.2528836241802925,False,False,False,True,True,True,True,False,True
0,2,55,EEG RG 56-Ref,False,0.20498405478503315,0.22293693733203948,0.05648021759808597,0.07279765737516444,0.006561627905223671,1.1221613197290734,False,False,False,True,True,True,True,False,True
0,2,56,EEG RG 57-Ref,False,0.18910266459656028,0.26744876269508433,0.02984807494154761,0.17522759473819116,0.02468109816024733,1.3464038299235996,False,False,False,True,True,True,True,False,True
0,2,57,EEG RG 58-Ref,False,0.17841799127432473,0.2838685122311758,0.04371941934036959,0.2061455180860548,0.0405093768128886,1.386118722547365,False,False,False,True,True,True,True,False,True
0,2,58,EEG RG 59-Ref,True,0.1848989647699678,0.25041861715255276,0.041356800692672925,0.15972575143466664,0.024793978815684535,1.2929841756790639,False,False,False,True,True,True,True,False,True
0,2,59,EEG RG 60-Ref,False,0.18934742076064512,0.23769459421411035,0.03802951234727822,0.12074751343991874,0.028635162867559735,1.1707538171908076,False,False,False,True,True,True,True,False,True
0,2,60,EEG RG 61-Ref,False,0.2319253529453019,0.22146013314205545,0.06563153300035356,0.06926669435012518,0.04796078901972889,1.0500796443459726,False,False,False,True,True,True,True,False,True
0,2,61,EEG RG 62-Ref,False,0.2501679502571196,0.22424940940113613,0.09688423963000652,0.08737068711532317,0.03981242045123385,1.1632595605633076,True,True,False,True,True,True,True,False,True
0,2,62,EEG RG 63-Ref,False,0.22897227147639468,0.22570191753409294,0.06824563542340975,0.04001809799321909,0.004562886276028174,1.017510314553997,True,False,True,True,True,True,True,False,True
0,2,63,EEG RG 64-Ref,False,0.30659041317054353,0.24635070134299317,0.21794302030441662,0.05786225776260261,0.028497324480233677,1.045335130753986,True,True,True,True,True,True,True,True,True
1,0,0,EEG RG 01-Ref,False,0.30432593895980314,0.2402868187269958,0.19584235808493802,0.17182247551077007,0.022919128248687783,1.397915926521669,True,True,True,True,True,True,True,True,True
1,0,1,EEG RG 02-Ref,True,0.2467305490585719,0.2413535966575392,0.14907083178127456,0.1909868905118826,0.0010314360581344588,1.4684819706628505,False,False,False,True,True,True,True,False,True
1,0,2,EEG RG 03-Ref,False,0.23999268814036218,0.2264230863879502,0.17665018657550996,0.18042677934585433,0.022775715660785577,1.5465278964036457,False,False,False,True,True,True,True,False,True
1,0,3,EEG RG 04-Ref,False,0.3045889671767231,0.1691734275542219,0.2790712812741291,0.13996369963571856,0.033385635459594484,1.6492335606905457,True,True,True,True,True,True,True,True,True
1,0,4,EEG RG 05-Ref,False,0.23231727918909956,0.1839894070629159,0.1998129105467569,0.14894052832656463,0.023466160783588902,1.550749192042268,True,True,True,True,True,True,True,True,True
1,0,5,EEG RG 06-Ref,False,0.2146537981616294,0.2254734541984953,0.16293643025363164,0.1837851279663179,0.007914007914765545,1.5510665231241365,False,False,False,True,True,True,True,False,True
1,0,6,EEG RG 07-Ref,False,0.20657118373124092,0.23689725206917894,0.09906717915658891,0.16385773026202705,0.0008838931733449033,1.3773776576577288,False,False,False,True,True,True,True,False,True
1,0,7,EEG RG 08-Ref,False,0.20772818126257261,0.23809806664096417,0.06030736972684385,0.16049093501891726,0.022599525641402666,1.3207715006510428,False,False,False,True,True,True,True,False,True
1,0,8,EEG RG 09-Ref,False,0.3197443945275795,0.20882248692875477,0.23020148982869337,0.14564678896891273,0.020528916947645044,1.4215247586375181,True,True,True,True,True,True,True,True,True
1,0,9,EEG RG 10-Ref,False,0.2631666224077094,0.2314530930646102,0.20961847965102537,0.1872072537158523,0.01775441917035079,1.660823683481419,True,True,True,True,True,True,True,True,True
1,0,10,EEG RG 11-Ref,False,0.2821994333393136,0.17288069855656474,0.24343334398757616,0.12337476047838279,0.01045400918754662,1.5839064355673818,True,True,True,True,True,True,True,True,True
1,0,11,EEG RG 12-Ref,False,0.3714608469483193,0.15832728974865384,0.3417164960319026,0.12572496447433515,0.00909362453980477,1.807378022231878,True,True,True,True,True,True,True,True,True
1,0,12,EEG RG 13-Ref,False,0.3228155046149852,0.19247874398834108,0.2762855556182462,0.15641710464341774,0.013141544060753126,1.687659853389848,True,True,True,True,True,True,True,True,True
1,0,13,EEG RG 14-Ref,True,0.29062294479933143,0.2728198873825924,0.2256918164870841,0.23661841623377958,0.0364369012732063,1.8901264515156002,False,False,False,True,True,True,True,False,True
1,0,14,EEG RG 15-Ref,True,0.262391148158348,0.26695905539295434,0.19714347959308687,0.22216425911411708,0.035347961470198086,1.712120443306671,False,False,False,True,True,True,True,False,True
1,0,15,EEG RG 16-Ref,False,0.21579577392077726,0.23430281322543572,0.11564906657019446,0.1731565679542723,0.008083103601005476,1.4659350198859094,False,False,False,True,True,True,True,False,True
1,0,16,EEG RG 17-Ref,False,0.3162214908878831,0.17060921869806206,0.26964222802540533,0.1281604892677093,0.009112340179208422,1.5091182543608797,True,True,True,True,True,True,True,True,True
1,0,17,EEG RG 18-Ref,False,0.3365647796458799,0.10083094154421719,0.3102161135458082,0.062335468655090036,0.015831212003457273,1.3325657103608353,True,True,True,True,True,True,True,True,True
1,0,18,EEG RG 19-Ref,False,0.3750054750397806,0.10427365091593943,0.3461947631297002,0.06448601020668007,0.006246718792034422,1.3951324094771458,True,True,True,True,True,True,True,True,True
1,0,19,EEG RG 20-Ref,True,0.3770058731572467,0.1187755660786582,0.3526995008539401,0.08715057551824233,0.004840551390551321,1.5442900801829236,True,True,True,True,True,True,True,True,True
1,0,20,EEG RG 21-Ref,True,0.3201261745926435,0.1592430472049309,0.28670201693324293,0.12947463834810696,0.018353729691643034,1.5765908778305169,True,True,True,True,True,True,True,True,True
1,0,21,EEG RG 22-Ref,True,0.2724343320373281,0.2545339782636208,0.18930459509485742,0.21972803330849902,0.0431314602889478,1.6316708136198121,False,False,False,True,True,True,True,False,True
1,0,22,EEG RG 23-Ref,False,0.20852811823999473,0.27769659809034397,0.11806149831002642,0.22532792581630812,0.009064899483083273,1.6085972391824546,False,False,False,True,True,True,True,False,True
1,0,23,EEG RG 24-Ref,False,0.19516680040052953,0.24288950207139265,0.07983476977286579,0.16653160414108406,0.007517999263287107,1.3973035966149883,False,False,False,True,True,True,True,False,True
1,0,24,EEG RG 25-Ref,False,0.33224423958581856,0.09866673410860402,0.3139794717754908,0.0688385731548972,0.002157035742973738,1.3911162251751699,True,True,True,True,True,True,True,True,True
1,0,25,EEG RG 26-Ref,True,0.32065112362811266,0.06857418623524274,0.30530420412136156,0.035179680812856724,0.009501056706227275,1.2144565334899946,True,True,True,True,True,True,True,True,True
1,0,26,EEG RG 27-Ref,True,0.32890430010837896,0.07148918157559297,0.31047953587067756,0.028219671655228463,0.0033798706533105286,1.153713085084897,True,True,True,True,True,True,True,True,True
1,0,27,EEG RG 28-Ref,True,0.32070875551674033,0.09886952170384962,0.29822126903743135,0.05397768939113074,0.004569624360567426,1.2644333835566632,True,True,True,True,True,True,True,True,True
1,0,28,EEG RG 29-Ref,True,0.2867499014401768,0.1460430617795085,0.249840581807929,0.10406039878259227,0.030931161892495868,1.372474922506239,True,True,True,True,True,True,True,True,True
1,0,29,EEG RG 30-Ref,True,0.2263847067640605,0.21298317736867353,0.1414494631515671,0.16483605598446527,0.011189426669261484,1.4462073156632569,False,False,False,True,True,True,True,False,True
1,0,30,EEG RG 31-Ref,True,0.1963519432264425,0.2785264986573202,0.06642203184538223,0.21210293822980125,0.009675875714555096,1.4927747180433408,False,False,False,True,True,True,True,False,True
1,0,31,EEG RG 32-Ref,False,0.19047936875729357,0.281895987241848,0.03574083735010502,0.19317920794052887,0.025801600323869633,1.3895320930391168,False,False,False,True,True,True,True,False,True
1,0,32,EEG RG 33-Ref,False,0.21557044128279976,0.20221026951640833,0.16652671093447854,0.16330942908568039,0.03473869864483504,1.51496647879198,True,False,False,True,True,True,True,False,True
1,0,33,EEG RG 34-Ref,True,0.2531370281920679,0.12107853148265862,0.21596605838785105,0.06460526605805453,0.010756881408703274,1.1881876336304023,True,True,True,True,True,True,True,True,True
1,0,34,EEG RG 35-Ref,True,0.29199983354593284,0.09912208487873513,0.263431117026234,0.035151905150467684,0.003340110847539173,1.1003010009736804,True,True,True,True,True,True,True,True,True
1,0,35,EEG RG 36-Ref,True,0.2981188176272513,0.10906159847373824,0.2649105985907083,0.04155187501207286,0.009346671990264878,1.166262955212833,True,True,True,True,True,True,True,True,True
1,0,36,EEG RG 37-Ref,True,0.2649310366439854,0.14153220833786992,0.2126902901776614,0.08218217450971643,0.024396648307848184,1.276032573910592,True,True,True,True,True,True,True,True,True
1,0,37,EEG RG 38-Ref,True,0.2204201239435607,0.1709165409535649,0.13299863393973077,0.11343561142244614,0.017213149436531867,1.288207479103535,True,True,True,True,True,True,True,True,True
1,0,38,EEG RG 39-Ref,True,0.19107416995487003,0.24483884090471603,0.06403036747079904,0.1746734562686332,0.023766635884059636,1.3896499823765294,False,False,False,True,True,True,True,False,True
1,0,39,EEG RG 40-Ref,False,0.187928415416836,0.27185133848019066,0.03274883311904116,0.17013449420094526,0.022230850840922887,1.3216260579028085,False,False,False,True,True,True,True,False,True
1,0,40,EEG RG 41-Ref,False,0.1926486909589759,0.16183080015856394,0.16122112792835588,0.12308999158974095,0.018265791195846186,1.4015395464440117,True,True,True,True,True,True,True,True,True
1,0,41,EEG RG 42-Ref,True,0.2179889327058901,0.168426723997276,0.1341119510749307,0.0840659374173942,0.036267741724313615,1.1589437778964036,True,True,True,True,True,True,True,True,True
1,0,42,EEG RG 43-Ref,True,0.24430943597779597,0.153525418408077,0.17036690790763087,0.07088811631123058,0.0009413537554424569,1.1256687629559943,True,True,True,True,True,True,True,True,True
1,0,43,EEG RG 44-Ref,True,0.2558539901560723,0.14096112006901054,0.18425096398219612,0.03396160750400326,0.00718068620167915,1.074189249681214,True,True,True,True,True,True,True,True,True
1,0,44,EEG RG 45-Ref,True,0.2542876565889201,0.1548406293115793,0.17243790647021764,0.08411836072175893,0.036864953546708046,1.2227379005648207,True,True,True,True,True,True,True,True,True
1,0,45,EEG RG 46-Ref,True,0.2390283774539969,0.16369166356970705,0.13404057655643523,0.09478252712007576,0.012685296409450967,1.2324135902441182,True,True,True,True,True,True,True,True,True
1,0,46,EEG RG 47-Ref,True,0.20983909879022275,0.19789854056507789,0.09187067875571601,0.13004017656633257,0.012573248785757501,1.308024617966611,False,False,False,True,True,True,True,False,True
1,0,47,EEG RG 48-Ref,False,0.1826918609113514,0.23151526062334338,0.02213032391368307,0.15631531229569842,0.001520811133062412,1.3555114893527667,False,False,False,True,True,True,True,False,True
1,0,48,EEG RG 49-Ref,True,0.2016202276247489,0.22736355729838043,0.04092921081966705,0.1184682951769124,0.004401618287577347,1.2326297880945492,False,False,False,True,True,True,True,False,True
1,0,49,EEG RG 50-Ref,True,0.20789379608450675,0.23258148259650865,0.06408764812727415,0.14494403292787325,0.010061223286805476,1.2685910737032273,False,False,False,True,True,True,True,False,True
1,0,50,EEG RG 51-Ref,True,0.22018973747611126,0.19465731562153946,0.0782963566195281,0.08102964020896494,0.010061133947218456,1.100455388673176,False,True,False,True,True,True,True,False,True
1,0,51,EEG RG 52-Ref,True,0.23215105615428,0.18117968253190453,0.08953730551576193,0.04473930419568164,0.026861528994701015,1.0030427915785003,True,True,True,True,True,True,True,True,True
1,0,52,EEG RG 53-Ref,True,0.2522737679654982,0.1690829505995143,0.10859051159246,0.03761506763747049,0.01164988892121499,1.0532672462670727,True,True,True,True,True,True,True,True,True
1,0,53,EEG RG 54-Ref,True,0.2561948796641582,0.17176078961848862,0.08698814043355194,0.06105152248051588,0.014851316911557222,1.1034795367225123,True,True,True,True,True,True,True,True,True
1,0,54,EEG RG 55-Ref,True,0.21796967703918635,0.1962809765827272,0.035145550268590287,0.09229615443284662,0.01938973066620453,1.1973355068409248,False,False,False,True,True,True,True,False,True
1,0,55,EEG RG 56-Ref,False,0.2345861488785036,0.21639354794452095,0.0734729382540408,0.06284433772535304,0.024366209409887544,1.0861196899504784,True,False,True,True,True,True,True,False,True
1,0,56,EEG RG 57-Ref,False,0.19726222070019928,0.25019446009585694,0.039532002470749096,0.1607073188464521,0.01324157528693494,1.2987372733637748,False,False,False,True,True,True,True,False,True
1,0,57,EEG RG 58-Ref,False,0.19138212202226051,0.2563119180654967,0.04535317431597078,0.18231496764963928,0.04214193128854701,1.3177516722174925,False,False,False,True,True,True,True,False,True
1,0,58,EEG RG 59-Ref,True,0.20241396213482105,0.2276699654286544,0.0475953022763884,0.14136634150494684,0.02408147595274007,1.2264099085239522,False,False,False,True,True,True,True,False,True
1,0,59,EEG RG 60-Ref,False,0.22590578633759192,0.2230815249092824,0.05496421758615425,0.11557407227364225,0.019375795376284956,1.1290925540225658,False,False,False,True,True,True,True,False,True
1,0,60,EEG RG 61-Ref,False,0.27016890175359737,0.2134579216235654,0.05555961703076548,0.05388319693888614,0.011046295626499177,1.111379588438749,True,True,False,True,True,True,True,False,True
1,0,61,EEG RG 62-Ref,False,0.3168016715824459,0.2339676057521494,0.07080936830270584,0.08353488058507626,0.0008773803542477315,1.2278950554405734,False,True,False,True,True,True,True,False,True
1,0,62,EEG RG 63-Ref,False,0.2717342235861311,0.20736262371454403,0.0712149922218486,0.04202164195018615,0.024836385399945503,1.0235066818339569,True,True,True,True,True,True,True,True,True
1,0,63,EEG RG 64-Ref,False,0.3289600108937186,0.2598940142149216,0.207053007281897,0.07445622035127136,0.03737065576483409,1.0435337994903684,True,True,True,True,True,True,True,True,True
1,1,0,EEG RG 01-Ref,False,0.32967078174122155,0.2428699191636767,0.23074903391885795,0.17508681994390063,0.02212899060680841,1.407816329429075,True,True,True,True,True,True,True,True,True
1,1,1,EEG RG 02-Ref,True,0.28097947177369004,0.24154778779524744,0.18769444835250018,0.19011433688716647,0.001997683748376474,1.4760174439814262,False,True,False,True,True,True,True,False,True
1,1,2,EEG RG 03-Ref,False,0.2577241560220562,0.2186938128135907,0.1988968004408565,0.17846107026185679,0.02331450778020137,1.5683937805022465,True,True,True,True,True,True,True,True,True
1,1,3,EEG RG 04-Ref,False,0.29820646082553154,0.16824932649648464,0.271153049160956,0.13623208274768853,0.03334749516175352,1.6267937044529874,True,True,True,True,True,True,True,True,True
1,1,4,EEG RG 05-Ref,False,0.2282468234249103,0.1766615224722226,0.1931708630048904,0.1427072668103341,0.023126045128657853,1.5339042457281116,True,True,True,True,True,True,True,True,True
1,1,5,EEG RG 06-Ref,False,0.22210735253742944,0.22933894233333368,0.16751310480811674,0.187315319289177,0.008371361346575006,1.5544048400086756,False,False,False,True,True,True,True,False,True
1,1,6,EEG RG 07-Ref,False,0.22278907875989856,0.24640396217880398,0.13003134581907455,0.17770250923758005,0.0024037789148171384,1.3953394425228727,False,False,False,True,True,True,True,False,True
1,1,7,EEG RG 08-Ref,False,0.2276589086922219,0.2513767882632751,0.10395085969403808,0.1726288444868298,0.02640389589137429,1.3377913165155597,False,False,False,True,True,True,True,False,True
1,1,8,EEG RG 09-Ref,False,0.3428115133698105,0.21403639289677773,0.25650176248375733,0.1523790217200086,0.02058611886859036,1.4424243304976345,True,True,True,True,True,True,True,True,True
1,1,9,EEG RG 10-Ref,False,0.30949438085697545,0.24688955474709595,0.2698374715075086,0.20828659758411078,0.01789339989035109,1.7152398539943254,True,True,True,True,True,True,True,True,True
1,1,10,EEG RG 11-Ref,False,0.28880244851826486,0.1715186302250197,0.25427571207876176,0.12679984069618683,0.010434357117725886,1.6085954934125661,True,True,True,True,True,True,True,True,True
1,1,11,EEG RG 12-Ref,False,0.36197528946448926,0.15838536199346315,0.33332576198840524,0.12561463111005966,0.007795001203570161,1.7953335464052245,True,True,True,True,True,True,True,True,True
1,1,12,EEG RG 13-Ref,False,0.30291204837950525,0.19026030284365253,0.25003210023787764,0.15582676757790812,0.015074042664026517,1.6881191111774145,True,True,True,True,True,True,True,True,True
1,1,13,EEG RG 14-Ref,True,0.28978152533768836,0.28490724716179744,0.22135840564432968,0.2530302021992545,0.03630107488626664,1.9293436065898286,False,False,False,True,False,True,True,False,True
1,1,14,EEG RG 15-Ref,True,0.2651144211508948,0.2771972992681891,0.20392694494380567,0.23204085026602958,0.03247366961754938,1.736855154518414,False,False,False,True,True,True,True,False,True
1,1,15,EEG RG 16-Ref,False,0.23058749403538042,0.2417626525082749,0.1438785200686396,0.17750855137490468,0.013111926693105597,1.478681008182786,False,False,False,True,True,True,True,False,True
1,1,16,EEG RG 17-Ref,False,0.330820103333175,0.17027473916061223,0.2846658440157124,0.1226691824684814,0.009109373179767071,1.4911680195213648,True,True,True,True,True,True,True,True,True
1,1,17,EEG RG 18-Ref,False,0.35197831238781735,0.10365490048332762,0.326517960702763,0.06276927960147881,0.014959718272988984,1.3543796891374267,True,True,True,True,True,True,True,True,True
1,1,18,EEG RG 19-Ref,False,0.38099093391789873,0.10705325452003639,0.35268394326798364,0.0683895153773571,0.0069697891010813045,1.4266850366258852,True,True,True,True,True,True,True,True,True
1,1,19,EEG RG 20-Ref,True,0.3809978779653533,0.11911824824072506,0.35597628550044264,0.09136930320830726,0.006507142003936156,1.558489190039661,True,True,True,True,True,True,True,True,True
1,1,20,EEG RG 21-Ref,True,0.32645391118822736,0.15803704070979846,0.28985785564694844,0.12572251464476583,0.020245202534608576,1.5573180138256566,True,True,True,True,True,True,True,True,True
1,1,21,EEG RG 22-Ref,True,0.2796782332142771,0.2545392978368259,0.19357964303563374,0.2208806065827832,0.04343774956167086,1.6330683537197772,False,False,False,True,True,True,True,False,True
1,1,22,EEG RG 23-Ref,False,0.2078504789314766,0.2849286598739812,0.11485256796010261,0.22927487913988992,0.0059013429209984845,1.6336060214199768,False,False,False,True,True,True,True,False,True
1,1,23,EEG RG 24-Ref,False,0.2038714763047643,0.24681759849957044,0.08112190271166407,0.16769328323830632,0.011270401164746677,1.4104173151180939,False,False,False,True,True,True,True,False,True
1,1,24,EEG RG 25-Ref,False,0.31200116317066073,0.09423865844791937,0.2923089197719727,0.061966407945396325,0.0034654423889666497,1.344159567694922,True,True,True,True,True,True,True,True,True
1,1,25,EEG RG 26-Ref,True,0.35100891353285585,0.06572243810361654,0.33784651594734805,0.03242844044760992,0.009403468547907044,1.2028856054918016,True,True,True,True,True,True,True,True,True
1,1,26,EEG RG 27-Ref,True,0.36792984340773394,0.07064174558816044,0.3495261845465806,0.02713361729751446,0.00288071463390728,1.1447671558205772,True,True,True,True,True,True,True,True,True
1,1,27,EEG RG 28-Ref,True,0.3504532235503002,0.09539788911034297,0.33006041972544053,0.049387629670145775,0.005822695852419914,1.2395242203724075,True,True,True,True,True,True,True,True,True
1,1,28,EEG RG 29-Ref,True,0.3056468945291446,0.14291327627552491,0.27077234109420134,0.09787380655308335,0.031879277840339185,1.3461587824565446,True,True,True,True,True,True,True,True,True
1,1,29,EEG RG 30-Ref,True,0.2344309246849981,0.21715348012037228,0.15466616755435275,0.16899106867156305,0.011134116791135053,1.45504623646561,False,False,False,True,True,True,True,False,True
1,1,30,EEG RG 31-Ref,True,0.1976411374529683,0.28569859407445536,0.05888964902700642,0.2249259612732425,0.011323734840877257,1.52147393820606,False,False,False,True,True,True,True,False,True
1,1,31,EEG RG 32-Ref,False,0.19547513008817174,0.28401717232891527,0.017242789452550606,0.2030126216382758,0.028347857688934705,1.410410671218072,False,False,False,True,True,True,True,False,True
1,1,32,EEG RG 33-Ref,False,0.22443015996292376,0.19450092108737962,0.17975553154551235,0.16337439874115503,0.03598758914823485,1.5070007111937087,True,True,False,True,True,True,True,False,True
1,1,33,EEG RG 34-Ref,True,0.28386938360727587,0.11935427058997283,0.2560791588258166,0.06629324257038088,0.011086705053844556,1.1919906544802485,True,True,True,True,True,True,True,True,True
1,1,34,EEG RG 35-Ref,True,0.32474567278384486,0.09858453811159033,0.30184286113939224,0.03147007483955585,0.003669986079148691,1.0831204697972352,True,True,True,True,True,True,True,True,True
1,1,35,EEG RG 36-Ref,True,0.32456555669969483,0.1072557761957194,0.2953881704401927,0.03929436011695881,0.010197570310322585,1.1408945701407094,True,True,True,True,True,True,True,True,True
1,1,36,EEG RG 37-Ref,True,0.28125298268975785,0.14261677448712884,0.2351826438662037,0.08196497660591608,0.025107888248577726,1.2634959162477812,True,True,True,True,True,True,True,True,True
1,1,37,EEG RG 38-Ref,True,0.22373824061173556,0.17671418846461853,0.14410531262914814,0.11743967231534211,0.016917965938577063,1.2961979851458554,True,True,True,True,True,True,True,True,True
1,1,38,EEG RG 39-Ref,True,0.19497333389776753,0.251584939499593,0.06526369329675304,0.19032085747862817,0.02392152974364545,1.4200671986094306,False,False,False,True,True,True,True,False,True
1,1,39,EEG RG 40-Ref,False,0.19632007006535643,0.2773367573404206,0.038032073978079346,0.19134343339644982,0.023330447905118394,1.3534601981644667,False,False,False,True,True,True,True,False,True
1,1,40,EEG RG 41-Ref,False,0.18855750300900873,0.16247179873933226,0.15632623904503615,0.12071685123432295,0.01958693006620556,1.396382611300218,True,True,True,True,True,True,True,True,True
1,1,41,EEG RG 42-Ref,True,0.22355425926293399,0.16342860558734965,0.15014455997288045,0.08461460150903004,0.0371519955290331,1.1531928790157078,True,True,True,True,True,True,True,True,True
1,1,42,EEG RG 43-Ref,True,0.25645427767095164,0.1499999254231412,0.18769271065864912,0.0619049351054738,0.0007274420759926214,1.1200811336620429,True,True,True,True,True,True,True,True,True
1,1,43,EEG RG 44-Ref,True,0.26572136367043153,0.14126849698756228,0.20296311018119606,0.036125714296799026,0.006890815862379512,1.0735602655411922,True,True,True,True,True,True,True,True,True
1,1,44,EEG RG 45-Ref,True,0.2619380989255306,0.16430652061718093,0.18542754955741347,0.08888725900765704,0.037136198623424946,1.2400307274597253,True,True,True,True,True,True,True,True,True
1,1,45,EEG RG 46-Ref,True,0.23905387440842507,0.17038722140759432,0.13444781206701797,0.09808848387611327,0.013016846398639733,1.2426859037198108,True,True,True,True,True,True,True,True,True
1,1,46,EEG RG 47-Ref,True,0.20821682414276704,0.19855291032516703,0.0875091640092498,0.12946658550650972,0.012417851017755761,1.316414263830848,False,False,False,True,True,True,True,False,True
1,1,47,EEG RG 48-Ref,False,0.1834007369582492,0.23461862527658323,0.021237870909804793,0.1609164351123482,0.0012102286617362613,1.3641977714125886,False,False,False,True,True,True,True,False,True
1,1,48,EEG RG 49-Ref,True,0.19011497267976332,0.21734221120986966,0.04461179053482309,0.11511406898018366,0.006155922675100223,1.2208314927297295,False,False,False,True,True,True,True,False,True
1,1,49,EEG RG 50-Ref,True,0.2047658984193129,0.22343768429222352,0.07571994307270308,0.13646777841726276,0.012214330978693805,1.2563302685426503,False,False,False,True,True,True,True,False,True
1,1,50,EEG RG 51-Ref,True,0.22379353274148628,0.19498651343878684,0.08829548973138898,0.07543487855928568,0.011742975164192284,1.1054759324139212,True,True,True,True,True,True,True,True,True
1,1,51,EEG RG 52-Ref,True,0.23918210647053792,0.1828653357374233,0.09589743936995528,0.04072386420283556,0.027229456490211877,1.0131756486920016,True,True,True,True,True,True,True,True,True
1,1,52,EEG RG 53-Ref,True,0.2616198110589345,0.17476964206919104,0.11262462818138654,0.045811307180205166,0.012573296480620916,1.060219041234742,True,True,True,True,True,True,True,True,True
1,1,53,EEG RG 54-Ref,True,0.2663019647762679,0.18061356611758,0.09184236345647151,0.07292289521256336,0.01619821506604,1.1225327242894652,True,True,True,True,True,True,True,True,True
1,1,54,EEG RG 55-Ref,True,0.22270120046203296,0.19925544023993264,0.04966336775617252,0.10032955136683672,0.019377515910934683,1.2047699507366139,False,True,False,True,True,True,True,False,True
1,1,55,EEG RG 56-Ref,False,0.23629173424095765,0.2160653228220945,0.06308303144066359,0.067142311945002,0.022964039254077903,1.0924916531728315,False,False,False,True,True,True,True,False,True
1,1,56,EEG RG 57-Ref,False,0.19403027893432567,0.23981986703577438,0.043505572949793896,0.15176088829142143,0.015342294910614177,1.2789490777227046,False,False,False,True,True,True,True,False,True
1,1,57,EEG RG 58-Ref,False,0.18785691861667195,0.24269318919671984,0.04659179959916929,0.16617227940840149,0.04433423348895512,1.2917209395040041,False,False,False,True,True,True,True,False,True
1,1,58,EEG RG 59-Ref,True,0.20733767097050831,0.2318680823074341,0.058874818536201225,0.13863942941542987,0.025483219403187103,1.2321751188534609,False,False,False,True,True,True,True,False,True
1,1,59,EEG RG 60-Ref,False,0.22903136126941326,0.23243876270849645,0.059509426054584855,0.10982090220573135,0.019089343827276367,1.130562549244866,False,False,False,True,True,True,True,False,True
1,1,60,EEG RG 61-Ref,False,0.2693585970073376,0.21705216865012283,0.06580755238606557,0.05742124676665025,0.007701497994503191,1.0827906486539238,True,True,True,True,True,True,True,True,True
1,1,61,EEG RG 62-Ref,False,0.32071095491751067,0.22559196756709313,0.05843955297059942,0.06673520568694805,0.005189451610536254,1.1905597059876156,False,True,False,True,True,True,True,False,True
1,1,62,EEG RG 63-Ref,False,0.27311359262992524,0.2123330288376442,0.06783165143328139,0.03869800355671415,0.02501599771148919,1.0156267374253283,True,True,True,True,True,True,True,True,True
1,1,63,EEG RG 64-Ref,False,0.32938809092143834,0.26389838102415203,0.20178397032416706,0.07160508679943889,0.03606309880589699,1.0349426322276165,True,True,True,True,True,True,True,True,True
1,2,0,EEG RG 01-Ref,False,0.32740658497967284,0.23119450765889585,0.21274896540678206,0.156476305053014,0.021045193984020417,1.371770953574493,True,True,True,True,True,True,True,True,True
1,2,1,EEG RG 02-Ref,True,0.27597612192444254,0.2289120217048754,0.16725735422806223,0.1717001914982232,0.001952038121846491,1.4449520221155303,False,True,False,True,True,True,True,False,True
1,2,2,EEG RG 03-Ref,False,0.26861905351151594,0.22037681451657626,0.20808402664701617,0.17649613269565395,0.021404211887369108,1.556725167361784,True,True,True,True,True,True,True,True,True
1,2,3,EEG RG 04-Ref,False,0.31802363354214824,0.16774892466007527,0.2915623635527661,0.13442401274971508,0.03271996978780716,1.6281187416939762,True,True,True,True,True,True,True,True,True
1,2,4,EEG RG 05-Ref,False,0.24175762003653828,0.17739672779560076,0.20957594605953814,0.13993439175803615,0.021514378519848915,1.5220929052675367,True,True,True,True,True,True,True,True,True
1,2,5,EEG RG 06-Ref,False,0.22158586612235173,0.2196264089834788,0.16558297296493982,0.1761988803099919,0.007859652732112206,1.5255413668667173,False,False,False,True,True,True,True,False,True
1,2,6,EEG RG 07-Ref,False,0.2093328296043903,0.22441856243551184,0.09647837209262966,0.16097363668854306,0.004042958300306073,1.3661336764939942,False,False,False,True,True,True,True,False,True
1,2,7,EEG RG 08-Ref,False,0.22041425214332216,0.24964973513570016,0.0731391427301785,0.17732499020613998,0.02740042093094899,1.3529792467564299,False,False,False,True,True,True,True,False,True
1,2,8,EEG RG 09-Ref,False,0.3434986574048179,0.20485262203231497,0.2505393030939171,0.13547130911583555,0.01918723050083802,1.4006308815302195,True,True,True,True,True,True,True,True,True
1,2,9,EEG RG 10-Ref,False,0.2818493563172405,0.23939331462101088,0.2343996970349577,0.19303755460079045,0.017272275725146197,1.6903295273513246,True,True,True,True,True,True,True,True,True
1,2,10,EEG RG 11-Ref,False,0.32313055195098295,0.17348420008380258,0.2876684471094996,0.13033206528771096,0.010160808253585955,1.6134459172508568,True,True,True,True,True,True,True,True,True
1,2,11,EEG RG 12-Ref,False,0.3839470338859882,0.15627356264310122,0.35614423239849746,0.12141112433505867,0.0075841673922948764,1.7632051586847082,True,True,True,True,True,True,True,True,True
1,2,12,EEG RG 13-Ref,False,0.32147548855012775,0.1895785105275155,0.26800371655631466,0.15318645881586912,0.015606059370599822,1.6743014186752463,True,True,True,True,True,True,True,True,True
1,2,13,EEG RG 14-Ref,True,0.29362954112885775,0.2728090349362902,0.22318172009979664,0.23585197657020127,0.03500172640933934,1.8972877214865762,False,False,False,True,True,True,True,False,True
1,2,14,EEG RG 15-Ref,True,0.24956327151829263,0.255220750312661,0.18223651759109935,0.20674591252035207,0.029662339130997546,1.6603795999895716,False,False,False,True,True,True,True,False,True
1,2,15,EEG RG 16-Ref,False,0.2197208831515291,0.22765679802363203,0.12218006651216733,0.16456021479464947,0.014357152528026341,1.4529899617692787,False,False,False,True,True,True,True,False,True
1,2,16,EEG RG 17-Ref,False,0.3158929296872443,0.16907524362070459,0.26835947056342124,0.12531752462640297,0.007914070425334,1.4885796597226832,True,True,True,True,True,True,True,True,True
1,2,17,EEG RG 18-Ref,False,0.3257388428181698,0.1041370517004892,0.2999333487651833,0.06689299326716051,0.015007100340263006,1.3671379769734862,True,True,True,True,True,True,True,True,True
1,2,18,EEG RG 19-Ref,False,0.3976028873458017,0.10368369618884132,0.36980649017306266,0.064044131516094,0.006881586700348393,1.3938397204891044,True,True,True,True,True,True,True,True,True
1,2,19,EEG RG 20-Ref,True,0.39980427429982013,0.12196424547769624,0.37541919060737416,0.09215176838809998,0.006679304610885577,1.5596833704397135,True,True,True,True,True,True,True,True,True
1,2,20,EEG RG 21-Ref,True,0.3436568604187221,0.1646326122611135,0.3086226199799864,0.13533409105404132,0.01995955489320408,1.600005230028886,True,True,True,True,True,True,True,True,True
1,2,21,EEG RG 22-Ref,True,0.2863399545169151,0.2577658171831937,0.20563067041942937,0.22172889419006558,0.042568249122119775,1.6672550456794444,False,False,False,True,True,True,True,False,True
1,2,22,EEG RG 23-Ref,False,0.20608474993337783,0.2754350156412527,0.11192156836099319,0.2186662100042706,0.005618641179041012,1.613290041359273,False,False,False,True,True,True,True,False,True
1,2,23,EEG RG 24-Ref,False,0.19564911254413211,0.2388330051762308,0.06517155084490943,0.1520657018238125,0.011467004449734766,1.3761497612682276,False,False,False,True,True,True,True,False,True
1,2,24,EEG RG 25-Ref,False,0.3209144510033771,0.09828002784224166,0.300196316343833,0.06215319274520389,0.003648813803615664,1.3553467002481705,True,True,True,True,True,True,True,True,True
1,2,25,EEG RG 26-Ref,True,0.3316056310654006,0.06932568300747534,0.31564207039211023,0.03618582359636418,0.009345917818250057,1.2293208974881806,True,True,True,True,True,True,True,True,True
1,2,26,EEG RG 27-Ref,True,0.34732617507665386,0.07303773353598293,0.32837098161888945,0.028435437931094966,0.0031880127648077745,1.156988243743161,True,True,True,True,True,True,True,True,True
1,2,27,EEG RG 28-Ref,True,0.3389398267469367,0.1009836619992033,0.31849499640889795,0.05652816562052632,0.005658735072526192,1.2791016866739133,True,True,True,True,True,True,True,True,True
1,2,28,EEG RG 29-Ref,True,0.30639403937121623,0.14977097487705376,0.27058622500789953,0.10564512269063664,0.03162538323174571,1.3840514233130592,True,True,True,True,True,True,True,True,True
1,2,29,EEG RG 30-Ref,True,0.23999229428873975,0.22274589114588156,0.15927878658108807,0.17387506076724965,0.010930185623724928,1.4870283022378405,False,False,False,True,True,True,True,False,True
1,2,30,EEG RG 31-Ref,True,0.19940070717362465,0.28115268037975794,0.06259525845200568,0.2157275928024082,0.011187176424041172,1.519856581878237,False,False,False,True,True,True,True,False,True
1,2,31,EEG RG 32-Ref,False,0.1962098304774091,0.27824007291123753,0.024102166887906153,0.18529476292992428,0.027856008114888343,1.3915125908170163,False,False,False,True,True,True,True,False,True
1,2,32,EEG RG 33-Ref,False,0.25726799798151745,0.208686770355996,0.21498450232294614,0.1776068454205253,0.03569675186663759,1.5763592510601263,True,True,True,True,True,True,True,True,True
1,2,33,EEG RG 34-Ref,True,0.28217047832096903,0.12193164571687583,0.2521448377189425,0.07037374857741521,0.01117486120677681,1.226158776658526,True,True,True,True,True,True,True,True,True
1,2,34,EEG RG 35-Ref,True,0.3136850395868782,0.10082184008037874,0.28462952995788376,0.03384028467494303,0.003795770981810078,1.0982303134811253,True,True,True,True,True,True,True,True,True
1,2,35,EEG RG 36-Ref,True,0.3111614366688385,0.10889831697307045,0.27657605531192786,0.03900968369406176,0.009909206644564614,1.1512275322341403,True,True,True,True,True,True,True,True,True
1,2,36,EEG RG 37-Ref,True,0.2749918852881218,0.14658538713167918,0.2245619121409124,0.08421938203331342,0.02516214618811608,1.2853340348128233,True,True,True,True,True,True,True,True,True
1,2,37,EEG RG 38-Ref,True,0.22740782987616945,0.1820282790048891,0.14309797162319288,0.12092248062441355,0.016649506038433303,1.3221000896371076,True,True,True,True,True,True,True,True,True
1,2,38,EEG RG 39-Ref,True,0.19769293611810038,0.25631010844372926,0.0676888295475141,0.1900611345813793,0.02349197082891649,1.4405787821851588,False,False,False,True,True,True,True,False,True
1,2,39,EEG RG 40-Ref,False,0.19682663851881468,0.2791199900462035,0.037432476472246956,0.18400304531598932,0.023657930251858833,1.3576591702689709,False,False,False,True,True,True,True,False,True
1,2,40,EEG RG 41-Ref,False,0.2146151040303338,0.16610414675542604,0.1842548910254272,0.1289003543653176,0.020984414524893347,1.4290225281542877,True,True,True,True,True,True,True,True,True
1,2,41,EEG RG 42-Ref,True,0.2500908311399586,0.16955044355774834,0.1793351369698991,0.09146742347463449,0.03724270027617973,1.176188701166065,True,True,True,True,True,True,True,True,True
1,2,42,EEG RG 43-Ref,True,0.26518231107677603,0.14956640860040343,0.19033394683787733,0.06001384063053145,0.00035122563877402303,1.1095054846164907,True,True,True,True,True,True,True,True,True
1,2,43,EEG RG 44-Ref,True,0.2672084710375637,0.14206499692993063,0.19082874712653028,0.026589739780514272,0.006711309526532176,1.0494845580952672,True,True,True,True,True,True,True,True,True
1,2,44,EEG RG 45-Ref,True,0.2605031271096536,0.15948851884597748,0.174328520418788,0.08409026806004656,0.03705718949644373,1.2272468868606337,True,True,True,True,True,True,True,True,True
1,2,45,EEG RG 46-Ref,True,0.23534494306223677,0.16693239150378092,0.13122868664391646,0.09750770360274917,0.012574963551333041,1.2474866542378862,True,True,True,True,True,True,True,True,True
1,2,46,EEG RG 47-Ref,True,0.2064659837934336,0.2022334854240019,0.09008714064044872,0.13125389177597171,0.012295210658800402,1.3323673084804701,False,False,False,True,True,True,True,False,True
1,2,47,EEG RG 48-Ref,False,0.18450835153844306,0.24280505382513992,0.03140924469026524,0.17043124379824856,0.001770536392619592,1.3990915090147489,False,False,False,True,True,True,True,False,True
1,2,48,EEG RG 49-Ref,True,0.20987211174502374,0.22371929246144223,0.06565562061353783,0.11634680791231634,0.006461926914587499,1.2376216159044018,False,False,False,True,True,True,True,False,True
1,2,49,EEG RG 50-Ref,True,0.22674991356737095,0.2269657627350978,0.1025910989556244,0.13808597457152733,0.011964026855255806,1.266719104452913,False,False,False,True,True,True,True,False,True
1,2,50,EEG RG 51-Ref,True,0.23691189981342625,0.18824746151102123,0.10618819099710923,0.0718538043121973,0.011721871773009814,1.0922479838951142,True,True,True,True,True,True,True,True,True
1,2,51,EEG RG 52-Ref,True,0.23917797977269747,0.1761221127133539,0.10069841634127295,0.03890426255332063,0.027119566560255416,1.0210506663207732,True,True,True,True,True,True,True,True,True
1,2,52,EEG RG 53-Ref,True,0.2542299173142701,0.16829007434972781,0.11235258171251769,0.030480005329217724,0.01169012924042406,1.0322620863253054,True,True,True,True,True,True,True,True,True
1,2,53,EEG RG 54-Ref,True,0.25998057925586154,0.1736532398027675,0.08135834730845297,0.05612999477323035,0.015413556076405443,1.0966349808898024,True,True,True,True,True,True,True,True,True
1,2,54,EEG RG 55-Ref,True,0.22503800977304914,0.2039193262268429,0.04497086160496996,0.10025726740038815,0.02048654348729035,1.2136136749992534,False,False,False,True,True,True,True,False,True
1,2,55,EEG RG 56-Ref,False,0.23492525115090535,0.22679943004040234,0.05587196357487034,0.08156875562410609,0.024837303617176027,1.12695110676181,False,False,False,True,True,True,True,False,True
1,2,56,EEG RG 57-Ref,False,0.20510929891965596,0.2441419461784278,0.05855354732350749,0.1519642348334753,0.01488675119091409,1.2998008987927976,False,False,False,True,True,True,True,False,True
1,2,57,EEG RG 58-Ref,False,0.20517838999607646,0.25344414946045263,0.06247406075955465,0.17538937455288112,0.04254809875470041,1.3175573740036117,False,False,False,True,True,True,True,False,True
1,2,58,EEG RG 59-Ref,True,0.21606247077605567,0.22674904507052127,0.0725349056650093,0.13502567840818966,0.02462649247701459,1.231852180013378,False,False,False,True,True,True,True,False,True
1,2,59,EEG RG 60-Ref,False,0.22358474478294788,0.22278743860259614,0.06863101402529875,0.10635762610537343,0.01903542525579643,1.1377914472474426,False,False,False,True,True,True,True,False,True
1,2,60,EEG RG 61-Ref,False,0.2601099006386454,0.20857020743338278,0.06753810711317455,0.054584878301982505,0.009412371269961263,1.075792607279766,True,True,True,True,True,True,True,True,True
1,2,61,EEG RG 62-Ref,False,0.3136446709280661,0.23875614095820596,0.06156337282428176,0.07795469252618036,0.003728920627876572,1.2188033099799855,False,True,False,True,True,True,True,False,True
1,2,62,EEG RG 63-Ref,False,0.27850949435912997,0.21720503048148448,0.06536867218127769,0.043224415770037085,0.025942089832317133,1.0064645441458078,True,True,True,True,True,True,True,True,True
1,2,63,EEG RG 64-Ref,False,0.3230892320101993,0.2706815194568367,0.18819883520006342,0.08775637127667887,0.03816511800712043,1.078528366650717,True,True,True,True,True,True,True,True,True
2,0,0,EEG RG 01-Ref,False,0.2844390837385589,0.21853534632662772,0.1920187467448938,0.14885106054023012,0.007522362639644075,1.3478880664051351,True,True,True,True,True,True,True,True,True
2,0,1,EEG RG 02-Ref,True,0.24656435118729148,0.22849573774179727,0.15366761599496945,0.17864578030332215,0.02444275954926363,1.429800253139286,False,False,False,True,True,True,True,False,True
2,0,2,EEG RG 03-Ref,False,0.21518927479105554,0.22573419835366182,0.16029791133450472,0.1837641375500237,0.027666220073576466,1.5443680166853666,False,False,False,True,True,True,True,False,True
2,0,3,EEG RG 04-Ref,False,0.2950267209667987,0.1638966202524867,0.2745852796189839,0.13535239276247216,0.030953180021396645,1.6281684437740203,True,True,True,True,True,True,True,True,True
2,0,4,EEG RG 05-Ref,False,0.2520033899955049,0.18091582494498762,0.21421528558218908,0.1431164726245732,0.03167969713831081,1.5299363073181345,True,True,True,True,True,True,True,True,True
2,0,5,EEG RG 06-Ref,False,0.24763373357066462,0.21986865605225717,0.18304448856022495,0.17000923307429522,0.030719638451834105,1.4946287018806885,True,True,False,True,True,True,True,False,True
2,0,6,EEG RG 07-Ref,False,0.2175280365133591,0.23936637298048313,0.11662677068209545,0.1646680761537709,0.013049504760584365,1.3576916244228423,False,False,False,True,True,True,True,False,True
2,0,7,EEG RG 08-Ref,False,0.21542615241149626,0.25725039035419406,0.0945458415501326,0.18372810051905053,0.01211200907290113,1.3606494762292585,False,False,False,True,True,True,True,False,True
2,0,8,EEG RG 09-Ref,False,0.2688886307448415,0.18922349933623242,0.20909946317339279,0.13342216277640923,0.019910585608894506,1.3948030178638462,True,True,True,True,True,True,True,True,True
2,0,9,EEG RG 10-Ref,False,0.2821389300589097,0.23209052139831196,0.24129005085542443,0.1922984763138785,0.0014256861707399183,1.6571387821569614,True,True,True,True,True,True,True,True,True
2,0,10,EEG RG 11-Ref,False,0.2733301448390638,0.17082697713812556,0.25559590901866275,0.13473324816331128,0.00915717865792403,1.6010650904618924,True,True,True,True,True,True,True,True,True
2,0,11,EEG RG 12-Ref,False,0.3780313635473637,0.16856170376416746,0.3629677845660052,0.13914391593381178,0.01145940053515936,1.8697873542443413,True,True,True,True,True,True,True,True,True
2,0,12,EEG RG 13-Ref,False,0.3032074710952073,0.20194217755616276,0.27702722166856847,0.1646560186558602,0.005407334914523126,1.7222778491888393,True,True,True,True,True,True,True,True,True
2,0,13,EEG RG 14-Ref,True,0.2861945566545646,0.2769310992747693,0.2312152963378993,0.24265247711101717,0.004249240131993819,1.9048952184357915,False,False,False,True,True,True,True,False,True
2,0,14,EEG RG 15-Ref,True,0.262986584343159,0.26189148812849855,0.19628598356557736,0.2085388812953023,0.004952367145290038,1.679695059968799,False,False,False,True,True,True,True,False,True
2,0,15,EEG RG 16-Ref,False,0.20708944758098388,0.23098403929090594,0.1380118835627362,0.17385376443444273,0.0014600791052339227,1.460069685792068,False,False,False,True,True,True,True,False,True
2,0,16,EEG RG 17-Ref,False,0.2899575488045627,0.15863636256213443,0.2611637029289644,0.11950093371103171,0.03253851847764989,1.47615977958272,True,True,True,True,True,True,True,True,True
2,0,17,EEG RG 18-Ref,False,0.34208592815076383,0.09760869706277836,0.32172958215523795,0.06003578630490108,0.014418262842284611,1.3215537481315156,True,True,True,True,True,True,True,True,True
2,0,18,EEG RG 19-Ref,False,0.38087507647629537,0.1168398535731703,0.3687347735305039,0.08203589928436257,0.0001582450348889459,1.498718438255483,True,True,True,True,True,True,True,True,True
2,0,19,EEG RG 20-Ref,True,0.39470729372651947,0.1363842906056052,0.3801758064111021,0.10441444337165641,0.006010969092792976,1.6377639112032987,True,True,True,True,True,True,True,True,True
2,0,20,EEG RG 21-Ref,True,0.33047264190418674,0.16535959826547886,0.3041847168625509,0.13309537578791514,0.01762241006083726,1.5761956546115976,True,True,True,True,True,True,True,True,True
2,0,21,EEG RG 22-Ref,True,0.24835687529721712,0.2631079973270692,0.18008633732181847,0.2291881613653176,0.024511438256282832,1.6762088715838224,False,False,False,True,True,True,True,False,True
2,0,22,EEG RG 23-Ref,False,0.20487935154643855,0.29859143811485,0.10873591321908226,0.24502992281308775,0.0004440748040824725,1.6798203271142307,False,False,False,True,True,True,True,False,True
2,0,23,EEG RG 24-Ref,False,0.1923147526433384,0.25955851058155277,0.08367510680128254,0.18665567178342687,0.00586143505070771,1.4532117857739768,False,False,False,True,True,True,True,False,True
2,0,24,EEG RG 25-Ref,False,0.28932303483023347,0.10033741504176774,0.27788616439938674,0.06205724534663725,0.008922394978225423,1.3496390518027641,True,True,True,True,True,True,True,True,True
2,0,25,EEG RG 26-Ref,True,0.33776847077977756,0.06567154266976608,0.3280670871260502,0.03430445587374491,0.00424201480679656,1.2342935388698115,True,True,True,True,True,True,True,True,True
2,0,26,EEG RG 27-Ref,True,0.3529111882729327,0.07582237481013733,0.34139816648730426,0.033629222071983086,0.0035850108233428683,1.1849255760539372,True,True,True,True,True,True,True,True,True
2,0,27,EEG RG 28-Ref,True,0.34424581463683473,0.10261089428631079,0.3270228621606533,0.058543458167866595,0.002749981785307636,1.283538358147512,True,True,True,True,True,True,True,True,True
2,0,28,EEG RG 29-Ref,True,0.29480506678156543,0.157945121227413,0.2629693400606521,0.11028042263621379,0.02177692419629718,1.3894786321592898,True,True,True,True,True,True,True,True,True
2,0,29,EEG RG 30-Ref,True,0.21584691763399033,0.22928863315305714,0.1347068828479775,0.18029901203527599,0.003820776337857635,1.4890960755884246,False,False,False,True,True,True,True,False,True
2,0,30,EEG RG 31-Ref,True,0.20451594826122324,0.2993900068447443,0.06300894621322878,0.23684103200039025,0.010715732829956094,1.5632472827776838,False,False,False,True,True,True,True,False,True
2,0,31,EEG RG 32-Ref,False,0.20458181342604212,0.3012692498272172,0.04188543857888621,0.22082714285477487,0.018033217625915837,1.4602987520346817,False,False,False,True,True,True,True,False,True
2,0,32,EEG RG 33-Ref,False,0.24881745256633242,0.1991163811043177,0.21267510131398157,0.16515505126005403,0.006936886681872184,1.5335507964852664,True,True,True,True,True,True,True,True,True
2,0,33,EEG RG 34-Ref,True,0.28444634570408095,0.12161064897519479,0.25353951942865394,0.06576626289935558,0.014075797160533511,1.2048241071326127,True,True,True,True,True,True,True,True,True
2,0,34,EEG RG 35-Ref,True,0.3105429735783529,0.09977924168013702,0.29397613839513614,0.03240199256243893,0.009421563373344093,1.098081878340378,True,True,True,True,True,True,True,True,True
2,0,35,EEG RG 36-Ref,True,0.3078103957252306,0.10977617189740772,0.2850558449776398,0.04434642126994941,0.0010144621279106222,1.1759305842124665,True,True,True,True,True,True,True,True,True
2,0,36,EEG RG 37-Ref,True,0.25952419468004906,0.1559689140597992,0.2199139813847483,0.0953947585239762,0.017030264441928098,1.3077868087560192,True,True,True,True,True,True,True,True,True
2,0,37,EEG RG 38-Ref,True,0.21302451898602023,0.1952447620761903,0.13254828834337315,0.13163780629271668,0.017679706813159092,1.326421070653955,True,False,False,True,True,True,True,False,True
2,0,38,EEG RG 39-Ref,True,0.21517453570831746,0.2595241378255779,0.0790601757606972,0.19717455166487077,0.024171931603751303,1.44207357461008,False,False,False,True,True,True,True,False,True
2,0,39,EEG RG 40-Ref,False,0.2308073579914129,0.3039689760636206,0.042735499445343154,0.2110721237544107,0.016969674032460663,1.4040534410745436,False,False,False,True,True,True,True,False,True
2,0,40,EEG RG 41-Ref,False,0.22912884928411043,0.1824595290346182,0.19330630296281678,0.14149696608730294,0.0037796832768490843,1.4863760738302445,True,True,True,True,True,True,True,True,True
2,0,41,EEG RG 42-Ref,True,0.2698110155426593,0.1701091827315985,0.182667090568571,0.08219067959652236,0.009218123593742316,1.1741392045030539,True,True,True,True,True,True,True,True,True
2,0,42,EEG RG 43-Ref,True,0.2536912787885435,0.15528451663995568,0.19289696247944507,0.06958449035074737,0.024365175724446516,1.1247054928685258,True,True,True,True,True,True,True,True,True
2,0,43,EEG RG 44-Ref,True,0.23531689505401227,0.14047315217553893,0.18902106561865123,0.03530186255004276,0.021248654289694004,1.06684949442092,True,True,True,True,True,True,True,True,True
2,0,44,EEG RG 45-Ref,True,0.216394291974854,0.15935711533867233,0.15959750144691404,0.0923003203902454,0.039722299669341064,1.2339866870383418,True,True,True,True,True,True,True,True,True
2,0,45,EEG RG 46-Ref,True,0.21563044274005544,0.18309262127493958,0.12502418719595002,0.11117051881234422,0.012051733244510204,1.2608427278977754,True,True,True,True,True,True,True,True,True
2,0,46,EEG RG 47-Ref,True,0.22112701396569392,0.22286648903251852,0.10823673172401152,0.15118106462361056,0.003582291326499286,1.3563463049775948,False,False,False,True,True,True,True,False,True
2,0,47,EEG RG 48-Ref,False,0.209669365138845,0.2665835816242939,0.05706122600315916,0.19838022147197243,0.001995391439348065,1.435684403855069,False,False,False,True,True,True,True,False,True
2,0,48,EEG RG 49-Ref,True,0.26341159746712833,0.23555617235501336,0.09740164532372132,0.13431444011090268,0.006841385725391171,1.257303486884095,False,True,False,True,True,True,True,False,True
2,0,49,EEG RG 50-Ref,True,0.2734485805238947,0.23938044216729334,0.13052087112396643,0.1517315690690117,0.0010118475526745762,1.2914679390950083,False,True,False,True,True,True,True,False,True
2,0,50,EEG RG 51-Ref,True,0.2484948095026148,0.1945267894343793,0.12120439158531546,0.07817645121519967,0.004452282486005505,1.1258018132143763,True,True,True,True,True,True,True,True,True
2,0,51,EEG RG 52-Ref,True,0.21568535460895447,0.17629795155406638,0.09911070220245165,0.037751425145892796,0.026157987131855045,1.0085219462174493,True,True,True,True,True,True,True,True,True
2,0,52,EEG RG 53-Ref,True,0.18856744111517532,0.1584176195837412,0.08565103075078452,0.04074754138054067,0.008737228955852386,1.0399621286418386,True,True,True,True,True,True,True,True,True
2,0,53,EEG RG 54-Ref,True,0.21466613751636782,0.1850374242501935,0.07403464934216625,0.07807864702404653,0.011698302986304768,1.125647513993612,False,True,False,True,True,True,True,False,True
2,0,54,EEG RG 55-Ref,True,0.21159318231681318,0.2101063217300347,0.0462912793488737,0.11744890177506387,0.011022679012495333,1.247708676893619,False,False,False,True,True,True,True,False,True
2,0,55,EEG RG 56-Ref,False,0.21833623335642238,0.22058299322847844,0.07037761877635931,0.09328365176553946,0.010175007330222903,1.1564491234381975,False,False,False,True,True,True,True,False,True
2,0,56,EEG RG 57-Ref,False,0.26406219544277565,0.2614334297149787,0.082573586711972,0.1737357756883543,0.0040780032788174225,1.3227002987619798,False,False,False,True,True,True,True,False,True
2,0,57,EEG RG 58-Ref,False,0.2707865860027197,0.26899398509764183,0.07919785602650797,0.1890494271291891,0.02430019120542637,1.3367813552812449,False,False,False,True,True,True,True,False,True
2,0,58,EEG RG 59-Ref,True,0.2605492189778697,0.2513346999665051,0.09943377972336133,0.15868403484590946,0.019484626663559265,1.2788459847126072,False,False,False,True,True,True,True,False,True
2,0,59,EEG RG 60-Ref,False,0.24725602044718345,0.25068849171160573,0.09687095035070097,0.13339882286567575,0.02870298889569295,1.17850272159272,False,False,False,True,True,True,True,False,True
2,0,60,EEG RG 61-Ref,False,0.241171540546097,0.22877308492808013,0.07194868583408486,0.07537729220574808,0.02777507205445039,1.0275412153517098,False,False,False,True,True,True,True,False,True
2,0,61,EEG RG 62-Ref,False,0.25800372981105557,0.23544356639024963,0.07997277282745587,0.07211986971986153,0.014663246000637242,1.1420944413666387,True,False,False,True,True,True,True,False,True
2,0,62,EEG RG 63-Ref,False,0.2442736535997527,0.21177509991901855,0.07411958473959034,0.054451686611465704,0.00817870975884688,1.0363829746189837,True,True,True,True,True,True,True,True,True
2,0,63,EEG RG 64-Ref,False,0.30672888649666963,0.2707126597347571,0.21906977195030236,0.10213621340294352,0.021946989276783586,1.1095489009809567,True,True,True,True,True,True,True,True,True
2,1,0,EEG RG 01-Ref,False,0.2711024345820146,0.22968686354666212,0.18019583092667493,0.16351572635481548,0.008755381778628467,1.3788819452832743,True,True,False,True,True,True,True,False,True
2,1,1,EEG RG 02-Ref,True,0.23622344016511182,0.24627391887724612,0.14882471192213118,0.19832556855567676,0.025408129614462507,1.4914198312458307,False,False,False,True,True,True,True,False,True
2,1,2,EEG RG 03-Ref,False,0.22535600037828243,0.23986441295325056,0.17924912627727008,0.2019128982541331,0.026221289405485338,1.6043850514270839,False,False,False,True,True,True,True,False,True
2,1,3,EEG RG 04-Ref,False,0.30520198280725824,0.16759220525826926,0.28314317691752,0.13885516235079906,0.031793007766463176,1.636676144371735,True,True,True,True,True,True,True,True,True
2,1,4,EEG RG 05-Ref,False,0.240250266021564,0.1783901720978385,0.2022839839343357,0.14123446800194422,0.03343908610072089,1.5099774420398766,True,True,True,True,True,True,True,True,True
2,1,5,EEG RG 06-Ref,False,0.2381833245586147,0.2302508923430436,0.17307376073563985,0.18293414523813442,0.03256726761127509,1.5442281776018951,False,False,False,True,True,True,True,False,True
2,1,6,EEG RG 07-Ref,False,0.21644691309915445,0.24718613610193002,0.10418055585617535,0.17178285108213578,0.014999706225202485,1.3927248400042425,False,False,False,True,True,True,True,False,True
2,1,7,EEG RG 08-Ref,False,0.19910214529913275,0.25544570443708675,0.07404478846397905,0.17106978194586694,0.013652229124450695,1.3576432966807657,False,False,False,True,True,True,True,False,True
2,1,8,EEG RG 09-Ref,False,0.26678338055801365,0.1948495261452168,0.20820315374870543,0.1387753658635139,0.021515824387787038,1.413823663892198,True,True,True,True,True,True,True,True,True
2,1,9,EEG RG 10-Ref,False,0.2734349179599429,0.2470189605162863,0.22928685641407515,0.20647408519547933,0.003970756624774802,1.7205975519076413,True,False,False,True,True,True,True,False,True
2,1,10,EEG RG 11-Ref,False,0.2689939743850219,0.17869010132210006,0.24920061641751115,0.14185128897431687,0.007420311163640088,1.635031506547521,True,True,True,True,True,True,True,True,True
2,1,11,EEG RG 12-Ref,False,0.34785499587868196,0.16375202588067514,0.3322288322788766,0.13013235655042246,0.013407881764156259,1.8178984260240227,True,True,True,True,True,True,True,True,True
2,1,12,EEG RG 13-Ref,False,0.2760318666001569,0.19919282504811864,0.24907790341204308,0.15964161514937658,0.0065368420867547425,1.6950515523938576,True,True,True,True,True,True,True,True,True
2,1,13,EEG RG 14-Ref,True,0.2725853753370388,0.2699550777502628,0.2137013043127457,0.238766516214671,0.0033719415191616475,1.894661595633861,False,False,False,True,True,True,True,False,True
2,1,14,EEG RG 15-Ref,True,0.24765788742680525,0.2635368356363821,0.17700051872289438,0.20978380038270644,0.0030314777132582015,1.6883314869830217,False,False,False,True,True,True,True,False,True
2,1,15,EEG RG 16-Ref,False,0.19540497792345143,0.2355203723123198,0.12082007379999743,0.1703361353790738,0.0032734971828672957,1.4679540478197177,False,False,False,True,True,True,True,False,True
2,1,16,EEG RG 17-Ref,False,0.28084637884522073,0.1625212064817303,0.24885748138895325,0.1233790118385346,0.03320448427927462,1.4885888867433439,True,True,True,True,True,True,True,True,True
2,1,17,EEG RG 18-Ref,False,0.31157466631824643,0.09817689136469486,0.2920568463606344,0.0626069309235543,0.015614625167825117,1.3430267943332292,True,True,True,True,True,True,True,True,True
2,1,18,EEG RG 19-Ref,False,0.33739873407411036,0.1120433114596798,0.3240350492242636,0.07249790319519837,0.0011174086083613115,1.4526530615009843,True,True,True,True,True,True,True,True,True
2,1,19,EEG RG 20-Ref,True,0.35272187135796124,0.13199438850299278,0.3391373953588905,0.09806368430422982,0.004646580313731918,1.5958864125111385,True,True,True,True,True,True,True,True,True
2,1,20,EEG RG 21-Ref,True,0.3052670572886455,0.16415930506235754,0.28432642701699234,0.13353286696610348,0.01788579453320219,1.58094084474094,True,True,True,True,True,True,True,True,True
2,1,21,EEG RG 22-Ref,True,0.24361125822291568,0.2587166517975482,0.17518484441983845,0.22591298459709422,0.025580503905456246,1.6549526980676215,False,False,False,True,True,True,True,False,True
2,1,22,EEG RG 23-Ref,False,0.19797338591518915,0.27588756871510767,0.08904485009813903,0.21026742585069022,0.0008536422191939683,1.60312486224504,False,False,False,True,True,True,True,False,True
2,1,23,EEG RG 24-Ref,False,0.18049740997831384,0.23528420478906073,0.05676667304736558,0.14477592454771107,0.005536975569124373,1.3582803978107363,False,False,False,True,True,True,True,False,True
2,1,24,EEG RG 25-Ref,False,0.2734632673741364,0.10676730714240726,0.2641348846849392,0.06964058340458538,0.00893041131864927,1.393361177946147,True,True,True,True,True,True,True,True,True
2,1,25,EEG RG 26-Ref,True,0.2984891586687729,0.06619683660797711,0.29073415323656504,0.03578400151073388,0.004455011823554456,1.2257420683095677,True,True,True,True,True,True,True,True,True
2,1,26,EEG RG 27-Ref,True,0.32588144239236233,0.07574089809443971,0.31656123431966393,0.03256657001070781,0.004511863623967448,1.1736794178398644,True,True,True,True,True,True,True,True,True
2,1,27,EEG RG 28-Ref,True,0.33008708288790767,0.1022174236648826,0.317466420457251,0.05656286572947393,0.0019311397744034603,1.275849386502755,True,True,True,True,True,True,True,True,True
2,1,28,EEG RG 29-Ref,True,0.2987510882693337,0.15545220580983607,0.2730598062865588,0.10742697554583724,0.023003840361744896,1.3888207094579805,True,True,True,True,True,True,True,True,True
2,1,29,EEG RG 30-Ref,True,0.22662773630731484,0.22484261483293744,0.14575258803653596,0.17613008679913522,0.005779874843951448,1.4826997839570366,False,False,False,True,True,True,True,False,True
2,1,30,EEG RG 31-Ref,True,0.2087765166445234,0.2807412641231751,0.053535974954018996,0.20898928517775717,0.008521963122973025,1.5039194725676768,False,False,False,True,True,True,True,False,True
2,1,31,EEG RG 32-Ref,False,0.20655121541406135,0.27321092511305595,0.04608097790359048,0.17504520954392902,0.016122486389994334,1.3647851232972947,False,False,False,True,True,True,True,False,True
2,1,32,EEG RG 33-Ref,False,0.2114657495416312,0.20573418501281895,0.16406225811522754,0.17062068101972588,0.004409959594101986,1.554196641403062,False,False,False,True,True,True,True,False,True
2,1,33,EEG RG 34-Ref,True,0.25577489713326923,0.12120055478463397,0.22328897871905987,0.07100398308535096,0.01587247046234905,1.216496790725383,True,True,True,True,True,True,True,True,True
2,1,34,EEG RG 35-Ref,True,0.29643600872110654,0.09966511230925196,0.2784702278140839,0.038451998801262176,0.010484115927141933,1.1054774381990957,True,True,True,True,True,True,True,True,True
2,1,35,EEG RG 36-Ref,True,0.30606037304133543,0.10898384356895657,0.2826555034884316,0.03628632959129406,0.000321167745066721,1.1520836649158652,True,True,True,True,True,True,True,True,True
2,1,36,EEG RG 37-Ref,True,0.2738183651145719,0.15002658138476585,0.23232058142702133,0.08367866402167413,0.018369592249779847,1.2861636166740789,True,True,True,True,True,True,True,True,True
2,1,37,EEG RG 38-Ref,True,0.23302234970934915,0.18945547785277284,0.14798735396186266,0.12632488434927244,0.015360080803332973,1.323255393888025,True,True,True,True,True,True,True,True,True
2,1,38,EEG RG 39-Ref,True,0.2246204154242414,0.25803717412101806,0.08081448077867148,0.19112205601094312,0.02372752703742069,1.443173661073183,False,False,False,True,True,True,True,False,True
2,1,39,EEG RG 40-Ref,False,0.24180697755084032,0.2786868185999377,0.04779610493277739,0.17540770052805796,0.014979255062009226,1.3411622846552114,False,False,False,True,True,True,True,False,True
2,1,40,EEG RG 41-Ref,False,0.2073973842962086,0.17830240779226345,0.1705767190498318,0.13619281636487265,0.005583735993244121,1.4694876024249157,True,True,True,True,True,True,True,True,True
2,1,41,EEG RG 42-Ref,True,0.2365198720186446,0.16877877068323816,0.13246197470886992,0.08513109814657288,0.008078136478891237,1.1736457271569471,True,True,True,True,True,True,True,True,True
2,1,42,EEG RG 43-Ref,True,0.21972560547274467,0.15469767643841695,0.15195459230006939,0.07800551957030673,0.025933209842304905,1.1397785861567067,True,True,True,True,True,True,True,True,True
2,1,43,EEG RG 44-Ref,True,0.20960259784541094,0.1372406884054693,0.15839606327054426,0.03497718107669037,0.02255629266321988,1.0651640258587642,True,True,True,True,True,True,True,True,True
2,1,44,EEG RG 45-Ref,True,0.20970878879330135,0.15375636134662501,0.14976052125068007,0.07662261340023106,0.03897980659296047,1.2130909014915887,True,True,True,True,True,True,True,True,True
2,1,45,EEG RG 46-Ref,True,0.21860904700967212,0.1756431433292638,0.12467102957418835,0.09985528308343318,0.009948126925163538,1.2454133285566205,True,True,True,True,True,True,True,True,True
2,1,46,EEG RG 47-Ref,True,0.2210062618455618,0.21475073280604648,0.10543448221811204,0.14468409474985566,0.004994300561016931,1.3390053676000697,False,False,False,True,True,True,True,False,True
2,1,47,EEG RG 48-Ref,False,0.20520230237353623,0.2598480460798195,0.051444662835868474,0.18328120695084435,0.002901690096513317,1.4007969517067895,False,False,False,True,True,True,True,False,True
2,1,48,EEG RG 49-Ref,True,0.26246735861748793,0.22868649298251992,0.06501066233813234,0.11826028988694999,0.007124583889208509,1.229634841418887,False,True,False,True,True,True,True,False,True
2,1,49,EEG RG 50-Ref,True,0.25483329180399594,0.2312109104593808,0.07949053142005195,0.14630177302126512,0.001541856745764005,1.2748473695703129,False,False,False,True,True,True,True,False,True
2,1,50,EEG RG 51-Ref,True,0.21975523973299183,0.1969076082904637,0.05312901983968658,0.09014020995045621,0.00466657117117531,1.1267077613262328,False,True,False,True,True,True,True,False,True
2,1,51,EEG RG 52-Ref,True,0.1889158043176809,0.1754927113531332,0.03895826748257978,0.04986124609470477,0.02717511845396561,1.0137497889654625,False,False,False,True,True,True,True,False,True
2,1,52,EEG RG 53-Ref,True,0.16912914699593404,0.15896449333461937,0.03902876458460814,0.04158894910764411,0.006483041427730656,1.0368412606271735,False,False,False,True,True,True,True,False,True
2,1,53,EEG RG 54-Ref,True,0.19770163274369623,0.1777397572913505,0.049934845246081674,0.0674290330906269,0.00965363631364105,1.113035702273322,False,True,False,True,True,True,True,False,True
2,1,54,EEG RG 55-Ref,True,0.19896669614065438,0.2118371903716128,0.03935790020191524,0.11060979829110013,0.00917056197508749,1.2401543129610288,False,False,False,True,True,True,True,False,True
2,1,55,EEG RG 56-Ref,False,0.21127108657638008,0.21805556791334021,0.07976901631161448,0.06919222442543382,0.007644568296675709,1.1209011014459584,False,False,True,True,True,True,True,False,True
2,1,56,EEG RG 57-Ref,False,0.2641505079810631,0.2523980880187105,0.062331014914801065,0.1521601273325078,0.004300857625810408,1.2845105129916599,False,False,False,True,True,True,True,False,True
2,1,57,EEG RG 58-Ref,False,0.26655707512920934,0.2528638685904553,0.05646547248490764,0.17223925704648996,0.02409499952239683,1.3106104493730522,False,False,False,True,True,True,True,False,True
2,1,58,EEG RG 59-Ref,True,0.24667548699837497,0.2535680315324191,0.045253122196671214,0.1552140219555742,0.019788221531145882,1.258513240530179,False,False,False,True,True,True,True,False,True
2,1,59,EEG RG 60-Ref,False,0.23127174433631942,0.2604423470373401,0.04285993826101744,0.13636531435503577,0.03001117267232277,1.1736255461425806,False,False,False,True,True,True,True,False,True
2,1,60,EEG RG 61-Ref,False,0.2274148113425799,0.23012933702736177,0.06265698461944237,0.0698907923330235,0.030709856463405,1.0462161749139514,False,False,False,True,True,True,True,False,True
2,1,61,EEG RG 62-Ref,False,0.26516154189659535,0.22958530385748926,0.10911448087736317,0.07252753789672704,0.01764017252161584,1.1696810976376126,True,True,True,True,True,True,True,True,True
2,1,62,EEG RG 63-Ref,False,0.2358150010173352,0.20989736787665703,0.08198053065937927,0.04255593758035253,0.0055506343050050165,1.014297798818851,True,True,True,True,True,True,True,True,True
2,1,63,EEG RG 64-Ref,False,0.31922429956959314,0.2478867722261553,0.2404540484475302,0.051632723846330955,0.01912578442714804,1.0261308974003052,True,True,True,True,True,True,True,True,True
2,2,0,EEG RG 01-Ref,False,0.24751779917389033,0.22094017138263292,0.1532756778783111,0.15170307528334756,0.009713705801342067,1.3519942228799808,True,True,False,True,True,True,True,False,True
2,2,1,EEG RG 02-Ref,True,0.22096124783755622,0.23443593319482053,0.12712451816841416,0.1839874914881538,0.026662993109698746,1.4548227490059504,False,False,False,True,True,True,True,False,True
2,2,2,EEG RG 03-Ref,False,0.23228768064011576,0.25981913769028764,0.19240943850285824,0.22377246117457766,0.027346669068157976,1.6742213213407688,False,False,False,True,True,True,True,False,True
2,2,3,EEG RG 04-Ref,False,0.3013569755602654,0.16476051551385967,0.2807166851908772,0.13136819110971504,0.0344682224525054,1.6149181539034265,True,True,True,True,True,True,True,True,True
2,2,4,EEG RG 05-Ref,False,0.24028408708184762,0.1838359338248766,0.20151077705402734,0.14942338889901352,0.03465161625455808,1.5525497840785163,True,True,True,True,True,True,True,True,True
2,2,5,EEG RG 06-Ref,False,0.23700094218335488,0.23328700801469862,0.17509953208733237,0.18949447855510368,0.0332237988559712,1.5719190473736626,False,False,False,True,True,True,True,False,True
2,2,6,EEG RG 07-Ref,False,0.21427431605763497,0.25379354306744334,0.09900228658289292,0.1719133809091807,0.014892891297472457,1.3964609670508152,False,False,False,True,True,True,True,False,True
2,2,7,EEG RG 08-Ref,False,0.19277494658434452,0.2563478420062008,0.05743921835596059,0.1682245394866182,0.013213295693499084,1.338908711344219,False,False,False,True,True,True,True,False,True
2,2,8,EEG RG 09-Ref,False,0.2542949135891802,0.1932039272610956,0.19098978331058078,0.13519824690888022,0.021538814128337462,1.4102761267927073,True,True,True,True,True,True,True,True,True
2,2,9,EEG RG 10-Ref,False,0.266972114320366,0.24762812767852188,0.2272333397104688,0.20811067457137614,0.0037924068864945465,1.735694371525377,True,False,False,True,True,True,True,False,True
2,2,10,EEG RG 11-Ref,False,0.2982375300540896,0.19100291478512071,0.28016669394553034,0.15738882235193663,0.007596333003448245,1.731123919953997,True,True,True,True,True,True,True,True,True
2,2,11,EEG RG 12-Ref,False,0.3737912677619672,0.16486641586582834,0.3584868433223437,0.13378021776729987,0.014467085649672527,1.8429479176720422,True,True,True,True,True,True,True,True,True
2,2,12,EEG RG 13-Ref,False,0.2899136603828241,0.20270427918198236,0.26378295983284916,0.16690955437180094,0.008241399188582882,1.7448870254617177,True,True,True,True,True,True,True,True,True
2,2,13,EEG RG 14-Ref,True,0.26997336506813563,0.2781187591095715,0.20955575639396623,0.24756759809655643,0.0013298517923533827,1.960000208351399,False,False,False,True,True,True,True,False,True
2,2,14,EEG RG 15-Ref,True,0.24715674100024684,0.2627850262201433,0.176682186222532,0.2159669930961657,0.002713457831600411,1.7157081371500706,False,False,False,True,True,True,True,False,True
2,2,15,EEG RG 16-Ref,False,0.18691364159002277,0.23705112102973097,0.10041523962043622,0.17719787972088347,0.0032301401719495716,1.4782910332713488,False,False,False,True,True,True,True,False,True
2,2,16,EEG RG 17-Ref,False,0.29965684937716436,0.1633115361746483,0.26746589767176066,0.12660757656448987,0.03378425169706836,1.493014977688015,True,True,True,True,True,True,True,True,True
2,2,17,EEG RG 18-Ref,False,0.3191089096084584,0.09852560966977253,0.2978092882317206,0.06308065055140516,0.014696917832791248,1.3491707215060547,True,True,True,True,True,True,True,True,True
2,2,18,EEG RG 19-Ref,False,0.35593326579182083,0.10954777045577282,0.3424385886175994,0.06962912325002457,0.0009254014632832798,1.4379372574909393,True,True,True,True,True,True,True,True,True
2,2,19,EEG RG 20-Ref,True,0.368165080225448,0.1316158682954634,0.35243741590844413,0.09793626475487656,0.005010015319368231,1.6098130265894952,True,True,True,True,True,True,True,True,True
2,2,20,EEG RG 21-Ref,True,0.30929956850852147,0.171017738067798,0.28417403672850905,0.14151570811897543,0.01763256926296696,1.621622199473657,True,True,True,True,True,True,True,True,True
2,2,21,EEG RG 22-Ref,True,0.24631317803157432,0.2595910254694597,0.18339944845224523,0.22558332750469962,0.023977815225683694,1.6601432813639536,False,False,False,True,True,True,True,False,True
2,2,22,EEG RG 23-Ref,False,0.1991310279281647,0.2705331689732324,0.10139618881269996,0.21236030645810297,0.0007565571337331441,1.6109981732849763,False,False,False,True,True,True,True,False,True
2,2,23,EEG RG 24-Ref,False,0.1769796316754815,0.23841566466556727,0.05532012889221792,0.15998462012796075,0.005930451721440018,1.4018360757093442,False,False,False,True,True,True,True,False,True
2,2,24,EEG RG 25-Ref,False,0.2926239980902036,0.10645223276408329,0.28391954621584403,0.06995633622176721,0.0076706415204679905,1.375407288292121,True,True,True,True,True,True,True,True,True
2,2,25,EEG RG 26-Ref,True,0.3016761371871402,0.06662672226172271,0.29220250216410054,0.034208270347527235,0.004233936771730773,1.228276751038253,True,True,True,True,True,True,True,True,True
2,2,26,EEG RG 27-Ref,True,0.3292755007146425,0.07551703657370841,0.3181382300256818,0.03165587421981821,0.004691281651442104,1.1861466009637367,True,True,True,True,True,True,True,True,True
2,2,27,EEG RG 28-Ref,True,0.329206462599862,0.10536921766596397,0.31138386318939476,0.05983805729710762,0.002542617167375296,1.3084010656043814,True,True,True,True,True,True,True,True,True
2,2,28,EEG RG 29-Ref,True,0.2967150633548434,0.15868342238894584,0.2664245131933723,0.11379353711124786,0.022696671414676413,1.4147993618218062,True,True,True,True,True,True,True,True,True
2,2,29,EEG RG 30-Ref,True,0.2324680326874314,0.21745113061340207,0.16000959203754878,0.16631787783737648,0.004390525031697145,1.455190449245107,False,False,False,True,True,True,True,False,True
2,2,30,EEG RG 31-Ref,True,0.20887291051362716,0.2714886147163536,0.0683287332556589,0.20149774303338713,0.010178355649642756,1.497857014376796,False,False,False,True,True,True,True,False,True
2,2,31,EEG RG 32-Ref,False,0.19883548149637076,0.27749384192202625,0.04481915644781296,0.1831633698103672,0.01756187542990373,1.4023316241702029,False,False,False,True,True,True,True,False,True
2,2,32,EEG RG 33-Ref,False,0.2161216435785949,0.1985212921628214,0.174873957492723,0.1658552721059521,0.003881310350783309,1.5469365748861195,True,False,False,True,True,True,True,False,True
2,2,33,EEG RG 34-Ref,True,0.2646065984731821,0.12034168116454998,0.2321008203638303,0.062112709405821524,0.015330252563094733,1.1952638348614053,True,True,True,True,True,True,True,True,True
2,2,34,EEG RG 35-Ref,True,0.2974676717300584,0.09980502696354392,0.2781429623653967,0.03348021187996611,0.010298372580155481,1.0956615621318322,True,True,True,True,True,True,True,True,True
2,2,35,EEG RG 36-Ref,True,0.30136925530737363,0.11002256304406802,0.2768678281739039,0.04166250633121274,0.0010052748809482536,1.1705944933606633,True,True,True,True,True,True,True,True,True
2,2,36,EEG RG 37-Ref,True,0.2676229353470598,0.14942562369542575,0.22874561760218032,0.08505736268108999,0.018124110905642685,1.2890238152178233,True,True,True,True,True,True,True,True,True
2,2,37,EEG RG 38-Ref,True,0.2347234679926634,0.18585710845552425,0.15641403976758902,0.11849337617899773,0.016990277355449022,1.2961904407228886,True,True,True,True,True,True,True,True,True
2,2,38,EEG RG 39-Ref,True,0.23361953919129014,0.24786223273717814,0.0951473347334131,0.17612601713977324,0.023846402215214658,1.4007310246821172,False,False,False,True,True,True,True,False,True
2,2,39,EEG RG 40-Ref,False,0.23487698478404553,0.27130840962093505,0.04764885864258068,0.17347750742526333,0.01646879116859735,1.3349734628901302,False,False,False,True,True,True,True,False,True
2,2,40,EEG RG 41-Ref,False,0.21521742083512876,0.18147738728631863,0.17789288315302423,0.13681457123594598,0.005022404075684641,1.4801438556279065,True,True,True,True,True,True,True,True,True
2,2,41,EEG RG 42-Ref,True,0.2513297787725526,0.16404181037709803,0.1539289011661605,0.07525803208902421,0.009120971163133302,1.1571736379742321,True,True,True,True,True,True,True,True,True
2,2,42,EEG RG 43-Ref,True,0.23369464493770103,0.15106641493929054,0.1704485156466095,0.06669088005381793,0.02376445650120253,1.116103411802178,True,True,True,True,True,True,True,True,True
2,2,43,EEG RG 44-Ref,True,0.22069115331457667,0.13592535921718454,0.1754790169505651,0.035025854359066515,0.020190963764788166,1.0594487851731078,True,True,True,True,True,True,True,True,True
2,2,44,EEG RG 45-Ref,True,0.2195358399511849,0.15271139803748948,0.16786194173714555,0.08487691727923599,0.03811761977301705,1.2116655642293679,True,True,True,True,True,True,True,True,True
2,2,45,EEG RG 46-Ref,True,0.2276496336268558,0.17566402829676908,0.1407617896075756,0.09689598428468696,0.010450888857158292,1.2321942869302374,True,True,True,True,True,True,True,True,True
2,2,46,EEG RG 47-Ref,True,0.229890242005906,0.21140298795054852,0.11909108123817527,0.13828997565173468,0.005016924280198001,1.3331750400873608,False,False,False,True,True,True,True,False,True
2,2,47,EEG RG 48-Ref,False,0.20980154954991284,0.25368702202047166,0.06111526652432106,0.18222835739781046,0.0026370007842066627,1.4016106925370286,False,False,False,True,True,True,True,False,True
2,2,48,EEG RG 49-Ref,True,0.26847494432838465,0.22704788788587663,0.0730776851030472,0.11797518233110744,0.006137868732404341,1.2257184314686675,False,True,False,True,True,True,True,False,True
2,2,49,EEG RG 50-Ref,True,0.2618151901094974,0.22702538854353146,0.0973194779076235,0.1358073314284209,0.000383418494601169,1.2569835694455045,False,True,False,True,True,True,True,False,True
2,2,50,EEG RG 51-Ref,True,0.22783046338475713,0.1911437932364708,0.08204303161881231,0.07511451835561561,0.005737105755189381,1.0972827265322247,True,True,False,True,True,True,True,False,True
2,2,51,EEG RG 52-Ref,True,0.19463993289561848,0.1737562168195921,0.0676165763523186,0.04220412264742628,0.028362626504565717,1.0015878146083068,True,True,True,True,True,True,True,True,True
2,2,52,EEG RG 53-Ref,True,0.17708162611074826,0.15733404516507227,0.0751599579341232,0.034846687335044646,0.006446204374554715,1.0288046343732837,True,True,True,True,True,True,True,True,True
2,2,53,EEG RG 54-Ref,True,0.21193438113586793,0.17757792919352677,0.07737976628204556,0.06662472384617692,0.009505955047450727,1.1177890976123253,True,True,True,True,True,True,True,True,True
2,2,54,EEG RG 55-Ref,True,0.2063925322981122,0.20847963660169097,0.043986398146389716,0.11632840636431074,0.00912701037251936,1.2434514048005605,False,False,False,True,True,True,True,False,True
2,2,55,EEG RG 56-Ref,False,0.21596907201213875,0.21357383414030384,0.08190166025886834,0.08015982967665833,0.0077577795294911985,1.1151071521318487,True,False,False,True,True,True,True,False,True
2,2,56,EEG RG 57-Ref,False,0.2659621372168829,0.2432488775891462,0.06922273451871638,0.1438099079437636,0.005570762566473685,1.2721506998605754,False,False,False,True,True,True,True,False,True
2,2,57,EEG RG 58-Ref,False,0.2686266038535282,0.24365246222531253,0.06335165152405342,0.16201692084738967,0.025830078021215255,1.2908310371700014,False,False,False,True,True,True,True,False,True
2,2,58,EEG RG 59-Ref,True,0.24859473131755142,0.24100343540169414,0.06563712200471516,0.13504139756880254,0.02173314831808136,1.2220066898963091,False,False,False,True,True,True,True,False,True
2,2,59,EEG RG 60-Ref,False,0.23438680079786572,0.24595380564162964,0.0653590043029313,0.11237354530233772,0.031059113549616102,1.1182861755669686,False,False,False,True,True,True,True,False,True
2,2,60,EEG RG 61-Ref,False,0.23066931905872465,0.2285491701435056,0.05602214808941092,0.06082244623889585,0.029928078591271265,1.077448603021689,False,False,False,True,True,True,True,False,True
2,2,61,EEG RG 62-Ref,False,0.25218158914451066,0.22263077047864613,0.09046241772592331,0.06128961320489968,0.016358281097447757,1.1291248296621317,True,True,True,True,True,True,True,True,True
2,2,62,EEG RG 63-Ref,False,0.24176432197746167,0.21259252616210597,0.0756910378353144,0.05557734213619313,0.005807126714860999,1.0369189541772479,True,True,True,True,True,True,True,True,True
2,2,63,EEG RG 64-Ref,False,0.3231569275624389,0.2483636521303564,0.23971497041193246,0.08113194462719694,0.01934497745886131,1.0492062595718263,True,True,True,True,True,True,True,True,True
3,0,0,EEG RG 01-Ref,False,0.2839888226749123,0.210362229179439,0.18905098738108683,0.15022223022247536,0.00024362041462963293,1.3342696501081823,True,True,True,True,True,True,True,True,True
3,0,1,EEG RG 02-Ref,True,0.24433836708208018,0.22587254280186883,0.15232223195559672,0.1850068328738308,0.022667535683020865,1.451446779133593,False,False,False,True,True,True,True,False,True
3,0,2,EEG RG 03-Ref,False,0.2222872096259743,0.2299725902459273,0.1834244881467714,0.19754844795332885,0.01661441461640635,1.6036194528303664,False,False,False,True,True,True,True,False,True
3,0,3,EEG RG 04-Ref,False,0.3203387472386833,0.1707446778962055,0.28817269649097593,0.13662862451546198,0.021426853098066873,1.646711189802739,True,True,True,True,True,True,True,True,True
3,0,4,EEG RG 05-Ref,False,0.22920912389958972,0.1872689138759967,0.19870882307135607,0.1490882482217759,0.029404011376876427,1.5608930101672844,True,True,True,True,True,True,True,True,True
3,0,5,EEG RG 06-Ref,False,0.18445652833178522,0.22531759544023494,0.1311391705708546,0.18307139141628498,0.022470925582379474,1.5433050350171924,False,False,False,True,True,True,True,False,True
3,0,6,EEG RG 07-Ref,False,0.1906015060758927,0.23377515544933397,0.07460465064627239,0.1634220803832205,0.02525428671182703,1.3719696132243677,False,False,False,True,True,True,True,False,True
3,0,7,EEG RG 08-Ref,False,0.2247094528164696,0.2528520424936127,0.06352587422241406,0.17425290948541888,0.04300397330525595,1.3545336510276214,False,False,False,True,True,True,True,False,True
3,0,8,EEG RG 09-Ref,False,0.25582914037238663,0.1821127311185666,0.18906429176017775,0.13175193541471827,0.00535044929926338,1.3674357931027616,True,True,True,True,True,True,True,True,True
3,0,9,EEG RG 10-Ref,False,0.25168598450817914,0.21130638621081635,0.2095754149042298,0.17702554289559405,5.5315043696939684e-05,1.6051577749339045,True,True,True,True,True,True,True,True,True
3,0,10,EEG RG 11-Ref,False,0.3017402860691933,0.17925402244241928,0.2723113743728208,0.14104008016538733,0.005832368111510226,1.631844936949116,True,True,True,True,True,True,True,True,True
3,0,11,EEG RG 12-Ref,False,0.3680895137059238,0.15977404319294594,0.3430653743639719,0.12810269218549236,0.0011650896157567572,1.8168286982886697,True,True,True,True,True,True,True,True,True
3,0,12,EEG RG 13-Ref,False,0.29440217896821674,0.19309884256778045,0.2559613076783498,0.1519383590441587,0.018422624571914084,1.6780221357513776,True,True,True,True,True,True,True,True,True
3,0,13,EEG RG 14-Ref,True,0.25473749078954827,0.2625342848835491,0.1996141585032646,0.23162817409950615,0.017085405679065933,1.8578679305647139,False,False,False,True,True,True,True,False,True
3,0,14,EEG RG 15-Ref,True,0.22124395868464214,0.24845680964061992,0.15777372593148936,0.20704972793466567,0.004007640811219293,1.6645028437020624,False,False,False,True,True,True,True,False,True
3,0,15,EEG RG 16-Ref,False,0.2062334016594153,0.2470586104406092,0.1128793146579142,0.18011789714636595,0.04465558757162965,1.494107136437263,False,False,False,True,True,True,True,False,True
3,0,16,EEG RG 17-Ref,False,0.2733054974272017,0.16031575101553927,0.24133338041835758,0.12064486995003947,0.012351104866013866,1.4684619182782757,True,True,True,True,True,True,True,True,True
3,0,17,EEG RG 18-Ref,False,0.40297328205077126,0.10280941496265739,0.3788637898243002,0.06559304207835404,0.00662727886003096,1.3841029064317314,True,True,True,True,True,True,True,True,True
3,0,18,EEG RG 19-Ref,False,0.39124928650791774,0.11453490161181723,0.3718114281477376,0.07452140008788843,0.006689954695204988,1.4709764679165842,True,True,True,True,True,True,True,True,True
3,0,19,EEG RG 20-Ref,True,0.3712749002406212,0.12454697144079759,0.3525279718550757,0.08931546277620477,0.010654458906348151,1.5483405194677524,True,True,True,True,True,True,True,True,True
3,0,20,EEG RG 21-Ref,True,0.2997482740602194,0.164797196643822,0.2676854967593011,0.12920178577707675,0.0262493691380286,1.5561291861552287,True,True,True,True,True,True,True,True,True
3,0,21,EEG RG 22-Ref,True,0.21726723402863007,0.25651736127000624,0.15614661615303216,0.22382285064689356,0.038609130814587826,1.6560650620634858,False,False,False,True,True,True,True,False,True
3,0,22,EEG RG 23-Ref,False,0.19259740889312957,0.2856939646851511,0.12288409343823307,0.23625476131827122,0.005819286580600323,1.6568509735365102,False,False,False,True,True,True,True,False,True
3,0,23,EEG RG 24-Ref,False,0.19947500005036933,0.2547867329233743,0.10319767495976488,0.1734054977896271,0.02622185014268682,1.4189661109131217,False,False,False,True,True,True,True,False,True
3,0,24,EEG RG 25-Ref,False,0.3472322595658753,0.11001968656994189,0.3310440431813771,0.07123825964752352,0.00347783543720619,1.4122865086332272,True,True,True,True,True,True,True,True,True
3,0,25,EEG RG 26-Ref,True,0.3635510907967982,0.07291793954664359,0.34910407830108886,0.040346148962739914,0.002168819022616812,1.2951137748532762,True,True,True,True,True,True,True,True,True
3,0,26,EEG RG 27-Ref,True,0.3448290058990234,0.07627397880449707,0.3301554919227601,0.029729536822414523,0.005371778168909722,1.1689052381390506,True,True,True,True,True,True,True,True,True
3,0,27,EEG RG 28-Ref,True,0.3131949248258732,0.09743085475878152,0.29492199240333977,0.05119157080173611,0.0031160875117676994,1.239811571735814,True,True,True,True,True,True,True,True,True
3,0,28,EEG RG 29-Ref,True,0.26831001278525585,0.14935092419316817,0.2356969967785368,0.10182713886193395,0.025238282536745073,1.3601342158168352,True,True,True,True,True,True,True,True,True
3,0,29,EEG RG 30-Ref,True,0.202908475875268,0.227439502997507,0.13704973837510553,0.18616342156444776,0.011951694102200709,1.503318912791084,False,False,False,True,True,True,True,False,True
3,0,30,EEG RG 31-Ref,True,0.19351064396578652,0.28433123048728165,0.08512153242956974,0.2314024923515758,0.0108145965124653,1.5467590647170202,False,False,False,True,True,True,True,False,True
3,0,31,EEG RG 32-Ref,False,0.19649861335488206,0.2919803550944513,0.051642846115766104,0.20468346217254244,0.02883711461885151,1.4181442956958967,False,False,False,True,True,True,True,False,True
3,0,32,EEG RG 33-Ref,False,0.21947456923324749,0.2206777268559836,0.17814847717756938,0.18694105355507917,0.05119617694326193,1.6041280955862405,False,False,False,True,True,True,True,False,True
3,0,33,EEG RG 34-Ref,True,0.25799699268185616,0.12491637504600442,0.2252819032919794,0.06956975920511951,0.009316224040289305,1.2202117330367455,True,True,True,True,True,True,True,True,True
3,0,34,EEG RG 35-Ref,True,0.2881009420657591,0.09767580773800917,0.26548744104812305,0.0353762274604541,0.00026475183005351597,1.0843523578974898,True,True,True,True,True,True,True,True,True
3,0,35,EEG RG 36-Ref,True,0.2752231778928178,0.10580419100727786,0.25067404711079705,0.03604734834063549,0.0017121548613075591,1.1275824899936757,True,True,True,True,True,True,True,True,True
3,0,36,EEG RG 37-Ref,True,0.2403201902116898,0.14692032840176908,0.19993149627425508,0.08469437002854618,0.021653887317029163,1.28022855171605,True,True,True,True,True,True,True,True,True
3,0,37,EEG RG 38-Ref,True,0.21243012195077127,0.18901291275735485,0.1290976281958239,0.12462996335358294,0.0039043816932471933,1.3219470974307066,True,True,False,True,True,True,True,False,True
3,0,38,EEG RG 39-Ref,True,0.206932339476886,0.24555326439526354,0.07712468149190492,0.18540847947724245,0.008014976335108805,1.4215315489492253,False,False,False,True,True,True,True,False,True
3,0,39,EEG RG 40-Ref,False,0.19500073846073657,0.26304551178588254,0.01416009640070558,0.18573903284900833,0.016129526290965947,1.3518939242245813,False,False,False,True,True,True,True,False,True
3,0,40,EEG RG 41-Ref,False,0.1747488795607159,0.1629181380090369,0.13942394244355608,0.12169946551512782,0.023579180089237296,1.406681224054129,True,False,True,True,True,True,True,False,True
3,0,41,EEG RG 42-Ref,True,0.22005175167896654,0.17487868289726277,0.12932687302022355,0.0966670739368463,0.04218283253190095,1.1965193592768415,True,True,True,True,True,True,True,True,True
3,0,42,EEG RG 43-Ref,True,0.23992657973361203,0.15689149320416698,0.1591991628012456,0.07403138146237877,0.00833166153806923,1.1347812574389136,True,True,True,True,True,True,True,True,True
3,0,43,EEG RG 44-Ref,True,0.23608911865629237,0.13748402647978944,0.16273002870730763,0.040953881712644497,0.021434252431771383,1.0534476296991147,True,True,True,True,True,True,True,True,True
3,0,44,EEG RG 45-Ref,True,0.23163176995513135,0.15820766757868218,0.15642433487295124,0.0857122477210155,0.036505631805343615,1.22333748149033,True,True,True,True,True,True,True,True,True
3,0,45,EEG RG 46-Ref,True,0.22987846845450863,0.1774915340693417,0.12268601196101026,0.09801590129491507,0.004404539103838378,1.245955862442384,True,True,True,True,True,True,True,True,True
3,0,46,EEG RG 47-Ref,True,0.2091048552970704,0.20242969622961368,0.07980878659202033,0.11542465356324817,0.01995781418475203,1.2759540059305394,False,False,False,True,True,True,True,False,True
3,0,47,EEG RG 48-Ref,False,0.19576456260326427,0.23527210699545845,0.014580728708809044,0.1457835589311209,0.016073126379926812,1.3117287863786826,False,False,False,True,True,True,True,False,True
3,0,48,EEG RG 49-Ref,True,0.2049308800658622,0.23417994281710502,0.03542085118060102,0.1342576873619884,0.017240454283261156,1.2570411194971727,False,False,False,True,True,True,True,False,True
3,0,49,EEG RG 50-Ref,True,0.21584507586500135,0.24298522247541618,0.06185310856142573,0.1562523270184264,0.0201408241046647,1.3031295975179655,False,False,False,True,True,True,True,False,True
3,0,50,EEG RG 51-Ref,True,0.22820553989823164,0.19798170738677867,0.07372164951069488,0.08336614632397503,0.011333022238409091,1.1228630503559904,False,True,False,True,True,True,True,False,True
3,0,51,EEG RG 52-Ref,True,0.22929343607085073,0.1796827899017878,0.08136064661752188,0.04470408027478766,0.017108414429447626,1.0001508858383366,True,True,True,True,True,True,True,True,True
3,0,52,EEG RG 53-Ref,True,0.2281346440185831,0.16679613277888042,0.1012010441754702,0.045680075166999866,0.015328113709316351,1.0457939378205203,True,True,True,True,True,True,True,True,True
3,0,53,EEG RG 54-Ref,True,0.231582449955953,0.1750699623184041,0.08152279680528221,0.06681574231178389,0.008473759043779408,1.109462513011748,True,True,True,True,True,True,True,True,True
3,0,54,EEG RG 55-Ref,True,0.1892952999022313,0.19037419294679367,0.032823619795991174,0.08809667443809796,0.013581432968526245,1.1799218575616972,False,False,False,True,True,True,True,False,True
3,0,55,EEG RG 56-Ref,False,0.20779746455541143,0.20689749850392278,0.05723073181033923,0.05680260220694716,0.006634743596404541,1.0663905051617413,True,False,False,True,True,True,True,False,True
3,0,56,EEG RG 57-Ref,False,0.20324394357515269,0.25937161014177135,0.038362589890290746,0.17283474165449988,0.02725867265201322,1.3209307393380345,False,False,False,True,True,True,True,False,True
3,0,57,EEG RG 58-Ref,False,0.20322726020185766,0.27455661240731283,0.04613468508566749,0.19556311307787352,0.045122012263197224,1.350088587209411,False,False,False,True,True,True,True,False,True
3,0,58,EEG RG 59-Ref,True,0.22590277102117698,0.2417533120061642,0.04792884572756762,0.15518188988009576,0.024316659348363273,1.2711907550789423,False,False,False,True,True,True,True,False,True
3,0,59,EEG RG 60-Ref,False,0.22692753689025452,0.24323828907977196,0.058701364593784444,0.13430629057104856,0.019409559864963132,1.1752106816773318,False,False,False,True,True,True,True,False,True
3,0,60,EEG RG 61-Ref,False,0.24949553479011694,0.21892439378515208,0.07549496892039034,0.06406994697205662,0.014212227685801705,1.0287354218676148,True,True,True,True,True,True,True,True,True
3,0,61,EEG RG 62-Ref,False,0.2681650660711183,0.24207048287582397,0.05703142118925407,0.05642564065536728,0.0037348344017286254,1.1529157592110204,True,False,False,True,True,True,True,False,True
3,0,62,EEG RG 63-Ref,False,0.23183498407535197,0.20946210915007601,0.06952269105170929,0.032868807871876855,0.013567340792477572,1.0278269210638027,True,False,True,True,True,True,True,False,True
3,0,63,EEG RG 64-Ref,False,0.31254244270740655,0.25342024421728787,0.20333198826675572,0.06538745417477225,0.025316048445628674,1.018933450396466,True,True,True,True,True,True,True,True,True
3,1,0,EEG RG 01-Ref,False,0.29452925944487995,0.20988699033794345,0.1814665371120129,0.15091280641635202,0.0006391357192657085,1.35089556544056,True,True,True,True,True,True,True,True,True
3,1,1,EEG RG 02-Ref,True,0.25547876656679813,0.22883136795416423,0.1486120509143527,0.18723328022049818,0.023863701147912947,1.4696899882869336,False,True,False,True,True,True,True,False,True
3,1,2,EEG RG 03-Ref,False,0.2113276583702085,0.21498384406700072,0.1649769539906614,0.18391101384939856,0.019129093993770243,1.5752374647305063,False,False,False,True,True,True,True,False,True
3,1,3,EEG RG 04-Ref,False,0.3081639687193983,0.16237917097570279,0.2771205504654179,0.1293666150196555,0.019063107430746577,1.6335069507973938,True,True,True,True,True,True,True,True,True
3,1,4,EEG RG 05-Ref,False,0.21552425269456676,0.1838143989383783,0.182689765169414,0.14690602734784022,0.0290379137085989,1.5413976340318847,True,True,True,True,True,True,True,True,True
3,1,5,EEG RG 06-Ref,False,0.18301788268193198,0.22267958483493241,0.1353293248741881,0.17694799318238197,0.02446861851559501,1.518344075095672,False,False,False,True,True,True,True,False,True
3,1,6,EEG RG 07-Ref,False,0.20368125428144596,0.23899287908967146,0.09370981415670815,0.16855681227802474,0.028233330883546216,1.3785600912627431,False,False,False,True,True,True,True,False,True
3,1,7,EEG RG 08-Ref,False,0.23118365827196088,0.25866686465274596,0.07199071882216786,0.16917676245152136,0.044108851354461624,1.350680243262494,False,False,False,True,True,True,True,False,True
3,1,8,EEG RG 09-Ref,False,0.26322716207011265,0.18622269736617056,0.19387396248890754,0.1355863280481848,0.004067593861069365,1.3903890415317577,True,True,True,True,True,True,True,True,True
3,1,9,EEG RG 10-Ref,False,0.24772850805495059,0.2223895667336657,0.20420058803564384,0.1884391667646839,0.0017862803202911605,1.660800032050971,True,True,False,True,True,True,True,False,True
3,1,10,EEG RG 11-Ref,False,0.2802680311803736,0.1709890064699506,0.24985361399625183,0.13604666185150285,0.007551106447107384,1.6393963983983277,True,True,True,True,True,True,True,True,True
3,1,11,EEG RG 12-Ref,False,0.35548057939636923,0.15842940742388992,0.3285961261963015,0.12467697323681266,0.00033407421802490516,1.7988548228182448,True,True,True,True,True,True,True,True,True
3,1,12,EEG RG 13-Ref,False,0.2795624200645786,0.19685058894001536,0.2362640149589953,0.1551522182455881,0.01640652126965523,1.698607853635491,True,True,True,True,True,True,True,True,True
3,1,13,EEG RG 14-Ref,True,0.25852993918218026,0.2685850611620688,0.19784441181266202,0.23596289427084563,0.013390330640530117,1.9033558228744998,False,False,False,True,True,True,True,False,True
3,1,14,EEG RG 15-Ref,True,0.23934550649074604,0.25685675772049865,0.17760478180578565,0.21921619524626504,0.007027888797512743,1.718134253208118,False,False,False,True,True,True,True,False,True
3,1,15,EEG RG 16-Ref,False,0.21155664256147,0.25576152317583506,0.12179181399726703,0.19622689843674182,0.04389333034333627,1.544662134047261,False,False,False,True,True,True,True,False,True
3,1,16,EEG RG 17-Ref,False,0.28057527776611274,0.16074453944742229,0.25848306515596153,0.12764676329244654,0.011490718584706296,1.5070465332486223,True,True,True,True,True,True,True,True,True
3,1,17,EEG RG 18-Ref,False,0.3703386669818956,0.1040825669155822,0.3461868586600021,0.06797517237296309,0.004716616585212372,1.3949832695678683,True,True,True,True,True,True,True,True,True
3,1,18,EEG RG 19-Ref,False,0.36796430770247057,0.11620707475150807,0.3483863072654808,0.07950528720532257,0.005830695184038004,1.4912294868952478,True,True,True,True,True,True,True,True,True
3,1,19,EEG RG 20-Ref,True,0.3552917678654824,0.12635861719315802,0.3351130770320546,0.09450069922221803,0.009637147545013923,1.5710850696510243,True,True,True,True,True,True,True,True,True
3,1,20,EEG RG 21-Ref,True,0.3023797865359151,0.16970477616452664,0.2687174905178166,0.13358554266625286,0.02345765205152876,1.6000084355452537,True,True,True,True,True,True,True,True,True
3,1,21,EEG RG 22-Ref,True,0.22753232228282774,0.25679794484240953,0.16424701320669113,0.2248381714600013,0.037118304752427285,1.654822299604857,False,False,False,True,True,True,True,False,True
3,1,22,EEG RG 23-Ref,False,0.18334705207502017,0.2874256578297375,0.11643628025732268,0.2410961450132431,0.0038497042528620397,1.6733581089573955,False,False,False,True,True,True,True,False,True
3,1,23,EEG RG 24-Ref,False,0.1937100410407578,0.25864009297980745,0.09848959110538537,0.1892971707884073,0.02275142992285505,1.4668106723716812,False,False,False,True,True,True,True,False,True
3,1,24,EEG RG 25-Ref,False,0.31529407568238826,0.10865821125911859,0.29713541871964994,0.0722822741242474,1.2110888414160127e-05,1.4214494164420626,True,True,True,True,True,True,True,True,True
3,1,25,EEG RG 26-Ref,True,0.3624576632445787,0.075287848757393,0.34704395779610886,0.041292134710153916,0.0005664801459852697,1.3064056505850161,True,True,True,True,True,True,True,True,True
3,1,26,EEG RG 27-Ref,True,0.3578169633106332,0.07798562321998828,0.3432491361596111,0.03253802829124904,0.006145978165721496,1.179129080995333,True,True,True,True,True,True,True,True,True
3,1,27,EEG RG 28-Ref,True,0.3307588430860403,0.09990995708321171,0.3129723005282509,0.054945159549096116,0.002122622596222658,1.278364629322174,True,True,True,True,True,True,True,True,True
3,1,28,EEG RG 29-Ref,True,0.2832998425895281,0.15231123447217873,0.24956107169355618,0.10388755959318521,0.02352174273766222,1.3782721482072997,True,True,True,True,True,True,True,True,True
3,1,29,EEG RG 30-Ref,True,0.211382462908223,0.22255767827255005,0.14329524955033066,0.1780907589678297,0.011735239579519451,1.498835619696215,False,False,False,True,True,True,True,False,True
3,1,30,EEG RG 31-Ref,True,0.1869090432422831,0.2880595114995523,0.0755057681532686,0.23572024998999222,0.008540016119785113,1.566663639395147,False,False,False,True,True,True,True,False,True
3,1,31,EEG RG 32-Ref,False,0.19694926355468456,0.2987715374655058,0.04331825932114758,0.22375279102284742,0.02489938615114734,1.4650928471981368,False,False,False,True,True,True,True,False,True
3,1,32,EEG RG 33-Ref,False,0.22943334748856628,0.20162098603953968,0.1785990991945497,0.1615788269501002,0.051253470248286845,1.5148317713889397,True,True,False,True,True,True,True,False,True
3,1,33,EEG RG 34-Ref,True,0.2610849767332986,0.12006026006782614,0.22637868792549434,0.05974733757961427,0.009353341796615644,1.191719433219349,True,True,True,True,True,True,True,True,True
3,1,34,EEG RG 35-Ref,True,0.2967273597260504,0.09765934815579062,0.2743878056081931,0.02732865619979049,0.00023158172299432914,1.0808963666749956,True,True,True,True,True,True,True,True,True
3,1,35,EEG RG 36-Ref,True,0.28766049268396204,0.10717679344349511,0.26237462482652807,0.03730527168456793,0.001065851331494283,1.1537709600398662,True,True,True,True,True,True,True,True,True
3,1,36,EEG RG 37-Ref,True,0.24500091081426806,0.15109963871317703,0.2045029264141308,0.08594964055479994,0.020524883252623322,1.293820085776338,True,True,True,True,True,True,True,True,True
3,1,37,EEG RG 38-Ref,True,0.2166395081166035,0.19394112626652607,0.13493600995339816,0.1273341530794334,0.0049153155291885575,1.3329346535800999,True,True,False,True,True,True,True,False,True
3,1,38,EEG RG 39-Ref,True,0.20216875239869017,0.2509281345634535,0.08337399042529593,0.1933561302589717,0.0064988900648556315,1.4497873168752007,False,False,False,True,True,True,True,False,True
3,1,39,EEG RG 40-Ref,False,0.19777772976839564,0.28163580147806383,0.022878384599731735,0.2080781251814729,0.012810314567703195,1.402235528946651,False,False,False,True,True,True,True,False,True
3,1,40,EEG RG 41-Ref,False,0.19811687967668654,0.17723495978904638,0.1675704280611243,0.13762680263771437,0.021320977410916,1.4463034745500043,True,True,True,True,True,True,True,True,True
3,1,41,EEG RG 42-Ref,True,0.21310055245360515,0.17285894104564156,0.11561083623299741,0.08966366693756034,0.04149850543914774,1.1698279297595542,True,True,True,True,True,True,True,True,True
3,1,42,EEG RG 43-Ref,True,0.23116865960722158,0.1535613989916368,0.14532532430069883,0.06216398983470647,0.008356890735987341,1.1123456641111762,True,True,True,True,True,True,True,True,True
3,1,43,EEG RG 44-Ref,True,0.23242758264028723,0.14105907801594908,0.15573161835231084,0.0304877236012933,0.02098854792387366,1.0567895763719184,True,True,True,True,True,True,True,True,True
3,1,44,EEG RG 45-Ref,True,0.22333277552927563,0.16095093405085845,0.14813565724147937,0.0846014728679922,0.03693996540198224,1.2393297390891103,True,True,True,True,True,True,True,True,True
3,1,45,EEG RG 46-Ref,True,0.2209749789444436,0.1844341776281716,0.12326452061733692,0.10616883707051107,0.004681906841213479,1.2757496111663102,True,True,True,True,True,True,True,True,True
3,1,46,EEG RG 47-Ref,True,0.21398617288344018,0.21492350019412407,0.10100344239093871,0.13891696774179849,0.019474478740211527,1.3376806274225184,False,False,False,True,True,True,True,False,True
3,1,47,EEG RG 48-Ref,False,0.19961252990388437,0.2574105873582324,0.04513853578492096,0.18055068849564754,0.016496165917931942,1.393823213018351,False,False,False,True,True,True,True,False,True
3,1,48,EEG RG 49-Ref,True,0.21692942864511514,0.23743879593844144,0.035943643703054855,0.13586640655451804,0.015972613606952044,1.2602430969989113,False,False,False,True,True,True,True,False,True
3,1,49,EEG RG 50-Ref,True,0.2150935348036809,0.24132503533873156,0.048023745628848716,0.15479590833907084,0.019595572145046956,1.2863305661656779,False,False,False,True,True,True,True,False,True
3,1,50,EEG RG 51-Ref,True,0.22323591908261287,0.1952674920441895,0.055437171185857795,0.08388134458335036,0.010791368187997133,1.1142518104102725,False,True,False,True,True,True,True,False,True
3,1,51,EEG RG 52-Ref,True,0.22846393341852797,0.182204922753694,0.060701172670069053,0.04117965909792975,0.01695287373433522,1.0021120106532762,True,True,True,True,True,True,True,True,True
3,1,52,EEG RG 53-Ref,True,0.2267544064583883,0.16916945661656543,0.07927518156452239,0.03153661918719416,0.014414844244144806,1.0519844494631032,True,True,True,True,True,True,True,True,True
3,1,53,EEG RG 54-Ref,True,0.2289987000341359,0.18329489820938769,0.0775655077567351,0.06924503187597067,0.00704291602664222,1.1311313609417952,True,True,True,True,True,True,True,True,True
3,1,54,EEG RG 55-Ref,True,0.18942794230855267,0.2015880166296724,0.042481136836799806,0.11897399833288941,0.012448780348346612,1.243893985276859,False,False,False,True,True,True,True,False,True
3,1,55,EEG RG 56-Ref,False,0.20090221982886708,0.21942740850405315,0.058116352039112834,0.09124310190812225,0.005500903648910073,1.1384344017218275,False,False,False,True,True,True,True,False,True
3,1,56,EEG RG 57-Ref,False,0.21033848889121187,0.2575605726820549,0.03864482834864518,0.16902950978064102,0.025651515168259136,1.312459723874388,False,False,False,True,True,True,True,False,True
3,1,57,EEG RG 58-Ref,False,0.20407798092508883,0.258621153795403,0.041645973097164675,0.17654058988889273,0.043551601426913715,1.3069572147684116,False,False,False,True,True,True,True,False,True
3,1,58,EEG RG 59-Ref,True,0.227605717260832,0.2399412280398452,0.046952976333277635,0.1468657005508691,0.02325490660185171,1.2462732415728783,False,False,False,True,True,True,True,False,True
3,1,59,EEG RG 60-Ref,False,0.23344875898466116,0.23211063909981028,0.05650172430940227,0.11818992154105656,0.02033104268808769,1.1432605102209086,False,False,False,True,True,True,True,False,True
3,1,60,EEG RG 61-Ref,False,0.25060672680716795,0.21176845850629977,0.05676301255366145,0.06287635130538968,0.01680662274206578,1.0518876986413863,False,True,False,True,True,True,True,False,True
3,1,61,EEG RG 62-Ref,False,0.27299594991122866,0.2284099130128743,0.059072257889172405,0.06021777118540118,0.00015730543675351394,1.1349208987601667,False,True,False,True,True,True,True,False,True
3,1,62,EEG RG 63-Ref,False,0.2325301568451777,0.20171423267159927,0.06732870403076477,0.04812562417828673,0.011797736452093439,1.0190496777871785,True,True,True,True,True,True,True,True,True
3,1,63,EEG RG 64-Ref,False,0.32172885427688874,0.2567986275977382,0.22362785704772103,0.08566064487380547,0.023064750395709727,1.0685597843839,True,True,True,True,True,True,True,True,True
3,2,0,EEG RG 01-Ref,False,0.29086301500856815,0.21343690707423715,0.1973991592480202,0.16052703641181798,0.001568779896050792,1.3828287258267702,True,True,True,True,True,True,True,True,True
3,2,1,EEG RG 02-Ref,True,0.24798137395914358,0.23457650932999305,0.1613011180310157,0.1922661426412031,0.02426477637490994,1.4851678486089546,False,False,False,True,True,True,True,False,True
3,2,2,EEG RG 03-Ref,False,0.22561077622198633,0.22331872905526018,0.1771951041364342,0.19071674289941892,0.01679403601918722,1.5892545164934737,False,False,False,True,True,True,True,False,True
3,2,3,EEG RG 04-Ref,False,0.29850138466663384,0.16582217009275083,0.2695737926378137,0.13405385541172385,0.022653008021362074,1.6108558151978767,True,True,True,True,True,True,True,True,True
3,2,4,EEG RG 05-Ref,False,0.21592836057556666,0.18725687749756004,0.18318092713332998,0.14616291129247264,0.028750643653519453,1.5446599246661967,True,True,True,True,True,True,True,True,True
3,2,5,EEG RG 06-Ref,False,0.19288553424767066,0.23220411023474283,0.1422835142462314,0.1818728315594539,0.02365157265154,1.5512778792440236,False,False,False,True,True,True,True,False,True
3,2,6,EEG RG 07-Ref,False,0.20557278911466445,0.24179126000270765,0.09498497245826838,0.17501459663188745,0.03007357520373559,1.402526276744755,False,False,False,True,True,True,True,False,True
3,2,7,EEG RG 08-Ref,False,0.2325570310264956,0.2594529737316794,0.07446164525139362,0.1822464394763519,0.047886652844465964,1.3706643731665933,False,False,False,True,True,True,True,False,True
3,2,8,EEG RG 09-Ref,False,0.2596003251674888,0.18701384187084608,0.1998381332803273,0.13930745995791824,0.004188576029149472,1.4134241163116952,True,True,True,True,True,True,True,True,True
3,2,9,EEG RG 10-Ref,False,0.25393071309790266,0.23173081746431937,0.21157100562834516,0.20167409606823888,0.0018393821162952537,1.7043558904583016,True,False,False,True,True,True,True,False,True
3,2,10,EEG RG 11-Ref,False,0.2774589084265815,0.17007011389445714,0.247030657199881,0.12985301814174635,0.004908296820155752,1.5936474644247902,True,True,True,True,True,True,True,True,True
3,2,11,EEG RG 12-Ref,False,0.35075458813552424,0.14963744978246826,0.32610802783222453,0.11461489296612802,0.0017456667064617262,1.7262638374443506,True,True,True,True,True,True,True,True,True
3,2,12,EEG RG 13-Ref,False,0.29022713632634983,0.1928580426691243,0.25059449099860964,0.14881983004305044,0.01831330407390711,1.651026240302299,True,True,True,True,True,True,True,True,True
3,2,13,EEG RG 14-Ref,True,0.26507113651493086,0.2661806287526738,0.21129978425187274,0.2326620960789683,0.014800031739949645,1.8612113344337575,False,False,False,True,True,True,True,False,True
3,2,14,EEG RG 15-Ref,True,0.24986604233372722,0.25873119743008277,0.18860065542852555,0.21980604279093102,0.00813778411827373,1.7151542941369362,False,False,False,True,True,True,True,False,True
3,2,15,EEG RG 16-Ref,False,0.21768929129105255,0.26181752323433766,0.14356940429249823,0.21049755998532663,0.04865280209589878,1.5694623569460773,False,False,False,True,True,True,True,False,True
3,2,16,EEG RG 17-Ref,False,0.27609263538849077,0.15538036242377276,0.2482146523554484,0.11899531695746504,0.010583197227374061,1.4780533573584795,True,True,True,True,True,True,True,True,True
3,2,17,EEG RG 18-Ref,False,0.35306841279403406,0.10367725925475944,0.32850214820756,0.06826283970892837,0.004800173917298092,1.3991534176528826,True,True,True,True,True,True,True,True,True
3,2,18,EEG RG 19-Ref,False,0.3774786071280301,0.11506813045308341,0.3573541272712708,0.07592909511757315,0.005876446189205029,1.4822371850945444,True,True,True,True,True,True,True,True,True
3,2,19,EEG RG 20-Ref,True,0.3743418732237271,0.1258756515191935,0.35640603231306545,0.09487578483328209,0.010402810057798573,1.5774491894298326,True,True,True,True,True,True,True,True,True
3,2,20,EEG RG 21-Ref,True,0.30761581979385527,0.16493814159563416,0.2817285438953702,0.13042338056247174,0.02613611811275849,1.575648910409467,True,True,True,True,True,True,True,True,True
3,2,21,EEG RG 22-Ref,True,0.2362750080953782,0.2495361115111829,0.17169429680098847,0.21871154160110362,0.03825362654455288,1.640890540643709,False,False,False,True,True,True,True,False,True
3,2,22,EEG RG 23-Ref,False,0.2036072126317638,0.2941588990726752,0.13978746364145944,0.24668717487326952,0.0063392959413399695,1.686630981625909,False,False,False,True,True,True,True,False,True
3,2,23,EEG RG 24-Ref,False,0.2054633941309581,0.2676088784948374,0.12473962981755474,0.19422929782542417,0.026278405534303443,1.4770228587271925,False,False,False,True,True,True,True,False,True
3,2,24,EEG RG 25-Ref,False,0.3305248901689547,0.10778010150849218,0.31292884399626214,0.0686580172688246,0.006061020596244407,1.3900390445572215,True,True,True,True,True,True,True,True,True
3,2,25,EEG RG 26-Ref,True,0.34606534361567115,0.07398264984965322,0.33102488267340485,0.03930466176519089,0.0019348755778306346,1.3014692997382833,True,True,True,True,True,True,True,True,True
3,2,26,EEG RG 27-Ref,True,0.3465581514029908,0.07648173594516035,0.33161340045442006,0.031554330035805316,0.0064109665499014245,1.1771749360446744,True,True,True,True,True,True,True,True,True
3,2,27,EEG RG 28-Ref,True,0.3230382197459916,0.09794866868834919,0.30412096264788413,0.05158990135186092,0.0034789987969487206,1.2655296254480246,True,True,True,True,True,True,True,True,True
3,2,28,EEG RG 29-Ref,True,0.281554130936132,0.15080083475008374,0.24929219684283271,0.1032436809185534,0.02460197281695901,1.380071481451496,True,True,True,True,True,True,True,True,True
3,2,29,EEG RG 30-Ref,True,0.2171658436709996,0.22558856183891707,0.14318237611376136,0.18056681779998177,0.012406035716374697,1.4977657076851596,False,False,False,True,True,True,True,False,True
3,2,30,EEG RG 31-Ref,True,0.19314192675622052,0.29286007886551213,0.08504780525935729,0.23831116085005444,0.009873129648115667,1.5659960629475014,False,False,False,True,True,True,True,False,True
3,2,31,EEG RG 32-Ref,False,0.19500881996772887,0.3039519212641637,0.06109736020413074,0.22265102324382094,0.027776785924222502,1.4606105546371684,False,False,False,True,True,True,True,False,True
3,2,32,EEG RG 33-Ref,False,0.20721586784672275,0.20978310587996518,0.1600204061570084,0.17024525088800962,0.05244724383858785,1.5429510219524767,False,False,False,True,True,True,True,False,True
3,2,33,EEG RG 34-Ref,True,0.2369833173286256,0.12077547955508594,0.19712375708772806,0.06211443892234705,0.00980257763177162,1.195024813843071,True,True,True,True,True,True,True,True,True
3,2,34,EEG RG 35-Ref,True,0.2785175784390651,0.09294183120852782,0.2508415227307598,0.027930950005448135,2.8957214852306764e-05,1.0765344905737992,True,True,True,True,True,True,True,True,True
3,2,35,EEG RG 36-Ref,True,0.27267216044402626,0.10722145887312953,0.24389463186579227,0.031404223999899276,0.0022996188813890887,1.1373214785795112,True,True,True,True,True,True,True,True,True
3,2,36,EEG RG 37-Ref,True,0.2441465312229616,0.14856032766895336,0.20041564343188492,0.08145234503189921,0.021748009270980626,1.2852021252434729,True,True,True,True,True,True,True,True,True
3,2,37,EEG RG 38-Ref,True,0.2182445360656266,0.19241746637385354,0.1347994292586874,0.12250863308618372,0.0031996292943670956,1.3242201114666043,True,True,False,True,True,True,True,False,True
3,2,38,EEG RG 39-Ref,True,0.20621209733599974,0.2524240536163223,0.08239645838299059,0.18885949953160483,0.004677706825133415,1.4336326252863254,False,False,False,True,True,True,True,False,True
3,2,39,EEG RG 40-Ref,False,0.19937921975463194,0.28312564571236376,0.01772678849172351,0.20411434006230045,0.014008224869490682,1.386612659785314,False,False,False,True,True,True,True,False,True
3,2,40,EEG RG 41-Ref,False,0.17284701861782223,0.16283859601759157,0.14207345615945452,0.12068927138150502,0.021547313641497916,1.4046768006527712,True,False,True,True,True,True,True,False,True
3,2,41,EEG RG 42-Ref,True,0.19671028940034543,0.17378292585139787,0.09576866919132902,0.08879705498138832,0.04200658471102592,1.171436768283714,True,True,False,True,True,True,True,False,True
3,2,42,EEG RG 43-Ref,True,0.2174959392875879,0.15197005916920825,0.12813116480673112,0.06508698858585113,0.007389810051073425,1.122132351764221,True,True,True,True,True,True,True,True,True
3,2,43,EEG RG 44-Ref,True,0.2225794794316677,0.1366284074475531,0.14365974740786788,0.02893844927030827,0.019672810163114812,1.0579202859544825,True,True,True,True,True,True,True,True,True
3,2,44,EEG RG 45-Ref,True,0.21928706906667073,0.15813576417667755,0.14464932455150595,0.08358459630649619,0.035097532988711135,1.2347719581331047,True,True,True,True,True,True,True,True,True
3,2,45,EEG RG 46-Ref,True,0.21967946137473707,0.18014630410225346,0.1262505944717887,0.09954652209832988,0.003233195407379195,1.2521961259685357,True,True,True,True,True,True,True,True,True
3,2,46,EEG RG 47-Ref,True,0.2138837929900414,0.21096316109811034,0.10136827782296272,0.12352451664525982,0.021219133029433113,1.3009098509106307,False,False,False,True,True,True,True,False,True
3,2,47,EEG RG 48-Ref,False,0.19755117662654753,0.24949949405875188,0.0365787629070215,0.15615948233943844,0.01784646931085419,1.3539695720327483,False,False,False,True,True,True,True,False,True
3,2,48,EEG RG 49-Ref,True,0.20725567144865198,0.23279758638982123,0.039160128357581994,0.12655119129455963,0.016227243402590175,1.2427993275915943,False,False,False,True,True,True,True,False,True
3,2,49,EEG RG 50-Ref,True,0.21232665150007038,0.24255309907073505,0.05445414599765746,0.1564073816207014,0.01981024177729642,1.2906721424132948,False,False,False,True,True,True,True,False,True
3,2,50,EEG RG 51-Ref,True,0.22638089768439465,0.20417690402390332,0.06072589126047757,0.08327250233463858,0.011568168704124878,1.109720608281153,False,False,False,True,True,True,True,False,True
3,2,51,EEG RG 52-Ref,True,0.22491527698886554,0.18227527646051833,0.06568468975814015,0.04083898878430835,0.017268821158663166,1.001964386736295,True,True,True,True,True,True,True,True,True
3,2,52,EEG RG 53-Ref,True,0.21986890612876325,0.16689059842622223,0.08377021968995824,0.040396840199750254,0.013960142374379621,1.0547326370189112,True,True,True,True,True,True,True,True,True
3,2,53,EEG RG 54-Ref,True,0.22169180333420382,0.1803400014845608,0.08089023533605921,0.07337896412137127,0.005707156736195052,1.1308197514040443,True,True,False,True,True,True,True,False,True
3,2,54,EEG RG 55-Ref,True,0.19037028838692457,0.21026227662665922,0.04183968017257508,0.12514373579064492,0.011594771070969538,1.2539924426526996,False,False,False,True,True,True,True,False,True
3,2,55,EEG RG 56-Ref,False,0.20439026975979208,0.22132147923840678,0.06325892494628155,0.0885090178642893,0.004118775961685955,1.1338625318453621,False,False,False,True,True,True,True,False,True
3,2,56,EEG RG 57-Ref,False,0.20466027929126562,0.25322474414263474,0.040377533883046345,0.16081172599780302,0.026187999664548746,1.297736867402944,False,False,False,True,True,True,True,False,True
3,2,57,EEG RG 58-Ref,False,0.20240594442717968,0.2591457272696083,0.043410795464540027,0.18115963967416218,0.044120517204874754,1.3203158950738085,False,False,False,True,True,True,True,False,True
3,2,58,EEG RG 59-Ref,True,0.22780904430546628,0.2418516221148637,0.04711261370652833,0.14083048809698395,0.02368281864046487,1.2300631941640316,False,False,False,True,True,True,True,False,True
3,2,59,EEG RG 60-Ref,False,0.23306577848651533,0.2413628807618674,0.06480873484001928,0.11494152158942976,0.019406589345570716,1.1219785691219488,False,False,False,True,True,True,True,False,True
3,2,60,EEG RG 61-Ref,False,0.2455472444823707,0.22075293128858242,0.06977403610460445,0.05923441947106413,0.015452682983693834,1.0711197512127655,True,True,True,True,True,True,True,True,True
3,2,61,EEG RG 62-Ref,False,0.2671470741642426,0.230817783285369,0.061243027863593015,0.059523997115411384,0.0018420049641695718,1.130971784207001,True,True,False,True,True,True,True,False,True
3,2,62,EEG RG 63-Ref,False,0.23225784628251406,0.21761105336972525,0.06629532235734482,0.05998368474532279,0.011115005509212341,1.0301251311089985,True,False,False,True,True,True,True,False,True
3,2,63,EEG RG 64-Ref,False,0.30961423601938287,0.26137272791218413,0.20313622706966106,0.09046468075531036,0.02231785799323598,1.0750778385374653,True,True,True,True,True,True,True,True,True
4,0,0,EEG RG 01-Ref,False,0.23194784037045516,0.21426089416190752,0.15815635977110729,0.16077679153733637,0.0015260418280778633,1.3664210162598542,False,False,False,True,True,True,True,False,True
4,0,1,EEG RG 02-Ref,True,0.22469788871827287,0.2375404116570182,0.1530727724866241,0.19598741652694085,0.014142001162361315,1.4871481710838372,False,False,False,True,True,True,True,False,True
4,0,2,EEG RG 03-Ref,False,0.2342035225083277,0.23233061191391768,0.19259004033138238,0.18940468498959137,0.015254797048680841,1.5915860250502,True,False,False,True,True,True,True,False,True
4,0,3,EEG RG 04-Ref,False,0.3381574093536565,0.17832592950577333,0.31461508554014195,0.14569039127326275,0.0037124423064406288,1.6749230252340828,True,True,True,True,True,True,True,True,True
4,0,4,EEG RG 05-Ref,False,0.27056620240490176,0.1917868418358995,0.23530399713678965,0.14747257312317927,0.0041161579829717835,1.5591407496608434,True,True,True,True,True,True,True,True,True
4,0,5,EEG RG 06-Ref,False,0.21541238530354054,0.238929499778256,0.16873849368722346,0.18776481304064288,0.0029309090585247066,1.5664235186116622,False,False,False,True,True,True,True,False,True
4,0,6,EEG RG 07-Ref,False,0.2235746870352452,0.2547479720303572,0.11884500665673135,0.17840804443224495,0.01352787073788853,1.405415152110187,False,False,False,True,True,True,True,False,True
4,0,7,EEG RG 08-Ref,False,0.22943899535936815,0.2627508410583207,0.08936991978791584,0.17968328429668642,0.004001339911083954,1.3690581964323838,False,False,False,True,True,True,True,False,True
4,0,8,EEG RG 09-Ref,False,0.2348349556029935,0.1836132817177158,0.19499071477004,0.13320336689143572,0.014983915926629305,1.3740930234778883,True,True,True,True,True,True,True,True,True
4,0,9,EEG RG 10-Ref,False,0.25812657090526653,0.2274029767592778,0.21963246114152804,0.19242429356809218,0.0217882718926502,1.669751101130076,True,True,True,True,True,True,True,True,True
4,0,10,EEG RG 11-Ref,False,0.2872091730067346,0.18165014723586292,0.26296251796797926,0.1394538536785908,0.002450948853900342,1.6498310090994601,True,True,True,True,True,True,True,True,True
4,0,11,EEG RG 12-Ref,False,0.3707748228960946,0.15779444000446236,0.3536181311088332,0.12773994582738793,0.003664505063650377,1.7942156119427939,True,True,True,True,True,True,True,True,True
4,0,12,EEG RG 13-Ref,False,0.28952396131180946,0.1837534057215344,0.25886593797491564,0.14456131362528818,0.010274018117353111,1.635805579489772,True,True,True,True,True,True,True,True,True
4,0,13,EEG RG 14-Ref,True,0.23840579341509835,0.25840487237562915,0.19750315605634355,0.22401577333017347,0.02710073493820716,1.8446819975302973,False,False,False,True,True,True,True,False,True
4,0,14,EEG RG 15-Ref,True,0.2241861729088303,0.23993375063875977,0.17716144145257853,0.19545891101174304,0.020667956049756016,1.6473577196605746,False,False,False,True,True,True,True,False,True
4,0,15,EEG RG 16-Ref,False,0.21636473189716704,0.2278221774192019,0.1343474419194901,0.16479689043619947,0.003396990373082641,1.4488389408666635,False,False,False,True,True,True,True,False,True
4,0,16,EEG RG 17-Ref,False,0.2933806458744259,0.1391748639402106,0.2665372670043922,0.10504166474459765,0.014674820794185852,1.3937938576564253,True,True,True,True,True,True,True,True,True
4,0,17,EEG RG 18-Ref,False,0.3584641718452236,0.10691253216240039,0.33834604718531835,0.06695840105237495,0.0197388292950623,1.3769644250149318,True,True,True,True,True,True,True,True,True
4,0,18,EEG RG 19-Ref,False,0.3589147872885974,0.11503275489115147,0.3437958529535141,0.07298564396061617,0.006083348194311816,1.4702371627901447,True,True,True,True,True,True,True,True,True
4,0,19,EEG RG 20-Ref,True,0.3672939585724577,0.12240398459146075,0.35305988018389983,0.0856138467640332,0.006859394730172439,1.5359029550025582,True,True,True,True,True,True,True,True,True
4,0,20,EEG RG 21-Ref,True,0.3017898546888141,0.15619236619625976,0.28260525490776817,0.11925786581268576,0.012654071426209364,1.53055788236934,True,True,True,True,True,True,True,True,True
4,0,21,EEG RG 22-Ref,True,0.21312785207366025,0.23644753527171536,0.15527069021311324,0.20563645987828136,0.01533579978867735,1.6072002269738703,False,False,False,True,True,True,True,False,True
4,0,22,EEG RG 23-Ref,False,0.16538446259540215,0.2552537142293875,0.07626182550048878,0.20176306017121293,0.021600586682538,1.5737842888400677,False,False,False,True,True,True,True,False,True
4,0,23,EEG RG 24-Ref,False,0.164334121677617,0.2228364996955583,0.04846887779489866,0.13203193858075107,0.02946873563815924,1.333906168318357,False,False,False,True,True,True,True,False,True
4,0,24,EEG RG 25-Ref,False,0.27880091734518986,0.11102259366019496,0.26666888556783863,0.06905062919520318,0.0058197956499694906,1.3802904985643192,True,True,True,True,True,True,True,True,True
4,0,25,EEG RG 26-Ref,True,0.3209544750704841,0.06707788406974899,0.30922642315066956,0.034692964716802346,0.001617327849364557,1.2284798401174357,True,True,True,True,True,True,True,True,True
4,0,26,EEG RG 27-Ref,True,0.3590244787221939,0.07974972661001621,0.3440545102658757,0.03222856046463063,0.009575402832568415,1.1708247828085794,True,True,True,True,True,True,True,True,True
4,0,27,EEG RG 28-Ref,True,0.3523974791281155,0.09832788040484794,0.3347355554470815,0.05196855729947594,0.006901896794474312,1.249116559480974,True,True,True,True,True,True,True,True,True
4,0,28,EEG RG 29-Ref,True,0.30212723926388263,0.1417982826508711,0.27352441963960267,0.09867986047569094,0.009273894923770938,1.3579558170020019,True,True,True,True,True,True,True,True,True
4,0,29,EEG RG 30-Ref,True,0.20563250333242233,0.21308256831265687,0.13505309782603842,0.17227084931098022,0.013405309428570654,1.4742329644023735,False,False,False,True,True,True,True,False,True
4,0,30,EEG RG 31-Ref,True,0.16520021953514016,0.2633168286291754,0.034436279694899104,0.20662873074422333,0.03453439037825691,1.4963291159394527,False,False,False,True,True,True,True,False,True
4,0,31,EEG RG 32-Ref,False,0.1611749744572879,0.25801576486067923,0.028513976494192496,0.16587499345027176,0.043057899073367045,1.354526409144725,False,False,False,True,True,True,True,False,True
4,0,32,EEG RG 33-Ref,False,0.24124904655245602,0.20753072699621783,0.18524451775741055,0.1637820758169355,0.007031366619903315,1.5134943264368144,True,True,True,True,True,True,True,True,True
4,0,33,EEG RG 34-Ref,True,0.3031433190451703,0.12559395495898065,0.2670982102191142,0.06320924502430891,0.007829814905653489,1.1961311145381952,True,True,True,True,True,True,True,True,True
4,0,34,EEG RG 35-Ref,True,0.34616350221489794,0.10698013335215392,0.3180601011498042,0.03549199945464463,0.009035692935355548,1.1061176623852367,True,True,True,True,True,True,True,True,True
4,0,35,EEG RG 36-Ref,True,0.3363470511947237,0.10688652176545614,0.30453538829787846,0.03739201786174775,0.0013262592343792332,1.145363410814932,True,True,True,True,True,True,True,True,True
4,0,36,EEG RG 37-Ref,True,0.28340220031564173,0.14064907849466526,0.24362999932711252,0.07913197018344856,0.012521444643944057,1.2719216026004683,True,True,True,True,True,True,True,True,True
4,0,37,EEG RG 38-Ref,True,0.22499644346562336,0.18184348429782243,0.15441480624931736,0.12321198981274466,0.025647222520056582,1.3172520787114963,True,True,True,True,True,True,True,True,True
4,0,38,EEG RG 39-Ref,True,0.2025345272899166,0.24626588150541193,0.07671727827120428,0.1936257619015241,0.037866702201959854,1.4348817126703362,False,False,False,True,True,True,True,False,True
4,0,39,EEG RG 40-Ref,False,0.1864898172966333,0.2495120032425276,0.054948952260163324,0.16508329261154134,0.04381419754106702,1.3201777148628953,False,False,False,True,True,True,True,False,True
4,0,40,EEG RG 41-Ref,False,0.21349074158685075,0.1785442138172888,0.17029382191199338,0.12632522351199296,0.02023708063683018,1.4316771542813602,True,True,True,True,True,True,True,True,True
4,0,41,EEG RG 42-Ref,True,0.2494061146414572,0.17685378551362158,0.16426347800429705,0.07709034715031567,0.016791741490976404,1.1499196074262796,True,True,True,True,True,True,True,True,True
4,0,42,EEG RG 43-Ref,True,0.27313223146343696,0.15794912573099776,0.20487931312558225,0.0661825037716008,0.014642124420385726,1.1160326349212226,True,True,True,True,True,True,True,True,True
4,0,43,EEG RG 44-Ref,True,0.26778126507535344,0.13610248664142968,0.2038698573658266,0.03501138402458712,0.010446829217607399,1.0595776936564567,True,True,True,True,True,True,True,True,True
4,0,44,EEG RG 45-Ref,True,0.24718012456896005,0.15328275562734472,0.18200688235742535,0.08484064833750558,0.03036629123411138,1.2314652546338365,True,True,True,True,True,True,True,True,True
4,0,45,EEG RG 46-Ref,True,0.23017271316634685,0.1738371392016978,0.14968315125514126,0.0943520407480824,0.009400074471791052,1.2431999433830554,True,True,True,True,True,True,True,True,True
4,0,46,EEG RG 47-Ref,True,0.2264849702257354,0.20883412290601466,0.12730169208746486,0.13698504973873185,0.002556376203675315,1.3323244658596811,False,False,False,True,True,True,True,False,True
4,0,47,EEG RG 48-Ref,False,0.19957862540070523,0.24453407745700567,0.06352544915126487,0.1682126113904505,0.012991351114383152,1.3793215964904233,False,False,False,True,True,True,True,False,True
4,0,48,EEG RG 49-Ref,True,0.19329053363817303,0.22119536066372442,0.020090659081320905,0.10456449410307099,0.0033052990247321003,1.1956460545601846,False,False,False,True,True,True,True,False,True
4,0,49,EEG RG 50-Ref,True,0.21589747005549328,0.22822738841481455,0.06629358556961891,0.12400025119356993,0.005136132325295019,1.2292322098380841,False,False,False,True,True,True,True,False,True
4,0,50,EEG RG 51-Ref,True,0.22498565953591726,0.187927832801279,0.08292148240304394,0.06952174006803238,0.00803391033732265,1.0759585971052958,True,True,True,True,True,True,True,True,True
4,0,51,EEG RG 52-Ref,True,0.2204258661607705,0.17133441753717052,0.08460249951600375,0.049263984901875495,0.036813441019357344,1.0188714271704054,True,True,True,True,True,True,True,True,True
4,0,52,EEG RG 53-Ref,True,0.2158492061233463,0.16222236616772742,0.0919874436293081,0.04854574493828123,0.005245569809585324,1.0468835444940048,True,True,True,True,True,True,True,True,True
4,0,53,EEG RG 54-Ref,True,0.2275442417243247,0.18530403076644522,0.08716735014105052,0.06406356385147507,0.0007091595154996451,1.1239619676697057,True,True,True,True,True,True,True,True,True
4,0,54,EEG RG 55-Ref,True,0.2127472545027791,0.2100710750736314,0.06252903882550147,0.10147184938647513,0.024045207560975047,1.2197933561548766,False,False,False,True,True,True,True,False,True
4,0,55,EEG RG 56-Ref,False,0.2223950864431075,0.2138582128377324,0.05277942122893489,0.05685710850589159,0.030252320757950604,1.0820721222379819,False,False,False,True,True,True,True,False,True
4,0,56,EEG RG 57-Ref,False,0.1994866491408723,0.2407946742019714,0.02756324755203065,0.13580378252860897,0.004938530191692848,1.2529262340728096,False,False,False,True,True,True,True,False,True
4,0,57,EEG RG 58-Ref,False,0.213923236035361,0.24944828951224518,0.03578269848965715,0.1504643626039816,0.020286997809342896,1.2653602295703745,False,False,False,True,True,True,True,False,True
4,0,58,EEG RG 59-Ref,True,0.21862841480218015,0.2222469144480148,0.04564520759209058,0.12472250600540581,0.02444751518062003,1.197862161256556,False,False,False,True,True,True,True,False,True
4,0,59,EEG RG 60-Ref,False,0.21773510452513378,0.22824873583776484,0.05763217188529915,0.10954563588253685,0.034789553372299116,1.112885041566525,False,False,False,True,True,True,True,False,True
4,0,60,EEG RG 61-Ref,False,0.2473328594992603,0.2257667939360553,0.06216575344258927,0.08849923666635488,0.05160478928717551,1.084058206757551,False,False,False,True,True,True,True,False,True
4,0,61,EEG RG 62-Ref,False,0.2660085672045759,0.2244913163828,0.08045025117648447,0.09196584337614244,0.0314702293110577,1.1821580449779627,False,True,False,True,True,True,True,False,True
4,0,62,EEG RG 63-Ref,False,0.24304457888686068,0.21897727602165737,0.05491040552448648,0.03256902593339108,0.01862679729314282,1.013490772164998,True,False,True,True,True,True,True,False,True
4,0,63,EEG RG 64-Ref,False,0.3209816390703356,0.24942881660050603,0.21979793993298818,0.04990670212179073,0.042531405342964616,1.0201762828034506,True,True,True,True,True,True,True,True,True
4,1,0,EEG RG 01-Ref,False,0.24552705334891392,0.2237037509159175,0.16914191623368774,0.17003069903800822,0.0014972973997198062,1.4029666040061586,False,False,False,True,True,True,True,False,True
4,1,1,EEG RG 02-Ref,True,0.2300305061322234,0.24177741661665197,0.14682313345327155,0.2059393511575438,0.015224022452313123,1.50923908802598,False,False,False,True,True,True,True,False,True
4,1,2,EEG RG 03-Ref,False,0.22050357527552086,0.23839116640650693,0.1758821338001475,0.20189257565671628,0.018425450796170417,1.6188590937330016,False,False,False,True,True,True,True,False,True
4,1,3,EEG RG 04-Ref,False,0.29867704301781006,0.17148049594959133,0.2735940767259423,0.1369716907739513,0.0070201029844375136,1.6177386799971862,True,True,True,True,True,True,True,True,True
4,1,4,EEG RG 05-Ref,False,0.23729225626592831,0.19170331948603744,0.19436251261875187,0.14439988066476922,0.005597976041925621,1.5410677854530717,True,True,True,True,True,True,True,True,True
4,1,5,EEG RG 06-Ref,False,0.20244195433642836,0.23778538005010866,0.1496576311827213,0.191510307011658,0.002165492039900479,1.5798398131221196,False,False,False,True,True,True,True,False,True
4,1,6,EEG RG 07-Ref,False,0.21346131662919057,0.2570218603595285,0.10079249693781668,0.1801313702427285,0.01574806717798039,1.4169371269503912,False,False,False,True,True,True,True,False,True
4,1,7,EEG RG 08-Ref,False,0.2214493305796219,0.2555955687328918,0.0800441441536061,0.17270476249046438,0.005855824529614776,1.3546679166392928,False,False,False,True,True,True,True,False,True
4,1,8,EEG RG 09-Ref,False,0.23782144828789764,0.1844060406923057,0.1954847241961449,0.14059217314819888,0.014524964228989766,1.4155869886446373,True,True,True,True,True,True,True,True,True
4,1,9,EEG RG 10-Ref,False,0.26408406577966353,0.22245379477035251,0.22642971449249363,0.18970094022820141,0.024574675902158928,1.6659632003996274,True,True,True,True,True,True,True,True,True
4,1,10,EEG RG 11-Ref,False,0.27539164206871974,0.1822966722092378,0.248798977214926,0.14082890060479697,0.005363003827940466,1.6510803113898644,True,True,True,True,True,True,True,True,True
4,1,11,EEG RG 12-Ref,False,0.3440662524297595,0.15856010501233567,0.3225771437580274,0.12863918669627397,0.0019904889423664166,1.808136376137701,True,True,True,True,True,True,True,True,True
4,1,12,EEG RG 13-Ref,False,0.2626423968517336,0.1936328347703925,0.2269532093111577,0.15685840936545353,0.009934270869440334,1.6848713621787994,True,True,True,True,True,True,True,True,True
4,1,13,EEG RG 14-Ref,True,0.23080729946538212,0.27388846564092734,0.18660484657179233,0.23951832194420805,0.027895530550138593,1.906881692804528,False,False,False,True,True,True,True,False,True
4,1,14,EEG RG 15-Ref,True,0.21744922151494195,0.2593231534963751,0.16261729596701807,0.2185681618117649,0.023643760108631576,1.7151123222276925,False,False,False,True,True,True,True,False,True
4,1,15,EEG RG 16-Ref,False,0.2004309866615285,0.2472068904959129,0.10772439287565597,0.18839845181054274,0.006236228369897094,1.5188948991365743,False,False,False,True,True,True,True,False,True
4,1,16,EEG RG 17-Ref,False,0.2955268339150175,0.15402628735685658,0.2634383622061271,0.12467864718236704,0.011645388817519982,1.4970226151556647,True,True,True,True,True,True,True,True,True
4,1,17,EEG RG 18-Ref,False,0.33478741593666156,0.11008577599733137,0.3161021816834535,0.07340732537603424,0.019839718609168076,1.4067123785062159,True,True,True,True,True,True,True,True,True
4,1,18,EEG RG 19-Ref,False,0.3455480167190034,0.11534457809460487,0.32847915684675405,0.07628551092025365,0.006434392521901103,1.4781989157939508,True,True,True,True,True,True,True,True,True
4,1,19,EEG RG 20-Ref,True,0.34591886654311804,0.12642652242736088,0.32901545159664675,0.09274063373232548,0.00787595391124453,1.5663304613925226,True,True,True,True,True,True,True,True,True
4,1,20,EEG RG 21-Ref,True,0.27275238714430555,0.16202414726504716,0.2480030389473025,0.1256714851344067,0.011624379441793748,1.5463644960721534,True,True,True,True,True,True,True,True,True
4,1,21,EEG RG 22-Ref,True,0.2077122170181108,0.2453679196055828,0.14390009187559855,0.2170768228499203,0.016094868482797068,1.6387092907719614,False,False,False,True,True,True,True,False,True
4,1,22,EEG RG 23-Ref,False,0.1674059106689378,0.2708478042688298,0.09231136289698608,0.22268396520686118,0.02056595410676031,1.6550138335688431,False,False,False,True,True,True,True,False,True
4,1,23,EEG RG 24-Ref,False,0.156926120756458,0.23917904041248872,0.05159548405036804,0.1642532281041422,0.028439057008631963,1.4365892507561384,False,False,False,True,True,True,True,False,True
4,1,24,EEG RG 25-Ref,False,0.27976161023668256,0.10743794066456512,0.26920904953266395,0.06325003392748849,0.009018919442682582,1.3524574042918827,True,True,True,True,True,True,True,True,True
4,1,25,EEG RG 26-Ref,True,0.31398412033476497,0.06872951237873356,0.3020725157514777,0.037297058905819615,0.003210113679947953,1.250552228435659,True,True,True,True,True,True,True,True,True
4,1,26,EEG RG 27-Ref,True,0.33549505448225153,0.08200403279716706,0.31813592940066265,0.03352415677470023,0.011105829077918026,1.1837459508354564,True,True,True,True,True,True,True,True,True
4,1,27,EEG RG 28-Ref,True,0.3154612993294484,0.09946754211213006,0.2955149769952221,0.04988156756192661,0.008525639682163622,1.2511927311972597,True,True,True,True,True,True,True,True,True
4,1,28,EEG RG 29-Ref,True,0.2615914623545902,0.1416095494053395,0.23333322238301657,0.09483488353733649,0.008895822040492319,1.3458580987727367,True,True,True,True,True,True,True,True,True
4,1,29,EEG RG 30-Ref,True,0.19528893600930788,0.20468538398668773,0.12312294399168756,0.159695622086063,0.013952735884341986,1.448533817527289,False,False,False,True,True,True,True,False,True
4,1,30,EEG RG 31-Ref,True,0.16779120540655493,0.26057831706431306,0.043158165615039594,0.20296193227324816,0.03504738499135146,1.5155301481276358,False,False,False,True,True,True,True,False,True
4,1,31,EEG RG 32-Ref,False,0.15702697193821594,0.26529761075902913,0.021835017264501634,0.18210444677983767,0.043366198129998215,1.4131574973718786,False,False,False,True,True,True,True,False,True
4,1,32,EEG RG 33-Ref,False,0.23819451658056356,0.22697699590170467,0.18911138345661274,0.18461441006397816,0.005722960287924839,1.5878446578454077,True,False,False,True,True,True,True,False,True
4,1,33,EEG RG 34-Ref,True,0.2815778888869966,0.13560447592901193,0.2381000489225409,0.07390973509807204,0.00934666090188107,1.245829011232741,True,True,True,True,True,True,True,True,True
4,1,34,EEG RG 35-Ref,True,0.31546027928182,0.10891800285062984,0.2824599738966809,0.03955148156587806,0.01030503119495304,1.1242783935274527,True,True,True,True,True,True,True,True,True
4,1,35,EEG RG 36-Ref,True,0.3064051734238731,0.10666604589645548,0.2715701199009027,0.03449308135061466,0.001995763852937144,1.1370138669160386,True,True,True,True,True,True,True,True,True
4,1,36,EEG RG 37-Ref,True,0.25441021024298904,0.1366640657009615,0.21180645563184836,0.07372706611098999,0.012032346408924,1.2465590549380325,True,True,True,True,True,True,True,True,True
4,1,37,EEG RG 38-Ref,True,0.20742805881988105,0.1713203291546549,0.13919998976675108,0.10290354881745375,0.027016185989092265,1.2641406243909648,True,True,True,True,True,True,True,True,True
4,1,38,EEG RG 39-Ref,True,0.19861067426829485,0.22162467720145665,0.06997678406316601,0.16015315051333315,0.04000026188376343,1.3672404700092566,False,False,False,True,True,True,True,False,True
4,1,39,EEG RG 40-Ref,False,0.18326636797094775,0.24481332216880444,0.0493503143320798,0.16045856190410626,0.04576586160503333,1.3207558363772633,False,False,False,True,True,True,True,False,True
4,1,40,EEG RG 41-Ref,False,0.2164734697177393,0.19135627939603175,0.1773318972850392,0.1501517046994799,0.02007594372121048,1.5149646710471703,True,True,True,True,True,True,True,True,True
4,1,41,EEG RG 42-Ref,True,0.23962012484427475,0.1910335635072088,0.14645183577673046,0.09898253910506531,0.016130508163019988,1.2105482188264767,True,True,True,True,True,True,True,True,True
4,1,42,EEG RG 43-Ref,True,0.26240308238477805,0.1633632240994717,0.17934321991246321,0.07279771054246219,0.01507218535510351,1.1405985196087631,True,True,True,True,True,True,True,True,True
4,1,43,EEG RG 44-Ref,True,0.26023145247997115,0.1346890890211188,0.1828794361047305,0.032139287088042395,0.010208426657562138,1.0525686183970218,True,True,True,True,True,True,True,True,True
4,1,44,EEG RG 45-Ref,True,0.2353486882480183,0.14273689375943122,0.16691249540554962,0.06825656322794105,0.030582247210142965,1.1877024118632449,True,True,True,True,True,True,True,True,True
4,1,45,EEG RG 46-Ref,True,0.21449328019648614,0.16607016211299305,0.13521703344060224,0.08504556613436533,0.010428774571000712,1.2120579938188973,True,True,True,True,True,True,True,True,True
4,1,46,EEG RG 47-Ref,True,0.2087622748425336,0.20265150604364088,0.09916790513226213,0.12568234030629263,0.0052970482522291095,1.3026666768351929,False,False,False,True,True,True,True,False,True
4,1,47,EEG RG 48-Ref,False,0.1802936672388249,0.2449117542545219,0.02785643301234801,0.16282126056869725,0.017109378078611213,1.3579142574831597,False,False,False,True,True,True,True,False,True
4,1,48,EEG RG 49-Ref,True,0.19637132317188813,0.23113249594603014,0.02508880031874025,0.12650057279434745,0.0029496575002717373,1.2550608852246745,False,False,False,True,True,True,True,False,True
4,1,49,EEG RG 50-Ref,True,0.21661188818594238,0.2436605578875136,0.06780545162810402,0.1493277907376523,0.004283999077376636,1.2989992121258331,False,False,False,True,True,True,True,False,True
4,1,50,EEG RG 51-Ref,True,0.23047481382148732,0.1974341510533671,0.07461618274879767,0.07903845569917188,0.008402753934918128,1.1160579280624172,False,True,False,True,True,True,True,False,True
4,1,51,EEG RG 52-Ref,True,0.23177630729909102,0.17632130975295673,0.06653575559556531,0.05283549881428678,0.03766283345164374,1.0073527424533855,True,True,True,True,True,True,True,True,True
4,1,52,EEG RG 53-Ref,True,0.21584515868516016,0.16174158194926158,0.07940526586720464,0.04043330970695182,0.005895422034242937,1.0279899314724097,True,True,True,True,True,True,True,True,True
4,1,53,EEG RG 54-Ref,True,0.21073875905935735,0.17886649213297937,0.07981908433402403,0.06276164053693568,0.0010875135363093203,1.1090324058885284,True,True,True,True,True,True,True,True,True
4,1,54,EEG RG 55-Ref,True,0.19927821330814646,0.2121138596216208,0.054837479314100435,0.11935531831545401,0.025124245788192404,1.2510278001274764,False,False,False,True,True,True,True,False,True
4,1,55,EEG RG 56-Ref,False,0.21852305701249275,0.2240345956735683,0.05986351945984604,0.0759223294937777,0.0323556733847312,1.1146307388447625,False,False,False,True,True,True,True,False,True
4,1,56,EEG RG 57-Ref,False,0.20358158065607496,0.24826013304554337,0.03645030773687737,0.15843929024435016,0.005476224239117,1.3107124059737765,False,False,False,True,True,True,True,False,True
4,1,57,EEG RG 58-Ref,False,0.22074232538461266,0.25776281800888573,0.04719512490961078,0.17605892108298787,0.021629371389539118,1.3342530641021035,False,False,False,True,True,True,True,False,True
4,1,58,EEG RG 59-Ref,True,0.22594106275264425,0.2319498900313143,0.05145332732724334,0.13172307836385824,0.025120223014451427,1.2337569428836244,False,False,False,True,True,True,True,False,True
4,1,59,EEG RG 60-Ref,False,0.22783551510905767,0.22938212918320727,0.05518828926235946,0.10211414553778338,0.03528679823208843,1.106812704258322,False,False,False,True,True,True,True,False,True
4,1,60,EEG RG 61-Ref,False,0.2503902225192365,0.2246110739474149,0.07605369503058514,0.09192517544746541,0.05196600309659576,1.1228953372218717,False,True,False,True,True,True,True,False,True
4,1,61,EEG RG 62-Ref,False,0.2694695469324381,0.22421712404366856,0.10192475473359287,0.09706620524086308,0.03203693107841809,1.1957545410055612,True,True,False,True,True,True,True,False,True
4,1,62,EEG RG 63-Ref,False,0.23721896250061747,0.21489865105232342,0.06126020152425816,0.046307330260464144,0.019877296200324166,1.0223812385587243,True,False,True,True,True,True,True,False,True
4,1,63,EEG RG 64-Ref,False,0.3065912795178563,0.26881422221714374,0.20934740396275622,0.07356134889828564,0.04344734472847921,1.0521691766800156,True,True,True,True,True,True,True,True,True
4,2,0,EEG RG 01-Ref,False,0.24910224947012888,0.21274679618407644,0.17120595976990327,0.15710816300461902,0.0010185173934684274,1.380702129047497,True,True,False,True,True,True,True,False,True
4,2,1,EEG RG 02-Ref,True,0.2340264611058055,0.22615994678073054,0.1508126134669178,0.1869308621391872,0.014261441039243178,1.4768501942726047,False,False,False,True,True,True,True,False,True
4,2,2,EEG RG 03-Ref,False,0.2347191367500412,0.23071971954120632,0.190432469026869,0.18986650409087272,0.01639714276037943,1.5778560853338814,True,False,False,True,True,True,True,False,True
4,2,3,EEG RG 04-Ref,False,0.3093635508408171,0.17221436775114016,0.28524659735242935,0.13851415288672642,0.0070678483717250854,1.6554994417715039,True,True,True,True,True,True,True,True,True
4,2,4,EEG RG 05-Ref,False,0.2529627017883314,0.19421665378770847,0.2157025829150754,0.14866682353250216,0.006150036151909802,1.5641317839821958,True,True,True,True,True,True,True,True,True
4,2,5,EEG RG 06-Ref,False,0.21666419918808352,0.2312436878928819,0.16248277590755486,0.18116916350123666,0.0009808862749886133,1.5464886194808856,False,False,False,True,True,True,True,False,True
4,2,6,EEG RG 07-Ref,False,0.21886991615052845,0.257404673961866,0.11504948596002237,0.18896608767589199,0.014132828772387696,1.420156619571934,False,False,False,True,True,True,True,False,True
4,2,7,EEG RG 08-Ref,False,0.22635777217837563,0.27717117285131354,0.09302753195232712,0.2101809002004361,0.0046289724298733065,1.4195936425740054,False,False,False,True,True,True,True,False,True
4,2,8,EEG RG 09-Ref,False,0.2352543015944082,0.17929563616303643,0.1918622971743271,0.12976585596929374,0.014134827966907192,1.3855505304979923,True,True,True,True,True,True,True,True,True
4,2,9,EEG RG 10-Ref,False,0.2772602914491692,0.22020495051015926,0.23610153594010552,0.18581240442984343,0.023326072724008853,1.6719478552450417,True,True,True,True,True,True,True,True,True
4,2,10,EEG RG 11-Ref,False,0.29601728280521894,0.18498319314133904,0.26994908244631066,0.14183079828346282,0.004526364642038011,1.655362241817929,True,True,True,True,True,True,True,True,True
4,2,11,EEG RG 12-Ref,False,0.3683087275948968,0.1530468622728893,0.35022539740474656,0.12345684706235095,0.0019252391493426331,1.7920215637615202,True,True,True,True,True,True,True,True,True
4,2,12,EEG RG 13-Ref,False,0.279026675644954,0.1879885598536625,0.2491925606696969,0.14806379933353464,0.00992993657086212,1.6535613214009959,True,True,True,True,True,True,True,True,True
4,2,13,EEG RG 14-Ref,True,0.22595031446373537,0.25336537458599745,0.18625433457719445,0.21662890601694648,0.026264533663088847,1.8359139253773475,False,False,False,True,True,True,True,False,True
4,2,14,EEG RG 15-Ref,True,0.2228562629585805,0.24201708214141746,0.17151112771163554,0.1975548278065109,0.021385082565718843,1.6424123681278802,False,False,False,True,True,True,True,False,True
4,2,15,EEG RG 16-Ref,False,0.20814529232162396,0.2431865439771688,0.13172735421622392,0.18632612834723783,0.005234524557065057,1.4980662755826801,False,False,False,True,True,True,True,False,True
4,2,16,EEG RG 17-Ref,False,0.2851463059781136,0.1487312916759583,0.2534412532049811,0.11630355341454195,0.010749487240048225,1.4499629725937115,True,True,True,True,True,True,True,True,True
4,2,17,EEG RG 18-Ref,False,0.36404416525456834,0.10642235831747564,0.3442683985019261,0.0682040812162324,0.01928603492277907,1.3811935288003372,True,True,True,True,True,True,True,True,True
4,2,18,EEG RG 19-Ref,False,0.38581392019697824,0.11617731788635041,0.3725205560481911,0.07709646718954147,0.006154173434746564,1.5049958332205544,True,True,True,True,True,True,True,True,True
4,2,19,EEG RG 20-Ref,True,0.3910315220191752,0.12786813024231017,0.37840690075842803,0.09416250005857793,0.007766001695282488,1.579881064943788,True,True,True,True,True,True,True,True,True
4,2,20,EEG RG 21-Ref,True,0.30525767467440323,0.1589280004643058,0.2845660944786731,0.1239680869572991,0.011121614526029932,1.5585715795883237,True,True,True,True,True,True,True,True,True
4,2,21,EEG RG 22-Ref,True,0.2102165873654944,0.23173047971394922,0.1429217714439905,0.19892122543522706,0.015948973329803412,1.5979131665657884,False,False,False,True,True,True,True,False,True
4,2,22,EEG RG 23-Ref,False,0.17625331496173716,0.2592598861266777,0.09404096029146354,0.20472291814631646,0.01946519012387704,1.5785813395497552,False,False,False,True,True,True,True,False,True
4,2,23,EEG RG 24-Ref,False,0.16710863899026118,0.23357098818782882,0.060405621115452134,0.15458893596069617,0.02765981633914308,1.375974658834543,False,False,False,True,True,True,True,False,True
4,2,24,EEG RG 25-Ref,False,0.2886604847481341,0.10843390357794663,0.27802965241565375,0.06675028203275928,0.008909284091718438,1.374482562097055,True,True,True,True,True,True,True,True,True
4,2,25,EEG RG 26-Ref,True,0.3412664591582429,0.06737922738252511,0.32982199070812296,0.03482103814552418,0.0033134624746136852,1.252462276415131,True,True,True,True,True,True,True,True,True
4,2,26,EEG RG 27-Ref,True,0.37016181833911066,0.08055548228856632,0.3563220910989752,0.03482934723406361,0.011355444853545043,1.2107495018418188,True,True,True,True,True,True,True,True,True
4,2,27,EEG RG 28-Ref,True,0.35531888647817184,0.1018729649617156,0.339739908308911,0.05665208186700593,0.008969543396072744,1.3022560833059291,True,True,True,True,True,True,True,True,True
4,2,28,EEG RG 29-Ref,True,0.3012878125554622,0.14311077371264808,0.27306884311590424,0.10021245122054549,0.008333375697780279,1.382585071282921,True,True,True,True,True,True,True,True,True
4,2,29,EEG RG 30-Ref,True,0.21410641002074085,0.2020402417802594,0.14001957393774375,0.155453398058968,0.013242494448018057,1.4399380740931478,False,False,False,True,True,True,True,False,True
4,2,30,EEG RG 31-Ref,True,0.1743947094932193,0.25554498609627774,0.05595266869725604,0.1933911311592558,0.03341740573890203,1.4732754295218875,False,False,False,True,True,True,True,False,True
4,2,31,EEG RG 32-Ref,False,0.16410400758448676,0.2601309121166308,0.03315877480730921,0.1706109074178598,0.041513745528510046,1.3627390010100338,False,False,False,True,True,True,True,False,True
4,2,32,EEG RG 33-Ref,False,0.22508980929333222,0.2024582476793012,0.16577446555551997,0.15507104177291234,0.009634134688264141,1.509384624057845,True,True,False,True,True,True,True,False,True
4,2,33,EEG RG 34-Ref,True,0.3034641557281816,0.12573611169813587,0.26173774892376317,0.05769988001267341,0.008223567363728314,1.1863794296641264,True,True,True,True,True,True,True,True,True
4,2,34,EEG RG 35-Ref,True,0.3447800342875887,0.10613333793918607,0.31417173491353145,0.03251969299224792,0.010495520272739377,1.105825089118543,True,True,True,True,True,True,True,True,True
4,2,35,EEG RG 36-Ref,True,0.3338921313274001,0.10730967749454992,0.30434946480772385,0.04077117515322246,0.0026203961134422873,1.1727817998944507,True,True,True,True,True,True,True,True,True
4,2,36,EEG RG 37-Ref,True,0.28436765230766897,0.1398729526177349,0.24749534382348568,0.08029415651874675,0.011868705837286643,1.2858761142156803,True,True,True,True,True,True,True,True,True
4,2,37,EEG RG 38-Ref,True,0.22716414762637108,0.17645115350540594,0.15499781578642277,0.11594667590583381,0.026566125139836173,1.305871239076625,True,True,True,True,True,True,True,True,True
4,2,38,EEG RG 39-Ref,True,0.20838870178673657,0.2342665258054054,0.07968242323693314,0.17944951728251018,0.03798954520448939,1.4072695868171838,False,False,False,True,True,True,True,False,True
4,2,39,EEG RG 40-Ref,False,0.18665985598096962,0.2510372143762684,0.04997627174688342,0.16039357289977166,0.043409987170006964,1.3120926706337217,False,False,False,True,True,True,True,False,True
4,2,40,EEG RG 41-Ref,False,0.2094757980653623,0.16944585273246324,0.17055960033015397,0.12046563909746788,0.018428150153405865,1.4148045616381444,True,True,True,True,True,True,True,True,True
4,2,41,EEG RG 42-Ref,True,0.2400356377038199,0.17811267327436867,0.15229670714379007,0.07797449942514234,0.017341946035503493,1.1546427372095336,True,True,True,True,True,True,True,True,True
4,2,42,EEG RG 43-Ref,True,0.26901028545645467,0.1558440214305045,0.18781230858098052,0.062075791662156134,0.01483374640398896,1.116296229056396,True,True,True,True,True,True,True,True,True
4,2,43,EEG RG 44-Ref,True,0.26896154599784095,0.1315622473940902,0.19527018859690767,0.030782706498787327,0.010368329529995182,1.0640112549015879,True,True,True,True,True,True,True,True,True
4,2,44,EEG RG 45-Ref,True,0.2467651826038669,0.14903766507457814,0.18216927070721353,0.0804056594402124,0.030844664138000452,1.2236740917605236,True,True,True,True,True,True,True,True,True
4,2,45,EEG RG 46-Ref,True,0.22771571364985604,0.17183161592868848,0.14513728487191116,0.10094805357173006,0.009423401122501817,1.2530596838900252,True,True,True,True,True,True,True,True,True
4,2,46,EEG RG 47-Ref,True,0.22020690852369604,0.21970471269623354,0.10738604646052934,0.15552880022767707,0.0031734506678817724,1.3677415439908769,False,False,False,True,True,True,True,False,True
4,2,47,EEG RG 48-Ref,False,0.19122583475052418,0.2552709193851675,0.03819325712843854,0.18846291123302042,0.014260954735197973,1.41318106405322,False,False,False,True,True,True,True,False,True
4,2,48,EEG RG 49-Ref,True,0.20125366878813694,0.2221243772167656,0.03069600814621665,0.10582711944224628,0.0029167864465566955,1.2092862441750998,False,False,False,True,True,True,True,False,True
4,2,49,EEG RG 50-Ref,True,0.21718824778769777,0.23508875939857482,0.06937566688519067,0.1329386152018609,0.004961995959191353,1.261522716873806,False,False,False,True,True,True,True,False,True
4,2,50,EEG RG 51-Ref,True,0.23127855900817895,0.1883287582217251,0.07640481601210211,0.06986916644513028,0.0073877567960697905,1.1017111575910181,True,True,False,True,True,True,True,False,True
4,2,51,EEG RG 52-Ref,True,0.23070858786014142,0.1727595415665188,0.07590907470363784,0.04687450942267007,0.03666849610441701,1.009126091314786,True,True,True,True,True,True,True,True,True
4,2,52,EEG RG 53-Ref,True,0.21904831017308035,0.16072481178830036,0.08597438045631611,0.039553086360287294,0.0059931742085949,1.0205376150629866,True,True,True,True,True,True,True,True,True
4,2,53,EEG RG 54-Ref,True,0.2175827300655366,0.18293934353483057,0.07582532112838766,0.07166891550266805,0.0008862533965798643,1.1258828635719629,True,True,False,True,True,True,True,False,True
4,2,54,EEG RG 55-Ref,True,0.20773071191454145,0.21539908788216675,0.04643167353038014,0.12753758014539007,0.02378766132147464,1.2591256994022157,False,False,False,True,True,True,True,False,True
4,2,55,EEG RG 56-Ref,False,0.22619729133603259,0.21778787944338587,0.068526634365346,0.08290350082618349,0.03064098779192453,1.1148073984687352,False,False,False,True,True,True,True,False,True
4,2,56,EEG RG 57-Ref,False,0.21250946208487123,0.2351175312952542,0.02935849463854547,0.13780169711633264,0.004881309451540228,1.2648084557830004,False,False,False,True,True,True,True,False,True
4,2,57,EEG RG 58-Ref,False,0.2205221478259664,0.24644000887591316,0.037847078291597905,0.15460253510882696,0.020368462413898353,1.2893393539113922,False,False,False,True,True,True,True,False,True
4,2,58,EEG RG 59-Ref,True,0.2316952239714879,0.22484348348380562,0.04535729103668358,0.12764644843926737,0.024124911509042713,1.2234725646316358,False,False,False,True,True,True,True,False,True
4,2,59,EEG RG 60-Ref,False,0.22620590349393913,0.22900371906597336,0.05115402423362192,0.10241395537995193,0.035454715542229474,1.1226746143168786,False,False,False,True,True,True,True,False,True
4,2,60,EEG RG 61-Ref,False,0.2507794454994615,0.2226002648007303,0.0669727470605694,0.08403197149688897,0.0548154701803964,1.1065694978479108,False,True,False,True,True,True,True,False,True
4,2,61,EEG RG 62-Ref,False,0.26800806873210803,0.22519671771680652,0.08777839009399849,0.0940434968525022,0.035239552027336064,1.2038762309320787,False,True,False,True,True,True,True,False,True
4,2,62,EEG RG 63-Ref,False,0.2446494526087799,0.21150530863076394,0.06775711240555804,0.05249377037513996,0.017931884726853302,1.0199126271769374,True,True,True,True,True,True,True,True,True
4,2,63,EEG RG 64-Ref,False,0.3263865982438449,0.2616619857386858,0.2294059144137278,0.08190310533293306,0.04251967780009882,1.0436629477169366,True,True,True,True,True,True,True,True,True
5,0,0,EEG RG 01-Ref,False,0.2346127852068483,0.21101665645446707,0.15960549281988454,0.14482051031551318,0.006937130240117042,1.3325960080416859,True,True,False,True,True,True,True,False,True
5,0,1,EEG RG 02-Ref,True,0.23004451889112282,0.2338950763132672,0.1427704835806797,0.1770414360475042,0.01021983613092073,1.4390396322238381,False,False,False,True,True,True,True,False,True
5,0,2,EEG RG 03-Ref,False,0.2721797892537089,0.2385604769439178,0.20982777098288738,0.18776768671728122,0.006611570172407517,1.584635437239648,True,True,True,True,True,True,True,True,True
5,0,3,EEG RG 04-Ref,False,0.32011170661684657,0.1795869329360238,0.292518974771944,0.142113702030554,0.015273114003515676,1.6630390702168898,True,True,True,True,True,True,True,True,True
5,0,4,EEG RG 05-Ref,False,0.2802450174022199,0.19835939214713133,0.24222708119011888,0.1539835878083879,0.019337717757239845,1.575990086366784,True,True,True,True,True,True,True,True,True
5,0,5,EEG RG 06-Ref,False,0.2325310434286844,0.22796225024028455,0.17767530508372165,0.1800174673838539,0.0026560541997786534,1.5450365208881751,False,False,False,True,True,True,True,False,True
5,0,6,EEG RG 07-Ref,False,0.19908994002230496,0.24140914297620905,0.10806849552437153,0.16144065569694402,0.024836981102168587,1.3680002687798252,False,False,False,True,True,True,True,False,True
5,0,7,EEG RG 08-Ref,False,0.20684541101288292,0.25967972189521243,0.078524859539658,0.17277257003490337,0.020794120715664863,1.3499916878544003,False,False,False,True,True,True,True,False,True
5,0,8,EEG RG 09-Ref,False,0.23706924869252316,0.18604485070266136,0.1857756943879298,0.12860818804000884,0.0006674575103709239,1.3734436038587927,True,True,True,True,True,True,True,True,True
5,0,9,EEG RG 10-Ref,False,0.259293221257432,0.22554289325746807,0.21511629870366616,0.18883585734564348,0.03874685143308836,1.6495061598726999,True,True,True,True,True,True,True,True,True
5,0,10,EEG RG 11-Ref,False,0.32109425663240954,0.1891711154616362,0.28756881145703894,0.1486492146869537,0.004761279362960734,1.6893773967822039,True,True,True,True,True,True,True,True,True
5,0,11,EEG RG 12-Ref,False,0.3486953618780007,0.15898364638427706,0.33241667684988147,0.12974408099670734,0.006901778143462689,1.8229588641411885,True,True,True,True,True,True,True,True,True
5,0,12,EEG RG 13-Ref,False,0.2661604383361775,0.2022040846450248,0.23729245763736503,0.16684471050996208,0.01622407301419658,1.7290420261891901,True,True,True,True,True,True,True,True,True
5,0,13,EEG RG 14-Ref,True,0.2300289473227749,0.2648443292540075,0.1822996265470591,0.23395091316688796,0.026001443239684462,1.8729932899673154,False,False,False,True,True,True,True,False,True
5,0,14,EEG RG 15-Ref,True,0.21608513221787687,0.25330492787446407,0.1580183416228101,0.20706963423442273,0.01954761428393852,1.6573556645063563,False,False,False,True,True,True,True,False,True
5,0,15,EEG RG 16-Ref,False,0.21509232185071187,0.25465982062070414,0.11720509942105332,0.18952789759255967,0.006145000173693748,1.4991078775459918,False,False,False,True,True,True,True,False,True
5,0,16,EEG RG 17-Ref,False,0.29330777264362506,0.166143574800182,0.2584294114981872,0.12575868122832323,0.02082202483338025,1.500323272638912,True,True,True,True,True,True,True,True,True
5,0,17,EEG RG 18-Ref,False,0.3594419272230735,0.11400732135868384,0.3307542029887759,0.07637368079399014,0.00604354323103191,1.4320407531605568,True,True,True,True,True,True,True,True,True
5,0,18,EEG RG 19-Ref,False,0.3704673786803109,0.10491437872790926,0.3495577460078913,0.06710975733950701,0.0030988546670349237,1.4060939028119588,True,True,True,True,True,True,True,True,True
5,0,19,EEG RG 20-Ref,True,0.3735685547556815,0.11912631143836107,0.3507510919953285,0.08918634573463716,0.0028893409754147336,1.548189835571483,True,True,True,True,True,True,True,True,True
5,0,20,EEG RG 21-Ref,True,0.31477158935185795,0.15945504428399632,0.2857621320649972,0.1282536424734216,0.016381663535434573,1.5705084502243625,True,True,True,True,True,True,True,True,True
5,0,21,EEG RG 22-Ref,True,0.22225551154183748,0.248162392581377,0.15721057242993042,0.21663749736156376,0.018959823354073854,1.6435849909564804,False,False,False,True,True,True,True,False,True
5,0,22,EEG RG 23-Ref,False,0.24061092055252545,0.2988480063525046,0.13058291034375563,0.23538674747733615,0.03291582547510868,1.673094536297216,False,False,False,True,True,True,True,False,True
5,0,23,EEG RG 24-Ref,False,0.24298467495207282,0.2722209825796454,0.09800465143421645,0.186889965019827,0.04733986113808442,1.4712579853120653,False,False,False,True,True,True,True,False,True
5,0,24,EEG RG 25-Ref,False,0.29053905494968796,0.10566847886325895,0.2739453047431828,0.07177048885549411,0.032916526137416746,1.3657509920327457,True,True,True,True,True,True,True,True,True
5,0,25,EEG RG 26-Ref,True,0.3473388682218654,0.07272255440268138,0.3328992176383769,0.04005241381779294,0.01629055330290331,1.2397287902925793,True,True,True,True,True,True,True,True,True
5,0,26,EEG RG 27-Ref,True,0.36388530042663286,0.07629292450418293,0.34632141520194953,0.03107455637000602,0.009658679307570152,1.159669965264085,True,True,True,True,True,True,True,True,True
5,0,27,EEG RG 28-Ref,True,0.3531576085802815,0.09633421797631048,0.3307073532843741,0.05169715760611351,0.006761207323891057,1.2535819591929545,True,True,True,True,True,True,True,True,True
5,0,28,EEG RG 29-Ref,True,0.3136974322751048,0.14774689841858613,0.2759278771656289,0.10318496180258391,0.019273789244525046,1.375709198129791,True,True,True,True,True,True,True,True,True
5,0,29,EEG RG 30-Ref,True,0.2451777053109838,0.22408497390806054,0.15821312229068996,0.17214744866336712,0.008601621238345384,1.4810018786150823,False,False,False,True,True,True,True,False,True
5,0,30,EEG RG 31-Ref,True,0.23963452231127966,0.29894321616612957,0.08533746433611518,0.22520637684250353,0.03768663490883258,1.5466295478351866,False,False,False,True,True,True,True,False,True
5,0,31,EEG RG 32-Ref,False,0.24707145497104321,0.3087359876522185,0.05602718505814042,0.21630379033973696,0.04986179583778217,1.4491447684117662,False,False,False,True,True,True,True,False,True
5,0,32,EEG RG 33-Ref,False,0.2449689356150631,0.2066160500470891,0.19919350122762108,0.17507029745343497,0.018351606800501075,1.5484264838229034,True,True,True,True,True,True,True,True,True
5,0,33,EEG RG 34-Ref,True,0.2667455709351252,0.12621355718550611,0.24067903251992934,0.0717061322042614,0.013313965540354727,1.2188556271559345,True,True,True,True,True,True,True,True,True
5,0,34,EEG RG 35-Ref,True,0.31096419325790203,0.1012272459664841,0.2873751146279949,0.036530755533687,0.013184208651100924,1.0904558582861459,True,True,True,True,True,True,True,True,True
5,0,35,EEG RG 36-Ref,True,0.3247754672141331,0.10539124022449449,0.28937187258997293,0.03724904906469286,0.00018172684789340642,1.140860337226662,True,True,True,True,True,True,True,True,True
5,0,36,EEG RG 37-Ref,True,0.29893265569283883,0.14811576766132883,0.24202157101761348,0.08581991937376707,0.01949431724997295,1.2839644000443609,True,True,True,True,True,True,True,True,True
5,0,37,EEG RG 38-Ref,True,0.2600323391407509,0.18637522459947936,0.16129485947595865,0.11552878815686007,0.023304195722283344,1.3015046407459145,True,True,True,True,True,True,True,True,True
5,0,38,EEG RG 39-Ref,True,0.22969464410251356,0.24484377104441302,0.08504388701872706,0.17314689262916855,0.0469538535733166,1.3980891722364472,False,False,False,True,True,True,True,False,True
5,0,39,EEG RG 40-Ref,False,0.22835492384155986,0.2791536065501416,0.022145013438232622,0.17957224345761805,0.045388192329587365,1.3544789507664228,False,False,False,True,True,True,True,False,True
5,0,40,EEG RG 41-Ref,False,0.2128367057775926,0.16226077227841268,0.1706871940891047,0.12355530290996491,0.0019355976190765301,1.4160465661005335,True,True,True,True,True,True,True,True,True
5,0,41,EEG RG 42-Ref,True,0.21713938131986993,0.17469964689418302,0.1333317298756331,0.09765542697723738,0.013237435575681097,1.1928999669722278,True,True,True,True,True,True,True,True,True
5,0,42,EEG RG 43-Ref,True,0.24828166511340644,0.149432079677885,0.1751990205038484,0.07018622137535292,0.0164030780447619,1.1213763652412823,True,True,True,True,True,True,True,True,True
5,0,43,EEG RG 44-Ref,True,0.27890120133090623,0.13381705161910457,0.20525838508141467,0.029871852889275848,0.007150875348301975,1.0495611557038738,True,True,True,True,True,True,True,True,True
5,0,44,EEG RG 45-Ref,True,0.28175585869000097,0.15871389527706495,0.19670353496435594,0.08005838677504243,0.02679288418001995,1.2224639010844611,True,True,True,True,True,True,True,True,True
5,0,45,EEG RG 46-Ref,True,0.2592736317816531,0.17499969436173204,0.1481592765536528,0.0920551216832905,0.009262897873263827,1.2324420823374784,True,True,True,True,True,True,True,True,True
5,0,46,EEG RG 47-Ref,True,0.21844704423275227,0.20231525391215488,0.09147843664140141,0.12013901006517212,0.011579108012324101,1.2940371116036258,False,False,False,True,True,True,True,False,True
5,0,47,EEG RG 48-Ref,False,0.18368388885078762,0.2348968319059122,0.023736983208887282,0.14742119206448195,0.012139457884441684,1.3405957443598793,False,False,False,True,True,True,True,False,True
5,0,48,EEG RG 49-Ref,True,0.19178101924139077,0.22660493315627725,0.03771872042668508,0.13324672138212487,0.0014411324580490873,1.2571321215195617,False,False,False,True,True,True,True,False,True
5,0,49,EEG RG 50-Ref,True,0.20089390761375728,0.2333419239480283,0.057333594101697416,0.15355373357796295,0.011175932872330905,1.2848987979821922,False,False,False,True,True,True,True,False,True
5,0,50,EEG RG 51-Ref,True,0.21175523426323295,0.18871756302905876,0.07792730919194367,0.07598834630209743,0.023468592159503192,1.1006124450233663,True,True,False,True,True,True,True,False,True
5,0,51,EEG RG 52-Ref,True,0.23811799317749033,0.17976550447868017,0.10204173293499949,0.05747663633329417,0.050365382071061025,1.0131396414126002,True,True,True,True,True,True,True,True,True
5,0,52,EEG RG 53-Ref,True,0.25411005281345506,0.17142536294099786,0.11744631944180518,0.0422096775629627,0.015543464006176915,1.0354180648684819,True,True,True,True,True,True,True,True,True
5,0,53,EEG RG 54-Ref,True,0.24425675032642585,0.1788783747122119,0.08199272208979687,0.05633332605471196,0.003605669900874316,1.0933309001622833,True,True,True,True,True,True,True,True,True
5,0,54,EEG RG 55-Ref,True,0.19011977297043536,0.19450503034381567,0.034368633185065674,0.08705787604249418,0.0074075378577956145,1.1987888191959009,False,False,False,True,True,True,True,False,True
5,0,55,EEG RG 56-Ref,False,0.21382011332229495,0.21436024188458333,0.07942610790715286,0.05366687343628645,0.0011829963349650433,1.0805942184337654,False,False,True,True,True,True,True,False,True
5,0,56,EEG RG 57-Ref,False,0.19735001839093116,0.2542858274028678,0.0387308054854188,0.16369548278476753,0.007598906222692706,1.3142390268939712,False,False,False,True,True,True,True,False,True
5,0,57,EEG RG 58-Ref,False,0.20389429170777362,0.2681947316271835,0.04436491697133093,0.1834949029640482,0.020667147461429915,1.3310096915519598,False,False,False,True,True,True,True,False,True
5,0,58,EEG RG 59-Ref,True,0.2014228915523456,0.23870209688963429,0.04727605591267894,0.13999389855603356,0.0387430536100872,1.2320209238079354,False,False,False,True,True,True,True,False,True
5,0,59,EEG RG 60-Ref,False,0.21578768663939735,0.24482112109929272,0.05492188385218002,0.12228306031370058,0.05064589777855449,1.1452233243750218,False,False,False,True,True,True,True,False,True
5,0,60,EEG RG 61-Ref,False,0.25786967626205015,0.2419473626300885,0.08604209884942778,0.08881999492581037,0.06449744802673799,1.0320825931897653,False,False,False,True,True,True,True,False,True
5,0,61,EEG RG 62-Ref,False,0.27901827259956524,0.2403959030107681,0.12281559023541933,0.09519203836029803,0.03499147252150502,1.1724896638051312,True,True,True,True,True,True,True,True,True
5,0,62,EEG RG 63-Ref,False,0.23049561711644295,0.20593704385711795,0.08936917697199812,0.03701233334807003,0.004580283377629862,1.0255096365805871,True,True,True,True,True,True,True,True,True
5,0,63,EEG RG 64-Ref,False,0.3201879476664379,0.2601628617045387,0.2308895844839463,0.05052470023619922,0.00919471594335604,1.0223157755415373,True,True,True,True,True,True,True,True,True
5,1,0,EEG RG 01-Ref,False,0.24157501192709646,0.2236897357373027,0.16187809122809918,0.14910219926204935,0.008701984449696996,1.3609513058238796,True,False,False,True,True,True,True,False,True
5,1,1,EEG RG 02-Ref,True,0.23729311121600688,0.24127123670224573,0.1532279570605828,0.18462578058496726,0.009663810709201191,1.485796059255368,False,False,False,True,True,True,True,False,True
5,1,2,EEG RG 03-Ref,False,0.27826090965183164,0.24184408479310965,0.22086256917836844,0.19217863301794186,0.008290716074068609,1.602360902567733,True,True,True,True,True,True,True,True,True
5,1,3,EEG RG 04-Ref,False,0.34699598496290734,0.18728187485323997,0.3221876155171995,0.15334435000224073,0.019946287977432874,1.7153027273298196,True,True,True,True,True,True,True,True,True
5,1,4,EEG RG 05-Ref,False,0.26544614603904415,0.1979161677106189,0.23077682934280624,0.15953672096840057,0.018671586991114084,1.5891715348734339,True,True,True,True,True,True,True,True,True
5,1,5,EEG RG 06-Ref,False,0.21869342274116232,0.237257196838608,0.16615725260775957,0.19203977676118766,0.0021785252704954053,1.584449775011724,False,False,False,True,True,True,True,False,True
5,1,6,EEG RG 07-Ref,False,0.21913702404067203,0.2651184409818391,0.1331549908775393,0.19383397529138538,0.02585991437011445,1.45916547208014,False,False,False,True,True,True,True,False,True
5,1,7,EEG RG 08-Ref,False,0.21388095325113957,0.271623533869997,0.09536145618840142,0.19130203396924852,0.0203270942176633,1.4017945543514245,False,False,False,True,True,True,True,False,True
5,1,8,EEG RG 09-Ref,False,0.23598890285416763,0.18950163004838014,0.17973067703667947,0.12455984808876357,0.0033932018092365144,1.3668062437951476,True,True,True,True,True,True,True,True,True
5,1,9,EEG RG 10-Ref,False,0.27466154514770286,0.23225128028457243,0.23286904762921543,0.201497368321115,0.038878454561666595,1.6949859105180003,True,True,True,True,True,True,True,True,True
5,1,10,EEG RG 11-Ref,False,0.3345596807450487,0.18528371140759364,0.30154354404273376,0.14398942240484033,0.0014911499885867396,1.686059792654136,True,True,True,True,True,True,True,True,True
5,1,11,EEG RG 12-Ref,False,0.3773973025293787,0.15826219955397078,0.36216867051324375,0.13074484811940446,0.0107817076247417,1.8216089211503115,True,True,True,True,True,True,True,True,True
5,1,12,EEG RG 13-Ref,False,0.2862516819087136,0.20030657805511937,0.25818708214044495,0.16688082933207962,0.018594435301019445,1.7403068459951356,True,True,True,True,True,True,True,True,True
5,1,13,EEG RG 14-Ref,True,0.23292447326159163,0.2695368071618367,0.1909167538470696,0.23982556920495898,0.027610690990331335,1.9216748869746971,False,False,False,True,True,True,True,False,True
5,1,14,EEG RG 15-Ref,True,0.24614884863730435,0.27445459035754777,0.19775654398725265,0.23171889143538937,0.020976438047839732,1.7572444545345285,False,False,False,True,True,True,True,False,True
5,1,15,EEG RG 16-Ref,False,0.24269804843064502,0.27305093626483823,0.15565120302973579,0.2120246809180662,0.0064506640420232755,1.5861142502546206,False,False,False,True,True,True,True,False,True
5,1,16,EEG RG 17-Ref,False,0.25986471052089877,0.1588024665873294,0.22073908739520687,0.11174518477491419,0.026028780011270184,1.4579063951149875,True,True,True,True,True,True,True,True,True
5,1,17,EEG RG 18-Ref,False,0.3811922462697161,0.11123438210213195,0.355859659038316,0.07410629270701828,0.00628065616553395,1.4253736516167341,True,True,True,True,True,True,True,True,True
5,1,18,EEG RG 19-Ref,False,0.4132910043380073,0.10712892747153041,0.3938047957526344,0.07044983272409604,0.0015178128650628685,1.4347510868381188,True,True,True,True,True,True,True,True,True
5,1,19,EEG RG 20-Ref,True,0.4082250327611552,0.12174934407392497,0.38777039155421666,0.09278720265003289,0.00348938776400234,1.577968626998494,True,True,True,True,True,True,True,True,True
5,1,20,EEG RG 21-Ref,True,0.3212517876829553,0.16303985273774532,0.29194911992823497,0.13078829300856198,0.016012983100571924,1.580715627285695,True,True,True,True,True,True,True,True,True
5,1,21,EEG RG 22-Ref,True,0.22625258211278965,0.24535568578654932,0.16267940845115342,0.21335103020989768,0.018446121382506998,1.6370561272140172,False,False,False,True,True,True,True,False,True
5,1,22,EEG RG 23-Ref,False,0.24586608831817938,0.2930065002813706,0.13618860895101886,0.2289539831705416,0.034566380373294715,1.6493440290074277,False,False,False,True,True,True,True,False,True
5,1,23,EEG RG 24-Ref,False,0.2432009127007274,0.2685506983999852,0.10766996861155116,0.17688685947782673,0.049416965128213086,1.4459549626993187,False,False,False,True,True,True,True,False,True
5,1,24,EEG RG 25-Ref,False,0.32016398616203423,0.10485381631229193,0.30441588412721676,0.06931711175638251,0.032407896861160676,1.381363353026142,True,True,True,True,True,True,True,True,True
5,1,25,EEG RG 26-Ref,True,0.3649518499658825,0.07341940257039131,0.3520798924585439,0.04077245706384391,0.01597834870937641,1.2574388104646457,True,True,True,True,True,True,True,True,True
5,1,26,EEG RG 27-Ref,True,0.3833680757493737,0.07523860541066844,0.36872927544865014,0.03171458120160758,0.009534230916601511,1.1710055186267112,True,True,True,True,True,True,True,True,True
5,1,27,EEG RG 28-Ref,True,0.3614107656498738,0.09651023550203805,0.34101529862837127,0.05368215673366511,0.007371760688163135,1.2654970276441841,True,True,True,True,True,True,True,True,True
5,1,28,EEG RG 29-Ref,True,0.3078353546006264,0.14802095984138502,0.2730054381645615,0.10558351147584176,0.018615652247560316,1.3825244748056473,True,True,True,True,True,True,True,True,True
5,1,29,EEG RG 30-Ref,True,0.24660669864879875,0.22832430319466507,0.16261494100263732,0.17454449265959587,0.010332424389688793,1.4774173244358775,False,False,False,True,True,True,True,False,True
5,1,30,EEG RG 31-Ref,True,0.24267340295117404,0.30065079027808667,0.09464731194572208,0.2300746131875641,0.04063742344535012,1.5380696787148145,False,False,False,True,True,True,True,False,True
5,1,31,EEG RG 32-Ref,False,0.2502310386180157,0.3061489162424652,0.05560886952708589,0.20913064394286718,0.05323627947567437,1.429470774636311,False,False,False,True,True,True,True,False,True
5,1,32,EEG RG 33-Ref,False,0.2226405933320887,0.18415747984860753,0.17794079110269315,0.15015664826689842,0.021507364312808565,1.4779838610588318,True,True,True,True,True,True,True,True,True
5,1,33,EEG RG 34-Ref,True,0.27496643494461886,0.11754966968774075,0.25113860469708765,0.054428929138727856,0.01220120993751555,1.1848382046170653,True,True,True,True,True,True,True,True,True
5,1,34,EEG RG 35-Ref,True,0.32321350473498534,0.10041355066516641,0.30500501697428517,0.02922225713943831,0.013120052404096439,1.0965320856688294,True,True,True,True,True,True,True,True,True
5,1,35,EEG RG 36-Ref,True,0.3282319955385748,0.10665539330029877,0.2982016035526683,0.03521259522744799,0.000532583805099597,1.136818571501993,True,True,True,True,True,True,True,True,True
5,1,36,EEG RG 37-Ref,True,0.29928850426835624,0.14903426164758546,0.24743243542569415,0.0826172865253708,0.01911916138110744,1.2775921409315567,True,True,True,True,True,True,True,True,True
5,1,37,EEG RG 38-Ref,True,0.26056108813323575,0.1918239136637646,0.17098325255363336,0.12388065403920354,0.024653522806766547,1.3168954080587703,True,True,True,True,True,True,True,True,True
5,1,38,EEG RG 39-Ref,True,0.23359975925030432,0.25879929751675196,0.1034991939101665,0.1939510501783203,0.0502625806338953,1.4285502091504254,False,False,False,True,True,True,True,False,True
5,1,39,EEG RG 40-Ref,False,0.23084047921906758,0.2911102052656301,0.018061210424744446,0.19295171538476297,0.04940373750629039,1.3539550043470423,False,False,False,True,True,True,True,False,True
5,1,40,EEG RG 41-Ref,False,0.20678467933290726,0.15086309609904433,0.1641471873074316,0.11181733952097771,0.0036594599156253033,1.3735000580919747,True,True,True,True,True,True,True,True,True
5,1,41,EEG RG 42-Ref,True,0.22322525983940839,0.1674721218977587,0.15668917596288023,0.07582337583970858,0.014680885511855405,1.1540867875007312,True,True,True,True,True,True,True,True,True
5,1,42,EEG RG 43-Ref,True,0.25475562948770797,0.14818413173560063,0.19933682541849598,0.06486498455327572,0.015997783033576324,1.1343313317295358,True,True,True,True,True,True,True,True,True
5,1,43,EEG RG 44-Ref,True,0.28439248540134915,0.13765211285981965,0.21955404192603384,0.033613193890207504,0.007611543486928417,1.0594072594979713,True,True,True,True,True,True,True,True,True
5,1,44,EEG RG 45-Ref,True,0.2864927026598902,0.1622091450538937,0.21085202397157238,0.0794504366154944,0.027549217304195236,1.2253380775100944,True,True,True,True,True,True,True,True,True
5,1,45,EEG RG 46-Ref,True,0.26816974054979265,0.17529591703940745,0.170820835790207,0.09252051033095081,0.00941229397591066,1.2395504542410343,True,True,True,True,True,True,True,True,True
5,1,46,EEG RG 47-Ref,True,0.232246307958349,0.20715723777028258,0.1264747278914208,0.13395043440871054,0.01289768063117091,1.3341204838573497,False,True,False,True,True,True,True,False,True
5,1,47,EEG RG 48-Ref,False,0.19235690466651878,0.23875614076036966,0.06778233846678718,0.16493836085423305,0.014579601813663448,1.3711278733964278,False,False,False,True,True,True,True,False,True
5,1,48,EEG RG 49-Ref,True,0.19212670129553092,0.2155362306410553,0.0507504324970358,0.10415810145828408,0.0023607772110513137,1.2045276495708248,False,False,False,True,True,True,True,False,True
5,1,49,EEG RG 50-Ref,True,0.20072787122235447,0.22902657856804343,0.08382310097638754,0.13649666745692712,0.012582300730324816,1.2599526591568528,False,False,False,True,True,True,True,False,True
5,1,50,EEG RG 51-Ref,True,0.21472272055425826,0.19492985355939949,0.10267515363562137,0.07723832697305405,0.023707816083229517,1.1138781406368647,True,False,True,True,True,True,True,False,True
5,1,51,EEG RG 52-Ref,True,0.2446884033564195,0.18438003500216604,0.11914412034366373,0.05388686829419545,0.05005086715973257,1.0183237621628038,True,True,True,True,True,True,True,True,True
5,1,52,EEG RG 53-Ref,True,0.2605302198948316,0.1769694722636353,0.13708266691546378,0.05142793647402328,0.01547991056070481,1.058034061217966,True,True,True,True,True,True,True,True,True
5,1,53,EEG RG 54-Ref,True,0.25428603914466313,0.1752934319101415,0.12163698010016115,0.058429690314146056,0.0034625643598754485,1.1158837246240758,True,True,True,True,True,True,True,True,True
5,1,54,EEG RG 55-Ref,True,0.2003748469628396,0.200364860749619,0.06610332494857404,0.09794753486387776,0.008281377134875072,1.214329912018217,False,False,False,True,True,True,True,False,True
5,1,55,EEG RG 56-Ref,False,0.20418565780243833,0.21679758703606614,0.05452412870337116,0.05008797330769506,0.00148142969360157,1.0769089990043015,False,False,False,True,True,True,True,False,True
5,1,56,EEG RG 57-Ref,False,0.20101794401774925,0.23555004511808314,0.053215269646156985,0.13569809579253364,0.00838503702625018,1.2610466965141651,False,False,False,True,True,True,True,False,True
5,1,57,EEG RG 58-Ref,False,0.2026318053374978,0.2521915369968702,0.05812778115589939,0.15946579957587298,0.021970741902750487,1.290221968850944,False,False,False,True,True,True,True,False,True
5,1,58,EEG RG 59-Ref,True,0.20387868471869508,0.23100344273505843,0.05840408845230354,0.13081148777082346,0.03869976123326883,1.2220737819063294,False,False,False,True,True,True,True,False,True
5,1,59,EEG RG 60-Ref,False,0.21355069105746544,0.23002571349647025,0.059866340469883185,0.10734139642864512,0.04995671874509605,1.1329674447905353,False,False,False,True,True,True,True,False,True
5,1,60,EEG RG 61-Ref,False,0.2541806029811278,0.23213557228565404,0.08509235615098788,0.08484659276471816,0.06499090273787454,1.035942277080335,True,False,False,True,True,True,True,False,True
5,1,61,EEG RG 62-Ref,False,0.2674242738324016,0.22968610713854917,0.09417280817773642,0.0889430832172002,0.03598147089186929,1.1330218996315682,True,True,False,True,True,True,True,False,True
5,1,62,EEG RG 63-Ref,False,0.2216046651132436,0.2084887295511319,0.0591420618113724,0.04162635265541157,0.0032121268368698434,1.002181794818205,True,False,True,True,True,True,True,False,True
5,1,63,EEG RG 64-Ref,False,0.2978499233515668,0.26168551584015187,0.20299577569684535,0.053525877526046706,0.012350568789818276,1.009541382350544,True,True,True,True,True,True,True,True,True
5,2,0,EEG RG 01-Ref,False,0.22802360503921057,0.21312041575655793,0.14416274056984782,0.14304898592789406,0.00994041704172323,1.337917753024381,True,False,False,True,True,True,True,False,True
5,2,1,EEG RG 02-Ref,True,0.22585459539244976,0.23386443948572735,0.13073594138244912,0.1762428845179492,0.006945296119734965,1.4424615257287676,False,False,False,True,True,True,True,False,True
5,2,2,EEG RG 03-Ref,False,0.2697847540552214,0.23725352663296836,0.20518442050612518,0.18453738025431513,0.0046120755584290575,1.5611114211059778,True,True,True,True,True,True,True,True,True
5,2,3,EEG RG 04-Ref,False,0.33230106518845814,0.1876934589715083,0.3073667926804728,0.15234160916745734,0.017007935312960746,1.7174259269820173,True,True,True,True,True,True,True,True,True
5,2,4,EEG RG 05-Ref,False,0.2702057048026151,0.19787696267454996,0.23574598911838612,0.1595128810923052,0.018894789198487957,1.5663423006422474,True,True,True,True,True,True,True,True,True
5,2,5,EEG RG 06-Ref,False,0.2301153660630319,0.21957206082270941,0.17988366511619208,0.1724656443341997,0.0014711710544504934,1.5041343455703915,True,False,False,True,True,True,True,False,True
5,2,6,EEG RG 07-Ref,False,0.2084035458618658,0.2326634662274895,0.11984981741299623,0.14526010276641987,0.025820950851339966,1.3219120058302987,False,False,False,True,True,True,True,False,True
5,2,7,EEG RG 08-Ref,False,0.21252270117448338,0.24912735419068982,0.0804115711321172,0.15552225346737442,0.019484272632357785,1.3207737181878023,False,False,False,True,True,True,True,False,True
5,2,8,EEG RG 09-Ref,False,0.23238973284137107,0.18477463952426187,0.17839572607120577,0.12593094687625841,0.003910827112778435,1.366059484365705,True,True,True,True,True,True,True,True,True
5,2,9,EEG RG 10-Ref,False,0.27196655062531433,0.22566617005703757,0.23041439829223925,0.18696827041234246,0.03695601396672987,1.64311989186417,True,True,True,True,True,True,True,True,True
5,2,10,EEG RG 11-Ref,False,0.3145361429647238,0.17947330355457075,0.2762064917320248,0.13569601632946984,0.004826367355565551,1.622492681142692,True,True,True,True,True,True,True,True,True
5,2,11,EEG RG 12-Ref,False,0.3488081939891795,0.1576483265931991,0.33157891193285294,0.12820264747417692,0.008719155808913415,1.7995486446719648,True,True,True,True,True,True,True,True,True
5,2,12,EEG RG 13-Ref,False,0.2746244665113081,0.19862089552700574,0.24523347029049442,0.1648413512051877,0.01907706255564126,1.7228154140725025,True,True,True,True,True,True,True,True,True
5,2,13,EEG RG 14-Ref,True,0.23765672892150141,0.26866579160257525,0.1897310166754516,0.23414482860210825,0.02965423356104789,1.8897643818943188,False,False,False,True,True,True,True,False,True
5,2,14,EEG RG 15-Ref,True,0.22925477618442625,0.2588296450532126,0.17360603291267157,0.20825755693477538,0.02190780028802554,1.6637459546576483,False,False,False,True,True,True,True,False,True
5,2,15,EEG RG 16-Ref,False,0.22706046405107425,0.2546242618495674,0.1372289599922961,0.18932498793835256,0.005636131836738487,1.501578321442511,False,False,False,True,True,True,True,False,True
5,2,16,EEG RG 17-Ref,False,0.2716483932636104,0.1629100392599177,0.23553131183154002,0.11690475689057611,0.024304350774227722,1.4571140135598506,True,True,True,True,True,True,True,True,True
5,2,17,EEG RG 18-Ref,False,0.3650303501229005,0.1089141857304505,0.3381835460633078,0.06854536694716369,0.006263210002533262,1.3975684378116005,True,True,True,True,True,True,True,True,True
5,2,18,EEG RG 19-Ref,False,0.3793658995689263,0.10576744833297312,0.35715475921308065,0.06903031423820942,0.002115744144109626,1.4159250815012885,True,True,True,True,True,True,True,True,True
5,2,19,EEG RG 20-Ref,True,0.3904539283986041,0.11907208380338576,0.3687935653612606,0.08995372919880745,0.003624863820803088,1.545935222926045,True,True,True,True,True,True,True,True,True
5,2,20,EEG RG 21-Ref,True,0.3270801939259743,0.1607239185503397,0.2984920918553269,0.13113255496623888,0.018381322895336064,1.5754295568445726,True,True,True,True,True,True,True,True,True
5,2,21,EEG RG 22-Ref,True,0.24261004604991454,0.2579665325546102,0.17972611808837555,0.2272261839937421,0.021062887891030672,1.6739217358499652,False,False,False,True,True,True,True,False,True
5,2,22,EEG RG 23-Ref,False,0.250490086514793,0.3145481875337219,0.14480335271727085,0.25565345780496784,0.03271801918889449,1.7194532568491903,False,False,False,True,False,True,True,False,True
5,2,23,EEG RG 24-Ref,False,0.24186391686210082,0.2784830400295382,0.10417956323875881,0.19846227174376113,0.04854185203056116,1.4916058466679962,False,False,False,True,True,True,True,False,True
5,2,24,EEG RG 25-Ref,False,0.3082011549605293,0.10018314660794783,0.29345891330456536,0.06735345049187383,0.031263638539689734,1.3558589474159637,True,True,True,True,True,True,True,True,True
5,2,25,EEG RG 26-Ref,True,0.3713072998607195,0.07059710642024192,0.3575707523545121,0.03475730900406747,0.014955245717395248,1.2086531461961776,True,True,True,True,True,True,True,True,True
5,2,26,EEG RG 27-Ref,True,0.39494430648138157,0.0756113668722193,0.3795475766227855,0.032631193135946354,0.00884113225008229,1.1712011537053395,True,True,True,True,True,True,True,True,True
5,2,27,EEG RG 28-Ref,True,0.3809912196398341,0.09660896194334768,0.3612527549105493,0.05310020533109564,0.005422911086623731,1.25854305396788,True,True,True,True,True,True,True,True,True
5,2,28,EEG RG 29-Ref,True,0.32935670246427123,0.148547970581004,0.2952900627401576,0.10378863998786943,0.02051401843859659,1.3767422330366295,True,True,True,True,True,True,True,True,True
5,2,29,EEG RG 30-Ref,True,0.2585136739607649,0.23553345825322006,0.1742927059156162,0.18482287235432912,0.007360022312748096,1.5175151958048283,False,False,False,True,True,True,True,False,True
5,2,30,EEG RG 31-Ref,True,0.2456450169400732,0.3143006829927261,0.10259745255402115,0.23967674293906707,0.03804409046646841,1.583851425881134,False,False,False,True,True,True,True,False,True
5,2,31,EEG RG 32-Ref,False,0.24844089811294295,0.3187153129836534,0.06678178179994441,0.22458044561168247,0.051604349427896795,1.4670379609756692,False,False,False,True,True,True,True,False,True
5,2,32,EEG RG 33-Ref,False,0.25239403032635005,0.19311315453770703,0.20739688822998803,0.16130410986595345,0.021714690486900383,1.5126481384130264,True,True,True,True,True,True,True,True,True
5,2,33,EEG RG 34-Ref,True,0.29989605575425043,0.11802194214609521,0.2721289303850983,0.057379920211646125,0.010936781428274046,1.1823718008077184,True,True,True,True,True,True,True,True,True
5,2,34,EEG RG 35-Ref,True,0.3466902064484834,0.09801113823972195,0.3260194039524716,0.0273014281141092,0.011282442504161553,1.0623951857824823,True,True,True,True,True,True,True,True,True
5,2,35,EEG RG 36-Ref,True,0.3473106176851464,0.10402489343641073,0.31522989041518007,0.0341646630863563,0.00135862684579702,1.1354782622627553,True,True,True,True,True,True,True,True,True
5,2,36,EEG RG 37-Ref,True,0.3075668855260512,0.1501801157275764,0.2533821738819369,0.08425344835603972,0.020761827076419152,1.288587855844105,True,True,True,True,True,True,True,True,True
5,2,37,EEG RG 38-Ref,True,0.2602013715422276,0.18768730772620185,0.16269749613684903,0.1192928046877875,0.02099302428650942,1.3180354217251804,True,True,True,True,True,True,True,True,True
5,2,38,EEG RG 39-Ref,True,0.23131445695304137,0.2511846247919854,0.08307988817110835,0.18376255304199984,0.04564482437618732,1.4277890006924174,False,False,False,True,True,True,True,False,True
5,2,39,EEG RG 40-Ref,False,0.23024417277358625,0.2957560276966945,0.02504807502877867,0.19406097366424838,0.04669580301009086,1.382777768559121,False,False,False,True,True,True,True,False,True
5,2,40,EEG RG 41-Ref,False,0.2131265149225643,0.16535704099988588,0.1702331528074752,0.12337034079458502,0.00299314976018762,1.4247811552869172,True,True,True,True,True,True,True,True,True
5,2,41,EEG RG 42-Ref,True,0.23802566302447983,0.17013518220114018,0.163759928017953,0.0824748651454499,0.015003881856271228,1.1648336683847997,True,True,True,True,True,True,True,True,True
5,2,42,EEG RG 43-Ref,True,0.2565813073770101,0.1460506804478418,0.19244675018181767,0.0618751717944684,0.014583700802200679,1.0966994555435952,True,True,True,True,True,True,True,True,True
5,2,43,EEG RG 44-Ref,True,0.2723061826759554,0.13376362583527374,0.20297129139176714,0.025096148580632863,0.006083502831758794,1.0460779059596845,True,True,True,True,True,True,True,True,True
5,2,44,EEG RG 45-Ref,True,0.27119818051280564,0.161700172956964,0.18829370934112905,0.07643106157186072,0.0243397327743396,1.225162153827778,True,True,True,True,True,True,True,True,True
5,2,45,EEG RG 46-Ref,True,0.2509421877760633,0.17227312791314564,0.13925323694636674,0.0908043759106789,0.007342328957006455,1.233304437076483,True,True,True,True,True,True,True,True,True
5,2,46,EEG RG 47-Ref,True,0.21397054396609735,0.19955438283866006,0.08797266766003807,0.1235889583262449,0.010050053106996394,1.2988025141111352,False,False,False,True,True,True,True,False,True
5,2,47,EEG RG 48-Ref,False,0.1836900633965838,0.24116562775680445,0.029507401030829262,0.16097157958304772,0.01231164132635928,1.3665824721621573,False,False,False,True,True,True,True,False,True
5,2,48,EEG RG 49-Ref,True,0.20527075421117627,0.22513843766902825,0.04002472151136125,0.11925238545743265,0.001443548486798544,1.241535617158602,False,False,False,True,True,True,True,False,True
5,2,49,EEG RG 50-Ref,True,0.21027637250374476,0.2291297556829353,0.068452889479481,0.13243566107126675,0.011458800409573658,1.254028985065899,False,False,False,True,True,True,True,False,True
5,2,50,EEG RG 51-Ref,True,0.20976100547027576,0.1902286507806035,0.0777872275161449,0.07008262934398515,0.023665382455493447,1.0876059163279446,True,False,False,True,True,True,True,False,True
5,2,51,EEG RG 52-Ref,True,0.22754140809889248,0.18276392660965562,0.08532605319593571,0.05766220949224683,0.05027694566919928,1.0139609569092223,True,True,True,True,True,True,True,True,True
5,2,52,EEG RG 53-Ref,True,0.23910313691869886,0.1750415707441582,0.09451895010514681,0.03671999496999135,0.016315430075692857,1.0324853287274176,True,True,True,True,True,True,True,True,True
5,2,53,EEG RG 54-Ref,True,0.2339192534639513,0.1702610511152056,0.06366382978258883,0.053851311574240675,0.002718054354738526,1.0948754533854161,True,True,True,True,True,True,True,True,True
5,2,54,EEG RG 55-Ref,True,0.18604707959184685,0.19732843348954499,0.025161099930161347,0.09847300223485671,0.008985730735593675,1.2039511525989268,False,False,False,True,True,True,True,False,True
5,2,55,EEG RG 56-Ref,False,0.20940906568939346,0.2235157881333211,0.0801973593282224,0.06931352674905479,0.0019253137584440843,1.1027397104993233,False,False,True,True,True,True,True,False,True
5,2,56,EEG RG 57-Ref,False,0.20957669552245328,0.2519463000301725,0.04000369664158519,0.15519396903367028,0.006949966476907672,1.3013948161060653,False,False,False,True,True,True,True,False,True
5,2,57,EEG RG 58-Ref,False,0.21496040677239542,0.2576452322115358,0.04299907740725675,0.1653984273057537,0.020300295864977096,1.3010347790658847,False,False,False,True,True,True,True,False,True
5,2,58,EEG RG 59-Ref,True,0.21019895767865382,0.23574657187272177,0.05105990175913686,0.13759878971034328,0.0375159586291327,1.2348472570916516,False,False,False,True,True,True,True,False,True
5,2,59,EEG RG 60-Ref,False,0.21939206795243552,0.2419653378056378,0.06277839535388662,0.12047254001320185,0.04853761725242497,1.1498816336521474,False,False,False,True,True,True,True,False,True
5,2,60,EEG RG 61-Ref,False,0.2592365373464522,0.2352032723078232,0.0880823091461151,0.08762789827959022,0.06359422436138135,1.0303965662460532,True,False,False,True,True,True,True,False,True
5,2,61,EEG RG 62-Ref,False,0.2701745039134446,0.23486443940595264,0.1166213495726219,0.09296979472570222,0.03427951970213661,1.173969911135166,True,True,True,True,True,True,True,True,True
5,2,62,EEG RG 63-Ref,False,0.2285803421711003,0.20425502428708106,0.09589587021242525,0.041294259384439196,0.0019124708760404794,1.0230755067705959,True,True,True,True,True,True,True,True,True
5,2,63,EEG RG 64-Ref,False,0.31648395347773073,0.2746187517997886,0.22626624160414704,0.06644444448613411,0.01294043131694703,1.0510391380722948,True,True,True,True,True,True,True,True,True
6,0,0,EEG RG 01-Ref,False,0.25869753951764346,0.21842613652804707,0.1686230277747209,0.15388133282218083,0.02116765966879789,1.3505002740668863,True,True,False,True,True,True,True,False,True
6,0,1,EEG RG 02-Ref,True,0.224456603250235,0.23284255112913477,0.149493055588515,0.18654053054406627,0.0034299256835400994,1.4663581238264096,False,False,False,True,True,True,True,False,True
6,0,2,EEG RG 03-Ref,False,0.2590224402312738,0.21602705766369681,0.21019089689927634,0.17735473829680654,0.00892002429252298,1.5746902236657114,True,True,True,True,True,True,True,True,True
6,0,3,EEG RG 04-Ref,False,0.3039961811872266,0.15927039949960567,0.27939328297190086,0.13109726726575507,0.038219499293834135,1.5872799386201193,True,True,True,True,True,True,True,True,True
6,0,4,EEG RG 05-Ref,False,0.24146394390080259,0.17778540219814049,0.1927135359766487,0.13773061685505575,0.04856309271500758,1.4987374263945088,True,True,True,True,True,True,True,True,True
6,0,5,EEG RG 06-Ref,False,0.2431661033040417,0.24317131361480804,0.16616509820588168,0.18713495186763865,0.03661504593300969,1.5654229302264986,False,False,False,True,True,True,True,False,True
6,0,6,EEG RG 07-Ref,False,0.26891682458031324,0.26503497568660306,0.12881304024871748,0.18566643815950318,0.0062203627126561686,1.426552264774764,False,False,False,True,True,True,True,False,True
6,0,7,EEG RG 08-Ref,False,0.24163125157558762,0.2609788660012769,0.07300657425239457,0.18005046404851932,0.009812670508128719,1.378081795244081,False,False,False,True,True,True,True,False,True
6,0,8,EEG RG 09-Ref,False,0.2911113073202824,0.18076369209093263,0.21576998964793836,0.12572140544686133,0.01163761874992578,1.3648616727044285,True,True,True,True,True,True,True,True,True
6,0,9,EEG RG 10-Ref,False,0.26409314672943157,0.22491923169327502,0.22420155569325187,0.19841060641761896,0.0004150266070625075,1.693683553534897,True,True,True,True,True,True,True,True,True
6,0,10,EEG RG 11-Ref,False,0.2922800124455794,0.16626139783684013,0.26773343256016624,0.1314440046615257,0.010071579386853744,1.609049723160571,True,True,True,True,True,True,True,True,True
6,0,11,EEG RG 12-Ref,False,0.3612059266135744,0.15746950783991798,0.34573127614319976,0.12880836330934722,0.02119298919661195,1.8039145665529719,True,True,True,True,True,True,True,True,True
6,0,12,EEG RG 13-Ref,False,0.29186170168826314,0.20048200588838966,0.26526125584308635,0.16281258163012458,0.010096451269651164,1.725172478572642,True,True,True,True,True,True,True,True,True
6,0,13,EEG RG 14-Ref,True,0.25981901900160115,0.2801467441868059,0.2134104225412573,0.24136658863006036,0.014085556534560001,1.9148130660927858,False,False,False,True,True,True,True,False,True
6,0,14,EEG RG 15-Ref,True,0.2638417437759793,0.2742694852424613,0.19624076833544235,0.222441570537483,0.020651117455492484,1.7257996248506164,False,False,False,True,True,True,True,False,True
6,0,15,EEG RG 16-Ref,False,0.21379877092713007,0.2579464937534385,0.1304775285178419,0.2048141200031483,0.005125894461548509,1.5571858610970046,False,False,False,True,True,True,True,False,True
6,0,16,EEG RG 17-Ref,False,0.4460760081529268,0.1559412524601786,0.3694234450417629,0.11846593179596486,0.0017615202045690457,1.4618144208885142,True,True,True,True,True,True,True,True,True
6,0,17,EEG RG 18-Ref,False,0.3779012965321578,0.10771914121566756,0.34161508279632347,0.0711330590529896,0.02326441175048867,1.4115099828806725,True,True,True,True,True,True,True,True,True
6,0,18,EEG RG 19-Ref,False,0.36041332503243145,0.10957753344126361,0.342863066487659,0.07025374812862283,0.0035511137715251205,1.4342199829662883,True,True,True,True,True,True,True,True,True
6,0,19,EEG RG 20-Ref,True,0.3895306170151227,0.13141167748347624,0.3682667527896728,0.09964321829376051,0.006865567639178489,1.6053838867267793,True,True,True,True,True,True,True,True,True
6,0,20,EEG RG 21-Ref,True,0.3331825938441309,0.1659524136937767,0.3026555766749848,0.1305323066589618,0.025233165452196546,1.5733373240023525,True,True,True,True,True,True,True,True,True
6,0,21,EEG RG 22-Ref,True,0.29385603414639094,0.25742995744898145,0.21021925327964636,0.2163374347870991,0.04278884597861668,1.6304875413260493,False,True,False,True,True,True,True,False,True
6,0,22,EEG RG 23-Ref,False,0.3239610718367351,0.2740778461629683,0.16756903079869184,0.2156173366391108,0.008547266788019151,1.6093380168139149,False,True,False,True,True,True,True,False,True
6,0,23,EEG RG 24-Ref,False,0.2873596804450292,0.24450336944552237,0.1154340035418265,0.16592004150353087,0.00440147140274729,1.4140592026890215,False,True,False,True,True,True,True,False,True
6,0,24,EEG RG 25-Ref,False,0.2845288809727267,0.10924295229783529,0.2737277280132559,0.06843532175405118,0.004963312978863335,1.3895800361870922,True,True,True,True,True,True,True,True,True
6,0,25,EEG RG 26-Ref,True,0.3489862737799123,0.07910993214944018,0.33014007155051145,0.044494076624441575,0.02173687813058486,1.320855236619971,True,True,True,True,True,True,True,True,True
6,0,26,EEG RG 27-Ref,True,0.3824728621900038,0.0783682986469967,0.36017417523344086,0.03565677392055763,0.0015673027347724421,1.199178896927687,True,True,True,True,True,True,True,True,True
6,0,27,EEG RG 28-Ref,True,0.3645670145643848,0.10285303850302968,0.3387790955574907,0.05663409972204254,0.010901888607335177,1.2715010345541877,True,True,True,True,True,True,True,True,True
6,0,28,EEG RG 29-Ref,True,0.3089712550680075,0.15137035229072096,0.270234955830164,0.10399269686330333,0.0380809115729405,1.3597618327519398,True,True,True,True,True,True,True,True,True
6,0,29,EEG RG 30-Ref,True,0.2746846083840256,0.21494041029719582,0.16831345542854234,0.16344800155387396,0.015192297318655646,1.44139921456804,True,True,False,True,True,True,True,False,True
6,0,30,EEG RG 31-Ref,True,0.30738165379430404,0.27096648996250716,0.10477918335443494,0.2018890343942742,0.005541152430235555,1.4885992879399152,False,True,False,True,True,True,True,False,True
6,0,31,EEG RG 32-Ref,False,0.2960876407235531,0.2676467481158648,0.05325081080017495,0.1817486261699572,0.01578092378036125,1.3820306715259674,False,False,False,True,True,True,True,False,True
6,0,32,EEG RG 33-Ref,False,0.24684493118822834,0.22012728824933242,0.2141868634850614,0.1881070344655514,0.0023949181135414026,1.5947846138476645,True,True,True,True,True,True,True,True,True
6,0,33,EEG RG 34-Ref,True,0.33195629698701273,0.12723351946809294,0.29302509807292015,0.07470075334882738,0.012047522472176742,1.238220276372458,True,True,True,True,True,True,True,True,True
6,0,34,EEG RG 35-Ref,True,0.36065186258920456,0.09858480259749786,0.3280145745144183,0.03466887028068072,0.0050511680212490416,1.1098627171238162,True,True,True,True,True,True,True,True,True
6,0,35,EEG RG 36-Ref,True,0.34317962627820825,0.10811332465632577,0.30884063049515903,0.04101091346816652,0.015674315334077378,1.1572904948719827,True,True,True,True,True,True,True,True,True
6,0,36,EEG RG 37-Ref,True,0.2853693421028355,0.1451336101356616,0.23372136268115307,0.08256789202766608,0.027504796032185145,1.271018171472401,True,True,True,True,True,True,True,True,True
6,0,37,EEG RG 38-Ref,True,0.24760182179987536,0.1836640195045983,0.14527108347117554,0.11650234062873084,0.027468787067349888,1.3006508336565346,True,True,True,True,True,True,True,True,True
6,0,38,EEG RG 39-Ref,True,0.2753262330396647,0.24190709526846277,0.0944939367867253,0.1797836401528951,0.03867381124355986,1.4151620817550274,False,True,False,True,True,True,True,False,True
6,0,39,EEG RG 40-Ref,False,0.3025433605438789,0.268324321150711,0.04011645366979744,0.17447510359938453,0.028135694772219725,1.339427962460343,False,True,False,True,True,True,True,False,True
6,0,40,EEG RG 41-Ref,False,0.21617855382177673,0.16981556312839866,0.17878552338651868,0.13363217266678293,0.01279235852491255,1.4436083007935234,True,True,True,True,True,True,True,True,True
6,0,41,EEG RG 42-Ref,True,0.24114805655413113,0.17724678354683082,0.16982833659048602,0.10163016122427034,0.03083542075510845,1.2065613088971319,True,True,True,True,True,True,True,True,True
6,0,42,EEG RG 43-Ref,True,0.2800118223888435,0.15905741097828927,0.2141561431703419,0.07456300744158753,0.007672464823548561,1.152372054967199,True,True,True,True,True,True,True,True,True
6,0,43,EEG RG 44-Ref,True,0.28176103231400784,0.14386079418823253,0.2213495464122195,0.03981860778717825,0.010676639081054361,1.0859378932286088,True,True,True,True,True,True,True,True,True
6,0,44,EEG RG 45-Ref,True,0.25333181324853227,0.1666853427628311,0.18384251561531598,0.086228927902662,0.032583883946590786,1.236529132548929,True,True,True,True,True,True,True,True,True
6,0,45,EEG RG 46-Ref,True,0.24221077572862776,0.184487161735369,0.1323609692595761,0.10282779118473528,0.023838510702022263,1.2590279443572152,True,True,True,True,True,True,True,True,True
6,0,46,EEG RG 47-Ref,True,0.24198886248201046,0.22001337195935317,0.11187536484437176,0.14600077683474985,0.014401860867780253,1.3544091893262242,False,False,False,True,True,True,True,False,True
6,0,47,EEG RG 48-Ref,False,0.2355042040119766,0.26786522229433596,0.07031198735611174,0.1969921819563021,0.040001086993742475,1.428739589462226,False,False,False,True,True,True,True,False,True
6,0,48,EEG RG 49-Ref,True,0.2007558078782185,0.24103174452379397,0.053373243572509235,0.14857419504927957,0.011608642511896132,1.2836916245884527,False,False,False,True,True,True,True,False,True
6,0,49,EEG RG 50-Ref,True,0.23695182909105672,0.2514241314231952,0.09881181478460825,0.17334314021938949,0.01709883553823327,1.3285368940921347,False,False,False,True,True,True,True,False,True
6,0,50,EEG RG 51-Ref,True,0.25960234861449566,0.21036009850663984,0.12248298036047386,0.08925849697917992,0.029849970473067984,1.1394542980592357,True,True,True,True,True,True,True,True,True
6,0,51,EEG RG 52-Ref,True,0.24610161458051244,0.1862327263509938,0.12056113861811311,0.05479255116848234,0.05297795930694057,1.0178554602560301,True,True,True,True,True,True,True,True,True
6,0,52,EEG RG 53-Ref,True,0.2142111749247354,0.1813016278259955,0.1012292624275036,0.040731888587504456,0.004777149459973515,1.069084965276556,True,True,True,True,True,True,True,True,True
6,0,53,EEG RG 54-Ref,True,0.23400133314482324,0.19640112223267495,0.07354666085688034,0.07488016605878954,0.015843817705391595,1.1535837283634809,False,True,False,True,True,True,True,False,True
6,0,54,EEG RG 55-Ref,True,0.21423248318044996,0.2109268897608606,0.04865576875153588,0.12886564689793287,0.027520408589821337,1.274342009665444,False,False,False,True,True,True,True,False,True
6,0,55,EEG RG 56-Ref,False,0.23098736064362133,0.22125395140917253,0.03821668805603572,0.09881190458524053,0.029743426852109203,1.1499235763503286,False,False,False,True,True,True,True,False,True
6,0,56,EEG RG 57-Ref,False,0.21185507071182924,0.266391518853104,0.054626449549594155,0.1864567036580295,0.024836355820170943,1.3457442539626392,False,False,False,True,True,True,True,False,True
6,0,57,EEG RG 58-Ref,False,0.22715671013267397,0.27844527241636147,0.06063164298624144,0.2067095804249257,0.053824246448144986,1.367223721753769,False,False,False,True,True,True,True,False,True
6,0,58,EEG RG 59-Ref,True,0.2614686060606352,0.24822035403654538,0.09010449721040507,0.1561541256246162,0.04639233075922876,1.2611296109125174,False,False,False,True,True,True,True,False,True
6,0,59,EEG RG 60-Ref,False,0.26091712837941866,0.24889371016043377,0.08505002249711041,0.12257552875494435,0.049006873172225074,1.1484214803146728,False,False,False,True,True,True,True,False,True
6,0,60,EEG RG 61-Ref,False,0.24797068753031803,0.24925427682637913,0.07126840127666155,0.07400983181145107,0.03188323891060655,1.0252199908260413,False,False,False,True,True,True,True,False,True
6,0,61,EEG RG 62-Ref,False,0.27622074655532153,0.2503972093523335,0.07022109069248603,0.04335305238294143,0.0057514920887528935,1.0955457010250687,True,False,True,True,True,True,True,False,True
6,0,62,EEG RG 63-Ref,False,0.25271514093351294,0.21541326016270412,0.05523778081085796,0.05520635066245019,0.02651708054237565,1.0456082076927105,True,True,False,True,True,True,True,False,True
6,0,63,EEG RG 64-Ref,False,0.35128768289098167,0.2582170037014525,0.19385927454349436,0.09080154532238432,0.025296484609471176,1.0700706604680679,True,True,True,True,True,True,True,True,True
6,1,0,EEG RG 01-Ref,False,0.2530986456261735,0.1999738429428415,0.1738836250112577,0.1439661263716708,0.01636449627698877,1.3333856605701118,True,True,True,True,True,True,True,True,True
6,1,1,EEG RG 02-Ref,True,0.21987603387932167,0.22037088890029044,0.14842255110720637,0.17247848691556034,0.007814960754382903,1.426924482314409,False,False,False,True,True,True,True,False,True
6,1,2,EEG RG 03-Ref,False,0.24692133635421049,0.2107211055368604,0.19502762929980658,0.17480841256125262,0.010482448467711354,1.5304781249940438,True,True,True,True,True,True,True,True,True
6,1,3,EEG RG 04-Ref,False,0.33020675340452815,0.1683022068304742,0.30884695474763385,0.13888089267716866,0.03680414001858433,1.6321573215624479,True,True,True,True,True,True,True,True,True
6,1,4,EEG RG 05-Ref,False,0.2872053639956187,0.19826976111736613,0.24425190702882044,0.161526506820005,0.04830063864245186,1.5774404277813,True,True,True,True,True,True,True,True,True
6,1,5,EEG RG 06-Ref,False,0.2788527218618729,0.24736203140077626,0.2075895114332506,0.19375483400881574,0.036992044891094096,1.5684399930414417,True,True,False,True,True,True,True,False,True
6,1,6,EEG RG 07-Ref,False,0.2814669411008778,0.2558547075741172,0.14037207338126173,0.17315601176717524,0.00919352153908709,1.3991128410665892,False,False,False,True,True,True,True,False,True
6,1,7,EEG RG 08-Ref,False,0.2508551744354074,0.25922653049734184,0.07809830576831005,0.18222783902958134,0.012497785695179384,1.3718457710600074,False,False,False,True,True,True,True,False,True
6,1,8,EEG RG 09-Ref,False,0.26320573154578797,0.1718741801894515,0.18763415611048934,0.12256537985335515,0.00835216482396993,1.3527826216283565,True,True,True,True,True,True,True,True,True
6,1,9,EEG RG 10-Ref,False,0.2669836678378304,0.2094294267791388,0.23288574557264455,0.1843345511198296,0.004926818157158889,1.644648533257453,True,True,True,True,True,True,True,True,True
6,1,10,EEG RG 11-Ref,False,0.2921456581465711,0.15929394842258307,0.26724895127556253,0.1213483335049571,0.009415708259323861,1.5628679417790226,True,True,True,True,True,True,True,True,True
6,1,11,EEG RG 12-Ref,False,0.3592207611894801,0.1543042521837113,0.3464360386279606,0.12552352713948717,0.02004524025610222,1.7913624078794783,True,True,True,True,True,True,True,True,True
6,1,12,EEG RG 13-Ref,False,0.2892806494111518,0.19997004527375295,0.26656129325812067,0.1635708503142662,0.009479577490529606,1.715861475396721,True,True,True,True,True,True,True,True,True
6,1,13,EEG RG 14-Ref,True,0.2523705658243242,0.2719081589811712,0.206168965737603,0.23369874045297692,0.011379938839430377,1.8770028838384707,False,False,False,True,True,True,True,False,True
6,1,14,EEG RG 15-Ref,True,0.26518708371622035,0.2605316612701037,0.19386950161447158,0.20735735603929878,0.016019673243923636,1.684760679188627,False,False,False,True,True,True,True,False,True
6,1,15,EEG RG 16-Ref,False,0.2188676765844845,0.24648725177144593,0.13396413413643632,0.19086747462450912,0.0002745105974390444,1.5364881222637523,False,False,False,True,True,True,True,False,True
6,1,16,EEG RG 17-Ref,False,0.4069906692641005,0.15246098721454507,0.321310204425803,0.11951546081255014,0.0006773049787560332,1.4681769501498754,True,True,True,True,True,True,True,True,True
6,1,17,EEG RG 18-Ref,False,0.3980914947585911,0.10911213489953166,0.3662724215953765,0.07299797057056179,0.021876440605967214,1.4041294070879458,True,True,True,True,True,True,True,True,True
6,1,18,EEG RG 19-Ref,False,0.37820356855277887,0.10593108912700552,0.36256694527224054,0.06880806756999103,0.003736477618553484,1.4148224353050967,True,True,True,True,True,True,True,True,True
6,1,19,EEG RG 20-Ref,True,0.40765603924541893,0.13045569604901733,0.3862213275529681,0.09863669232335576,0.007632538950632123,1.5996527491116779,True,True,True,True,True,True,True,True,True
6,1,20,EEG RG 21-Ref,True,0.3366596351958672,0.1665216590957941,0.30650824630839435,0.13307108367505277,0.024340555326672557,1.5741893501984572,True,True,True,True,True,True,True,True,True
6,1,21,EEG RG 22-Ref,True,0.2721388561043113,0.25858345604715954,0.18806133886305298,0.21977613632142345,0.040905336755898525,1.6350301375709544,False,False,False,True,True,True,True,False,True
6,1,22,EEG RG 23-Ref,False,0.31565292011399465,0.27722386130133003,0.1600332712694072,0.22220340347609516,0.005203767321439303,1.6239166485072434,False,True,False,True,True,True,True,False,True
6,1,23,EEG RG 24-Ref,False,0.28100057061316935,0.24575474455985255,0.11570662880548255,0.1645809304292736,0.0073873599211803165,1.420455050063988,False,True,False,True,True,True,True,False,True
6,1,24,EEG RG 25-Ref,False,0.3048299223769271,0.10990460135906513,0.29547853135051266,0.07087954837261552,0.0045939344467391275,1.3910854747892212,True,True,True,True,True,True,True,True,True
6,1,25,EEG RG 26-Ref,True,0.36321826355182296,0.0799736663509293,0.3444659739157778,0.04604072356003888,0.020202403514990395,1.3205443077736043,True,True,True,True,True,True,True,True,True
6,1,26,EEG RG 27-Ref,True,0.40589220083281063,0.07755183598747918,0.3824767445163608,0.03317484149689475,0.0011155625068595475,1.184083791847885,True,True,True,True,True,True,True,True,True
6,1,27,EEG RG 28-Ref,True,0.39247138946471916,0.10107065185482687,0.36564781022041526,0.055893767541653226,0.010608789115224861,1.2685404758978138,True,True,True,True,True,True,True,True,True
6,1,28,EEG RG 29-Ref,True,0.32389031222238435,0.1515887620512931,0.28672506150535143,0.10842823974045987,0.037134459515282076,1.3720977765488263,True,True,True,True,True,True,True,True,True
6,1,29,EEG RG 30-Ref,True,0.27112853418433586,0.21959086255187948,0.17038538380442728,0.17634026958549942,0.013841699359817187,1.47098084455267,False,True,False,True,True,True,True,False,True
6,1,30,EEG RG 31-Ref,True,0.30502427089329276,0.27630152244269895,0.11258619553879196,0.2187535409974069,0.00692066320658126,1.5170524416738411,False,False,False,True,True,True,True,False,True
6,1,31,EEG RG 32-Ref,False,0.29261057783519395,0.27528632527470637,0.06047827447449134,0.19364583284757875,0.016940910086234648,1.4022038300703765,False,False,False,True,True,True,True,False,True
6,1,32,EEG RG 33-Ref,False,0.2327051114234932,0.20973885924620514,0.19197922752128008,0.1749006045438532,0.0032152566479381013,1.5596638496163908,True,False,False,True,True,True,True,False,True
6,1,33,EEG RG 34-Ref,True,0.3273059430839086,0.12724093818294643,0.2884389686759893,0.07322527787350147,0.010868579378688698,1.228783395928728,True,True,True,True,True,True,True,True,True
6,1,34,EEG RG 35-Ref,True,0.36822356674913576,0.10168525340365547,0.3373736966514958,0.03712862297655119,0.004187646145562618,1.103962582220327,True,True,True,True,True,True,True,True,True
6,1,35,EEG RG 36-Ref,True,0.362415827429092,0.11205355361813375,0.32823661752643374,0.044779747906572395,0.014768379607677455,1.1552788721193183,True,True,True,True,True,True,True,True,True
6,1,36,EEG RG 37-Ref,True,0.3059455585656222,0.1504339163902403,0.25440257836327435,0.08788190403655313,0.02701303391502719,1.2810908757227026,True,True,True,True,True,True,True,True,True
6,1,37,EEG RG 38-Ref,True,0.257637081026974,0.19061323330176907,0.1656402660313727,0.1294493452897177,0.02776885477778129,1.3218467605518105,True,True,True,True,True,True,True,True,True
6,1,38,EEG RG 39-Ref,True,0.27659545068349733,0.24725456115854091,0.10652971244621331,0.19148426492092305,0.03853213755746421,1.4301119888543126,False,True,False,True,True,True,True,False,True
6,1,39,EEG RG 40-Ref,False,0.29964690460879195,0.26591112444058784,0.037959727160305295,0.18197806284625398,0.02795821203852592,1.3527508141057798,False,True,False,True,True,True,True,False,True
6,1,40,EEG RG 41-Ref,False,0.22789854368182494,0.17550541255197222,0.18831329922602758,0.14093100813809462,0.012397931448398548,1.4665459903996656,True,True,True,True,True,True,True,True,True
6,1,41,EEG RG 42-Ref,True,0.24890828611387417,0.17340530546798608,0.17475678495492353,0.09573291851235258,0.03034672131087323,1.1885407836866577,True,True,True,True,True,True,True,True,True
6,1,42,EEG RG 43-Ref,True,0.28724267899850614,0.15710849821740497,0.21892751134798002,0.06576468392025767,0.006075680023862061,1.1267567335994824,True,True,True,True,True,True,True,True,True
6,1,43,EEG RG 44-Ref,True,0.29454145881340416,0.14715509645869457,0.23455294828380957,0.03933992150042774,0.009357334723810045,1.0659270841147497,True,True,True,True,True,True,True,True,True
6,1,44,EEG RG 45-Ref,True,0.2723453033362441,0.17394025826939297,0.20366679776023544,0.09839796312636152,0.03405168082055227,1.2473881367874,True,True,True,True,True,True,True,True,True
6,1,45,EEG RG 46-Ref,True,0.25355268768109157,0.1939426385429712,0.15761393962399448,0.11745036496309504,0.024361553237746407,1.2775732620042237,True,True,True,True,True,True,True,True,True
6,1,46,EEG RG 47-Ref,True,0.24930164644425035,0.22071507365809506,0.12300285585954497,0.1506399396645769,0.014839482159305927,1.3621781686222958,False,True,False,True,True,True,True,False,True
6,1,47,EEG RG 48-Ref,False,0.2400965332765259,0.2610575005369626,0.07802552831579673,0.19207528354142495,0.03949692576280004,1.4278591471392823,False,False,False,True,True,True,True,False,True
6,1,48,EEG RG 49-Ref,True,0.20664565296574874,0.23943253394362157,0.06250902568390328,0.13760224522165224,0.011993617702035152,1.2641908288888586,False,False,False,True,True,True,True,False,True
6,1,49,EEG RG 50-Ref,True,0.25061847964688677,0.24857855913591317,0.12034647850473706,0.1605924419799578,0.017021126592596074,1.3030066640436826,False,False,False,True,True,True,True,False,True
6,1,50,EEG RG 51-Ref,True,0.2745552300138361,0.2022903688833939,0.1411803119695932,0.07675492313155678,0.030099500669600675,1.1095615681989852,True,True,True,True,True,True,True,True,True
6,1,51,EEG RG 52-Ref,True,0.2646699438541025,0.19365969026630256,0.14023551043167512,0.061658630516378876,0.052715064957886075,1.01454413423796,True,True,True,True,True,True,True,True,True
6,1,52,EEG RG 53-Ref,True,0.22776331302561023,0.1854717218301819,0.12662592804866643,0.036352295080073684,0.004370912869276853,1.047837172945188,True,True,True,True,True,True,True,True,True
6,1,53,EEG RG 54-Ref,True,0.22254936257427743,0.19720873128652577,0.09216534838982116,0.08449359049687227,0.01684118531590114,1.1472950944582914,True,True,False,True,True,True,True,False,True
6,1,54,EEG RG 55-Ref,True,0.20394980530195458,0.21574431285651544,0.05435282605407468,0.12904906792955703,0.027603449181861285,1.2666127916755194,False,False,False,True,True,True,True,False,True
6,1,55,EEG RG 56-Ref,False,0.22547280596956748,0.22177261273935017,0.037926433074404846,0.09221962275669056,0.02727951459510598,1.1423022589543015,False,False,False,True,True,True,True,False,True
6,1,56,EEG RG 57-Ref,False,0.21591739482968517,0.2613715809858621,0.0640877555052566,0.17773583633418313,0.025265333287671957,1.3376541751327902,False,False,False,True,True,True,True,False,True
6,1,57,EEG RG 58-Ref,False,0.23468455007656303,0.27004017909187666,0.07709004202953965,0.19745424046725246,0.05311369596940136,1.3548185025774095,False,False,False,True,True,True,True,False,True
6,1,58,EEG RG 59-Ref,True,0.26799757818418046,0.24369359552058675,0.10860751690759528,0.14746140013997064,0.04607067632336501,1.2550479292019852,False,False,False,True,True,True,True,False,True
6,1,59,EEG RG 60-Ref,False,0.26474009970263146,0.2382909699399359,0.10360425802880152,0.1150308596599979,0.048055941231290124,1.1408942681922447,False,False,False,True,True,True,True,False,True
6,1,60,EEG RG 61-Ref,False,0.25876667153613514,0.23966527971453266,0.08806004872677607,0.06467855687215937,0.02947806097939303,1.066458442913459,True,False,True,True,True,True,True,False,True
6,1,61,EEG RG 62-Ref,False,0.2700179884458812,0.2550544211240527,0.06087311811156793,0.06208469328813454,0.002227239107709866,1.1547100532672379,False,False,False,True,True,True,True,False,True
6,1,62,EEG RG 63-Ref,False,0.2433351658910909,0.22101115960010678,0.04890484025500785,0.0529836759350881,0.02582808197022541,1.0290123282316428,False,False,False,True,True,True,True,False,True
6,1,63,EEG RG 64-Ref,False,0.34362136059294196,0.257905878660508,0.1824165285227309,0.08905505151856076,0.022211352501110945,1.0664941003585964,True,True,True,True,True,True,True,True,True
6,2,0,EEG RG 01-Ref,False,0.24996286925631683,0.21109481319370985,0.16489525716379855,0.1542313185494937,0.020882661753229878,1.3546346552365578,True,True,False,True,True,True,True,False,True
6,2,1,EEG RG 02-Ref,True,0.22311738981142043,0.23435812309221835,0.14530414068678238,0.18963472601845205,0.003039717290161438,1.473816155228944,False,False,False,True,True,True,True,False,True
6,2,2,EEG RG 03-Ref,False,0.2525263948411103,0.22020449206968537,0.19732510250170665,0.18417883710398553,0.0056745337037188955,1.5778252015765624,True,True,False,True,True,True,True,False,True
6,2,3,EEG RG 04-Ref,False,0.317673001061147,0.16231898246982665,0.29238748298513895,0.13342443256095363,0.03887169323498494,1.6038049355083541,True,True,True,True,True,True,True,True,True
6,2,4,EEG RG 05-Ref,False,0.2769768065338092,0.19122015152194977,0.23126780778814088,0.1540288753130928,0.0477679567508988,1.5588495592882405,True,True,True,True,True,True,True,True,True
6,2,5,EEG RG 06-Ref,False,0.2683372545539284,0.25034793685711965,0.1950695614207341,0.19604481799874476,0.03486699897872327,1.585567816519733,False,False,False,True,True,True,True,False,True
6,2,6,EEG RG 07-Ref,False,0.2866814230793075,0.26363942708455945,0.1498759080385234,0.17923476022146817,0.00806938253400939,1.4197202337912895,False,False,False,True,True,True,True,False,True
6,2,7,EEG RG 08-Ref,False,0.24159584112371374,0.25263354050506875,0.09167576777249584,0.1694307613061168,0.012833834230491219,1.356056240816266,False,False,False,True,True,True,True,False,True
6,2,8,EEG RG 09-Ref,False,0.2791965013371661,0.17491786338634915,0.1965646209145407,0.1244833906574945,0.011115891215248225,1.3632118457889713,True,True,True,True,True,True,True,True,True
6,2,9,EEG RG 10-Ref,False,0.28690635427346195,0.2209730067774944,0.2501560870018334,0.19310912988402867,0.0032042991385620944,1.6752475360295898,True,True,True,True,True,True,True,True,True
6,2,10,EEG RG 11-Ref,False,0.29712842959933544,0.16163089456812,0.2725863793464208,0.12692667034579405,0.0126151256885939,1.5759976911823683,True,True,True,True,True,True,True,True,True
6,2,11,EEG RG 12-Ref,False,0.3472332594339081,0.15174557474940517,0.3326326291816236,0.12052468527059947,0.020951982235938894,1.7444336942656107,True,True,True,True,True,True,True,True,True
6,2,12,EEG RG 13-Ref,False,0.28851263164331314,0.19366092909280136,0.26283256696768637,0.15574473070082367,0.0077018543325640745,1.6932166183297717,True,True,True,True,True,True,True,True,True
6,2,13,EEG RG 14-Ref,True,0.26763799163000773,0.27498623413289747,0.21657924835446984,0.2363640036740623,0.014920826612234544,1.8954403289373218,False,False,False,True,True,True,True,False,True
6,2,14,EEG RG 15-Ref,True,0.2730246188478706,0.28164719152484435,0.20481890534515185,0.22155028998812856,0.018363191870318447,1.723994447081384,False,False,False,True,True,True,True,False,True
6,2,15,EEG RG 16-Ref,False,0.21625755259967214,0.24553831118120642,0.14152083386310543,0.18850713651730694,0.0009421398726118121,1.5232045925871434,False,False,False,True,True,True,True,False,True
6,2,16,EEG RG 17-Ref,False,0.4424217370676595,0.14874920119657542,0.3618351625133451,0.1106718872363734,0.00035558595868896974,1.4320411131242134,True,True,True,True,True,True,True,True,True
6,2,17,EEG RG 18-Ref,False,0.3998510472262646,0.10718490969190445,0.36831144663389026,0.06671962215445665,0.024054079427984782,1.3699437290218994,True,True,True,True,True,True,True,True,True
6,2,18,EEG RG 19-Ref,False,0.35274731542823673,0.10426537636745525,0.33648801268959905,0.06130795717640448,0.004867446619466813,1.3823286016889331,True,True,True,True,True,True,True,True,True
6,2,19,EEG RG 20-Ref,True,0.37922960466912403,0.12427505598401999,0.35950488742111864,0.08748767130092278,0.008558905651714752,1.5471448266626364,True,True,True,True,True,True,True,True,True
6,2,20,EEG RG 21-Ref,True,0.31687044715285273,0.16276325093910604,0.28701279804326413,0.13013957332781317,0.026164626438542372,1.5622213177780946,True,True,True,True,True,True,True,True,True
6,2,21,EEG RG 22-Ref,True,0.288076311885164,0.2646896189751956,0.20549947494703805,0.22340788536503686,0.04345509364477509,1.6423335668898766,False,False,False,True,True,True,True,False,True
6,2,22,EEG RG 23-Ref,False,0.3293153699690133,0.2920042773958266,0.187590832897121,0.23628144285126182,0.006149202185567084,1.67158477560796,False,True,False,True,True,True,True,False,True
6,2,23,EEG RG 24-Ref,False,0.2921207573646841,0.2628197984538142,0.13973613442338484,0.17635021482939778,0.00798651177196276,1.455160690243352,False,True,False,True,True,True,True,False,True
6,2,24,EEG RG 25-Ref,False,0.29457430439110843,0.10919350954257143,0.2817999550243155,0.07052155403405475,0.005449712048358084,1.3894655630286405,True,True,True,True,True,True,True,True,True
6,2,25,EEG RG 26-Ref,True,0.364392445136825,0.08078877121586821,0.3478864110479116,0.04613569735531199,0.021820206422506927,1.3352785411601311,True,True,True,True,True,True,True,True,True
6,2,26,EEG RG 27-Ref,True,0.38656530794874056,0.07807088290533376,0.3656017214983441,0.03216373989638544,0.0023711673861327013,1.1706832373544995,True,True,True,True,True,True,True,True,True
6,2,27,EEG RG 28-Ref,True,0.36894088320479446,0.10113914112595426,0.34299508890335817,0.05265018556221838,0.01196762627261649,1.2578950468850647,True,True,True,True,True,True,True,True,True
6,2,28,EEG RG 29-Ref,True,0.31614855014858234,0.15106024909196047,0.2774196699270505,0.10764376797812121,0.039055238675965984,1.3680492965293278,True,True,True,True,True,True,True,True,True
6,2,29,EEG RG 30-Ref,True,0.2876005443198219,0.22748340675892326,0.18559051118011932,0.17967538677037628,0.016405876887420248,1.493792784626678,True,True,False,True,True,True,True,False,True
6,2,30,EEG RG 31-Ref,True,0.309332466394824,0.2936781236254069,0.1297404799676931,0.23211245989242793,0.004945174471056008,1.5601956206129974,False,False,False,True,True,True,True,False,True
6,2,31,EEG RG 32-Ref,False,0.2917980018886888,0.29779700248027213,0.07428808975657018,0.2071888381176748,0.015999386811151546,1.4415413696100126,False,False,False,True,True,True,True,False,True
6,2,32,EEG RG 33-Ref,False,0.22446652522015959,0.20284097892536074,0.18742783792459822,0.16558540407136235,0.0028495008539644994,1.5489983057677128,True,False,True,True,True,True,True,False,True
6,2,33,EEG RG 34-Ref,True,0.3097179090138275,0.12527333689344453,0.27288480303709417,0.0661529375419375,0.01140883262031741,1.2092177558601762,True,True,True,True,True,True,True,True,True
6,2,34,EEG RG 35-Ref,True,0.3516393498997098,0.09947247588267685,0.32234602190175454,0.0332792496458157,0.0051449476727444595,1.0946485376586554,True,True,True,True,True,True,True,True,True
6,2,35,EEG RG 36-Ref,True,0.34478752590012485,0.1104685473407062,0.31167296256469074,0.040959394923504214,0.01583682035873262,1.1580485425434692,True,True,True,True,True,True,True,True,True
6,2,36,EEG RG 37-Ref,True,0.30200527117728754,0.14713467002662003,0.24822929774629005,0.08427038612739052,0.028898974836927223,1.2843668012446672,True,True,True,True,True,True,True,True,True
6,2,37,EEG RG 38-Ref,True,0.27110425269696076,0.19198986587648909,0.17295630366402553,0.12529536385651519,0.02475277478092872,1.3295674549576275,True,True,True,True,True,True,True,True,True
6,2,38,EEG RG 39-Ref,True,0.29084484971367464,0.25726804415403826,0.13569673682056538,0.1949364204611716,0.03601276729659419,1.4484658502361358,False,True,False,True,True,True,True,False,True
6,2,39,EEG RG 40-Ref,False,0.2959940320660429,0.287088193609278,0.040536210122713474,0.20289371353813965,0.02552571280352165,1.3903910084401394,False,False,False,True,True,True,True,False,True
6,2,40,EEG RG 41-Ref,False,0.22669130486609493,0.1742745032780024,0.18637738154435685,0.14193593103186353,0.012758982922951467,1.473450072448949,True,True,True,True,True,True,True,True,True
6,2,41,EEG RG 42-Ref,True,0.2264819746097136,0.17315167253447677,0.15039180009610845,0.09240300262891847,0.030186894357198242,1.1772512890462028,True,True,True,True,True,True,True,True,True
6,2,42,EEG RG 43-Ref,True,0.26722510647555836,0.15963153442609773,0.1981974554835934,0.062378482134569826,0.00635705439868621,1.1201764769726965,True,True,True,True,True,True,True,True,True
6,2,43,EEG RG 44-Ref,True,0.28193805528520327,0.14718284638303236,0.21558582296907003,0.04064443187588901,0.009835257975522487,1.0782957360430838,True,True,True,True,True,True,True,True,True
6,2,44,EEG RG 45-Ref,True,0.26560475815187606,0.17382534131670346,0.18972417518178386,0.09178541571323366,0.03216189016883962,1.2542374103261293,True,True,True,True,True,True,True,True,True
6,2,45,EEG RG 46-Ref,True,0.26227326599262596,0.19416141881768934,0.15243372729677476,0.10745009285337263,0.02268323973704169,1.2758569084576543,True,True,True,True,True,True,True,True,True
6,2,46,EEG RG 47-Ref,True,0.253300554537306,0.2180028028793686,0.1392286531623484,0.14627279445437566,0.01363337610080732,1.3529981150303851,False,True,False,True,True,True,True,False,True
6,2,47,EEG RG 48-Ref,False,0.24372412376806668,0.25956120376964537,0.09375546148831188,0.1842195271343087,0.037542873229062565,1.4060577819094806,False,False,False,True,True,True,True,False,True
6,2,48,EEG RG 49-Ref,True,0.1973150381537516,0.23325828653955205,0.04700140399804856,0.13350092145051573,0.011318210868890389,1.2540807086076349,False,False,False,True,True,True,True,False,True
6,2,49,EEG RG 50-Ref,True,0.2326812603378922,0.24524944001471374,0.09886570496154369,0.1611897917849373,0.01779403910151334,1.2925710564915,False,False,False,True,True,True,True,False,True
6,2,50,EEG RG 51-Ref,True,0.25615634415254773,0.20612731216523592,0.11742300958783235,0.07983649969362432,0.031385824606194,1.1025766455069277,True,True,True,True,True,True,True,True,True
6,2,51,EEG RG 52-Ref,True,0.24629273261208234,0.19002814903011403,0.12009334783706446,0.06244878921768905,0.05383798841033497,1.0097029190038895,True,True,True,True,True,True,True,True,True
6,2,52,EEG RG 53-Ref,True,0.2214973163663772,0.18283007607151897,0.10649868926400749,0.042801463951937846,0.00546375435978304,1.0556529458097583,True,True,True,True,True,True,True,True,True
6,2,53,EEG RG 54-Ref,True,0.23768960953394838,0.19572324649546818,0.08524667093597656,0.07305235191263754,0.016958242368970304,1.1437571580391153,True,True,True,True,True,True,True,True,True
6,2,54,EEG RG 55-Ref,True,0.2129551234489919,0.20918046154192435,0.05339738404624177,0.12042537270131928,0.02699031966323415,1.2454221771064626,False,False,False,True,True,True,True,False,True
6,2,55,EEG RG 56-Ref,False,0.22337190208493363,0.2156051586953663,0.03350713224529817,0.08799346966479606,0.025329215825886646,1.1296135090483923,False,False,False,True,True,True,True,False,True
6,2,56,EEG RG 57-Ref,False,0.21206132236348457,0.2604947200878306,0.05187268060501663,0.17124752989237418,0.024237624182043033,1.318148450678996,False,False,False,True,True,True,True,False,True
6,2,57,EEG RG 58-Ref,False,0.22980079177842283,0.27256595105811154,0.07239588908353385,0.1936100761092669,0.05235541139854873,1.3396539107336918,False,False,False,True,True,True,True,False,True
6,2,58,EEG RG 59-Ref,True,0.2633126704656045,0.24522658283808227,0.09479655191642358,0.1456795040706727,0.04607010220029564,1.2332029560868005,False,False,False,True,True,True,True,False,True
6,2,59,EEG RG 60-Ref,False,0.26333779879545416,0.24017430136635218,0.08794396423695545,0.11717764205099399,0.04732841748317899,1.1133518111809209,False,False,False,True,True,True,True,False,True
6,2,60,EEG RG 61-Ref,False,0.2591228831875717,0.23802131766103596,0.06818076368862115,0.06618811504430015,0.02765164700414377,1.0797219041538004,True,False,False,True,True,True,True,False,True
6,2,61,EEG RG 62-Ref,False,0.2830391864701492,0.25949357563880854,0.06341758375642896,0.0625560503037119,0.0001377366833317903,1.1614228484036684,True,False,False,True,True,True,True,False,True
6,2,62,EEG RG 63-Ref,False,0.2495283510631957,0.21825808412473893,0.058112254018063456,0.05634558985347183,0.02542443071755187,1.0148219735183706,True,True,False,True,True,True,True,False,True
6,2,63,EEG RG 64-Ref,False,0.34448839715691426,0.2582136665915759,0.19084295973453608,0.07679443817881138,0.019934267419082604,1.0627551214935111,True,True,True,True,True,True,True,True,True
7,0,0,EEG RG 01-Ref,False,0.26571395763487615,0.22972796281610947,0.17143361753547406,0.15852439326889742,0.005799986355135884,1.3597686882760966,True,True,False,True,True,True,True,False,True
7,0,1,EEG RG 02-Ref,True,0.26221825162977247,0.2638968575171779,0.15720658615670105,0.20365177293547015,0.000906005179270297,1.500217286238487,False,False,False,True,True,True,True,False,True
7,0,2,EEG RG 03-Ref,False,0.31340553629734036,0.2533932098165367,0.23569306434578,0.1974651423824344,0.01034799610579732,1.6228893054584859,True,True,True,True,True,True,True,True,True
7,0,3,EEG RG 04-Ref,False,0.43304819443533127,0.22949477269748397,0.38727272581318517,0.18746381157006525,0.005229875164405811,1.8888383691717185,True,True,True,True,True,True,True,True,True
7,0,4,EEG RG 05-Ref,False,0.3827673124463591,0.24059081974105587,0.3233496605295746,0.18796476181575378,0.005212722344934417,1.7044074571244,True,True,True,True,True,True,True,True,True
7,0,5,EEG RG 06-Ref,False,0.35363580687405444,0.27216668742311373,0.26985437205827567,0.20503540472956522,0.00976364593287218,1.6275636646901477,True,True,True,True,True,True,True,True,True
7,0,6,EEG RG 07-Ref,False,0.33658342049310613,0.28235790746656325,0.212253715292036,0.1950540635796722,0.0314382219411107,1.4605676959519753,True,True,False,True,True,True,True,False,True
7,0,7,EEG RG 08-Ref,False,0.3045971872764666,0.30118268222961264,0.15104218909884096,0.20602579062098292,0.012584071186083672,1.4269116516954965,False,False,False,True,True,True,True,False,True
7,0,8,EEG RG 09-Ref,False,0.3082394547824786,0.20840596732618968,0.2433337505933804,0.14949978504685738,0.04204429195174634,1.4111522347297563,True,True,True,True,True,True,True,True,True
7,0,9,EEG RG 10-Ref,False,0.35845835267127707,0.24884284576531918,0.28947127441308135,0.2145553585573548,0.0012031470921671835,1.760019686849107,True,True,True,True,True,True,True,True,True
7,0,10,EEG RG 11-Ref,False,0.3775162574467489,0.1987387740890868,0.32934240825222133,0.15657249567856307,0.0053308087897272986,1.7809790979842157,True,True,True,True,True,True,True,True,True
7,0,11,EEG RG 12-Ref,False,0.46942159106378384,0.19345129020208304,0.4336045503144866,0.15791983352746447,0.027451824154288255,2.047446244540039,True,True,True,True,True,True,False,False,True
7,0,12,EEG RG 13-Ref,False,0.3931957078579401,0.22530347658845173,0.3415401148985013,0.17783856748542498,0.0027575364936178962,1.78582280306276,True,True,True,True,True,True,True,True,True
7,0,13,EEG RG 14-Ref,True,0.36069167330262997,0.3014539321330924,0.28914886872805423,0.25849202330253196,0.040981926997877595,1.9745041490224928,True,True,True,True,False,True,True,False,True
7,0,14,EEG RG 15-Ref,True,0.37059347587996827,0.30377288979339084,0.28828522738075024,0.24501435301431326,0.05385517049403099,1.798791149532753,True,True,True,True,True,True,True,True,True
7,0,15,EEG RG 16-Ref,False,0.3360653290673995,0.2895930282065344,0.2157012625347745,0.2104995165045498,0.016596475720933535,1.5744521351104006,True,True,False,True,True,True,True,False,True
7,0,16,EEG RG 17-Ref,False,0.34268282489694213,0.19186891503108452,0.2909715452079783,0.14198301061986834,0.04850261253109462,1.556209355770238,True,True,True,True,True,True,True,True,True
7,0,17,EEG RG 18-Ref,False,0.40876627754244255,0.14408205878858424,0.37738162458737834,0.10467480421693771,0.034160058739220754,1.8898815099523212,True,True,True,True,True,True,True,True,True
7,0,18,EEG RG 19-Ref,False,0.46416178139042275,0.12483518542130158,0.43003230768464645,0.08469513474956501,0.027972801206008722,1.550657246229087,True,True,True,True,True,True,True,True,True
7,0,19,EEG RG 20-Ref,True,0.49598991383193425,0.14714014770719352,0.45924685888646144,0.10844741036163537,0.040130628512858785,1.6784242170185275,True,True,True,True,True,True,True,True,True
7,0,20,EEG RG 21-Ref,True,0.4245783211085362,0.18008674584741796,0.38340127702809185,0.1392618142782628,0.015230186509375203,1.6066890684869293,True,True,True,True,True,True,True,True,True
7,0,21,EEG RG 22-Ref,True,0.3243957938152929,0.26581064060274723,0.24468466749100917,0.22896895553048233,0.007924582689672919,1.6743846472917405,True,True,False,True,True,True,True,False,True
7,0,22,EEG RG 23-Ref,False,0.3481934555572386,0.330494064609826,0.2273562199927402,0.2629585807308215,0.01530012256327567,1.718424387512461,False,False,False,True,False,True,True,False,True
7,0,23,EEG RG 24-Ref,False,0.34460087858283134,0.3074241756275494,0.1834135113318671,0.21177503817547685,0.026310494605687754,1.524620120708819,False,True,False,True,True,True,True,False,True
7,0,24,EEG RG 25-Ref,False,0.42433123849576226,0.1708720331424054,0.39423157306577755,0.12780453465184835,0.016872518829263917,2.0459989225089963,True,True,True,True,True,True,False,False,True
7,0,25,EEG RG 26-Ref,True,0.4860062173748158,0.11837590063520069,0.4620390211701836,0.08139087526988531,0.006597678012836972,2.096445722168171,True,True,True,True,True,True,False,False,True
7,0,26,EEG RG 27-Ref,True,0.5178010754645761,0.09073025804114761,0.48403467759819324,0.04621654712959522,0.012144156011362614,1.2745460218781155,True,True,True,True,True,True,True,True,True
7,0,27,EEG RG 28-Ref,True,0.4972836783495791,0.11612762956230527,0.45497606974091953,0.06657571309773018,0.0233092050169662,1.3148049287435948,True,True,True,True,True,True,True,True,True
7,0,28,EEG RG 29-Ref,True,0.43542693462090687,0.16834038240431,0.3804245741960414,0.11493926069525318,0.016246598145040998,1.4054939960996815,True,True,True,True,True,True,True,True,True
7,0,29,EEG RG 30-Ref,True,0.34645356786760595,0.25727007260374185,0.25337004668842456,0.20019503175251233,0.03217584187431604,1.543707572960944,True,True,True,True,True,True,True,True,True
7,0,30,EEG RG 31-Ref,True,0.34664430497946014,0.3531276371335501,0.19744837617931152,0.2720489872231858,0.04711443024168418,1.645782283922861,False,False,False,False,False,True,True,False,True
7,0,31,EEG RG 32-Ref,False,0.3670244111825201,0.3648214434945637,0.15530509997322586,0.2593150328005417,0.054221142452569655,1.5495025887620126,False,False,False,False,False,True,True,False,True
7,0,32,EEG RG 33-Ref,False,0.3708740512902061,0.26239223495027286,0.2869763117738041,0.21229119194082674,0.056223835147446236,1.8103598497628623,True,True,True,True,True,True,True,True,True
7,0,33,EEG RG 34-Ref,True,0.44724836499706894,0.14567500225219027,0.36505737310270575,0.08391476044894493,0.017460691539678268,1.3194679025974352,True,True,True,True,True,True,True,True,True
7,0,34,EEG RG 35-Ref,True,0.48829759679152346,0.11320070739412526,0.4252905403991844,0.03887630462479869,0.003376622966851793,1.1323056924221622,True,True,True,True,True,True,True,True,True
7,0,35,EEG RG 36-Ref,True,0.4762026178971616,0.12467468867971046,0.41134417676397295,0.043704482024091995,0.019727137067618854,1.1662339579962815,True,True,True,True,True,True,True,True,True
7,0,36,EEG RG 37-Ref,True,0.41901616304078654,0.16284920637205383,0.3463890655219452,0.09752555885017054,0.014850116429522832,1.3105292706712262,True,True,True,True,True,True,True,True,True
7,0,37,EEG RG 38-Ref,True,0.33834758423349565,0.20240265512392885,0.24115792057205113,0.1423415721211172,0.04136502311011689,1.3472431242854015,True,True,True,True,True,True,True,True,True
7,0,38,EEG RG 39-Ref,True,0.3144212526881883,0.2753443697589848,0.1735644135643217,0.2107073421327511,0.03800257726719753,1.4734998349624917,False,True,False,True,True,True,True,False,True
7,0,39,EEG RG 40-Ref,False,0.34911803101491645,0.3564610144272696,0.11613203135895883,0.2485374421038938,0.048292654790077334,1.4799308179135227,False,False,False,False,True,True,True,False,True
7,0,40,EEG RG 41-Ref,False,0.3624989600868447,0.267980100239102,0.2934381373150492,0.20262564074084513,0.016737295703472682,1.8178585311674558,True,True,True,True,True,True,True,True,True
7,0,41,EEG RG 42-Ref,True,0.3537862551033315,0.20511832864123297,0.21531816671972534,0.10533851264598262,0.04632751284171842,1.2133403591003782,True,True,True,True,True,True,True,True,True
7,0,42,EEG RG 43-Ref,True,0.39168498933241563,0.17158885769383067,0.2676548341354858,0.06652516909711449,0.017464190211634756,1.1285673390619793,True,True,True,True,True,True,True,True,True
7,0,43,EEG RG 44-Ref,True,0.41579699600138537,0.15925878310091646,0.3108679748540725,0.04531493066039821,0.04025258153433406,1.0815064887393988,True,True,True,True,True,True,True,True,True
7,0,44,EEG RG 45-Ref,True,0.3913091521201858,0.18009194610505241,0.2938572296670061,0.10758485609280924,0.0571402093018553,1.270225732581959,True,True,True,True,True,True,True,True,True
7,0,45,EEG RG 46-Ref,True,0.33487611420408137,0.19187893974516781,0.2210068538729196,0.11904585061934798,0.02376257873893739,1.2916022736938009,True,True,True,True,True,True,True,True,True
7,0,46,EEG RG 47-Ref,True,0.29892644104493454,0.23111282603937236,0.16063640790701741,0.1492433244132091,0.009135015651246242,1.3595429417116653,True,True,False,True,True,True,True,False,True
7,0,47,EEG RG 48-Ref,False,0.2579388334210666,0.27684060386627835,0.0819830302328639,0.18184201254702506,0.011356264945798427,1.409900204949673,False,False,False,True,True,True,True,False,True
7,0,48,EEG RG 49-Ref,True,0.299977805590308,0.24177532343830027,0.08517986228275368,0.12295743269074945,0.020412631521265566,1.2376872023870367,False,True,False,True,True,True,True,False,True
7,0,49,EEG RG 50-Ref,True,0.3170413972545904,0.2544643009358233,0.13140951553239028,0.14639937202798223,0.00756059797557877,1.2714514935974777,False,True,False,True,True,True,True,False,True
7,0,50,EEG RG 51-Ref,True,0.33984261167893676,0.2171962957886286,0.15276705620613465,0.08835859568376929,0.01573325281850161,1.1225179547414073,True,True,True,True,True,True,True,True,True
7,0,51,EEG RG 52-Ref,True,0.37927246303719675,0.216462484634351,0.19184730427576216,0.05665375076258062,0.009298514757034039,1.0598024713949734,True,True,True,True,True,True,True,True,True
7,0,52,EEG RG 53-Ref,True,0.3767947490296499,0.19610039344282684,0.2064425474519441,0.06040739440369237,0.03296011261185687,1.096794620154375,True,True,True,True,True,True,True,True,True
7,0,53,EEG RG 54-Ref,True,0.34088171915514875,0.18699272084505267,0.1616793764922368,0.07380081347943498,0.002422336876465662,1.1193681661149646,True,True,True,True,True,True,True,True,True
7,0,54,EEG RG 55-Ref,True,0.301846539194009,0.2540461384141571,0.12193705169466194,0.13228513455940383,0.00329615391520878,1.2743672429423283,False,True,False,True,True,True,True,False,True
7,0,55,EEG RG 56-Ref,False,0.3268050264173826,0.2888204178720251,0.05110533305638737,0.120235134349647,0.018818936355893257,1.1886276702500107,False,True,False,True,True,True,True,False,True
7,0,56,EEG RG 57-Ref,False,0.2701742608015585,0.2618290286617408,0.06316928353212146,0.1474291475879991,0.02011224963508656,1.2798135946390492,False,False,False,True,True,True,True,False,True
7,0,57,EEG RG 58-Ref,False,0.2733255784461249,0.26747335882514955,0.07384649846499117,0.16120357741810198,0.034178868530346206,1.290325971258284,False,False,False,True,True,True,True,False,True
7,0,58,EEG RG 59-Ref,True,0.2961955459048502,0.25300357723959105,0.08766644645407838,0.14799090857395159,1.0932305377673625e-05,1.2492667147425438,False,True,False,True,True,True,True,False,True
7,0,59,EEG RG 60-Ref,False,0.3175063623402045,0.25729580106978056,0.08865129036242574,0.1268499946043807,0.001987402410390653,1.1710166648152969,False,True,False,True,True,True,True,False,True
7,0,60,EEG RG 61-Ref,False,0.35000883714496867,0.2571183593899507,0.07830974085088653,0.06995329963465435,0.03401188160427526,1.026746052826611,True,True,True,True,True,True,True,True,True
7,0,61,EEG RG 62-Ref,False,0.3740924450730021,0.2569267060585675,0.06582608355791919,0.10757511735542774,0.04613455419924149,1.1812165897765654,False,True,False,True,True,True,True,False,True
7,0,62,EEG RG 63-Ref,False,0.3450963764483515,0.25890546129513076,0.04104797761453753,0.0565638935486931,0.003754188571623121,1.041915881204173,False,True,False,True,True,True,True,False,True
7,0,63,EEG RG 64-Ref,False,0.4329417919658752,0.3557137671823462,0.05739754205786586,0.15206327300840183,0.04772911602533311,1.1578960680608044,False,True,False,False,True,True,True,False,True
7,1,0,EEG RG 01-Ref,False,0.27524883791338967,0.21828591060776925,0.18386196722433917,0.1370250517434664,0.00567875501603962,1.306383544049135,True,True,True,True,True,True,True,True,True
7,1,1,EEG RG 02-Ref,True,0.26257385132777533,0.24558789405632492,0.16150822453604544,0.17839167178915155,0.0015339817341005926,1.4430864096877813,False,False,False,True,True,True,True,False,True
7,1,2,EEG RG 03-Ref,False,0.2957653415572713,0.24318025617771438,0.21621394681153305,0.18548383481524533,0.0086644076904406,1.581582580721956,True,True,True,True,True,True,True,True,True
7,1,3,EEG RG 04-Ref,False,0.4299329980405386,0.22074453470560798,0.3851148548662663,0.17394587153777505,0.0007180093717944491,1.8514235457335957,True,True,True,True,True,True,True,True,True
7,1,4,EEG RG 05-Ref,False,0.37570610945963695,0.2368716767142914,0.3173596563039193,0.1859755147724973,0.005352737651157995,1.7003203349440574,True,True,True,True,True,True,True,True,True
7,1,5,EEG RG 06-Ref,False,0.3498602446344576,0.2776545998028181,0.26756353622894297,0.21182763788010778,0.010289046801792236,1.6484877241834617,True,True,True,True,True,True,True,True,True
7,1,6,EEG RG 07-Ref,False,0.3413442576533414,0.29605069198957756,0.21378178994382085,0.20616874010144898,0.03142300581708654,1.4747031397053125,True,True,False,True,True,True,True,False,True
7,1,7,EEG RG 08-Ref,False,0.30768533625407984,0.308364076522027,0.15455896166106348,0.21664641330304454,0.012299806134190648,1.439776421544805,False,False,False,True,True,True,True,False,True
7,1,8,EEG RG 09-Ref,False,0.29361361679600434,0.20131649003642002,0.23303451991721844,0.1387056483355171,0.04257883716104896,1.3693890374090387,True,True,True,True,True,True,True,True,True
7,1,9,EEG RG 10-Ref,False,0.34204720299956676,0.23968295951719074,0.2718163506444014,0.2003727520125165,0.00031186744833703017,1.6805597335231564,True,True,True,True,True,True,True,True,True
7,1,10,EEG RG 11-Ref,False,0.37874664339959946,0.19505934433721603,0.32777434847935755,0.1443967525080916,0.007729071038100889,1.7151780051730259,True,True,True,True,True,True,True,True,True
7,1,11,EEG RG 12-Ref,False,0.47632461883205923,0.1910423124127113,0.4421357132763507,0.15517831316956804,0.030667064461303108,2.0398029622365494,True,True,True,True,True,True,False,False,True
7,1,12,EEG RG 13-Ref,False,0.3932063689662568,0.22544836601933574,0.34389943843650794,0.1777777313892555,0.003407953399965404,1.799050558743609,True,True,True,True,True,True,True,True,True
7,1,13,EEG RG 14-Ref,True,0.3458003717589885,0.3034038967719205,0.27461532418080803,0.2576791587429621,0.041609429763930006,1.9742081673756546,True,True,False,True,False,True,True,False,True
7,1,14,EEG RG 15-Ref,True,0.35381520376592485,0.30481566939930826,0.27651834203463865,0.247969323010763,0.054453497067418144,1.8079029349558986,True,True,True,True,True,True,True,True,True
7,1,15,EEG RG 16-Ref,False,0.3287959793071596,0.2994505147792716,0.2093844404593611,0.22524866400614646,0.016367994416145386,1.6103282972075255,False,False,False,True,True,True,True,False,True
7,1,16,EEG RG 17-Ref,False,0.35654144509359176,0.18427373301834335,0.30869304676540305,0.13547209106202787,0.0517362805467009,1.528895705883096,True,True,True,True,True,True,True,True,True
7,1,17,EEG RG 18-Ref,False,0.43395131444579976,0.14570783319192793,0.40351142803534884,0.10130600751982057,0.03587862875424699,1.8683373090793558,True,True,True,True,True,True,True,True,True
7,1,18,EEG RG 19-Ref,False,0.4863330234664757,0.12470688424411451,0.4582505301939858,0.08330318361167763,0.028206293369896634,1.5373369382335575,True,True,True,True,True,True,True,True,True
7,1,19,EEG RG 20-Ref,True,0.5062276250806552,0.14958717003701633,0.47418404908748185,0.11206824606048052,0.04027981365340587,1.6992898236739178,True,True,True,True,True,True,True,True,True
7,1,20,EEG RG 21-Ref,True,0.4125203546944303,0.18270267736732757,0.36815019038581126,0.14217353858709594,0.014320758851289396,1.6273567336417167,True,True,True,True,True,True,True,True,True
7,1,21,EEG RG 22-Ref,True,0.2984951469230202,0.2675018807999489,0.21085775507015486,0.23096084427344113,0.009068159188504423,1.6795225606685065,False,True,False,True,True,True,True,False,True
7,1,22,EEG RG 23-Ref,False,0.33992016405229086,0.3145289047662171,0.22371052882650558,0.2412041615063304,0.014996011271165259,1.672563497670865,False,False,False,True,True,True,True,False,True
7,1,23,EEG RG 24-Ref,False,0.3442457834218318,0.30304140956151243,0.19916069597482622,0.1969363431423326,0.026530036244054683,1.5001552658379382,True,True,False,True,True,True,True,False,True
7,1,24,EEG RG 25-Ref,False,0.42830823520151706,0.16763426761411618,0.40064322484174036,0.12066062040864922,0.013219076270672862,2.0320330689267903,True,True,True,True,True,True,False,False,True
7,1,25,EEG RG 26-Ref,True,0.5017199115662635,0.11850010772869886,0.48167620407289413,0.08247884096663162,0.009054403276143068,2.1032817000548176,True,True,True,True,True,True,False,False,True
7,1,26,EEG RG 27-Ref,True,0.5174683057824467,0.09131207697507525,0.48619104357448284,0.03907723803872448,0.010947622058400596,1.249118129096695,True,True,True,True,True,True,True,True,True
7,1,27,EEG RG 28-Ref,True,0.4824077618268387,0.11707165218648173,0.44054708420180005,0.06212159801577144,0.02203797169340833,1.3087824596757647,True,True,True,True,True,True,True,True,True
7,1,28,EEG RG 29-Ref,True,0.41031654300575426,0.16706015751895806,0.3496029429455083,0.11324273411179318,0.014770569295791404,1.4161419607082062,True,True,True,True,True,True,True,True,True
7,1,29,EEG RG 30-Ref,True,0.32661302844727663,0.24557158567574203,0.22586311294591552,0.1871750177041739,0.031112805283666944,1.503594766955159,True,True,True,True,True,True,True,True,True
7,1,30,EEG RG 31-Ref,True,0.34045064917876944,0.32589397881790183,0.1865569886419636,0.23970312332745614,0.046589182273089794,1.5717057737414946,False,False,False,True,True,True,True,False,True
7,1,31,EEG RG 32-Ref,False,0.35946106715563186,0.3459251590094113,0.15584500089198247,0.2249292628236758,0.054313253187871724,1.48113412792277,False,False,False,True,True,True,True,False,True
7,1,32,EEG RG 33-Ref,False,0.38324430728754666,0.287543840459374,0.3013595199505344,0.24249844240879403,0.056385400143567875,1.879458312095953,True,True,True,True,True,True,True,True,True
7,1,33,EEG RG 34-Ref,True,0.4392524816297673,0.1496480783423281,0.36711390231222174,0.09720604991877048,0.01830206891918597,1.3598870000691923,True,True,True,True,True,True,True,True,True
7,1,34,EEG RG 35-Ref,True,0.4775841500979583,0.11717005664344586,0.4197593318780886,0.04460207821621613,0.0024603726747829792,1.147137963561251,True,True,True,True,True,True,True,True,True
7,1,35,EEG RG 36-Ref,True,0.45980946523752725,0.12857939466824697,0.39764161326991954,0.04370070186725816,0.018878351922226644,1.168631214921347,True,True,True,True,True,True,True,True,True
7,1,36,EEG RG 37-Ref,True,0.40226087878136246,0.16054321235565464,0.32572922454288084,0.0906270412000749,0.013744374744696388,1.296992763495565,True,True,True,True,True,True,True,True,True
7,1,37,EEG RG 38-Ref,True,0.32479008105392093,0.1921442621733761,0.22449706097673153,0.12573598031364344,0.040422193065550505,1.306809752623032,True,True,True,True,True,True,True,True,True
7,1,38,EEG RG 39-Ref,True,0.30468511588079744,0.2525559834853604,0.16685379752552384,0.18083551530469202,0.03681919488661381,1.4081043716613126,False,True,False,True,True,True,True,False,True
7,1,39,EEG RG 40-Ref,False,0.3384129046011435,0.33059488805546094,0.103946340332009,0.20612818313962614,0.04750037775059287,1.4060563257464995,False,False,False,True,True,True,True,False,True
7,1,40,EEG RG 41-Ref,False,0.3669400211745424,0.2785650885172751,0.29876260605098054,0.22039967733460727,0.017348353221996217,1.8728470354494702,True,True,True,True,True,True,True,True,True
7,1,41,EEG RG 42-Ref,True,0.3465201915988738,0.20867821532162875,0.22273005831308545,0.12264044644029501,0.046192125705335374,1.254596127111664,True,True,True,True,True,True,True,True,True
7,1,42,EEG RG 43-Ref,True,0.3809025496056017,0.1708005785398512,0.25804264768357255,0.07602536679669543,0.017587984903337493,1.1484489486601126,True,True,True,True,True,True,True,True,True
7,1,43,EEG RG 44-Ref,True,0.4072569348465171,0.16304428212806052,0.29805447666737855,0.0494610014408237,0.040443879403966765,1.0859999703774723,True,True,True,True,True,True,True,True,True
7,1,44,EEG RG 45-Ref,True,0.3831657493020587,0.18027826445852516,0.2811485643466881,0.10051613471086647,0.0571218720697324,1.2548390772847768,True,True,True,True,True,True,True,True,True
7,1,45,EEG RG 46-Ref,True,0.32179043114092315,0.18470037699605873,0.20708714693515948,0.10122002951883094,0.023640209787956806,1.248712870001818,True,True,True,True,True,True,True,True,True
7,1,46,EEG RG 47-Ref,True,0.2872594301802144,0.21028257910522347,0.1495864361744674,0.12065526295127621,0.010063322076358825,1.2976936507451082,True,True,True,True,True,True,True,True,True
7,1,47,EEG RG 48-Ref,False,0.25202649514496456,0.25511605678157634,0.07929173375323509,0.1528874649918308,0.013178181881631714,1.3592463813313822,False,False,False,True,True,True,True,False,True
7,1,48,EEG RG 49-Ref,True,0.3020206491375042,0.2438984294096097,0.11653046751363533,0.13269304335644808,0.01866031000835015,1.2723050760375283,False,True,False,True,True,True,True,False,True
7,1,49,EEG RG 50-Ref,True,0.3204025067511158,0.2546529651649384,0.14862303071637023,0.1559794186495663,0.005790041033303015,1.3066215370392098,False,True,False,True,True,True,True,False,True
7,1,50,EEG RG 51-Ref,True,0.3386517282289777,0.21091178675871308,0.1576198708043587,0.0849793112687914,0.016905708631337158,1.1274222307299329,True,True,True,True,True,True,True,True,True
7,1,51,EEG RG 52-Ref,True,0.38002645748583347,0.21271063185246508,0.19172082819920103,0.05502981863126767,0.009988600202004342,1.0518312988889302,True,True,True,True,True,True,True,True,True
7,1,52,EEG RG 53-Ref,True,0.3785118728667371,0.19907472055646744,0.20146841862099696,0.05928240975782907,0.03379285188300079,1.0827553335450104,True,True,True,True,True,True,True,True,True
7,1,53,EEG RG 54-Ref,True,0.3455021752705212,0.1854566933149236,0.1535852172701151,0.06281178314307381,0.0031291394980848255,1.1022000103798415,True,True,True,True,True,True,True,True,True
7,1,54,EEG RG 55-Ref,True,0.30917460216877996,0.24563283315730236,0.12400223616576694,0.11902895326743833,0.0028221746512314873,1.2560589696687705,True,True,False,True,True,True,True,False,True
7,1,55,EEG RG 56-Ref,False,0.3236681863261326,0.2760764594501082,0.062033357783462494,0.1010031566608328,0.017988470364173614,1.167869797766568,False,True,False,True,True,True,True,False,True
7,1,56,EEG RG 57-Ref,False,0.27378308442071986,0.26221359599771005,0.0903345204179985,0.1543338424608406,0.018333658961966634,1.3069412006510792,False,False,False,True,True,True,True,False,True
7,1,57,EEG RG 58-Ref,False,0.27099571836660613,0.27355120543931055,0.09194170842864426,0.17620652015770077,0.032501619471950786,1.329173828114769,False,False,False,True,True,True,True,False,True
7,1,58,EEG RG 59-Ref,True,0.29939116394179144,0.245065857725217,0.11037289410188011,0.14459569543644357,0.0011988456280161036,1.2537018400311248,False,True,False,True,True,True,True,False,True
7,1,59,EEG RG 60-Ref,False,0.32276509471610054,0.2534101351767632,0.11539408146104403,0.11283934286292616,0.0009445091525937176,1.1534251584904514,True,True,False,True,True,True,True,False,True
7,1,60,EEG RG 61-Ref,False,0.3627257614699147,0.2466006298763997,0.10215051427357462,0.06596183650514835,0.03286062222478537,1.0526716810032213,True,True,True,True,True,True,True,True,True
7,1,61,EEG RG 62-Ref,False,0.38747368556922035,0.26393079727514773,0.0628234801831893,0.09619768566192932,0.04513970886600394,1.168960054016115,False,True,False,True,True,True,True,False,True
7,1,62,EEG RG 63-Ref,False,0.3491986356462264,0.2571405024852764,0.04384662624886219,0.04960898055188197,0.004068934854727313,1.0324586987934434,False,True,False,True,True,True,True,False,True
7,1,63,EEG RG 64-Ref,False,0.4332889233059848,0.34122369187565543,0.06641277340932866,0.10990618726747416,0.04760401939700087,1.1129238051889103,False,True,False,True,True,True,True,False,True
7,2,0,EEG RG 01-Ref,False,0.2753514212394633,0.2178776540393979,0.1691122000367066,0.14292186402123105,0.004419414490435368,1.328543773724559,True,True,True,True,True,True,True,True,True
7,2,1,EEG RG 02-Ref,True,0.2592507452656879,0.24496145476977893,0.1390849629971867,0.1807425686754255,0.0011431429049320848,1.4670872149164416,False,False,False,True,True,True,True,False,True
7,2,2,EEG RG 03-Ref,False,0.2888901157874794,0.23821301485782748,0.21154302815299245,0.18562001229221892,0.013114851244544319,1.6088633541459183,True,True,True,True,True,True,True,True,True
7,2,3,EEG RG 04-Ref,False,0.4082549015694519,0.20918726908344637,0.36733221258694826,0.1579571817956738,0.00955091339856959,1.7890977897999791,True,True,True,True,True,True,True,True,True
7,2,4,EEG RG 05-Ref,False,0.37360638513992744,0.22870484382846648,0.31605578509336885,0.17171322627502705,0.006684547724728112,1.6462363697545566,True,True,True,True,True,True,True,True,True
7,2,5,EEG RG 06-Ref,False,0.347102729529037,0.2656447663044474,0.264130331818925,0.1961039367872695,0.00909020559404764,1.5956432339337965,True,True,True,True,True,True,True,True,True
7,2,6,EEG RG 07-Ref,False,0.34240901216244624,0.29881626445697285,0.2125046136232984,0.20931675212587578,0.030561048701703196,1.4896375602545702,True,True,False,True,True,True,True,False,True
7,2,7,EEG RG 08-Ref,False,0.3093349072180655,0.31149825354274,0.14838293868469407,0.22353998832899924,0.012356866812210088,1.4614816255047947,False,False,False,True,True,True,True,False,True
7,2,8,EEG RG 09-Ref,False,0.2915581078240755,0.20090367042076468,0.22445973363989316,0.13775505865259371,0.039954456546783035,1.3782608585054736,True,True,True,True,True,True,True,True,True
7,2,9,EEG RG 10-Ref,False,0.32709988566848025,0.24143783646384545,0.24739253074306966,0.20051682415646332,0.0006576683588467558,1.7165694611680098,True,True,True,True,True,True,True,True,True
7,2,10,EEG RG 11-Ref,False,0.3641350097899019,0.19561915725327228,0.31721329447276553,0.1500712955636852,0.002440824056936122,1.778863924485057,True,True,True,True,True,True,True,True,True
7,2,11,EEG RG 12-Ref,False,0.47537001433388104,0.19522620203654442,0.4455032259147407,0.15635056525345414,0.02377948824536344,2.0699406933312474,True,True,True,True,True,True,False,False,True
7,2,12,EEG RG 13-Ref,False,0.3978711527752064,0.22550301318995702,0.35402970182255356,0.17964580541451847,0.001406668448443259,1.8261202637247236,True,True,True,True,True,True,True,True,True
7,2,13,EEG RG 14-Ref,True,0.3525461791495386,0.2975544379312476,0.28043132847411,0.25360127251281717,0.040274996015094315,1.9869958819244,True,True,False,True,False,True,True,False,True
7,2,14,EEG RG 15-Ref,True,0.3677418173083672,0.30421732096910303,0.2926518481655729,0.24902673627995006,0.05341516888231606,1.8322035124848288,True,True,True,True,True,True,True,True,True
7,2,15,EEG RG 16-Ref,False,0.33285701156373293,0.3024706931086976,0.21966597495698123,0.22840824175089483,0.017499418795069888,1.6244164951839932,False,False,False,True,True,True,True,False,True
7,2,16,EEG RG 17-Ref,False,0.31921540828505485,0.19011770589477187,0.26770796027686294,0.13980192170176325,0.045099346863927886,1.5532487241240687,True,True,True,True,True,True,True,True,True
7,2,17,EEG RG 18-Ref,False,0.41315708808183943,0.14665337477086043,0.38497836552636944,0.10539928889810175,0.03322998330106429,1.9049305425841006,True,True,True,True,True,True,True,True,True
7,2,18,EEG RG 19-Ref,False,0.4846552121993563,0.12600511490018954,0.45954158203943374,0.08529976233764,0.026957942670303842,1.5626142866145674,True,True,True,True,True,True,True,True,True
7,2,19,EEG RG 20-Ref,True,0.518204117320119,0.1496092521818563,0.4867185083816642,0.11307017458031005,0.03933408648241216,1.7207962094514118,True,True,True,True,True,True,True,True,True
7,2,20,EEG RG 21-Ref,True,0.43025796821019274,0.18310614139500767,0.3898141424154114,0.1447468136104006,0.016178579946650427,1.653230393353602,True,True,True,True,True,True,True,True,True
7,2,21,EEG RG 22-Ref,True,0.2996287655465099,0.2702522091097231,0.20755131826444034,0.23349929049564488,0.007085491662953432,1.7045066130778441,False,False,False,True,True,True,True,False,True
7,2,22,EEG RG 23-Ref,False,0.3288203946272704,0.32278597359391303,0.1986356373359827,0.24874163012117054,0.015490281560989033,1.7013461494738,False,False,False,True,True,True,True,False,True
7,2,23,EEG RG 24-Ref,False,0.3379087034150062,0.3016210501347895,0.17360675347390783,0.2025480948757303,0.026407772879030438,1.5142440190763327,False,True,False,True,True,True,True,False,True
7,2,24,EEG RG 25-Ref,False,0.42330834731526507,0.17198720735608428,0.39810275838561093,0.12608058381293624,0.017155270988516647,2.053593038071049,True,True,True,True,True,True,False,False,True
7,2,25,EEG RG 26-Ref,True,0.5091644975378543,0.1224480971676432,0.48879706710040505,0.08779655549940181,0.005930316069793568,2.129854130594794,True,True,True,True,True,True,False,False,True
7,2,26,EEG RG 27-Ref,True,0.5276359141739854,0.09161200946063035,0.4968481564746358,0.04483445164848624,0.012453275193240188,1.2740648004664328,True,True,True,True,True,True,True,True,True
7,2,27,EEG RG 28-Ref,True,0.4951888933753651,0.1172090045036775,0.45546484925740605,0.06929245916317085,0.024290093395984955,1.3335542910823865,True,True,True,True,True,True,True,True,True
7,2,28,EEG RG 29-Ref,True,0.4188023593298164,0.16913763820989197,0.36034823167287444,0.11746094327236414,0.01722097624101792,1.437706481006993,True,True,True,True,True,True,True,True,True
7,2,29,EEG RG 30-Ref,True,0.32017042388332445,0.2530060467483441,0.21361991332314403,0.19589987610897436,0.033078430346085624,1.5339234353161275,True,True,False,True,True,True,True,False,True
7,2,30,EEG RG 31-Ref,True,0.332234279105383,0.3357914252655394,0.16630081294495735,0.2575472406816827,0.04739707878408476,1.6182385211107406,False,False,False,True,False,True,True,False,True
7,2,31,EEG RG 32-Ref,False,0.36123027564218163,0.3503908853083503,0.13652695395599782,0.2454604222230048,0.05381329145312522,1.5266805414756708,False,False,False,False,True,True,True,False,True
7,2,32,EEG RG 33-Ref,False,0.37604694006152184,0.2796397790685872,0.2970798530628381,0.2362909680126031,0.0585320062700303,1.8690547120037087,True,True,True,True,True,True,True,True,True
7,2,33,EEG RG 34-Ref,True,0.42412617360435145,0.14946949894104367,0.3458255933748355,0.09605889520004815,0.017444699038846413,1.3583670943566362,True,True,True,True,True,True,True,True,True
7,2,34,EEG RG 35-Ref,True,0.4678923926523708,0.11638428828469902,0.4086917423479483,0.04733780662803165,0.0038368497903876796,1.156782254721495,True,True,True,True,True,True,True,True,True
7,2,35,EEG RG 36-Ref,True,0.45608974418065334,0.1242832160757909,0.39419961616024546,0.044453231919771366,0.02081039496846174,1.1714211434771955,True,True,True,True,True,True,True,True,True
7,2,36,EEG RG 37-Ref,True,0.39650179040974265,0.1597388602022719,0.32372954649093255,0.09346080615611481,0.016257536884264866,1.3087711148044965,True,True,True,True,True,True,True,True,True
7,2,37,EEG RG 38-Ref,True,0.3180279102863698,0.19560895406257497,0.2204328762049622,0.1296830902753663,0.04318116166825763,1.3264596822375538,True,True,True,True,True,True,True,True,True
7,2,38,EEG RG 39-Ref,True,0.30363856806038103,0.2581917129559856,0.16536707984172092,0.1931762699774615,0.040260630653539714,1.4343606908852629,False,True,False,True,True,True,True,False,True
7,2,39,EEG RG 40-Ref,False,0.33774556601612815,0.33836832376562276,0.10272097203555443,0.2342347362654191,0.04859102627717966,1.4514819220618207,False,False,False,True,True,True,True,False,True
7,2,40,EEG RG 41-Ref,False,0.3521538687475271,0.2779587245824873,0.2855288152992038,0.21747930044535305,0.02056638880713831,1.8600099127133876,True,True,True,True,True,True,True,True,True
7,2,41,EEG RG 42-Ref,True,0.3341001992332396,0.21081342193089872,0.20318601563143668,0.12511433201665384,0.04661703235061525,1.2658441173156336,True,True,True,True,True,True,True,True,True
7,2,42,EEG RG 43-Ref,True,0.3650181333998463,0.1722542480053541,0.23305170478317017,0.08050009768779463,0.01820315324583033,1.1559742252224217,True,True,True,True,True,True,True,True,True
7,2,43,EEG RG 44-Ref,True,0.3918294352993058,0.15968826614982812,0.2748372240801322,0.0473229819511788,0.04182011423303068,1.0726245059202033,True,True,True,True,True,True,True,True,True
7,2,44,EEG RG 45-Ref,True,0.3705895432230968,0.17923311092356412,0.26531595277768727,0.09754745140802748,0.05937936011071249,1.2498546885521047,True,True,True,True,True,True,True,True,True
7,2,45,EEG RG 46-Ref,True,0.31770920602841485,0.19096170037599633,0.2131905887352668,0.10651467027124147,0.026623769481021173,1.2648540732858364,True,True,True,True,True,True,True,True,True
7,2,46,EEG RG 47-Ref,True,0.2989395153028391,0.21582313110975745,0.17651220975904178,0.11997731548187433,0.005597184066853323,1.3087768242119935,True,True,True,True,True,True,True,True,True
7,2,47,EEG RG 48-Ref,False,0.2623708872114078,0.2558131129180302,0.10299371391791201,0.1532363421965765,0.008597905225579777,1.3572968524139224,False,False,False,True,True,True,True,False,True
7,2,48,EEG RG 49-Ref,True,0.29672590052154973,0.24806194599461426,0.1071781408190596,0.1370227497356633,0.021781809370023324,1.2792281213295627,False,True,False,True,True,True,True,False,True
7,2,49,EEG RG 50-Ref,True,0.31459325204263944,0.26018226141985795,0.13565358898728969,0.16137753296352256,0.008895971120371375,1.3186223073872816,False,True,False,True,True,True,True,False,True
7,2,50,EEG RG 51-Ref,True,0.3269006516013839,0.2168554521514597,0.1453667944666974,0.09346213784522799,0.015904135396548197,1.1460159237521517,True,True,True,True,True,True,True,True,True
7,2,51,EEG RG 52-Ref,True,0.3689968520665684,0.21375640516739794,0.17780450634766484,0.05473051111886074,0.01095759557231872,1.0611558070596503,True,True,True,True,True,True,True,True,True
7,2,52,EEG RG 53-Ref,True,0.3726019974722411,0.1979466112198629,0.19490802080308595,0.05960918657675653,0.03538959567188493,1.0909568426237994,True,True,True,True,True,True,True,True,True
7,2,53,EEG RG 54-Ref,True,0.3401750661681386,0.1921296309112032,0.16697506584036342,0.06541141728553904,0.005237654499814846,1.123407871495348,True,True,True,True,True,True,True,True,True
7,2,54,EEG RG 55-Ref,True,0.29838934345331125,0.24616848250174986,0.13589392657576368,0.11915840776022343,0.0021295380961031253,1.260755974589647,True,True,True,True,True,True,True,True,True
7,2,55,EEG RG 56-Ref,False,0.3215076775525719,0.28123446550984826,0.07041516031409543,0.10150006952363944,0.01716784415246351,1.1699406246227915,False,True,False,True,True,True,True,False,True
7,2,56,EEG RG 57-Ref,False,0.26659177565182496,0.26069153988974264,0.07986769167477001,0.15322632179419338,0.02125219615608659,1.3033998002499403,False,False,False,True,True,True,True,False,True
7,2,57,EEG RG 58-Ref,False,0.26946265992884477,0.26824140441439215,0.08702162589550946,0.17160687874227554,0.03533917596142535,1.3205165897324558,False,False,False,True,True,True,True,False,True
7,2,58,EEG RG 59-Ref,True,0.2836397805697826,0.2513493496721544,0.1042550983630291,0.15321536833484048,0.0004522052423865982,1.272552941107255,False,True,False,True,True,True,True,False,True
7,2,59,EEG RG 60-Ref,False,0.3064521784049481,0.2591590985404962,0.10285836150126627,0.12834011535226247,0.0005390572773748893,1.1902886449625556,False,True,False,True,True,True,True,False,True
7,2,60,EEG RG 61-Ref,False,0.3426183973098343,0.25620006251768596,0.09979496502075605,0.0716198921951564,0.02990571414489702,1.0213166555542392,True,True,True,True,True,True,True,True,True
7,2,61,EEG RG 62-Ref,False,0.3648621191390337,0.2566739756808327,0.06867921014013124,0.07864972477106148,0.04331605098522163,1.107598039610635,False,True,False,True,True,True,True,False,True
7,2,62,EEG RG 63-Ref,False,0.3377143522566574,0.25498650143501206,0.05015476934462987,0.043175599154772266,0.004798315549417955,1.048924209608998,True,True,True,True,True,True,True,True,True
7,2,63,EEG RG 64-Ref,False,0.4226012022035591,0.3444954943869294,0.0660364210524972,0.12388072693105315,0.04498804484375503,1.1312188485161643,False,True,False,True,True,True,True,False,True
